player_name,club,minutes_played,npxg_per90,xa_per90,shots_on_target_per90,progressive_passes_per90,successful_dribbles_per90,pass_completion_percentage,tackles_interceptions_per90,aerial_duels_won_percentage,ball_recoveries_per90,fouls_committed_per90,date_of_birth,country_of_citizenship,transfermarkt_position,preferred_foot,height_in_cm,player_photo_url,market_value_in_eur,stats_vector
Mohamed Salah,Liverpool FC,3377,0.4890435297601421,0.2414569144210838,1.625703286941072,12.552561445069587,1.5457506662718388,73.85,0.7995262066923304,39.13,2.6917382291975125,0.6662718389102753,15/06/1992 00:00,Egypt,Attack,left,175.0,https://img.a.transfermarkt.technology/portrait/header/148455-1727337594.jpg?lm=1,30000000,"[0.514504018613908, 0.4678319062983827, 0.60342944921528, 0.39508412193042564, 0.2460680967180404, 0.551702395964691, 0.11489487710986081, 0.4347777777777778, 0.26717762545932217, 0.13384660941664195]"
Cole Palmer,Chelsea,3195,0.3766197183098591,0.2574647887323943,1.4366197183098592,14.225352112676056,1.4366197183098592,83.13,1.267605633802817,22.22,2.9859154929577465,0.4225352112676056,06/05/2002 00:00,England,Midfield,left,185.0,https://img.a.transfermarkt.technology/portrait/header/568177-1712320986.jpg?lm=1,120000000,"[0.39622722062123744, 0.4990633447116547, 0.5332453051643193, 0.4500910988689325, 0.22869553771225487, 0.7467423287095418, 0.18215962441314554, 0.24688888888888888, 0.3085332504891337, 0.08488262910798121]"
Bruno Fernandes,Manchester United,3024,0.2264880952380952,0.2375,0.863095238095238,19.25595238095238,0.8333333333333333,81.53,3.273809523809524,44.23,6.339285714285714,0.9523809523809524,08/09/1994 00:00,Portugal,Midfield,right,179.0,https://img.a.transfermarkt.technology/portrait/header/240306-1683882766.jpg?lm=1,40000000,"[0.23827947427371696, 0.4601119475677379, 0.320364169973545, 0.6155141361338803, 0.13265835929387332, 0.7131147540983607, 0.47045855379188717, 0.4914444444444444, 0.7799521483561214, 0.1913227513227513]"
Matheus Cunha,Wolverhampton,2600,0.2987307692307692,0.1827692307692307,1.523076923076923,10.419230769230769,2.1115384615384616,79.35,1.9038461538461533,30.95,4.326923076923077,1.4538461538461538,27/05/1999 00:00,Brazil,Attack,right,183.0,https://img.a.transfermarkt.technology/portrait/header/517894-1696599737.jpg?lm=1,45000000,"[0.3142832322681747, 0.35333195821374636, 0.5653365384615385, 0.3249330423240432, 0.3361358734723221, 0.6672971836906263, 0.2735897435897435, 0.3438888888888889, 0.4970529412895905, 0.29206153846153843]"
Bukayo Saka,Arsenal,1735,0.3148703170028818,0.4046109510086455,1.1930835734870318,16.85878962536023,2.126801152737752,84.28,1.659942363112392,33.33,3.631123919308357,0.7780979827089337,05/09/2001 00:00,England,Attack,left,178.0,https://img.a.transfermarkt.technology/portrait/header/433177-1684155052.jpg?lm=1,130000000,"[0.3312630340282262, 0.7861462025295105, 0.442849423631124, 0.5366873713938671, 0.3385655417598104, 0.7709121479613283, 0.23853986551392892, 0.37033333333333335, 0.39923705745627697, 0.15631123919308357]"
Bryan Mbeumo,Brentford,3415,0.1997657393850659,0.2440409956076134,1.0805270863836018,11.095168374816984,1.370424597364568,73.9,1.6603221083455344,31.82,4.111273792093704,0.6588579795021963,07/08/1999 00:00,Cameroon,Attack,left,171.0,https://img.a.transfermarkt.technology/portrait/header/413039-1769532496.jpg?lm=1,40000000,"[0.2101659043427177, 0.47287346090222987, 0.4010706442166912, 0.3471601416272404, 0.21815793434682063, 0.5527532576712906, 0.23859443631039529, 0.35355555555555557, 0.46673682899948726, 0.13235724743777452]"
Amad Diallo,Manchester United,1908,0.2212264150943396,0.1971698113207547,0.8018867924528302,13.915094339622645,1.9339622641509435,85.95,2.311320754716981,40.0,5.1415094339622645,0.9905660377358492,11/07/2002 00:00,Cote d'Ivoire,Attack,left,173.0,https://img.a.transfermarkt.technology/portrait/header/536835-1747857754.jpg?lm=1,50000000,"[0.23274386156465804, 0.38142755890774405, 0.29764478511530407, 0.439888780971164, 0.30786751307823434, 0.8060109289617488, 0.33214535290006986, 0.4444444444444445, 0.6115680044372634, 0.1989937106918239]"
Kevin De Bruyne,Manchester City,1715,0.266064139941691,0.3537026239067055,0.944606413994169,24.82215743440233,0.6822157434402332,82.98,1.259475218658892,23.81,3.3586005830903787,0.8921282798833818,28/06/1991 00:00,Belgium,Midfield,right,181.0,https://img.a.transfermarkt.technology/portrait/header/88755-1713391485.jpg?lm=1,15000000,"[0.27991591929698617, 0.6868238158286382, 0.3506195335276968, 0.7985496581147763, 0.10860194545107762, 0.7435897435897436, 0.18099125364431484, 0.26455555555555554, 0.3609255551992916, 0.17921865889212824]"
Youri Tielemans,Aston Villa,3032,0.0753957783641161,0.1677110817941952,0.3858839050131926,14.010554089709762,0.9201846965699207,85.98,3.176121372031662,57.14,4.304089709762533,1.217018469656992,07/05/1997 00:00,Belgium,Midfield,right,177.0,https://img.a.transfermarkt.technology/portrait/header/249565-1716886438.jpg?lm=1,35000000,"[0.07932101867064276, 0.3239534384186846, 0.1432326022427441, 0.4430278182537615, 0.14648423051315562, 0.8066414459857083, 0.4564204045734388, 0.634888888888889, 0.4938430121523438, 0.24448548812664903]"
Josko Gvardiol,Manchester City,3279,0.1259835315645013,0.079871912168344,0.3293687099725526,19.67978042086002,0.686184812442818,91.38,2.7996340347666973,56.25,3.760292772186643,0.4391582799634035,23/01/2002 00:00,Croatia,Defender,left,185.0,https://img.a.transfermarkt.technology/portrait/header/475959-1713391602.jpg?lm=1,70000000,"[0.13254246161052247, 0.15257880346766015, 0.12225526075022874, 0.6294510259483426, 0.10923378166924612, 0.9201345102984446, 0.40231777981091793, 0.625, 0.41739569615215893, 0.08822201890820372]"
Declan Rice,Arsenal,2833,0.1115072361454288,0.178856336039534,0.4765266501941405,15.947758559830568,0.4447582068478644,89.84,2.4779385810095307,59.38,4.955877162019061,0.6671373102717967,14/01/1999 00:00,England,Midfield,right,188.0,https://img.a.transfermarkt.technology/portrait/header/357662-1687962936.jpg?lm=1,120000000,"[0.11731250412308178, 0.34569788210897623, 0.17687742675608897, 0.506729609324595, 0.07080107280350739, 0.8877679697351828, 0.35608895164136956, 0.6597777777777778, 0.5854717027252042, 0.13402047299682315]"
Omar Marmoush,Manchester City,1190,0.4152100840336135,0.1603361344537815,1.2857142857142858,9.907563025210084,1.512605042016807,84.27,1.4369747899159664,31.25,2.7983193277310927,1.134453781512605,07/02/1999 00:00,Egypt,Attack,right,183.0,https://img.a.transfermarkt.technology/portrait/header/445939-1747656490.jpg?lm=1,65000000,"[0.4368266704378829, 0.3095648813133535, 0.477232142857143, 0.3081076879383713, 0.2407916437603079, 0.7707019756200084, 0.2064985994397759, 0.3472222222222222, 0.2821608634223097, 0.2278991596638655]"
Savinho,Manchester City,1770,0.2547457627118644,0.3101694915254236,1.0677966101694916,20.89830508474576,2.6440677966101696,87.29,1.4745762711864403,33.33,4.016949152542373,0.8644067796610169,10/04/2004 00:00,Brazil,Attack,left,176.0,https://img.a.transfermarkt.technology/portrait/header/743591-1751367497.jpg?lm=1,45000000,"[0.26800828691957784, 0.6018904688731226, 0.3963453389830509, 0.6695202105650117, 0.4209092349120862, 0.834174022698613, 0.21190207156308843, 0.37033333333333335, 0.45347661176007364, 0.17364971751412425]"
Martin Ødegaard,Arsenal,2328,0.1557989690721649,0.2574742268041237,0.6572164948453608,23.65979381443299,0.9664948453608248,86.9,0.9664948453608248,53.33,3.75,0.4639175257731959,17/12/1998 00:00,Norway,Midfield,left,178.0,https://img.a.transfermarkt.technology/portrait/header/316264-1678877651.jpg?lm=1,75000000,"[0.16391014460992448, 0.49908175843419045, 0.24394598367697598, 0.7603272372966955, 0.1538563445418634, 0.8259773013871377, 0.1388888888888889, 0.5925555555555556, 0.4159487317551585, 0.09319587628865979]"
Enzo Fernández,Chelsea,2946,0.1872708757637474,0.190020366598778,0.6109979633401221,15.244399185336048,0.7942973523421588,83.75,2.3828920570264764,31.25,4.765784114052953,1.5885947046843176,17/01/2001 00:00,Argentina,Midfield,right,178.0,https://img.a.transfermarkt.technology/portrait/header/648195-1669894717.jpg?lm=1,85000000,"[0.19702053556878849, 0.3674789584764087, 0.22679056347589954, 0.48360079013548385, 0.12644422026381408, 0.7597730138713745, 0.3424304141208418, 0.3472222222222222, 0.5587483023101819, 0.3191310251188051]"
James Maddison,Tottenham Hotspur,1826,0.2873493975903615,0.2912924424972617,0.8378970427163198,19.616648411829136,1.6265060240963856,86.75,2.1193866374589265,38.46,3.745892661555312,1.5772179627601317,23/11/1996 00:00,England,Midfield,right,175.0,https://img.a.transfermarkt.technology/portrait/header/294057-1687982662.jpg?lm=1,30000000,"[0.30230932587746917, 0.5650612570313731, 0.3110110898138007, 0.6273750333976355, 0.25892354464587325, 0.8228247162673392, 0.30456370938298644, 0.42733333333333334, 0.41537131952955736, 0.3168455640744798]"
Mateo Kovacic,Manchester City,2207,0.0766651563207974,0.131717263253285,0.4893520616221115,26.057997281377435,0.8971454463072044,92.76,3.792478477571364,52.63,4.648844585410059,0.978704123244223,06/05/1994 00:00,Croatia,Midfield,right,177.0,https://img.a.transfermarkt.technology/portrait/header/51471-1682668192.jpg?lm=1,15000000,"[0.08065648273490053, 0.2537293283864955, 0.18163797009515184, 0.8391882241222713, 0.14281661154610015, 0.9491382934005885, 0.5449932034435886, 0.5847777777777778, 0.5423088697180695, 0.1966107838695061]"
James Tarkowski,Everton,2924,0.0403214774281805,0.0723324213406292,0.1231190150478796,4.093707250341997,0.1538987688098495,81.6,3.23187414500684,74.64,3.0164158686730507,1.077291381668947,19/11/1992 00:00,England,Defender,right,185.0,https://img.a.transfermarkt.technology/portrait/header/173504-1655979328.jpg?lm=1,7000000,"[0.04242068632095754, 0.13786922124119108, 0.04569938440492476, 0.11692857824763722, 0.024499149801194116, 0.7145859604875997, 0.46443228454172364, 0.8293333333333334, 0.31282101251814814, 0.21641586867305065]"
Jérémy Doku,Manchester City,1533,0.0774951076320939,0.223091976516634,0.5283757338551859,22.426614481409,6.281800391389432,84.43,2.054794520547945,0.0,3.698630136986301,0.5870841487279843,27/05/2002 00:00,Belgium,Attack,right,173.0,https://img.a.transfermarkt.technology/portrait/header/486049-1743670159.jpg?lm=1,65000000,"[0.08152964280947582, 0.4320018256785511, 0.1961227984344423, 0.7197761579259849, 0.9999999999999999, 0.7740647330811266, 0.29528158295281576, 0.0, 0.4087271240568871, 0.11793868232224394]"
Alexander Isak,Newcastle United,2769,0.562296858071506,0.1170097508125677,1.495124593716143,8.320693391115926,1.3651137594799567,77.05,0.4875406283856988,32.53,1.7876489707475625,0.8775731310942578,21/09/1999 00:00,Sweden,Attack,right,192.0,https://img.a.transfermarkt.technology/portrait/header/349066-1680791339.jpg?lm=1,120000000,"[0.5915710474150575, 0.2250349021265301, 0.5549611773203323, 0.25592608323589383, 0.21731250189852272, 0.6189575451870533, 0.07006139400505597, 0.36144444444444446, 0.14008018805705524, 0.17629469122426866]"
Eberechi Eze,Crystal Palace,2600,0.3094615384615384,0.1619999999999999,1.0038461538461538,8.273076923076923,2.319230769230769,81.51,1.7307692307692308,15.91,5.053846153846154,0.45,29/06/1998 00:00,England,Midfield,right,178.0,https://img.a.transfermarkt.technology/portrait/header/479999-1761083931.jpg?lm=1,65000000,"[0.3255726647134973, 0.31281109085523934, 0.3726081730769231, 0.25436029379789904, 0.3691984184040259, 0.712694409415721, 0.24871794871794872, 0.17677777777777778, 0.5992442453029749, 0.0904]"
Virgil van Dijk,Liverpool FC,3330,0.0605405405405405,0.0264864864864864,0.2162162162162162,10.675675675675675,0.081081081081081,91.68,2.5405405405405403,72.12,3.108108108108108,0.4594594594594595,08/07/1991 00:00,Netherlands,Defender,right,195.0,https://img.a.transfermarkt.technology/portrait/header/139208-1702049837.jpg?lm=1,18000000,"[0.06369239035315205, 0.04842358573389807, 0.08025525525525526, 0.3333658123818751, 0.012907299823187663, 0.9264396805380413, 0.365085085085085, 0.8013333333333335, 0.3257111652911733, 0.0923003003003003]"
Alex Iwobi,Fulham,2994,0.1289579158316633,0.2098196392785571,0.8717434869739479,15.270541082164328,1.4428857715430865,80.01,1.7434869739478958,18.42,4.208416833667335,0.5711422845691383,03/05/1996 00:00,Nigeria,Attack,right,183.0,https://img.a.transfermarkt.technology/portrait/header/242631-1679652866.jpg?lm=1,25000000,"[0.13567169769121945, 0.4061074330196647, 0.32357423179692724, 0.4844604235276402, 0.22969303092165647, 0.6811685582177387, 0.25054553551547537, 0.2046666666666667, 0.4803932589703936, 0.11473613894455577]"
Erling Haaland,Manchester City,2741,0.6202480846406421,0.0663261583363735,1.9700839109813937,4.104341481211237,0.4268515140459686,67.47,0.5253557095950383,52.78,1.1163808828894564,0.7880335643925575,21/07/2000 00:00,Norway,Attack,left,195.0,https://img.a.transfermarkt.technology/portrait/header/418560-1709108116.png?lm=1,200000000,"[0.6525393194378962, 0.12615097374228448, 0.7312568405691355, 0.1172782674846175, 0.06795050581853271, 0.4176124422026062, 0.07549556123069438, 0.5864444444444444, 0.045712897461258215, 0.1583071871579715]"
Heung-min Son,Tottenham Hotspur,2116,0.246266540642722,0.2181947069943289,1.10586011342155,15.056710775047256,1.2334593572778827,84.03,0.9357277882797732,33.33,3.61531190926276,0.2551984877126654,08/07/1992 00:00,"Korea, South",Attack,both,184.0,https://img.a.transfermarkt.technology/portrait/header/91845-1771690023.jpg?lm=1,17000000,"[0.25908762124502493, 0.42244722970255705, 0.41047377126654067, 0.4774289646606603, 0.19635443351059131, 0.7656578394283313, 0.1344675488342785, 0.37033333333333335, 0.3970141951247193, 0.05126654064272211]"
Trent Alexander-Arnold,Liverpool FC,2377,0.0711821623895666,0.2790492217080353,0.3029028186790071,17.79554059739167,0.6436684896928901,77.72,3.899873790492217,18.75,4.997896508203618,0.4164913756836348,07/10/1998 00:00,England,Defender,right,180.0,https://img.a.transfermarkt.technology/portrait/header/314353-1701680958.jpg?lm=1,70000000,"[0.07488803424313226, 0.5411746754264285, 0.11243163651661758, 0.5674908903956717, 0.10246560692618906, 0.6330390920554854, 0.5604263076707333, 0.20833333333333334, 0.5913788088781212, 0.08366848969289019]"
Lewis Hall,Newcastle United,2192,0.0168339416058394,0.1527372262773722,0.0410583941605839,11.701642335766424,0.4516423357664234,85.38,3.12043795620438,49.18,4.8859489051094895,0.3695255474452555,08/09/2004 00:00,England,Defender,left,179.0,https://img.a.transfermarkt.technology/portrait/header/670858-1699385942.jpg?lm=1,32000000,"[0.017710346990101683, 0.2947393755588542, 0.015240077554744512, 0.36710304292969964, 0.07189695750051164, 0.7940311055065152, 0.44841849148418494, 0.5464444444444445, 0.5756411443238669, 0.07423357664233576]"
Alexis Mac Allister,Liverpool FC,2607,0.0976985040276179,0.1947065592635213,0.4833141542002301,15.017261219792866,0.5523590333716917,87.22,4.039125431530495,35.19,5.109321058688147,2.140391254315305,24/12/1998 00:00,Argentina,Midfield,right,176.0,https://img.a.transfermarkt.technology/portrait/header/534033-1669835342.jpg?lm=1,85000000,"[0.10278486448727836, 0.3766217425060314, 0.17939681626390488, 0.4761317307519982, 0.08793005172988613, 0.8327028163093737, 0.5804372842347526, 0.391, 0.6070429423670682, 0.42998082086689676]"
Moisés Caicedo,Chelsea,3356,0.0219904648390941,0.0756257449344457,0.0804529201430274,13.247914183551847,0.7777115613825982,90.15,4.371275327771156,64.29,6.141239570917759,1.877234803337306,02/11/2001 00:00,Ecuador,Midfield,right,178.0,https://img.a.transfermarkt.technology/portrait/header/687626-1660729724.jpg?lm=1,110000000,"[0.023135328130097034, 0.14429451113259048, 0.029862559594755665, 0.4179496560289334, 0.12380392768427032, 0.8942833123160994, 0.6281684545093364, 0.7143333333333334, 0.7521106967801733, 0.37711561382598324]"
Phil Foden,Manchester City,1785,0.2601680672268908,0.2692436974789916,0.8067226890756303,18.302521008403364,0.7058823529411765,88.62,1.1092436974789917,25.0,3.0756302521008405,0.2521008403361344,28/05/2000 00:00,England,Midfield,left,171.0,https://img.a.transfermarkt.technology/portrait/header/406635-1668524492.jpg?lm=1,150000000,"[0.2737128863945933, 0.5220440513277093, 0.2994397759103642, 0.58416210952478, 0.11236943375481036, 0.8621269440941572, 0.15940242763772175, 0.2777777777777778, 0.3211454078371796, 0.050644257703081216]"
Luis Díaz,Liverpool FC,2410,0.4488796680497925,0.1665560165975103,1.120331950207469,14.116182572614107,1.9792531120331949,86.08,1.7178423236514522,26.92,3.921161825726141,1.79253112033195,13/01/1997 00:00,Colombia,Attack,right,180.0,https://img.a.transfermarkt.technology/portrait/header/480692-1757938077.jpg?lm=1,70000000,"[0.47224915376953863, 0.3216999007626518, 0.4158454356846474, 0.4465012376335351, 0.31507736456353974, 0.8087431693989071, 0.24686030428769015, 0.29911111111111116, 0.4400107690236726, 0.3600995850622406]"
Bernardo Silva,Manchester City,2671,0.131411456383377,0.1529764133283414,0.4043429427180831,19.9475851740921,0.943466866342194,88.97,2.661924372894047,31.25,3.605391239236241,0.909771621115687,10/08/1994 00:00,Portugal,Midfield,left,173.0,https://img.a.transfermarkt.technology/portrait/header/241641-1684311533.jpg?lm=1,27000000,"[0.13825297399254996, 0.2952060306253747, 0.1500842381130663, 0.6382573459322637, 0.15019051984450504, 0.8694829760403531, 0.38252839136403344, 0.3472222222222222, 0.39561954108376113, 0.18276301010857354]"
Morgan Gibbs-White,Nottingham Forest,2822,0.2021970233876683,0.1495747696669029,0.7016300496102056,13.171509567682495,0.988660524450744,80.71,2.104890148830617,42.71,4.050318922749823,1.2119064493267186,27/01/2000 00:00,England,Midfield,right,171.0,https://img.a.transfermarkt.technology/portrait/header/429014-1687975822.jpg?lm=1,65000000,"[0.21272376537881843, 0.28856940777026835, 0.2604314316087882, 0.41543721557567903, 0.15738489968670724, 0.6958806221101301, 0.3024805102763997, 0.47455555555555556, 0.45816775507410984, 0.24345854004252301]"
Dean Huijsen,Bournemouth,2422,0.0694880264244426,0.0583402146985962,0.1486374896779521,9.512799339388934,0.074318744838976,84.2,3.2328654004954585,60.71,3.9017341040462425,1.151940545004129,14/04/2005 00:00,Spain,Defender,both,197.0,https://img.a.transfermarkt.technology/portrait/header/890290-1750251451.jpg?lm=1,10000000,"[0.07310569850184936, 0.11057035997404183, 0.055171345995045425, 0.2951265317287932, 0.011830803306142288, 0.7692307692307694, 0.4645747316267547, 0.6745555555555556, 0.4372796076731738, 0.23141205615194055]"
Bruno Guimarães,Newcastle United,3282,0.1181901279707495,0.1478062157221206,0.4113345521023765,14.588665447897622,0.9323583180987204,83.67,3.0712979890310783,50.0,5.155393053016453,1.7824497257769651,16/11/1997 00:00,Brazil,Midfield,right,182.0,https://img.a.transfermarkt.technology/portrait/header/520624-1668522672.jpg?lm=1,75000000,"[0.1243433193590505, 0.28511895066816634, 0.15267938756855576, 0.462038061892453, 0.1484221497035658, 0.7580916351408156, 0.4413568962015031, 0.5555555555555556, 0.6135197723486332, 0.3580743449116392]"
Mikkel Damsgaard,Brentford,2926,0.0870471633629528,0.2150034176349965,0.2153110047846889,13.718386876281611,1.5379357484620642,77.63,3.3834586466165413,30.0,5.50580997949419,0.5536568694463431,03/07/2000 00:00,Denmark,Midfield,right,180.0,https://img.a.transfermarkt.technology/portrait/header/540941-1668183899.jpg?lm=1,10000000,"[0.09157899580257509, 0.4162210090847141, 0.07991925837320572, 0.43342037873221884, 0.244824039708447, 0.6311475409836065, 0.48621553884711777, 0.33333333333333337, 0.6627816045863674, 0.11122351332877646]"
Jarrod Bowen,West Ham United,2979,0.2374622356495468,0.1954682779456193,1.1178247734138973,7.069486404833836,1.3293051359516617,79.14,1.7220543806646524,20.0,3.8972809667673713,0.6042296072507553,20/12/1996 00:00,England,Attack,left,176.0,https://img.a.transfermarkt.technology/portrait/header/314875-1662362005.jpg?lm=1,35000000,"[0.24982494824265872, 0.3781078592536732, 0.4149148204095335, 0.2147821940616455, 0.21161212600352, 0.6628835645229088, 0.2474655924806982, 0.22222222222222224, 0.43665358282965844, 0.12138301443437394]"
Matheus Nunes,Manchester City,1682,0.0652794292508918,0.1776456599286563,0.2140309155766944,19.90487514863258,1.0166468489892984,88.79,2.67538644470868,42.86,3.745541022592152,1.605231866825208,27/08/1998 00:00,Portugal,Defender,right,183.0,https://img.a.transfermarkt.technology/portrait/header/601883-1761076097.jpg?lm=1,38000000,"[0.06867799416317619, 0.34333584729661015, 0.07944411414982165, 0.6368528968096149, 0.1618400435618478, 0.8656998738965953, 0.3844629409433214, 0.4762222222222222, 0.41532188590263314, 0.32247324613555284]"
Antoine Semenyo,Bournemouth,3209,0.2799002804612028,0.1220006232471174,1.1498909317544406,10.741664069803676,1.9351822997818635,78.23,1.8510439389217823,46.53,4.4312870052976,2.047366780928638,07/01/2000 00:00,Ghana,Attack,right,185.0,https://img.a.transfermarkt.technology/portrait/header/583255-1737452028.jpg?lm=1,65000000,"[0.2944723942653536, 0.2347721178265561, 0.42681715487690874, 0.33553573247068214, 0.3080617305883278, 0.6437578814627996, 0.2660018697413524, 0.517, 0.5117244880751117, 0.41129323776877524]"
Pedro Porro,Tottenham Hotspur,2622,0.0549199084668192,0.1592677345537757,0.2745995423340961,12.76887871853547,0.4805491990846682,76.04,3.501144164759725,34.29,5.217391304347826,0.8581235697940504,13/09/1999 00:00,Spain,Defender,right,173.0,https://img.a.transfermarkt.technology/portrait/header/553875-1730812390.jpg?lm=1,40000000,"[0.05777913802876658, 0.3074804280606065, 0.10192601067887111, 0.4021973606059882, 0.07649864197266837, 0.5977301387137455, 0.5031273836765827, 0.381, 0.6222355255709965, 0.17238749046529364]"
Cody Gakpo,Liverpool FC,1945,0.3280719794344473,0.1744473007712082,1.06426735218509,11.568123393316196,1.4344473007712082,83.73,1.850899742930592,39.53,3.562982005141388,0.9254498714652956,07/05/1999 00:00,Netherlands,Attack,right,193.0,https://img.a.transfermarkt.technology/portrait/header/434675-1682690965.jpg?lm=1,70000000,"[0.3451519988341937, 0.337095833469241, 0.3950353470437019, 0.36271249154126894, 0.22834971049660044, 0.7593526691887349, 0.2659811482433591, 0.43922222222222224, 0.38965762424284006, 0.18591259640102825]"
Dwight McNeil,Everton,1376,0.0712936046511627,0.2825581395348837,0.6540697674418604,10.988372093023257,1.569767441860465,82.57,1.2427325581395348,15.0,4.970930232558139,0.3924418604651162,22/11/1999 00:00,England,Attack,left,183.0,https://img.a.transfermarkt.technology/portrait/header/584769-1700651579.jpg?lm=1,20000000,"[0.07500527839001371, 0.5480205906850845, 0.24277797965116282, 0.3436483210967305, 0.24989132797217997, 0.7349726775956282, 0.17858527131782942, 0.16666666666666669, 0.5875878728629099, 0.07883720930232556]"
Murillo,Nottingham Forest,3191,0.0400501410216233,0.0321529301159511,0.16922594797869,6.092134127232843,0.7615167659041053,79.51,2.510184895017236,65.67,4.005014102162331,0.7615167659041053,04/07/2002 00:00,Brazil,Defender,left,180.0,https://img.a.transfermarkt.technology/portrait/header/1005649-1709159139.jpg?lm=1,55000000,"[0.042135223651328914, 0.05947884402705342, 0.06281338138514571, 0.18264356773147847, 0.12122587768753827, 0.6706599411517444, 0.36072286639506945, 0.7296666666666667, 0.4517987748602404, 0.15298025697273582]"
Nathan Collins,Brentford,3420,0.0657894736842105,0.041578947368421,0.1578947368421052,4.473684210526316,0.1578947368421052,86.33,1.947368421052632,62.96,4.2631578947368425,0.7631578947368421,30/04/2001 00:00,Ireland,Defender,right,193.0,https://img.a.transfermarkt.technology/portrait/header/469050-1688381729.jpg?lm=1,25000000,"[0.06921459243029329, 0.07786904822143231, 0.058607456140350865, 0.12942349724185287, 0.025135268076733882, 0.8139974779319041, 0.27984405458089673, 0.6995555555555556, 0.48808879181473225, 0.15330994152046784]"
Casemiro,Manchester United,1513,0.1088565763384005,0.1189689358889623,0.5948446794448117,11.480502313284866,0.1784534038334435,80.21,5.769993390614673,67.24,6.12690019828156,1.1896893588896231,23/02/1992 00:00,Brazil,Midfield,right,185.0,https://img.a.transfermarkt.technology/portrait/header/16306-1699018876.jpg?lm=1,8000000,"[0.11452384618221645, 0.22885728146707668, 0.2207947785855916, 0.35983121606433977, 0.028408002915541943, 0.6853720050441361, 0.8291694205772197, 0.7471111111111111, 0.7500948587431837, 0.23899537343027094]"
Yoane Wissa,Brentford,2927,0.5716091561325589,0.0562692176289716,1.3221728732490603,6.118893064571233,0.4612230953194396,79.4,0.9224461906388792,45.45,2.490604714724974,1.0454390160573963,03/09/1996 00:00,DR Congo,Attack,right,176.0,https://img.a.transfermarkt.technology/portrait/header/388165-1740646948.jpg?lm=1,28000000,"[0.6013681605213124, 0.10652983490642888, 0.4907648616330714, 0.1835234914885723, 0.07342211891222232, 0.6683480453972259, 0.13255893406217967, 0.505, 0.23890214930888126, 0.2100170823368636]"
Justin Kluivert,Bournemouth,2356,0.207427843803056,0.1424872665534804,1.1078098471986415,12.109507640067912,1.3752122241086588,81.03,1.4134125636672326,22.22,2.979626485568761,1.7954159592529713,05/05/1999 00:00,Netherlands,Midfield,both,172.0,https://img.a.transfermarkt.technology/portrait/header/330659-1779893085.jpg?lm=1,32000000,"[0.21822691174635064, 0.27474165570987585, 0.41119747453310695, 0.3805150243701694, 0.21892007679735973, 0.7026061370323666, 0.20311262026032822, 0.24688888888888888, 0.30764913786919795, 0.36067911714770795]"
João Pedro,Brighton & Hove Albion,1953,0.2304147465437788,0.1423963133640553,0.9216589861751152,10.599078341013826,1.336405529953917,74.6,1.152073732718894,47.19,2.71889400921659,1.19815668202765,15/08/1980 00:00,Portugal,Defender,left,174.0,https://img.a.transfermarkt.technology/portrait/header/default.jpg?lm=1,100000,"[0.24241055413374624, 0.27456420560758377, 0.34210189452124945, 0.33084703468727916, 0.2127424379459351, 0.567465321563682, 0.16555726233145585, 0.5243333333333333, 0.27099520211873507, 0.24069636456733232]"
Rúben Dias,Manchester City,2273,0.0593928728552573,0.0471183457985041,0.277166739991201,18.17421909370876,0.0791904971403431,93.76,1.4650241970963485,52.11,3.088429388473383,0.4751429828420589,14/05/1997 00:00,Portugal,Defender,right,187.0,https://img.a.transfermarkt.technology/portrait/header/258004-1684921271.jpg?lm=1,60000000,"[0.06248497301670117, 0.08867644073034768, 0.10287890453145622, 0.5799431115357068, 0.012606337706764899, 0.9701555275325768, 0.21052940313829005, 0.5790000000000001, 0.32294471849009154, 0.0954509458864936]"
Thomas Partey,Arsenal,2809,0.0733713065147739,0.0839444642221431,0.2883588465646137,15.122819508721964,0.7689569241723033,88.64,3.972944108223567,50.0,4.421502313990744,1.4417942328230686,13/06/1993 00:00,Ghana,Midfield,right,185.0,https://img.a.transfermarkt.technology/portrait/header/230784-1668430877.jpg?lm=1,5000000,"[0.07719114916277266, 0.16052437176608206, 0.10703319686721254, 0.47960284191804703, 0.12241027671403334, 0.8625472887767969, 0.5709267829595348, 0.5555555555555556, 0.5103489500082113, 0.2896404414382342]"
Dominik Szoboszlai,Liverpool FC,2496,0.2646634615384615,0.2120192307692307,0.829326923076923,13.882211538461538,0.7572115384615384,85.76,1.6947115384615383,45.24,4.795673076923077,1.5865384615384617,25/10/2000 00:00,Hungary,Midfield,right,187.0,https://img.a.transfermarkt.technology/portrait/header/451276-1758715234.jpg?lm=1,85000000,"[0.2784423190479434, 0.4103988464103103, 0.3078300280448718, 0.4388074839982854, 0.12054052839683681, 0.8020176544766711, 0.24353632478632475, 0.5026666666666667, 0.5629501115363166, 0.31871794871794873]"
Antonee Robinson,Fulham,3167,0.0196084622671297,0.1176507736027786,0.0568361225134196,11.196716135143667,1.079886327754973,80.96,4.4616356173034415,66.67,4.4616356173034415,0.8809598989580044,08/08/1997 00:00,United States,Defender,left,183.0,https://img.a.transfermarkt.technology/portrait/header/349701-1703926612.jpg?lm=1,30000000,"[0.02062931420486335, 0.22628554061885198, 0.02109646353015471, 0.3504993731393574, 0.1719071381566328, 0.7011349306431272, 0.6411535627828648, 0.7407777777777779, 0.51599091506626, 0.1769750552573413]"
Callum Hudson-Odoi,Nottingham Forest,2218,0.1002254283137962,0.1059062218214607,0.6898106402164111,14.729486023444544,1.5013525698827772,88.61,1.4201983769161406,23.08,3.733092876465284,0.4869251577998196,07/11/2000 00:00,England,Attack,right,178.0,https://img.a.transfermarkt.technology/portrait/header/392768-1659969850.png?lm=1,30000000,"[0.10544334501274298, 0.20337186460438275, 0.25604429666366096, 0.46666871550714606, 0.23900036237074743, 0.8619167717528373, 0.20408776675683796, 0.2564444444444444, 0.41357191767953266, 0.09781785392245264]"
Lisandro Martínez,Manchester United,1754,0.0667046750285062,0.0656784492588369,0.3078677309007982,8.055872291904219,0.3078677309007982,90.03,3.694412770809578,55.17,4.156214367160776,1.12884834663626,18/01/1998 00:00,Argentina,Defender,left,175.0,https://img.a.transfermarkt.technology/portrait/header/480762-1680681507.jpg?lm=1,50000000,"[0.07017744080845698, 0.12488729027179969, 0.11427451539338658, 0.24721787581983282, 0.04900947367299312, 0.8917612442202607, 0.5309007981755987, 0.613, 0.4730546033486726, 0.22677309007981752]"
Jacob Murphy,Newcastle United,2379,0.2163934426229508,0.2326607818411097,0.5674653215636822,11.614123581336695,1.3240857503152583,75.47,1.5510718789407314,23.81,3.707440100882724,0.416141235813367,24/02/1995 00:00,England,Attack,right,179.0,https://img.a.transfermarkt.technology/portrait/header/199527-1674210561.jpg?lm=1,15000000,"[0.22765927582318118, 0.45067061007603965, 0.21063209331651958, 0.3642251322623169, 0.21078125184146326, 0.585750315258512, 0.22289477371444583, 0.26455555555555554, 0.4099656343304873, 0.08359815048339637]"
Aaron Wan-Bissaka,West Ham United,3154,0.0339568801521876,0.0793278376664552,0.1426759670259987,10.900443880786304,1.826252377932784,82.77,3.8807863031071657,41.07,4.965123652504756,0.7133798351299937,26/11/1997 00:00,DR Congo,Defender,right,183.0,https://img.a.transfermarkt.technology/portrait/header/477758-1769112496.jpg?lm=1,22000000,"[0.03572473662305732, 0.15151731154390324, 0.05295854470513633, 0.3407569460810611, 0.29072117293571736, 0.7391761244220261, 0.5576833650391038, 0.45633333333333337, 0.5867715801816747, 0.14331008243500315]"
Harry Wilson,Fulham,1163,0.3257953568357695,0.0905417024935511,1.3155631986242475,11.530524505588994,0.6964746345657782,77.94,2.0894239036973343,20.0,4.256233877901978,0.9286328460877042,22/03/1997 00:00,Wales,Attack,left,173.0,https://img.a.transfermarkt.technology/portrait/header/279455-1668070758.jpg?lm=1,20000000,"[0.34275685115386045, 0.17339561480336524, 0.48831147893379195, 0.3614761137982707, 0.11087181877355536, 0.6376628835645228, 0.30025795356835766, 0.22222222222222224, 0.4871154091669279, 0.18655202063628545]"
Nikola Milenković,Nottingham Forest,3330,0.1086486486486486,0.0145945945945945,0.2162162162162162,2.135135135135135,0.027027027027027,82.85,2.108108108108108,71.63,2.2972972972972974,0.5405405405405406,12/10/1997 00:00,Serbia,Defender,right,195.0,https://img.a.transfermarkt.technology/portrait/header/413507-1661166461.jpg?lm=1,30000000,"[0.11430509340163897, 0.025222448467565745, 0.08025525525525526, 0.05252414722116555, 0.0043024332743958876, 0.740857503152585, 0.3029429429429429, 0.7958888888888889, 0.21172687081034997, 0.10858858858858858]"
Marco Asensio,Aston Villa,745,0.346711409395973,0.1401342281879194,1.3288590604026844,14.375838926174495,1.4496644295302012,86.4,1.087248322147651,0.0,3.3825503355704694,1.3288590604026844,21/01/1996 00:00,Spain,Midfield,left,182.0,https://img.a.transfermarkt.technology/portrait/header/296622-1765459707.png?lm=1,15000000,"[0.36476183116257765, 0.27015086674133926, 0.4932466442953021, 0.4550396108614715, 0.2307721256977984, 0.8154686843211434, 0.15624161073825502, 0.0, 0.3642924264879262, 0.2669530201342281]"
Marc Guéhi,Crystal Palace,3060,0.058235294117647,0.0591176470588235,0.2058823529411764,5.941176470588236,0.3529411764705882,84.15,2.617647058823529,53.91,4.294117647058823,0.7058823529411765,13/07/2000 00:00,England,Defender,right,182.0,https://img.a.transfermarkt.technology/portrait/header/392757-1683030598.jpg?lm=1,55000000,"[0.06126712864065018, 0.11208713418195573, 0.07641952614379084, 0.17767957283448257, 0.056184716877405165, 0.76817990752417, 0.37616557734204786, 0.599, 0.49244113329645617, 0.14180392156862745]"
Daniel Muñoz,Crystal Palace,3233,0.1372409526755335,0.0993813795236622,0.5010825858335911,6.959480358799876,0.5845963501391895,75.11,4.648932879678317,42.34,4.760284565419116,1.5589236003711722,26/05/1996 00:00,Colombia,Defender,right,181.0,https://img.a.transfermarkt.technology/portrait/header/493003-1718642628.jpg?lm=1,27000000,"[0.14438596438356982, 0.19064186645365871, 0.18599211258892673, 0.21116482569962286, 0.09306191119038189, 0.5781841109709962, 0.6680688730796989, 0.4704444444444445, 0.5579751722992932, 0.313170429941231]"
Dango Ouattara,Bournemouth,2012,0.3739562624254473,0.1471669980119284,0.8946322067594434,6.79920477137177,1.7445328031809146,65.86,2.05765407554672,41.82,4.11530815109344,0.7157057654075547,11/02/2002 00:00,Burkina Faso,Attack,left,177.0,https://img.a.transfermarkt.technology/portrait/header/823231-1737452292.jpg?lm=1,35000000,"[0.39342510041610385, 0.28387183389548937, 0.33207007952286294, 0.2058944259346132, 0.27771223128518613, 0.3837746952501051, 0.29569251159708415, 0.4646666666666667, 0.46730398172875015, 0.14377733598409542]"
Christian Nørgaard,Brentford,2829,0.1387062566277837,0.0435843054082714,0.5090137857900318,9.06680805938494,0.2226935312831389,82.71,4.072110286320254,61.9,6.1399787910922585,1.3997879109225877,10/03/1994 00:00,Denmark,Midfield,right,187.0,https://img.a.transfermarkt.technology/portrait/header/148367-1699799827.jpg?lm=1,18000000,"[0.14592755470436056, 0.08178151123183311, 0.18893601979498056, 0.2804608401219303, 0.03545059018245607, 0.7379150903741065, 0.5851773300341698, 0.6877777777777778, 0.75193345555819, 0.2812018381053376]"
İlkay Gündoğan,Manchester City,2242,0.1296610169491525,0.1782337198929527,0.2809991079393398,20.63336306868867,0.6824264049955396,92.35,1.5254237288135593,56.0,4.656556645851918,0.6021409455842998,24/10/1990 00:00,Germany,Midfield,right,180.0,https://img.a.transfermarkt.technology/portrait/header/53622-1756980813.png?lm=1,3500000,"[0.13641140352194078, 0.344483155065341, 0.10430140499553969, 0.6608080269968507, 0.10863548067062953, 0.9405212274064731, 0.21920903954802257, 0.6222222222222222, 0.543393036032502, 0.12096342551293487]"
Leandro Trossard,Arsenal,2558,0.2536747458952306,0.1446051602814699,0.7740422204847538,11.716184519155592,1.3369820172009383,80.54,1.4073494917904614,20.0,3.6591086786552,0.9499609069585614,04/12/1994 00:00,Belgium,Attack,right,172.0,https://img.a.transfermarkt.technology/portrait/header/144028-1702412939.jpg?lm=1,20000000,"[0.2668815110343485, 0.2788736763795299, 0.28730942142298677, 0.3675812387744123, 0.21283420896874752, 0.6923076923076925, 0.20224133437581446, 0.22222222222222224, 0.4031711725517277, 0.19083659108678652]"
Brennan Johnson,Tottenham Hotspur,2186,0.4281793229643184,0.0844007319304666,0.8234217749313816,8.522415370539798,0.7822506861848125,75.83,1.7703568161024703,25.93,2.593778591033852,1.111619396157365,23/05/2001 00:00,Wales,Attack,right,186.0,https://img.a.transfermarkt.technology/portrait/header/470607-1692959021.jpg?lm=1,48000000,"[0.45047111135602436, 0.161414552220735, 0.3056381518755719, 0.2625593796100516, 0.12452651110294057, 0.5933165195460277, 0.25440683135102166, 0.2881111111111111, 0.2534063978254482, 0.22331198536139063]"
Evanilson,Bournemouth,2335,0.4501927194860814,0.0686081370449678,1.2334047109207709,4.316916488222699,0.2698072805139186,71.55,0.6552462526766596,40.0,2.582441113490364,1.4261241970021414,06/10/1999 00:00,Brazil,Attack,both,183.0,https://img.a.transfermarkt.technology/portrait/header/711337-1737452098.jpg?lm=1,40000000,"[0.4736305650335804, 0.1306031249843457, 0.4578158458244112, 0.1242684478669086, 0.042950629390221935, 0.5033627574611181, 0.09416131334760885, 0.4444444444444445, 0.2518125680913647, 0.28649250535331905]"
Ibrahima Konaté,Liverpool FC,2565,0.0621052631578947,0.0326315789473684,0.1403508771929824,7.684210526315789,0.1052631578947368,90.3,2.0,70.75,3.43859649122807,0.9473684210526316,25/05/1999 00:00,France,Defender,right,194.0,https://img.a.transfermarkt.technology/portrait/header/357119-1669190550.jpg?lm=1,45000000,"[0.06533857525419687, 0.0604126901586058, 0.052095516569200764, 0.23499638835906164, 0.016756845384489256, 0.8974358974358974, 0.2874074074074074, 0.7861111111111111, 0.37217143035148553, 0.1903157894736842]"
Ryan Christie,Bournemouth,2131,0.0895354293758798,0.1262787423744721,0.5068043172219615,11.487564523697795,0.9713749413420928,82.08,3.5476302205537307,43.14,7.686532144533083,1.816048803378696,22/02/1995 00:00,Scotland,Midfield,left,178.0,https://img.a.transfermarkt.technology/portrait/header/188077-1697450633.jpg?lm=1,9000000,"[0.09419680543530706, 0.2431187484567213, 0.18811590802440173, 0.3600634452684127, 0.15463320717314935, 0.7246742328709541, 0.5098076020647583, 0.47933333333333333, 0.9693489000965048, 0.36482402627874244]"
Jan Paul van Hecke,Brighton & Hove Albion,2960,0.0407432432432432,0.0437837837837837,0.152027027027027,10.094594594594597,0.152027027027027,88.48,2.097972972972973,61.94,3.983108108108108,0.7601351351351352,08/06/2000 00:00,Netherlands,Defender,right,189.0,https://img.a.transfermarkt.technology/portrait/header/576314-1742501220.jpg?lm=1,35000000,"[0.04286441002561459, 0.08217069448492688, 0.05642947635135135, 0.3142579142775864, 0.024201187168476884, 0.859184531315679, 0.30148648648648646, 0.6882222222222222, 0.44871921641839524, 0.1527027027027027]"
Cristian Romero,Tottenham Hotspur,1420,0.1007746478873239,0.0519718309859154,0.5070422535211268,9.190140845070422,0.0633802816901408,89.68,3.549295774647887,60.87,5.704225352112676,0.8873239436619718,27/04/1998 00:00,Argentina,Defender,right,185.0,https://img.a.transfermarkt.technology/portrait/header/355915-1665609429.jpg?lm=1,60000000,"[0.10602115794857717, 0.09814561326209742, 0.1882042253521127, 0.28451643645525415, 0.010089509016717119, 0.8844052122740649, 0.5100469483568074, 0.6763333333333333, 0.6906749626429177, 0.17825352112676052]"
Ismaïla Sarr,Crystal Palace,2719,0.354836336888562,0.2230967267377712,0.9599117322545052,7.116586980507539,0.5627068775285031,70.0,1.0261125413755057,41.57,3.7403457153365207,0.4634056638470025,25/02/1998 00:00,Senegal,Attack,right,185.0,https://img.a.transfermarkt.technology/portrait/header/410225-1765811669.jpg?lm=1,35000000,"[0.37330975704544117, 0.432011093382433, 0.356300570062523, 0.2163310192255143, 0.08957732536357169, 0.4707860445565364, 0.14745617261248006, 0.4618888888888889, 0.41459152633632196, 0.09309304891504226]"
Sandro Tonali,Newcastle United,2631,0.1505131128848346,0.094412770809578,0.4104903078677309,11.562143671607751,0.6841505131128848,85.92,2.9076396807297606,48.0,6.05473204104903,1.2656784492588369,08/05/2000 00:00,Italy,Midfield,right,181.0,https://img.a.transfermarkt.technology/portrait/header/397033-1688389270.jpg?lm=1,75000000,"[0.1583490972088261, 0.18094808737744958, 0.15236602052451542, 0.3625158582024509, 0.10890994149554023, 0.805380411937789, 0.4178385911567211, 0.5333333333333333, 0.7399494137436221, 0.25426073736221966]"
Emmanuel Agbadou,Wolverhampton,1411,0.0542168674698795,0.0204110559886605,0.1275690999291283,3.890857547838413,0.6378454996456414,85.84,2.678951098511694,56.52,5.294117647058823,0.446491849751949,17/06/1997 00:00,Cote d'Ivoire,Defender,right,192.0,https://img.a.transfermarkt.technology/portrait/header/683895-1770396716.jpg?lm=1,9000000,"[0.057039495448579065, 0.03657039212824249, 0.047351169383416034, 0.11025819855000094, 0.10153864495916598, 0.80369903320723, 0.38497519489723603, 0.6280000000000001, 0.6330217631561383, 0.08969525159461375]"
Milos Kerkez,Bournemouth,3342,0.0158886894075403,0.0694793536804308,0.1346499102333931,9.29084380610413,0.59245960502693,80.44,2.612208258527828,36.36,4.551166965888689,0.8078994614003591,07/11/2003 00:00,Hungary,Defender,left,180.0,https://img.a.transfermarkt.technology/portrait/header/730861-1773172293.jpg?lm=1,40000000,"[0.016715883256235197, 0.13230287275634411, 0.04997942848593654, 0.287827888128491, 0.0943136629809225, 0.6902059688944935, 0.3753840015958508, 0.404, 0.528577288442561, 0.1622980251346499]"
Reiss Nelson,Fulham,488,0.2028688524590164,0.1788934426229508,1.1065573770491803,20.28688524590164,2.3975409836065573,91.36,2.581967213114754,0.0,5.348360655737705,1.290983606557377,10/12/1999 00:00,England,Attack,right,175.0,https://img.a.transfermarkt.technology/portrait/header/340325-1667418642.jpg?lm=1,15000000,"[0.21343057108423238, 0.3457702772285387, 0.4107325819672132, 0.6494146721815585, 0.38166462387007816, 0.919714165615805, 0.3710382513661202, 0.0, 0.6406472794816996, 0.25934426229508195]"
Marc Cucurella,Chelsea,2990,0.0842809364548494,0.0719397993311036,0.3612040133779264,10.414715719063546,0.1204013377926421,88.73,2.859531772575251,35.96,3.9130434782608696,1.1137123745819395,22/07/1998 00:00,Spain,Defender,left,173.0,https://img.a.transfermarkt.technology/portrait/header/284857-1765185117.jpg?lm=1,50000000,"[0.08866875412876095, 0.13710321384559768, 0.13407190635451507, 0.32478457230610613, 0.01916669271403119, 0.864438839848676, 0.4109253065774805, 0.39955555555555555, 0.438869486623585, 0.2237324414715718]"
Marcus Tavernier,Bournemouth,1938,0.2544891640866873,0.1695046439628482,0.7894736842105262,14.999999999999998,1.3003095975232195,80.3,2.2291021671826625,44.07,5.526315789473684,1.5789473684210524,22/03/1999 00:00,England,Midfield,left,178.0,https://img.a.transfermarkt.technology/portrait/header/399434-1700650360.jpg?lm=1,20000000,"[0.2677383293068288, 0.32745268668371397, 0.2930372807017544, 0.47556412385565217, 0.20699632533780848, 0.687263556116015, 0.3203302373581011, 0.4896666666666667, 0.6656643242690676, 0.31719298245614025]"
Anthony Gordon,Newcastle United,2444,0.2382569558101472,0.1881751227495908,0.6996726677577741,12.189034369885434,1.3993453355155483,80.96,1.4361702127659577,50.0,3.572013093289689,0.7364975450081833,24/02/2001 00:00,England,Attack,right,183.0,https://img.a.transfermarkt.technology/portrait/header/503733-1761080304.jpg?lm=1,60000000,"[0.2506610429692426, 0.3638788790084784, 0.2597048895253683, 0.3831301304188698, 0.2227618275540328, 0.7011349306431272, 0.20638297872340428, 0.5555555555555556, 0.39092722030304644, 0.14795417348608836]"
Ederson,Manchester City,2321,0.0,0.007367514002585,0.0,1.008186126669539,0.0,86.26,0.0387763894872899,80.0,6.359327875915554,0.0387763894872899,13/01/1986 00:00,Brazil,Midfield,right,181.0,https://img.a.transfermarkt.technology/portrait/header/29035-1418655545.jpg?lm=1,700000,"[0.0, 0.011122380086992642, 0.0, 0.015466277805717833, 0.0, 0.8125262715426651, 0.0055723107855809185, 0.888888888888889, 0.7827696880617937, 0.007789745799224458]"
Trevoh Chalobah,Chelsea,1981,0.0913175164058556,0.0290762241292276,0.3180212014134275,5.542655224634022,0.3634528016153457,86.29,2.725896012115093,59.21,3.861686017163049,0.8632004038364461,05/07/1999 00:00,England,Defender,right,192.0,https://img.a.transfermarkt.technology/portrait/header/346314-1773301391.jpg?lm=1,35000000,"[0.09607167113262438, 0.053476176110538926, 0.11804328621908126, 0.16457485542409972, 0.05785806281166407, 0.8131567885666247, 0.3917213528520948, 0.657888888888889, 0.4316496223944592, 0.17340737001514384]"
Raúl Jiménez,Fulham,2505,0.3467065868263473,0.0747305389221557,1.18562874251497,6.359281437125749,0.7544910179640719,73.01,1.6167664670658684,47.67,2.874251497005988,1.401197604790419,05/05/1991 00:00,Mexico,Attack,right,187.0,https://img.a.transfermarkt.technology/portrait/header/206040-1742820547.jpg?lm=1,4000000,"[0.3647567575212728, 0.14254795997306074, 0.44008233532934143, 0.19142826876970803, 0.1201074486540937, 0.534047919293821, 0.23233532934131737, 0.5296666666666667, 0.29283545560558655, 0.2814850299401197]"
Carlos Alcaraz,Everton,770,0.2092207792207792,0.0794805194805194,1.4025974025974026,10.753246753246753,1.051948051948052,83.39,1.9870129870129871,62.5,4.558441558441559,1.6363636363636365,30/11/2002 00:00,Argentina,Midfield,right,176.0,https://img.a.transfermarkt.technology/portrait/header/748319-1694617058.jpg?lm=1,15000000,"[0.22011319061806217, 0.15181519448451353, 0.5206168831168833, 0.33591661001464346, 0.16745964316057776, 0.7522068095838588, 0.28554112554112554, 0.6944444444444444, 0.529599955245616, 0.3287272727272727]"
Rayan Aït-Nouri,Wolverhampton,3128,0.0773976982097186,0.1150895140664961,0.3740409207161125,9.494884910485936,1.8126598465473147,86.71,3.308823529411765,42.31,4.171994884910486,0.8631713554987213,06/06/2001 00:00,Algeria,Defender,left,180.0,https://img.a.transfermarkt.technology/portrait/header/578391-1761076429.jpg?lm=1,40000000,"[0.08142716207675346, 0.22128851116246168, 0.13883671675191817, 0.29453744512243163, 0.28855737744102117, 0.8219840269020595, 0.47549019607843135, 0.47011111111111115, 0.47527303847343866, 0.1734015345268542]"
Ryan Gravenberch,Liverpool FC,3168,0.0318181818181818,0.1002840909090908,0.1420454545454545,12.613636363636363,1.0511363636363635,89.5,3.664772727272727,65.0,5.482954545454545,1.3352272727272727,16/05/2002 00:00,Netherlands,Midfield,right,190.0,https://img.a.transfermarkt.technology/portrait/header/478573-1718097194.jpg?lm=1,90000000,"[0.03347469379356003, 0.19240306063164225, 0.052724510732323225, 0.3970924704358193, 0.16733043047295384, 0.8806221101303069, 0.5266414141414141, 0.7222222222222222, 0.6595685732733577, 0.2682323232323232]"
Anthony Elanga,Nottingham Forest,2507,0.1604706820901476,0.1834463502193857,0.86158755484643,8.974870362983646,0.8974870362983646,77.69,0.8974870362983646,39.34,3.195053849222178,0.3230953330674113,27/04/2002 00:00,Sweden,Attack,right,178.0,https://img.a.transfermarkt.technology/portrait/header/583189-1700739021.jpg?lm=1,50000000,"[0.1688250754397872, 0.3546530214601639, 0.3198045472676506, 0.2774376197969619, 0.14287098926743438, 0.6324085750315258, 0.12897221114213533, 0.4371111111111112, 0.33793405234060614, 0.06490626246509773]"
Harvey Barnes,Newcastle United,1766,0.3684597961494903,0.2323895809739524,1.0702151755379388,11.568516421291053,1.2231030577576445,82.12,1.1211778029445072,31.82,2.802944507361268,0.7644394110985276,09/12/1997 00:00,England,Attack,right,182.0,https://img.a.transfermarkt.technology/portrait/header/398065-1761079974.jpg?lm=1,32000000,"[0.38764247818502623, 0.45014149590288144, 0.3972430634201586, 0.36272541562147087, 0.19470581386733843, 0.7255149222362338, 0.16111740279350695, 0.35355555555555557, 0.282811074087934, 0.15356738391845975]"
Iliman Ndiaye,Everton,2440,0.1726229508196721,0.0497950819672131,0.6639344262295082,8.077868852459016,2.508196721311476,84.95,2.692622950819672,29.63,6.344262295081967,0.8852459016393442,06/03/2000 00:00,Senegal,Attack,right,180.0,https://img.a.transfermarkt.technology/portrait/header/623570-1765811829.jpg?lm=1,45000000,"[0.18161001321349227, 0.09389876564219093, 0.2464395491803279, 0.24794119662894246, 0.39927991420254344, 0.7849936948297604, 0.3869398907103825, 0.32922222222222225, 0.7806517592190062, 0.17783606557377046]"
William Saliba,Arsenal,3041,0.0674778033541598,0.0381782308451167,0.0887865833607366,7.931601446892469,0.3551463334429464,94.58,2.4564288063137125,62.0,4.557711279184479,0.8286747780335415,24/03/2001 00:00,France,Defender,right,192.0,https://img.a.transfermarkt.technology/portrait/header/495666-1718697201.jpg?lm=1,90000000,"[0.0709908195901947, 0.07123423421720619, 0.03295585333771786, 0.24313143294442444, 0.056535755884531344, 0.9873896595208069, 0.3529979173517483, 0.6888888888888889, 0.5294972921276823, 0.16647155540940475]"
Maxence Lacroix,Crystal Palace,3118,0.0998717126363053,0.0303078896728672,0.1731879409878127,2.742142398973701,0.2309172546504169,81.95,3.521488133418858,54.95,3.752405388069275,0.981398332264272,06/04/2000 00:00,France,Defender,right,190.0,https://img.a.transfermarkt.technology/portrait/header/434224-1657202248.jpg?lm=1,35000000,"[0.10507121425864617, 0.05587916140539162, 0.0642839961513791, 0.07248458531426541, 0.03675972496148382, 0.7219419924337958, 0.5060508873209322, 0.6105555555555556, 0.4162868827249941, 0.19715202052597816]"
Joachim Andersen,Fulham,2663,0.0361622230567029,0.0185880585805482,0.2027788208787082,8.888471648516711,0.1351858805858055,82.96,2.095381149079985,65.52,4.359744648892227,0.6759294029290274,31/05/1996 00:00,Denmark,Defender,right,192.0,https://img.a.transfermarkt.technology/portrait/header/260827-1668183482.jpg?lm=1,25000000,"[0.03804489365969432, 0.03301371557195633, 0.07526755538865941, 0.2745965398063618, 0.02152024454185253, 0.7431693989071038, 0.3011140317937163, 0.728, 0.5016670185499986, 0.13578670672174237]"
Kenny Tete,Fulham,1779,0.0688026981450253,0.0338954468802698,0.1011804384485666,9.662731871838112,0.4553119730185497,82.92,4.451939291736931,54.17,3.7436762225969646,1.7706576728499157,09/10/1995 00:00,Netherlands,Defender,right,180.0,https://img.a.transfermarkt.technology/portrait/header/206746-1746645948.jpg?lm=1,11000000,"[0.07238469079522887, 0.06287850246705388, 0.03755621135469365, 0.30005681709830967, 0.07248112716899655, 0.7423287095418243, 0.6397601648866404, 0.6018888888888889, 0.4150597311447473, 0.35570545250140523]"
Kai Havertz,Arsenal,1874,0.4591248665955176,0.0802027748132337,1.0085378868729988,9.845250800426896,0.4322305229455709,79.84,1.0565635005336178,44.83,1.969050160085379,1.8249733191035216,11/06/1999 00:00,Germany,Attack,left,193.0,https://img.a.transfermarkt.technology/portrait/header/309400-1683903902.jpg?lm=1,55000000,"[0.48302773584352754, 0.15322431805105638, 0.37434965314834584, 0.30605865264781684, 0.06880679041283076, 0.6775956284153006, 0.151832088224831, 0.4981111111111111, 0.1655816815114609, 0.3666168623265741]"
Noni Madueke,Chelsea,2060,0.4211650485436893,0.1376213592233009,1.3980582524271843,9.87378640776699,1.966019417475728,83.64,1.529126213592233,36.67,3.66990291262136,0.9611650485436892,10/03/2002 00:00,England,Attack,left,182.0,https://img.a.transfermarkt.technology/portrait/header/503987-1683102348.jpg?lm=1,50000000,"[0.4430916611487096, 0.26524824751889486, 0.5189320388349515, 0.3069969992833399, 0.312970692314672, 0.7574611181168558, 0.21974110032362457, 0.4074444444444445, 0.40468863276154327, 0.19308737864077666]"
Elliot Anderson,Nottingham Forest,2742,0.0692560175054704,0.1191466083150984,0.2297592997811816,11.291028446389497,1.1816192560175056,82.31,4.037199124726477,65.52,6.794310722100657,1.6083150984682717,06/11/2002 00:00,England,Midfield,right,179.0,https://img.a.transfermarkt.technology/portrait/header/567576-1696453772.jpg?lm=1,60000000,"[0.0728616107797932, 0.2292039212099116, 0.08528218453683444, 0.35360067877800005, 0.18810200617599546, 0.7295081967213115, 0.5801604668125456, 0.728, 0.8439198505566528, 0.32309263311451497]"
Neco Williams,Nottingham Forest,2599,0.079646017699115,0.0529819161215852,0.2424009234320892,7.964601769911504,0.6233166602539438,81.41,4.1900731050404,57.14,3.809157368218546,0.8310888803385919,13/04/2001 00:00,Wales,Defender,right,183.0,https://img.a.transfermarkt.technology/portrait/header/503680-1705499825.jpg?lm=1,17000000,"[0.08379253313685064, 0.10011629413410697, 0.08997450942670257, 0.24421659443080976, 0.09922579856378982, 0.710592686002522, 0.6021290239835834, 0.634888888888889, 0.42426511184016286, 0.16695652173913042]"
Chris Wood,Nottingham Forest,2976,0.3329637096774193,0.0459677419354838,1.0584677419354838,3.235887096774193,0.1209677419354838,64.88,0.3326612903225806,39.17,1.5120967741935485,0.7560483870967741,07/12/1991 00:00,New Zealand,Attack,right,191.0,https://img.a.transfermarkt.technology/portrait/header/108725-1740646786.jpg?lm=1,8000000,"[0.3502984013828966, 0.08643160715737283, 0.39288264448924737, 0.08872056972723623, 0.01925685860717515, 0.36317780580075665, 0.04780465949820788, 0.43522222222222223, 0.10134288670627302, 0.1518817204301075]"
Mikel Merino,Arsenal,1597,0.3330619912335629,0.0664996869129618,0.8453350031308704,10.200375704445836,0.5072010018785222,79.93,3.437695679398873,51.28,4.846587351283657,2.310582341891046,22/06/1996 00:00,Spain,Midfield,left,189.0,https://img.a.transfermarkt.technology/portrait/header/338424-1716803831.jpg?lm=1,30000000,"[0.3504017996542454, 0.12648952881507333, 0.31377191609267385, 0.31773635254412846, 0.08074134328969623, 0.6794871794871795, 0.494009601335838, 0.5697777777777778, 0.5701076722947755, 0.46417031934877895]"
Tomáš Souček,West Ham United,2570,0.2398832684824902,0.044124513618677,0.6303501945525292,6.023346303501945,0.2101167315175097,74.82,2.311284046692607,57.39,2.206225680933852,1.6459143968871597,27/02/1995 00:00,Czech Republic,Midfield,right,192.0,https://img.a.transfermarkt.technology/portrait/header/283628-1704184173.jpg?lm=1,12000000,"[0.2523720244147053, 0.08283546000263935, 0.23397373540856034, 0.18038159299256531, 0.033448489035964944, 0.5720891130727195, 0.3321400778210116, 0.6376666666666667, 0.19892396561963743, 0.3306459143968872]"
Jarrad Branthwaite,Everton,2525,0.0427722772277227,0.0213861386138613,0.1069306930693069,4.277227722772277,0.1069306930693069,82.85,2.2455445544554453,59.05,3.3148514851485147,0.4277227722772277,27/06/2002 00:00,England,Defender,left,195.0,https://img.a.transfermarkt.technology/portrait/header/661053-1687975679.jpg?lm=1,45000000,"[0.04499907918161162, 0.03847278293695176, 0.039690594059405934, 0.12296334792336758, 0.017022300360877207, 0.740857503152585, 0.32269306930693065, 0.6561111111111111, 0.35477527945483145, 0.08592475247524752]"
Pedro Neto,Chelsea,2281,0.138097325734327,0.1882069267864971,0.6707584392810171,12.428759316089437,1.3415168785620342,88.65,1.2626041209995615,27.91,3.19596668128014,0.8285839544059623,09/03/2000 00:00,Portugal,Attack,left,174.0,https://img.a.transfermarkt.technology/portrait/header/487465-1763106447.jpg?lm=1,60000000,"[0.14528692176950653, 0.36394092883474605, 0.24897249013590533, 0.3910130920128011, 0.2135561136900933, 0.862757461118117, 0.18144088849919623, 0.3101111111111111, 0.33806237884627055, 0.1664533099517755]"
Jack Grealish,Manchester City,735,0.1383673469387755,0.2069387755102041,0.6122448979591837,25.83673469387756,1.5918367346938778,91.02,1.3469387755102042,12.5,3.1836734693877555,0.6122448979591837,10/09/1995 00:00,England,Attack,right,180.0,https://img.a.transfermarkt.technology/portrait/header/203460-1676499047.jpg?lm=1,25000000,"[0.1455710007652308, 0.40048685419648067, 0.22725340136054425, 0.8319123669073486, 0.25340453938584784, 0.9125683060109289, 0.19356009070294786, 0.1388888888888889, 0.33633419137544057, 0.12299319727891156]"
Kevin Schade,Brentford,2309,0.3196188826331745,0.0686011260285838,1.0524036379385016,6.35339974014725,1.1693373754872238,64.29,1.715028150714595,52.94,3.2351667388479863,0.8185361628410568,27/11/2001 00:00,Germany,Attack,right,185.0,https://img.a.transfermarkt.technology/portrait/header/473050-1700560328.jpg?lm=1,22000000,"[0.3362588185561102, 0.1305894464582558, 0.39063176699870084, 0.19123485881332744, 0.1861468532317668, 0.3507776376628837, 0.24645589721380104, 0.5882222222222222, 0.34357314762969415, 0.1644348202685145]"
Pervis Estupiñán,Brighton & Hove Albion,2403,0.0438202247191011,0.0932584269662921,0.3370786516853932,10.93632958801498,0.7116104868913858,88.3,3.820224719101124,63.01,5.5056179775280905,1.348314606741573,21/01/1998 00:00,Ecuador,Defender,left,175.0,https://img.a.transfermarkt.technology/portrait/header/349599-1668498118.jpg?lm=1,14000000,"[0.046101584710874007, 0.1786959570853064, 0.12511704119850187, 0.3419369886937893, 0.11328129557679072, 0.855401429171921, 0.5489804411152726, 0.7001111111111111, 0.6627546128290388, 0.27086142322097373]"
Lewis Cook,Bournemouth,2978,0.028408327736736,0.1133310946944257,0.1208865010073875,10.06380120886501,0.3928811282740094,81.93,3.6870382807253193,54.67,5.651443922095366,1.480859637340497,03/02/1997 00:00,England,Midfield,right,175.0,https://img.a.transfermarkt.technology/portrait/header/249089-1700671190.jpg?lm=1,13000000,"[0.02988731655405057, 0.21785782665960307, 0.044870718603089325, 0.31324532430354657, 0.06254275904922704, 0.7215216477511561, 0.5298410566375643, 0.6074444444444445, 0.6832549159661895, 0.29748824714573535]"
Tyrone Mings,Aston Villa,1121,0.0658340767172167,0.0200713648528099,0.0802854594112399,5.379125780553077,0.1605709188224799,88.3,1.1239964317573594,54.9,3.0508474576271185,0.3211418376449598,13/03/1993 00:00,England,Defender,left,196.0,https://img.a.transfermarkt.technology/portrait/header/253677-1746644991.jpg?lm=1,4000000,"[0.06926151757770362, 0.035907653117269844, 0.02980040142729704, 0.1591974579209212, 0.025561289569559886, 0.855401429171921, 0.1615224501932798, 0.61, 0.3176614269803807, 0.06451382694023192]"
Mario Lemina,Wolverhampton,1363,0.0924431401320616,0.0759354365370506,0.3301540719002201,5.150403521643434,0.6603081438004402,81.32,5.150403521643434,60.98,4.820249449743214,1.1225238444607484,01/09/1993 00:00,Gabon,Midfield,right,184.0,https://img.a.transfermarkt.technology/portrait/header/170934-1779991881.png?lm=1,6000000,"[0.09725589686170048, 0.14489872091246292, 0.12254677182685256, 0.15167630164906798, 0.10511447398193925, 0.7087011349306429, 0.7401320616287601, 0.6775555555555556, 0.5664050735070378, 0.22550256786500364]"
Carlos Baleba,Brighton & Hove Albion,2670,0.1038202247191011,0.0407865168539325,0.3707865168539325,8.359550561797752,1.1123595505617978,87.92,4.213483146067415,59.09,6.640449438202247,1.348314606741573,03/01/2004 00:00,Cameroon,Midfield,left,179.0,https://img.a.transfermarkt.technology/portrait/header/973085-1666690662.jpg?lm=1,60000000,"[0.10922529300730152, 0.07632301254369349, 0.13762874531835206, 0.25720383754967735, 0.1770765515068781, 0.8474148802017654, 0.6054931335830211, 0.6565555555555557, 0.8222899343551949, 0.27086142322097373]"
Vitaliy Mykolenko,Everton,3084,0.0142996108949416,0.0644941634241245,0.0291828793774319,6.682879377431907,0.2334630350194552,78.6,3.122568093385214,56.32,2.568093385214008,0.642023346303502,29/05/1999 00:00,Ukraine,Defender,left,180.0,https://img.a.transfermarkt.technology/portrait/header/404842-1708012303.jpg?lm=1,25000000,"[0.015044074448078508, 0.12257674301291742, 0.01083211738002594, 0.2020692561834163, 0.037164987817738825, 0.651534258091635, 0.44872460008646775, 0.6257777777777778, 0.24979555541321902, 0.12897535667963683]"
Nico O'Reilly,Manchester City,532,0.2182330827067669,0.1150375939849624,0.5075187969924811,13.026315789473683,1.5225563909774436,87.66,2.199248120300752,40.0,5.244360902255639,1.0150375939849623,21/03/2005 00:00,England,Defender,left,193.0,https://img.a.transfermarkt.technology/portrait/header/743413-1751367149.jpg?lm=1,40000000,"[0.22959469089020157, 0.2211872148380842, 0.1883811090225564, 0.4106627563655648, 0.24237579931136252, 0.8419503993274484, 0.31604010025062657, 0.4444444444444445, 0.6260269286319392, 0.20390977443609018]"
Danny Welbeck,Brighton & Hove Albion,2122,0.372808671065033,0.0585296889726672,1.0179076343072573,6.870876531573987,0.5513666352497644,85.57,1.3147973609802073,34.69,1.950989632422243,0.4665409990574929,26/11/1990 00:00,England,Attack,right,185.0,https://img.a.transfermarkt.technology/portrait/header/67063-1746437656.jpg?lm=1,4000000,"[0.39221776337813236, 0.11094002517795755, 0.3778275212064091, 0.2082512341933696, 0.08777207184194069, 0.7980243799915929, 0.18894125039271126, 0.3854444444444444, 0.1630427211569791, 0.0937229029217719]"
Diogo Dalot,Manchester United,2813,0.0655883398506932,0.0787060078208318,0.1599715606114468,9.438322076075364,0.8638464273018129,83.83,3.359402772840384,64.41,5.343050124422325,1.2797724848915748,18/03/1999 00:00,Portugal,Defender,right,183.0,https://img.a.transfermarkt.technology/portrait/header/357147-1727785546.jpg?lm=1,28000000,"[0.06900298720636851, 0.1503041185771519, 0.059378332740846064, 0.2926774691025684, 0.13751573967327926, 0.7614543926019335, 0.48275862068965514, 0.7156666666666667, 0.639900721644494, 0.25709207252044075]"
Morgan Rogers,Aston Villa,3129,0.1892617449664429,0.15071907957814,0.5752636625119847,8.513902205177374,1.8983700862895487,75.35,1.4093959731543624,20.0,3.422818791946309,1.4381591562799616,26/07/2002 00:00,England,Midfield,right,187.0,https://img.a.transfermarkt.technology/portrait/header/503743-1706786450.jpg?lm=1,70000000,"[0.1991150530155767, 0.2908019618135773, 0.21352668584212214, 0.26227943813271504, 0.3022015931756883, 0.5832282471626733, 0.20253542132736763, 0.22222222222222224, 0.36995339144871886, 0.2889101949504634]"
Kaoru Mitoma,Brighton & Hove Albion,2608,0.3161042944785276,0.1394171779141104,0.9317484662576688,11.905674846625766,1.794478527607362,80.79,2.036042944785276,50.0,3.416411042944785,1.3803680981595092,20/05/1997 00:00,Japan,Attack,right,178.0,https://img.a.transfermarkt.technology/portrait/header/504849-1731683095.jpg?lm=1,30000000,"[0.33256125459851, 0.2687518982693128, 0.3458469133435584, 0.3738123173397514, 0.28566309271257384, 0.6975620008406895, 0.29258691206543963, 0.5555555555555556, 0.36905258605810193, 0.27730061349693247]"
Tosin Adarabioyo,Chelsea,1439,0.0581653926337734,0.013759555246699,0.1250868658790827,4.378040305767894,0.2501737317581654,91.33,1.7512161223071578,60.0,2.564280750521195,0.5003474635163307,24/09/1997 00:00,England,Defender,right,197.0,https://img.a.transfermarkt.technology/portrait/header/258878-1646903871.jpg?lm=1,20000000,"[0.0611935879593581, 0.023593282754537228, 0.04642981236970119, 0.12627840433499016, 0.03982516415215655, 0.9190836485918452, 0.25165624276117676, 0.6666666666666667, 0.2492595728266785, 0.10051424600416954]"
Matt Doherty,Wolverhampton,2121,0.0441301272984441,0.0517680339462517,0.1272984441301273,7.383309759547384,0.4667609618104668,85.21,2.545968882602546,71.79,4.497878359264498,0.7637906647807639,16/01/1992 00:00,Ireland,Defender,right,185.0,https://img.a.transfermarkt.technology/portrait/header/171679-1682598455.jpg?lm=1,1500000,"[0.046427621377853306, 0.09774800427484001, 0.04725070721357851, 0.22510176026307174, 0.07430369205144814, 0.7904581757040772, 0.36586515794436586, 0.7976666666666667, 0.5210859425589873, 0.15343705799151344]"
Dan Burn,Newcastle United,3330,0.0529729729729729,0.0294594594594594,0.1891891891891892,2.621621621621621,0.081081081081081,88.62,1.7837837837837838,66.07,2.783783783783784,0.918918918918919,09/05/1992 00:00,England,Defender,left,201.0,https://img.a.transfermarkt.technology/portrait/header/134270-1682340860.jpg?lm=1,5000000,"[0.055730841559008, 0.054223870050481196, 0.07022334834834837, 0.06852145726196544, 0.012907299823187663, 0.8621269440941572, 0.25633633633633635, 0.734111111111111, 0.28011744749884404, 0.1846006006006006]"
Ryan Sessegnon,Fulham,604,0.2443708609271523,0.1683774834437086,1.1920529801324502,9.68543046357616,1.1920529801324502,81.13,4.470198675496689,42.11,4.470198675496689,2.980132450331126,18/05/2000 00:00,England,Defender,left,178.0,https://img.a.transfermarkt.technology/portrait/header/392775-1722077271.jpg?lm=1,20000000,"[0.25709324902187364, 0.32525359118541236, 0.44246688741721857, 0.3008032230512183, 0.18976295104289162, 0.7047078604455652, 0.6423841059602649, 0.4678888888888889, 0.5171947151805919, 0.5986754966887416]"
Levi Colwill,Chelsea,3149,0.0540171483010479,0.0345824071133693,0.1143220069863448,6.030485868529692,0.1714830104795173,89.71,2.2864401397268974,59.71,3.4582407113369324,1.28612257859638,26/02/2003 00:00,England,Defender,left,187.0,https://img.a.transfermarkt.technology/portrait/header/614258-1694614507.jpg?lm=1,50000000,"[0.05682937853933689, 0.06421876512749064, 0.04243410606541757, 0.18061636587624846, 0.02729838578038422, 0.8850357292980242, 0.3285699163755689, 0.6634444444444445, 0.3749330271874916, 0.2583677357891394]"
Ryan Manning,Southampton,1498,0.0210280373831775,0.1682242990654205,0.0600801068090787,8.35113484646195,0.6608811748998664,83.71,2.7036048064085447,68.18,3.90520694259012,1.1415220293724966,14/06/1996 00:00,Ireland,Defender,left,173.0,https://img.a.transfermarkt.technology/portrait/header/262300-1720192030.jpg?lm=1,2800000,"[0.022122794963701158, 0.32495472773962686, 0.022300567423230954, 0.2569271005566022, 0.10520569482050834, 0.7589323245060948, 0.3885180240320427, 0.7575555555555556, 0.4377678215030731, 0.2293190921228304]"
Riccardo Calafiori,Arsenal,984,0.0786585365853658,0.0649390243902439,0.5487804878048781,14.542682926829269,0.823170731707317,87.89,3.292682926829268,59.46,3.201219512195122,1.4634146341463414,19/05/2002 00:00,Italy,Defender,left,188.0,https://img.a.transfermarkt.technology/portrait/header/502821-1727382174.jpg?lm=1,50000000,"[0.08275364197397504, 0.1234446688596371, 0.20369664634146348, 0.46052600212014416, 0.13104057442443584, 0.8467843631778058, 0.473170731707317, 0.6606666666666667, 0.3388008251248451, 0.29398373983739834]"
Noussair Mazraoui,Manchester United,2848,0.0214887640449438,0.0590941011235955,0.0948033707865168,9.164325842696629,0.821629213483146,86.09,4.708567415730337,62.2,4.708567415730337,1.2008426966292134,14/11/1997 00:00,Morocco,Defender,right,183.0,https://img.a.transfermarkt.technology/portrait/header/340456-1700207898.jpg?lm=1,22000000,"[0.022607507887063203, 0.11204119595107917, 0.035189167837078636, 0.2836675524509725, 0.13079518009030766, 0.808953341740227, 0.6766385767790262, 0.6911111111111111, 0.5507047428214971, 0.24123595505617973]"
Lucas Digne,Aston Villa,2358,0.0305343511450381,0.1530534351145038,0.1145038167938931,8.358778625954198,0.3435114503816794,82.76,3.435114503816794,58.21,3.969465648854962,0.8015267175572519,20/07/1993 00:00,France,Defender,left,178.0,https://img.a.transfermarkt.technology/portrait/header/126664-1736160616.jpg?lm=1,8000000,"[0.03212402457833455, 0.29535630049408, 0.0425015903307888, 0.25717845370580095, 0.05468359848755084, 0.7389659520807064, 0.4936386768447837, 0.6467777777777778, 0.4468013509037529, 0.1610178117048346]"
Adam Wharton,Crystal Palace,1336,0.0249251497005988,0.1468562874251497,0.3368263473053892,11.317365269461078,0.1347305389221557,78.65,3.637724550898204,30.43,6.87125748502994,0.8083832335329341,06/02/2004 00:00,England,Midfield,left,182.0,https://img.a.transfermarkt.technology/portrait/header/744149-1716297290.jpg?lm=1,60000000,"[0.026222797982423104, 0.28326563607267946, 0.1250233907185629, 0.3544667219998964, 0.021447758688231018, 0.6525851197982346, 0.5227544910179641, 0.33811111111111114, 0.854737074954915, 0.16239520958083828]"
Ben White,Arsenal,1213,0.0341302555647155,0.1046166529266281,0.1483924154987634,12.910140148392417,0.0,86.44,2.671063478977741,66.67,2.7452596867271226,0.7419620774938169,08/10/1997 00:00,England,Defender,right,186.0,https://img.a.transfermarkt.technology/portrait/header/335721-1683275943.jpg?lm=1,30000000,"[0.03590713827249372, 0.20085590959777835, 0.055080379225061836, 0.4068425109914575, 0.0, 0.8163093736864229, 0.3838417147568013, 0.7407777777777779, 0.27470170566984303, 0.14905193734542455]"
Jadon Sancho,Chelsea,1773,0.1101522842639593,0.1578680203045685,0.4060913705583756,16.34517766497462,2.284263959390863,85.16,0.7614213197969544,35.29,5.025380710659898,0.3045685279187817,25/03/2000 00:00,England,Attack,right,180.0,https://img.a.transfermarkt.technology/portrait/header/401173-1688564217.jpg?lm=1,20000000,"[0.1158870110010555, 0.30474957894721694, 0.15073322053017485, 0.5197980846424665, 0.3636320508563025, 0.7894073139974778, 0.10941906373378454, 0.39211111111111113, 0.5952425553706161, 0.06118443316412858]"
Wilfred Ndidi,Leicester City,2336,0.0778253424657534,0.0581763698630137,0.3082191780821918,5.81763698630137,0.5008561643835616,82.35,4.469178082191781,50.41,4.892979452054795,1.5025684931506849,16/12/1996 00:00,Nigeria,Midfield,right,183.0,https://img.a.transfermarkt.technology/portrait/header/274839-1765193511.jpg?lm=1,10000000,"[0.08187707026462984, 0.11025069792570777, 0.11440496575342468, 0.17361717955673542, 0.07973130841121495, 0.730348886086591, 0.6422374429223744, 0.5601111111111111, 0.576629503041696, 0.3018493150684931]"
Marcus Rashford,Aston Villa,1427,0.2516468114926418,0.2175893482831114,1.0091100210231254,10.1541695865452,1.1352487736510162,78.48,1.3875262789067977,28.57,2.3966362999299227,0.5676243868255081,31/10/1997 00:00,England,Attack,right,185.0,https://img.a.transfermarkt.technology/portrait/header/258923-1674473054.jpg?lm=1,40000000,"[0.2647479987064601, 0.4212661719968523, 0.3745620182200421, 0.31621694015679436, 0.1807202876435107, 0.6490121899957966, 0.199392665265125, 0.3174444444444445, 0.22569201037007702, 0.11402943237561317]"
Manuel Akanji,Manchester City,2020,0.069059405940594,0.057029702970297,0.0891089108910891,21.20792079207921,0.0891089108910891,94.08,1.2475247524752475,46.97,4.589108910891089,0.7574257425742574,19/07/1995 00:00,Switzerland,Defender,right,188.0,https://img.a.transfermarkt.technology/portrait/header/284730-1684165752.jpg?lm=1,22000000,"[0.07265476326197715, 0.10801354540039614, 0.03307549504950495, 0.6797014151848697, 0.014185250300731008, 0.9768810424548129, 0.17927392739273926, 0.5218888888888888, 0.5339111909690998, 0.15215841584158415]"
Gabriel Martinelli,Arsenal,2300,0.2899565217391304,0.1823478260869565,0.9782608695652172,9.939130434782609,1.2913043478260868,78.98,1.0956521739130434,30.36,3.052173913043478,0.6260869565217391,18/06/2001 00:00,Brazil,Attack,right,178.0,https://img.a.transfermarkt.technology/portrait/header/655488-1682689091.jpg?lm=1,45000000,"[0.30505218161512687, 0.3525097956876318, 0.36311141304347827, 0.3091457304167221, 0.20556277935798456, 0.6595208070617908, 0.1574492753623188, 0.3373333333333333, 0.3178479009182933, 0.12577391304347824]"
Jurriën Timber,Arsenal,2422,0.0457060280759702,0.0471924029727497,0.1486374896779521,13.00578034682081,0.8918249380677126,87.9,2.972749793559042,52.38,3.4929810074318746,1.151940545004129,17/06/2001 00:00,Netherlands,Defender,right,179.0,https://img.a.transfermarkt.technology/portrait/header/420243-1702413077.jpg?lm=1,70000000,"[0.048085566394264485, 0.08882092662719647, 0.055171345995045425, 0.4099874820217374, 0.14196963967370752, 0.8469945355191257, 0.4271951555188549, 0.5820000000000001, 0.3798168398940304, 0.23141205615194055]"
Yankuba Minteh,Brighton & Hove Albion,1854,0.1995145631067961,0.2436893203883494,0.7766990291262136,6.941747572815533,2.233009708737864,68.69,2.864077669902912,33.96,4.126213592233009,1.019417475728155,22/07/2004 00:00,The Gambia,Attack,left,180.0,https://img.a.transfermarkt.technology/portrait/header/1012534-1694774813.jpg?lm=1,40000000,"[0.20990165137404296, 0.4721873408878969, 0.2882955771305286, 0.21058171212266114, 0.35547288509814595, 0.44325346784363173, 0.4115785688601221, 0.37733333333333335, 0.4688370755130486, 0.20478964401294492]"
Joelinton,Newcastle United,2404,0.1478785357737105,0.0872296173044925,0.5241264559068219,10.931780366056572,0.5615640599001663,83.76,2.995008319467554,55.14,5.578202995008319,2.171381031613977,14/08/1996 00:00,Brazil,Midfield,right,186.0,https://img.a.transfermarkt.technology/portrait/header/333241-1674210135.jpg?lm=1,30000000,"[0.15557735925804203, 0.16693372095100614, 0.1945455490848586, 0.34178739499255695, 0.08939540018971497, 0.7599831862126945, 0.4303937881308929, 0.6126666666666667, 0.6729586603047855, 0.4362063227953411]"
Fabian Schär,Newcastle United,2937,0.1164453524004085,0.0315628192032686,0.3370786516853932,6.925434116445352,0.2451481103166496,84.5,2.4821246169560776,44.03,4.106230847803881,1.0725229826353422,20/12/1991 00:00,Switzerland,Defender,right,186.0,https://img.a.transfermarkt.technology/portrait/header/135343-1667990394.jpg?lm=1,6000000,"[0.12250770762330153, 0.05832753484833121, 0.12511704119850187, 0.21004527087169106, 0.039025135318320234, 0.7755359394703656, 0.3566905005107252, 0.4892222222222223, 0.4660278887148767, 0.21545795028941095]"
James Ward-Prowse,West Ham United,1454,0.1052269601100412,0.1603163686382393,0.3713892709766162,11.327372764786796,0.123796423658872,91.66,2.2902338376891334,56.52,4.394773039889959,1.052269601100413,01/11/1994 00:00,England,Midfield,right,177.0,https://img.a.transfermarkt.technology/portrait/header/181579-1684751045.jpg?lm=1,6000000,"[0.11070526558176759, 0.3095263181138438, 0.1378524759284732, 0.35479580206666983, 0.01970715653884224, 0.9260193358554014, 0.32911508482347546, 0.6280000000000001, 0.506591331819431, 0.21138927097661625]"
Patrick Dorgu,Manchester United,842,0.0459619952494061,0.1357482185273159,0.2137767220902612,13.788598574821853,0.3206650831353919,86.12,3.741092636579572,64.0,3.954869358669834,1.8171021377672207,26/10/2004 00:00,Denmark,Attack,left,185.0,https://img.a.transfermarkt.technology/portrait/header/926952-1747857569.jpg?lm=1,30000000,"[0.048354859680754966, 0.2615937411710586, 0.07934976247030877, 0.43572917525841093, 0.05104668457388949, 0.8095838587641868, 0.5376088677751384, 0.7111111111111111, 0.4447493952359129, 0.3650356294536816]"
James Garner,Everton,1599,0.0377110694183865,0.0776735459662288,0.225140712945591,8.442776735459663,0.3939962476547842,82.09,3.9399624765478425,45.83,4.108818011257036,1.125703564727955,13/03/2001 00:00,England,Midfield,right,182.0,https://img.a.transfermarkt.technology/portrait/header/505219-1662067244.jpg?lm=1,25000000,"[0.03967437575854263, 0.14828978062078108, 0.08356785490931834, 0.2599405937403676, 0.0627202749381915, 0.724884405212274, 0.5661872003335418, 0.5092222222222222, 0.4663915937826711, 0.22614133833646027]"
Amadou Onana,Aston Villa,1631,0.1169834457388105,0.0463519313304721,0.3310852237890864,7.890864500306559,0.7725321888412017,87.73,4.4696505211526665,61.11,3.973022685469037,1.765787860208461,16/08/2001 00:00,Belgium,Midfield,right,195.0,https://img.a.transfermarkt.technology/portrait/header/485706-1718697649.jpg?lm=1,42000000,"[0.12307381507212718, 0.08718116248216268, 0.12289239730226854, 0.24179186528375438, 0.12297942320805423, 0.8434216057166877, 0.6423053341508276, 0.679, 0.44730140135139346, 0.3547271612507663]"
Adam Webster,Brighton & Hove Albion,888,0.0253378378378378,0.0273648648648648,0.1013513513513513,9.527027027027026,0.1013513513513513,88.21,3.0405405405405403,77.42,3.547297297297297,0.7094594594594594,04/01/1995 00:00,England,Defender,right,190.0,https://img.a.transfermarkt.technology/portrait/header/212847-1681737411.jpg?lm=1,7000000,"[0.026656971408964284, 0.05013730610016129, 0.037619650900900886, 0.2955943858966531, 0.016134124778984585, 0.8535098781000419, 0.43693693693693686, 0.8602222222222222, 0.3874526581349526, 0.1425225225225225]"
Mateus Fernandes,Southampton,2919,0.1236382322713258,0.1122302158273381,0.4316546762589928,9.928057553956837,1.510791366906475,84.55,3.6073997944501546,62.5,5.51901336073998,1.418293936279548,10/07/2004 00:00,Portugal,Midfield,right,180.0,https://img.a.transfermarkt.technology/portrait/header/880245-1727786403.jpg?lm=1,32000000,"[0.13007506180301867, 0.21571000678862706, 0.16022182254196646, 0.3087816168955141, 0.2405029247629934, 0.776586801176965, 0.5183967112024667, 0.6944444444444444, 0.6646377442381781, 0.28491949297704694]"
Ethan Pinnock,Brentford,1913,0.0512807109252483,0.0305802404600104,0.2822791427077888,3.669628855201255,0.1411395713538944,87.6,2.7757449032932566,59.81,2.352326189231573,0.3763721902770517,29/05/1993 00:00,Jamaica,Defender,left,194.0,https://img.a.transfermarkt.technology/portrait/header/442248-1719836196.jpg?lm=1,4000000,"[0.05395047729464662, 0.05641051907787528, 0.10477652901202301, 0.10298345591203509, 0.022468012760697834, 0.8406893652795291, 0.3988848231399198, 0.6645555555555556, 0.21946286709895085, 0.07560899111343437]"
Kieran Trippier,Newcastle United,1328,0.0081325301204819,0.0982680722891566,0.0,19.246987951807228,0.2710843373493976,85.36,3.38855421686747,57.89,4.608433734939759,1.0843373493975903,19/09/1990 00:00,England,Defender,right,173.0,https://img.a.transfermarkt.technology/portrait/header/95810-1696454076.jpg?lm=1,2500000,"[0.008555924317286833, 0.18846979877913025, 0.0, 0.6152193555873342, 0.043153924107645535, 0.7936107608238756, 0.4869477911646586, 0.6432222222222223, 0.5366278869057892, 0.21783132530120478]"
Jan Bednarek,Southampton,2535,0.023076923076923,0.0301775147928994,0.1065088757396449,3.3372781065088755,0.1065088757396449,92.87,3.266272189349112,66.06,3.7633136094674553,1.1005917159763312,12/04/1996 00:00,Poland,Defender,right,189.0,https://img.a.transfermarkt.technology/portrait/header/243028-1709158468.jpg?lm=1,11000000,"[0.024278349344779734, 0.05562479939859631, 0.039534023668639034, 0.09205464675328026, 0.016955151247027584, 0.9514501891551073, 0.4693754109138723, 0.7340000000000001, 0.41782036735979916, 0.22109664694280073]"
Ollie Watkins,Aston Villa,2610,0.476551724137931,0.0713793103448275,1.3793103448275863,4.965517241379311,0.3448275862068966,74.15,0.6206896551724138,41.27,1.4827586206896552,1.0,30/12/1995 00:00,England,Attack,right,180.0,https://img.a.transfermarkt.technology/portrait/header/324358-1708341279.jpg?lm=1,30000000,"[0.5013618670440392, 0.13600969718524814, 0.5119731800766285, 0.14559661962329076, 0.054893114190568276, 0.5580075662042876, 0.08919540229885058, 0.4585555555555556, 0.09721851060777566, 0.20088888888888887]"
Destiny Udogie,Tottenham Hotspur,1938,0.0139318885448916,0.0557275541795665,0.0464396284829721,12.120743034055726,0.6037151702786377,88.25,4.504643962848297,50.0,5.154798761609907,1.346749226006192,28/11/2002 00:00,Italy,Defender,left,188.0,https://img.a.transfermarkt.technology/portrait/header/556385-1697208468.jpg?lm=1,40000000,"[0.014657207808767957, 0.1054730469574591, 0.01723748710010319, 0.3808844818701129, 0.09610543676398253, 0.8543505674653216, 0.6473340213278292, 0.5555555555555556, 0.6134362264883808, 0.270546955624355]"
Michael Keane,Everton,1046,0.0533460803059273,0.0034416826003824,0.3441682600382409,1.9789674952198848,0.0,83.87,2.4091778202676863,56.52,2.237093690248566,0.7743785850860421,11/01/1993 00:00,England,Defender,right,188.0,https://img.a.transfermarkt.technology/portrait/header/118534-1687967021.jpg?lm=1,4000000,"[0.05612337353315253, 0.0034630644730420214, 0.1277485659655832, 0.04738883057114457, 0.0, 0.7622950819672132, 0.3462077756532823, 0.6280000000000001, 0.2032634098116145, 0.1555640535372849]"
Reece James,Chelsea,1072,0.0369402985074626,0.0973880597014925,0.251865671641791,12.761194029850746,0.5876865671641791,88.43,1.9309701492537312,72.73,5.541044776119403,0.6716417910447761,07/11/1993 00:00,England,Defender,left,182.0,https://img.a.transfermarkt.technology/portrait/header/245585-1447774602.jpg?lm=1,400000,"[0.03886347712280044, 0.18675289006282955, 0.09348763992537314, 0.4019446622251053, 0.09355384293485842, 0.8581336696090796, 0.2774875621890547, 0.8081111111111112, 0.6677349344889176, 0.13492537313432834]"
Ilya Zabarnyi,Bournemouth,3113,0.0367169932540957,0.0219723739158368,0.0289110183103115,5.637648570510762,0.1734661098618695,82.48,2.6887247028589787,63.64,4.539029874718921,0.578220366206232,01/09/2002 00:00,Ukraine,Defender,right,189.0,https://img.a.transfermarkt.technology/portrait/header/659089-1760065378.jpg?lm=1,50000000,"[0.03862854619489057, 0.03961653078087363, 0.010731207838098264, 0.16769855576936174, 0.027614075432839665, 0.7330811265237496, 0.38637969804047545, 0.7071111111111111, 0.5268710485212506, 0.11615804690009636]"
Tyrick Mitchell,Crystal Palace,3102,0.0380077369439071,0.1076402321083172,0.0870406189555125,5.918762088974854,0.4642166344294003,73.56,3.191489361702128,48.78,4.874274661508704,0.6673114119922631,01/09/1999 00:00,England,Defender,left,181.0,https://img.a.transfermarkt.technology/portrait/header/730893-1693826944.jpg?lm=1,25000000,"[0.03998648833090905, 0.2067549268666642, 0.03230778529980655, 0.17694251266528496, 0.07389866049639364, 0.5456073980664145, 0.45862884160756506, 0.542, 0.573999971805333, 0.13405544809800127]"
Ethan Nwaneri,Arsenal,946,0.1122621564482029,0.1702959830866807,0.8562367864693446,16.649048625792812,3.5200845665961946,89.01,1.236786469344609,33.33,3.2346723044397465,0.8562367864693446,21/03/2007 00:00,England,Midfield,left,176.0,https://img.a.transfermarkt.technology/portrait/header/890719-1730794927.jpg?lm=1,40000000,"[0.11810672693940448, 0.32899659305312645, 0.317818446088795, 0.5297903826972643, 0.5603623718164036, 0.8703236654056328, 0.1777307963354475, 0.37033333333333335, 0.34350363972915954, 0.17200845665961945]"
Matty Cash,Aston Villa,2077,0.0212325469427058,0.0541646605681271,0.2599903707270101,6.369764082811748,0.8233028406355319,84.55,3.423206547905633,50.0,3.509870004814636,1.1699566682715454,07/08/1997 00:00,Poland,Defender,right,185.0,https://img.a.transfermarkt.technology/portrait/header/425334-1668091733.jpg?lm=1,22000000,"[0.02233795166002608, 0.10242383413738605, 0.09650337024554648, 0.19177297337660862, 0.13106160484883392, 0.776586801176965, 0.49192745947680944, 0.5555555555555556, 0.38219110578379756, 0.2350312951372171]"
Dara O'Shea,Ipswich Town,3123,0.0365994236311239,0.0198847262247838,0.0576368876080691,3.832853025936599,0.0288184438040345,79.23,2.3631123919308354,57.64,3.170028818443804,0.6051873198847262,04/03/1999 00:00,Ireland,Defender,right,189.0,https://img.a.transfermarkt.technology/portrait/header/401320-1632909442.jpg?lm=1,15000000,"[0.038504855685140685, 0.035543520272185214, 0.021393691962856207, 0.10835081500203583, 0.0045876089669350875, 0.6647751155947879, 0.3395880029885793, 0.6404444444444445, 0.3344160177515244, 0.1215754082612872]"
Dejan Kulusevski,Tottenham Hotspur,2391,0.1592220828105395,0.1479297365119197,0.6775407779171895,13.70138017565872,1.4303638644918444,81.24,2.1831869510664994,38.46,4.554579673776662,1.806775407779172,25/04/2000 00:00,Sweden,Midfield,left,186.0,https://img.a.transfermarkt.technology/portrait/header/431755-1684943454.jpg?lm=1,45000000,"[0.16751147182803539, 0.2853599403126592, 0.25148996235884574, 0.43286114128124586, 0.22769966814807868, 0.707019756200084, 0.3137320507458525, 0.42733333333333334, 0.5290570490669794, 0.36296110414052696]"
Christian Eriksen,Manchester United,1092,0.0478021978021978,0.2151098901098901,0.1648351648351648,15.576923076923077,0.0,85.54,2.142857142857143,25.0,5.10989010989011,0.6593406593406593,14/02/1992 00:00,Denmark,Midfield,right,182.0,https://img.a.transfermarkt.technology/portrait/header/69633-1718628122.jpg?lm=1,3000000,"[0.05029086649990104, 0.41642873738627867, 0.061183608058608056, 0.4945352928142932, 0.0, 0.7973938629676336, 0.3079365079365079, 0.2777777777777778, 0.6071229399434627, 0.13245421245421243]"
Sepp van den Berg,Brentford,2588,0.0681607418856259,0.0184312210200927,0.2086553323029366,4.10355486862442,0.1391035548686244,85.69,2.0865533230293662,54.65,3.373261205564142,0.7998454404945904,20/12/2001 00:00,Netherlands,Defender,right,192.0,https://img.a.transfermarkt.technology/portrait/header/541231-1692000386.jpg?lm=1,28000000,"[0.07170931313427231, 0.03270772475050211, 0.07744880216383307, 0.11725240102011572, 0.0221438992329804, 0.8005464480874316, 0.2998454404945904, 0.6072222222222222, 0.3629865547407882, 0.16068006182380215]"
Jake O'Brien,Everton,1574,0.0445997458703939,0.0182973316391359,0.1715374841168996,4.80304955527319,0.2287166454891995,81.32,1.7153748411689964,57.53,2.9733163913595937,0.7433290978398984,15/05/2001 00:00,Ireland,Defender,right,197.0,https://img.a.transfermarkt.technology/portrait/header/711544-1662362868.jpg?lm=1,16000000,"[0.04692168914029237, 0.0324465059356724, 0.06367137865311309, 0.1402541362893304, 0.03640940992055482, 0.7087011349306429, 0.24650571791613723, 0.6392222222222222, 0.30676206085079927, 0.14932655654383736]"
Jean-Philippe Mateta,Crystal Palace,2654,0.4059155990957045,0.0769781461944235,1.1190655614167295,4.103240391861342,0.6782215523737755,68.1,0.6782215523737755,37.43,2.3059532780708367,0.9155990957045969,28/06/1997 00:00,France,Attack,right,192.0,https://img.a.transfermarkt.technology/portrait/header/420002-1723202650.jpg?lm=1,40000000,"[0.4270482978381145, 0.1469330523804553, 0.4153753767897514, 0.1172420599676521, 0.1079661100507786, 0.4308532997057586, 0.09746294900778699, 0.4158888888888889, 0.21294373403954742, 0.1839336850037679]"
Jack Hinshelwood,Brighton & Hove Albion,1854,0.1296116504854368,0.0728155339805825,0.4854368932038834,9.12621359223301,0.0970873786407767,85.15,2.087378640776699,55.56,3.058252427184466,0.8737864077669902,11/04/2005 00:00,England,Midfield,right,182.0,https://img.a.transfermarkt.technology/portrait/header/867688-1698353957.jpg?lm=1,22000000,"[0.1363594669510205, 0.13881177628428723, 0.18018473570658036, 0.28241429361654424, 0.015455342830354173, 0.7891971416561581, 0.2999640417116145, 0.6173333333333334, 0.31870242226484435, 0.17553398058252423]"
Nicolas Jackson,Chelsea,2238,0.4962466487935656,0.0772117962466487,1.407506702412869,5.46916890080429,0.7238605898123325,76.67,1.0053619302949062,37.93,1.93029490616622,1.407506702412869,20/06/2001 00:00,Senegal,Attack,right,187.0,https://img.a.transfermarkt.technology/portrait/header/776890-1757939139.jpg?lm=1,45000000,"[0.5220821450254125, 0.14738890473626579, 0.5224391197497767, 0.16215837821719273, 0.11523138984239935, 0.6109709962168979, 0.1444742329460828, 0.42144444444444445, 0.16013344350513364, 0.2827524575513852]"
Emile Smith Rowe,Fulham,2061,0.1982532751091703,0.0890829694323144,0.4803493449781659,14.890829694323145,0.6986899563318778,91.31,1.834061135371179,23.08,3.275109170305677,0.8296943231441049,28/07/2000 00:00,England,Midfield,right,182.0,https://img.a.transfermarkt.technology/portrait/header/392765-1684164628.jpg?lm=1,22000000,"[0.208574698446711, 0.17054961970886176, 0.17829633672974285, 0.4719742374442646, 0.11122447591451388, 0.9186633039092056, 0.2635613779718583, 0.2564444444444444, 0.3491882798021435, 0.16667637069383792]"
Lucas Paquetá,West Ham United,2384,0.1419463087248322,0.1242030201342282,0.2265100671140939,12.34479865771812,0.792785234899329,78.82,3.171140939597316,45.28,5.625,2.000838926174497,27/08/1997 00:00,Brazil,Midfield,left,180.0,https://img.a.transfermarkt.technology/portrait/header/444523-1695370009.jpg?lm=1,35000000,"[0.14933628976168253, 0.23906900455890523, 0.08407613255033557, 0.38825218349734336, 0.12620350624098353, 0.6561580496006725, 0.4557046979865772, 0.5031111111111112, 0.6795374127420626, 0.4019463087248322]"
André,Wolverhampton,2495,0.0151503006012024,0.0238076152304609,0.0360721442885771,6.889779559118237,0.5771543086172345,93.05,4.617234468937876,25.0,6.997995991983968,1.2985971943887775,16/07/2001 00:00,Brazil,Midfield,right,176.0,https://img.a.transfermarkt.technology/portrait/header/800176-1699348390.jpg?lm=1,28000000,"[0.015939052595891512, 0.043197095256612736, 0.013389278557114212, 0.20887282924428074, 0.09187721236866257, 0.955233291298865, 0.6635136940547762, 0.2777777777777778, 0.872554054089988, 0.2608737474949899]"
Andreas Pereira,Fulham,2022,0.13486646884273,0.2051928783382789,0.400593471810089,10.727002967359052,0.6231454005934719,77.74,1.42433234421365,37.84,4.451038575667656,1.2462908011869438,01/01/1996 00:00,Brazil,Midfield,right,178.0,https://img.a.transfermarkt.technology/portrait/header/203394-1659355525.jpg?lm=1,15000000,"[0.14188786063662864, 0.3970806005652686, 0.14869250741839762, 0.3350536261679141, 0.0991985357331041, 0.6334594367381252, 0.20468183316848004, 0.4204444444444445, 0.5145011762784522, 0.25036597428288826]"
Mathys Tel,Tottenham Hotspur,934,0.2119914346895075,0.1455032119914346,0.867237687366167,7.516059957173447,1.4453961456102784,76.68,1.734475374732334,36.36,3.661670235546038,1.3490364025695931,27/04/2005 00:00,France,Attack,right,183.0,https://img.a.transfermarkt.technology/portrait/header/801734-1700040486.jpg?lm=1,30000000,"[0.22302809141136062, 0.28062577950866796, 0.32190176659528913, 0.22946703273906394, 0.23009265744761753, 0.6111811685582178, 0.24925053533190578, 0.404, 0.4035312778328632, 0.27100642398286934]"
Rico Lewis,Manchester City,1897,0.0654717975751186,0.0483921982076963,0.0948866631523458,17.31681602530311,0.4269899841855561,91.45,2.0400632577754347,30.0,4.5071164997364255,0.5693199789140748,21/11/2004 00:00,England,Defender,right,170.0,https://img.a.transfermarkt.technology/portrait/header/701057-1684856684.jpg?lm=1,35000000,"[0.06888037752957563, 0.09116173279921246, 0.03522008434370058, 0.5517488181766467, 0.06797254888436735, 0.9216057166876839, 0.29316464593217356, 0.33333333333333337, 0.5223846461652631, 0.11437005798629413]"
Matthijs de Ligt,Manchester United,2128,0.1040413533834586,0.0114191729323308,0.4229323308270676,3.3411654135338344,0.0845864661654135,90.36,2.664473684210526,65.91,2.87593984962406,0.6766917293233082,12/08/1999 00:00,Netherlands,Defender,right,189.0,https://img.a.transfermarkt.technology/portrait/header/326031-1700659567.jpg?lm=1,65000000,"[0.10945793402904955, 0.019027185801673445, 0.156984257518797, 0.09218247446777891, 0.01346532218396458, 0.8986969314838167, 0.38289473684210523, 0.7323333333333333, 0.2930728052800603, 0.13593984962406014]"
Aaron Cresswell,West Ham United,847,0.0244391971664698,0.2018890200708382,0.0,9.669421487603303,0.1062573789846517,86.56,2.0188902007083827,50.0,3.825265643447461,0.4250295159386068,15/12/1989 00:00,England,Defender,left,170.0,https://img.a.transfermarkt.technology/portrait/header/92571-1700670925.jpg?lm=1,450000,"[0.025711545882251958, 0.3906347574758556, 0.0, 0.30027679413862274, 0.016915115470765428, 0.8188314417822615, 0.2901219992129083, 0.5555555555555556, 0.4265296233177968, 0.085383707201889]"
Taylor Harwood-Bellis,Southampton,2828,0.0569660537482319,0.0213224893917963,0.2545968882602546,8.01980198019802,0.0954738330975954,88.14,1.845827439886846,55.75,3.9144271570014144,1.113861386138614,30/01/2002 00:00,England,Defender,right,188.0,https://img.a.transfermarkt.technology/portrait/header/503977-1687975943.jpg?lm=1,20000000,"[0.05993180932670004, 0.03834860300398145, 0.09450141442715702, 0.2460317627916996, 0.015198482465068925, 0.8520386717108028, 0.26525223950966526, 0.6194444444444445, 0.4390640050524542, 0.22376237623762377]"
Rodrigo Bentancur,Tottenham Hotspur,1661,0.0720650210716435,0.0541842263696568,0.325105358217941,12.354003612281758,0.4876580373269115,88.2,4.334738109572546,52.94,6.556291390728477,1.8422636965683323,25/06/1997 00:00,Uruguay,Midfield,right,187.0,https://img.a.transfermarkt.technology/portrait/header/354362-1740605779.jpg?lm=1,27000000,"[0.07581685614170545, 0.10246200710861245, 0.12067278747742327, 0.3885548733277012, 0.07763029815391022, 0.8532997057587222, 0.6229179209311659, 0.5882222222222222, 0.8104589430335712, 0.3700903070439494]"
Harry Maguire,Manchester United,1764,0.0928571428571428,0.0147959183673469,0.3571428571428571,3.775510204081632,0.1020408163265306,86.15,3.571428571428571,71.11,3.4693877551020407,0.9183673469387754,05/03/1993 00:00,England,Defender,right,194.0,https://img.a.transfermarkt.technology/portrait/header/177907-1663841733.jpg?lm=1,18000000,"[0.09769145331589968, 0.025615232099393835, 0.13256448412698413, 0.10646519037461105, 0.016243880729862038, 0.8102143757881464, 0.5132275132275131, 0.7901111111111111, 0.37650008562106396, 0.1844897959183673]"
Nico González,Manchester City,763,0.0566186107470511,0.0577981651376146,0.2359108781127129,17.929226736566186,0.1179554390563564,92.27,2.830930537352556,57.14,3.656618610747051,1.5334207077326345,03/01/2002 00:00,Spain,Midfield,right,188.0,https://img.a.transfermarkt.technology/portrait/header/466805-1743669968.jpg?lm=1,45000000,"[0.05956627781576383, 0.10951281871956205, 0.08756553079947575, 0.5718869397740991, 0.018777330018005647, 0.9388398486759142, 0.4068152031454784, 0.634888888888889, 0.40282111723680675, 0.30804718217562255]"
Kevin Danso,Tottenham Hotspur,843,0.0437722419928825,0.0138790035587188,0.3202846975088967,3.416370106761565,0.2135231316725978,86.46,1.387900355871886,63.64,2.882562277580071,0.9608540925266904,19/09/1998 00:00,Austria,Defender,right,190.0,https://img.a.transfermarkt.technology/portrait/header/263236-1691217955.png?lm=1,22000000,"[0.046051103917322506, 0.023826326975641576, 0.11888345195729537, 0.09465545743340271, 0.0339907539827718, 0.8167297183690625, 0.19944642151047842, 0.7071111111111111, 0.29400379037331675, 0.19302491103202846]"
Curtis Jones,Liverpool FC,1735,0.2251296829971181,0.0819596541786743,0.6743515850144092,16.080691642651296,0.6224783861671469,93.67,2.3861671469740635,50.0,5.031700288184438,0.9337175792507204,30/01/2001 00:00,England,Midfield,right,185.0,https://img.a.transfermarkt.technology/portrait/header/433188-1701681163.jpg?lm=1,40000000,"[0.23685034063962135, 0.15665199799370422, 0.2503061959654179, 0.5111008956801957, 0.09909235368579816, 0.9682639764606977, 0.3429010566762728, 0.5555555555555556, 0.596130965559463, 0.18757348703170026]"
Bilal El Khannouss,Leicester City,2203,0.0535179300953245,0.1270540172492056,0.285973672265093,10.254198819791194,1.389014979573309,80.31,2.287789378120745,44.19,3.758511121198366,1.2256014525646846,10/05/2004 00:00,Morocco,Midfield,right,180.0,https://img.a.transfermarkt.technology/portrait/header/654982-1714038053.png?lm=1,30000000,"[0.05630417013276438, 0.2446313134002434, 0.10614786654561961, 0.3195062373969637, 0.22111733786976978, 0.6874737284573351, 0.32876380692994406, 0.491, 0.4171452305340369, 0.24620971402632771]"
Wesley Fofana,Chelsea,1176,0.0336734693877551,0.0168367346938775,0.0,6.275510204081633,0.6122448979591837,90.78,2.066326530612245,67.5,4.13265306122449,1.836734693877551,17/12/2000 00:00,France,Defender,right,188.0,https://img.a.transfermarkt.technology/portrait/header/475411-1683899212.jpg?lm=1,28000000,"[0.035426570982688914, 0.02959687439463637, 0.0, 0.18867358919538843, 0.09746328437917223, 0.9075241698192518, 0.2969387755102041, 0.75, 0.4697423401198328, 0.3689795918367347]"
Ezri Konsa,Aston Villa,2937,0.0392236976506639,0.0193054136874361,0.153217568947906,4.841675178753831,0.2451481103166496,93.26,1.77732379979571,56.36,2.972420837589377,0.2757916241062308,23/10/1997 00:00,England,Defender,right,183.0,https://img.a.transfermarkt.technology/portrait/header/413403-1700651779.jpg?lm=1,35000000,"[0.04126575414679629, 0.034413278774759956, 0.0568713823629554, 0.14152427655324948, 0.039025135318320234, 0.9596469104665826, 0.2554080127113835, 0.6262222222222222, 0.30663616333770904, 0.05540347293156281]"
John McGinn,Aston Villa,2247,0.1253671562082777,0.1085447263017356,0.2002670226969292,9.292389853137518,0.801068090787717,86.57,1.882510013351135,58.62,4.005340453938585,1.7222963951935917,18/10/1994 00:00,Scotland,Midfield,left,178.0,https://img.a.transfermarkt.technology/portrait/header/193116-1689172405.jpg?lm=1,15000000,"[0.13189399664073306, 0.20851959931145903, 0.07433522474410324, 0.2878787273489376, 0.1275220543278889, 0.8190416141235812, 0.2705236611778668, 0.6513333333333333, 0.45184465359850196, 0.3459902091677793]"
Ashley Young,Everton,1881,0.0129186602870813,0.1392344497607655,0.1435406698564593,7.99043062200957,0.3349282296650718,73.54,3.971291866028708,50.0,3.5885167464114835,1.4354066985645937,09/07/1985 00:00,England,Defender,both,175.0,https://img.a.transfermarkt.technology/portrait/header/14086-1700736434.jpg?lm=1,400000,"[0.013591229059039376, 0.26839539477880686, 0.05327950558213716, 0.245065933860554, 0.05331723531428402, 0.5451870533837748, 0.570689349636718, 0.5555555555555556, 0.3932473142538941, 0.2883572567783095]"
Michael Kayode,Brentford,537,0.0351955307262569,0.1156424581005586,0.0,6.536312849162011,1.5083798882681565,84.97,4.022346368715084,69.23,5.698324022346369,1.340782122905028,10/07/2004 00:00,Italy,Defender,right,179.0,https://img.a.transfermarkt.technology/portrait/header/823486-1725531169.jpg?lm=1,25000000,"[0.0370278735817032, 0.22236730758539505, 0.0, 0.19724965633950095, 0.2401190414034355, 0.7854140395124001, 0.5780260707635009, 0.7692222222222223, 0.6898453499873606, 0.2693482309124767]"
Nicolás Domínguez,Nottingham Forest,1970,0.0698984771573604,0.0726395939086294,0.4111675126903553,10.96446700507614,0.1370558375634517,87.7,5.253807106598985,54.0,5.208121827411167,1.5076142131979695,28/06/1998 00:00,Argentina,Midfield,right,179.0,https://img.a.transfermarkt.technology/portrait/header/497291-1767772056.jpg?lm=1,16000000,"[0.073537518040762, 0.13846851637264815, 0.15261738578680203, 0.3428622414952095, 0.021817923051378137, 0.8427910886927281, 0.7549915397631133, 0.6, 0.6209324166647713, 0.30286294416243653]"
Ben Davies,Tottenham Hotspur,1330,0.0189473684210526,0.0338345864661654,0.0676691729323308,3.99248120300752,0.0676691729323308,88.03,1.962406015037594,54.08,2.774436090225564,1.150375939849624,24/04/1993 00:00,Wales,Defender,left,181.0,https://img.a.transfermarkt.technology/portrait/header/192765-1668520095.jpg?lm=1,10000000,"[0.01993380261992445, 0.06275976351159089, 0.02511748120300751, 0.11359992573950778, 0.010772257747171663, 0.8497267759562841, 0.2820050125313283, 0.6008888888888889, 0.27880334285069414, 0.23109774436090222]"
Saša Lukić,Fulham,2355,0.0443312101910828,0.0542675159235668,0.1146496815286624,10.624203821656051,0.3057324840764331,90.13,3.668789808917197,43.18,4.165605095541401,2.522292993630573,13/08/1996 00:00,Serbia,Midfield,right,182.0,https://img.a.transfermarkt.technology/portrait/header/245056-1746645290.jpg?lm=1,12000000,"[0.046639173008825426, 0.10262450542180641, 0.04255573248407643, 0.33167324490055916, 0.04866956366450384, 0.8938629676334593, 0.5272186836518046, 0.4797777777777778, 0.47437475785926203, 0.5067006369426751]"
Orel Mangala,Everton,1255,0.0803187250996016,0.0437450199203187,0.4302788844621514,9.035856573705178,1.00398406374502,90.27,2.653386454183267,42.86,3.5139442231075697,1.7211155378486056,18/03/1998 00:00,Belgium,Midfield,right,178.0,https://img.a.transfermarkt.technology/portrait/header/289592-1657181518.jpg?lm=1,20000000,"[0.08450026289880337, 0.08209506600416025, 0.1597111553784861, 0.2794430512903874, 0.15982425438433184, 0.8968053804119376, 0.38130146082337313, 0.4762222222222222, 0.38276386195760403, 0.34575298804780874]"
Cameron Burgess,Ipswich Town,1540,0.066038961038961,0.0204545454545454,0.1753246753246753,3.9740259740259742,0.0,81.3,1.811688311688312,66.67,2.571428571428572,0.3506493506493506,21/10/1995 00:00,Australia,Defender,left,194.0,https://img.a.transfermarkt.technology/portrait/header/255788-1664180001.jpg?lm=1,500000,"[0.06947706854704193, 0.03665524028165726, 0.0650771103896104, 0.11299305580973032, 0.0, 0.7082807902480033, 0.2603463203463204, 0.7407777777777779, 0.25026441799196175, 0.07044155844155843]"
Tino Livramento,Newcastle United,2842,0.0104503870513722,0.0848698099929627,0.0633356790992259,10.703729767769175,0.7916959887403237,87.36,2.438423645320197,43.55,5.985221674876847,0.1900070372976776,12/11/2002 00:00,England,Defender,right,182.0,https://img.a.transfermarkt.technology/portrait/header/503981-1699383321.jpg?lm=1,40000000,"[0.010994453063593035, 0.16232972573690344, 0.02350897255453906, 0.3342883251784261, 0.12603010911099857, 0.835645229087852, 0.3504105090311987, 0.48388888888888887, 0.7301776026853595, 0.03817030260380012]"
Jakub Kiwior,Arsenal,1132,0.0135159010600706,0.0246466431095406,0.0795053003533568,9.063604240282686,0.2385159010600706,91.91,2.2261484098939928,45.83,2.464664310954064,0.7950530035335689,15/02/2000 00:00,Poland,Defender,left,189.0,https://img.a.transfermarkt.technology/portrait/header/425918-1683101307.jpg?lm=1,27000000,"[0.014219563264654534, 0.044834042612826114, 0.029510821554770292, 0.2803554877865272, 0.037969353720154544, 0.9312736443883984, 0.31990577149587746, 0.5092222222222222, 0.2352554310079522, 0.1597173144876325]"
Dominic Solanke,Tottenham Hotspur,2206,0.4157298277425204,0.0469174977334542,1.0607434270172256,4.0797824116047146,0.6935630099728014,71.39,0.7751586582048957,42.99,1.5503173164097914,1.4687216681776971,14/09/1997 00:00,England,Attack,right,186.0,https://img.a.transfermarkt.technology/portrait/header/258889-1708340487.jpg?lm=1,40000000,"[0.43737347294238194, 0.08828458520649472, 0.39372733454215775, 0.11647068276906541, 0.11040831716389456, 0.5, 0.11139317014203685, 0.4776666666666667, 0.10671595460461102, 0.2950498640072529]"
Gabriel Jesus,Arsenal,627,0.4291866028708134,0.0746411483253588,1.1483253588516746,10.047846889952153,1.291866028708134,80.0,2.0095693779904304,32.14,4.019138755980861,2.0095693779904304,03/04/1997 00:00,Brazil,Attack,right,175.0,https://img.a.transfermarkt.technology/portrait/header/363205-1669711141.jpg?lm=1,20000000,"[0.45153083207253175, 0.142373558496369, 0.42623604465709736, 0.3127206926987057, 0.2056521933550955, 0.6809583858764185, 0.288782562466773, 0.35711111111111116, 0.45378442759059917, 0.4037001594896331]"
Joël Veltman,Brighton & Hove Albion,1699,0.0248969982342554,0.070453207769276,0.0529723366686286,8.687463213655091,0.2118893466745144,82.43,3.2842848734549737,53.66,3.6021188934667454,1.4302530900529724,15/01/1992 00:00,Netherlands,Defender,right,184.0,https://img.a.transfermarkt.technology/portrait/header/111195-1700650522.jpg?lm=1,2500000,"[0.026193180899930148, 0.13420286668481915, 0.019662301353737494, 0.26798670717458406, 0.03373067169803018, 0.7320302648171502, 0.47196390033352953, 0.5962222222222222, 0.39515951265436683, 0.28732195409064154]"
Jørgen Strand Larsen,Wolverhampton,2599,0.3556367833782224,0.0360138514813389,1.177375913813005,3.4282416313966912,0.2770296267795306,65.19,0.5540592535590612,40.12,1.4544055405925356,1.592920353982301,06/02/2000 00:00,Norway,Attack,right,193.0,https://img.a.transfermarkt.technology/portrait/header/429983-1743541067.jpg?lm=1,40000000,"[0.37415187622411156, 0.06701151985249994, 0.4370190457868412, 0.09504583304612876, 0.04410035491723992, 0.369693148381673, 0.07962036680774656, 0.4457777777777778, 0.09323261674926057, 0.31999999999999995]"
Rodrigo Muniz,Fulham,967,0.5407445708376422,0.0204756980351602,1.768355739400207,3.722854188210962,0.5584281282316443,65.71,1.3960703205791107,51.54,1.3029989658738368,1.0237849017580145,04/05/2001 00:00,Brazil,Attack,right,186.0,https://img.a.transfermarkt.technology/portrait/header/735571-1657802369.jpg?lm=1,20000000,"[0.5688967092072035, 0.03669650906637567, 0.6563792657704242, 0.10473368367340735, 0.08889619112971037, 0.38062211013030667, 0.20062047569803515, 0.5726666666666667, 0.07194778511040885, 0.2056670113753878]"
John Stones,Manchester City,545,0.0710091743119266,0.0297247706422018,0.3302752293577982,15.688073394495412,0.3302752293577982,91.29,1.651376146788991,57.14,3.63302752293578,0.3302752293577982,28/05/1994 00:00,England,Defender,right,188.0,https://img.a.transfermarkt.technology/portrait/header/186590-1684764261.jpg?lm=1,18000000,"[0.07470604009393715, 0.0547414934215191, 0.12259174311926609, 0.4981902886687102, 0.05257652405041585, 0.918242959226566, 0.23730886850152905, 0.634888888888889, 0.39950466725322314, 0.06634862385321101]"
Yasin Ayari,Brighton & Hove Albion,1990,0.1103517587939698,0.1193969849246231,0.3618090452261306,8.050251256281408,0.8140703517587939,85.44,3.57286432160804,43.24,5.336683417085427,1.6733668341708543,06/10/2003 00:00,Sweden,Midfield,right,172.0,https://img.a.transfermarkt.technology/portrait/header/667287-1746438362.jpg?lm=1,30000000,"[0.116096870535138, 0.22969240715804082, 0.1342964824120603, 0.2470330372845265, 0.1295918846569295, 0.7952921395544346, 0.5134338358458961, 0.4804444444444445, 0.6390056859169407, 0.33616080402010046]"
Joe Gomez,Liverpool FC,526,0.0564638783269962,0.0171102661596958,0.3422053231939164,7.8707224334600765,0.0,89.42,3.422053231939164,69.23,5.817490494296578,0.3422053231939164,23/05/1997 00:00,England,Defender,right,188.0,https://img.a.transfermarkt.technology/portrait/header/256178-1746645094.jpg?lm=1,15000000,"[0.05940348974663807, 0.03013053557679347, 0.12701996197718635, 0.2411295264579982, 0.0, 0.8789407313997477, 0.4917617237008872, 0.7692222222222223, 0.7065978476722772, 0.06874524714828897]"
Ola Aina,Nottingham Forest,3003,0.0191808191808191,0.0665334665334665,0.0599400599400599,7.312687312687313,0.989010989010989,80.04,2.6373626373626373,40.63,5.694305694305695,0.6893106893106893,08/10/1996 00:00,Nigeria,Defender,right,184.0,https://img.a.transfermarkt.technology/portrait/header/236490-1707383919.jpg?lm=1,20000000,"[0.020179407247609114, 0.12655543301427552, 0.022248584748584738, 0.222779456952203, 0.15744069015097054, 0.6817990752416982, 0.378998778998779, 0.4514444444444445, 0.6892804509004198, 0.13847485847485846]"
Jacob Ramsey,Aston Villa,1628,0.0867936117936118,0.121068796068796,0.2211302211302211,12.383292383292384,1.3820638820638822,86.64,2.100737100737101,35.0,4.5884520884520885,0.7186732186732187,28/05/2001 00:00,England,Midfield,right,180.0,https://img.a.transfermarkt.technology/portrait/header/503749-1687975464.jpg?lm=1,35000000,"[0.0913122438808887, 0.23295411859907622, 0.08207923832923833, 0.38951798651498604, 0.22001079244069902, 0.8205128205128205, 0.3018837018837019, 0.3888888888888889, 0.5338188544569191, 0.14437346437346435]"
Matt O'Riley,Brighton & Hove Albion,964,0.1904564315352697,0.1839211618257261,0.6535269709543569,8.869294605809129,0.7468879668049793,83.06,2.70746887966805,42.86,2.70746887966805,1.4937759336099583,21/11/2000 00:00,Denmark,Midfield,left,189.0,https://img.a.transfermarkt.technology/portrait/header/406634-1661800636.jpg?lm=1,20000000,"[0.20037193712351473, 0.3555793811474616, 0.24257650414937765, 0.27396593421631854, 0.11889711870322256, 0.7452711223203028, 0.38907330567081605, 0.4762222222222222, 0.26938905021057286, 0.30008298755186713]"
Marshall Munetsi,Wolverhampton,1079,0.2752548656163114,0.094253938832252,0.5838739573679332,3.1696014828544947,0.2502316960148285,73.63,2.5023169601482853,54.72,2.9193697868396664,1.5848007414272474,22/06/1996 00:00,Zimbabwe,Midfield,right,188.0,https://img.a.transfermarkt.technology/portrait/header/414908-1723836952.png?lm=1,10000000,"[0.28958513073894, 0.18063820543925807, 0.21672265987025027, 0.08654087605315997, 0.039834391483980484, 0.5470786044556535, 0.3595922150139017, 0.608, 0.2991782132085967, 0.318368860055607]"
Julio Enciso,Ipswich Town,1178,0.2101018675721562,0.1008488964346349,1.6808149405772497,7.869269949066214,3.0560271646859083,73.73,0.9932088285229204,38.89,4.431239388794567,0.9168081494057724,23/01/2004 00:00,Paraguay,Midfield,right,173.0,https://img.a.transfermarkt.technology/portrait/header/660867-1669388786.jpg?lm=1,20000000,"[0.22104015001932387, 0.1935049988804979, 0.6238858234295418, 0.24108176389146554, 0.48648905954968824, 0.5491803278688525, 0.1427277872099604, 0.4321111111111111, 0.5117177941171237, 0.18417657045840402]"
Chris Richards,Crystal Palace,1925,0.0645194805194805,0.0285194805194805,0.2805194805194805,2.0103896103896104,0.0467532467532467,81.27,3.085714285714286,54.44,2.3844155844155845,0.5142857142857142,28/03/2000 00:00,United States,Defender,right,188.0,https://img.a.transfermarkt.technology/portrait/header/578539-1754244701.jpg?lm=1,25000000,"[0.06787848112914542, 0.05238996669749314, 0.10412337662337663, 0.04842209528141066, 0.0074426508071367805, 0.7076502732240437, 0.4434285714285714, 0.6048888888888889, 0.2239740144857354, 0.10331428571428569]"
Jacob Greaves,Ipswich Town,2205,0.053469387755102,0.0085714285714285,0.1632653061224489,4.938775510204081,0.1632653061224489,86.58,2.489795918367347,67.46,2.489795918367347,0.6530612244897959,12/09/2000 00:00,England,Defender,left,193.0,https://img.a.transfermarkt.technology/portrait/header/693095-1727786112.jpg?lm=1,16000000,"[0.05625310059069387, 0.013471223098903976, 0.06060090702947844, 0.14471726166264623, 0.025990209167779253, 0.8192517864649012, 0.35779289493575206, 0.7495555555555555, 0.23878844820749784, 0.1311927437641723]"
Keane Lewis-Potter,Brentford,3101,0.0888100612705578,0.1430828764914543,0.4063205417607223,7.720090293453724,1.1899387294421155,80.53,2.031602708803612,43.55,4.237342792647533,0.5224121251209287,22/02/2001 00:00,England,Midfield,right,170.0,https://img.a.transfermarkt.technology/portrait/header/644401-1767003558.jpg?lm=1,15000000,"[0.09343367335717576, 0.27590369351292265, 0.15081828442437925, 0.23617623564165044, 0.18942638340963275, 0.6920975199663724, 0.2919488337095561, 0.48388888888888887, 0.4844596885031252, 0.10494679135762655]"
Jamie Vardy,Leicester City,2839,0.3062345896442409,0.0814723494188094,0.8242338851708348,2.536104262064107,0.3487143360338147,69.27,0.7608312786192322,47.66,1.2363508277562525,0.7925325818950335,11/01/1987 00:00,England,Attack,right,179.0,https://img.a.transfermarkt.technology/portrait/header/197838-1683031278.jpg?lm=1,2000000,"[0.32217771511632076, 0.1557012641048542, 0.30593959140542454, 0.06570935918172388, 0.05551184601659792, 0.45544346364018495, 0.10933427263120817, 0.5295555555555556, 0.06257834787486376, 0.1592109897851356]"
Vitaly Janelt,Brentford,2287,0.0322693484914735,0.0944468736335811,0.1574114560559685,9.287275907302142,0.1180585920419763,84.43,2.557936160909488,59.38,4.210756449497158,0.9444687363358112,10/05/1998 00:00,Germany,Midfield,left,184.0,https://img.a.transfermarkt.technology/portrait/header/270171-1649932358.jpg?lm=1,18000000,"[0.03394934901819227, 0.1810146221482042, 0.058428071709663326, 0.2877105636294246, 0.01879375094499997, 0.7740647330811266, 0.3675849001603264, 0.6597777777777778, 0.4807221636373798, 0.18973327503279405]"
Malo Gusto,Chelsea,1876,0.0815565031982942,0.0930703624733475,0.2398720682302771,15.063965884861409,0.1918976545842217,89.04,3.310234541577825,37.5,5.708955223880597,0.9594882729211088,19/05/2003 00:00,France,Defender,right,178.0,https://img.a.transfermarkt.technology/portrait/header/620322-1752061866.jpg?lm=1,35000000,"[0.08580248195942969, 0.17832904237102906, 0.0890358475479744, 0.47766753704509646, 0.030548193611382335, 0.8709541824295923, 0.47569296375266523, 0.4166666666666667, 0.6913398909952077, 0.1927505330490405]"
Niclas Füllkrug,West Ham United,788,0.2478426395939086,0.0479695431472081,0.7994923857868019,5.1395939086294415,0.1142131979695431,67.86,0.5710659898477157,42.39,2.0558375634517763,2.398477157360406,09/02/1993 00:00,Germany,Attack,right,189.0,https://img.a.transfermarkt.technology/portrait/header/75489-1768815337.jpg?lm=1,8000000,"[0.26074577475237504, 0.09033713077929478, 0.29675602791878175, 0.15132084525796693, 0.018181602542815117, 0.4258091635140815, 0.0820642978003384, 0.47100000000000003, 0.17778230934059536, 0.4818274111675126]"
Brajan Gruda,Brighton & Hove Albion,698,0.1560171919770773,0.2488538681948424,0.6446991404011462,12.507163323782237,1.67621776504298,78.3,2.320916905444126,37.5,3.35243553008596,0.9025787965616046,31/05/2004 00:00,Germany,Midfield,left,178.0,https://img.a.transfermarkt.technology/portrait/header/700106-1770733562.jpg?lm=1,28000000,"[0.164139728593146, 0.48226339805914287, 0.2392997851002866, 0.39359127918622383, 0.26683715823581394, 0.6452290878520386, 0.33352435530085955, 0.4166666666666667, 0.3600588681648121, 0.1813180515759312]"
Djed Spence,Tottenham Hotspur,1805,0.0279224376731301,0.0678116343490304,0.149584487534626,10.27146814404432,1.894736842105263,86.82,3.390581717451523,60.0,5.434903047091412,1.0470914127423825,09/08/2000 00:00,England,Defender,right,184.0,https://img.a.transfermarkt.technology/portrait/header/483348-1746645656.jpg?lm=1,8000000,"[0.029376130176730714, 0.12904914446136034, 0.055522853185595564, 0.3200741107951902, 0.3016232169208067, 0.8242959226565783, 0.4872391505078485, 0.6666666666666667, 0.652813463367767, 0.21034903047091416]"
Tyler Adams,Bournemouth,1965,0.072824427480916,0.0348091603053435,0.0916030534351145,7.923664122137405,0.183206106870229,84.94,5.2671755725190845,63.27,5.221374045801527,2.0610687022900764,14/02/1999 00:00,United States,Midfield,right,175.0,https://img.a.transfermarkt.technology/portrait/header/332705-1754244571.jpg?lm=1,25000000,"[0.07661579861932802, 0.06466116167636604, 0.03400127226463105, 0.24287042704081072, 0.029164585860027112, 0.7847835224884405, 0.7569126378286684, 0.7030000000000001, 0.6227954218731261, 0.41404580152671755]"
Liam Delap,Ipswich Town,2612,0.2680704441041347,0.0482388973966309,1.10260336906585,3.2044410413476263,1.3782542113323124,62.07,0.4479326186830015,43.28,2.343032159264931,2.4808575803981623,08/02/2003 00:00,England,Attack,right,186.0,https://img.a.transfermarkt.technology/portrait/header/610849-1746646306.jpg?lm=1,7000000,"[0.28202667527538633, 0.09086264219252829, 0.40926493108728956, 0.08768651778089723, 0.21940433083825908, 0.30411937788986965, 0.06436957631444613, 0.4808888888888889, 0.2181563065123055, 0.49837672281776413]"
Jefferson Lerma,Crystal Palace,2289,0.0428571428571428,0.0684141546526867,0.3145478374836173,6.644823066841416,0.2752293577981651,77.82,3.027522935779817,52.33,6.055045871559633,1.3761467889908257,25/10/1994 00:00,Colombia,Midfield,right,179.0,https://img.a.transfermarkt.technology/portrait/header/262980-1693334146.jpg?lm=1,8000000,"[0.045088363068876744, 0.1302246644205027, 0.11675404106596769, 0.2008178368399481, 0.0438137700420132, 0.6351408154686842, 0.43506625891947, 0.5814444444444444, 0.7399935322344718, 0.2764525993883792]"
Diego Gómez,Brighton & Hove Albion,512,0.1529296875,0.2021484374999999,0.52734375,8.4375,1.0546875,82.35,5.09765625,71.43,5.625,1.40625,05/01/1984 00:00,Argentina,Midfield,right,164.0,https://img.a.transfermarkt.technology/portrait/header/s_45082_1420_2012_1.jpg?lm=1,200000,"[0.1608914830602303, 0.39114088210581144, 0.19573974609375003, 0.2597670769511117, 0.1678957359813084, 0.730348886086591, 0.7325520833333333, 0.7936666666666667, 0.6795374127420626, 0.2825]"
Sander Berge,Fulham,2232,0.0141129032258064,0.0254032258064516,0.0403225806451612,10.282258064516128,0.4435483870967742,91.67,2.8629032258064515,56.0,5.080645161290322,1.25,14/02/1998 00:00,Norway,Midfield,right,195.0,https://img.a.transfermarkt.technology/portrait/header/333014-1780049344.jpg?lm=1,25000000,"[0.014847646440691902, 0.04631013902910218, 0.014966957885304628, 0.3204289196293465, 0.07060848155964225, 0.9262295081967213, 0.4114097968936678, 0.6222222222222222, 0.6030116666490904, 0.25111111111111106]"
Lewis Dunk,Brighton & Hove Albion,2083,0.0349975996159385,0.0449351896303408,0.1296207393182909,9.375900144023044,0.0,91.42,1.2962073931829092,62.65,4.493518963034085,0.3024483917426788,21/11/1991 00:00,England,Defender,right,192.0,https://img.a.transfermarkt.technology/portrait/header/148153-1716297176.jpg?lm=1,4000000,"[0.03681963782052776, 0.08441709273157112, 0.048112698031685074, 0.2906248262684402, 0.0, 0.9209751996637243, 0.18626980316850694, 0.6961111111111111, 0.520473095891108, 0.06075852136341813]"
Luke Thomas,Leicester City,1112,0.029136690647482,0.0412769784172661,0.0,5.422661870503597,0.2428057553956834,84.14,4.2086330935251794,54.17,3.399280575539568,1.2949640287769784,10/06/2001 00:00,England,Defender,left,181.0,https://img.a.transfermarkt.technology/portrait/header/505194-1687975540.jpg?lm=1,6000000,"[0.030653599352581693, 0.07727990537102582, 0.0, 0.160629070819221, 0.038652255765481064, 0.7679697351828498, 0.6047961630695443, 0.6018888888888889, 0.36664437416048573, 0.2601438848920863]"
Konstantinos Mavropanos,West Ham United,2057,0.067379679144385,0.0183762761302868,0.2187651920272241,3.675255226057365,0.3937773456490034,86.9,3.281477880408362,69.41,3.3689839572192515,0.7438016528925621,11/12/1997 00:00,Greece,Defender,right,194.0,https://img.a.transfermarkt.technology/portrait/header/415912-1691999569.jpg?lm=1,15000000,"[0.07088758685695067, 0.03260052701089439, 0.08120138551288285, 0.10316846988773617, 0.06268542792107189, 0.8259773013871377, 0.4715605250364609, 0.7712222222222223, 0.36238525647439723, 0.14942148760330579]"
Adama Traoré,Fulham,1794,0.2006688963210702,0.227257525083612,0.6020066889632107,9.531772575250836,2.408026755852843,81.2,1.0535117056856187,48.08,4.364548494983278,1.2040133779264215,03/02/1990 00:00,Cote d'Ivoire,Defender,left,170.0,https://img.a.transfermarkt.technology/portrait/header/70209-1703767394.png?lm=1,250000,"[0.2111160812589549, 0.4401288306135627, 0.22345317725752514, 0.29575043546505564, 0.38333385428062394, 0.7061790668348047, 0.15139353400222963, 0.5342222222222223, 0.5023423462592275, 0.24187290969899664]"
Tom Cairney,Fulham,633,0.109478672985782,0.1649289099526066,0.5687203791469194,26.587677725118485,0.7109004739336493,92.74,2.4170616113744074,33.33,7.393364928909953,1.1374407582938388,20/01/1991 00:00,Scotland,Midfield,left,185.0,https://img.a.transfermarkt.technology/portrait/header/123275-1651652849.jpg?lm=1,750000,"[0.11517833030390803, 0.3185254080109046, 0.2110979462875198, 0.8566058965889236, 0.11316826859192985, 0.9487179487179487, 0.34734070563454444, 0.37033333333333335, 0.9281352682699959, 0.2284992101105845]"
Ross Barkley,Aston Villa,615,0.2575609756097561,0.0629268292682926,0.8780487804878049,13.317073170731708,1.7560975609756098,85.71,3.5121951219512195,60.0,6.2926829268292686,1.170731707317073,05/12/1993 00:00,England,Midfield,right,189.0,https://img.a.transfermarkt.technology/portrait/header/131978-1662368517.jpg?lm=1,5000000,"[0.27097006488222547, 0.11951886666975449, 0.32591463414634153, 0.4202238358689826, 0.27955322543879646, 0.8009667927700712, 0.5047154471544715, 0.6666666666666667, 0.7734006991422773, 0.23518699186991865]"
Boubacar Kamara,Aston Villa,1733,0.0425851125216387,0.0431044431621465,0.1557991921523369,8.828620888632429,0.4673975764570109,88.71,3.5833814195037506,44.68,4.518176572417772,1.5579919215233695,23/11/1999 00:00,France,Midfield,right,184.0,https://img.a.transfermarkt.technology/portrait/header/394327-1736160460.jpg?lm=1,40000000,"[0.04480217034310774, 0.08084529772245322, 0.05782963069821117, 0.2726284457510443, 0.07440503475686373, 0.8640184951660359, 0.5149451817657241, 0.49644444444444447, 0.5239394781491007, 0.31298326601269466]"
Calvin Bassey,Fulham,3074,0.0298633702016916,0.0128822381262199,0.1171112556929082,6.792452830188679,0.4391672088484059,90.13,2.1665582303188025,57.14,4.9186727391021465,0.7612231620039036,31/12/1999 00:00,Nigeria,Defender,left,185.0,https://img.a.transfermarkt.technology/portrait/header/461883-1662989506.jpg?lm=1,28000000,"[0.03141811115599678, 0.02188163290744963, 0.043469420949902395, 0.20567239942517562, 0.0699110416577992, 0.8938629676334593, 0.3113424419865538, 0.634888888888889, 0.5802414815179783, 0.15292127521145085]"
Georginio Rutter,Brighton & Hove Albion,1673,0.249611476389719,0.0898386132695756,0.6455469216975493,7.101016138673042,1.452480573819486,68.6,2.6359832635983262,34.72,3.550508069336521,1.8290496114763897,20/04/2002 00:00,France,Attack,left,182.0,https://img.a.transfermarkt.technology/portrait/header/538977-1727785742.jpg?lm=1,32000000,"[0.26260670038442047, 0.17202388440552524, 0.23961446503287515, 0.21581899763531207, 0.23122042779493998, 0.4413619167717526, 0.37880055788005573, 0.3857777777777778, 0.3879040304905626, 0.3674357441721458]"
Pape Matar Sarr,Tottenham Hotspur,1913,0.175013068478829,0.0371667537898588,0.6116048092002091,11.19707266074229,0.5175117616309461,87.59,3.7166753789858857,43.04,5.4103502352326185,1.5995818086774698,14/09/2002 00:00,Senegal,Midfield,right,184.0,https://img.a.transfermarkt.technology/portrait/header/568693-1668163083.jpg?lm=1,35000000,"[0.18412456471200492, 0.06926083770350389, 0.22701581285938321, 0.350511096898798, 0.08238271345589206, 0.8404791929382094, 0.5341000174246383, 0.4782222222222222, 0.6493618136118315, 0.32133821223209613]"
Manuel Ugarte,Manchester United,1796,0.0506124721603563,0.034576837416481,0.2004454342984409,8.569042316258352,0.9020044543429844,88.63,5.211581291759465,50.0,6.11358574610245,2.05456570155902,11/04/2001 00:00,Uruguay,Midfield,right,182.0,https://img.a.transfermarkt.technology/portrait/header/476701-1715107512.jpg?lm=1,30000000,"[0.05324744881352317, 0.06420789862254658, 0.07440144766146992, 0.2640926302298219, 0.14359011718668693, 0.862337116435477, 0.7489235337787675, 0.5555555555555556, 0.7482231046696077, 0.41273942093541194]"
Andrew Robertson,Liverpool FC,2492,0.0422552166934189,0.153852327447833,0.1083467094703049,14.446227929373997,0.2528089887640449,87.99,2.1669341894061,33.33,3.792134831460674,0.3972712680577849,11/03/1994 00:00,Scotland,Defender,left,178.0,https://img.a.transfermarkt.technology/portrait/header/234803-1709147379.jpg?lm=1,30000000,"[0.04445509954262848, 0.296914943210907, 0.040216191813804154, 0.4573542377605202, 0.04024467079701774, 0.8488860865910044, 0.31139646869983956, 0.37033333333333335, 0.4218720729009316, 0.07980738362760834]"
Mohammed Kudus,West Ham United,2601,0.2387543252595156,0.0934256055363322,0.7612456747404844,8.027681660899654,3.183391003460208,89.86,1.453287197231834,21.57,4.775086505190312,1.3494809688581315,02/08/2000 00:00,Ghana,Attack,left,177.0,https://img.a.transfermarkt.technology/portrait/header/543499-1668429218.jpg?lm=1,55000000,"[0.2511843063698673, 0.17902212326531802, 0.2825595924644368, 0.24629087316517975, 0.5067641130118898, 0.8881883144178226, 0.20884275278738945, 0.23966666666666667, 0.5600560383154729, 0.2710957324106113]"
Christopher Nkunku,Chelsea,940,0.4624468085106383,0.0957446808510638,1.1489361702127658,13.97872340425532,0.9574468085106382,90.61,1.819148936170213,42.11,2.776595744680851,1.5319148936170213,14/11/1997 00:00,France,Attack,right,177.0,https://img.a.transfermarkt.technology/portrait/header/344381-1663686834.jpg?lm=1,65000000,"[0.48652262405065677, 0.1835466501612223, 0.42646276595744687, 0.44198111837993037, 0.1524159872738119, 0.9039512400168137, 0.26141843971631207, 0.4678888888888889, 0.2791069484342977, 0.30774468085106377]"
Jean-Ricner Bellegarde,Wolverhampton,1706,0.0807151230949589,0.1450762016412661,0.2637749120750293,6.963657678780773,0.738569753810082,83.3,2.5849941383352872,34.48,3.270808909730363,1.6354044548651816,27/06/1998 00:00,Haiti,Midfield,right,172.0,https://img.a.transfermarkt.technology/portrait/header/450050-1769112628.jpg?lm=1,15000000,"[0.08491729808927376, 0.27979268029800675, 0.09790811840562721, 0.21130219001441952, 0.11757294211743051, 0.7503152585119797, 0.37147323173114494, 0.38311111111111107, 0.34858374646190515, 0.32853458382180534]"
Marcos Senesi,Bournemouth,1119,0.0675603217158176,0.0394101876675603,0.0,9.410187667560322,0.4825737265415549,77.42,4.262734584450402,53.23,5.710455764075067,1.769436997319035,10/05/1997 00:00,Argentina,Defender,left,184.0,https://img.a.transfermarkt.technology/portrait/header/469781-1738824319.jpg?lm=1,22000000,"[0.07107763400670114, 0.07363778779838168, 0.0, 0.291752315232252, 0.07682092656159956, 0.6267339218158892, 0.6125707476913911, 0.5914444444444444, 0.6915508378808759, 0.35546023235031277]"
Mats Wieffer,Brighton & Hove Albion,1045,0.0645933014354067,0.0869856459330143,0.3444976076555024,12.401913875598089,0.6028708133971292,86.4,6.459330143540671,57.63,5.856459330143541,1.9808612440191389,16/11/1999 00:00,Netherlands,Defender,right,188.0,https://img.a.transfermarkt.technology/portrait/header/415381-1779892289.jpg?lm=1,25000000,"[0.0679561452951971, 0.16645773165256827, 0.12787081339712922, 0.3901303237414282, 0.09597102356571123, 0.8154686843211434, 0.9282296650717705, 0.6403333333333334, 0.7120761111605417, 0.39793301435406697]"
Alejandro Garnacho,Manchester United,2195,0.3005466970387244,0.1135763097949886,1.2300683371298404,11.644646924829155,1.0660592255125283,83.33,1.7630979498861048,11.11,4.428246013667426,0.4920273348519362,01/07/2004 00:00,Argentina,Attack,right,180.0,https://img.a.transfermarkt.technology/portrait/header/811779-1703629085.jpg?lm=1,45000000,"[0.3161937005554536, 0.21833624247936145, 0.45657744874715267, 0.36522884234038555, 0.16970600131990718, 0.7509457755359394, 0.25336370539104025, 0.12344444444444444, 0.5112969835563439, 0.09884282460136673]"
Timothy Castagne,Fulham,1651,0.0207147183525136,0.0299818291944276,0.1635372501514233,7.904300423985463,0.2725620835857056,82.95,3.706844336765597,49.3,3.107207752877044,0.8176862507571169,05/12/1995 00:00,Belgium,Defender,right,185.0,https://img.a.transfermarkt.technology/portrait/header/262226-1762354618.jpg?lm=1,10000000,"[0.021793163978778705, 0.05524301587142817, 0.06070184736523318, 0.24223368359268269, 0.04338916657703912, 0.7429592265657841, 0.5326872602463154, 0.5477777777777778, 0.32558459278569285, 0.16426408237431858]"
Oleksandr Zinchenko,Arsenal,542,0.1079335793357933,0.0863468634686347,0.0,21.58671586715868,0.4981549815498155,87.06,1.826568265682657,52.17,3.1549815498154983,1.328413284132841,15/12/1996 00:00,Ukraine,Defender,left,175.0,https://img.a.transfermarkt.technology/portrait/header/203853-1688658681.jpg?lm=1,15000000,"[0.11355279628969889, 0.16521146404652803, 0.0, 0.6921574698262615, 0.07930130703176191, 0.8293400588482556, 0.26248462484624846, 0.5796666666666667, 0.33230066325008933, 0.2668634686346863]"
James Justin,Leicester City,2928,0.0461065573770491,0.0255122950819672,0.2151639344262295,5.747950819672131,0.2766393442622951,78.1,3.19672131147541,55.2,2.7049180327868854,0.8913934426229508,23/02/1998 00:00,England,Defender,both,183.0,https://img.a.transfermarkt.technology/portrait/header/413220-1746646113.jpg?lm=1,12000000,"[0.048506947973689096, 0.04652293370094933, 0.079864668715847, 0.1713256642853164, 0.04403822583116287, 0.641025641025641, 0.45938069216757743, 0.6133333333333334, 0.2690304505493431, 0.1790710382513661]"
Conor Bradley,Liverpool FC,755,0.0834437086092715,0.1692715231788079,0.3576158940397351,11.80132450331126,1.1920529801324502,84.28,2.1456953642384105,57.89,6.079470198675496,1.4304635761589404,09/07/2003 00:00,Northern Ireland,Defender,right,181.0,https://img.a.transfermarkt.technology/portrait/header/624258-1762340233.jpg?lm=1,30000000,"[0.08778793869039586, 0.32699786693263283, 0.1327400662251656, 0.3703809274836378, 0.18976295104289162, 0.7709121479613283, 0.3083443708609271, 0.6432222222222223, 0.7434271195243187, 0.287364238410596]"
Alex Scott,Bournemouth,751,0.0898801597869507,0.1210386151797603,0.8388814913448734,12.942743009320903,0.7190412782956058,85.24,4.434087882822903,50.0,6.231691078561917,2.03728362183755,21/08/2003 00:00,England,Midfield,right,178.0,https://img.a.transfermarkt.technology/portrait/header/855256-1656922605.jpg?lm=1,30000000,"[0.09455948313379618, 0.23289523554197286, 0.31137649800266315, 0.40791460258902046, 0.11446420349191733, 0.791088692728037, 0.6371948513093653, 0.5555555555555556, 0.7648264266965468, 0.40926764314247666]"
Harry Winks,Leicester City,1540,0.0128571428571428,0.0894155844155844,0.2337662337662337,10.402597402597404,0.1753246753246753,88.93,1.9285714285714288,57.14,6.194805194805195,0.525974025974026,02/02/1996 00:00,England,Midfield,right,178.0,https://img.a.transfermarkt.technology/portrait/header/249126-1663679564.jpg?lm=1,7000000,"[0.01352650892066298, 0.1711985531127172, 0.08676948051948051, 0.32438608134887215, 0.027909940526762954, 0.8686422866750736, 0.27714285714285714, 0.634888888888889, 0.7596409859250958, 0.10566233766233765]"
Betão,Everton,1541,0.4590525632706035,0.0274497079818299,1.343283582089552,3.09539260220636,1.1096690460739778,58.71,1.0512654120700842,48.53,2.3361453601557427,1.927319922128488,11/11/1983 00:00,Brazil,Defender,right,180.0,https://img.a.transfermarkt.technology/portrait/header/s_18445_1134_2012_1.jpg?lm=1,100000,"[0.48295166827701524, 0.050302835422215836, 0.4986007462686567, 0.08410063875061383, 0.1766482500136457, 0.2335014712063892, 0.15107073329007134, 0.5392222222222223, 0.2171881559558187, 0.38717715768981176]"
Ryan Yates,Nottingham Forest,1928,0.1096991701244813,0.0233402489626556,0.4201244813278008,8.16908713692946,0.4201244813278008,82.73,3.174273858921162,61.54,4.854771784232366,2.474066390041494,21/11/1997 00:00,England,Midfield,right,190.0,https://img.a.transfermarkt.technology/portrait/header/425902-1684239778.jpg?lm=1,10000000,"[0.11541030692163223, 0.042285261459973744, 0.15594203838174275, 0.2509407602727398, 0.06687962927056268, 0.7383354350567466, 0.4561549100968188, 0.6837777777777778, 0.5712582450337494, 0.49701244813278006]"
Pablo Sarabia,Wolverhampton,819,0.3164835164835164,0.2076923076923076,0.8791208791208791,13.076923076923077,0.6593406593406593,76.05,2.197802197802198,30.0,3.736263736263736,1.7582417582417582,11/05/1992 00:00,Spain,Midfield,left,174.0,https://img.a.transfermarkt.technology/portrait/header/74230-1762258624.jpg?lm=1,4000000,"[0.33296021958555166, 0.4019569990439546, 0.3263125763125764, 0.41232689399351574, 0.10496046010064702, 0.5979403110550652, 0.31583231583231586, 0.33333333333333337, 0.4140176791471957, 0.35321123321123316]"
Ian Maatsen,Aston Villa,1164,0.0664948453608247,0.1878865979381443,0.3865979381443299,11.90721649484536,1.0051546391752575,86.85,3.402061855670103,62.5,5.180412371134021,0.8505154639175257,10/03/2002 00:00,Netherlands,Defender,left,178.0,https://img.a.transfermarkt.technology/portrait/header/485585-1704795222.jpg?lm=1,25000000,"[0.06995668702954591, 0.36331596573816205, 0.14349763745704472, 0.37386301191242244, 0.1600105983235379, 0.8249264396805378, 0.4888888888888888, 0.6944444444444444, 0.6170370038482607, 0.1708591065292096]"
Nathan Aké,Manchester City,688,0.0287790697674418,0.0222383720930232,0.0,11.25,0.130813953488372,94.36,1.569767441860465,56.52,3.13953488372093,0.2616279069767441,18/02/1995 00:00,Netherlands,Defender,left,180.0,https://img.a.transfermarkt.technology/portrait/header/177476-1666733797.jpg?lm=1,18000000,"[0.030277360084042203, 0.040135494481317605, 0.0, 0.35225152562448614, 0.02082427733101498, 0.9827658680117697, 0.22558139534883717, 0.6280000000000001, 0.3301291612012827, 0.0525581395348837]"
Kyle Walker-Peters,Southampton,2922,0.0258726899383983,0.0708418891170431,0.1848049281314168,11.149897330595484,1.1704312114989732,90.5,1.9404517453798769,34.38,4.158110882956879,0.8624229979466118,13/04/1997 00:00,England,Defender,right,173.0,https://img.a.transfermarkt.technology/portrait/header/341051-1766483117.jpg?lm=1,13000000,"[0.02721966887525616, 0.13496118583070346, 0.06859599589322382, 0.3489598135567139, 0.18632098102055308, 0.901639344262295, 0.2788501026694045, 0.38200000000000006, 0.4733212167338276, 0.17325119780971934]"
Yegor Yarmolyuk,Brentford,1462,0.0375512995896032,0.0560191518467852,0.1231190150478796,9.541723666210672,0.8002735978112175,88.23,3.816689466484268,44.44,6.956224350205199,1.1696306429548564,01/03/2004 00:00,Ukraine,Midfield,right,180.0,https://img.a.transfermarkt.technology/portrait/header/717411-1740606151.jpg?lm=1,25000000,"[0.03950628802409785, 0.1060419553839052, 0.04569938440492476, 0.29607766076678677, 0.1273955789662094, 0.8539302227826819, 0.5484724122207022, 0.49377777777777776, 0.8666817703784556, 0.23496580027359779]"
Mathias Jensen,Brentford,857,0.0252042007001166,0.1837806301050175,0.1050175029171528,13.652275379229872,0.9451575262543758,81.73,2.310385064177363,61.54,5.040840140023337,0.73512252042007,01/01/1996 00:00,Denmark,Midfield,right,180.0,https://img.a.transfermarkt.technology/portrait/header/319859-1684771732.jpg?lm=1,28000000,"[0.02651637688064624, 0.3553052030963933, 0.03898045507584596, 0.43124641060571156, 0.1504596560485938, 0.7173182009247583, 0.33201089070400625, 0.6837777777777778, 0.5974158516877996, 0.14767794632438738]"
Crysencio Summerville,West Ham United,791,0.1854614412136535,0.1968394437420985,0.5689001264222503,8.533501896333753,1.4791403286978506,79.22,1.4791403286978506,28.57,4.323640960809102,1.0240202275600503,30/10/2001 00:00,Netherlands,Attack,right,174.0,https://img.a.transfermarkt.technology/portrait/header/474701-1701683744.jpg?lm=1,22000000,"[0.19511689859009507, 0.3807830102009084, 0.2111646649810367, 0.2629239418236541, 0.23546439500454883, 0.6645649432534677, 0.21255794353139482, 0.3174444444444445, 0.4965915393390153, 0.20571428571428563]"
Facundo Buonanotte,Leicester City,1529,0.2313276651406148,0.1336167429692609,0.7063440156965337,7.122302158273382,1.648136036625245,79.61,3.826030085022891,32.73,4.650098103335514,2.1778940483976457,23/12/2004 00:00,Argentina,Midfield,left,174.0,https://img.a.transfermarkt.technology/portrait/header/983989-1682588141.jpg?lm=1,18000000,"[0.24337100092049724, 0.2574352222867771, 0.2621811641595815, 0.21651895347075673, 0.2623668270141746, 0.6727616645649432, 0.5498146936995858, 0.36366666666666664, 0.5424850900575704, 0.437514715500327]"
Ibrahim Sangaré,Nottingham Forest,597,0.0030150753768844,0.0316582914572864,0.1507537688442211,7.537688442211055,0.0,85.31,5.125628140703517,50.0,6.331658291457286,2.2613065326633164,02/12/1997 00:00,Cote d'Ivoire,Midfield,right,191.0,https://img.a.transfermarkt.technology/portrait/header/375885-1700738495.jpg?lm=1,22000000,"[0.003172045643036535, 0.05851380166699473, 0.0559568676716918, 0.23017824998860825, 0.0, 0.7925598991172762, 0.7365717476270239, 0.5555555555555556, 0.7788798804506948, 0.4542713567839195]"
Jota Silva,Nottingham Forest,891,0.2131313131313131,0.1858585858585858,0.7070707070707071,6.0606060606060606,1.0101010101010102,66.08,3.939393939393939,41.18,4.343434343434343,2.4242424242424243,01/08/1999 00:00,Portugal,Attack,right,179.0,https://img.a.transfermarkt.technology/portrait/header/663244-1770374751.png?lm=1,14000000,"[0.2242273139822593, 0.3593593045892579, 0.2624508978675646, 0.18160681898135747, 0.160798011265301, 0.38839848675914257, 0.5661054994388327, 0.45755555555555555, 0.49937410553552547, 0.48700336700336694]"
Micky van de Ven,Tottenham Hotspur,1018,0.0503929273084479,0.06188605108055,0.1768172888015717,6.100196463654224,0.3536345776031434,90.97,1.768172888015717,48.72,5.5697445972495085,0.8840864440078585,19/04/2001 00:00,Netherlands,Defender,left,193.0,https://img.a.transfermarkt.technology/portrait/header/557459-1744313600.jpg?lm=1,55000000,"[0.05301647406035903, 0.1174883035081364, 0.06563113948919451, 0.18290868443866096, 0.05629509942529791, 0.9115174443043295, 0.25409299279633263, 0.5413333333333333, 0.6717695734202481, 0.17760314341846756]"
Joe Aribo,Southampton,2033,0.1195277914412198,0.0553369404820462,0.3098868666994589,9.25233644859813,0.9296606000983768,89.52,2.9660600098376784,52.0,4.958189867191343,0.8853910477127398,21/07/1996 00:00,Nigeria,Midfield,left,183.0,https://img.a.transfermarkt.technology/portrait/header/468198-1770053489.jpg?lm=1,4000000,"[0.12575062400419643, 0.10471095778807663, 0.11502397934087558, 0.2865616368471361, 0.14799269989105002, 0.8810424548129465, 0.4262338088211182, 0.5777777777777778, 0.5857968242750032, 0.17786522380718148]"
Rodrigo Gomes,Wolverhampton,823,0.0743620899149453,0.0809234507897934,0.3280680437424058,8.311057108140949,0.5467800729040098,70.73,3.2806804374240586,32.0,3.0619684082624548,0.4374240583232078,07/07/2003 00:00,Portugal,Midfield,right,175.0,https://img.a.transfermarkt.technology/portrait/header/667121-1749738496.jpg?lm=1,12000000,"[0.07823351453506204, 0.15463036028627972, 0.1217724787363305, 0.25560920987831115, 0.08704193683923646, 0.4861286254728878, 0.47144592952612396, 0.35555555555555557, 0.3192248172253347, 0.08787363304981774]"
Leif Davis,Ipswich Town,2746,0.0314639475600874,0.1556809905316824,0.065549890750182,7.27603787327021,0.4260742898761835,80.53,2.327021121631464,59.32,3.703568827385288,0.8849235251274581,31/12/1999 00:00,England,Defender,left,182.0,https://img.a.transfermarkt.technology/portrait/header/596446-1738823882.jpg?lm=1,20000000,"[0.033102017460617486, 0.3004826735273247, 0.024330844865258532, 0.22157430025933933, 0.06782677947873202, 0.6920975199663724, 0.3344015537751881, 0.6591111111111111, 0.4094214082638587, 0.1777713037144938]"
Guido Rodríguez,West Ham United,1172,0.0176621160409556,0.0138225255972696,0.0767918088737201,5.60580204778157,0.2303754266211604,84.9,3.762798634812287,61.11,4.069965870307168,1.3822525597269624,12/04/1994 00:00,Argentina,Midfield,right,185.0,https://img.a.transfermarkt.technology/portrait/header/342385-1668181269.jpg?lm=1,6000000,"[0.018581637681115575, 0.023716138206014523, 0.028503626279863473, 0.16665133511273122, 0.036673471340627095, 0.783942833123161, 0.5407281001137656, 0.679, 0.46092973533654163, 0.277679180887372]"
Wout Faes,Leicester City,2812,0.0489687055476529,0.0137624466571835,0.0320056899004267,3.232574679943101,0.1600284495021337,88.39,2.1763869132290186,55.95,2.880512091038407,0.7361308677098151,03/04/1998 00:00,Belgium,Defender,right,187.0,https://img.a.transfermarkt.technology/portrait/header/292808-1668080038.jpg?lm=1,12000000,"[0.051518104744061564, 0.023598923910053443, 0.011879889758179218, 0.08861164633367179, 0.02547493386155462, 0.8572929802437999, 0.3127548601232812, 0.6216666666666667, 0.29371557385795977, 0.1478805120910384]"
Will Hughes,Crystal Palace,2118,0.0458923512747875,0.1121813031161473,0.0424929178470254,8.371104815864022,0.2124645892351274,81.01,3.739376770538244,51.35,5.141643059490085,2.762039660056657,17/04/1995 00:00,England,Midfield,left,185.0,https://img.a.transfermarkt.technology/portrait/header/207014-1700672424.jpg?lm=1,6000000,"[0.0482815899151145, 0.21561457785799745, 0.01577254485363547, 0.2575837802402199, 0.03382224457917449, 0.7021857923497268, 0.5373622914699402, 0.5705555555555556, 0.6115867895981298, 0.5548630783758262]"
Diogo Jota,Liverpool FC,1206,0.591044776119403,0.0843283582089552,0.9701492537313432,8.059701492537313,0.8208955223880596,71.24,1.6417910447761193,40.74,3.059701492537313,1.716417910447761,04/12/1996 00:00,Portugal,Attack,right,178.0,https://img.a.transfermarkt.technology/portrait/header/340950-1751532770.jpg?lm=1,40000000,"[0.6218156339648084, 0.1612733507481244, 0.36010053897180766, 0.2473437928009569, 0.13067838378202445, 0.49684741488020157, 0.23593145384190156, 0.4526666666666667, 0.31890613278485547, 0.34480928689883905]"
Emerson,West Ham United,2133,0.0822784810126582,0.0919831223628692,0.2953586497890295,7.4261603375527425,0.4219409282700422,82.37,3.4177215189873418,47.37,3.5443037974683547,1.0548523206751057,03/08/1994 00:00,Italy,Defender,left,176.0,https://img.a.transfermarkt.technology/portrait/header/181778-1660636930.jpg?lm=1,10000000,"[0.08656204724193643, 0.1762078317786364, 0.10963138771683076, 0.22651083122561788, 0.06716878951588523, 0.7307692307692308, 0.49113924050632907, 0.5263333333333333, 0.38703183004351505, 0.21190811064228787]"
David Brooks,Bournemouth,960,0.23625,0.189375,1.125,12.84375,1.03125,82.18,1.78125,41.18,4.6875,1.03125,08/07/1997 00:00,Wales,Attack,left,173.0,https://img.a.transfermarkt.technology/portrait/header/277033-1700650102.jpg?lm=1,12000000,"[0.24854960141718335, 0.36621984519304934, 0.4175781250000001, 0.4046593798727317, 0.16416471962616824, 0.7267759562841531, 0.2559722222222222, 0.45755555555555555, 0.5477430722486106, 0.20716666666666664]"
Abdoulaye Doucouré,Everton,2585,0.1441392649903288,0.048742746615087,0.3481624758220503,8.112185686653772,0.8355899419729207,82.74,2.019342359767892,40.0,5.222437137330754,1.7059961315280463,01/01/1993 00:00,Mali,Midfield,right,183.0,https://img.a.transfermarkt.technology/portrait/header/127187-1687966805.jpg?lm=1,6000000,"[0.15164341528851638, 0.09184565439825684, 0.12923114119922632, 0.24906964942564205, 0.13301758889350856, 0.7385456073980663, 0.29018697614442296, 0.4444444444444445, 0.6229448719499033, 0.34271566731141195]"
Sam Morsy,Ipswich Town,2753,0.0143843080276062,0.0487104976389393,0.0980748274609517,9.480566654558665,0.5557573556120595,87.35,3.1710860879041047,42.86,5.132582637123138,1.5691972393752271,10/09/1991 00:00,Egypt,Midfield,right,175.0,https://img.a.transfermarkt.technology/portrait/header/123551-1658821486.jpg?lm=1,400000,"[0.015133181066342908, 0.09178273649342696, 0.036403468942971313, 0.2940666127649567, 0.08847103075319702, 0.8354350567465321, 0.45569681559510833, 0.4762222222222222, 0.6103130697149897, 0.31523428986560115]"
Pau Torres,Aston Villa,2020,0.0231683168316831,0.0196039603960396,0.1336633663366336,7.440594059405941,0.6683168316831684,89.33,1.3811881188118813,39.58,2.7623762376237626,0.3564356435643565,16/01/1997 00:00,Spain,Defender,left,192.0,https://img.a.transfermarkt.technology/portrait/header/399776-1765899002.jpg?lm=1,25000000,"[0.024374501223372928, 0.034995744813779706, 0.04961324257425741, 0.22698546049064827, 0.10638937725548257, 0.8770491803278688, 0.19848184818481848, 0.43977777777777777, 0.27710796117591796, 0.0716039603960396]"
Darwin Núñez,Liverpool FC,1137,0.4519788918205805,0.0411609498680738,1.029023746701847,5.778364116094987,0.633245382585752,71.43,1.978891820580475,37.04,3.245382585751979,2.137203166226913,24/06/1999 00:00,Uruguay,Attack,right,187.0,https://img.a.transfermarkt.technology/portrait/header/546543-1681827179.jpg?lm=1,70000000,"[0.4755097287237482, 0.07705353312335517, 0.3819536059806509, 0.17232575564603023, 0.10080635218109636, 0.5008406893652797, 0.28437408384637936, 0.41155555555555556, 0.34500929782200757, 0.42934036939313985]"
Axel Disasi,Aston Villa,853,0.0390386869871043,0.0400937866354044,0.1055099648300117,7.069167643610785,1.0550996483001172,90.41,2.321219226260258,61.9,3.165298944900352,0.5275498241500586,11/03/1998 00:00,France,Defender,right,191.0,https://img.a.transfermarkt.technology/portrait/header/386047-1727785671.jpg?lm=1,15000000,"[0.04107111149415854, 0.07497149261442428, 0.03916324736225087, 0.21477171212174423, 0.1679613458820436, 0.8997477931904161, 0.33356779992184443, 0.6877777777777778, 0.33375108914962925, 0.10597889800703397]"
Daichi Kamada,Crystal Palace,1594,0.061543287327478,0.0897741530740276,0.2258469259723964,9.316185696361355,0.3952321204516938,82.45,3.670012547051442,23.53,5.025094102885822,1.5809284818067753,05/08/1996 00:00,Japan,Midfield,right,180.0,https://img.a.transfermarkt.technology/portrait/header/356141-1707947777.jpg?lm=1,12000000,"[0.06474734194771575, 0.17189812225945802, 0.08382998745294853, 0.2886612146169464, 0.06291701356723226, 0.7324506094997898, 0.5273943956503554, 0.2614444444444445, 0.5952022638692137, 0.31759096612296106]"
Leon Bailey,Aston Villa,1151,0.1352736750651607,0.2306689834926151,0.469157254561251,10.790616854908777,1.7202432667245873,77.56,0.7819287576020851,40.0,4.613379669852302,0.938314509122502,09/08/1997 00:00,Jamaica,Attack,left,178.0,https://img.a.transfermarkt.technology/portrait/header/387626-1767803367.jpg?lm=1,18000000,"[0.14231626674998207, 0.44678460208753906, 0.1741420503909644, 0.33714546450320526, 0.27384557922002, 0.6296763345943674, 0.11236605849985519, 0.4444444444444445, 0.5373231895510395, 0.1884969591659426]"
Myles Lewis-Skelly,Arsenal,1377,0.0104575163398692,0.0313725490196078,0.065359477124183,12.483660130718954,0.7843137254901961,93.55,1.8954248366013071,52.38,3.464052287581699,0.7189542483660131,26/09/2006 00:00,England,Defender,left,178.0,https://img.a.transfermarkt.technology/portrait/header/890721-1758053582.jpg?lm=1,40000000,"[0.01100195351571713, 0.05795631682104538, 0.024260167029774873, 0.3928184152386607, 0.12485492639423372, 0.9657419083648591, 0.2723795691115952, 0.5820000000000001, 0.3757500222364585, 0.1444299201161946]"
Jhon Durán,Aston Villa,626,0.6987220447284346,0.0359424920127795,2.1565495207667733,5.894568690095847,0.4313099041533546,72.33,1.1501597444089458,47.5,2.731629392971246,2.012779552715655,13/12/2003 00:00,Colombia,Attack,left,185.0,https://img.a.transfermarkt.technology/portrait/header/649317-1772000650.png?lm=1,32000000,"[0.7350987755286847, 0.06687229719219069, 0.8004692492012782, 0.17614695243173473, 0.06866023707861814, 0.519756200084069, 0.1652822151224707, 0.5277777777777778, 0.2727855503884694, 0.40434504792332265]"
Mads Roerslev,Brentford,1107,0.016260162601626,0.1715447154471544,0.1626016260162601,8.455284552845528,0.5691056910569106,82.13,1.7886178861788615,41.67,3.170731707317073,0.4878048780487805,24/06/1999 00:00,Denmark,Defender,right,184.0,https://img.a.transfermarkt.technology/portrait/header/391005-1684772936.jpg?lm=1,6000000,"[0.017106696015291994, 0.3314328757882576, 0.060354561878952113, 0.2603518927963814, 0.09059595268849885, 0.7257250945775535, 0.25703101475459195, 0.463, 0.33451483031204987, 0.09799457994579945]"
Abdukodir Khusanov,Manchester City,504,0.0035714285714285,0.0160714285714285,0.0,7.857142857142858,0.0,91.3,1.4285714285714286,63.64,4.821428571428572,0.5357142857142857,29/02/2004 00:00,Uzbekistan,Defender,right,186.0,https://img.a.transfermarkt.technology/portrait/header/763079-1740493347.jpg?lm=1,35000000,"[0.0037573635890729914, 0.02810375853392037, 0.0, 0.24068298436771693, 0.0, 0.9184531315678857, 0.20529100529100527, 0.7071111111111111, 0.5665708351762466, 0.1076190476190476]"
Caleb Okoli,Leicester City,1128,0.0494680851063829,0.0143617021276595,0.1595744680851064,2.632978723404255,0.0,86.47,3.191489361702128,51.11,3.5106382978723403,1.2765957446808511,13/07/2001 00:00,Italy,Defender,right,191.0,https://img.a.transfermarkt.technology/portrait/header/461833-1652094910.jpg?lm=1,8000000,"[0.05204348290396941, 0.024768074164235775, 0.05923093971631207, 0.06889491692308343, 0.0, 0.8169398907103824, 0.45862884160756506, 0.5678888888888889, 0.38229911290576646, 0.25645390070921986]"
Kobbie Mainoo,Manchester United,1656,0.0418478260869565,0.0972826086956521,0.108695652173913,10.271739130434783,1.25,87.41,3.5326086956521743,38.0,4.782608695652175,1.4673913043478262,19/04/2005 00:00,England,Midfield,right,184.0,https://img.a.transfermarkt.technology/portrait/header/820374-1719349758.jpg?lm=1,40000000,"[0.044026499445877866, 0.18654715465221383, 0.040345712560386465, 0.3200830217380951, 0.19898753894080998, 0.8366960907944514, 0.5076489533011272, 0.4222222222222222, 0.5611135125885262, 0.29478260869565215]"
Victor Kristiansen,Leicester City,2489,0.0047006830052229,0.0625552430695058,0.0,6.183206106870229,0.2892728003214142,81.79,4.664523905182804,35.38,3.579750903977501,0.6870229007633588,16/12/2002 00:00,Denmark,Defender,left,181.0,https://img.a.transfermarkt.technology/portrait/header/564529-1718628197.jpg?lm=1,14000000,"[0.004945409046927743, 0.1187939002402997, 0.0, 0.18563832038084968, 0.046049346094779654, 0.7185792349726776, 0.6703093611892326, 0.39311111111111113, 0.3920150066032741, 0.1380152671755725]"
Lucas Bergvall,Tottenham Hotspur,1219,0.0516817063166529,0.0605414273995077,0.1476620180475799,11.222313371616078,1.5504511894995898,88.66,4.651353568498769,52.94,5.389663658736669,1.4766201804758,02/02/2006 00:00,Sweden,Midfield,right,187.0,https://img.a.transfermarkt.technology/portrait/header/866246-1701861399.jpg?lm=1,40000000,"[0.05437234922990055, 0.11486493635352124, 0.05480926989335518, 0.35134109626921095, 0.24681637315709984, 0.8629676334594367, 0.668416735028712, 0.5882222222222222, 0.6464536816583905, 0.296636587366694]"
Nélson Semedo,Wolverhampton,2891,0.0336215842269111,0.0532341750259425,0.2179176755447942,7.315807679003806,0.9961950882047736,82.22,2.6461432030439296,40.0,4.327222414389485,1.4942926323071604,16/11/1993 00:00,Portugal,Defender,right,177.0,https://img.a.transfermarkt.technology/portrait/header/231572-1765459986.jpg?lm=1,7500000,"[0.03537198458672174, 0.10060845244834785, 0.08088680387409203, 0.22288206507964825, 0.15858432712543283, 0.7276166456494324, 0.3802605788077943, 0.4444444444444445, 0.49709502233915875, 0.3001867865790384]"
Jannik Vestergaard,Leicester City,1395,0.0064516129032258,0.0070967741935483,0.1290322580645161,2.903225806451613,0.2580645161290322,90.81,2.4516129032258065,58.7,2.967741935483871,0.7741935483870968,03/08/1992 00:00,Denmark,Defender,both,199.0,https://img.a.transfermarkt.technology/portrait/header/99331-1701083132.jpg?lm=1,4000000,"[0.006787495515744888, 0.010594165440406096, 0.04789426523297491, 0.077781548916407, 0.04108129836197366, 0.9081546868432115, 0.3523058542413381, 0.6522222222222223, 0.3059784003326652, 0.15552688172043008]"
Jack Stephens,Southampton,1394,0.0368005738880918,0.0180774748923959,0.1291248206599713,6.779053084648494,0.0,92.43,3.034433285509326,37.5,2.840746054519369,0.8393113342898135,27/01/1994 00:00,England,Defender,right,185.0,https://img.a.transfermarkt.technology/portrait/header/163744-1720190433.jpg?lm=1,1200000,"[0.03871647818755057, 0.03201756438403233, 0.04792862266857963, 0.20523177077498983, 0.0, 0.9422026061370326, 0.43605930176948826, 0.4166666666666667, 0.2881252393970902, 0.16860832137733142]"
Eddie Nketiah,Crystal Palace,1045,0.494354066985646,0.0749282296650717,1.3779904306220097,5.942583732057416,0.9473684210526316,75.74,1.5502392344497609,35.59,2.2392344497607657,2.6698564593301435,30/05/1999 00:00,England,Attack,right,175.0,https://img.a.transfermarkt.technology/portrait/header/340324-1730795033.jpg?lm=1,16000000,"[0.5200910319925751, 0.14293365554651316, 0.5114832535885169, 0.17772584831932395, 0.15081160846040337, 0.5914249684741486, 0.22277511961722488, 0.3954444444444445, 0.2035643591322176, 0.5363444976076555]"
Flynn Downes,Southampton,2161,0.0262378528459046,0.0599722350763535,0.1249421564090698,7.454881999074502,0.3331790837575196,90.85,3.3734382230448863,50.0,3.456732993984266,2.0823692734844976,20/01/1999 00:00,England,Midfield,right,178.0,https://img.a.transfermarkt.technology/portrait/header/506189-1659355597.jpg?lm=1,12000000,"[0.02760384282282454, 0.11375443944180216, 0.04637609902822765, 0.22745529594768835, 0.05303878872277026, 0.9089953762084908, 0.48477556686719103, 0.5555555555555556, 0.37472107133240345, 0.4183248496066635]"
Lesley Ugochukwu,Southampton,1664,0.046514423076923,0.032451923076923,0.0540865384615384,8.058894230769232,1.0276442307692308,85.57,3.4615384615384617,53.85,3.623798076923077,1.6766826923076923,26/03/2004 00:00,France,Midfield,right,190.0,https://img.a.transfermarkt.technology/portrait/header/711999-1666698684.jpg?lm=1,25000000,"[0.04893604789807174, 0.06006218070655234, 0.02007587139423075, 0.24731724732200358, 0.16359071710999284, 0.7980243799915929, 0.49743589743589745, 0.5983333333333334, 0.3982071859195015, 0.336826923076923]"
Timo Werner,Tottenham Hotspur,508,0.1736220472440944,0.2692913385826772,0.5314960629921259,13.818897637795274,1.7716535433070866,74.24,1.2401574803149606,0.0,3.188976377952756,0.5314960629921259,06/03/1996 00:00,Germany,Attack,right,180.0,https://img.a.transfermarkt.technology/portrait/header/170527-1774652461.jpg?lm=1,17000000,"[0.18266112440107954, 0.5221369993460883, 0.1972810039370079, 0.4367255102395369, 0.2820295827507543, 0.5598991172761663, 0.17821522309711285, 0.0, 0.3370796776015967, 0.10677165354330706]"
Stephy Mavididi,Leicester City,1620,0.1022222222222222,0.1811111111111111,0.3888888888888889,9.88888888888889,1.9444444444444444,82.77,2.5,37.5,4.611111111111111,1.0,31/05/1998 00:00,England,Attack,right,182.0,https://img.a.transfermarkt.technology/portrait/header/340328-1707385825.jpg?lm=1,8000000,"[0.10754409561613575, 0.35009695892668874, 0.14434799382716051, 0.3074936195998408, 0.3095361716857044, 0.7391761244220261, 0.3592592592592592, 0.4166666666666667, 0.5370042741343293, 0.20088888888888887]"
Jack Clarke,Ipswich Town,1186,0.0887858347386172,0.0918212478920742,0.1517706576728499,9.258010118043844,1.897133220910624,78.92,2.9595278246205736,28.0,5.691399662731872,1.1382799325463744,23/11/2000 00:00,England,Attack,right,181.0,https://img.a.transfermarkt.technology/portrait/header/559794-1708003059.jpg?lm=1,15000000,"[0.09340818554825489, 0.17589201392131207, 0.056334317032040476, 0.28674820615936425, 0.30200469653748563, 0.6582597730138715, 0.4252951096121417, 0.3111111111111111, 0.6888719191513796, 0.22866779089376052]"
Issa Diop,Fulham,1357,0.0351510685335298,0.006632277081798,0.1326455416359616,3.5814296241709656,0.0663227708179808,87.55,2.3212969786293294,60.61,2.984524686809138,0.6632277081798084,09/01/1997 00:00,Morocco,Defender,right,194.0,https://img.a.transfermarkt.technology/portrait/header/272622-1780316727.jpg?lm=1,10000000,"[0.03698109660697112, 0.009687929380786225, 0.04923544583640381, 0.10008316888794552, 0.010557923952644295, 0.8396385035729297, 0.33357897322525176, 0.6734444444444445, 0.30833773008474963, 0.13323507737656592]"
Kyle Walker,Manchester City,973,0.0129496402877697,0.1239465570400822,0.184994861253854,18.96197327852004,0.277492291880781,88.65,1.8499486125385405,56.25,4.254881808838643,0.5549845837615621,28/05/1990 00:00,England,Defender,right,183.0,https://img.a.transfermarkt.technology/portrait/header/95424-1668090663.jpg?lm=1,2500000,"[0.013623821934480671, 0.2385686438505232, 0.06866649537512846, 0.6058471156147875, 0.04417400658912122, 0.862757461118117, 0.2658444672833162, 0.625, 0.4869253344463906, 0.1114902363823227]"
Oliver Scarles,West Ham United,662,0.0149546827794561,0.0190332326283987,0.0,8.021148036253777,0.2719033232628399,81.68,4.350453172205438,50.0,4.622356495468278,0.6797583081570997,12/12/2005 00:00,England,Defender,left,180.0,https://img.a.transfermarkt.technology/portrait/header/922563-1667548640.jpg?lm=1,8000000,"[0.01573325055726658, 0.0338822522426126, 0.0, 0.24607602563692635, 0.04328429850072, 0.7162673392181591, 0.6251762336354482, 0.5555555555555556, 0.538585157350274, 0.13655589123867068]"
Luke Woolfenden,Ipswich Town,1186,0.0022765598650927,0.0037942664418212,0.0,2.7318718381112985,0.0,88.55,2.124789207419899,50.0,2.8836424957841484,0.3794266441821248,21/10/1998 00:00,England,Defender,right,193.0,https://img.a.transfermarkt.technology/portrait/header/527425-1664180037.jpg?lm=1,2000000,"[0.0023950816807244333, 0.0041509572135310134, 0.0, 0.07214685476886963, 0.0, 0.860655737704918, 0.3053400786958966, 0.5555555555555556, 0.2941556481288318, 0.07622259696458684]"
Paul Onuachu,Southampton,1067,0.3053420805998125,0.0236176194939081,1.2652296157450795,3.964386129334583,0.6747891283973758,61.3,0.6747891283973758,60.39,1.6026241799437675,2.361761949390816,28/05/1994 00:00,Nigeria,Attack,right,201.0,https://img.a.transfermarkt.technology/portrait/header/272855-1756305316.png?lm=1,6000000,"[0.32123874044011375, 0.04282641267693128, 0.46962863167760077, 0.1126760653309462, 0.10741970237104644, 0.28793610760823873, 0.09696969696969697, 0.671, 0.11406928642620183, 0.47445173383317724]"
Tyler Dibling,Southampton,1883,0.1223579394583112,0.0697822623473181,0.4301646309081253,8.268720127456188,2.150823154540627,84.3,2.0074349442379185,28.57,3.823685608072225,1.4338821030270843,17/02/2006 00:00,England,Attack,left,178.0,https://img.a.transfermarkt.technology/portrait/header/866655-1724485194.jpg?lm=1,30000000,"[0.12872811463530623, 0.13289384899658438, 0.15966874668082848, 0.254217027721111, 0.342389604975159, 0.771332492643968, 0.28847583643122676, 0.3174444444444445, 0.42630750094954556, 0.28805098247477423]"
Edson Álvarez,West Ham United,1783,0.0191811553561413,0.0449242849130678,0.0504767246214245,9.641054402692092,0.7066741446999439,86.52,3.4324172742568706,55.56,4.441951766685362,2.120022434099832,24/10/1997 00:00,Mexico,Midfield,right,190.0,https://img.a.transfermarkt.technology/portrait/header/401356-1765380634.jpg?lm=1,22000000,"[0.02017976092482536, 0.08439581757665032, 0.01873597868760514, 0.2993439890867172, 0.11249547910955494, 0.8179907524169818, 0.4932510749672836, 0.6173333333333334, 0.5132237469483065, 0.4258889512058329]"
Simon Adingra,Brighton & Hove Albion,1147,0.193025283347864,0.2189189189189189,0.6277244986922407,9.72972972972973,1.647776809067132,81.93,2.4324324324324325,63.64,3.687881429816914,1.020052310374891,01/01/2002 00:00,Cote d'Ivoire,Attack,right,175.0,https://img.a.transfermarkt.technology/portrait/header/658536-1746437487.jpg?lm=1,22000000,"[0.20307452799809728, 0.42386017058909364, 0.23299912816041854, 0.3022599317469865, 0.2623096415680077, 0.7215216477511561, 0.34954954954954953, 0.7071111111111111, 0.40721606403283744, 0.20491717523975586]"
Álex Moreno,Nottingham Forest,966,0.0149068322981366,0.1043478260869565,0.0,8.198757763975156,0.7453416149068324,77.81,3.726708074534162,21.43,4.658385093167702,1.1180124223602486,08/06/1993 00:00,Spain,Defender,left,179.0,https://img.a.transfermarkt.technology/portrait/header/193098-1667289023.jpg?lm=1,3500000,"[0.015682908893522318, 0.20033142716346128, 0.0, 0.25191643016931387, 0.11865095489638361, 0.6349306431273645, 0.5355417529330573, 0.2381111111111111, 0.5436500803078201, 0.22459627329192547]"
Raheem Sterling,Arsenal,509,0.2528487229862475,0.0866404715127701,0.0,18.7426326129666,1.768172888015717,84.62,1.768172888015717,25.0,2.829076620825147,2.1218074656188604,08/12/1994 00:00,England,Attack,right,170.0,https://img.a.transfermarkt.technology/portrait/header/134425-1684165974.jpg?lm=1,5000000,"[0.2660124838818016, 0.16578429472783698, 0.0, 0.5986344576502147, 0.28147549712648956, 0.7780580075662045, 0.25409299279633263, 0.2777777777777778, 0.2864847430582507, 0.42624754420432215]"
Jens Cajuste,Ipswich Town,1976,0.0314271255060728,0.0337044534412955,0.0455465587044534,5.602226720647773,1.2753036437246963,85.93,3.279352226720648,37.14,4.873481781376518,1.0931174089068827,10/08/1999 00:00,Sweden,Midfield,right,188.0,https://img.a.transfermarkt.technology/portrait/header/468066-1691568301.jpg?lm=1,8000000,"[0.03306327838400928, 0.06250587336523428, 0.01690599696356274, 0.16653376634515923, 0.2030156267736199, 0.8055905842791089, 0.4712550607287449, 0.4126666666666667, 0.5738885082169473, 0.21959514170040487]"
Mason Mount,Manchester United,625,0.47664,0.08352,1.296,11.808,0.144,83.97,2.736,30.77,2.592,2.304,10/01/1999 00:00,England,Midfield,right,181.0,https://img.a.transfermarkt.technology/portrait/header/346483-1683291495.jpg?lm=1,32000000,"[0.5014547387068202, 0.15969624006322794, 0.4810500000000001, 0.3706004402412837, 0.02292336448598131, 0.764396805380412, 0.3931733333333333, 0.3418888888888889, 0.25315636237764655, 0.4628479999999999]"
James Hill,Bournemouth,456,0.0572368421052631,0.0513157894736842,0.0,5.723684210526316,0.1973684210526315,71.71,4.736842105263158,55.56,2.5657894736842106,1.381578947368421,10/01/2002 00:00,England,Defender,right,184.0,https://img.a.transfermarkt.technology/portrait/header/611793-1774469525.jpg?lm=1,7000000,"[0.06021669541435514, 0.09686567317215543, 0.0, 0.17052769665224154, 0.03141908509591735, 0.506725514922236, 0.6807017543859649, 0.6173333333333334, 0.2494716700792191, 0.27754385964912276]"
Boubakary Soumaré,Leicester City,2180,0.0107339449541284,0.0425229357798165,0.0,7.431192660550459,1.114678899082569,87.52,2.642201834862385,66.67,5.779816513761468,0.9908256880733946,27/02/1999 00:00,France,Midfield,right,188.0,https://img.a.transfermarkt.technology/portrait/header/344605-1746644742.jpg?lm=1,14000000,"[0.011292773502571853, 0.07971077407209759, 0.0, 0.2266763109120144, 0.1774457686701535, 0.8390079865489701, 0.37969418960244644, 0.7407777777777779, 0.70130161575933, 0.19904587155963302]"
Nathan Broadhead,Ipswich Town,696,0.2237068965517241,0.1396551724137931,1.0344827586206895,7.758620689655173,2.1982758620689653,81.57,1.6810344827586208,9.09,4.137931034482759,0.5172413793103449,05/04/1998 00:00,Wales,Attack,right,178.0,https://img.a.transfermarkt.technology/portrait/header/344009-1629189855.jpg?lm=1,7000000,"[0.23535348136383533, 0.26921622666263895, 0.38397988505747127, 0.23744324451271095, 0.3499436029648727, 0.7139554434636399, 0.24157088122605364, 0.101, 0.47048432092486286, 0.10390804597701149]"
Welington,Southampton,486,0.0074074074074074,0.0296296296296296,0.0,5.37037037037037,0.9259259259259258,83.69,5.185185185185185,55.56,3.888888888888889,1.111111111111111,19/02/2001 00:00,Brazil,Defender,left,170.0,https://img.a.transfermarkt.technology/portrait/header/729264-1764146570.jpg?lm=1,3000000,"[0.007793050406966352, 0.05455587285648096, 0.0, 0.1589095506200654, 0.14739817699319258, 0.7585119798234552, 0.7451303155006859, 0.6173333333333334, 0.4354738192356699, 0.2232098765432098]"
Justin Devenny,Crystal Palace,519,0.1317919075144508,0.0710982658959537,1.0404624277456649,8.84393063583815,0.3468208092485549,77.96,2.947976878612717,13.33,4.682080924855492,1.3872832369942196,11/10/2003 00:00,Northern Ireland,Midfield,left,184.0,https://img.a.transfermarkt.technology/portrait/header/747009-1736159687.jpg?lm=1,8000000,"[0.1386532320961991, 0.13546137813765338, 0.38619942196531803, 0.27313188167269764, 0.05521041542866404, 0.6380832282471625, 0.42363519588953114, 0.1481111111111111, 0.5469812552515386, 0.2786897880539499]"
Jesper Lindstrøm,Everton,1245,0.1532530120481927,0.1409638554216867,0.7228915662650602,7.951807228915662,0.5783132530120482,78.74,4.120481927710843,33.33,5.0602409638554215,1.0843373493975903,29/02/2000 00:00,Denmark,Attack,right,182.0,https://img.a.transfermarkt.technology/portrait/header/513245-1663065433.jpg?lm=1,22000000,"[0.16123164046798347, 0.2717694733941332, 0.2683232931726908, 0.2437958669392438, 0.09206170476297715, 0.6544766708701133, 0.5921285140562248, 0.37033333333333335, 0.6001432317219108, 0.21783132530120478]"
Sean Longstaff,Newcastle United,837,0.064516129032258,0.0247311827956989,0.1075268817204301,9.032258064516128,0.2150537634408602,86.01,3.655913978494624,56.25,3.333333333333333,0.9677419354838708,30/10/1997 00:00,England,Midfield,right,187.0,https://img.a.transfermarkt.technology/portrait/header/346707-1682341336.jpg?lm=1,18000000,"[0.06787495515744887, 0.04499897993994298, 0.03991188769414576, 0.2793247202189578, 0.03423441530164473, 0.8072719630096681, 0.52536837913182, 0.625, 0.35737346931362424, 0.19440860215053757]"
Victor Lindelöf,Manchester United,725,0.0,0.0124137931034482,0.0,4.344827586206897,0.0,93.68,1.862068965517241,53.13,3.6,0.993103448275862,17/07/1994 00:00,Sweden,Defender,right,187.0,https://img.a.transfermarkt.technology/portrait/header/184573-1695244778.jpg?lm=1,15000000,"[0.0, 0.020967694454774435, 0.0, 0.12518625853675291, 0.0, 0.9684741488020179, 0.26758620689655166, 0.5903333333333334, 0.3948616372762062, 0.19950344827586206]"
Conor Chaplin,Ipswich Town,869,0.1574223245109321,0.0642117376294591,0.4142692750287687,8.492520138089759,0.4142692750287687,74.84,1.9677790563866515,23.08,2.796317606444189,1.139240506329114,16/02/1997 00:00,England,Attack,left,168.0,https://img.a.transfermarkt.technology/portrait/header/349503-1612349000.jpg?lm=1,4000000,"[0.16561801486289382, 0.12202572895315685, 0.15376869965477563, 0.2615763239332145, 0.06594753879741459, 0.5725094577553596, 0.282777138473341, 0.2564444444444444, 0.28187946018299326, 0.22886075949367088]"
Jack Harrison,Everton,2088,0.1517241379310344,0.1349137931034482,0.3017241379310345,6.422413793103448,1.0344827586206895,73.29,1.8103448275862069,12.5,3.146551724137931,0.560344827586207,20/11/1996 00:00,England,Attack,left,175.0,https://img.a.transfermarkt.technology/portrait/header/417346-1711746777.jpg?lm=1,10000000,"[0.15962317040475915, 0.2599657732267089, 0.11199413314176247, 0.19350427272919202, 0.1646793425717048, 0.5399327448507778, 0.2601532567049808, 0.1388888888888889, 0.3311155930467296, 0.11256704980842912]"
Igor Julião,Brighton & Hove Albion,967,0.0046535677352637,0.0251292657704239,0.0,6.235780765253361,0.4653567735263703,92.71,0.8376421923474665,57.14,3.90899689762151,0.8376421923474665,23/08/1994 00:00,Brazil,Defender,right,175.0,https://img.a.transfermarkt.technology/portrait/header/223977-1489611046.jpg?lm=1,500000,"[0.0048958408709742105, 0.04577564170444169, 0.0, 0.18736715177454033, 0.07408015927475864, 0.9480874316939889, 0.12037228541882111, 0.634888888888889, 0.4383006157685258, 0.16827300930713548]"
Gonçalo Guedes,Wolverhampton,1011,0.28486646884273,0.0827893175074184,0.712166172106825,9.97032640949555,0.8011869436201781,77.42,1.869436201780416,31.58,3.204747774480712,1.3353115727002969,29/11/1996 00:00,Portugal,Attack,right,179.0,https://img.a.transfermarkt.technology/portrait/header/225122-1701334424.jpg?lm=1,6000000,"[0.29969713137769743, 0.15827067506796844, 0.26434223541048474, 0.3101715588690438, 0.12754097451399096, 0.6267339218158892, 0.2686449060336301, 0.35088888888888886, 0.3392968304592635, 0.26824925816023737]"
Dominic Calvert-Lewin,Everton,1629,0.3729281767955801,0.0370165745856353,1.1049723756906076,4.751381215469613,0.5524861878453038,63.48,0.8839779005524862,50.59,1.933701657458564,1.4917127071823204,16/03/1997 00:00,England,Attack,right,189.0,https://img.a.transfermarkt.technology/portrait/header/306024-1685705768.jpg?lm=1,15000000,"[0.39234349079271247, 0.06896783736651683, 0.4101442602823818, 0.13855510769533844, 0.08795029345450164, 0.3337536780159731, 0.1270308983016165, 0.5621111111111111, 0.16061236674758667, 0.2996685082872928]"
Kasey McAteer,Leicester City,874,0.1060640732265446,0.0648741418764302,0.7208237986270023,6.693363844393593,0.6178489702517163,78.64,2.883295194508009,43.33,4.633867276887872,1.853546910755149,22/11/2001 00:00,Ireland,Midfield,right,177.0,https://img.a.transfermarkt.technology/portrait/header/621193-1731659829.jpg?lm=1,900000,"[0.11158596031805548, 0.12331808276863819, 0.2675557780320367, 0.20241402067998013, 0.09835539682200219, 0.6523749474569147, 0.4143401983218917, 0.48144444444444445, 0.5402033502524177, 0.3723569794050343]"
Santiago Bueno,Wolverhampton,1716,0.0225524475524475,0.0062937062937062,0.1573426573426573,1.7307692307692308,0.0,88.05,2.937062937062937,52.24,2.2552447552447554,1.3636363636363638,09/11/1998 00:00,Uruguay,Defender,right,190.0,https://img.a.transfermarkt.technology/portrait/header/438001-1738823992.jpg?lm=1,10000000,"[0.023726568677852947, 0.009027376173584265, 0.058402534965034954, 0.039227237806910925, 0.0, 0.850147120638924, 0.42206682206682206, 0.5804444444444445, 0.20581509796140285, 0.2739393939393939]"
Radu Drăgușin,Tottenham Hotspur,1251,0.0086330935251798,0.0115107913669064,0.0719424460431654,4.316546762589928,0.0,85.17,1.7985611510791366,59.65,3.4532374100719423,0.4316546762589928,03/02/2002 00:00,Romania,Defender,right,191.0,https://img.a.transfermarkt.technology/portrait/header/568559-1704716630.jpg?lm=1,25000000,"[0.009082547956320448, 0.019205933800397205, 0.026703637090327716, 0.12425629004599939, 0.0, 0.7896174863387979, 0.2584598987476685, 0.6627777777777778, 0.3742296599442816, 0.0867146282973621]"
Joe Willock,Newcastle United,1097,0.1337283500455788,0.0762989972652689,0.2461257976298997,10.50136736554239,0.984503190519599,86.98,2.9535095715587967,25.0,3.2816773017319965,1.886964448495898,20/08/1999 00:00,England,Midfield,right,186.0,https://img.a.transfermarkt.technology/portrait/header/340329-1761077592.jpg?lm=1,16000000,"[0.14069048932066108, 0.14560802961092087, 0.09135711030082043, 0.32763396955099, 0.1567230935686963, 0.8276586801176966, 0.42443026435733816, 0.2777777777777778, 0.35011163185505667, 0.37907019143117593]"
Carlos Soler,West Ham United,1419,0.1179704016913319,0.120507399577167,0.5708245243128964,8.372093023255813,0.507399577167019,88.71,1.522198731501057,47.83,4.059196617336152,1.649048625792812,02/01/1997 00:00,Spain,Midfield,right,180.0,https://img.a.transfermarkt.technology/portrait/header/372246-1759159072.jpg?lm=1,8000000,"[0.12411215373293356, 0.2318588313914955, 0.21187896405919668, 0.2576162758191727, 0.08077295449605817, 0.8640184951660359, 0.2187455954897815, 0.5314444444444445, 0.45941578697075786, 0.3312755461592671]"
Fábio Carvalho,Brentford,456,0.4914473684210527,0.1105263157894737,1.1842105263157896,11.644736842105264,0.3947368421052631,74.7,3.1578947368421053,25.0,5.921052631578948,0.986842105263158,30/08/2002 00:00,Portugal,Midfield,right,170.0,https://img.a.transfermarkt.technology/portrait/header/559263-1687517452.jpg?lm=1,14000000,"[0.5170330054542912, 0.21238568976439018, 0.4395559210526317, 0.3652317991225037, 0.06283817019183473, 0.569567044976881, 0.45380116959064326, 0.2777777777777778, 0.7211566781610476, 0.19824561403508772]"
Jordan Ayew,Leicester City,1701,0.1534391534391534,0.0783068783068783,0.5291005291005292,6.507936507936509,1.3756613756613758,80.33,2.1164021164021167,32.79,4.973544973544974,1.6402116402116402,11/09/1991 00:00,Ghana,Attack,right,182.0,https://img.a.transfermarkt.technology/portrait/header/108354-1668429913.jpg?lm=1,1800000,"[0.1614274727157317, 0.1495254150096738, 0.19639182833627286, 0.19631654690888475, 0.218991577247029, 0.6878940731399747, 0.3041348226533412, 0.36433333333333334, 0.5879554547977591, 0.32950029394473834]"
Tommy Doyle,Wolverhampton,521,0.0950095969289827,0.0570057581573896,0.345489443378119,13.301343570057584,0.8637236084452975,85.41,2.763915547024952,14.29,7.428023032629559,0.8637236084452975,17/10/2001 00:00,England,Midfield,right,172.0,https://img.a.transfermarkt.technology/portrait/header/433183-1682690588.jpg?lm=1,8000000,"[0.099955968031771, 0.10796682895728249, 0.1282389635316699, 0.4197065937547786, 0.13749618813568443, 0.794661622530475, 0.3971849008317338, 0.15877777777777777, 0.9330075263206403, 0.17351247600767752]"
Jean-Clair Todibo,West Ham United,1855,0.017466307277628,0.0048517520215633,0.0,2.911051212938005,0.4366576819407008,88.33,3.54177897574124,51.85,3.83288409703504,0.7762803234501348,30/12/1999 00:00,France,Defender,right,190.0,https://img.a.transfermarkt.technology/portrait/header/605184-1699439806.jpg?lm=1,23000000,"[0.018375634760145983, 0.0062141165758770305, 0.0, 0.07803887457135421, 0.06951154999118322, 0.8560319461958805, 0.5089667565139263, 0.5761111111111111, 0.42760063032169543, 0.15594609164420484]"
Nathan Wood,Southampton,778,0.0266066838046272,0.005784061696658,0.0,2.892030848329049,0.4627249357326478,94.06,2.197943444730077,62.5,2.31362467866324,1.0411311053984575,31/05/2002 00:00,England,Defender,right,188.0,https://img.a.transfermarkt.technology/portrait/header/503990-1720788273.jpg?lm=1,4000000,"[0.02799187578697616, 0.008033057156841274, 0.0, 0.07741342108355834, 0.07366119693438723, 0.9764606977721733, 0.31585261353898886, 0.6944444444444444, 0.21402218436673343, 0.20915167095115678]"
Craig Dawson,Wolverhampton,987,0.0446808510638297,0.0082066869300911,0.0911854103343465,3.282674772036474,0.0911854103343465,86.74,2.188449848024316,65.63,3.191489361702128,0.547112462006079,06/05/1990 00:00,England,Defender,right,188.0,https://img.a.transfermarkt.technology/portrait/header/121477-1700673087.jpg?lm=1,900000,"[0.04700701681648849, 0.012759610433371236, 0.03384625126646404, 0.09025910567437967, 0.01451580831179161, 0.8226145439260193, 0.3144883485309017, 0.7292222222222222, 0.3374329544399105, 0.10990881458966563]"
Kristoffer Ajer,Brentford,1460,0.0591780821917808,0.0308219178082191,0.184931506849315,6.780821917808219,0.4315068493150685,77.78,2.3424657534246576,54.9,2.589041095890411,0.8013698630136987,17/04/1998 00:00,Norway,Defender,right,198.0,https://img.a.transfermarkt.technology/portrait/header/328658-1700649482.jpg?lm=1,16000000,"[0.06225899996359972, 0.05688203272607589, 0.06864297945205479, 0.2052899359517267, 0.06869158878504673, 0.6343001261034049, 0.33662100456621, 0.61, 0.25274039777422613, 0.16098630136986303]"
Roméo Lavia,Chelsea,801,0.0292134831460674,0.0404494382022471,0.0,10.44943820224719,1.1235955056179774,92.18,4.269662921348314,66.67,4.4943820224719095,1.797752808988764,06/01/2004 00:00,Belgium,Midfield,right,181.0,https://img.a.transfermarkt.technology/portrait/header/628451-1683898478.jpg?lm=1,30000000,"[0.030734389807249338, 0.07566537050167026, 0.0, 0.3259263642043496, 0.1788652035423011, 0.9369482976040355, 0.6135663753641281, 0.7407777777777779, 0.5205944253304837, 0.36114856429463166]"
George Hirst,Ipswich Town,673,0.2848439821693908,0.0361069836552748,0.9361069836552748,4.011887072808321,0.2674591381872214,57.63,0.6686478454680534,58.18,1.6047548291233285,1.7384843982169391,15/02/1999 00:00,Scotland,Attack,right,191.0,https://img.a.transfermarkt.technology/portrait/header/420808-1738823357.jpg?lm=1,8000000,"[0.29967347400755706, 0.06719322116386757, 0.34746471025260034, 0.11423805593312711, 0.042576828540084155, 0.21080285834384194, 0.09608717186726101, 0.6464444444444445, 0.11436881442987452, 0.3492421991084695]"
Omari Hutchinson,Ipswich Town,2590,0.099034749034749,0.0854826254826254,0.6602316602316602,7.922779922779923,1.7722007722007722,84.39,1.494208494208494,21.21,3.8223938223938223,1.0424710424710424,30/10/2003 00:00,England,Midfield,left,174.0,https://img.a.transfermarkt.technology/portrait/header/741238-1770845529.jpg?lm=1,30000000,"[0.10419067682132338, 0.16352533165258562, 0.2450651544401545, 0.24284135159544393, 0.28211669613538776, 0.7732240437158471, 0.21472329472329468, 0.2356666666666667, 0.426125900905232, 0.20942084942084938]"
Richarlison,Tottenham Hotspur,514,0.6513618677042802,0.1068093385214007,1.22568093385214,3.67704280155642,0.1750972762645914,62.5,0.8754863813229572,30.3,1.9260700389105057,1.22568093385214,10/05/1997 00:00,Brazil,Attack,right,184.0,https://img.a.transfermarkt.technology/portrait/header/378710-1665608231.jpg?lm=1,28000000,"[0.6852729422063533, 0.20513384955289304, 0.45494892996108954, 0.10322725137555559, 0.027873740863304117, 0.31315678856662466, 0.125810635538262, 0.33666666666666667, 0.15953950900525177, 0.24622568093385208]"
Yves Bissouma,Tottenham Hotspur,1430,0.0396503496503496,0.0396503496503496,0.2517482517482517,10.195804195804197,0.4405594405594406,89.01,4.216783216783217,50.0,5.349650349650349,1.7622377622377623,30/08/1996 00:00,Mali,Midfield,right,182.0,https://img.a.transfermarkt.technology/portrait/header/410425-1665607355.jpg?lm=1,15000000,"[0.04171461841966709, 0.07410634496148945, 0.09344405594405596, 0.3175860259818787, 0.07013267106725052, 0.8703236654056328, 0.6059673659673659, 0.5555555555555556, 0.6408285854642655, 0.354013986013986]"
Vladimír Coufal,West Ham United,1074,0.0251396648044692,0.0837988826815642,0.1675977653631284,7.877094972067039,0.4189944134078212,82.24,2.5139664804469275,57.5,3.2681564245810053,1.843575418994413,22/08/1992 00:00,Czech Republic,Defender,right,174.0,https://img.a.transfermarkt.technology/portrait/header/157672-1755091456.jpg?lm=1,2700000,"[0.02644848112978799, 0.16024034149258803, 0.062209031657355654, 0.24133907693611897, 0.06669973372317652, 0.7280369903320723, 0.3612662942271881, 0.638888888888889, 0.34821085842891497, 0.37035381750465535]"
Joshua Zirkzee,Manchester United,1406,0.3085348506401138,0.0684921763869132,0.7041251778093883,6.465149359886202,0.7041251778093883,72.1,1.2802275960170697,29.87,3.6486486486486487,0.5761024182076814,22/05/2001 00:00,Netherlands,Attack,right,193.0,https://img.a.transfermarkt.technology/portrait/header/435648-1775738266.jpg?lm=1,25000000,"[0.32459773185147295, 0.13037688519260546, 0.26135757467994314, 0.19490956173635543, 0.11208970899084034, 0.5149222362337116, 0.18397344713134187, 0.3318888888888889, 0.4017006949450556, 0.11573257467994309]"
Yukinari Sugawara,Southampton,1564,0.0281969309462915,0.1415601023017902,0.3452685421994885,10.070332480818417,0.5179028132992328,84.63,2.41687979539642,35.71,2.531969309462916,0.8631713554987213,28/06/2000 00:00,Japan,Defender,right,179.0,https://img.a.transfermarkt.technology/portrait/header/405385-1758702447.jpg?lm=1,7500000,"[0.029664914065136907, 0.2729327538742842, 0.12815696930946294, 0.31346009446736756, 0.0824449649831489, 0.7782681799075242, 0.34731457800511517, 0.3967777777777778, 0.2447172100910316, 0.1734015345268542]"
Leny Yoro,Manchester United,1169,0.0538922155688622,0.0130881094952951,0.0769888793840889,6.236099230111206,0.1539777587681779,92.47,3.618477331052181,50.0,3.5414884516680925,0.6928999144568007,13/11/2005 00:00,France,Defender,right,190.0,https://img.a.transfermarkt.technology/portrait/header/923831-1747857948.jpg?lm=1,55000000,"[0.056697941583617455, 0.02228328892118939, 0.02857677502138578, 0.18737762396895796, 0.024511724215121156, 0.9430432955023118, 0.5199885942400911, 0.5555555555555556, 0.38663604695764137, 0.13919589392643283]"
Jorginho,Arsenal,709,0.0076163610719322,0.0748942172073342,0.0,14.72496473906911,0.1269393511988716,86.89,2.411847672778561,25.0,6.98166431593794,1.904090267983075,20/12/1991 00:00,Italy,Midfield,right,180.0,https://img.a.transfermarkt.technology/portrait/header/102017-1682590896.jpg?lm=1,5000000,"[0.008012882576415237, 0.1428672970807697, 0.0, 0.46652004048749895, 0.020207479271845293, 0.8257671290458175, 0.34659144334743763, 0.2777777777777778, 0.870258136784773, 0.38251057827926654]"
Wes Burns,Ipswich Town,933,0.0491961414790996,0.1128617363344051,0.0964630225080385,4.437299035369775,0.8681672025723473,69.85,2.2186495176848875,27.59,4.823151125401929,0.3858520900321543,23/11/1994 00:00,Wales,Midfield,right,173.0,https://img.a.transfermarkt.technology/portrait/header/255731-1664179868.jpg?lm=1,1200000,"[0.05175738140060769, 0.21694210628164007, 0.03580519828510179, 0.12822703044567976, 0.13820356402319922, 0.46763345943673795, 0.3188281529117542, 0.3065555555555556, 0.5668129928987885, 0.077513397642015]"
Adam Armstrong,Southampton,1252,0.1797124600638977,0.0409744408945686,0.646964856230032,6.110223642172524,0.4313099041533546,83.64,1.0782747603833869,35.71,1.6533546325878594,0.8626198083067093,10/02/1997 00:00,England,Attack,right,173.0,https://img.a.transfermarkt.technology/portrait/header/250426-1708002412.jpg?lm=1,9000000,"[0.18906861510511433, 0.07668965323485338, 0.24014077476038345, 0.18323841175493275, 0.06866023707861814, 0.7574611181168558, 0.15495207667731634, 0.3967777777777778, 0.12120100541197505, 0.17329073482428112]"
Diego Carlos,Aston Villa,828,0.0706521739130434,0.0097826086956521,0.108695652173913,3.260869565217392,0.2173913043478261,89.0,1.4130434782608696,50.0,3.91304347826087,1.1956521739130437,15/03/1993 00:00,Brazil,Defender,right,185.0,https://img.a.transfermarkt.technology/portrait/header/329145-1737106245.jpg?lm=1,8500000,"[0.07433045360992363, 0.015834241243689227, 0.040345712560386465, 0.08954207721895861, 0.03460652851144522, 0.8701134930643126, 0.20305958132045088, 0.5555555555555556, 0.438869486623585, 0.24019323671497586]"
Rasmus Højlund,Manchester United,2022,0.2332344213649851,0.0471810089020771,0.5786350148367952,4.050445103857567,0.400593471810089,76.31,0.2225519287833828,24.6,1.5578635014836797,0.7566765578635015,04/02/2003 00:00,Denmark,Attack,left,191.0,https://img.a.transfermarkt.technology/portrait/header/610442-1757931324.jpg?lm=1,45000000,"[0.2453770263154897, 0.088798696741481, 0.21477806627101884, 0.11550597353082326, 0.06377048725699548, 0.6034047919293821, 0.03198153643257501, 0.2733333333333334, 0.10777680205533598, 0.15200791295746785]"
Cheick Doucouré,Crystal Palace,462,0.0779220779220779,0.0214285714285714,0.0,6.8181818181818175,0.3896103896103896,85.71,5.259740259740259,50.0,6.038961038961038,1.3636363636363635,08/01/2000 00:00,Mali,Midfield,right,180.0,https://img.a.transfermarkt.technology/portrait/header/543387-1693826399.jpg?lm=1,15000000,"[0.08197884194341234, 0.03855556955893216, 0.0, 0.20651845498765362, 0.062022090059473234, 0.8009667927700712, 0.7558441558441558, 0.5555555555555556, 0.7377323163365739, 0.27393939393939387]"
Tim Iroegbunam,Everton,582,0.0371134020618556,0.0201030927835051,0.0,4.793814432989691,1.2371134020618555,74.19,6.958762886597938,73.33,7.886597938144329,2.319587628865979,30/06/2003 00:00,England,Midfield,right,183.0,https://img.a.transfermarkt.technology/portrait/header/696589-1650877564.jpg?lm=1,12000000,"[0.03904559276067674, 0.035969554459960154, 0.0, 0.13995045444299417, 0.1969361210135851, 0.5588482555695671, 1.0, 0.8147777777777778, 0.9974742753757511, 0.46597938144329887]"
Adam Smith,Bournemouth,1604,0.0364713216957605,0.0381546134663341,0.0,6.172069825436409,0.3366583541147132,78.71,2.188279301745636,48.28,2.8054862842892767,1.0660847880299251,29/04/1991 00:00,England,Defender,right,174.0,https://img.a.transfermarkt.technology/portrait/header/61841-1737920848.jpg?lm=1,500000,"[0.0383700845318059, 0.07118815659961705, 0.0, 0.1852721220346529, 0.05359265387932039, 0.6538461538461537, 0.3144638403990025, 0.5364444444444445, 0.2831683986894362, 0.21416458852867826]"
Jack Taylor,Ipswich Town,846,0.0787234042553191,0.0851063829787234,0.425531914893617,7.446808510638298,0.425531914893617,83.82,3.085106382978723,46.67,5.638297872340425,1.702127659574468,23/06/1998 00:00,Ireland,Midfield,right,185.0,https://img.a.transfermarkt.technology/portrait/header/458178-1706522764.jpg?lm=1,3000000,"[0.0828218867719084, 0.16279128074985155, 0.1579491725768322, 0.227189812524793, 0.06774043878836085, 0.7612442202606136, 0.44334121355397943, 0.5185555555555555, 0.6814068360114732, 0.34193853427895976]"
James Bree,Southampton,1078,0.0091836734693877,0.0584415584415584,0.0834879406307977,7.764378478664192,0.3339517625231911,86.49,2.3376623376623376,65.0,5.426716141001855,0.3339517625231911,11/12/1997 00:00,England,Defender,right,182.0,https://img.a.transfermarkt.technology/portrait/header/324223-1720190887.jpg?lm=1,2500000,"[0.009661792086187828, 0.1107680820953767, 0.030989100185528737, 0.23763257995878265, 0.05316179147954849, 0.817360235393022, 0.3359307359307359, 0.7222222222222222, 0.651662542953095, 0.06708719851576994]"
Michail Antonio,West Ham United,844,0.2367298578199052,0.099170616113744,0.4265402843601895,4.691943127962085,0.9597156398104264,70.78,0.2132701421800947,43.59,2.3459715639810423,1.2796208530805686,28/03/1990 00:00,Jamaica,Attack,right,180.0,https://img.a.transfermarkt.technology/portrait/header/104124-1709884222.jpg?lm=1,700000,"[0.2490544415013076, 0.19023066604512098, 0.1583234597156398, 0.13660058369415318, 0.1527771625991053, 0.4871794871794872, 0.03064770932069509, 0.4843333333333334, 0.21856952987870898, 0.25706161137440753]"
Kalvin Phillips,Ipswich Town,1239,0.0312348668280871,0.034866828087167,0.1452784503631961,7.627118644067796,0.3631961259079903,81.06,3.922518159806295,26.67,4.939467312348668,2.0338983050847457,02/12/1995 00:00,England,Midfield,right,179.0,https://img.a.transfermarkt.technology/portrait/header/351749-1661978510.jpg?lm=1,6000000,"[0.03286101037223217, 0.06477367179116486, 0.053924535916061334, 0.2331190154689529, 0.05781720259781403, 0.7032366540563262, 0.5636803874092009, 0.29633333333333334, 0.5831647957226377, 0.4085875706214689]"
Hee-chan Hwang,Wolverhampton,661,0.1089258698940998,0.0449319213313161,0.4084720121028744,8.305597579425115,0.2723146747352496,83.6,1.0892586989409985,25.0,3.812405446293495,0.8169440242057489,26/01/1996 00:00,"Korea, South",Attack,right,177.0,https://img.a.transfermarkt.technology/portrait/header/292246-1708341416.jpg?lm=1,10000000,"[0.11459674728549621, 0.0844107162647323, 0.15161686838124058, 0.25542968223269324, 0.04334978155442759, 0.7566204287515761, 0.15653050932929902, 0.2777777777777778, 0.42472172870177255, 0.16411497730711042]"
Jarell Quansah,Liverpool FC,496,0.0181451612903225,0.0362903225806451,0.0,6.350806451612903,0.1814516129032258,91.53,3.4475806451612905,41.18,3.4475806451612905,1.6330645161290325,29/01/2003 00:00,England,Defender,right,190.0,https://img.a.transfermarkt.technology/portrait/header/632349-1758704191.jpg?lm=1,40000000,"[0.01908983113803243, 0.06755091627348073, 0.0, 0.1911495827740919, 0.028885287910762742, 0.923287095418243, 0.4954301075268817, 0.45755555555555555, 0.373434428370174, 0.32806451612903226]"
Kamaldeen Sulemana,Southampton,1427,0.0939733707077785,0.0536089698668535,0.5045550105115627,7.063770147161878,2.459705676243868,83.84,1.7659425367904695,32.5,3.973370707778556,1.3875262789067977,15/02/2002 00:00,Ghana,Attack,right,175.0,https://img.a.transfermarkt.technology/portrait/header/746695-1751520001.jpg?lm=1,18000000,"[0.09886579400316428, 0.10133967895374672, 0.18728100911002105, 0.21459422430546204, 0.39156062322760643, 0.7616645649432536, 0.2537724830647045, 0.3611111111111111, 0.44735032654687085, 0.2787386124737211]"
Morato,Nottingham Forest,922,0.0175704989154013,0.0039045553145336,0.0976138828633405,3.2212581344902387,0.1952277657266811,77.63,3.1236442516268985,30.0,3.5140997830802605,1.0737527114967462,30/06/2001 00:00,Brazil,Defender,left,192.0,https://img.a.transfermarkt.technology/portrait/header/673492-1701295349.jpg?lm=1,14000000,"[0.018485250802641462, 0.004366131325271308, 0.036232375271149656, 0.08823952030092685, 0.03107831410789223, 0.6311475409836065, 0.4488792480115691, 0.33333333333333337, 0.38278573067654587, 0.21570498915401298]"
Sammie Szmodics,Ipswich Town,1001,0.3065934065934066,0.0413586413586413,1.078921078921079,3.8661338661338656,0.3596403596403597,77.01,1.978021978021978,35.29,3.776223776223776,0.8091908091908092,24/09/1995 00:00,Ireland,Midfield,right,168.0,https://img.a.transfermarkt.technology/portrait/header/292139-1708002780.jpg?lm=1,0,"[0.3225552127235033, 0.07743923015547918, 0.4004745254745256, 0.1094452008356468, 0.05725116005489838, 0.618116855821774, 0.28424908424908424, 0.39211111111111113, 0.41963528673399625, 0.16255744255744253]"
Patson Daka,Leicester City,736,0.1528532608695652,0.0097826086956521,0.4891304347826087,3.423913043478261,0.2445652173913043,73.91,2.4456521739130435,30.0,2.2010869565217392,1.8342391304347827,09/10/1998 00:00,Zambia,Attack,right,183.0,https://img.a.transfermarkt.technology/portrait/header/365172-1638810490.jpg?lm=1,15000000,"[0.16081107752146953, 0.015834241243689227, 0.18155570652173916, 0.09490349453335713, 0.03893234457537586, 0.5529634300126103, 0.3514492753623188, 0.33333333333333337, 0.19820156050510734, 0.3684782608695652]"
Conor Coady,Leicester City,1732,0.0223441108545034,0.0270207852193995,0.1039260969976905,2.286374133949192,0.0519630484988452,91.47,1.351039260969977,37.14,3.2217090069284064,0.4157043879907621,25/02/1993 00:00,England,Defender,right,185.0,https://img.a.transfermarkt.technology/portrait/header/128901-1668090438.jpg?lm=1,1500000,"[0.02350738559537854, 0.04946600508619611, 0.03857534642032332, 0.057497393593869975, 0.008271999309317726, 0.9220260613703237, 0.1941493456505004, 0.4126666666666667, 0.3416812511999569, 0.08351039260969975]"
Axel Tuanzebe,Ipswich Town,1717,0.0104834012813046,0.0146767617938264,0.0,7.33838089691322,0.209668025626092,86.14,2.830518345952242,56.1,2.568433313919627,0.891089108910891,14/11/1997 00:00,DR Congo,Defender,right,185.0,https://img.a.transfermarkt.technology/portrait/header/342046-1774470130.jpg?lm=1,5000000,"[0.011029186073924434, 0.02538275706147999, 0.0, 0.22362434831987443, 0.03337705953113178, 0.8100042034468264, 0.40675596971461847, 0.6233333333333334, 0.24984334280476228, 0.17900990099009897]"
Tariq Lamptey,Brighton & Hove Albion,869,0.0403912543153049,0.0818181818181818,0.2071346375143843,5.385500575373993,1.0356731875719218,87.04,2.4856156501726123,6.25,4.039125431530495,1.5535097813578826,30/09/2000 00:00,Ghana,Defender,right,163.0,https://img.a.transfermarkt.technology/portrait/header/504148-1692364960.jpg?lm=1,8000000,"[0.042494095918768765, 0.1563759847499733, 0.0768843498273878, 0.15940708259093658, 0.1648688469935365, 0.8289197141656159, 0.35719217491369387, 0.06944444444444445, 0.45659416702816796, 0.3120828538550057]"
Wilson Odobert,Tottenham Hotspur,849,0.1706713780918728,0.0805653710247349,0.4240282685512367,10.070671378091872,1.2720848056537102,84.77,1.9081272084805647,33.33,3.604240282685512,0.2120141342756183,28/11/2004 00:00,France,Attack,right,182.0,https://img.a.transfermarkt.technology/portrait/header/743498-1740605858.jpg?lm=1,22000000,"[0.17955683808701114, 0.15393174497284226, 0.15739104829210837, 0.31347123854825376, 0.20250321984082428, 0.7812105926860025, 0.2742049469964663, 0.37033333333333335, 0.39545773888691854, 0.04259128386336865]"
Will Smallbone,Southampton,695,0.0725179856115108,0.117841726618705,0.1294964028776978,8.546762589928058,0.5179856115107914,82.48,2.848920863309353,40.0,2.9784172661870505,1.4244604316546765,21/02/2000 00:00,Ireland,Midfield,right,183.0,https://img.a.transfermarkt.technology/portrait/header/444211-1740298247.jpg?lm=1,5000000,"[0.07629340283309226, 0.22665809085511415, 0.04806654676258992, 0.26335999797871046, 0.0824581456330263, 0.7330811265237496, 0.409400479616307, 0.4444444444444445, 0.30747914504687857, 0.28615827338129496]"
Oliver Skipp,Leicester City,1143,0.0283464566929133,0.0259842519685039,0.0787401574803149,5.511811023622047,0.5511811023622047,84.44,2.5196850393700787,66.67,3.622047244094488,1.6535433070866143,16/09/2000 00:00,England,Midfield,right,175.0,https://img.a.transfermarkt.technology/portrait/header/406638-1738824198.jpg?lm=1,7000000,"[0.02982222439201291, 0.04744372381642242, 0.029226815398075225, 0.16356059447285945, 0.08774253685579023, 0.7742749054224463, 0.36208807232429274, 0.7407777777777779, 0.3979610527376794, 0.3321784776902887]"
Lamare Bogarde,Aston Villa,481,0.0074844074844074,0.0243243243243243,0.1871101871101871,7.484407484407485,0.3742203742203742,88.14,2.806652806652807,50.0,2.4324324324324325,1.496881496881497,05/01/2004 00:00,Netherlands,Midfield,right,185.0,https://img.a.transfermarkt.technology/portrait/header/645686-1724484880.jpg?lm=1,12000000,"[0.007874059246955526, 0.044205197140019595, 0.06945166320166321, 0.2284261930971407, 0.059572153030096955, 0.8520386717108028, 0.40332640332640335, 0.5555555555555556, 0.2307242532238205, 0.3007068607068607]"
Ben Brereton Díaz,Southampton,458,0.1788209606986899,0.0275109170305676,0.1965065502183406,11.593886462882097,0.1965065502183406,79.25,0.5895196506550219,56.25,3.14410480349345,0.7860262008733625,18/04/1999 00:00,Chile,Attack,right,185.0,https://img.a.transfermarkt.technology/portrait/header/426192-1684144984.jpg?lm=1,6000000,"[0.18813070267385054, 0.05042225456549557, 0.07293941048034935, 0.3635596678203573, 0.031281883850957024, 0.6651954602774275, 0.08471615720524017, 0.625, 0.3307716034013118, 0.15790393013100437]"
Archie Gray,Tottenham Hotspur,1764,0.0010204081632653,0.010204081632653,0.0510204081632653,4.183673469387755,0.3571428571428571,89.34,1.7857142857142856,50.0,3.520408163265306,0.8673469387755102,12/03/2006 00:00,England,Midfield,right,187.0,https://img.a.transfermarkt.technology/portrait/header/922693-1695108880.jpg?lm=1,6000000,"[0.0010735324540208696, 0.01665653693509804, 0.01893778344671202, 0.11988696977392166, 0.05685358255451713, 0.8772593526691888, 0.25661375661375657, 0.5555555555555556, 0.38367256673635386, 0.17424036281179137]"
Bobby De Cordova-Reid,Leicester City,788,0.090228426395939,0.0182741116751269,0.3426395939086294,5.710659898477156,0.0,75.14,1.027918781725888,30.0,3.312182741116751,1.027918781725888,02/02/1993 00:00,Jamaica,Midfield,right,170.0,https://img.a.transfermarkt.technology/portrait/header/186186-1657802404.jpg?lm=1,5000000,"[0.09492588113104891, 0.03240120367618421, 0.12718115482233505, 0.1700994135165201, 0.0, 0.578814627994956, 0.14771573604060906, 0.33333333333333337, 0.3544001057379118, 0.2064974619289339]"
Nathaniel Clyne,Crystal Palace,504,0.0035714285714285,0.0446428571428571,0.0,4.107142857142858,0.0,77.83,2.678571428571429,12.5,1.7857142857142858,0.3571428571428571,05/04/1991 00:00,England,Defender,right,175.0,https://img.a.transfermarkt.technology/portrait/header/85177-1700648209.jpg?lm=1,1500000,"[0.0037573635890729914, 0.08384675066731623, 0.0, 0.11737038613655093, 0.0, 0.6353509878100041, 0.38492063492063494, 0.1388888888888889, 0.13980820881649708, 0.07174603174603172]"
Ben Johnson,Ipswich Town,1366,0.0698389458272328,0.0566617862371888,0.1976573938506588,4.282576866764275,0.527086383601757,77.81,3.3601756954612005,51.35,3.7554904831625184,1.77891654465593,24/01/2000 00:00,England,Defender,right,184.0,https://img.a.transfermarkt.technology/portrait/header/468002-1694618190.jpg?lm=1,7000000,"[0.07347488740213745, 0.10729573811581732, 0.0733665812591508, 0.12313924574842516, 0.08390689782570025, 0.6349306431273645, 0.4828696925329429, 0.5705555555555556, 0.41672058733637934, 0.35736456808199124]"
Taiwo Awoniyi,Nottingham Forest,477,0.4,0.0226415094339622,0.7547169811320755,4.90566037735849,0.7547169811320755,64.89,1.1320754716981132,26.92,3.39622641509434,1.509433962264151,12/08/1997 00:00,Nigeria,Attack,right,183.0,https://img.a.transfermarkt.technology/portrait/header/295313-1774469214.jpg?lm=1,12000000,"[0.4208247219761835, 0.04092201733818003, 0.2801362683438156, 0.1436283248434569, 0.12014341973784755, 0.3633879781420766, 0.16268343815513625, 0.29911111111111116, 0.3662150183614031, 0.3032285115303983]"
Cameron Archer,Southampton,1452,0.306198347107438,0.0452479338842975,0.6818181818181819,4.028925619834711,0.9297520661157024,83.0,0.9297520661157024,23.08,2.169421487603306,0.9917355371900828,09/12/2001 00:00,England,Attack,right,175.0,https://img.a.transfermarkt.technology/portrait/header/533662-1641461875.jpg?lm=1,10000000,"[0.3221395857276363, 0.08502725824865369, 0.2530776515151516, 0.11479834060083594, 0.14800726036919748, 0.7440100882723832, 0.13360881542699724, 0.2564444444444444, 0.1937500089397518, 0.19922865013774105]"
Julián Araujo,Bournemouth,516,0.0,0.0174418604651162,0.0,7.5,0.0,81.68,2.7906976744186047,25.0,5.058139534883721,1.2209302325581397,13/08/2001 00:00,Mexico,Defender,right,176.0,https://img.a.transfermarkt.technology/portrait/header/513970-1771532648.jpg?lm=1,10000000,"[0.0, 0.030777477633341956, 0.0, 0.22893892739332017, 0.0, 0.7162673392181591, 0.4010335917312661, 0.2777777777777778, 0.5998478115134638, 0.24527131782945738]"
Raphinha,FC Barcelona,2844,0.5639240506329114,0.3199367088607595,1.360759493670886,16.170886075949365,1.6455696202531644,79.46,1.4873417721518989,60.0,2.9746835443037973,0.3481012658227848,14/12/1996 00:00,Brazil,Attack,left,176.0,https://img.a.transfermarkt.technology/portrait/header/411295-1729754479.png?lm=1,50000000,"[0.5932829545581954, 0.6209463560412304, 0.5050874648382561, 0.5140667916577883, 0.26195827911195235, 0.6696090794451448, 0.21373652133145804, 0.6666666666666667, 0.30695425607280996, 0.06992967651195497]"
Lamine Yamal,FC Barcelona,2861,0.3085983921705698,0.3652219503670045,1.4785040195735757,19.912617965746243,5.06466270534778,78.93,1.8245368752184552,25.0,3.869276476756379,0.9437259699405802,13/07/2007 00:00,Spain,Attack,left,180.0,https://img.a.transfermarkt.technology/portrait/header/937958-1773173768.jpg?lm=1,120000000,"[0.32466458146869315, 0.7092980761776845, 0.5487919433764419, 0.6371075066485254, 0.8062438138419676, 0.6584699453551914, 0.2621927065128743, 0.2777777777777778, 0.43271669398501394, 0.1895840615169521]"
Kylian Mbappé,Real Madrid,2915,0.5838421955403088,0.2034648370497427,2.624356775300172,17.691252144082334,2.562607204116638,85.28,0.2778730703259005,40.0,1.111492281303602,0.7718696397941681,20/12/1998 00:00,France,Attack,right,180.0,https://img.a.transfermarkt.technology/portrait/header/342229-1682683695.jpg?lm=1,180000000,"[0.6142380740405374, 0.3937091838469116, 0.9741102058319043, 0.5640615356908493, 0.4079415206553278, 0.7919293820933164, 0.03993138936535162, 0.4444444444444445, 0.045025654771185766, 0.1550600343053173]"
Pedri,FC Barcelona,2892,0.0678423236514522,0.2800829875518672,0.3423236514522821,28.56846473029045,1.2448132780082988,89.03,2.70746887966805,53.85,7.904564315352697,0.3112033195020747,25/11/2002 00:00,Spain,Midfield,right,174.0,https://img.a.transfermarkt.technology/portrait/header/683840-1744278342.jpg?lm=1,80000000,"[0.07137431747210156, 0.5431915574719458, 0.12706388312586445, 0.9217408278289996, 0.19816186450537093, 0.8707440100882724, 0.38907330567081605, 0.5983333333333334, 1.0, 0.06251728907330567]"
Isco,Real Betis,1551,0.2286266924564796,0.2239845261121856,0.8704061895551257,26.2862669245648,1.5667311411992262,86.21,1.7988394584139265,37.14,4.119922630560928,1.334622823984526,21/04/1992 00:00,Spain,Midfield,right,176.0,https://img.a.transfermarkt.technology/portrait/header/85288-1744375744.jpg?lm=1,8000000,"[0.24052941072333106, 0.43374319415647355, 0.3230778529980658, 0.8466944968686007, 0.24940797917532856, 0.8114754098360655, 0.2584998925424457, 0.4126666666666667, 0.4679526881587643, 0.26811089619600253]"
Federico Valverde,Real Madrid,3032,0.0789577836411609,0.0937994722955145,0.6530343007915567,16.47427440633245,0.4749340369393139,91.12,3.116754617414248,62.79,5.16490765171504,0.3562005277044854,22/07/1998 00:00,Uruguay,Midfield,right,182.0,https://img.a.transfermarkt.technology/portrait/header/369081-1731018042.jpg?lm=1,120000000,"[0.08306846837161797, 0.1797515390788793, 0.24239363456464383, 0.5240432192024694, 0.07560476413582225, 0.9146700294241279, 0.44788918205804745, 0.6976666666666667, 0.6148573406265426, 0.07155672823218995]"
Jude Bellingham,Real Madrid,2494,0.3587008821170809,0.1623897353648757,0.8299919807538091,17.646351242983158,1.479550922213312,87.54,3.2117080994386527,48.39,3.5004009623095427,1.1908580593424218,29/06/2003 00:00,England,Midfield,right,186.0,https://img.a.transfermarkt.technology/portrait/header/581678-1748102891.jpg?lm=1,160000000,"[0.3773754974738308, 0.31357146639348255, 0.30807688452285487, 0.56258504321686, 0.2355297573990662, 0.83942833123161, 0.46153434910451746, 0.5376666666666667, 0.38085994182426347, 0.2392301523656776]"
Giovani Lo Celso,Real Betis,1455,0.1503092783505154,0.3216494845360824,1.1752577319587627,19.85567010309278,1.2989690721649485,84.82,2.4123711340206184,31.25,4.701030927835051,0.8041237113402061,09/04/1996 00:00,Argentina,Midfield,left,177.0,https://img.a.transfermarkt.technology/portrait/header/348795-1726734706.jpg?lm=1,16000000,"[0.15813465068074106, 0.6242879894760832, 0.4362328178694158, 0.6352348696065228, 0.2067829270642644, 0.7822614543926019, 0.3466666666666666, 0.3472222222222222, 0.5496452586062479, 0.1615395189003436]"
Antony,Real Betis,1364,0.1893695014662756,0.1913489736070381,1.121700879765396,20.58651026392962,1.5835777126099708,84.02,2.309384164222874,26.32,4.816715542521995,0.9897360703812316,24/02/2000 00:00,Brazil,Attack,left,172.0,https://img.a.transfermarkt.technology/portrait/header/602105-1758783018.jpg?lm=1,30000000,"[0.19922841951328474, 0.3700710770267523, 0.4163535557184752, 0.6592673493730491, 0.2520897854030203, 0.7654476670870112, 0.33186705767350927, 0.29244444444444445, 0.5659082746040132, 0.19882697947214073]"
Rodrygo,Real Madrid,1937,0.1858544140423335,0.1946824987093443,0.9292720702116676,22.16313887454827,2.2767165720185853,90.91,1.486835312338668,30.43,3.29891584925142,0.371708828084667,09/01/2001 00:00,Brazil,Attack,right,174.0,https://img.a.transfermarkt.technology/portrait/header/412363-1763041611.jpg?lm=1,110000000,"[0.1955303302935287, 0.3765748002511539, 0.3449277232834281, 0.7111121948186436, 0.3624305820253885, 0.9102564102564101, 0.21366374118051967, 0.33811111111111114, 0.35253503772320327, 0.07467217346411976]"
Luka Modrić,Real Madrid,1830,0.0762295081967213,0.3083606557377049,0.2950819672131147,29.95081967213115,0.6885245901639344,91.33,2.8524590163934427,31.58,5.163934426229509,1.1311475409836067,09/09/1985 00:00,Croatia,Midfield,right,172.0,https://img.a.transfermarkt.technology/portrait/header/27992-1687776160.jpg?lm=1,4000000,"[0.08019815398316608, 0.5983614217051332, 0.10952868852459016, 0.9671973023772847, 0.10960625095756091, 0.9190836485918452, 0.4099089253187614, 0.35088888888888886, 0.6147205239747913, 0.22723497267759563]"
Vinicius Junior,Real Madrid,2257,0.3329641116526362,0.2783340717766947,1.1165263624280015,15.272485600354452,3.269827204253433,79.03,0.9570225963668586,12.5,2.83119184758529,1.1962782454585732,12/07/2000 00:00,Brazil,Attack,right,176.0,https://img.a.transfermarkt.technology/portrait/header/371998-1761575144.jpg?lm=1,180000000,"[0.35029882428566883, 0.5397794145315364, 0.41443287549844926, 0.4845243658183953, 0.5205238945088799, 0.66057166876839, 0.13752769162605227, 0.1388888888888889, 0.2867821029684877, 0.24031900753212224]"
Dani Olmo,FC Barcelona,1222,0.3645662847790507,0.2725040916530278,1.2520458265139116,15.687397708674304,1.6939443535188217,83.33,1.3993453355155483,50.0,3.387888707037644,1.546644844517185,07/05/1998 00:00,Spain,Midfield,right,179.0,https://img.a.transfermarkt.technology/portrait/header/293385-1711546268.jpg?lm=1,60000000,"[0.3835462635850853, 0.5284050957655367, 0.46473506546644855, 0.4981680698489265, 0.26965905440751337, 0.7509457755359394, 0.20109110747408618, 0.5555555555555556, 0.3650428981112066, 0.31070376432078556]"
Robert Lewandowski,FC Barcelona,2681,0.8053338306602014,0.0500186497575531,1.6113390525923164,5.87467362924282,0.6713912719134651,74.66,0.4364043267437523,48.05,1.5106303618052963,1.0070869078701976,21/08/1988 00:00,Poland,Attack,right,186.0,https://img.a.transfermarkt.technology/portrait/header/38253-1760445524.jpg?lm=1,15000000,"[0.8472609634639852, 0.09433494745742806, 0.5980977247295787, 0.17549273599286702, 0.10687879749152047, 0.5687263556116013, 0.06271291806539847, 0.5338888888888889, 0.10113673752909848, 0.20231256993659077]"
Daniel Carvajal,Real Madrid,609,0.1935960591133005,0.038423645320197,0.1477832512315271,14.77832512315271,0.2955665024630542,88.06,3.251231527093596,58.33,3.103448275862069,0.4433497536945813,11/01/1992 00:00,Spain,Defender,right,173.0,https://img.a.transfermarkt.technology/portrait/header/138927-1721026790.jpg?lm=1,12000000,"[0.20367501938009866, 0.07171303901758999, 0.05485426929392448, 0.46827470918188874, 0.047051240734772806, 0.8503572929802439, 0.46721401204159824, 0.6481111111111111, 0.32505608313898465, 0.089064039408867]"
Cucho Hernández,Real Betis,1149,0.2968668407310705,0.0524804177545691,0.8616187989556136,8.14621409921671,1.3315926892950392,74.66,1.723237597911227,45.31,2.1932114882506526,0.7832898172323759,20/04/1999 00:00,Colombia,Attack,right,176.0,https://img.a.transfermarkt.technology/portrait/header/459463-1773344529.jpg?lm=1,18000000,"[0.31232226428650167, 0.09913786845064484, 0.31981614447345524, 0.2501886179501268, 0.21197628169151558, 0.5687263556116013, 0.24763562518131707, 0.5034444444444445, 0.19709442221511803, 0.15735422106179284]"
Iago Aspas,Celta Vigo,1747,0.2076130509444763,0.2024613623354322,1.2364052661705782,14.424728105323412,0.7727532913566113,76.69,1.081854607899256,50.0,2.833428734974241,0.8242701774470521,01/08/1987 00:00,Spain,Attack,left,176.0,https://img.a.transfermarkt.technology/portrait/header/72047-1758827533.jpg?lm=1,1800000,"[0.21842176110584113, 0.3917513999382061, 0.45892959358900987, 0.4566472513164693, 0.12301462052437022, 0.6113913408995375, 0.1554665140240412, 0.5555555555555556, 0.28709656600655165, 0.16558672009158557]"
Arda Güler,Real Madrid,1273,0.2283582089552238,0.3139041633935586,1.2018853102906522,22.05813040062844,1.4139827179890023,89.94,2.6158680282796545,42.11,3.959151610369207,1.0604870384917515,25/02/2005 00:00,Türkiye,Midfield,left,175.0,https://img.a.transfermarkt.technology/portrait/header/861410-1699472585.jpg?lm=1,45000000,"[0.24024694948640316, 0.6091768313329418, 0.4461164571877456, 0.7076591634172185, 0.22509195292597514, 0.8898696931483816, 0.37590992406389107, 0.4678888888888889, 0.44535139687702846, 0.21304006284367627]"
Iñigo Martínez,FC Barcelona,2493,0.0176895306859205,0.0667870036101083,0.0722021660649819,13.068592057761734,0.1083032490974729,91.39,1.552346570397112,64.52,4.548736462093863,0.6498194945848376,17/05/1991 00:00,Spain,Defender,left,182.0,https://img.a.transfermarkt.technology/portrait/header/158863-1730119186.jpg?lm=1,5000000,"[0.01861047958197915, 0.12705008504868237, 0.02680004011231447, 0.41205294209519605, 0.017240797597759705, 0.9203446826397645, 0.2230779515978072, 0.7168888888888889, 0.5282356066882079, 0.13054151624548735]"
Dani Raba,Leganés,1896,0.173259493670886,0.2183544303797468,0.8069620253164557,7.784810126582278,2.1835443037974684,73.8,2.420886075949367,23.81,4.272151898734177,1.89873417721519,29/10/1995 00:00,Spain,Attack,left,185.0,https://img.a.transfermarkt.technology/portrait/header/413262-1743493611.jpg?lm=1,2400000,"[0.1822796956344623, 0.4227588507821475, 0.29952861286919835, 0.238304441183029, 0.3475984857447061, 0.5506515342580915, 0.3478902953586498, 0.26455555555555554, 0.489353174561638, 0.3814345991561181]"
Éder Militão,Real Madrid,940,0.0612765957446808,0.0153191489361702,0.2872340425531914,6.893617021276596,0.4787234042553191,89.8,2.9680851063829787,63.64,4.212765957446808,1.7234042553191489,18/01/1998 00:00,Brazil,Defender,right,186.0,https://img.a.transfermarkt.technology/portrait/header/401530-1719653438.jpg?lm=1,60000000,"[0.06446676591975571, 0.026636057411259267, 0.10661569148936169, 0.20899901789211037, 0.07620799363690595, 0.8869272803699033, 0.42652482269503544, 0.7071111111111111, 0.48100466153064964, 0.34621276595744677]"
Ayoze Pérez,Villarreal,1977,0.5827010622154781,0.08649468892261,1.411229135053111,6.373292867981792,1.5477996965098637,77.92,1.593323216995448,28.26,2.5493171471927165,1.0015174506828528,29/07/1993 00:00,Spain,Attack,right,178.0,https://img.a.transfermarkt.technology/portrait/header/246968-1716803546.jpg?lm=1,6000000,"[0.6130375312551384, 0.16549987220566018, 0.5238208143652, 0.19188901168805336, 0.2463942819054643, 0.6372425388818832, 0.22896644747934586, 0.31400000000000006, 0.24715598004579054, 0.20119372787051085]"
Juan Foyth,Villarreal,1526,0.140956749672346,0.0536697247706422,0.2948885976408912,5.838794233289646,0.2359108781127129,87.54,2.595019659239843,59.42,3.5976408912188726,0.943643512450852,12/01/1998 00:00,Argentina,Defender,right,187.0,https://img.a.transfermarkt.technology/portrait/header/480763-1662668281.jpg?lm=1,15000000,"[0.14829521247882874, 0.10145821205808528, 0.10945691349934471, 0.17431290091608018, 0.03755466003601131, 0.83942833123161, 0.3729139362166885, 0.6602222222222223, 0.39452999227784774, 0.18956749672346002]"
Antoine Griezmann,Atlético Madrid,2482,0.2157534246575342,0.236784850926672,0.652699435938759,14.794520547945204,0.5439161966156325,80.41,1.305398871877518,47.73,3.372280419016921,0.3988718775181305,21/03/1991 00:00,France,Attack,left,176.0,https://img.a.transfermarkt.technology/portrait/header/125781-1775233998.jpg?lm=1,11000000,"[0.22698593736729067, 0.45871668834683244, 0.24226933924254634, 0.46880726915805404, 0.08658603628367234, 0.6895754518705337, 0.18759065269943592, 0.5303333333333333, 0.362848675150222, 0.08012892828364221]"
Jules Koundé,FC Barcelona,2606,0.0625095932463545,0.1308902532617037,0.2072141212586339,16.577129700690712,0.7597851112816577,88.65,2.866462010744436,54.55,3.695318495778972,0.7597851112816577,12/11/1998 00:00,France,Defender,right,180.0,https://img.a.transfermarkt.technology/portrait/header/411975-1702502639.jpg?lm=1,45000000,"[0.06576395549685361, 0.252115827985572, 0.076913852647736, 0.5274254468262424, 0.1209502155342452, 0.862757461118117, 0.41192120746994115, 0.6061111111111112, 0.4082615714500915, 0.152632386799693]"
Marcos Llorente,Atlético Madrid,2513,0.0275766016713091,0.1117389574214086,0.1790688420214882,10.779944289693594,0.5013927576601671,87.9,3.438121766812575,50.0,4.6916036609629925,0.823716673298846,30/01/1995 00:00,Spain,Defender,right,184.0,https://img.a.transfermarkt.technology/portrait/header/282411-1773182531.jpg?lm=1,22000000,"[0.02901228932844152, 0.21475155931762532, 0.06646687226422601, 0.3367945147041451, 0.07981672871163409, 0.8469945355191257, 0.49407083167528854, 0.5555555555555556, 0.5483199674915187, 0.16547552725825704]"
Yan Diomande,Leganés,551,0.2809437386569873,0.1453720508166969,0.4900181488203267,10.780399274047188,3.756805807622505,87.08,3.593466424682396,20.0,6.696914700544465,1.3067150635208713,14/11/2006 00:00,Cote d'Ivoire,Attack,right,180.0,https://img.a.transfermarkt.technology/portrait/header/1390649-1759779499.jpg?lm=1,45000000,"[0.2955701767781906, 0.2803698834370616, 0.1818852087114338, 0.3368094761182241, 0.5980460335498754, 0.8297604035308952, 0.5163944343617666, 0.22222222222222224, 0.830227856500456, 0.26250453720508166]"
Dani Vivian,Athletic Club,2613,0.0661308840413318,0.0247990815154994,0.1722158438576349,6.647531572904707,0.3444316877152698,87.41,2.996555683122847,58.44,5.648679678530424,0.9299655568312284,05/07/1999 00:00,Spain,Defender,right,184.0,https://img.a.transfermarkt.technology/portrait/header/524000-1709674998.png?lm=1,25000000,"[0.06957377722683171, 0.045131450663072725, 0.06392317259854574, 0.2009069016186119, 0.05483009109735292, 0.8366960907944514, 0.430616150019135, 0.6493333333333333, 0.6828663168647444, 0.1868197474167623]"
Eduardo Camavinga,Real Madrid,1096,0.0361313868613138,0.0583029197080292,0.1642335766423358,14.37043795620438,1.2317518248175183,88.96,4.927007299270073,55.0,7.39051094890511,1.7244525547445255,10/11/2002 00:00,France,Midfield,left,182.0,https://img.a.transfermarkt.technology/portrait/header/640428-1668500874.jpg?lm=1,50000000,"[0.03801245207631577, 0.11049759727123912, 0.060960310218978124, 0.4548620088241426, 0.19608261136503174, 0.8692728036990331, 0.708029197080292, 0.6111111111111112, 0.9277340539633081, 0.34642335766423354]"
Nayef Aguerd,Real Sociedad,1763,0.1225184344866704,0.0137833238797504,0.2552467385138968,5.411230856494612,0.2552467385138968,87.74,2.1951219512195124,64.89,3.7266023823028926,0.5615428247305729,30/03/1996 00:00,Morocco,Defender,left,190.0,https://img.a.transfermarkt.technology/portrait/header/361914-1659355782.jpg?lm=1,22000000,"[0.1288969653245258, 0.02363965546991943, 0.09474262620533185, 0.1602531806757904, 0.040632736255639026, 0.8436317780580074, 0.3154471544715447, 0.7210000000000001, 0.41265947992208313, 0.11280771412365286]"
Ante Budimir,Osasuna,2966,0.3747471341874578,0.0348954821308159,1.122724207687121,2.913014160485502,0.3034389750505731,57.21,0.667565745111261,50.37,1.638570465273095,1.426163182737694,22/07/1991 00:00,Croatia,Attack,left,190.0,https://img.a.transfermarkt.technology/portrait/header/46413-1732219707.jpg?lm=1,3000000,"[0.39425714638952114, 0.06482957596570472, 0.41673339514497654, 0.07810342288129377, 0.04830445989122831, 0.20197562000840685, 0.09593167003821083, 0.5596666666666666, 0.11912263785891454, 0.2865003371544167]"
Antonio Raíllo,Mallorca,3209,0.0560922405733873,0.0269242754752259,0.2243689622935493,4.206918043004051,0.0560922405733873,88.95,1.6827672172016204,60.09,2.916796509816142,1.4023060143346835,08/10/1991 00:00,Spain,Defender,right,187.0,https://img.a.transfermarkt.technology/portrait/header/278296-1447228780.jpg?lm=1,1500000,"[0.059012503860792265, 0.04927771411933683, 0.08328139607354314, 0.1206513294452286, 0.008929325524299349, 0.8690626313577134, 0.24181988158304765, 0.6676666666666667, 0.2988164603038262, 0.28170769710190086]"
Nahuel Tenaglia,Deportivo Alavés,2923,0.0674307218611016,0.0431063975367772,0.2771125555935683,5.449880260006843,0.5234348272322956,74.41,4.403010605542252,47.0,3.602463222716388,1.139240506329114,21/02/1996 00:00,Argentina,Defender,right,181.0,https://img.a.transfermarkt.technology/portrait/header/533568-1647530141.jpg?lm=1,3000000,"[0.0709412869496286, 0.0808491107165915, 0.10285879233664047, 0.16152410290703786, 0.08332560645349006, 0.5634720470786043, 0.6327289314631087, 0.5222222222222223, 0.3952079186771607, 0.22886075949367088]"
Dani Ceballos,Real Madrid,1225,0.0257142857142857,0.1491428571428571,0.2204081632653061,24.612244897959183,0.5877551020408164,95.11,4.040816326530613,75.0,6.391836734693878,0.9551020408163264,07/08/1996 00:00,Spain,Midfield,right,179.0,https://img.a.transfermarkt.technology/portrait/header/319745-1723666162.jpg?lm=1,6000000,"[0.027053017841326063, 0.28772674439521134, 0.08181122448979593, 0.7916470287094165, 0.09356475300400535, 0.9985287936107607, 0.5806802721088435, 0.8333333333333334, 0.7873398039048699, 0.191869387755102]"
Rubén García,Osasuna,2438,0.1125922887612797,0.1709187858900738,0.36915504511895,11.88679245283019,0.4429860541427399,79.72,2.473338802296965,42.42,4.503691550451189,1.3289581624282198,14/07/1993 00:00,Spain,Attack,left,172.0,https://img.a.transfermarkt.technology/portrait/header/213260-1583310204.jpg?lm=1,1800000,"[0.11845404653656924, 0.33021168426508346, 0.13702317473338804, 0.37319140079581625, 0.07051896375917137, 0.675073560319462, 0.3554279464041564, 0.4713333333333334, 0.5219031646375072, 0.2669729286300246]"
Rodrigo De Paul,Atlético Madrid,2113,0.0549455750118315,0.2487458589682915,0.1703738760056791,18.911500236630385,0.5963085660198769,84.09,1.6611452910553717,36.36,5.451964032181732,0.8092759110269758,24/05/1994 00:00,Argentina,Midfield,right,180.0,https://img.a.transfermarkt.technology/portrait/header/255901-1771694448.jpg?lm=1,15000000,"[0.057806140820438806, 0.4820526715478342, 0.06323946994794132, 0.6041873924318425, 0.09492637920129506, 0.7669188734762507, 0.23871273071462376, 0.404, 0.6552119073977909, 0.16257453857075246]"
Sergio Gómez,Real Sociedad,2743,0.0620123951877506,0.2477214728399562,0.3281079110462996,10.36820998906307,0.7218374043018593,84.56,2.952971199416697,46.51,4.790375501275976,0.9515129420342692,04/09/2000 00:00,Spain,Defender,left,173.0,https://img.a.transfermarkt.technology/portrait/header/366930-1727678534.jpg?lm=1,15000000,"[0.0652408724099059, 0.48005408937156685, 0.12178727670433831, 0.3232553076663739, 0.11490931887795953, 0.7767969735182851, 0.42435289828654754, 0.5167777777777778, 0.5622053750151179, 0.19114837768866205]"
Nicolas Pépé,Villarreal,1495,0.237190635451505,0.2462207357859532,1.0234113712374582,14.749163879598662,1.625418060200669,83.45,1.625418060200669,47.06,3.190635451505017,1.2040133779264215,29/05/1995 00:00,Cote d'Ivoire,Attack,left,183.0,https://img.a.transfermarkt.technology/portrait/header/343052-1758059244.jpg?lm=1,8500000,"[0.2495392080480847, 0.47712614428872135, 0.3798704013377927, 0.4673157895258083, 0.25875035163942117, 0.7534678436317781, 0.23357859531772573, 0.522888888888889, 0.33731291120655704, 0.24187290969899664]"
Marcos Alonso,Celta Vigo,2655,0.0552542372881356,0.0691525423728813,0.4406779661016949,12.23728813559322,0.5423728813559322,90.47,2.3389830508474576,61.95,5.966101694915254,1.0508474576271187,28/12/1990 00:00,Spain,Defender,left,188.0,https://img.a.transfermarkt.technology/portrait/header/112515-1694505734.jpg?lm=1,2000000,"[0.058130872611964333, 0.13166526235123985, 0.16357109227871944, 0.3847168763452339, 0.0863403558794023, 0.9010088272383354, 0.33612052730696795, 0.6883333333333334, 0.7274897038594542, 0.2111035781544256]"
Gerard Moreno,Villarreal,717,0.2271966527196653,0.2397489539748953,1.506276150627615,14.184100418410042,2.2594142259414225,79.73,1.1297071129707112,80.95,3.1380753138075312,1.2552301255230125,07/04/1992 00:00,Spain,Attack,left,180.0,https://img.a.transfermarkt.technology/portrait/header/177467-1726231623.jpg?lm=1,10000000,"[0.23902492053668165, 0.46449966739832144, 0.5591004184100419, 0.4487346045752312, 0.3596762210143511, 0.6752837326607819, 0.16234309623430962, 0.8994444444444445, 0.3299239739435329, 0.2521617852161785]"
Yeray Álvarez,Athletic Club,1788,0.0241610738255033,0.0201342281879194,0.1006711409395973,4.832214765100671,0.3020134228187919,84.4,2.969798657718121,53.68,4.177852348993288,0.7550335570469798,24/01/1995 00:00,Spain,Defender,right,182.0,https://img.a.transfermarkt.technology/portrait/header/255488-1709675129.png?lm=1,8000000,"[0.025418942938158672, 0.03603029978107691, 0.03736717002237137, 0.1412131863698061, 0.04807752618704133, 0.773434216057167, 0.4267710663683818, 0.5964444444444444, 0.4760964844635795, 0.15167785234899325]"
Florian Lejeune,Rayo Vallecano,3326,0.0963319302465424,0.030847865303668,0.460012026458208,5.655441972339146,0.1082381238725195,84.02,2.3541791942273003,59.62,4.221286831028262,1.3529765484064942,20/05/1991 00:00,France,Defender,right,190.0,https://img.a.transfermarkt.technology/portrait/header/127108-1496825998.jpg?lm=1,3000000,"[0.10134714440857576, 0.05693265641229002, 0.1707475195429946, 0.1682836625989162, 0.017230430311170553, 0.7654476670870112, 0.3383042693926639, 0.6624444444444444, 0.4822025313056852, 0.27179795550210456]"
Luis Milla,Getafe,2878,0.0328353022932592,0.1547949965253648,0.2501737317581654,11.070187630298818,0.6567060458651841,81.24,2.658095899930508,45.71,5.253648366921473,1.1883252258512855,07/10/1994 00:00,Spain,Midfield,right,175.0,https://img.a.transfermarkt.technology/portrait/header/281989-1669364960.jpg?lm=1,3500000,"[0.03454476739641185, 0.29875409503497075, 0.09285962473940237, 0.3463386908239646, 0.10454105589941094, 0.707019756200084, 0.3819782256196434, 0.507888888888889, 0.6273325662644617, 0.23872133425990266]"
Ronald Araujo,FC Barcelona,766,0.1116187989556135,0.0293733681462141,0.2349869451697128,7.989556135770235,0.0,91.92,2.4673629242819843,61.11,3.172323759791123,1.0574412532637076,07/03/1999 00:00,Uruguay,Defender,right,192.0,https://img.a.transfermarkt.technology/portrait/header/480267-1736431980.jpg?lm=1,70000000,"[0.11742987509452892, 0.054055905491586675, 0.08722258485639689, 0.24503717781514342, 0.0, 0.9314838167297184, 0.35456919060052217, 0.679, 0.3347386420516215, 0.21242819843342037]"
Aurélien Tchouaméni,Real Madrid,2692,0.0551634472511144,0.0304234769687964,0.100297176820208,9.49479940564636,0.3343239227340267,92.91,3.109212481426449,73.27,4.780832095096582,0.8692421991084696,27/01/2000 00:00,France,Midfield,right,188.0,https://img.a.transfermarkt.technology/portrait/header/413112-1668500754.jpg?lm=1,100000000,"[0.058035355881745194, 0.056104672765861174, 0.0372283618127786, 0.29453463343605035, 0.053221035675105194, 0.9522908785203865, 0.4468053491827637, 0.8141111111111111, 0.5608637569634118, 0.17462109955423474]"
Clément Lenglet,Atlético Madrid,1976,0.1097672064777328,0.0337044534412955,0.1821862348178137,5.010121457489879,0.1366396761133603,87.76,2.2317813765182186,50.0,3.3704453441295548,1.3208502024291495,17/06/1995 00:00,France,Defender,left,186.0,https://img.a.transfermarkt.technology/portrait/header/182904-1599988301.jpg?lm=1,10000000,"[0.11548188537023557, 0.06250587336523428, 0.067623987854251, 0.14706335609813304, 0.02175167429717356, 0.8440521227406474, 0.32071524966261805, 0.5555555555555556, 0.3625906991667164, 0.2653441295546558]"
Óscar Mingueza,Celta Vigo,2741,0.0479387085005472,0.211127325793506,0.3283473184968989,15.13681138270704,0.8208682962422473,80.89,1.9700839109813937,50.0,4.531192995257205,0.7880335643925575,13/05/1999 00:00,Spain,Defender,right,184.0,https://img.a.transfermarkt.technology/portrait/header/331505-1698852962.jpg?lm=1,8000000,"[0.050434484191600196, 0.40865873558871574, 0.12187614009485591, 0.48006294174077313, 0.13067404965102442, 0.6996637242538881, 0.283108354615104, 0.5555555555555556, 0.5257693350703881, 0.1583071871579715]"
Sergi Cardona,Villarreal,2955,0.0749238578680203,0.1410152284263959,0.182741116751269,7.096446700507614,0.3045685279187817,79.98,3.380710659898477,60.56,3.98984771573604,1.1573604060913705,08/07/1999 00:00,Spain,Defender,both,186.0,https://img.a.transfermarkt.technology/portrait/header/678406-1697540707.jpg?lm=1,10000000,"[0.07882452914173183, 0.2718697023690413, 0.06782994923857869, 0.2156687391572759, 0.048484273447507, 0.6805380411937789, 0.4858206429780033, 0.672888888888889, 0.44966667470373695, 0.23250084602368862]"
Ferran Torres,FC Barcelona,1109,0.645175834084761,0.2126239855725879,1.7853922452660054,12.010820559062218,0.8926961226330027,77.58,0.9738503155996392,35.71,2.191163210099188,0.405770964833183,29/02/2000 00:00,Spain,Attack,right,182.0,https://img.a.transfermarkt.technology/portrait/header/398184-1779789996.jpg?lm=1,30000000,"[0.6787648525111795, 0.4115787258889264, 0.6627028854824167, 0.3772698616046596, 0.14210832357179576, 0.6300966792770071, 0.1399458972046889, 0.3967777777777778, 0.19680647398245726, 0.08151487826871052]"
Viktor Tsygankov,Girona FC,1920,0.13171875,0.20203125,0.46875,10.96875,0.703125,81.67,1.59375,34.48,3.234375,0.65625,15/11/1997 00:00,Ukraine,Attack,left,178.0,https://img.a.transfermarkt.technology/portrait/header/264372-1715881945.jpg?lm=1,15000000,"[0.13857626586950103, 0.39091224873963953, 0.17399088541666669, 0.3430030807571487, 0.11193049065420561, 0.716057166876839, 0.22902777777777777, 0.38311111111111107, 0.3434618444837599, 0.13183333333333333]"
Takefusa Kubo,Real Sociedad,2382,0.1345088161209068,0.1416876574307304,0.5289672544080605,12.317380352644838,2.8337531486146097,77.03,1.8136020151133505,36.67,4.458438287153653,0.7934508816120908,04/06/2001 00:00,Japan,Attack,left,173.0,https://img.a.transfermarkt.technology/portrait/header/405398-1697110254.jpg?lm=1,30000000,"[0.14151158786856546, 0.27318161453350226, 0.19634235936188082, 0.38735057751396174, 0.451105252006874, 0.6185372005044136, 0.2606213266162889, 0.4074444444444445, 0.5155414323799334, 0.1593954659949622]"
Alejandro Catena,Osasuna,3076,0.0664174252275682,0.055299089726918,0.1462938881664499,2.779583875162549,0.2340702210663199,84.17,2.369960988296489,66.02,3.1599479843953184,1.0533159947984396,28/10/1994 00:00,Spain,Defender,right,194.0,https://img.a.transfermarkt.technology/portrait/header/449796-1732220159.jpg?lm=1,2800000,"[0.06987523626441336, 0.10463711078598922, 0.054301446684005196, 0.07371578683705399, 0.037261645783454665, 0.7686002522068096, 0.34057217165149545, 0.7335555555555555, 0.33299884775147737, 0.2115994798439532]"
Marc Roca,Real Betis,909,0.1049504950495049,0.0495049504950495,0.396039603960396,10.594059405940596,0.396039603960396,87.64,3.3663366336633667,27.78,5.0495049504950495,1.5841584158415842,26/11/1996 00:00,Spain,Midfield,left,184.0,https://img.a.transfermarkt.technology/portrait/header/336869-1773344159.jpg?lm=1,9000000,"[0.1104144072511768, 0.09333271776922462, 0.14700220022002203, 0.330681995240817, 0.06304555689213781, 0.8415300546448088, 0.4837550421708838, 0.3086666666666667, 0.5986339562015277, 0.3182398239823982]"
Dodi Lukébakio,Sevilla,3098,0.2684312459651388,0.1167850225952227,1.132989025177534,8.337637185280826,2.4402840542285342,81.73,0.9586830213040672,46.15,3.486120077469335,1.132989025177534,24/09/1997 00:00,Belgium,Attack,left,187.0,https://img.a.transfermarkt.technology/portrait/header/303259-1657098989.jpg?lm=1,20000000,"[0.2824062611325001, 0.2245964563127236, 0.4205434958037445, 0.25648325211119194, 0.3884688946139505, 0.7173182009247583, 0.13776630083925115, 0.5127777777777778, 0.37885232603847346, 0.22760490639122016]"
Santi Comesaña,Villarreal,2581,0.1628438589693917,0.0903138318481208,0.2789616427741185,10.077489345215032,0.6276636962417668,85.63,3.6265013560635415,39.51,5.579232855482371,1.2901975978302984,05/10/1996 00:00,Spain,Midfield,both,188.0,https://img.a.transfermarkt.technology/portrait/header/380598-1726231263.jpg?lm=1,6000000,"[0.17132180419080775, 0.17295103809751738, 0.10354513754358775, 0.3136954362124168, 0.09991780335811304, 0.7992854140395123, 0.5211416763528348, 0.439, 0.6731034387388953, 0.25918636187524213]"
Joan Jordán,Deportivo Alavés,1415,0.1055830388692579,0.1628268551236749,0.5088339222614842,15.01060070671378,0.381625441696113,81.82,2.6077738515901063,55.17,3.879858657243816,1.7809187279151943,06/07/1994 00:00,Spain,Midfield,right,185.0,https://img.a.transfermarkt.technology/portrait/header/263727-1620305031.jpg?lm=1,3500000,"[0.11107988244389007, 0.3144242891081459, 0.18886925795053008, 0.47591271070577557, 0.06075096595224728, 0.7192097519966372, 0.37474676089517084, 0.613, 0.43420434358322674, 0.35776678445229676]"
Pape Gueye,Villarreal,2232,0.1334677419354838,0.0854838709677419,0.6854838709677419,9.274193548387096,0.4435483870967742,81.55,3.2661290322580645,57.14,5.080645161290322,1.25,24/01/1999 00:00,Senegal,Midfield,left,189.0,https://img.a.transfermarkt.technology/portrait/header/485963-1768814767.jpg?lm=1,6000000,"[0.14041631348197242, 0.1635277615999324, 0.25443828405017926, 0.2872803717177428, 0.07060848155964225, 0.7135350987810003, 0.46935483870967737, 0.634888888888889, 0.6030116666490904, 0.25111111111111106]"
Lucas Vázquez,Real Madrid,2219,0.0584046867958539,0.1598017124831005,0.1216764308246958,14.23614240648941,0.7706173952230735,89.89,3.041910770617396,36.36,3.366381252816584,1.1762054979720595,01/07/1991 00:00,Spain,Defender,right,173.0,https://img.a.transfermarkt.technology/portrait/header/221316-1758702933.jpg?lm=1,2500000,"[0.06144534020742823, 0.30852222152358805, 0.04516392519152772, 0.4504459199798131, 0.12267460715233351, 0.8888188314417822, 0.4371338440739072, 0.404, 0.36201936665013174, 0.23628661559260927]"
Marc Bartra,Real Betis,2101,0.0509757258448357,0.0111375535459305,0.2141837220371251,3.940980485483103,0.2998572108519752,81.74,2.8272251308900525,54.84,3.769633507853403,0.6425511661113755,15/01/1991 00:00,Spain,Defender,right,184.0,https://img.a.transfermarkt.technology/portrait/header/99922-1724053472.jpg?lm=1,1000000,"[0.05362961414046783, 0.018477745048248118, 0.0795008329366968, 0.11190640912918642, 0.04773427873687207, 0.717528373266078, 0.406282722513089, 0.6093333333333334, 0.41870882265554493, 0.1290813898143741]"
Kike García,Deportivo Alavés,2560,0.263671875,0.05484375,0.94921875,5.4140625,0.45703125,66.9,0.703125,52.09,3.1640625,1.72265625,25/11/1989 00:00,Spain,Attack,right,186.0,https://img.a.transfermarkt.technology/portrait/header/93936-1490620015.jpg?lm=1,1000000,"[0.277399108724535, 0.10374874082744277, 0.3523315429687501, 0.16034629462723407, 0.07275481892523365, 0.4056326187473729, 0.10104166666666665, 0.5787777777777778, 0.333577268946751, 0.34606249999999994]"
Álvaro García,Rayo Vallecano,2566,0.2690179267342166,0.2083398285268901,0.911925175370226,8.347622759158222,0.3507404520654715,71.25,2.279812938425565,35.71,3.296960249415432,0.6313328137178488,20/07/1986 00:00,Spain,Attack,right,168.0,https://img.a.transfermarkt.technology/portrait/header/default.jpg?lm=1,150000,"[0.28302348556134, 0.4032203152515466, 0.338488893219018, 0.25681161132709895, 0.055834383490796245, 0.4970575872215217, 0.32761756300337747, 0.3967777777777778, 0.35226011826650666, 0.1268277474668745]"
Oihan Sancet,Athletic Club,1626,0.409040590405904,0.0824723247232472,1.1070110701107012,10.95940959409594,1.328413284132841,83.82,0.996309963099631,48.0,4.2619926199262,0.8856088560885609,25/04/2000 00:00,Spain,Midfield,right,188.0,https://img.a.transfermarkt.technology/portrait/header/571020-1709676037.png?lm=1,40000000,"[0.43033598183634625, 0.15765222064836448, 0.4109009840098402, 0.3426959368316652, 0.2114701520846984, 0.7612442202606136, 0.14317343173431735, 0.5333333333333333, 0.48792497674789265, 0.17790897908979086]"
Fábio Silva,Las Palmas,1877,0.3097496004262121,0.0882258923814597,1.1507725093233885,5.370271710175813,1.006925945657965,68.56,0.767181672882259,49.06,2.301545018646777,1.8700053276505064,19/07/2002 00:00,Portugal,Attack,right,185.0,https://img.a.transfermarkt.technology/portrait/header/505653-1766483527.jpg?lm=1,28000000,"[0.32587572370398654, 0.168877458333239, 0.42714437932871613, 0.15890630634141664, 0.16029257265770097, 0.44052122740647337, 0.11024684780678388, 0.5451111111111111, 0.21232401815312818, 0.3756632924880128]"
Sergi Darder,Mallorca,2769,0.0718309859154929,0.1719393282773564,0.2925243770314193,10.140845070422536,1.105092091007584,81.43,1.820151679306609,58.33,3.965330444203684,0.6825568797399784,22/12/1993 00:00,Spain,Midfield,right,180.0,https://img.a.transfermarkt.technology/portrait/header/142021-1664975574.jpg?lm=1,3500000,"[0.07557063669290613, 0.33220276728439657, 0.10857936078006504, 0.31577878530259207, 0.17591964439404223, 0.7110130306851619, 0.26156253761887566, 0.6481111111111111, 0.44622002122927756, 0.1371180931744312]"
Daley Blind,Girona FC,2779,0.015545160129543,0.0806405181720043,0.129543001079525,15.99856063332134,0.4857862540482188,90.2,2.6232457718603817,41.46,3.7567470313062254,0.6153292551277438,09/03/1990 00:00,Netherlands,Defender,left,180.0,https://img.a.transfermarkt.technology/portrait/header/12282-1718096647.jpg?lm=1,1400000,"[0.016354469223975463, 0.15407835741221024, 0.04808384310903203, 0.5084001521719758, 0.07733232891546411, 0.8953341740226985, 0.3769701331414178, 0.46066666666666667, 0.41689723366587067, 0.12361281036344009]"
Marc Casadó,FC Barcelona,1623,0.0587800369685767,0.099815157116451,0.055452865064695,15.471349353049906,0.22181146025878,89.89,3.6598890942698703,28.13,4.99075785582255,1.44177449168207,14/09/2003 00:00,Spain,Midfield,right,172.0,https://img.a.transfermarkt.technology/portrait/header/636695-1729771427.jpg?lm=1,2500000,"[0.06184023178762769, 0.19148816858664514, 0.020583025261860753, 0.49106367409542906, 0.03531017326860953, 0.8888188314417822, 0.5259396179913739, 0.31255555555555553, 0.5903752526300413, 0.2896364756623536]"
Fran García,Real Madrid,2189,0.0357697578803106,0.093741434444952,0.1233439926907263,15.9113750571037,0.3289173138419369,88.96,3.2480584741891274,44.74,4.358154408405665,0.5344906349931475,14/08/1999 00:00,Spain,Defender,left,169.0,https://img.a.transfermarkt.technology/portrait/header/341264-1688119965.jpg?lm=1,15000000,"[0.037631996037842765, 0.17963830695822228, 0.04578289173138418, 0.5055331975235281, 0.05236035743714323, 0.8692728036990331, 0.4667580325871783, 0.49711111111111117, 0.5014434615407692, 0.10737322978529007]"
Antonio Rüdiger,Real Madrid,2298,0.0673629242819843,0.0356396866840731,0.1566579634464751,6.3054830287206265,0.1174934725848563,92.22,1.1357702349869452,58.06,3.994778067885117,0.5874673629242819,03/03/1993 00:00,Germany,Defender,right,190.0,https://img.a.transfermarkt.technology/portrait/header/86202-1684484602.jpg?lm=1,25000000,"[0.07086995970617185, 0.0662815225652296, 0.05814838990426455, 0.18965919636407147, 0.01870378956101607, 0.9377889869693148, 0.16321438932404989, 0.6451111111111112, 0.4503597867142843, 0.11801566579634462]"
Iñaki Williams,Athletic Club,2653,0.250697323784395,0.170976253298153,0.8141726347531096,7.09008669430833,1.119487372785526,70.49,0.9837919336600076,57.69,2.9513758009800224,0.7463249151903505,15/06/1994 00:00,Ghana,Attack,right,186.0,https://img.a.transfermarkt.technology/portrait/header/255508-1709676323.png?lm=1,25000000,"[0.2637490789543532, 0.3303238034497604, 0.3022050508857897, 0.21545960078682258, 0.17821122974872391, 0.4810844892812105, 0.14137454454077145, 0.641, 0.3036776388357459, 0.14992838296268374]"
Dani Parejo,Villarreal,2277,0.0371541501976284,0.075494071146245,0.1581027667984189,13.873517786561264,0.3162055335968379,88.98,3.0039525691699605,73.53,5.612648221343873,0.7905138339920948,16/04/1989 00:00,Spain,Midfield,right,182.0,https://img.a.transfermarkt.technology/portrait/header/59561-1688725780.jpg?lm=1,2500000,"[0.03908846231794583, 0.14403761494969589, 0.05868467281510758, 0.43852160422889874, 0.050336768743920304, 0.869693148381673, 0.4316791099399795, 0.8170000000000001, 0.6778009919186969, 0.15880544576196748]"
Omar Alderete,Getafe,2978,0.0519811954331766,0.0278038952316991,0.3022162525184688,5.167897918065816,0.5439892545332438,66.36,2.447951645399597,65.81,3.475486903962391,0.9973136333109468,26/12/1996 00:00,Paraguay,Defender,left,188.0,https://img.a.transfermarkt.technology/portrait/header/353032-1669365021.jpg?lm=1,12000000,"[0.0546874302903905, 0.0509938564201281, 0.11217679650772333, 0.15225157617635596, 0.08659766637585282, 0.39428331231609914, 0.35177971793149765, 0.7312222222222223, 0.37735750780946, 0.20034922766957686]"
Miguel Gutiérrez,Girona FC,2464,0.0599025974025974,0.1665584415584415,0.3287337662337662,10.15422077922078,1.0592532467532467,88.36,1.935876623376624,23.81,5.25974025974026,1.0592532467532467,27/07/2001 00:00,Spain,Defender,left,180.0,https://img.a.transfermarkt.technology/portrait/header/525299-1755681125.jpg?lm=1,17000000,"[0.06302123474399825, 0.3217046318728857, 0.1220195819805195, 0.3162186235439507, 0.16862255734919288, 0.8566624632198403, 0.27819264069264077, 0.26455555555555554, 0.6281889683939645, 0.21279220779220775]"
Axel Witsel,Atlético Madrid,858,0.0031468531468531,0.0681818181818181,0.0,2.7272727272727275,0.1048951048951049,90.79,2.832167832167832,58.97,3.3566433566433567,0.4195804195804196,12/01/1989 00:00,Belgium,Midfield,right,186.0,https://img.a.transfermarkt.technology/portrait/header/35047-1665067807.jpg?lm=1,1400000,"[0.0033106840015608343, 0.12977137486812515, 0.0, 0.07199562055365434, 0.016698255016012027, 0.9077343421605717, 0.40699300699300694, 0.6552222222222223, 0.3606504070725912, 0.08428904428904428]"
Fermín López,FC Barcelona,1255,0.406613545816733,0.3069322709163347,1.1474103585657371,17.067729083665338,1.792828685258964,86.15,1.7211155378486056,30.0,4.733067729083666,1.936254980079681,11/05/2003 00:00,Spain,Midfield,right,174.0,https://img.a.transfermarkt.technology/portrait/header/636703-1698086824.jpg?lm=1,30000000,"[0.427782580925192, 0.5955746361699946, 0.4258964143426296, 0.5435580027209644, 0.2854004542577354, 0.8102143757881464, 0.24733067729083663, 0.33333333333333337, 0.5541490123044677, 0.3889721115537848]"
Ilias Akhomach,Villarreal,588,0.0872448979591836,0.2586734693877551,0.9183673469387756,7.346938775510204,2.9081632653061225,79.88,2.295918367346939,53.85,4.591836734693878,1.3775510204081634,16/04/2004 00:00,Morocco,Attack,left,175.0,https://img.a.transfermarkt.technology/portrait/header/709969-1636472170.jpg?lm=1,15000000,"[0.09178702481878483, 0.5014214863808795, 0.3408801020408164, 0.2239057601185787, 0.46295060080106815, 0.6784363177805799, 0.3299319727891157, 0.5983333333333334, 0.534294670157442, 0.276734693877551]"
Martín Zubimendi,Real Sociedad,2962,0.0844699527346387,0.038588791357191,0.2430790006752194,9.75354490209318,0.5773126266036461,84.42,3.555030384875084,62.07,4.25388251181634,1.336934503713707,02/02/1999 00:00,Spain,Midfield,right,181.0,https://img.a.transfermarkt.technology/portrait/header/423440-1684149419.jpg?lm=1,50000000,"[0.08886761093723922, 0.07203523971602563, 0.09022619851451721, 0.3030430546220425, 0.09190241501385146, 0.7738545607398066, 0.5108710330857528, 0.6896666666666667, 0.4867848526415784, 0.26857528696826466]"
Mouctar Diakhaby,Valencia,659,0.1775417298937784,0.0068285280728376,0.5462822458270107,2.04855842185129,0.2731411229135053,84.59,2.5948406676783007,78.26,3.141122913505311,0.2731411229135053,19/12/1996 00:00,Guinea,Defender,right,192.0,https://img.a.transfermarkt.technology/portrait/header/346289-1709636432.jpg?lm=1,2800000,"[0.18678487280429987, 0.01007081599152543, 0.20276934749620643, 0.04967721403147338, 0.04348134386567016, 0.7774274905422447, 0.37288821446636317, 0.8695555555555556, 0.33035240742860694, 0.0548710166919575]"
Frenkie de Jong,FC Barcelona,1150,0.0516521739130434,0.1596521739130434,0.2347826086956521,26.37391304347826,0.3913043478260869,95.08,2.426086956521739,58.82,4.460869565217391,1.0956521739130434,12/05/1997 00:00,Netherlands,Midfield,right,181.0,https://img.a.transfermarkt.technology/portrait/header/326330-1746041680.jpg?lm=1,70000000,"[0.05434127931605491, 0.30823047106688645, 0.08714673913043477, 0.8495765957080932, 0.06229175132060138, 0.9978982765868012, 0.34863768115942023, 0.6535555555555556, 0.5158832229814978, 0.2201043478260869]"
Unai Núñez,Athletic Club,645,0.0320930232558139,0.0097674418604651,0.0,2.3720930232558137,0.2790697674418604,87.08,3.767441860465116,52.0,3.9069767441860463,1.3953488372093024,30/01/1997 00:00,Spain,Defender,right,186.0,https://img.a.transfermarkt.technology/portrait/header/338285-1753679771.jpg?lm=1,7000000,"[0.03376384397250769, 0.015804650676581117, 0.0, 0.06031611864930711, 0.044425124972831985, 0.8297604035308952, 0.5413953488372092, 0.5777777777777778, 0.4380166213261551, 0.2803100775193798]"
Diego Llorente,Real Betis,2522,0.0535289452815226,0.014274385408406,0.1784298176050753,3.140364789849326,0.2141157811260904,86.89,2.8191911181601905,63.11,3.318794607454401,0.7137192704203014,16/08/1993 00:00,Spain,Defender,right,186.0,https://img.a.transfermarkt.technology/portrait/header/246291-1675246130.jpg?lm=1,7000000,"[0.05631575878943771, 0.024597718832429616, 0.06622967882632831, 0.08557947536565215, 0.034085097867735885, 0.8257671290458175, 0.40512820512820513, 0.7012222222222222, 0.3553296060722067, 0.14337827121332275]"
Alexander Sørloth,Atlético Madrid,1560,0.9369230769230767,0.0409615384615384,2.423076923076924,5.423076923076923,0.8076923076923077,65.52,0.576923076923077,65.77,2.3653846153846154,1.5,05/12/1995 00:00,Norway,Attack,left,195.0,https://img.a.transfermarkt.technology/portrait/header/238407-1716403969.jpg?lm=1,20000000,"[0.9857009833980603, 0.07666448052705174, 0.8993990384615389, 0.16064271914221284, 0.12857656362329262, 0.376628835645229, 0.0829059829059829, 0.7307777777777777, 0.22129862887252166, 0.3013333333333333]"
Yangel Herrera,Girona FC,2265,0.1434437086092715,0.0500662251655629,0.5562913907284768,8.781456953642383,0.7549668874172185,84.43,3.854304635761589,52.0,4.211920529801325,2.8609271523178808,07/01/1998 00:00,Venezuela,Midfield,right,184.0,https://img.a.transfermarkt.technology/portrait/header/378293-1719230693.jpg?lm=1,9000000,"[0.15091164698682338, 0.09442776730323323, 0.20648454746136868, 0.2710775371199967, 0.1201832023271647, 0.7740647330811266, 0.553877851361295, 0.5777777777777778, 0.48088581077974685, 0.574728476821192]"
Leandro Cabrera,Espanyol,2870,0.0370034843205574,0.0235191637630662,0.1881533101045296,3.1986062717770034,0.0313588850174216,76.53,2.1951219512195124,63.64,2.602787456445993,0.7526132404181185,17/06/1991 00:00,Uruguay,Defender,left,190.0,https://img.a.transfermarkt.technology/portrait/header/102423-1747343579.jpg?lm=1,2500000,"[0.038929952503371584, 0.042634325080888005, 0.06983885017421604, 0.08749465095534159, 0.004992021882835651, 0.6080285834384196, 0.3154471544715447, 0.7071111111111111, 0.2546728697994082, 0.151191637630662]"
Álex Berenguer,Athletic Club,2352,0.2284438775510204,0.1695153061224489,0.7270408163265306,10.52295918367347,1.2627551020408163,77.06,1.6071428571428572,34.18,4.323979591836735,1.1096938775510203,04/07/1995 00:00,Spain,Attack,right,175.0,https://img.a.transfermarkt.technology/portrait/header/338425-1709676212.png?lm=1,12000000,"[0.24033707814392366, 0.32747348860747005, 0.2698634141156463, 0.32834398106946416, 0.20101802403204275, 0.6191677175283734, 0.23095238095238094, 0.37977777777777777, 0.49663914430217, 0.22292517006802717]"
Pepelu,Valencia,1742,0.026865671641791,0.1338117106773823,0.3099885189437428,15.034443168771528,0.4133180252583238,84.12,3.2032146957520093,51.11,5.114810562571757,1.3432835820895523,11/08/1998 00:00,Spain,Midfield,right,186.0,https://img.a.transfermarkt.technology/portrait/header/328480-1713971066.jpg?lm=1,22000000,"[0.028264346998400334, 0.2578156052064798, 0.11506171067738233, 0.47669673095766063, 0.06579610931682352, 0.7675493905002102, 0.4603138155376961, 0.5678888888888889, 0.6078146602806432, 0.2698507462686567]"
Kirian Rodríguez,Las Palmas,1768,0.0794117647058823,0.0702488687782805,0.4581447963800905,9.6210407239819,0.5599547511312217,86.83,2.188914027149321,43.33,5.090497737556561,0.4581447963800905,05/03/1996 00:00,Spain,Midfield,right,178.0,https://img.a.transfermarkt.technology/portrait/header/566574-1737366030.jpg?lm=1,1000000,"[0.08354608450997755, 0.1338042003479529, 0.1700544400452489, 0.29868587209420594, 0.08913921427665243, 0.8245060949978982, 0.31455505279034685, 0.48144444444444445, 0.6043967480263388, 0.09203619909502261]"
Edu Expósito,Espanyol,1052,0.0915399239543726,0.204467680608365,0.5133079847908746,9.4106463878327,1.2832699619771863,72.4,3.250950570342205,47.83,5.389733840304183,1.1977186311787074,01/08/1996 00:00,Spain,Midfield,right,178.0,https://img.a.transfermarkt.technology/portrait/header/506248-1747385472.jpg?lm=1,4000000,"[0.09630565761954957, 0.3956657363678875, 0.19052994296577952, 0.2917673994958915, 0.20428378522440568, 0.5212274064733082, 0.4671736375158428, 0.5314444444444445, 0.6464635478273562, 0.2406083650190114]"
Aimar Oroz,Osasuna,2981,0.1020462931902046,0.1050654142905065,0.4830593760483059,11.442468970144247,1.479369339147937,83.98,1.6605166051660518,46.34,4.9513586044951365,0.8453539080845355,27/11/2001 00:00,Spain,Midfield,right,177.0,https://img.a.transfermarkt.technology/portrait/header/634131-1732220023.jpg?lm=1,9000000,"[0.10735900740116988, 0.20173144513895397, 0.17930224756793026, 0.35858055196778327, 0.23550085118523237, 0.7646069777217319, 0.23862238622386225, 0.514888888888889, 0.5848364810624337, 0.16982220731298223]"
José María Giménez,Atlético Madrid,1994,0.0203109327983951,0.0126379137412236,0.0451354062186559,3.4754262788365096,0.0902708124373119,91.81,2.3921765295887663,50.0,3.5205616850551658,0.5867602808425276,20/01/1995 00:00,Uruguay,Defender,right,185.0,https://img.a.transfermarkt.technology/portrait/header/250845-1664970029.jpg?lm=1,22000000,"[0.02136835661990391, 0.021404954877970037, 0.01675338515546638, 0.0965974227721089, 0.014370213444070525, 0.9291719209751996, 0.34376462721497825, 0.5555555555555556, 0.3836941489262696, 0.11787362086258776]"
Eric García,FC Barcelona,1575,0.1325714285714285,0.0942857142857142,0.4571428571428571,15.6,0.2857142857142857,92.39,2.9714285714285715,49.09,3.085714285714286,1.1428571428571428,09/01/2001 00:00,Spain,Defender,right,182.0,https://img.a.transfermarkt.technology/portrait/header/466794-1693604801.jpg?lm=1,20000000,"[0.13947333642639217, 0.18070019949909133, 0.16968253968253968, 0.4952941395726388, 0.04548286604361371, 0.9413619167717528, 0.427005291005291, 0.5454444444444445, 0.32256302763408395, 0.22958730158730156]"
Pablo Fornals,Real Betis,1836,0.0901960784313725,0.1441176470588235,0.196078431372549,14.901960784313726,0.3431372549019608,82.88,2.1568627450980395,47.5,5.588235294117648,0.5882352941176471,22/02/1996 00:00,Spain,Midfield,right,178.0,https://img.a.transfermarkt.technology/portrait/header/357885-1773344365.jpg?lm=1,14000000,"[0.09489184907306093, 0.2779225357788082, 0.07278050108932461, 0.4723402650783668, 0.05462403029747725, 0.7414880201765446, 0.30994916485112567, 0.5277777777777778, 0.6743690072325156, 0.11816993464052286]"
Jorge Sáenz,Leganés,1691,0.0723832052040212,0.0154346540508574,0.1596688350088705,2.341809580130101,0.2128917800118273,83.89,3.299822590183324,50.62,3.0869308101714963,1.596688350088705,17/11/1996 00:00,Spain,Defender,right,188.0,https://img.a.transfermarkt.technology/portrait/header/340339-1544697354.jpg?lm=1,1000000,"[0.07615160551431814, 0.026861408435737415, 0.0592659668835009, 0.05932029730124913, 0.03389024909222547, 0.7627154266498528, 0.47419672777449245, 0.5624444444444444, 0.3227340474085183, 0.32075694855115316]"
Diego Rico,Getafe,2825,0.0111504424778761,0.1089557522123893,0.095575221238938,6.976991150442478,0.1911504424778761,69.42,3.631858407079646,58.33,4.205309734513274,1.2106194690265486,23/02/1993 00:00,Spain,Defender,left,183.0,https://img.a.transfermarkt.technology/portrait/header/249513-1697221474.jpg?lm=1,1200000,"[0.01173095463915909, 0.20932151280510572, 0.03547566371681415, 0.2117406393568319, 0.030429244892895543, 0.45859604875998317, 0.5219115044247787, 0.6481111111111111, 0.4799564610142792, 0.24319999999999997]"
Raúl Asencio,Real Madrid,1673,0.0064554692169754,0.0236700537955768,0.0537955768081291,3.3891213389121337,0.3227734608487747,93.87,2.044231918708906,67.39,4.034668260609683,0.6455469216975493,20/05/1998 00:00,Spain,Attack,right,185.0,https://img.a.transfermarkt.technology/portrait/header/340260-1561982588.jpg?lm=1,350000,"[0.006791552596148708, 0.042928712247221626, 0.019967872086072924, 0.09375942640350637, 0.05138231728776445, 0.9724674232870956, 0.29376369794779833, 0.7487777777777778, 0.45596757513272784, 0.12968320382546322]"
Bryan Gil,Girona FC,1734,0.1173010380622837,0.1676470588235294,0.7785467128027682,13.23529411764706,2.1280276816609,89.67,2.283737024221453,16.67,4.048442906574395,1.1418685121107266,11/02/2001 00:00,Spain,Attack,left,175.0,https://img.a.transfermarkt.technology/portrait/header/537382-1769784260.jpg?lm=1,12000000,"[0.12340794182519563, 0.3238285293004283, 0.2889814013840831, 0.41753466586451526, 0.33876079293729594, 0.884195039932745, 0.3281814686658977, 0.18522222222222226, 0.45790402353854115, 0.22938869665513262]"
Thierno Barry,Villarreal,2322,0.4507751937984496,0.0755813953488372,0.9689922480620154,3.72093023255814,0.6976744186046512,62.35,0.4263565891472868,66.67,1.3953488372093024,1.821705426356589,21/10/2002 00:00,France,Attack,right,195.0,https://img.a.transfermarkt.technology/portrait/header/937941-1743672693.jpg?lm=1,0,"[0.4742433640099819, 0.14420798488153122, 0.35967108096468564, 0.10467041754795908, 0.11106281243208, 0.31000420344682644, 0.06126902095894343, 0.7407777777777779, 0.08493038819020922, 0.36596037898363476]"
Pablo Maffeo,Mallorca,2373,0.0102402022756005,0.1331226295828065,0.0379266750948166,5.537294563843236,1.554993678887484,76.18,3.2237673830594185,52.5,4.058154235145386,0.8343868520859671,12/07/1997 00:00,Argentina,Defender,right,172.0,https://img.a.transfermarkt.technology/portrait/header/251876-1699449290.jpg?lm=1,5000000,"[0.010773325689023653, 0.25647120473528245, 0.01407764433206908, 0.164398578888007, 0.2475394921842693, 0.6006725514922238, 0.4632673128248349, 0.5833333333333334, 0.45926924822582543, 0.16761904761904758]"
Santiago Mouriño,Deportivo Alavés,1847,0.0453167298321602,0.0292365998917162,0.1949106659447753,3.118570655116405,0.1949106659447753,78.52,3.508391987005956,57.14,4.141851651326475,1.5592853275582026,13/02/2002 00:00,Uruguay,Defender,right,186.0,https://img.a.transfermarkt.technology/portrait/header/953901-1691396102.jpg?lm=1,10000000,"[0.04767600058122159, 0.053789069980876555, 0.07234704926908501, 0.08486281099762107, 0.031027834983732145, 0.649852879361076, 0.5041689225771522, 0.634888888888889, 0.47103548371019094, 0.31324309691391444]"
Enzo Barrenechea,Valencia,2204,0.0518602540834845,0.0449183303085299,0.1225045372050816,10.494555353901998,0.4491833030852994,87.04,3.4709618874773143,60.66,4.777676950998186,1.0208711433756807,22/05/2001 00:00,Argentina,Midfield,right,186.0,https://img.a.transfermarkt.technology/portrait/header/671915-1758058491.jpg?lm=1,15000000,"[0.05456019251574149, 0.08438420011506335, 0.04547130217785842, 0.32740996772310793, 0.07150550401139813, 0.8289197141656159, 0.4987900786448881, 0.6739999999999999, 0.5604202048187612, 0.20508166969147007]"
Carl Starfelt,Celta Vigo,2271,0.0198150594451783,0.009114927344782,0.0396301188903566,2.85336856010568,0.0396301188903566,93.67,2.813738441215324,54.78,3.051519154557464,0.8322324966974901,01/06/1995 00:00,Sweden,Defender,right,187.0,https://img.a.transfermarkt.technology/portrait/header/258987-1758827268.jpg?lm=1,6000000,"[0.020846667204896766, 0.01453159177356838, 0.014709929546455282, 0.07614207515972213, 0.00630871986073901, 0.9682639764606977, 0.404344635256128, 0.6086666666666667, 0.3177558545579235, 0.16718626155878466]"
Sandro Ramírez,Las Palmas,2045,0.1443520782396087,0.1412713936430318,0.9242053789731052,6.425427872860636,0.7041564792176039,74.08,1.892420537897311,42.86,4.092909535452323,1.1442542787286063,09/07/1995 00:00,Spain,Attack,right,174.0,https://img.a.transfermarkt.technology/portrait/header/199369-1726230862.jpg?lm=1,1500000,"[0.15186730797966902, 0.2723694819169937, 0.34304706601467, 0.19360338579749461, 0.1120946918629893, 0.5565363598150483, 0.2719478402607987, 0.4762222222222222, 0.4641551702339371, 0.22986797066014666]"
Saúl Ñíguez,Sevilla,1555,0.164951768488746,0.1308038585209003,0.5209003215434084,7.003215434083601,0.6945337620578778,80.31,3.993569131832797,54.05,4.977491961414791,2.5466237942122185,21/11/1994 00:00,Spain,Midfield,left,184.0,https://img.a.transfermarkt.technology/portrait/header/148928-1764256774.jpg?lm=1,2500000,"[0.17353945528439077, 0.25194727143807805, 0.19334807073954988, 0.21260298190417534, 0.11056285121855937, 0.6874737284573351, 0.5738906752411574, 0.6005555555555555, 0.5885103248385466, 0.5115884244372989]"
Héctor Bellerín,Real Betis,578,0.0311418685121107,0.3316608996539792,0.1557093425605536,6.384083044982699,0.9342560553633218,83.15,2.958477508650519,42.86,2.024221453287197,0.9342560553633218,19/03/1995 00:00,Spain,Defender,right,178.0,https://img.a.transfermarkt.technology/portrait/header/191217-1773344002.jpg?lm=1,4000000,"[0.032763170396069616, 0.6438203076717212, 0.05779628027681661, 0.19224382895774828, 0.14872425055783722, 0.7471626733921817, 0.4251441753171856, 0.4762222222222222, 0.1733376966599457, 0.18768166089965396]"
César Azpilicueta,Atlético Madrid,877,0.0246294184720638,0.0400228050171037,0.2052451539338654,10.570125427594071,0.1026225769669327,87.65,3.078677309007982,50.0,2.8734321550741164,0.8209806157354619,28/08/1989 00:00,Spain,Defender,right,178.0,https://img.a.transfermarkt.technology/portrait/header/57500-1668169250.jpg?lm=1,1200000,"[0.025911670452353316, 0.07483300714175498, 0.07618301026225768, 0.32989496562590537, 0.01633649122433103, 0.8417402269861287, 0.4424173318129989, 0.5555555555555556, 0.2927202720007336, 0.16492588369441277]"
Yuri Berchiche,Athletic Club,2048,0.024609375,0.09580078125,0.17578125,10.3271484375,0.263671875,85.45,2.63671875,58.33,5.3173828125,0.791015625,10/02/1990 00:00,Spain,Defender,left,181.0,https://img.a.transfermarkt.technology/portrait/header/61812-1709675167.png?lm=1,1800000,"[0.0258905834809566, 0.1836561023046026, 0.06524658203125001, 0.3219050659035352, 0.0419739339953271, 0.7955023118957545, 0.37890625, 0.6481111111111111, 0.6362923947676487, 0.15890624999999997]"
Luis Rioja,Valencia,2866,0.0527564549895324,0.1777390090718771,0.4396371249127704,9.357990230286113,1.3189113747383112,77.23,1.7899511514305653,42.11,3.5170969993021632,0.5966503838101884,16/10/1993 00:00,Spain,Attack,left,176.0,https://img.a.transfermarkt.technology/portrait/header/278837-1647530464.jpg?lm=1,2000000,"[0.05550305125854752, 0.3435179719160777, 0.16318475226796933, 0.29003588813590764, 0.20995754283217355, 0.6227406473308112, 0.2572226099092812, 0.4678888888888889, 0.3832070812208466, 0.11986043265875784]"
Samuel Lino,Atlético Madrid,1561,0.3424727738629084,0.1268417680973735,1.0377962844330555,12.10762331838565,1.5566944266495837,82.01,2.3638693145419603,53.85,4.90070467648943,0.8648302370275465,23/12/1999 00:00,Brazil,Attack,right,177.0,https://img.a.transfermarkt.technology/portrait/header/694928-1695982815.jpg?lm=1,20000000,"[0.36030252461317697, 0.24421721430221202, 0.38520980140935296, 0.38045306154282466, 0.2478102342735007, 0.7232030264817151, 0.339696775571215, 0.5983333333333334, 0.5777155199585244, 0.1737347853939782]"
Martin Valjent,Mallorca,2765,0.0263652802893309,0.0152983725135623,0.162748643761302,4.06871609403255,0.1952983725135623,86.8,1.562386980108499,53.85,3.320072332730561,0.488245931283906,11/12/1995 00:00,Slovakia,Defender,right,187.0,https://img.a.transfermarkt.technology/portrait/header/277384-1738232660.jpg?lm=1,4500000,"[0.027737904368954566, 0.026595522512589537, 0.06040913200723329, 0.11610678506968547, 0.031089554004495434, 0.8238755779739386, 0.22452079566003616, 0.5983333333333334, 0.3555092294963169, 0.09808318264014465]"
Lucien Agoumé,Sevilla,2130,0.0367605633802816,0.0671830985915492,0.0845070422535211,10.267605633802816,0.9295774647887324,82.89,4.690140845070422,50.0,5.746478873239436,2.0704225352112675,09/02/2002 00:00,France,Midfield,right,185.0,https://img.a.transfermarkt.technology/portrait/header/569384-1656577561.jpg?lm=1,6000000,"[0.03867438466048719, 0.1278228682288912, 0.03136737089201878, 0.319947098482237, 0.14797946557851785, 0.7416981925178647, 0.6739906103286384, 0.5555555555555556, 0.6966149892567071, 0.41592488262910793]"
Isi Palazón,Rayo Vallecano,2190,0.1898630136986301,0.1931506849315068,0.7397260273972603,13.027397260273974,1.0273972602739727,83.33,1.2328767123287672,31.03,4.191780821917808,1.6027397260273974,27/12/1994 00:00,Spain,Attack,left,169.0,https://img.a.transfermarkt.technology/portrait/header/362086-1726662958.jpg?lm=1,3000000,"[0.1997476248832158, 0.37358622433328015, 0.27457191780821927, 0.4106983187587101, 0.1635514018691589, 0.7509457755359394, 0.17716894977168948, 0.3447777777777778, 0.478054557960292, 0.32197260273972605]"
Pau Cubarsí,FC Barcelona,2620,0.0285114503816793,0.0326335877862595,0.0,9.206106870229007,0.2061068702290076,93.63,1.717557251908397,58.33,3.50381679389313,0.8244274809160306,22/01/2007 00:00,Spain,Defender,right,184.0,https://img.a.transfermarkt.technology/portrait/header/962110-1712779232.jpg?lm=1,30000000,"[0.029995807950019854, 0.06041660941277344, 0.0, 0.285041453000782, 0.032810159092530496, 0.967423287095418, 0.24681933842239184, 0.6481111111111111, 0.38134014157977875, 0.16561832061068701]"
Johnny Cardoso,Real Betis,2143,0.085254316378908,0.0340177321511899,0.2939804013065796,6.7615492300513305,1.0919272048530098,86.04,4.325711619225385,61.7,5.795613625758283,1.5958936070928609,20/09/2001 00:00,United States,Midfield,right,186.0,https://img.a.transfermarkt.technology/portrait/header/689505-1742036970.jpg?lm=1,25000000,"[0.08969280996855886, 0.06311708160837642, 0.1091198086794214, 0.20465618523114004, 0.17382392575697447, 0.8079024800336276, 0.621620780836833, 0.6855555555555556, 0.7035223837138062, 0.3205972935137658]"
Andrei Rațiu,Rayo Vallecano,3067,0.0537006847081839,0.1132702967068796,0.234757091620476,9.977176393870232,2.2301923703945223,84.15,2.875774372350832,37.74,4.959243560482556,0.7042712748614282,20/06/1998 00:00,Romania,Defender,right,183.0,https://img.a.transfermarkt.technology/portrait/header/527966-1765462531.jpg?lm=1,18000000,"[0.05649643928063044, 0.21773920949865028, 0.08713726768829476, 0.31039680936799985, 0.3550243929195019, 0.76817990752417, 0.41325942832300844, 0.4193333333333334, 0.5859449531415609, 0.14148027388327356]"
Kike Salas,Sevilla,2245,0.0765701559020044,0.0340757238307349,0.2806236080178174,3.928730512249444,0.1202672605790645,79.64,3.167037861915368,68.7,3.808463251670379,0.8418708240534521,23/04/2002 00:00,Spain,Defender,left,188.0,https://img.a.transfermarkt.technology/portrait/header/766583-1736865960.jpg?lm=1,6000000,"[0.08055653642283507, 0.06323022364916019, 0.10416202672605793, 0.11150358885513181, 0.019145348958224912, 0.673392181588903, 0.4551150705270973, 0.7633333333333334, 0.42416753249862543, 0.16912249443207125]"
Aridane Hernández,Rayo Vallecano,1023,0.0809384164222873,0.0070381231671554,0.1759530791788856,2.1114369501466275,0.2639296187683284,88.02,1.6715542521994131,68.85,4.222873900293255,0.4398826979472141,23/03/1989 00:00,Spain,Defender,right,188.0,https://img.a.transfermarkt.technology/portrait/header/82503-1484149571.jpg?lm=1,800000,"[0.08515221647025403, 0.010479737010806872, 0.06531036168132943, 0.05174487128402003, 0.0420149642338367, 0.8495166036149642, 0.24020853698273045, 0.765, 0.48242564250258885, 0.08836754643206256]"
Yéremy Pino,Villarreal,1948,0.1834188911704312,0.176488706365503,0.4158110882956878,9.33264887063655,1.1550308008213552,77.52,3.141683778234086,40.0,4.2967145790554415,2.2638603696098563,20/10/2002 00:00,Spain,Attack,right,172.0,https://img.a.transfermarkt.technology/portrait/header/568157-1686664370.jpg?lm=1,30000000,"[0.1929680097049414, 0.3410786254286756, 0.1543409907597536, 0.28920257909561486, 0.1838693891650195, 0.6288356452290877, 0.45147159479808346, 0.4444444444444445, 0.4928062116322434, 0.4547843942505133]"
Carlos Vicente,Deportivo Alavés,3097,0.0784630287374879,0.1705844365515014,0.4068453341943817,6.567646109137876,0.9880529544720698,74.51,1.7726832418469487,36.17,3.8650306748466257,1.1042944785276074,23/04/1999 00:00,Spain,Attack,right,179.0,https://img.a.transfermarkt.technology/portrait/header/540536-1732115480.jpg?lm=1,4000000,"[0.08254795563465658, 0.3295593671258388, 0.1510130771714563, 0.19827999919248138, 0.15728818060287467, 0.5655737704918034, 0.25474114734689485, 0.4018888888888889, 0.4321198164782814, 0.221840490797546]"
Adnan Januzaj,Las Palmas,608,0.1273026315789473,0.2368421052631579,0.7401315789473685,12.286184210526317,2.0723684210526314,79.49,1.7763157894736843,22.22,4.440789473684211,0.7401315789473685,05/02/1995 00:00,Belgium,Attack,left,186.0,https://img.a.transfermarkt.technology/portrait/header/177847-1685115304.png?lm=1,1200000,"[0.13393023635261753, 0.45882839182782426, 0.2747224506578948, 0.38632474355678215, 0.3299003935071323, 0.6702395964691046, 0.25526315789473686, 0.24688888888888888, 0.5130603510661232, 0.14868421052631578]"
Vedat Muriqi,Mallorca,2067,0.3261248185776488,0.074455732946299,0.8272859216255444,5.09433962264151,0.3918722786647315,61.95,0.6095791001451379,57.63,2.1335268505079825,1.2626995645863572,24/04/1994 00:00,Kosovo,Attack,left,194.0,https://img.a.transfermarkt.technology/portrait/header/256267-1779287008.jpg?lm=1,4500000,"[0.3431034652686808, 0.14201181221579706, 0.3070724479922594, 0.14983273230162877, 0.06238216024849776, 0.3015973097940312, 0.08759877439122722, 0.6403333333333334, 0.1887039182483065, 0.2536623125302371]"
Nico Williams,Athletic Club,1998,0.1873873873873874,0.1873873873873874,0.8558558558558559,10.765765765765764,3.063063063063064,79.17,1.576576576576577,37.93,4.324324324324325,0.7657657657657658,12/07/2002 00:00,Spain,Attack,right,181.0,https://img.a.transfermarkt.technology/portrait/header/709187-1709676169.png?lm=1,60000000,"[0.1971431129978517, 0.36234200359503077, 0.3176770520520521, 0.3363282772042455, 0.48760910443153455, 0.6635140815468685, 0.22655989322655992, 0.42144444444444445, 0.4966876070124084, 0.15383383383383384]"
Arnau Martínez,Girona FC,2640,0.0426136363636363,0.060340909090909,0.2045454545454545,12.102272727272728,0.6818181818181819,88.14,2.7954545454545454,58.49,4.261363636363637,0.6818181818181819,25/04/2003 00:00,Spain,Defender,right,182.0,https://img.a.transfermarkt.technology/portrait/header/826224-1701444094.jpg?lm=1,10000000,"[0.044832179187803564, 0.11447372418606258, 0.07592329545454546, 0.38027711613156945, 0.10853865760407819, 0.8520386717108028, 0.4017171717171717, 0.649888888888889, 0.48783655384249597, 0.13696969696969696]"
Dani Rodríguez,Mallorca,2175,0.1142068965517241,0.1398620689655172,0.4137931034482758,6.910344827586207,0.6620689655172414,77.66,2.5241379310344825,43.08,2.896551724137931,2.1103448275862067,06/06/1988 00:00,Spain,Midfield,right,178.0,https://img.a.transfermarkt.technology/portrait/header/139435-1583332711.jpg?lm=1,100000,"[0.1201527137228551, 0.2696198828125704, 0.1535919540229885, 0.20954908436110925, 0.10539477924589108, 0.631778058007566, 0.3627279693486589, 0.4786666666666667, 0.2959704355818091, 0.42394482758620683]"
Marash Kumbulla,Espanyol,2975,0.0559663865546218,0.0099831932773109,0.1512605042016806,1.6336134453781512,0.1210084033613445,84.86,2.571428571428571,60.83,2.238655462184874,1.119327731092437,08/02/2000 00:00,Albania,Defender,right,191.0,https://img.a.transfermarkt.technology/portrait/header/371371-1716969202.jpg?lm=1,4500000,"[0.058880097654650826, 0.016225582710201268, 0.056144957983193265, 0.03603242918564063, 0.019263331500824623, 0.7831021437578813, 0.3695238095238095, 0.6758888888888889, 0.20348296469411786, 0.22486050420168066]"
Omar El Hilali,Espanyol,3159,0.0008547008547008,0.0384615384615384,0.0,3.618233618233618,0.4843304843304843,80.64,4.501424501424501,55.22,3.7606837606837606,1.4814814814814814,12/09/2003 00:00,Morocco,Defender,right,183.0,https://img.a.transfermarkt.technology/portrait/header/822331-1683211692.jpg?lm=1,15000000,"[0.0008991981238806763, 0.07178696871537961, 0.0, 0.10129340785678555, 0.07710058488874688, 0.6944094157208911, 0.6468713727972987, 0.6135555555555555, 0.41745066156135163, 0.2976131687242798]"
Mikel Jauregizar,Athletic Club,2243,0.0433348194382523,0.047347302719572,0.3209986625055729,9.509585376727598,0.8024966562639323,82.46,4.534106107891217,50.0,5.777975925100312,1.845742309407044,13/11/2003 00:00,Spain,Midfield,right,177.0,https://img.a.transfermarkt.technology/portrait/header/938729-1709675994.png?lm=1,800000,"[0.04559090835497659, 0.08912313676509678, 0.11914846188140886, 0.29502084583908994, 0.12774946771055123, 0.7326607818411095, 0.6515678406895526, 0.5555555555555556, 0.7010428646460322, 0.3707891217119928]"
Iñigo Ruiz de Galarreta,Athletic Club,1492,0.0307640750670241,0.1646782841823056,0.0603217158176943,12.788203753351205,0.9651474530831098,83.46,3.136729222520107,40.0,7.238605898123324,2.5938337801608577,06/08/1993 00:00,Spain,Midfield,right,175.0,https://img.a.transfermarkt.technology/portrait/header/126751-1709675810.png?lm=1,2500000,"[0.03236570834233714, 0.3180364359489236, 0.022390247989276118, 0.40283283267373116, 0.1536418531231991, 0.7536780159730978, 0.45075960679177834, 0.4444444444444445, 0.9063791462455377, 0.5210723860589811]"
Iván Sánchez,Real Valladolid,1413,0.0414012738853503,0.1872611464968153,0.3821656050955414,9.745222929936306,1.78343949044586,84.21,3.248407643312102,56.0,3.7579617834394905,0.9554140127388536,23/09/1992 00:00,Spain,Attack,left,169.0,https://img.a.transfermarkt.technology/portrait/header/221311-1601023639.jpg?lm=1,500000,"[0.04355669893065591, 0.36209570702107824, 0.14185244161358815, 0.3027694002196234, 0.2839057880429391, 0.7694409415720889, 0.4668082094833687, 0.6222222222222222, 0.41706800428588847, 0.19193205944798303]"
Alejandro Balde,FC Barcelona,2292,0.018848167539267,0.1107329842931937,0.1178010471204188,11.387434554973822,1.806282722513089,91.21,0.9031413612565444,64.0,4.790575916230367,0.6282722513089005,18/10/2003 00:00,Spain,Defender,left,177.0,https://img.a.transfermarkt.technology/portrait/header/636688-1662836200.jpg?lm=1,60000000,"[0.019829437161181403, 0.21278890099158815, 0.04372545811518324, 0.3567708355073038, 0.2875422028673485, 0.9165615804960066, 0.1297847585805701, 0.7111111111111111, 0.5622335494756394, 0.12621291448516578]"
Jon Martín,Real Sociedad,900,0.06,0.015,0.2,2.4,0.0,86.83,1.8,82.81,2.2,2.0,23/04/2006 00:00,Spain,Defender,right,187.0,https://img.a.transfermarkt.technology/portrait/header/1018938-1732794896.png?lm=1,10000000,"[0.06312370829642752, 0.026013396328918168, 0.07423611111111113, 0.061233793798934386, 0.0, 0.8245060949978982, 0.25866666666666666, 0.9201111111111112, 0.19804875547265116, 0.40177777777777773]"
Bryan Zaragoza,Osasuna,1855,0.1309973045822102,0.2488948787061994,0.6307277628032345,6.258760107816712,2.765498652291105,72.62,0.8247978436657682,16.67,2.6684636118598384,0.921832884097035,09/09/2001 00:00,Spain,Attack,right,164.0,https://img.a.transfermarkt.technology/portrait/header/713644-1714503809.jpg?lm=1,10000000,"[0.1378172607010951, 0.48234340976056145, 0.2341138814016173, 0.1881227897577752, 0.44023981661082706, 0.5258511979823457, 0.11852650494159928, 0.18522222222222226, 0.2639056650942489, 0.18518598382749324]"
Ilaix Moriba,Celta Vigo,2137,0.0724379971923256,0.1002339728591483,0.5053813757604119,11.286850725315864,0.6317267197005147,86.29,3.4534394010294807,52.83,4.548432381843706,1.3476836686944316,19/01/2003 00:00,Guinea,Midfield,right,185.0,https://img.a.transfermarkt.technology/portrait/header/617074-1758827372.jpg?lm=1,3000000,"[0.07620925007242996, 0.19230528007941328, 0.1875877398221807, 0.3534633012739268, 0.10056459618908506, 0.8131567885666247, 0.49627203244423646, 0.587, 0.528192858895113, 0.2707346747777258]"
Suso,Sevilla,599,0.1111853088480801,0.1938230383973288,0.6010016694490817,19.8330550918197,2.1035058430717863,84.59,2.1035058430717863,28.57,4.657762938230384,0.9015025041736228,19/11/1993 00:00,Spain,Midfield,left,177.0,https://img.a.transfermarkt.technology/portrait/header/111961-1455551677.jpg?lm=1,4000000,"[0.1169738167095735, 0.3748979891217464, 0.22308013355592657, 0.6344912120600932, 0.33485716068837473, 0.7774274905422447, 0.3022815804117974, 0.3174444444444445, 0.5435626173748617, 0.18110183639398997]"
Mauro Arambarri,Getafe,2664,0.1989864864864865,0.0206081081081081,0.6418918918918919,5.101351351351351,0.6081081081081081,74.68,2.128378378378378,51.3,4.628378378378378,1.7229729729729728,30/09/1995 00:00,Uruguay,Midfield,right,175.0,https://img.a.transfermarkt.technology/portrait/header/290249-1669365106.jpg?lm=1,10000000,"[0.20934608213173317, 0.03695484174429077, 0.23825778903903908, 0.15006330149770947, 0.09680474867390756, 0.5691467002942414, 0.3058558558558558, 0.57, 0.5394317174427171, 0.34612612612612603]"
Carles Aleñá,Deportivo Alavés,1551,0.0940038684719535,0.083558994197292,0.2901353965183752,9.980657640232108,0.8704061895551257,79.78,1.5667311411992262,57.14,3.423597678916828,1.102514506769826,05/01/1998 00:00,Spain,Midfield,left,180.0,https://img.a.transfermarkt.technology/portrait/header/284854-1669364902.jpg?lm=1,3000000,"[0.09889787953598887, 0.15977231792637933, 0.10769261766602194, 0.310511284443724, 0.13855998843073808, 0.6763345943673813, 0.22514506769825915, 0.634888888888889, 0.370062887869624, 0.2214829142488717]"
André Almeida,Valencia,1998,0.0545045045045045,0.2202702702702702,0.2252252252252252,14.234234234234236,0.990990990990991,88.62,2.5225225225225225,23.81,4.009009009009009,1.2612612612612613,10/09/1990 00:00,Portugal,Defender,right,185.0,https://img.a.transfermarkt.technology/portrait/header/83466-1603795224.jpg?lm=1,200000,"[0.057342107386394364, 0.4264966634602677, 0.08359922422422424, 0.4503831728655042, 0.15775588672784935, 0.8621269440941572, 0.3624958291624958, 0.26455555555555554, 0.4523603813809772, 0.25337337337337335]"
Carlos Domínguez,Celta Vigo,1187,0.0159224936815501,0.0144060657118786,0.075821398483572,6.217354675652907,0.151642796967144,88.77,2.729570345408593,65.91,3.4119629317607414,0.6065711878685762,11/02/2001 00:00,Spain,Defender,left,187.0,https://img.a.transfermarkt.technology/portrait/header/636093-1629886975.jpg?lm=1,3000000,"[0.01675144744176465, 0.024854627726650487, 0.02814342881213142, 0.18676124004550773, 0.02414002157327433, 0.8652795292139552, 0.3922493681550126, 0.7323333333333333, 0.36842726778616314, 0.12185341196293174]"
Pep Chavarría,Rayo Vallecano,2589,0.0406720741599073,0.0667439165701042,0.1042873696407879,9.038238702201625,0.3476245654692931,82.06,2.641946697566628,44.44,3.962920046349942,1.0776361529548089,10/04/1998 00:00,Spain,Defender,left,174.0,https://img.a.transfermarkt.technology/portrait/header/596122-1744713547.jpg?lm=1,10000000,"[0.04278953575134426, 0.1269660220300624, 0.038709443800695235, 0.2795213836781786, 0.05533836540648249, 0.7242538881883145, 0.37965752542809317, 0.49377777777777776, 0.44588116598078603, 0.21648512939358824]"
Giuliano Simeone,Atlético Madrid,1950,0.1015384615384615,0.2164615384615384,0.323076923076923,9.323076923076922,1.3846153846153846,78.8,1.892307692307692,34.29,3.323076923076923,1.0615384615384615,18/12/2002 00:00,Argentina,Attack,right,173.0,https://img.a.transfermarkt.technology/portrait/header/742201-1741120599.jpg?lm=1,40000000,"[0.10682473711703114, 0.4190658097064354, 0.11991987179487178, 0.28888782130262547, 0.22041696621135876, 0.6557377049180326, 0.2719316239316239, 0.381, 0.35593161669967877, 0.21325128205128202]"
Pablo Barrios,Atlético Madrid,2336,0.0497003424657534,0.0785958904109589,0.3082191780821918,13.446061643835616,0.9631849315068494,87.27,3.0821917808219177,62.5,5.04708904109589,1.0787671232876712,15/06/2003 00:00,Spain,Midfield,right,181.0,https://img.a.transfermarkt.technology/portrait/header/775605-1699431384.jpg?lm=1,60000000,"[0.05228783200067945, 0.15008927899022156, 0.11440496575342468, 0.42446541020506623, 0.15332943925233647, 0.8337536780159729, 0.4429223744292237, 0.6944444444444444, 0.5982943261365099, 0.21671232876712326]"
Carlos Romero,Espanyol,2560,0.0699609375,0.0833203125,0.2109375,5.8359375,0.7734375,75.86,3.62109375,38.46,4.39453125,1.1953125,29/10/2001 00:00,Spain,Defender,left,174.0,https://img.a.transfermarkt.technology/portrait/header/709372-1747385379.jpg?lm=1,1500000,"[0.07360323018157662, 0.15930664880727063, 0.07829589843750001, 0.17421896192824027, 0.12312353971962618, 0.5939470365699875, 0.5203645833333334, 0.42733333333333334, 0.5065573408444068, 0.24012499999999998]"
Manu Morlanes,Mallorca,1340,0.0382835820895522,0.0490298507462686,0.0671641791044776,11.21641791044776,0.2014925373134328,89.64,4.567164179104478,40.74,5.3059701492537314,1.007462686567164,12/01/1999 00:00,Spain,Midfield,right,178.0,https://img.a.transfermarkt.technology/portrait/header/335225-1552044533.jpg?lm=1,2400000,"[0.0402766944727205, 0.09240579591466411, 0.024930037313432834, 0.351147233700028, 0.03207560329195146, 0.8835645229087852, 0.656318407960199, 0.4526666666666667, 0.6346879953801118, 0.20238805970149248]"
Chidera Ejuke,Sevilla,969,0.1003095975232198,0.1095975232198142,0.7430340557275541,12.074303405572754,4.365325077399381,84.15,2.2291021671826625,30.77,5.851393188854488,0.5572755417956656,02/01/1998 00:00,Nigeria,Attack,right,176.0,https://img.a.transfermarkt.technology/portrait/header/500067-1706264992.jpg?lm=1,6000000,"[0.10553189622312958, 0.21057361107274716, 0.2757997936016512, 0.37935739087034615, 0.6949162350626429, 0.76817990752417, 0.3203302373581011, 0.3418888888888889, 0.7113639098271686, 0.11195046439628481]"
Lucas Torró,Osasuna,2963,0.0707728653391832,0.0507256159298008,0.2126223422207222,7.35065811677354,0.1822477219034761,75.78,3.614579817752278,70.0,5.224434694566318,2.2780965237934523,19/07/1994 00:00,Spain,Midfield,right,190.0,https://img.a.transfermarkt.technology/portrait/header/213670-1732219931.jpg?lm=1,2800000,"[0.0744574284495491, 0.09571424179966437, 0.07892127910901114, 0.22402806455454946, 0.029012020527313487, 0.5922656578394283, 0.5194285071436606, 0.7777777777777778, 0.6232256898042596, 0.4576442794465068]"
Juan Cruz,Leganés,2265,0.1041059602649006,0.1458278145695364,0.5562913907284768,6.516556291390728,1.5894039735099337,74.55,1.7880794701986753,44.12,4.331125827814569,0.5562913907284768,28/07/1992 00:00,Spain,Defender,left,182.0,https://img.a.transfermarkt.technology/portrait/header/169497-1732219962.jpg?lm=1,1200000,"[0.10952590446135099, 0.28125908067218425, 0.20648454746136868, 0.19659999434726602, 0.2530172680571888, 0.5664144598570828, 0.2569536423841059, 0.4902222222222222, 0.49764376665705984, 0.11175275938189844]"
Alfon González,Celta Vigo,1372,0.3024052478134111,0.1397230320699708,1.3775510204081634,8.199708454810496,1.6399416909620992,77.04,0.8527696793002916,17.65,2.427113702623907,0.9839650145772596,04/05/1999 00:00,Spain,Attack,,172.0,https://img.a.transfermarkt.technology/portrait/header/357628-1734950388.jpg?lm=1,250000,"[0.318149010838044, 0.26934862117245606, 0.5113201530612246, 0.2519476920778526, 0.2610623688727828, 0.6187473728457336, 0.12254616132167152, 0.1961111111111111, 0.22997654283728453, 0.197667638483965]"
Djibril Sow,Sevilla,2068,0.1031431334622824,0.0439555125725338,0.2611218568665377,8.965183752417795,0.4352030947775628,89.61,2.306576402321084,54.0,4.787234042553192,1.0009671179883946,06/02/1997 00:00,Switzerland,Midfield,right,184.0,https://img.a.transfermarkt.technology/portrait/header/212723-1779793436.jpg?lm=1,9000000,"[0.10851295115754345, 0.08250573816313998, 0.09692335589941975, 0.2771190914991143, 0.06927999421536904, 0.8829340058848256, 0.3314635718891039, 0.6, 0.5617637467691906, 0.20108317214700192]"
Enzo Boyomo,Osasuna,3258,0.0414364640883977,0.0193370165745856,0.0828729281767955,3.176795580110497,0.2762430939226519,87.64,3.2596685082872927,44.44,3.646408839779005,1.2707182320441988,07/10/2001 00:00,Cameroon,Defender,right,184.0,https://img.a.transfermarkt.technology/portrait/header/541555-1728038860.jpg?lm=1,20000000,"[0.04359372119919018, 0.034474936156901795, 0.030760819521178612, 0.08677744213971073, 0.04397514672725082, 0.8415300546448088, 0.4684264374872109, 0.49377777777777776, 0.4013858212033958, 0.25527317372621233]"
David López,Girona FC,2429,0.0322354878550844,0.046685878962536,0.1111568546727048,6.891724989707699,0.2223137093454096,92.35,1.704405104981474,52.46,3.5199670646356527,0.4446274186908193,09/10/1989 00:00,Spain,Defender,right,185.0,https://img.a.transfermarkt.technology/portrait/header/129444-1448529645.jpg?lm=1,2500000,"[0.03391372553595633, 0.08783269589011132, 0.041259263071222727, 0.2089368015377914, 0.035390126316356484, 0.9405212274064731, 0.2449293261973377, 0.5828888888888889, 0.38361055681316697, 0.08932070811033346]"
Robin Le Normand,Atlético Madrid,2153,0.058104969809568,0.0422201579191825,0.1254064096609382,2.4663260566651184,0.0836042731072921,90.56,1.5466790524849048,57.45,3.4277751973989785,1.4630747793776129,11/11/1996 00:00,Spain,Defender,right,187.0,https://img.a.transfermarkt.technology/portrait/header/351809-1707948228.jpg?lm=1,40000000,"[0.06113001941386497, 0.07912005303547552, 0.04654842080817464, 0.0634148173663486, 0.01330896684044432, 0.9029003783102143, 0.22226350828301594, 0.6383333333333334, 0.3706501660490951, 0.2939154667905249]"
Sergi Altimira,Real Betis,1977,0.0796661608497723,0.0523520485584218,0.1820940819423369,10.971168437025796,0.7283763277693476,89.67,3.8694992412746574,37.14,5.326251896813354,1.593323216995448,25/08/2001 00:00,Spain,Midfield,right,188.0,https://img.a.transfermarkt.technology/portrait/header/466801-1744375696.jpg?lm=1,2500000,"[0.08381372497628835, 0.09888741954245953, 0.06758978249873548, 0.3430826070913645, 0.11595025030845378, 0.884195039932745, 0.5560613724498397, 0.4126666666666667, 0.6375392162266986, 0.3200809307030855]"
Jon Moncayola,Osasuna,2112,0.0715909090909091,0.196875,0.3835227272727273,9.460227272727272,0.1704545454545454,80.21,3.451704545454546,46.88,3.877840909090909,1.4488636363636365,13/05/1998 00:00,Spain,Midfield,right,182.0,https://img.a.transfermarkt.technology/portrait/header/552425-1583310847.jpg?lm=1,7000000,"[0.07531806103551011, 0.38085238062806576, 0.14235617897727276, 0.2933977855596115, 0.027134664401019533, 0.6853720050441361, 0.4960227272727273, 0.520888888888889, 0.4339206872769929, 0.2910606060606061]"
Tanguy Nianzou,Sevilla,519,0.0329479768786127,0.0052023121387283,0.0,1.7341040462427746,0.5202312138728323,90.76,2.601156069364162,85.71,1.560693641618497,1.7341040462427746,07/06/2002 00:00,France,Defender,right,191.0,https://img.a.transfermarkt.technology/portrait/header/538996-1681463642.jpg?lm=1,1400000,"[0.03466330802404977, 0.006898061020746414, 0.0, 0.03933689774308804, 0.08281562314299605, 0.9071038251366121, 0.3737957610789981, 0.9523333333333333, 0.10817466493807977, 0.34836223506743735]"
Óscar de Marcos,Athletic Club,1574,0.0571791613722998,0.1252223634053367,0.1143583227445997,10.120711562897078,0.2287166454891995,79.31,2.7445997458703943,40.0,5.088945362134689,0.914866581956798,14/04/1989 00:00,Spain,Defender,right,182.0,https://img.a.transfermarkt.technology/portrait/header/96718-1709675357.png?lm=1,1500000,"[0.06015601171832348, 0.24105774809689737, 0.04244758576874205, 0.3151167279360665, 0.03640940992055482, 0.6664564943253468, 0.3944091486658196, 0.4444444444444445, 0.6041785141117534, 0.18378653113087673]"
César Tárrega,Valencia,3027,0.0603567888999008,0.0071357779980178,0.2081268582755203,2.7056491575817643,0.3270564915758176,84.7,2.140733399405352,58.55,3.0921704658077305,1.6650148662041626,26/02/2002 00:00,Spain,Defender,right,194.0,https://img.a.transfermarkt.technology/portrait/header/707274-1698963222.jpg?lm=1,15000000,"[0.06349907227043988, 0.01067026204720615, 0.07725264288074002, 0.0712845649372209, 0.05206413308263016, 0.7797393862967634, 0.3076313181367691, 0.6505555555555556, 0.3234706414981079, 0.33448298645523616]"
Ladislav Krejčí,Girona FC,2439,0.0612546125461254,0.0291512915129151,0.1845018450184501,7.232472324723247,0.2583025830258302,90.47,2.103321033210332,68.75,3.726937269372693,0.8856088560885609,20/04/1999 00:00,Czech Republic,Defender,left,191.0,https://img.a.transfermarkt.technology/portrait/header/345911-1716965804.jpg?lm=1,22000000,"[0.06444363823620515, 0.05362263293078176, 0.06848349733497333, 0.22014171866342147, 0.041119196238691355, 0.9010088272383354, 0.30225502255022546, 0.763888888888889, 0.4127065585572875, 0.17790897908979086]"
Yáser Asprilla,Girona FC,1415,0.1310247349823321,0.214982332155477,0.6996466431095407,11.957597173144878,1.84452296819788,80.7,1.84452296819788,62.5,3.943462897526502,0.7632508833922261,19/11/2003 00:00,Colombia,Attack,left,176.0,https://img.a.transfermarkt.technology/portrait/header/857818-1779994366.png?lm=1,12000000,"[0.13784611917735756, 0.41617987121454963, 0.2596952296819789, 0.37551969787022565, 0.2936296687691953, 0.6956704497688104, 0.26506478209658424, 0.6944444444444444, 0.44314586774391324, 0.15332862190812718]"
Abdul Mumin,Rayo Vallecano,2020,0.0271782178217821,0.0049009900990099,0.1782178217821782,2.183168316831684,0.2227722772277227,83.63,2.6732673267326734,55.17,4.143564356435644,0.9801980198019804,06/06/1998 00:00,Ghana,Defender,right,188.0,https://img.a.transfermarkt.technology/portrait/header/451801-1776270192.jpg?lm=1,2500000,"[0.028593164896649016, 0.006310180297608959, 0.0661509900990099, 0.05410363960418185, 0.03546312575182751, 0.7572509457755359, 0.38415841584158417, 0.613, 0.4712762568732018, 0.19691089108910892]"
Álvaro Rodríguez,Getafe,852,0.1299295774647887,0.0369718309859154,1.056338028169014,4.647887323943662,1.6901408450704225,47.6,1.3732394366197185,54.69,3.2746478873239435,3.169014084507042,14/07/2004 00:00,Uruguay,Attack,left,193.0,https://img.a.transfermarkt.technology/portrait/header/948275-1660124773.jpg?lm=1,4000000,"[0.13669394578275673, 0.06888054239206462, 0.3920921361502348, 0.13515188085130658, 0.26905357377912337, 0.0, 0.197339593114241, 0.6076666666666667, 0.34912343235002785, 0.6366197183098591]"
Andoni Gorosabel,Athletic Club,1489,0.0199462726662189,0.1015446608462055,0.0604432505036937,8.159838817998656,0.4231027535258563,83.71,3.928811282740094,41.67,3.3848220282068504,1.4506380120886502,04/08/1996 00:00,Spain,Defender,right,174.0,https://img.a.transfermarkt.technology/portrait/header/289255-1739190147.jpeg?lm=1,5000000,"[0.02098471162305679, 0.19486243853472857, 0.022435359301544645, 0.25063664447630574, 0.0673537405145522, 0.7589323245060948, 0.5645847324826505, 0.463, 0.3646117824695963, 0.2914170584284755]"
Kiko Femenía,Villarreal,2229,0.0145356662180349,0.0860026917900403,0.0,9.569313593539704,0.686406460296097,90.43,3.633916554508749,33.33,4.118438761776582,0.847913862718708,02/02/1991 00:00,Spain,Defender,right,174.0,https://img.a.transfermarkt.technology/portrait/header/76467-1726231817.jpg?lm=1,1400000,"[0.015292419237357847, 0.16453998347549317, 0.0, 0.2969849102665073, 0.10926906579791451, 0.9001681378730559, 0.5222072678331091, 0.37033333333333335, 0.4677440849504317, 0.1703364737550471]"
Dário Essugo,Las Palmas,1952,0.0313524590163934,0.0313524590163934,0.1844262295081967,6.823770491803279,0.5532786885245902,85.64,4.656762295081967,48.39,5.440573770491803,1.7059426229508197,14/03/2005 00:00,Portugal,Midfield,right,178.0,https://img.a.transfermarkt.technology/portrait/header/670717-1742314930.jpg?lm=1,3500000,"[0.032984724622108594, 0.057917121129855476, 0.06845543032786885, 0.2067022293516345, 0.08807645166232574, 0.7994955863808322, 0.6691939890710382, 0.5376666666666667, 0.653610657235154, 0.34270491803278685]"
Christantus Uche,Getafe,2501,0.1342263094762095,0.1119152339064374,0.5037984806077569,6.981207516993203,1.1515393842463015,67.49,1.6193522590963616,41.82,3.9584166333466615,1.9792083166733307,19/05/2003 00:00,Nigeria,Attack,both,190.0,https://img.a.transfermarkt.technology/portrait/header/1124005-1748855413.jpg?lm=1,15000000,"[0.14121437341803755, 0.21509547557276454, 0.18700019992003203, 0.21187928765402253, 0.1833135904516698, 0.4180327868852458, 0.23270691723310677, 0.4646666666666667, 0.4452480733442666, 0.3976009596161535]"
Valentin Rosier,Leganés,2592,0.0315972222222222,0.0434027777777777,0.1388888888888889,5.590277777777778,0.798611111111111,80.63,4.305555555555555,60.0,4.201388888888888,1.5277777777777777,19/08/1996 00:00,France,Defender,right,175.0,https://img.a.transfermarkt.technology/portrait/header/441170-1666619891.png?lm=1,3000000,"[0.033242230642215854, 0.08142734996708197, 0.051552854938271615, 0.16614084496078194, 0.1271309276566286, 0.6941992433795712, 0.6187242798353909, 0.6666666666666667, 0.4794052660668205, 0.3069135802469135]"
Brahim Díaz,Real Madrid,1405,0.3529537366548043,0.1447686832740213,1.0889679715302492,13.13167259786477,1.5373665480427046,88.4,1.8576512455516008,17.65,3.4590747330960854,0.896797153024911,03/08/1999 00:00,Morocco,Attack,both,170.0,https://img.a.transfermarkt.technology/portrait/header/314678-1744193327.jpg?lm=1,40000000,"[0.37132914524553273, 0.27919271051058964, 0.40420373665480436, 0.41412724217464425, 0.24473342867595704, 0.85750315258512, 0.26695136417556337, 0.1961111111111111, 0.37505027449171, 0.18015658362989323]"
Javi Rodríguez,Celta Vigo,2513,0.0848786311181854,0.0343812176681257,0.1790688420214882,7.449263828093912,0.3581376840429765,86.81,3.0799840827695983,55.13,3.115797851173896,1.3251094309590132,27/06/2003 00:00,Spain,Defender,right,178.0,https://img.a.transfermarkt.technology/portrait/header/1076815-1732611843.jpg?lm=1,15000000,"[0.08929756585507351, 0.06382624356926686, 0.06646687226422601, 0.22727055161144208, 0.05701194907973863, 0.8240857503152585, 0.44260512004244595, 0.6125555555555556, 0.3267921942148209, 0.266199761241544]"
Koke,Atlético Madrid,1927,0.0509081473793461,0.1036844836533471,0.1868188894654903,14.75869226777374,0.4203425012973534,89.15,3.082511676180592,47.37,5.697976128697457,1.0742086144265697,08/01/1992 00:00,Spain,Midfield,right,176.0,https://img.a.transfermarkt.technology/portrait/header/74229-1664970397.jpg?lm=1,7000000,"[0.053558517418089736, 0.199037242941416, 0.06934353918007263, 0.4676291149398948, 0.06691433587630767, 0.8732660781841111, 0.44296834457706286, 0.5263333333333333, 0.6897964428790724, 0.21579657498702642]"
Hugo Duro,Valencia,2172,0.355939226519337,0.0203038674033149,0.7458563535911602,3.729281767955801,0.2900552486187845,70.41,0.9530386740331492,36.97,1.9060773480662985,1.574585635359116,10/11/1999 00:00,Spain,Attack,left,177.0,https://img.a.transfermarkt.technology/portrait/header/573775-1683213249.jpg?lm=1,16000000,"[0.37447006510104447, 0.03636126669180266, 0.2768473756906078, 0.1049450440890538, 0.046173904063613366, 0.47940311055065155, 0.13695518723143033, 0.4107777777777778, 0.15672892393378324, 0.31631675874769793]"
José Ángel Carmona,Sevilla,2954,0.01614759647935,0.0268111035883547,0.1218686526743398,6.245768449559919,0.5788761002031144,82.07,4.60054163845633,62.96,4.996614759647935,1.4928909952606635,29/01/2002 00:00,Spain,Defender,right,184.0,https://img.a.transfermarkt.technology/portrait/header/711625-1696862897.jpg?lm=1,12000000,"[0.016988269497515158, 0.04905691523335143, 0.0452352742044685, 0.18769558038844814, 0.09215130442485717, 0.7244640605296342, 0.66111487248928, 0.6995555555555556, 0.5911986198588416, 0.29990521327014213]"
José Copete,Mallorca,1537,0.0269355888093688,0.0087833441769681,0.1171112556929082,2.752114508783344,0.2342225113858165,84.17,2.69355888093689,62.79,2.69355888093689,1.5810019518542615,10/10/1999 00:00,Spain,Defender,left,190.0,https://img.a.transfermarkt.technology/portrait/header/520840-1674915512.JPG?lm=1,4000000,"[0.02833790417991856, 0.013884671446542797, 0.043469420949902395, 0.07281250178639169, 0.037285888884159575, 0.7686002522068096, 0.38707438733463456, 0.6976666666666667, 0.267433573827599, 0.31760572543916715]"
Rubén Vargas,Sevilla,677,0.2632200886262925,0.1169867060561299,0.6646971935007385,8.641063515509602,1.5952732644017726,73.63,1.329394387001477,53.85,4.121122599704579,1.4623338257016247,05/08/1998 00:00,Switzerland,Attack,right,179.0,https://img.a.transfermarkt.technology/portrait/header/345886-1779793578.jpg?lm=1,9000000,"[0.27692380153676477, 0.22498994169784112, 0.24672267355982277, 0.2664609292184609, 0.25395160065710465, 0.5470786044556535, 0.19103889709502705, 0.5983333333333334, 0.4681213805767909, 0.29376661742983745]"
Toni Martínez,Deportivo Alavés,1013,0.3429417571569595,0.0808489634748272,1.3326752221125369,4.797630799605133,0.7996051332675221,60.26,1.154985192497532,51.97,2.6653504442250737,1.510365251727542,30/06/1997 00:00,Spain,Attack,right,187.0,https://img.a.transfermarkt.technology/portrait/header/302371-1606396665.png?lm=1,5000000,"[0.3607959240240033, 0.15448503518285275, 0.4946631293188549, 0.14007594939850163, 0.12728916607467408, 0.26607818411097095, 0.16597564988483052, 0.5774444444444444, 0.2634680140272949, 0.30341559723593287]"
Ramón Terrats,Getafe,1374,0.1395196506550218,0.09235807860262,0.5895196506550218,7.270742358078603,1.703056768558952,73.18,2.1615720524017465,55.88,4.192139737991266,0.982532751091703,18/10/2000 00:00,Spain,Midfield,left,181.0,https://img.a.transfermarkt.technology/portrait/header/783396-1726231968.jpg?lm=1,4000000,"[0.1467832954927845, 0.1769393731739343, 0.21881823144104806, 0.2214001659294061, 0.27110966004162756, 0.5376208490962591, 0.3106259097525473, 0.6208888888888889, 0.47810501460796556, 0.19737991266375543]"
Manu Fuster,Las Palmas,1016,0.0646653543307086,0.1621062992125984,0.6200787401574803,15.501968503937007,0.4429133858267716,83.7,2.037401574803149,23.53,5.580708661417322,1.062992125984252,22/10/1997 00:00,Spain,Attack,right,169.0,https://img.a.transfermarkt.technology/portrait/header/511021-1683202707.jpg?lm=1,1500000,"[0.06803194939427959, 0.3130184811212476, 0.23016117125984256, 0.49207053464250117, 0.07050739568768857, 0.7587221521647751, 0.29278215223097104, 0.2614444444444445, 0.6733109084667813, 0.21354330708661418]"
Arthur,Girona FC,941,0.0200850159404888,0.0554729011689691,0.0956429330499468,14.250797024442084,0.7651434643995749,93.39,3.1562167906482466,0.0,4.686503719447396,1.5302869287991498,17/06/1999 00:00,Brazil,Defender,right,190.0,https://img.a.transfermarkt.technology/portrait/header/517518-1534845952.jpg?lm=1,10000,"[0.02113067812260853, 0.10497621773063243, 0.03550079702444207, 0.45092781305070095, 0.12180321193401333, 0.9623791509037412, 0.4535600425079702, 0.0, 0.5476030145010086, 0.3074176408076514]"
Conor Gallagher,Atlético Madrid,1637,0.1522907758094074,0.0632254123396456,0.2199144777031154,9.401343921808186,0.9346365302382408,86.59,3.573610262675626,29.03,5.882712278558338,1.7593158216249236,06/02/2000 00:00,England,Midfield,right,182.0,https://img.a.transfermarkt.technology/portrait/header/488362-1668500476.jpg?lm=1,35000000,"[0.16021930847382787, 0.12010140365267033, 0.08162797800855222, 0.2914615031611075, 0.14878481836502838, 0.8194619588062211, 0.5135410303400529, 0.3225555555555556, 0.7157667671843676, 0.3534270006108735]"
Javi Puado,Espanyol,2987,0.2283896886508202,0.0620689655172413,0.7231335788416471,5.483762972882491,0.6327418814864412,79.53,0.813525276196853,23.08,3.163709407432206,0.6628724472715098,25/05/1998 00:00,Spain,Attack,right,177.0,https://img.a.transfermarkt.technology/portrait/header/408471-1698158226.jpg?lm=1,10000000,"[0.2402800680717713, 0.11784517043833127, 0.26841312353531976, 0.1626382803363223, 0.10072619982541167, 0.6710802858343843, 0.11690659524606628, 0.2564444444444444, 0.3335276309711717, 0.1331637094074322]"
Samú Costa,Mallorca,2654,0.0623963828183873,0.0640919366993217,0.2712886209495102,7.867370007535795,0.440844009042954,81.59,4.103240391861342,63.96,4.374529012810852,2.102486812358704,27/11/2000 00:00,Portugal,Midfield,left,185.0,https://img.a.transfermarkt.technology/portrait/header/657430-1753960841.jpg?lm=1,15000000,"[0.06564485112966836, 0.12179199677243906, 0.10069706103993974, 0.24101928743103804, 0.07017797153300608, 0.71437578814628, 0.5896508414971113, 0.7106666666666667, 0.5037454137417536, 0.42236623963828185]"
Matija Nastasić,Leganés,2112,0.0025568181818181,0.0149147727272727,0.0426136363636363,2.002840909090909,0.0426136363636363,82.88,1.960227272727273,68.42,2.1306818181818183,0.6392045454545455,28/03/1993 00:00,Serbia,Defender,left,187.0,https://img.a.transfermarkt.technology/portrait/header/143559-1531813376.jpg?lm=1,1500000,"[0.002689930751268132, 0.025847117517156567, 0.015817353219696947, 0.048173868622633634, 0.006783666100254875, 0.7414880201765446, 0.2816919191919192, 0.7602222222222222, 0.18830396181192316, 0.12840909090909092]"
Sergio Carreira,Celta Vigo,1657,0.0325890162945081,0.1287266143633071,0.1629450814725407,9.287869643934824,0.7604103802051901,78.53,2.444176222088111,17.65,3.584791792395896,1.031985515992758,13/10/2000 00:00,Spain,Defender,right,170.0,https://img.a.transfermarkt.technology/portrait/header/545647-1773950983.jpg?lm=1,1500000,"[0.034285659304034204, 0.24789455827232293, 0.060482045866022925, 0.2877300876845823, 0.12104975211366112, 0.650063051702396, 0.3512371756185878, 0.1961111111111111, 0.3927236578721844, 0.2073144236572118]"
Logan Costa,Villarreal,2585,0.0243713733075435,0.0181044487427466,0.1740812379110251,5.222437137330754,0.0,87.92,2.0541586073500966,53.49,3.620889748549323,0.6615087040618955,01/04/2001 00:00,Cape Verde,Defender,right,190.0,https://img.a.transfermarkt.technology/portrait/header/484988-1708555203.jpg?lm=1,18000000,"[0.02564019099081193, 0.032070190493509065, 0.06461557059961315, 0.15404500893183828, 0.0, 0.8474148802017654, 0.2951901998710509, 0.5943333333333334, 0.39779833128488035, 0.132889748549323]"
Sergio González,Leganés,2963,0.0446506918663516,0.0167060411744853,0.1518731015862301,2.035099561255484,0.1214984812689841,84.16,2.3995950050624364,52.46,2.4299696253796825,0.911238609517381,20/04/1992 00:00,Spain,Defender,right,189.0,https://img.a.transfermarkt.technology/portrait/header/308989-1701789701.jpg?lm=1,700000,"[0.04697528747675412, 0.029341890720818584, 0.056372342220722224, 0.04923464147966007, 0.019341347018209, 0.7683900798654897, 0.34483068961637975, 0.5828888888888889, 0.23037803025712206, 0.18305771177860275]"
Sergio Camello,Rayo Vallecano,1138,0.3187170474516696,0.0869947275922671,0.7117750439367312,6.4059753954305805,1.0281195079086116,80.63,1.0281195079086116,29.73,2.530755711775044,0.8699472759226714,10/02/2001 00:00,Spain,Attack,right,182.0,https://img.a.transfermarkt.technology/portrait/header/505674-1775761676.jpg?lm=1,3000000,"[0.3353100322072973, 0.1664754500126783, 0.2641970562390159, 0.19296372298844575, 0.163666376492617, 0.6941992433795712, 0.14774458113649677, 0.33033333333333337, 0.24454660176367427, 0.17476274165202108]"
Viti Rozada,Las Palmas,1986,0.0031722054380664,0.0580060422960725,0.0906344410876132,4.486404833836858,0.4078549848942598,84.13,4.441087613293052,48.65,3.851963746223565,1.2688821752265862,16/09/1997 00:00,Spain,Defender,right,172.0,https://img.a.transfermarkt.technology/portrait/header/438971-1702390831.jpg?lm=1,0,"[0.003337356178814075, 0.10991838803786415, 0.033641742195367544, 0.12984179407159763, 0.06492644775107999, 0.7677595628415299, 0.6382007385028534, 0.5405555555555556, 0.43028285942212, 0.2549043303121853]"
Javi Muñoz,Las Palmas,2590,0.0441312741312741,0.0795752895752895,0.2084942084942085,8.200772200772201,0.7297297297297297,79.81,2.640926640926641,36.59,3.891891891891892,1.0424710424710424,28/02/1995 00:00,Spain,Midfield,right,177.0,https://img.a.transfermarkt.technology/portrait/header/282421-1698852390.jpg?lm=1,1500000,"[0.046428827916870405, 0.1520000913871673, 0.07738899613899615, 0.2519826716187582, 0.11616569840868907, 0.6769651113913409, 0.3795109395109395, 0.4065555555555556, 0.4358959832893026, 0.20942084942084938]"
Albert Sambi Lokonga,Sevilla,1474,0.0561736770691994,0.0567842605156038,0.3052917232021709,10.379918588873814,0.2442333785617368,89.62,1.89280868385346,66.67,4.21302578018996,1.3432835820895523,22/10/1999 00:00,Belgium,Midfield,right,183.0,https://img.a.transfermarkt.technology/portrait/header/381967-1758189027.jpg?lm=1,15000000,"[0.05909818008756437, 0.10753468601165538, 0.11331835142469471, 0.32364032576352364, 0.03887951914175935, 0.8831441782261455, 0.272003618272275, 0.7407777777777779, 0.48104118757553377, 0.2698507462686567]"
Borja Iglesias,Celta Vigo,1979,0.427033855482567,0.0618494188984335,1.273370389085397,5.002526528549773,0.5002526528549773,72.73,0.7731177362304195,34.15,2.091965639211723,1.8191005558362807,17/01/1993 00:00,Spain,Attack,right,187.0,https://img.a.transfermarkt.technology/portrait/header/278359-1686661509.jpg?lm=1,5000000,"[0.44926600876967243, 0.11741683394775217, 0.47265032844871163, 0.14681360931920356, 0.07963523539217864, 0.5281630937368644, 0.11109988209533435, 0.3794444444444444, 0.182861216986547, 0.3654370894391106]"
Cristhian Mosquera,Valencia,3320,0.0113855421686747,0.0073192771084337,0.0542168674698795,4.445783132530121,0.1355421686746988,91.24,2.466867469879518,45.16,5.150602409638554,0.3795180722891567,27/06/2004 00:00,Spain,Defender,right,191.0,https://img.a.transfermarkt.technology/portrait/header/646750-1749739359.jpg?lm=1,35000000,"[0.011978294044201608, 0.011028269678600103, 0.020124246987951802, 0.12850601606287654, 0.021576962053822767, 0.9171920975199663, 0.35449799196787146, 0.5017777777777778, 0.6128463006851351, 0.07624096385542169]"
Juan Iglesias,Getafe,2889,0.0498442367601246,0.0563862928348909,0.0934579439252336,4.70404984423676,0.4049844236760124,60.46,4.080996884735202,48.65,3.302180685358256,1.4018691588785046,03/07/1998 00:00,Spain,Defender,right,187.0,https://img.a.transfermarkt.technology/portrait/header/390688-1632295269.jpg?lm=1,5000000,"[0.05243921769173625, 0.106758249186319, 0.03468977154724817, 0.13699869319812058, 0.0644694830213216, 0.2702816309373688, 0.5864543671397253, 0.5405555555555556, 0.3529940104394909, 0.281619937694704]"
Javi Galán,Atlético Madrid,1790,0.0100558659217877,0.1543575418994413,0.0,8.044692737430168,1.4078212290502794,85.38,3.1675977653631286,49.02,3.5698324022346366,1.910614525139665,19/11/1994 00:00,Spain,Defender,left,172.0,https://img.a.transfermarkt.technology/portrait/header/448628-1706112804.jpg?lm=1,3500000,"[0.010579392451915217, 0.2979006189929657, 0.0, 0.24685025451069628, 0.22411110530987316, 0.7940311055065152, 0.45519553072625696, 0.5446666666666667, 0.3906206573809979, 0.3838212290502793]"
Gorka Guruzeta,Athletic Club,1847,0.3216025988088792,0.0331348132106118,0.9258256632376828,4.044396318354088,0.5360043313481321,74.0,1.2181916621548456,34.29,2.9723876556578235,1.949106659447753,12/09/1996 00:00,Spain,Attack,right,188.0,https://img.a.transfermarkt.technology/portrait/header/340205-1709676375.png?lm=1,18000000,"[0.33834581057641167, 0.06139450258380892, 0.34364848402815384, 0.11530706914240271, 0.0853265462052634, 0.5548549810844894, 0.17505865367262224, 0.381, 0.30663149860087124, 0.39155387114239304]"
Natan,Real Betis,2189,0.0143901324805847,0.0341251713111009,0.1644586569209684,2.754682503426222,0.0822293284604842,88.95,2.549109182275011,67.68,3.083599817268159,0.7811786203746003,06/02/2001 00:00,Brazil,Defender,left,188.0,https://img.a.transfermarkt.technology/portrait/header/735568-1708553167.jpg?lm=1,12000000,"[0.01513930875085626, 0.06332669591697722, 0.06104385564184557, 0.07289694607750022, 0.013090089359285803, 0.8690626313577134, 0.3663164306380386, 0.7520000000000001, 0.322265774328109, 0.15693010507080857]"
Adrià Pedrosa,Sevilla,2303,0.0351715154146765,0.0656534954407294,0.3126356925749023,6.057316543638732,0.6643508467216674,78.54,3.126356925749023,28.21,3.907946157186279,1.485019539730786,13/05/1998 00:00,Spain,Defender,left,172.0,https://img.a.transfermarkt.technology/portrait/header/501418-1583506190.jpg?lm=1,4000000,"[0.037002607989655725, 0.12483860525477343, 0.11604429005644813, 0.18149864861224632, 0.10575803198591031, 0.6502732240437159, 0.4492690693298596, 0.31344444444444447, 0.438152902016322, 0.2983239253148067]"
Unai López,Rayo Vallecano,1725,0.0834782608695652,0.0699130434782608,0.5739130434782609,12.365217391304348,0.7826086956521738,85.95,2.713043478260869,35.71,6.104347826086956,0.9391304347826086,30/10/1995 00:00,Spain,Midfield,right,170.0,https://img.a.transfermarkt.technology/portrait/header/192009-1726662500.jpg?lm=1,2500000,"[0.08782428980372523, 0.1331490036009511, 0.21302536231884062, 0.38892362005497205, 0.12458350264120276, 0.8060109289617488, 0.3898743961352656, 0.3967777777777778, 0.7469244320552363, 0.18866086956521735]"
Yvan Neyou,Leganés,2321,0.0240413614821197,0.0411029728565273,0.1163291684618698,6.940973718224903,0.7367514002585093,88.1,3.063334769495907,54.76,4.691943127962086,1.2796208530805688,03/01/1997 00:00,Cameroon,Midfield,right,180.0,https://img.a.transfermarkt.technology/portrait/header/469669-1703762516.jpg?lm=1,2500000,"[0.025292998154104872, 0.07694041969990575, 0.04317912537699265, 0.2105562651839348, 0.11728347835890912, 0.8511979823455231, 0.4402125520608933, 0.6084444444444445, 0.5483676899760678, 0.2570616113744076]"
Jonathan Bamba,Celta Vigo,814,0.0895577395577395,0.1802211302211302,0.6633906633906634,9.50859950859951,1.6584766584766586,82.77,1.87960687960688,37.5,5.749385749385749,0.773955773955774,26/03/1996 00:00,Cote d'Ivoire,Attack,right,175.0,https://img.a.transfermarkt.technology/portrait/header/292818-1771695536.jpg?lm=1,9000000,"[0.09422027712550293, 0.348360602005471, 0.24623771498771505, 0.29498842718298657, 0.2640129509288388, 0.7391761244220261, 0.27010647010647015, 0.4166666666666667, 0.6970236397362798, 0.15547911547911547]"
Alejandro Francés,Girona FC,1182,0.015989847715736,0.0350253807106599,0.0,7.84263959390863,0.5329949238578681,85.22,4.035532994923858,35.0,2.817258883248731,1.5228426395939088,01/08/2002 00:00,Spain,Defender,right,182.0,https://img.a.transfermarkt.technology/portrait/header/632896-1697808516.jpg?lm=1,0,"[0.016822308048540284, 0.06508300870870815, 0.0, 0.24020606834845212, 0.08484747853313726, 0.7906683480453971, 0.579921037789058, 0.3888888888888889, 0.28482339806624174, 0.30592216582064297]"
Domingos Duarte,Getafe,1869,0.0096308186195826,0.0043338683788121,0.0481540930979133,2.2632423756019264,0.0,78.7,2.215088282504013,58.33,3.03370786516854,1.1556982343499198,10/03/1995 00:00,Portugal,Defender,right,192.0,https://img.a.transfermarkt.technology/portrait/header/257376-1583309064.jpg?lm=1,800000,"[0.010132216419972246, 0.005203723142040723, 0.017873863028357403, 0.05673674366761483, 0.0, 0.653635981504834, 0.31831639022650254, 0.6481111111111111, 0.3152519322770155, 0.2321669341894061]"
Aitor Paredes,Athletic Club,1814,0.1136163175303197,0.0074421168687982,0.1488423373759647,2.282249173098126,0.0,83.58,1.835722160970232,51.67,3.0760749724366043,1.141124586549063,29/04/2000 00:00,Spain,Defender,right,185.0,https://img.a.transfermarkt.technology/portrait/header/591916-1709675052.png?lm=1,22000000,"[0.11953138809163641, 0.011267930631448434, 0.055247381477398015, 0.057361751023164154, 0.0, 0.7562000840689365, 0.2638000735023889, 0.5741111111111111, 0.32120792690209266, 0.22923925027563394]"
Fran Beltrán,Celta Vigo,2426,0.0374690849134377,0.0656636438582028,0.1483924154987634,9.64550700741962,0.3709810387469084,88.99,2.8194558944765045,41.67,4.414674361088211,1.2613355317394888,03/02/1999 00:00,Spain,Midfield,right,165.0,https://img.a.transfermarkt.technology/portrait/header/423444-1693921591.jpg?lm=1,6000000,"[0.03941979310349857, 0.12485840486521192, 0.055080379225061836, 0.29949040568881, 0.05905648311516206, 0.8699033207229927, 0.40516625446551247, 0.463, 0.509389072088521, 0.2533882934872217]"
Robert Navarro,Mallorca,1286,0.1392690513219284,0.1028771384136858,0.4199066874027993,10.217729393468115,2.4494556765163296,79.95,3.4292379471228616,35.71,6.578538102643857,0.9797822706065318,12/04/2002 00:00,Spain,Attack,right,178.0,https://img.a.transfermarkt.technology/portrait/header/563137-1567246327.jpg?lm=1,6000000,"[0.14651964950609336, 0.1974621085643979, 0.15586119751166408, 0.3183070001393906, 0.38992892545166496, 0.6799075241698194, 0.4927941938828408, 0.3967777777777778, 0.8135863998069423, 0.1968273716951788]"
Cristhian Stuani,Girona FC,1068,0.4980337078651685,0.0817415730337078,1.601123595505618,2.528089887640449,0.1685393258426966,70.2,1.348314606741573,53.66,1.1797752808988764,2.9494382022471908,12/10/1986 00:00,Uruguay,Attack,right,184.0,https://img.a.transfermarkt.technology/portrait/header/59323-1726736068.jpg?lm=1,900000,"[0.5239622416178182, 0.15622652064951337, 0.594305945692884, 0.06544581962615624, 0.02682978053134516, 0.474989491382934, 0.1937578027465668, 0.5962222222222222, 0.054624921862997874, 0.59250936329588]"
Raúl Moro,Real Valladolid,2346,0.1599744245524296,0.210230179028133,0.6138107416879796,6.943734015345268,2.186700767263427,72.83,1.227621483375959,33.33,3.260869565217391,0.1534526854219949,05/12/2002 00:00,Spain,Attack,right,169.0,https://img.a.transfermarkt.technology/portrait/header/624942-1750837010.jpg?lm=1,2500000,"[0.16830298183894032, 0.4069083980107517, 0.2278346121057119, 0.21064703302654875, 0.3481009632621842, 0.530264817150063, 0.17641375390736003, 0.37033333333333335, 0.34718646714987916, 0.03082693947144075]"
Renato Tapia,Leganés,2433,0.0210850801479654,0.0303329223181257,0.2219482120838471,5.252774352651048,0.7028360049321825,79.54,3.255240443896424,56.14,5.733662145499383,1.405672009864365,28/07/1995 00:00,Peru,Midfield,right,185.0,https://img.a.transfermarkt.technology/portrait/header/277137-1718679726.jpg?lm=1,5000000,"[0.02218280747778271, 0.055928000214561915, 0.08238286066584465, 0.1550425984903033, 0.11188448552035678, 0.6712904581757042, 0.46779010823400463, 0.6237777777777778, 0.6948132055982703, 0.2823838882038635]"
Nahuel Molina,Atlético Madrid,1581,0.0455407969639468,0.1092979127134724,0.0569259962049335,9.962049335863378,0.8538899430740038,82.52,3.2447817836812143,45.45,3.757115749525617,0.7400379506641366,06/04/1998 00:00,Argentina,Defender,right,175.0,https://img.a.transfermarkt.technology/portrait/header/424042-1697037362.jpg?lm=1,15000000,"[0.04791173305231683, 0.2099890695593139, 0.021129822896900668, 0.3098993808809548, 0.13593076663888348, 0.7339218158890288, 0.4662871600253004, 0.505, 0.4169490683053934, 0.14866540164452877]"
Nemanja Gudelj,Sevilla,2495,0.0303006012024048,0.034629258517034,0.2164328657314629,5.050100200400801,0.2164328657314629,88.46,2.488977955911824,63.01,2.6693386773547094,0.937875751503006,16/11/1991 00:00,Serbia,Midfield,right,187.0,https://img.a.transfermarkt.technology/portrait/header/74294-1718893660.jpg?lm=1,2500000,"[0.031878105191783024, 0.06431017243739783, 0.08033567134268538, 0.1483779914747628, 0.034453954638248456, 0.8587641866330389, 0.3576753507014028, 0.7001111111111111, 0.26402868235268634, 0.1884088176352705]"
Juanlu Sánchez,Sevilla,1731,0.1117850953206239,0.0878682842287695,0.3119584055459272,8.890814558058924,0.5719237435008665,85.33,3.483535528596187,52.5,3.431542461005199,0.9358752166377816,15/08/2003 00:00,Spain,Defender,right,186.0,https://img.a.transfermarkt.technology/portrait/header/676042-1695240552.jpg?lm=1,15000000,"[0.1176048291484568, 0.1681797631377603, 0.11579289428076257, 0.27467358254318064, 0.09104455854484199, 0.7929802437999158, 0.5005969574427113, 0.5833333333333334, 0.3711797703397051, 0.18800693240901212]"
Ricardo Rodríguez,Real Betis,1280,0.01265625,0.042890625,0.0703125,9.28125,0.28125,85.32,2.6015625,61.36,3.8671875,0.84375,25/08/1992 00:00,Switzerland,Defender,left,182.0,https://img.a.transfermarkt.technology/portrait/header/86784-1718216908.jpg?lm=1,3500000,"[0.013315157218777681, 0.0804281374778854, 0.026098632812500005, 0.287512411553124, 0.044772196261682246, 0.7927700714585959, 0.37385416666666665, 0.6817777777777778, 0.43242302431684004, 0.16949999999999998]"
Donny van de Beek,Girona FC,1438,0.0963838664812239,0.2228094575799722,0.3129346314325452,9.13769123783032,0.3755215577190542,83.72,2.4408901251738526,52.63,3.004172461752434,1.376912378303199,18/04/1997 00:00,Netherlands,Midfield,right,184.0,https://img.a.transfermarkt.technology/portrait/header/288255-1642174403.jpg?lm=1,2000000,"[0.1014017845373766, 0.43145062989831545, 0.11615525034770516, 0.2827917171632591, 0.05977928847178714, 0.7591424968474147, 0.35076495132127955, 0.5847777777777778, 0.3110998266616195, 0.27660639777468704]"
Kike Pérez,Real Valladolid,1198,0.1547579298831385,0.081135225375626,0.3756260434056761,7.512520868113522,0.6010016694490817,82.15,3.3055091819699496,46.43,4.507512520868113,2.404006677796327,14/02/1997 00:00,Spain,Midfield,left,184.0,https://img.a.transfermarkt.technology/portrait/header/527698-1739282423.jpg?lm=1,2200000,"[0.16281490704170362, 0.15504353350380387, 0.1394250834724541, 0.22935065560110368, 0.09567347448239277, 0.7261454392601934, 0.4750139120756816, 0.515888888888889, 0.5224403190653936, 0.48293823038397315]"
Jon Aramburu,Real Sociedad,2471,0.0163901254552812,0.0498988263860785,0.1092675030352084,6.738162687171186,0.2913800080938891,80.8,4.8077701335491705,51.95,4.625657628490489,1.8211250505868068,23/07/2002 00:00,Venezuela,Defender,right,176.0,https://img.a.transfermarkt.technology/portrait/header/661145-1719915615.jpg?lm=1,5000000,"[0.017243424969683695, 0.09410117149355536, 0.04055797248077701, 0.20388715713348798, 0.04638479256572502, 0.6977721731820092, 0.6908943747470659, 0.5772222222222223, 0.5390492327097871, 0.36584378794010514]"
Arnaut Danjuma,Girona FC,1548,0.2552325581395349,0.1360465116279069,0.988372093023256,8.720930232558139,1.3953488372093024,81.72,0.6976744186046512,50.0,2.441860465116279,0.988372093023256,31/01/1997 00:00,Netherlands,Attack,right,178.0,https://img.a.transfermarkt.technology/portrait/header/355861-1674657323.jpg?lm=1,13000000,"[0.2685204257958496, 0.26217571241964777, 0.36686450258397946, 0.26908721518951373, 0.22212562486416, 0.7171080285834384, 0.10025839793281653, 0.5555555555555556, 0.2320496519968533, 0.19855297157622742]"
Loïc Badé,Sevilla,2687,0.0211016002977298,0.0077037588388537,0.1339784145887607,3.81838481577968,0.569408262002233,86.44,2.5455898771864534,68.42,4.622255303312245,0.8708596948269446,11/04/2000 00:00,France,Defender,right,191.0,https://img.a.transfermarkt.technology/portrait/header/730581-1758704021.jpg?lm=1,28000000,"[0.022200187696361735, 0.01177839535119838, 0.049730182359508754, 0.10787505164571468, 0.09064411896671062, 0.8163093736864229, 0.36581069346234957, 0.7602222222222222, 0.538570931693242, 0.17494603647190174]"
José Campaña,Las Palmas,1205,0.0097095435684647,0.0761825726141078,0.2240663900414937,10.829875518672198,0.5975103734439834,87.14,2.987551867219917,80.95,6.273858921161826,0.5228215767634855,31/05/1993 00:00,Spain,Midfield,right,179.0,https://img.a.transfermarkt.technology/portrait/header/120095-1601644816.jpg?lm=1,750000,"[0.010215039931786993, 0.14538088456643763, 0.08316908713692944, 0.33843642125833895, 0.09511769496257805, 0.8310214375788145, 0.4293222683264177, 0.8994444444444445, 0.770754408569066, 0.10502904564315352]"
Sheraldo Becker,Real Sociedad,994,0.1810865191146881,0.1512072434607645,1.1770623742454729,7.424547283702213,0.3621730382293762,77.05,0.3621730382293762,29.17,2.716297786720322,0.7243460764587525,09/02/1995 00:00,Suriname,Attack,right,180.0,https://img.a.transfermarkt.technology/portrait/header/188888-1692707512.jpg?lm=1,10000000,"[0.19051421015018363, 0.2917543718549904, 0.43690266599597594, 0.2264577885959124, 0.05765433723838356, 0.6189575451870533, 0.05204560697518443, 0.3241111111111111, 0.27063022352495386, 0.14551307847082492]"
Ferland Mendy,Real Madrid,1007,0.0,0.0643495531281032,0.0,11.708043694141011,0.2681231380337637,94.32,2.323733862959285,66.67,3.217477656405164,0.4468718967229395,08/06/1995 00:00,France,Defender,left,180.0,https://img.a.transfermarkt.technology/portrait/header/291417-1701294025.jpg?lm=1,22000000,"[0.0, 0.12229460764214407, 0.0, 0.3673135410986007, 0.04268253069634058, 0.98192517864649, 0.33392916252896393, 0.7407777777777779, 0.3410864052782424, 0.08977159880834161]"
Yarek Gasiorowski,Valencia,955,0.1017801047120419,0.0320418848167539,0.0,4.712041884816754,0.0,81.64,4.335078534031414,64.86,3.769633507853403,0.4712041884816754,12/01/2005 00:00,Spain,Defender,left,191.0,https://img.a.transfermarkt.technology/portrait/header/895334-1730461387.jpg?lm=1,16000000,"[0.10707896067037967, 0.059262194123667414, 0.0, 0.1372614983418774, 0.0, 0.7154266498528794, 0.6229668411867365, 0.7206666666666667, 0.41870882265554493, 0.09465968586387434]"
Pedro Díaz,Rayo Vallecano,1220,0.1172950819672131,0.1541803278688524,0.5901639344262295,12.098360655737704,1.475409836065574,84.17,2.2131147540983607,38.46,5.901639344262295,0.5163934426229508,05/06/1998 00:00,Spain,Midfield,right,180.0,https://img.a.transfermarkt.technology/portrait/header/363057-1664207844.jpg?lm=1,3000000,"[0.12340167564506525, 0.2975548735820092, 0.21905737704918035, 0.38014847407678276, 0.234870537766202, 0.7686002522068096, 0.3180327868852459, 0.42733333333333334, 0.7184275460024255, 0.10373770491803277]"
Álex Muñoz,Las Palmas,1430,0.0497202797202797,0.0427972027972027,0.3146853146853147,4.216783216783217,0.1258741258741258,82.32,3.461538461538461,53.19,2.202797202797203,1.888111888111888,30/07/1994 00:00,Spain,Defender,left,187.0,https://img.a.transfermarkt.technology/portrait/header/243760-1737365855.jpg?lm=1,1000000,"[0.05230880722466195, 0.0802458703188389, 0.11680506993006995, 0.12097572950141819, 0.02003790601921442, 0.7297183690626312, 0.4974358974358973, 0.591, 0.1984419880037272, 0.3793006993006992]"
Chimy Ávila,Real Betis,687,0.2397379912663755,0.1283842794759825,1.310043668122271,6.419213973799127,0.6550218340611353,76.14,1.310043668122271,46.67,3.6681222707423577,1.703056768558952,06/02/1994 00:00,Argentina,Attack,right,172.0,https://img.a.transfermarkt.technology/portrait/header/167721-1773344627.jpg?lm=1,1500000,"[0.2522191838045029, 0.24722666128973364, 0.48626273653566243, 0.19339905192058238, 0.10427294616985676, 0.5998318621269441, 0.18825812712275597, 0.5185555555555555, 0.40443830900463856, 0.3421251819505094]"
Brais Méndez,Real Sociedad,1547,0.2053652230122818,0.1332255979314802,0.5235940530058176,12.217194570135746,0.8144796380090498,82.39,1.8034906270200384,38.78,4.421460892049127,2.385261797026503,07/01/1997 00:00,Spain,Midfield,left,187.0,https://img.a.transfermarkt.technology/portrait/header/309110-1665057568.jpg?lm=1,40000000,"[0.216056907194301, 0.2566720964700362, 0.19434793148028442, 0.3840561324080901, 0.1296570389478581, 0.7311895754518705, 0.2591682826976944, 0.43088888888888893, 0.5103431268855688, 0.4791725921137685]"
Alberto Moleiro,Las Palmas,2727,0.1808580858085808,0.1201320132013201,0.792079207920792,11.089108910891088,2.112211221122112,83.38,1.4851485148514851,17.86,4.356435643564357,1.023102310231023,30/09/2003 00:00,Spain,Attack,right,171.0,https://img.a.transfermarkt.technology/portrait/header/733576-1737365948.jpg?lm=1,30000000,"[0.19027388419385186, 0.23112645079864189, 0.29400440044004406, 0.3469608860964163, 0.33624297009140164, 0.7519966372425388, 0.2134213421342134, 0.19844444444444445, 0.5012018364967975, 0.2055298863219655]"
Juanma Herzog,Las Palmas,1330,0.0581954887218045,0.0033834586466165,0.1353383458646616,1.3533834586466165,0.0,87.17,2.0300751879699246,63.38,2.774436090225564,0.4060150375939849,13/05/2004 00:00,Spain,Defender,right,186.0,https://img.a.transfermarkt.technology/portrait/header/1146029-1737365772.jpg?lm=1,1000000,"[0.06122525090405375, 0.00334946926415585, 0.05023496240601502, 0.02681752578133377, 0.0, 0.8316519546027743, 0.2917293233082706, 0.7042222222222223, 0.27880334285069414, 0.08156390977443606]"
Aitor Ruibal,Real Betis,1312,0.0617378048780487,0.1310213414634146,0.274390243902439,9.740853658536585,0.9603658536585366,84.82,3.155487804878049,35.0,4.870426829268292,0.6859756097560976,22/03/1996 00:00,Spain,Attack,right,176.0,https://img.a.transfermarkt.technology/portrait/header/378139-1773344244.jpg?lm=1,3500000,"[0.06495198643306177, 0.25237158168645835, 0.10184832317073171, 0.3026257238973096, 0.15288067016184181, 0.7822614543926019, 0.45345528455284556, 0.3888888888888889, 0.5734590411253817, 0.13780487804878047]"
Oli McBurnie,Las Palmas,1861,0.2326168726491133,0.0493283181085437,0.6286942504030092,4.352498656636217,0.7737775389575497,65.85,1.015583019881784,47.31,1.9344438473938743,1.5475550779150995,04/06/1996 00:00,Scotland,Attack,right,188.0,https://img.a.transfermarkt.technology/portrait/header/298477-1700672702.jpg?lm=1,2500000,"[0.24472732689883095, 0.09298810714862227, 0.23335908113917256, 0.12543850910364726, 0.12317767053187163, 0.3835645229087852, 0.1459430413756045, 0.5256666666666667, 0.16071670427616808, 0.3108866200967222]"
Hamari Traoré,Real Sociedad,706,0.0063739376770538,0.0522662889518413,0.0,7.776203966005666,0.764872521246459,87.43,3.5694050991501416,47.37,3.696883852691218,1.529745042492918,27/01/1992 00:00,Mali,Defender,right,175.0,https://img.a.transfermarkt.technology/portrait/header/297070-1664981394.jpg?lm=1,6000000,"[0.006705776377099215, 0.09872010214483522, 0.0, 0.23802144171062986, 0.12176008048502822, 0.8371164354770912, 0.5129367327667611, 0.5263333333333333, 0.4084816303107703, 0.30730878186968835]"
Gerard Martín,FC Barcelona,1045,0.0404784688995215,0.1421052631578947,0.1722488038277512,13.952153110047847,0.3444976076555024,85.08,3.014354066985646,70.0,3.6172248803827753,1.2057416267942584,26/02/2002 00:00,Spain,Defender,left,186.0,https://img.a.transfermarkt.technology/portrait/header/705395-1730119053.jpg?lm=1,0,"[0.04258585105165681, 0.2739963652802486, 0.06393540669856461, 0.4411073978427331, 0.05484058489469213, 0.7877259352669188, 0.43317384370015943, 0.7777777777777778, 0.39728312180967446, 0.2422200956937799]"
Mikel Oyarzabal,Real Sociedad,2262,0.2840848806366047,0.0712201591511936,0.7161803713527851,4.854111405835544,0.3580901856763925,74.29,1.153846153846154,30.84,1.9098143236074272,0.5570291777188329,21/04/1997 00:00,Spain,Attack,left,181.0,https://img.a.transfermarkt.technology/portrait/header/351478-1749415304.jpg?lm=1,25000000,"[0.2988748522788411, 0.13569919245453171, 0.2658322281167109, 0.1419332214795532, 0.057004387813282424, 0.5609499789827661, 0.1658119658119658, 0.3426666666666667, 0.15725427030912537, 0.11190097259062774]"
Pablo Durán,Celta Vigo,1411,0.2391920623671155,0.0637845499645641,0.6378454996456414,6.697377746279235,0.7654145995747696,73.73,1.5946137491141037,33.33,2.9340892983699507,2.0411055988660527,25/05/2001 00:00,Spain,Attack,right,176.0,https://img.a.transfermarkt.technology/portrait/header/905997-1761577329.jpg?lm=1,250000,"[0.2516448328613783, 0.12119228380062647, 0.23675584691708013, 0.20254601125879707, 0.12184637395099916, 0.5491803278688525, 0.22915190172454525, 0.37033333333333335, 0.30124749141075097, 0.4100354358610914]"
Hugo Álvarez,Celta Vigo,1570,0.1410191082802548,0.1180891719745223,0.5159235668789809,12.439490445859876,1.834394904458599,79.2,1.9490445859872607,40.0,4.471337579617835,1.4331210191082804,02/07/2003 00:00,Spain,Attack,right,176.0,https://img.a.transfermarkt.technology/portrait/header/892929-1715867247.jpg?lm=1,1500000,"[0.14836081758841885, 0.22714085791341107, 0.19150079617834398, 0.39136596761118736, 0.2920173819870231, 0.6641445985708281, 0.28008492569002114, 0.4444444444444445, 0.5173548230392924, 0.2878980891719745]"
Álvaro Tejero,Espanyol,1257,0.0443914081145584,0.2556085918854415,0.2863961813842482,7.374701670644391,0.2147971360381861,79.64,1.933174224343676,50.0,4.582338902147972,1.002386634844869,20/07/1996 00:00,Spain,Defender,both,174.0,https://img.a.transfermarkt.technology/portrait/header/290273-1747385508.jpg?lm=1,2000000,"[0.04670250494485083, 0.4954418958933343, 0.10630469371519494, 0.22481869738082297, 0.03419356277741841, 0.673392181588903, 0.2778042959427208, 0.5555555555555556, 0.5329594588758368, 0.20136833731105808]"
Damián Rodríguez,Celta Vigo,944,0.0104872881355932,0.130614406779661,0.0,17.065677966101696,0.0,91.69,2.0021186440677967,0.0,4.671610169491525,1.2394067796610169,17/03/2003 00:00,Spain,Midfield,left,180.0,https://img.a.transfermarkt.technology/portrait/header/715628-1732612000.jpg?lm=1,500000,"[0.01103327528486284, 0.2515776501958234, 0.0, 0.5434905550846844, 0.0, 0.926649852879361, 0.28771186440677965, 0.0, 0.5455092698673656, 0.2489830508474576]"
Mika Mármol,Las Palmas,2406,0.0153366583541147,0.0748129675810473,0.0,6.99501246882793,0.2618453865336658,79.39,3.703241895261845,56.0,2.917705735660848,1.234413965087282,02/07/2001 00:00,Spain,Defender,left,183.0,https://img.a.transfermarkt.technology/portrait/header/617060-1737366208.jpg?lm=1,15000000,"[0.016135112469785075, 0.14270877867600637, 0.0, 0.21233324084847488, 0.04168317523947141, 0.6681378730559058, 0.5321695760598503, 0.6222222222222222, 0.2989442798457597, 0.24798004987531175]"
Youssouf Sabaly,Real Betis,1589,0.0107614852108244,0.0521082441787287,0.0,8.722466960352422,0.4531151667715544,88.31,3.0018879798615483,40.91,4.927627438640655,1.0195091252359976,05/03/1993 00:00,Senegal,Defender,right,173.0,https://img.a.transfermarkt.technology/portrait/header/135492-1762259662.jpg?lm=1,2500000,"[0.011321747554739971, 0.09841175604578332, 0.0, 0.26913774796207035, 0.07213141751410103, 0.8556116015132409, 0.4313824208097336, 0.45455555555555555, 0.581500338819306, 0.2048080553807426]"
Hugo Sotelo,Celta Vigo,1269,0.0134751773049645,0.1297872340425532,0.0,14.609929078014185,0.5673758865248227,88.62,2.3404255319148937,16.67,5.035460992907802,1.3475177304964538,19/12/2003 00:00,Spain,Midfield,right,180.0,https://img.a.transfermarkt.technology/portrait/header/892221-1758827715.jpg?lm=1,9000000,"[0.014176719357353656, 0.24996383227760888, 0.0, 0.4627372814864529, 0.0903205850511478, 0.8621269440941572, 0.336327817178881, 0.18522222222222226, 0.5966596477981898, 0.2707013396375098]"
Juanpe,Girona FC,739,0.0085250338294993,0.0109607577807848,0.0,4.749661705006766,0.0,87.46,1.9485791610284169,71.43,2.6792963464140733,0.4871447902571042,30/04/1991 00:00,Spain,Defender,right,192.0,https://img.a.transfermarkt.technology/portrait/header/115333-1510233713.jpg?lm=1,500000,"[0.008968862477841504, 0.01813281567514741, 0.0, 0.13849856441457598, 0.0, 0.8377469525010508, 0.2800180423996391, 0.7936666666666667, 0.26542853774098596, 0.09786197564276049]"
Iván Martín,Girona FC,2041,0.0762861342479176,0.0908378245957863,0.1322880940715335,14.287114159725624,1.1024007839294463,91.37,1.896129348358648,18.18,4.850563449289564,0.926016658500735,14/02/1999 00:00,Spain,Midfield,left,178.0,https://img.a.transfermarkt.technology/portrait/header/341278-1703177977.jpg?lm=1,6000000,"[0.08025772808879432, 0.173973350423905, 0.04910276825085741, 0.45212204246726784, 0.17549121513643212, 0.9199243379571249, 0.27248081006042796, 0.202, 0.5706666346568299, 0.1860264576188143]"
Alfonso Pedraza,Villarreal,454,0.118942731277533,0.2696035242290749,0.3964757709251101,6.343612334801763,1.7841409691629957,78.66,1.7841409691629957,71.43,3.5682819383259914,0.7929515418502203,09/04/1996 00:00,Spain,Defender,left,184.0,https://img.a.transfermarkt.technology/portrait/header/356197-1620304916.jpg?lm=1,2500000,"[0.12513510455238933, 0.5227460750171841, 0.14716409691629959, 0.19091301604450248, 0.28401745646177284, 0.6527952921395543, 0.25638766519823786, 0.7936666666666667, 0.3904026921881458, 0.15929515418502202]"
Fer López,Celta Vigo,690,0.358695652173913,0.1878260869565217,0.7826086956521738,12.52173913043478,2.347826086956521,86.61,1.434782608695652,18.18,3.260869565217391,1.6956521739130437,24/05/2004 00:00,Spain,Midfield,left,188.0,https://img.a.transfermarkt.technology/portrait/header/1064471-1744632582.jpg?lm=1,0,"[0.3773699952503819, 0.363197908527122, 0.29048913043478264, 0.39407058067679457, 0.3737505079236082, 0.8198823034888609, 0.20618357487922703, 0.202, 0.34718646714987916, 0.3406376811594203]"
Beñat Prados,Athletic Club,1725,0.052695652173913,0.0699130434782608,0.2608695652173913,7.565217391304348,0.7826086956521738,82.47,4.330434782608696,57.69,4.747826086956522,2.0869565217391304,08/02/2001 00:00,Spain,Midfield,right,180.0,https://img.a.transfermarkt.technology/portrait/header/625047-1709675858.png?lm=1,15000000,"[0.05543908293860151, 0.1331490036009511, 0.09682971014492756, 0.23108349431907957, 0.12458350264120276, 0.7328709541824296, 0.6222995169082126, 0.641, 0.5562237515499284, 0.41924637681159416]"
Facundo Garcés,Deportivo Alavés,676,0.0133136094674556,0.0958579881656804,0.1331360946745562,1.5976331360946745,0.0,76.41,1.4644970414201184,43.33,1.863905325443787,0.9319526627218936,05/09/1999 00:00,Malaysia,Defender,right,191.0,https://img.a.transfermarkt.technology/portrait/header/533354-1633539030.JPG?lm=1,0,"[0.014006740006603718, 0.1837677132673788, 0.04941752958579882, 0.03484927573953224, 0.0, 0.6055065153425809, 0.21045364891518736, 0.48144444444444445, 0.15080035443105383, 0.1872189349112426]"
Abdel Abqar,Deportivo Alavés,2467,0.0324685853263072,0.0142278070531009,0.0364815565464126,3.283340089177138,0.1094446696392379,76.95,2.7361167409809486,53.85,3.1738954195379003,1.7146331576813945,10/03/1999 00:00,Morocco,Defender,right,188.0,https://img.a.transfermarkt.technology/portrait/header/559979-1705337125.jpg?lm=1,7500000,"[0.03415895848225804, 0.024506844241162062, 0.013541244426428846, 0.09028098353711647, 0.01742250036936155, 0.6168558217738547, 0.39319010944466964, 0.5983333333333334, 0.33495958696874856, 0.3444507498986623]"
Adrián Pica,Deportivo Alavés,507,0.0585798816568047,0.0071005917159763,0.1775147928994082,3.3727810650887573,0.1775147928994082,78.17,3.195266272189349,60.0,2.3076923076923075,1.0650887573964496,25/04/2002 00:00,Spain,Defender,right,190.0,https://img.a.transfermarkt.technology/portrait/header/895458-1751442592.jpg?lm=1,1000000,"[0.06162965602905642, 0.010601613444699653, 0.06589003944773174, 0.09322210330458125, 0.028258585411712646, 0.6424968474148802, 0.45917159763313603, 0.6666666666666667, 0.2131882079190784, 0.21396449704142007]"
Florian Grillitsch,Real Valladolid,622,0.0115755627009646,0.0607717041800643,0.2893890675241157,7.668810289389067,1.5916398713826363,84.5,2.170418006430868,60.0,6.077170418006431,0.8681672025723473,07/08/1995 00:00,Austria,Midfield,right,187.0,https://img.a.transfermarkt.technology/portrait/header/195736-1691269821.jpg?lm=1,2000000,"[0.012178207388378267, 0.1153142074403687, 0.10741559485530547, 0.2344899768313791, 0.2533732007091985, 0.7755359394703656, 0.3118971061093247, 0.6666666666666667, 0.7431038149093224, 0.17440514469453375]"
Munir El Haddadi,Leganés,877,0.1580387685290764,0.0513112884834663,0.9236031927023948,8.415051311288485,0.7183580387685291,79.12,1.3340935005701255,31.43,3.38654503990878,1.4367160775370582,01/09/1995 00:00,Morocco,Midfield,left,177.0,https://img.a.transfermarkt.technology/portrait/header/223725-1687272900.jpg?lm=1,2500000,"[0.16626655206926746, 0.09685689171897463, 0.3428235461801598, 0.25902888864927176, 0.11435543857031726, 0.6624632198402691, 0.19171417711896618, 0.3492222222222222, 0.3648540045399092, 0.2886202964652223]"
Javi Guerra,Valencia,2593,0.0767065175472425,0.1117624373312765,0.3470883146934053,9.09371384496722,1.0065561126108755,80.43,2.4296182028538373,48.57,5.83108368684921,1.1801002699575782,15/03/1982 00:00,Spain,Attack,right,178.0,https://img.a.transfermarkt.technology/portrait/header/46215-1447238261.jpg?lm=1,200000,"[0.08069999730144892, 0.2147973687327124, 0.1288324334747397, 0.28134559274262405, 0.16023369892341352, 0.6899957965531738, 0.3491451343360329, 0.5396666666666667, 0.70850878724313, 0.2370690320092557]"
Johan Mojica,Mallorca,2753,0.030403196512895,0.144823828550672,0.0980748274609517,8.499818379949147,1.0788231020704686,78.02,2.059571376679985,33.33,5.917181256810752,0.5884489647657102,21/08/1992 00:00,Colombia,Defender,left,185.0,https://img.a.transfermarkt.technology/portrait/header/262939-1541161893.jpg?lm=1,1800000,"[0.03198604179931577, 0.27930029920587834, 0.036403468942971313, 0.2618163146442014, 0.17173788322679423, 0.6393442622950818, 0.29596803487104967, 0.37033333333333335, 0.7206124378577117, 0.11821285869960044]"
Selim Amallah,Real Valladolid,1384,0.1658236994219653,0.0715317919075144,0.5202312138728323,6.372832369942197,2.145953757225433,83.42,2.861271676300578,23.81,4.747109826589595,2.0809248554913293,15/11/1996 00:00,Morocco,Midfield,right,185.0,https://img.a.transfermarkt.technology/portrait/header/377219-1616872969.jpg?lm=1,1500000,"[0.1744567805157769, 0.13630718943447517, 0.193099710982659, 0.19187386896545525, 0.3416144454648587, 0.7528373266078185, 0.41117533718689786, 0.26455555555555554, 0.5561230592164023, 0.41803468208092476]"
Óscar Rodríguez,Leganés,1325,0.1419622641509434,0.1141132075471698,0.4075471698113208,7.471698113207547,1.4264150943396228,76.78,3.5320754716981133,33.33,3.803773584905661,1.2905660377358492,28/06/1998 00:00,Spain,Midfield,right,174.0,https://img.a.transfermarkt.technology/portrait/header/284884-1697221442.jpg?lm=1,1800000,"[0.14935307585607568, 0.21938373253053106, 0.15127358490566042, 0.2280082662745944, 0.22707106330453186, 0.6132828919714166, 0.5075723270440251, 0.37033333333333335, 0.42350825619100935, 0.25926037735849056]"
Omar Mascarell,Mallorca,2008,0.0228585657370517,0.0138944223107569,0.0896414342629482,5.333665338645418,0.4482071713147411,84.78,3.406374501992032,63.38,4.03386454183267,1.3446215139442232,02/02/1993 00:00,Equatorial Guinea,Midfield,right,181.0,https://img.a.transfermarkt.technology/portrait/header/142031-1531813358.jpg?lm=1,800000,"[0.024048623927672735, 0.023856409033716407, 0.03327315737051793, 0.15770256586535575, 0.07135011356443387, 0.7814207650273224, 0.4895086321381142, 0.7042222222222223, 0.4558545878408253, 0.2701195219123506]"
Abel Bretones,Osasuna,2075,0.0212530120481927,0.0654939759036144,0.1734939759036144,6.636144578313252,0.780722891566265,76.29,3.383132530120481,55.26,4.597590361445783,1.0843373493975903,21/08/2000 00:00,Spain,Defender,left,188.0,https://img.a.transfermarkt.technology/portrait/header/658115-1690301272.jpg?lm=1,4500000,"[0.022359482215842927, 0.12452738188418509, 0.06439759036144578, 0.2005324589815142, 0.12428330143001913, 0.6029844472467425, 0.48616867469879504, 0.614, 0.5351035186302023, 0.21783132530120478]"
Pablo Marín,Real Sociedad,1261,0.1013481363996827,0.0549563838223632,0.4996034892942109,8.136399682791435,1.4274385408406027,82.12,2.141157811260904,40.91,4.425059476605869,1.3560666137985726,03/07/2003 00:00,Spain,Midfield,right,178.0,https://img.a.transfermarkt.technology/portrait/header/907813-1683212131.jpg?lm=1,1500000,"[0.10662450330800197, 0.1039684899470309, 0.18544310071371928, 0.24986588696625397, 0.22723398578490595, 0.7255149222362338, 0.30769230769230765, 0.45455555555555555, 0.510849018169159, 0.27241871530531325]"
Antonio Blanco,Deportivo Alavés,2738,0.0272826880934989,0.0591672753834916,0.0986121256391526,7.954711468224982,0.4930606281957633,80.79,3.5829072315558803,45.31,5.390796201607013,2.169466764061359,23/07/2000 00:00,Spain,Midfield,right,176.0,https://img.a.transfermarkt.technology/portrait/header/495621-1705337231.jpg?lm=1,10000000,"[0.028703074079274013, 0.1121839592778606, 0.036602903579254914, 0.2438913680846084, 0.07849033676262775, 0.6975620008406895, 0.5148770392013635, 0.5034444444444445, 0.6466128952484465, 0.4358217677136596]"
Jesús Areso,Osasuna,3088,0.0064119170984455,0.0912240932642487,0.0,8.481217616580311,0.6994818652849741,80.92,1.7778497409326426,58.7,3.439119170984456,0.9034974093264247,02/07/1999 00:00,Spain,Defender,right,182.0,https://img.a.transfermarkt.technology/portrait/header/488626-1675800186.jpg?lm=1,10000000,"[0.00674573307571916, 0.17472696242106667, 0.0, 0.2612046590548429, 0.11135053992542736, 0.7002942412778479, 0.25548359240069085, 0.6522222222222223, 0.37224490900085316, 0.18150259067357508]"
Fernando Calero,Espanyol,738,0.0268292682926829,0.0097560975609756,0.1219512195121951,3.1707317073170733,0.0,85.83,4.146341463414634,43.33,3.1707317073170733,0.7317073170731708,14/09/1995 00:00,Spain,Defender,right,184.0,https://img.a.transfermarkt.technology/portrait/header/357884-1447238696.jpg?lm=1,2500000,"[0.028226048425231787, 0.015782517894679042, 0.045265921409214094, 0.08657804163051064, 0.0, 0.8034888608659101, 0.5958446251129178, 0.48144444444444445, 0.3345148303120499, 0.1469918699186992]"
William Carvalho,Real Betis,488,0.0405737704918032,0.1327868852459016,0.1844262295081967,20.28688524590164,0.5532786885245902,87.72,2.2131147540983607,54.55,5.348360655737705,1.290983606557377,07/04/1992 00:00,Portugal,Midfield,right,189.0,https://img.a.transfermarkt.technology/portrait/header/100131-1662113601.jpg?lm=1,3000000,"[0.04268611421684639, 0.2558161659477002, 0.06845543032786885, 0.6494146721815585, 0.08807645166232574, 0.8432114333753677, 0.3180327868852459, 0.6061111111111112, 0.6406472794816996, 0.25934426229508195]"
Carlos Benítez,Deportivo Alavés,515,0.0454368932038834,0.1100970873786407,0.3495145631067961,8.912621359223301,0.6990291262135923,70.18,4.718446601941747,50.0,5.592233009708738,3.145631067961165,25/11/2002 00:00,Spain,Midfield,right,175.0,https://img.a.transfermarkt.technology/portrait/header/default.jpg?lm=1,150000,"[0.04780241987496443, 0.2115482631068929, 0.12973300970873788, 0.27539066342603125, 0.11127846837855006, 0.4745691467002944, 0.6780582524271844, 0.5555555555555556, 0.6749310086083109, 0.6319223300970873]"
Anuar,Real Valladolid,1728,0.0880208333333333,0.0369791666666666,0.3125,4.0625,0.3645833333333333,84.5,2.916666666666667,41.67,3.697916666666667,1.5625,15/01/1995 00:00,Morocco,Attack,right,173.0,https://img.a.transfermarkt.technology/portrait/header/327126-1541148555.jpg?lm=1,800000,"[0.09260335678902992, 0.06889485433986886, 0.11599392361111113, 0.11590237901475134, 0.05803803219106957, 0.7755359394703656, 0.41913580246913584, 0.463, 0.4086268239499668, 0.31388888888888883]"
Igor Zubeldia,Real Sociedad,2273,0.0277166739991201,0.0229652441706995,0.1583809942806863,4.395072591289045,0.2375714914210294,86.9,2.5736911570611527,43.62,3.405191377034756,1.50461944566652,30/03/1997 00:00,Spain,Defender,right,181.0,https://img.a.transfermarkt.technology/portrait/header/355628-1664974849.jpg?lm=1,9000000,"[0.029159654074460573, 0.04155362533909393, 0.05878794544654642, 0.126838483103371, 0.03781901312029472, 0.8259773013871377, 0.3698489514591582, 0.48466666666666663, 0.36747531835765485, 0.3022613286405631]"
Maroan Sannadi,Athletic Club,751,0.418242343541944,0.0790945406125166,0.8388814913448734,7.4300932090545935,1.6777629826897469,75.16,0.7190412782956058,46.88,2.876165113182424,2.396804260985353,01/02/2001 00:00,Morocco,Attack,right,192.0,https://img.a.transfermarkt.technology/portrait/header/1054934-1736857054.jpg?lm=1,0,"[0.440016794849265, 0.1510621478894177, 0.31137649800266315, 0.2266401572531919, 0.26708314148114043, 0.5792349726775956, 0.10332889480692409, 0.520888888888889, 0.2931044729729796, 0.4814913448735019]"
Jorge Herrando,Osasuna,1389,0.0803455723542116,0.0051835853131749,0.1943844492440604,2.3326133909287257,0.0647948164146868,86.11,1.8790496760259177,72.5,2.3326133909287257,1.6198704103671706,28/02/2001 00:00,Spain,Defender,left,192.0,https://img.a.transfermarkt.technology/portrait/header/555500-1732219992.jpg?lm=1,3500000,"[0.08452850786994606, 0.006861524895613681, 0.07215172786177104, 0.059017895705449935, 0.010314688843584099, 0.8093736864228667, 0.2700263978881689, 0.8055555555555556, 0.21669162949723964, 0.32541396688264934]"
Ángel Correa,Atlético Madrid,795,0.5139622641509434,0.2535849056603774,1.5849056603773584,11.886792452830187,1.471698113207547,79.76,1.471698113207547,11.11,4.528301886792453,2.037735849056604,09/03/1995 00:00,Argentina,Attack,right,171.0,https://img.a.transfermarkt.technology/portrait/header/266807-1701212448.jpg?lm=1,9000000,"[0.5407200672939263, 0.491493674506987, 0.5882861635220127, 0.37319140079581625, 0.2342796684888027, 0.6759142496847417, 0.2114884696016771, 0.12344444444444444, 0.5253629012214206, 0.4093584905660378]"
Denis Suárez,Villarreal,619,0.1381260096930533,0.2588045234248788,0.4361873990306946,11.777059773828755,1.4539579967689822,83.4,2.1809369951534734,14.29,3.634894991922456,0.1453957996768982,06/01/1994 00:00,Spain,Midfield,right,176.0,https://img.a.transfermarkt.technology/portrait/header/165007-1687272769.jpg?lm=1,1500000,"[0.14531709906689694, 0.5016771734264948, 0.16190428109854604, 0.3695830216602074, 0.23145561880029594, 0.7524169819251787, 0.3134087237479806, 0.15877777777777777, 0.39976719721961357, 0.029208400646203544]"
Coba da Costa,Getafe,1015,0.103743842364532,0.1321182266009852,0.70935960591133,6.472906403940886,1.6847290640394088,69.88,3.280788177339901,50.0,3.103448275862069,0.8866995073891625,26/07/2002 00:00,Guinea-Bissau,Attack,right,182.0,https://img.a.transfermarkt.technology/portrait/header/1033005-1732139109.JPG?lm=1,2500000,"[0.10914493404948795, 0.25451160977227766, 0.26330049261083743, 0.19516463940488257, 0.26819207218820496, 0.46826397646069773, 0.4714614121510672, 0.5555555555555556, 0.32505608313898465, 0.17812807881773396]"
Borja Mayoral,Getafe,1105,0.2223529411764705,0.0260633484162895,0.7330316742081447,5.782805429864253,0.4886877828054298,81.25,0.5701357466063348,30.0,2.932126696832579,0.7330316742081447,05/04/1997 00:00,Spain,Attack,right,182.0,https://img.a.transfermarkt.technology/portrait/header/298976-1669365430.jpg?lm=1,7500000,"[0.23392903662793718, 0.04759804135975665, 0.2720871040723982, 0.17247180096348305, 0.07779422336871485, 0.7072299285414039, 0.08193061840120663, 0.33333333333333337, 0.30097158765046367, 0.14725791855203618]"
Jorge de Frutos,Rayo Vallecano,2511,0.2275985663082437,0.0835125448028673,0.6810035842293907,6.666666666666667,1.146953405017921,73.83,2.0071684587813623,37.5,3.978494623655914,1.4695340501792116,20/02/1997 00:00,Spain,Attack,right,173.0,https://img.a.transfermarkt.technology/portrait/header/455181-1756820871.jpg?lm=1,4000000,"[0.23944775847211153, 0.1596816949383987, 0.2527752887295898, 0.2015361277863944, 0.18258354827543855, 0.5512820512820513, 0.2884375414841365, 0.4166666666666667, 0.4480706498682579, 0.2952130625248905]"
Bojan Miovski,Girona FC,881,0.2768444948921679,0.0214528944381384,0.4086265607264472,2.553916004540295,0.3064699205448354,77.98,0.9194097616345062,36.11,1.3280363223609533,1.3280363223609533,24/06/1999 00:00,North Macedonia,Attack,left,189.0,https://img.a.transfermarkt.technology/portrait/header/476219-1611947628.jpeg?lm=1,2500000,"[0.29125751898408375, 0.03860302386551555, 0.15167423382519865, 0.06629506911339404, 0.0487869561988819, 0.6385035729298025, 0.1321225879682179, 0.40122222222222226, 0.0754675524553891, 0.26678774120317816]"
Alex Král,Espanyol,2723,0.0535438854204921,0.0538744032317297,0.0661035622475211,4.957767168564083,0.9585016525890562,75.19,2.743297833272126,56.72,4.197576202717591,1.0246052148365772,19/05/1998 00:00,Czech Republic,Midfield,right,186.0,https://img.a.transfermarkt.technology/portrait/header/337333-1691614545.jpg?lm=1,5000000,"[0.05633147673900803, 0.10185754070270493, 0.024536356959236137, 0.14534177119253702, 0.15258390793551643, 0.5798654897015552, 0.39422205900354995, 0.6302222222222222, 0.4788692762434022, 0.20583180315828126]"
Jailson,Celta Vigo,630,0.0214285714285714,0.0157142857142857,0.2857142857142857,7.285714285714286,0.4285714285714285,90.61,3.142857142857143,51.43,4.571428571428571,0.5714285714285714,07/09/1995 00:00,Brazil,Midfield,right,187.0,https://img.a.transfermarkt.technology/portrait/header/366948-1757574500.jpg?lm=1,1500000,"[0.022544181534438372, 0.027406971132253037, 0.10605158730158731, 0.22189249320868212, 0.06822429906542056, 0.9039512400168137, 0.4516402116402116, 0.5714444444444444, 0.531425677711326, 0.11479365079365078]"
Seydouba Cissé,Leganés,2451,0.1108935128518971,0.034516523867809,0.1835985312117503,8.115055079559363,1.1015911872705018,85.45,2.607099143206854,40.63,5.65483476132191,1.4320685434516522,10/02/2001 00:00,Guinea,Midfield,right,178.0,https://img.a.transfermarkt.technology/portrait/header/543537-1698881175.jpg?lm=1,0,"[0.1166668292871548, 0.06409022660412596, 0.0681482048143615, 0.24916400470418462, 0.17536233541907364, 0.7955023118957545, 0.37464980280157756, 0.4514444444444445, 0.68373160228041, 0.28768665850673186]"
Mikel Vesga,Athletic Club,995,0.0379899497487437,0.0669346733668341,0.271356783919598,9.678391959798995,0.6331658291457286,81.52,3.3467336683417086,60.98,5.969849246231156,1.2663316582914572,08/04/1993 00:00,Spain,Midfield,left,191.0,https://img.a.transfermarkt.technology/portrait/header/300168-1709675412.png?lm=1,4000000,"[0.03996777510226062, 0.12733818944174513, 0.10072236180904524, 0.3005717734009724, 0.10079368806650073, 0.7129045817570407, 0.4809380234505862, 0.6775555555555556, 0.7280165369838753, 0.2543919597989949]"
Bertuğ Yıldırım,Getafe,1099,0.2096451319381256,0.0466787989080982,0.5732484076433121,3.193812556869882,0.5732484076433121,55.06,0.9008189262966334,52.14,1.9654231119199272,2.7024567788899,12/07/2002 00:00,Türkiye,Attack,right,191.0,https://img.a.transfermarkt.technology/portrait/header/672803-1759748214.jpg?lm=1,2200000,"[0.220559635903805, 0.08781888267045226, 0.2127786624203822, 0.0873370175045745, 0.0912554318709447, 0.15678856662463225, 0.12945101607521992, 0.5793333333333334, 0.16507178879583034, 0.5428935395814376]"
Gerard Gumbau,Rayo Vallecano,851,0.1142185663924794,0.0856639247943595,0.5287896592244419,8.883666274970622,0.2115158636897767,80.21,2.326674500587544,41.46,2.855464159811986,2.2209165687426555,18/12/1994 00:00,Spain,Midfield,left,188.0,https://img.a.transfermarkt.technology/portrait/header/268670-1499871303.jpg?lm=1,1400000,"[0.12016499111658349, 0.16387904746635804, 0.19627643948296128, 0.27443852298037785, 0.0336712169300548, 0.6853720050441361, 0.3343517430473952, 0.46066666666666667, 0.2901943199094675, 0.4461574618096356]"
Adrià Altimira,Leganés,1646,0.0147630619684082,0.0382746051032806,0.1093560145808019,6.17861482381531,0.5467800729040098,81.5,3.0619684082624548,38.71,3.882138517618469,1.4763061968408264,28/03/2001 00:00,Spain,Defender,right,170.0,https://img.a.transfermarkt.technology/portrait/header/466807-1761075979.jpg?lm=1,2000000,"[0.015531653620931372, 0.07142226085022042, 0.04059082624544349, 0.1854873435694585, 0.08704193683923646, 0.7124842370744009, 0.44001620089104904, 0.4301111111111111, 0.4345248477906875, 0.2965735115431349]"
Jon Guridi,Deportivo Alavés,2097,0.1467811158798283,0.0450643776824034,0.5150214592274678,8.15450643776824,0.3433476394849785,75.67,2.317596566523605,42.11,3.6909871244635193,1.502145922746781,28/02/1995 00:00,Spain,Midfield,left,179.0,https://img.a.transfermarkt.technology/portrait/header/289257-1604301765.jpg?lm=1,4000000,"[0.15442280570370678, 0.08466913923151602, 0.19116595135908443, 0.25046129790004734, 0.054657521425801874, 0.5899537620849096, 0.3330472103004291, 0.4678888888888889, 0.40765266454240906, 0.30176442536957554]"
Scott McKenna,Las Palmas,2467,0.0372111876773409,0.0153222537494933,0.0,2.444264288609648,0.1094446696392379,86.94,1.0944466963923791,65.89,2.5172274017024727,0.4742602351033644,12/11/1996 00:00,Scotland,Defender,left,189.0,https://img.a.transfermarkt.technology/portrait/header/255906-1718274297.jpg?lm=1,9000000,"[0.03914846927180142, 0.02664211491672185, 0.0, 0.06268935231555037, 0.01742250036936155, 0.8268179907524169, 0.1572760437778678, 0.7321111111111112, 0.24264478341273515, 0.09527361167409808]"
Thierry Correia,Valencia,771,0.0373540856031128,0.088715953307393,0.3501945525291829,8.054474708171206,1.050583657587549,73.37,3.618677042801557,33.33,4.43579766536965,1.7509727626459144,09/03/1999 00:00,Portugal,Defender,right,176.0,https://img.a.transfermarkt.technology/portrait/header/367466-1548510976.jpg?lm=1,3000000,"[0.03929880672151125, 0.16983356951511044, 0.12998540856031132, 0.24717191857146922, 0.16724244517982478, 0.5416141235813368, 0.5200172935581496, 0.37033333333333335, 0.5123585995091235, 0.3517509727626459]"
Jon Pacheco,Real Sociedad,851,0.0095182138660399,0.0380728554641598,0.0,3.490011750881316,0.1057579318448883,83.33,2.538190364277321,51.35,3.7015276145710927,1.9036427732079904,08/01/2001 00:00,Spain,Defender,left,184.0,https://img.a.transfermarkt.technology/portrait/header/580560-1631178086.jpg?lm=1,5000000,"[0.01001374925971524, 0.07102864635109549, 0.0, 0.09707704209324841, 0.01683560846502739, 0.7509457755359394, 0.3647473560517039, 0.5705555555555556, 0.4091344532807614, 0.38242068155111625]"
Javi Sánchez,Real Valladolid,2031,0.0212703101920236,0.0168389955686853,0.2215657311669128,2.2156573116691285,0.0886262924667651,87.82,2.127031019202364,52.31,2.5258493353028064,0.8419497784342689,14/03/1997 00:00,Spain,Defender,right,189.0,https://img.a.transfermarkt.technology/portrait/header/340853-1448530734.jpg?lm=1,2500000,"[0.02237768093226378, 0.029601285372068274, 0.08224089118660759, 0.05517198690213497, 0.014108422258728028, 0.8453131567885666, 0.3056622353520434, 0.5812222222222223, 0.24385686026887843, 0.16913835548990644]"
Irvin Cardona,Espanyol,601,0.1617304492512479,0.1826955074875207,0.4492512479201331,7.18801996672213,0.4492512479201331,65.49,1.7970049916805324,45.0,2.845257903494176,1.1980033277870217,08/08/1997 00:00,Malta,Attack,right,185.0,https://img.a.transfermarkt.technology/portrait/header/342226-1723534120.jpg?lm=1,2500000,"[0.17015042835309913, 0.35318812374281205, 0.16675332778702165, 0.21867997579338955, 0.07151632015177198, 0.3759983186212694, 0.25823627287853573, 0.5, 0.2887595179678004, 0.2406655574043261]"
Jon Ander Olasagasti,Real Sociedad,852,0.0971830985915493,0.076056338028169,0.2112676056338028,9.507042253521126,0.3169014084507042,78.99,3.8028169014084505,35.29,4.436619718309859,1.584507042253521,16/08/2000 00:00,Spain,Midfield,left,176.0,https://img.a.transfermarkt.technology/portrait/header/625660-1695238891.jpg?lm=1,1200000,"[0.10224262611393191, 0.1451346002928544, 0.07841842723004697, 0.2949372194043668, 0.05044754508358562, 0.6597309794031105, 0.5464788732394366, 0.39211111111111113, 0.5124741642292361, 0.31830985915492954]"
Stefan Bajcetic,Las Palmas,975,0.0258461538461538,0.0276923076923076,0.1846153846153846,6.184615384615384,1.015384615384615,73.35,4.061538461538461,56.67,5.63076923076923,1.9384615384615385,22/10/2004 00:00,Spain,Midfield,right,185.0,https://img.a.transfermarkt.technology/portrait/header/864799-1661441233.jpg?lm=1,7000000,"[0.027191751266153343, 0.050776148603561125, 0.06852564102564103, 0.18568466216761884, 0.16163910855499639, 0.5411937788986969, 0.5836581196581196, 0.6296666666666667, 0.6803484548374069, 0.38941538461538455]"
Toni Lato,Mallorca,650,0.0,0.1052307692307692,0.0,6.923076923076923,0.0,77.78,3.1846153846153844,46.15,4.153846153846154,1.6615384615384614,21/11/1997 00:00,Spain,Defender,left,171.0,https://img.a.transfermarkt.technology/portrait/header/320271-1496906352.jpg?lm=1,1500000,"[0.0, 0.20205405340865382, 0.0, 0.20996775843467927, 0.0, 0.6343001261034049, 0.4576410256410256, 0.5127777777777778, 0.472721678429261, 0.33378461538461535]"
Cenk Özkacar,Real Valladolid,756,0.0154761904761904,0.0333333333333333,0.0,1.5476190476190474,0.0,84.65,3.214285714285714,44.44,3.571428571428571,0.5952380952380952,06/10/2000 00:00,Türkiye,Defender,left,190.0,https://img.a.transfermarkt.technology/portrait/header/615350-1641457298.jpg?lm=1,2000000,"[0.016281908885983208, 0.0617818162811804, 0.0, 0.033204644486707444, 0.0, 0.778688524590164, 0.4619047619047618, 0.49377777777777776, 0.3908450478516438, 0.11957671957671956]"
Williot Swedberg,Celta Vigo,1347,0.3547884187082405,0.1503340757238307,1.0022271714922049,7.750556792873051,0.6681514476614699,76.32,1.7371937639198218,34.78,3.0734966592427617,1.4031180400890868,01/02/2004 00:00,Sweden,Attack,right,187.0,https://img.a.transfermarkt.technology/portrait/header/764859-1765193019.jpg?lm=1,5000000,"[0.3732593441581627, 0.29005081747480416, 0.3720072383073497, 0.23717807649562525, 0.10636304976791625, 0.6036149642707018, 0.24964117792625587, 0.3864444444444445, 0.32084546600932673, 0.2818708240534521]"
Héctor Fort,FC Barcelona,596,0.034731543624161,0.1978187919463087,0.0,16.459731543624162,0.3020134228187919,92.36,2.869127516778524,30.0,4.832214765100671,1.2080536912751678,02/08/2006 00:00,Spain,Defender,right,185.0,https://img.a.transfermarkt.technology/portrait/header/937955-1702504973.jpg?lm=1,10000000,"[0.0365397304736031, 0.38269372317441847, 0.0, 0.5235650010194619, 0.04807752618704133, 0.9407313997477931, 0.4123042505592842, 0.33333333333333337, 0.568087165076459, 0.24268456375838923]"
Allan Nyom,Getafe,903,0.0508305647840531,0.0318936877076412,0.3986710963455149,5.083056478405315,0.3986710963455149,80.0,2.1926910299003324,32.0,3.18936877076412,1.7940199335548173,10/05/1988 00:00,Cameroon,Defender,right,189.0,https://img.a.transfermarkt.technology/portrait/header/111508-1541162382.jpg?lm=1,200000,"[0.05347689573285382, 0.05897306086360628, 0.14797895902547067, 0.1494617046131002, 0.06346446424690284, 0.6809583858764185, 0.31509782207456627, 0.35555555555555557, 0.3371348404301706, 0.3603986710963455]"
Carlos Martín,Deportivo Alavés,1336,0.1542664670658682,0.0943113772455089,0.8083832335329341,5.389221556886227,0.6062874251497006,68.28,3.2335329341317363,45.71,3.7050898203592815,2.155688622754491,22/04/2002 00:00,Spain,Attack,right,184.0,https://img.a.transfermarkt.technology/portrait/header/618813-1707924109.jpg?lm=1,2500000,"[0.1622978577831051, 0.1807502680548998, 0.3000561377245509, 0.15952944096380156, 0.09651491409703956, 0.4346364018495166, 0.4646706586826347, 0.507888888888889, 0.4096352304141548, 0.43305389221556884]"
Adrián Embarba,Rayo Vallecano,1626,0.1173431734317343,0.140590405904059,0.6642066420664207,8.025830258302584,1.1070110701107012,74.1,2.988929889298893,29.17,3.708487084870849,1.3837638376383763,07/05/1992 00:00,Spain,Attack,right,173.0,https://img.a.transfermarkt.technology/portrait/header/288318-1583506487.jpg?lm=1,1000000,"[0.12345227083803166, 0.27104087162081625, 0.2465405904059041, 0.24622999282794863, 0.17622512673724872, 0.556956704497688, 0.429520295202952, 0.3241111111111111, 0.4101128199989909, 0.27798277982779823]"
Vitor Roque,Real Betis,1237,0.4445432497978981,0.0487469684721099,1.3823767178658044,3.783346806790623,0.7275666936135813,73.4,1.3096200485044462,31.91,2.5464834276475345,2.182700080840744,28/02/2005 00:00,Brazil,Attack,right,174.0,https://img.a.transfermarkt.technology/portrait/header/943837-1744743482.jpg?lm=1,35000000,"[0.4676869737564739, 0.09185389126125541, 0.5131113581244948, 0.10672288419897134, 0.11582136462197509, 0.5422446406052965, 0.188197251414713, 0.35455555555555557, 0.24675761396728313, 0.438480194017785]"
Luis Pérez,Real Valladolid,2558,0.0052775605942142,0.0928850664581704,0.070367474589523,5.0312744331509,0.4222048475371384,80.59,2.462861610633307,33.33,2.7091477716966383,0.4573885848318999,04/02/1995 00:00,Spain,Defender,right,175.0,https://img.a.transfermarkt.technology/portrait/header/358115-1755778491.jpg?lm=1,1200000,"[0.005552319924431631, 0.1779675289699562, 0.02611903831118059, 0.147758937001888, 0.06721080283223606, 0.6933585540142917, 0.35392233515767524, 0.37033333333333335, 0.2696250699094182, 0.09188428459734166]"
Takuma Asano,Mallorca,1067,0.2083411433926898,0.0531396438612933,0.6747891283973758,5.398313027179007,0.5060918462980318,73.37,1.6026241799437675,18.75,3.542642924086223,0.4217432052483598,10/11/1994 00:00,Japan,Attack,right,173.0,https://img.a.transfermarkt.technology/portrait/header/245744-1657284052.jpg?lm=1,1800000,"[0.21918775936107215, 0.10042402169948882, 0.2504686035613871, 0.15982839905008, 0.08056477677828483, 0.5416141235813368, 0.2303030303030303, 0.20833333333333334, 0.38679834341733776, 0.0847235238987816]"
Lucas Rosa,Real Valladolid,1890,0.0409523809523809,0.0733333333333333,0.1428571428571428,4.714285714285714,0.6666666666666666,79.94,3.9047619047619047,64.29,4.190476190476191,1.6666666666666667,03/04/2000 00:00,Brazil,Defender,right,177.0,https://img.a.transfermarkt.technology/portrait/header/468309-1761068100.jpg?lm=1,4000000,"[0.04308443582137111, 0.13982200526793453, 0.053025793650793636, 0.13733528299302541, 0.10612668743509865, 0.6796973518284992, 0.5611287477954144, 0.7143333333333334, 0.47787115205049474, 0.3348148148148148]"
Rodrigo Riquelme,Atlético Madrid,522,0.1482758620689655,0.1344827586206896,0.6896551724137931,15.517241379310343,1.0344827586206895,87.22,2.241379310344828,42.86,3.6206896551724137,1.3793103448275863,02/04/2000 00:00,Spain,Attack,right,174.0,https://img.a.transfermarkt.technology/portrait/header/461617-1701212385.jpg?lm=1,8000000,"[0.15599537107737835, 0.2591248229143517, 0.25598659003831425, 0.4925727580944337, 0.1646793425717048, 0.8327028163093737, 0.32209450830140485, 0.4762222222222222, 0.39777020203192376, 0.277088122605364]"
Manuel Sánchez,Deportivo Alavés,2646,0.0571428571428571,0.0438775510204081,0.0680272108843537,5.680272108843537,0.272108843537415,73.08,3.8435374149659856,21.43,3.571428571428572,1.9047619047619049,06/02/2006 00:00,Mexico,Defender,,178.0,https://img.a.transfermarkt.technology/portrait/header/default.jpg?lm=1,0,"[0.06011781742516902, 0.08235363480660023, 0.02525037792894935, 0.16910016090472713, 0.04331701527963211, 0.53551912568306, 0.5523305618543712, 0.2381111111111111, 0.3908450478516439, 0.3826455026455026]"
Beñat Turrientes,Real Sociedad,939,0.0527156549520766,0.0373801916932907,0.1916932907348242,9.77635782747604,1.2460063897763578,92.13,1.9169329073482428,35.71,4.313099041533547,1.2460063897763578,31/01/2002 00:00,Spain,Midfield,right,181.0,https://img.a.transfermarkt.technology/portrait/header/634431-1702416501.jpg?lm=1,8000000,"[0.05546012709750013, 0.06967725606152295, 0.07115282215122469, 0.30379322024929967, 0.19835179600489686, 0.9358974358974357, 0.27547035853745117, 0.3967777777777778, 0.49510954968732784, 0.2503088391906283]"
Randy Nteka,Rayo Vallecano,1152,0.2039062499999999,0.0249999999999999,0.625,4.53125,0.390625,66.06,1.5625,44.09,2.03125,3.046875,06/12/1997 00:00,Angola,Midfield,left,189.0,https://img.a.transfermarkt.technology/portrait/header/560483-1600680162.jpg?lm=1,1200000,"[0.2145219774136403, 0.045523443575606504, 0.23198784722222227, 0.1313164537936471, 0.06218360591900312, 0.3879781420765027, 0.22453703703703703, 0.48988888888888893, 0.17432577418382977, 0.6120833333333333]"
Oriol Romeu,Girona FC,1375,0.0091636363636363,0.0484363636363636,0.0654545454545454,10.145454545454545,0.2618181818181818,90.86,3.2727272727272725,41.94,4.647272727272727,1.8327272727272723,24/09/1991 00:00,Spain,Midfield,right,183.0,https://img.a.transfermarkt.technology/portrait/header/66100-1701118491.jpg?lm=1,700000,"[0.009640711812545225, 0.09124789975920937, 0.02429545454545453, 0.31593036032730637, 0.041678844519966014, 0.9092055485498107, 0.4703030303030302, 0.46599999999999997, 0.5420878969110734, 0.3681745454545453]"
Stoichkov,Deportivo Alavés,701,0.1412268188302425,0.0937232524964336,0.3851640513552068,7.0613409415121255,0.7703281027104137,65.5,1.9258202567760343,28.57,5.6490727532097,1.155492154065621,05/11/1993 00:00,Spain,Attack,right,178.0,https://img.a.transfermarkt.technology/portrait/header/271021-1572959967.jpg?lm=1,0,"[0.14857934192454406, 0.17960283389075918, 0.14296540656205423, 0.21451434386271304, 0.12262855466823099, 0.37620849096258935, 0.2767475035663338, 0.3174444444444445, 0.682921575550739, 0.23212553495007138]"
Óscar Valentín,Rayo Vallecano,1845,0.0209756097560975,0.0541463414634146,0.048780487804878,7.073170731707317,0.2439024390243902,83.17,3.707317073170732,45.83,5.317073170731708,2.7804878048780486,20/08/1994 00:00,Spain,Midfield,right,177.0,https://img.a.transfermarkt.technology/portrait/header/517753-1765909833.jpg?lm=1,4000000,"[0.022067637859726628, 0.10238809347754027, 0.018106368563685624, 0.214903347106846, 0.0388268368664995, 0.7475830180748213, 0.5327551942186088, 0.5092222222222222, 0.6362488651328313, 0.5585691056910568]"
Brian Oliván,Espanyol,1024,0.031640625,0.0729492187499999,0.087890625,7.119140625,0.087890625,75.38,2.021484375,23.08,2.4609375,1.142578125,01/04/1994 00:00,Spain,Defender,left,175.0,https://img.a.transfermarkt.technology/portrait/header/166677-1626938634.jpg?lm=1,6000000,"[0.0332878930469442, 0.13907259590103685, 0.03262329101562501, 0.21641499163546737, 0.013991311331775702, 0.5838587641866329, 0.29049479166666664, 0.2564444444444444, 0.23473151357666194, 0.22953124999999996]"
Pol Lozano,Espanyol,1958,0.0078140960163432,0.0450459652706843,0.0919305413687436,7.722165474974464,0.229826353421859,85.13,3.447395301327885,38.46,3.953013278855976,2.574055158324821,06/10/1999 00:00,Spain,Midfield,right,176.0,https://img.a.transfermarkt.technology/portrait/header/412045-1568028635.jpg?lm=1,2000000,"[0.008220911958932075, 0.08463321652925951, 0.03412282941777324, 0.23624447458168343, 0.03658606436092522, 0.7887767969735182, 0.4954034729315627, 0.42733333333333334, 0.44448846636661093, 0.5170990806945862]"
Raúl Albiol,Villarreal,1199,0.0075062552126772,0.0097581317764804,0.0,2.6271893244370306,0.0,89.64,1.201000834028357,66.67,3.3027522935779814,0.8256880733944953,04/09/1985 00:00,Spain,Defender,right,190.0,https://img.a.transfermarkt.technology/portrait/header/15452-1664974689.jpg?lm=1,800000,"[0.007897044407392901, 0.015786486658739902, 0.0, 0.06870454203539135, 0.0, 0.8835645229087852, 0.17258826800111202, 0.7407777777777779, 0.3530743674830529, 0.1658715596330275]"
Iñigo Lekue,Athletic Club,768,0.0210937499999999,0.059765625,0.0,7.3828125,0.703125,80.41,2.8125,75.0,4.5703125,0.5859375,04/05/1993 00:00,Spain,Defender,right,180.0,https://img.a.transfermarkt.technology/portrait/header/255501-1709675295.png?lm=1,3000000,"[0.022191928697962694, 0.1133513422066723, 0.0, 0.22508540869859625, 0.11193049065420561, 0.6895754518705337, 0.4041666666666666, 0.8333333333333334, 0.5312687796869291, 0.11770833333333332]"
Aihen Muñoz,Real Sociedad,1104,0.0130434782608695,0.0220108695652173,0.0,5.869565217391304,0.5706521739130435,77.39,3.097826086956521,58.54,3.505434782608696,1.2228260869565215,16/08/1997 00:00,Spain,Defender,left,175.0,https://img.a.transfermarkt.technology/portrait/header/517842-1699007158.jpg?lm=1,8000000,"[0.013722545281832001, 0.03969163597469419, 0.0, 0.17532475424933494, 0.09084213734254369, 0.6261034047919294, 0.44516908212560374, 0.6504444444444445, 0.38156759945251884, 0.2456521739130434]"
Juanmi Latasa,Real Valladolid,1403,0.2822523164647185,0.0256593014967925,0.8339272986457591,2.950819672131148,0.5131860299358517,60.24,0.2565930149679258,61.54,1.5395580898075554,2.5659301496792586,23/03/2001 00:00,Spain,Attack,left,192.0,https://img.a.transfermarkt.technology/portrait/header/623521-1696862713.jpg?lm=1,2000000,"[0.29694688150849724, 0.04680974391083011, 0.3095375980042766, 0.07934659511288929, 0.08169410009259198, 0.2656578394283313, 0.03687336659539082, 0.6837777777777778, 0.10520341575206564, 0.5154668567355666]"
Aleksandar Sedlar,Deportivo Alavés,600,0.0045,0.0045,0.0,2.4,0.0,82.83,4.2,60.0,2.7,1.35,13/12/1991 00:00,Serbia,Defender,right,180.0,https://img.a.transfermarkt.technology/portrait/header/237499-1583331610.jpg?lm=1,275000,"[0.004734278122232064, 0.005527846719895212, 0.0, 0.061233793798934386, 0.0, 0.7404371584699454, 0.6035555555555555, 0.6666666666666667, 0.2683390704024922, 0.2712]"
Portu,Girona FC,792,0.1818181818181818,0.1727272727272727,0.4545454545454545,8.409090909090908,0.4545454545454545,78.74,1.477272727272727,43.48,2.727272727272727,1.5909090909090908,21/05/1992 00:00,Spain,Attack,right,167.0,https://img.a.transfermarkt.technology/portrait/header/99353-1669365520.jpg?lm=1,1500000,"[0.19128396453462881, 0.3337400506289599, 0.16871843434343434, 0.25883289060087555, 0.07235910506938543, 0.6544766708701133, 0.21228956228956225, 0.4831111111111111, 0.27217308758048353, 0.31959595959595954]"
Antoniu Roca,Espanyol,1042,0.0751439539347408,0.0915547024952015,0.345489443378119,5.959692898272553,2.504798464491363,72.82,2.504798464491363,25.0,3.3685220729366603,1.6410748560460653,05/09/2002 00:00,Spain,Attack,right,180.0,https://img.a.transfermarkt.technology/portrait/header/834744-1734596565.jpg?lm=1,0,"[0.07905608380694608, 0.17537198259267472, 0.1282389635316699, 0.1782884551832059, 0.3987389455934849, 0.5300546448087431, 0.35994881637875875, 0.2777777777777778, 0.3623203244910283, 0.3296737044145873]"
Ander Barrenetxea,Real Sociedad,1258,0.117329093799682,0.1767090620031796,0.5723370429252782,9.94435612082671,1.860095389507154,77.39,2.647058823529412,31.82,6.29570747217806,2.360890302066773,27/12/2001 00:00,Spain,Attack,right,175.0,https://img.a.transfermarkt.technology/portrait/header/616369-1699472801.jpg?lm=1,20000000,"[0.12343745819492181, 0.34150854031889, 0.21244038155802866, 0.3093175685296923, 0.29610864300254075, 0.6261034047919294, 0.38039215686274513, 0.35355555555555557, 0.7738258916324496, 0.47427662957074723]"
Carles Pérez,Getafe,1436,0.1485376044568245,0.0821030640668523,0.564066852367688,5.577994428969359,1.3161559888579386,73.54,2.4442896935933147,31.71,3.1337047353760443,2.75766016713092,16/02/1998 00:00,Spain,Attack,left,173.0,https://img.a.transfermarkt.technology/portrait/header/282810-1698852701.jpg?lm=1,1800000,"[0.15627074024637871, 0.15693179136310373, 0.20937064763231203, 0.16573692718570304, 0.20951891286803948, 0.5451870533837748, 0.3512534818941504, 0.35233333333333333, 0.3293095552747833, 0.5539832869080782]"
Iván Balliu,Rayo Vallecano,1225,0.000734693877551,0.0271836734693877,0.0,6.685714285714286,0.2204081632653061,77.59,2.204081632653061,33.33,2.86530612244898,1.3959183673469389,01/01/1992 00:00,Albania,Defender,right,172.0,https://img.a.transfermarkt.technology/portrait/header/85295-1688119678.jpg?lm=1,1200000,"[0.0007729433668950094, 0.04978380083151612, 0.0, 0.20216247749169555, 0.035086782376502, 0.630306851618327, 0.316734693877551, 0.37033333333333335, 0.2915779092160316, 0.28042448979591833]"
Mamadou Sylla,Real Valladolid,1601,0.1090568394753279,0.0365396627108057,0.3935040599625234,3.372891942535915,0.2810743285446596,65.04,0.6745783885071831,41.18,1.967520299812617,0.8994378513429108,20/03/1994 00:00,Senegal,Attack,right,180.0,https://img.a.transfermarkt.technology/portrait/header/166683-1592750860.png?lm=1,1200000,"[0.11473453537951533, 0.0680373800454736, 0.14606105559025612, 0.09322574932753971, 0.044744231117233975, 0.3665405632618748, 0.09693941286695816, 0.45755555555555555, 0.16536661279071874, 0.18068707058088695]"
Walid Cheddira,Espanyol,641,0.140405616224649,0.063182527301092,0.561622464898596,3.229329173166927,0.561622464898596,72.28,0.842433697347894,37.5,2.667706708268331,4.21216848673947,22/01/1998 00:00,Morocco,Attack,right,187.0,https://img.a.transfermarkt.technology/portrait/header/521407-1770273321.jpg?lm=1,6000000,"[0.14771538602908157, 0.12001773473983465, 0.2084633385335414, 0.08850492316749929, 0.08940469768323445, 0.5187053383774696, 0.12106084243369734, 0.4166666666666667, 0.2637992591106117, 0.8461778471138846]"
José Gragera,Espanyol,569,0.007908611599297,0.007908611599297,0.0,3.637961335676626,0.0,87.96,4.586994727592267,64.71,2.688927943760984,2.8471001757469248,14/05/2000 00:00,Spain,Midfield,right,186.0,https://img.a.transfermarkt.technology/portrait/header/557147-1664207582.jpg?lm=1,1500000,"[0.008320348193729449, 0.012178064054684716, 0.0, 0.1019421214821369, 0.0, 0.8482555695670448, 0.6591681312243702, 0.719, 0.26678255376256954, 0.57195079086116]"
Ander Guevara,Deportivo Alavés,1953,0.0396313364055299,0.0290322580645161,0.1382488479262673,8.294930875576037,0.4147465437788019,77.45,2.903225806451613,45.07,5.529953917050691,1.7972350230414746,07/07/1997 00:00,Spain,Midfield,right,180.0,https://img.a.transfermarkt.technology/portrait/header/465967-1705338008.jpg?lm=1,5000000,"[0.04169461531100429, 0.05339039811056169, 0.05131528417818742, 0.25507892517504205, 0.06602351522460055, 0.6273644388398487, 0.4172043010752688, 0.5007777777777778, 0.6661757745353531, 0.3610445468509984]"
Jofre Carreras,Espanyol,2191,0.1031036056595161,0.0764034687357371,0.4518484710178,5.011410314924692,1.6020082154267457,72.21,1.519853947968964,22.73,4.313099041533547,1.1501597444089458,17/06/2001 00:00,Spain,Attack,right,175.0,https://img.a.transfermarkt.technology/portrait/header/628498-1747385604.jpg?lm=1,600000,"[0.10847136546601979, 0.14581185394339743, 0.16771736649931537, 0.14710573806054275, 0.2550237377205816, 0.5172341319882303, 0.21840864141183627, 0.2525555555555556, 0.49510954968732784, 0.2310543130990415]"
Pablo Ibáñez,Osasuna,1307,0.106044376434583,0.025478194338179,0.3442999234889058,7.57459831675593,0.8951798010711554,76.63,2.6166794185156848,43.18,3.856159143075746,1.928079571537873,20/09/1998 00:00,Spain,Midfield,right,179.0,https://img.a.transfermarkt.technology/portrait/header/785353-1680676751.jpg?lm=1,3000000,"[0.11156523807555284, 0.04645640298870382, 0.12779743687834735, 0.23139197066341224, 0.14250370041973845, 0.6101303068516182, 0.37602652384595764, 0.4797777777777778, 0.4308726509541109, 0.3873297628156082]"
Darwin Machís,Real Valladolid,643,0.1273716951788491,0.1273716951788491,0.2799377916018662,6.578538102643857,0.6998444790046656,72.4,1.3996889580093312,75.0,4.758942457231726,0.5598755832037324,07/02/1993 00:00,Venezuela,Attack,right,170.0,https://img.a.transfermarkt.technology/portrait/header/211251-1719836851.jpg?lm=1,450000,"[0.1340028955281859, 0.24525110454190094, 0.10390746500777606, 0.19863816453091857, 0.11140826441476143, 0.5212274064733082, 0.2011404872991187, 0.8333333333333334, 0.5577864978849699, 0.11247278382581646]"
Javi Hernández,Leganés,2399,0.0285118799499791,0.05177157148812,0.2250937890787828,6.002501042100875,0.6002501042100875,77.16,1.838265944143393,47.73,4.2017507294706125,1.838265944143393,02/05/1998 00:00,Spain,Defender,left,180.0,https://img.a.transfermarkt.technology/portrait/header/422466-1770126002.png?lm=1,2000000,"[0.029996259882420686, 0.09775490603573878, 0.08355043768236765, 0.1796961307674523, 0.09555383278858404, 0.621269440941572, 0.2641656245657913, 0.5303333333333333, 0.47945613384370805, 0.36928720300125045]"
Cyle Larin,Mallorca,1781,0.2875350926445816,0.0217293655249859,0.7580011229646266,3.587871982032566,0.4042672655811342,69.06,0.6569343065693432,43.42,2.324536777091522,1.617069062324537,17/04/1995 00:00,Canada,Attack,right,188.0,https://img.a.transfermarkt.technology/portrait/header/343463-1720430112.jpg?lm=1,3500000,"[0.3025046885513805, 0.03914242026218935, 0.28135527793374515, 0.10029501525771858, 0.06435531860185657, 0.4510298444724674, 0.09440389294403893, 0.4824444444444445, 0.21555621403687214, 0.32485120718697363]"
Dimitri Foulquier,Valencia,2298,0.016840731070496,0.0783289817232375,0.0783289817232375,6.383812010443863,0.3133159268929503,81.46,2.5065274151436028,38.24,3.7989556135770233,0.9399477806788512,23/03/1993 00:00,Guadeloupe,Defender,right,183.0,https://img.a.transfermarkt.technology/portrait/header/170472-1447230887.jpg?lm=1,1200000,"[0.017717489926542884, 0.14956853887942195, 0.02907419495213226, 0.19223491643156315, 0.04987677216270953, 0.7116435477091214, 0.3601972729910066, 0.4248888888888889, 0.4228309427469837, 0.1888250652741514]"
Umar Sadiq,Valencia,1049,0.3105815061963775,0.0437559580552907,0.6005719733079123,4.804575786463299,1.372735938989514,68.98,1.201143946615825,50.0,1.6301239275500476,3.1744518589132507,02/02/1997 00:00,Nigeria,Attack,right,191.0,https://img.a.transfermarkt.technology/portrait/header/337715-1728040426.jpg?lm=1,4000000,"[0.32675093999008714, 0.08211640635716969, 0.22292063870352724, 0.14030432389827807, 0.2185258768921002, 0.44934846574190845, 0.1726088338099778, 0.5555555555555556, 0.11793521826567498, 0.6377121067683508]"
Adam Aznou,Real Valladolid,874,0.02883295194508,0.0381006864988558,0.102974828375286,4.324942791762014,1.956521739130435,70.99,3.91304347826087,68.75,5.766590389016018,1.4416475972540046,02/06/2006 00:00,Morocco,Defender,left,178.0,https://img.a.transfermarkt.technology/portrait/header/938146-1739807816.jpg?lm=1,7000000,"[0.030334047465102373, 0.07108294483127982, 0.03822225400457665, 0.12453237969187528, 0.311458756603007, 0.49159310634720454, 0.5623188405797102, 0.763888888888889, 0.6994422788120119, 0.2896109839816933]"
Reinildo Mandava,Atlético Madrid,950,0.0066315789473684,0.0161052631578947,0.0947368421052631,5.873684210526316,0.3789473684210526,84.04,3.221052631578948,40.0,4.926315789473684,1.8,21/01/1994 00:00,Mozambique,Defender,left,180.0,https://img.a.transfermarkt.technology/portrait/header/240692-1666818500.jpg?lm=1,5000000,"[0.0069768309169735455, 0.02816976997197314, 0.035164473684210516, 0.1754602005814882, 0.06032464338416134, 0.7658680117696512, 0.4628771929824562, 0.4444444444444445, 0.5813159463532585, 0.3616]"
Romain Perraud,Real Betis,2006,0.0246759720837487,0.060568295114656,0.2243270189431705,9.19740777666999,0.4935194416749751,83.11,2.602193419740778,33.33,4.262213359920239,1.166500498504487,22/09/1997 00:00,France,Defender,left,173.0,https://img.a.transfermarkt.technology/portrait/header/318523-1582538263.jpg?lm=1,5000000,"[0.02596064772908903, 0.11491735539271664, 0.08326582751744768, 0.28475539757971036, 0.07856337529467672, 0.746321984026902, 0.3739448321701562, 0.37033333333333335, 0.4879560085152898, 0.23433698903290134]"
Álex Suárez,Las Palmas,2468,0.0193273905996758,0.0076580226904376,0.1094003241491086,2.589141004862237,0.0,86.0,1.932739059967585,35.14,2.479740680713128,0.9846029173419774,18/03/1993 00:00,Spain,Defender,right,180.0,https://img.a.transfermarkt.technology/portrait/header/510396-1702391032.jpg?lm=1,1200000,"[0.020333609439084174, 0.011689163909550413, 0.040607273095623994, 0.06745338546336534, 0.0, 0.8070617906683479, 0.27774176121015665, 0.3904444444444445, 0.23737487656467893, 0.19779578606158832]"
Peque Fernández,Sevilla,1164,0.1925257731958763,0.072680412371134,0.3092783505154639,8.350515463917526,0.8505154639175257,82.01,1.855670103092784,25.71,3.170103092783505,1.7010309278350515,04/10/2002 00:00,Spain,Attack,right,172.0,https://img.a.transfermarkt.technology/portrait/header/639733-1615192753.jpg?lm=1,3500000,"[0.20254901244601098, 0.13854815338584833, 0.11479810996563575, 0.2569067331777084, 0.13539358319683978, 0.7232030264817151, 0.2666666666666667, 0.2856666666666667, 0.33442645928498194, 0.3417182130584192]"
Cédric Bakambu,Real Betis,710,0.4030985915492958,0.096338028169014,1.3943661971830985,5.070422535211267,0.1267605633802817,68.29,0.7605633802816901,30.0,3.169014084507042,2.9154929577464785,11/04/1991 00:00,DR Congo,Attack,right,182.0,https://img.a.transfermarkt.technology/portrait/header/127048-1766415258.jpg?lm=1,1400000,"[0.42408463179430883, 0.18470427358191271, 0.5175616197183099, 0.14904625811679006, 0.020179018033434252, 0.4348465741908367, 0.10929577464788731, 0.33333333333333337, 0.3342733658155544, 0.5856901408450703]"
Marcos André,Real Valladolid,1208,0.2004139072847682,0.0216059602649006,0.1490066225165562,3.129139072847682,1.2665562913907285,66.83,0.968543046357616,52.17,3.2781456953642385,0.8940397350993378,20/10/1996 00:00,Brazil,Attack,right,185.0,https://img.a.transfermarkt.technology/portrait/header/481084-1601535152.jpg?lm=1,800000,"[0.21084781703318298, 0.03890165601671394, 0.05530836092715229, 0.08521033607752403, 0.20162313548307237, 0.40416141235813363, 0.1391832229580574, 0.5796666666666667, 0.34961515640746077, 0.1796026490066225]"
Antonio Sánchez,Mallorca,1401,0.0693790149892933,0.0616702355460385,0.1284796573875803,6.295503211991435,0.8993576017130621,76.27,2.955032119914347,29.17,4.946466809421842,1.5417558886509637,22/04/1997 00:00,Spain,Midfield,right,179.0,https://img.a.transfermarkt.technology/portrait/header/513031-1576533215.jpg?lm=1,2400000,"[0.07299101173462705, 0.11706724638064753, 0.0476891506067095, 0.18933102646253883, 0.14316876463407313, 0.6025641025641024, 0.42464906019509874, 0.3241111111111111, 0.5841487894298854, 0.30972162740899356]"
Pere Milla,Espanyol,459,0.2882352941176471,0.0627450980392156,0.9803921568627452,5.882352941176471,0.3921568627450981,62.76,1.7647058823529411,57.89,4.901960784313726,0.9803921568627452,23/09/1992 00:00,Spain,Attack,left,180.0,https://img.a.transfermarkt.technology/portrait/header/225593-1541151194.jpg?lm=1,1200000,"[0.3032413437769558, 0.11916430818320539, 0.36390250544662317, 0.17574525756811132, 0.06242746319711687, 0.3186212694409416, 0.25359477124183005, 0.6432222222222223, 0.5778921043876356, 0.19694989106753813]"
Darko Brasanac,Leganés,1620,0.0972222222222222,0.0305555555555555,0.1666666666666666,6.5,0.1111111111111111,77.0,2.333333333333333,32.79,3.388888888888889,2.111111111111111,12/02/1992 00:00,Serbia,Midfield,right,178.0,https://img.a.transfermarkt.technology/portrait/header/95641-1541146477.jpg?lm=1,400000,"[0.10228378659143345, 0.05636235871265577, 0.06186342592592591, 0.19605556786500924, 0.017687781239183107, 0.6179066834804541, 0.3353086419753086, 0.36433333333333334, 0.3651835043058288, 0.42409876543209873]"
Álvaro Djaló,Athletic Club,657,0.1136986301369862,0.0863013698630137,0.4109589041095891,3.6986301369863015,1.9178082191780823,71.43,1.2328767123287672,35.48,3.8356164383561646,2.602739726027397,16/08/1999 00:00,Guinea-Bissau,Attack,right,175.0,https://img.a.transfermarkt.technology/portrait/header/671649-1762259842.jpg?lm=1,4500000,"[0.11961798604117532, 0.16512270580701927, 0.15253995433789957, 0.10393711548775462, 0.3052959501557633, 0.5008406893652797, 0.17716894977168948, 0.3942222222222222, 0.4279847445856108, 0.5228614916286148]"
Yoel Lago,Celta Vigo,583,0.0,0.0077186963979416,0.0,4.631217838765009,0.4631217838765008,92.45,2.469982847341338,33.33,3.39622641509434,2.469982847341338,25/03/2004 00:00,Spain,Defender,right,185.0,https://img.a.transfermarkt.technology/portrait/header/939374-1758827211.jpg?lm=1,200000,"[0.0, 0.011807538599553894, 0.0, 0.1346037321770251, 0.07372437120277008, 0.9426229508196722, 0.35494568324757003, 0.37033333333333335, 0.3662150183614031, 0.4961921097770154]"
Sergi Gómez,Espanyol,671,0.0388971684053651,0.002682563338301,0.1341281669150521,0.6706408345752608,0.0,89.11,2.011922503725782,33.33,2.1460506706408347,0.8047690014903129,28/03/1992 00:00,Spain,Defender,right,185.0,https://img.a.transfermarkt.technology/portrait/header/92947-1447159892.jpg?lm=1,2000000,"[0.04092222519962139, 0.0019820192061340766, 0.04978576751117734, 0.004366654608692944, 0.0, 0.8724253888188314, 0.2891207153502235, 0.37033333333333335, 0.1904645247708322, 0.16166915052160952]"
Pau Navarro,Villarreal,917,0.0009814612868047,0.0166848418756815,0.0,6.183206106870229,0.2944383860414395,90.47,2.649945474372956,39.13,4.5147219193020725,0.9814612868047984,25/04/2005 00:00,Spain,Defender,right,185.0,https://img.a.transfermarkt.technology/portrait/header/1061336-1734596703.jpg?lm=1,5000000,"[0.001032557932874938, 0.029300530788692703, 0.0, 0.18563832038084968, 0.04687165584647215, 0.9010088272383354, 0.38080697928026175, 0.4347777777777778, 0.523453820838149, 0.19716466739367502]"
Mario Martín,Real Valladolid,1761,0.0899488926746167,0.0633730834752981,0.6643952299829642,5.672913117546848,0.9710391822827938,85.75,4.241908006814311,47.69,4.241908006814311,2.5553662691652472,05/03/2004 00:00,Spain,Midfield,right,177.0,https://img.a.transfermarkt.technology/portrait/header/948273-1707861820.jpg?lm=1,300000,"[0.09463179437965284, 0.12038951073602558, 0.2466105905735378, 0.16885817254815239, 0.15457975767803978, 0.8018074821353509, 0.6095778913496122, 0.5298888888888889, 0.4851014691861352, 0.5133446905167518]"
Anastasios Douvikas,Celta Vigo,692,0.5722543352601156,0.0286127167630057,1.1705202312138727,2.601156069364162,0.5202312138728323,71.43,1.560693641618497,39.47,1.9508670520231213,1.300578034682081,02/08/1999 00:00,Greece,Attack,right,186.0,https://img.a.transfermarkt.technology/portrait/header/523318-1682331342.jpg?lm=1,6000000,"[0.6020469288387595, 0.052571871049121185, 0.4344743497109827, 0.06784848114913798, 0.08281562314299605, 0.5008406893652797, 0.22427745664739884, 0.4385555555555556, 0.16302548872726208, 0.261271676300578]"
Jesús Vázquez,Valencia,927,0.0155339805825242,0.0572815533980582,0.0970873786407767,7.0873786407766985,1.3592233009708736,77.04,3.203883495145631,48.0,4.077669902912621,1.6504854368932038,18/01/1980 00:00,Spain,Midfield,right,183.0,https://img.a.transfermarkt.technology/portrait/header/s_27683_897_2012_2.jpg?lm=1,50000,"[0.01634270764956045, 0.10850490677486811, 0.03603694714131608, 0.21537055088892001, 0.2163747996249584, 0.6187473728457336, 0.4604099244875943, 0.5333333333333333, 0.4620127730926757, 0.331564185544768]"
Aritz Elustondo,Real Sociedad,1463,0.0264524948735475,0.0227614490772385,0.0,4.429254955570745,0.1845522898154477,86.34,1.9070403280929595,52.73,3.260423786739576,1.5379357484620642,28/03/1994 00:00,Spain,Defender,right,180.0,https://img.a.transfermarkt.technology/portrait/header/229804-1664970965.jpg?lm=1,1800000,"[0.027829659501842616, 0.041156020148887196, 0.0, 0.12796251407757384, 0.029378884765013637, 0.8142076502732241, 0.27404875825928454, 0.5858888888888889, 0.34712379933069, 0.30895420369104576]"
Tamás Nikitscher,Real Valladolid,855,0.0073684210526315,0.0094736842105263,0.1052631578947368,3.3684210526315788,0.5263157894736842,91.61,2.9473684210526314,62.5,3.5789473684210527,1.894736842105263,03/11/1999 00:00,Hungary,Midfield,right,193.0,https://img.a.transfermarkt.technology/portrait/header/633056-1732087351.jpg?lm=1,500000,"[0.00775203435219277, 0.015231528113642898, 0.03907163742690058, 0.09307873144740393, 0.0837842269224463, 0.924968474148802, 0.42354775828460034, 0.6944444444444444, 0.39190204506863396, 0.3806315789473684]"
Abel Ruiz,Girona FC,1357,0.2142225497420781,0.048415622697126,0.5969049373618276,5.305821665438467,0.4642593957258659,89.43,0.7295504789977892,32.14,1.3927781871775975,0.4642593957258659,28/01/2000 00:00,Spain,Attack,right,182.0,https://img.a.transfermarkt.technology/portrait/header/340376-1694617385.jpg?lm=1,3000000,"[0.22537536234059788, 0.09120743408876275, 0.2215595062638173, 0.15678697234870276, 0.07390546766851012, 0.8791509037410679, 0.10483910587079341, 0.35711111111111116, 0.08456900458960333, 0.09326455416359616]"
Juan Bernat,Getafe,945,0.0438095238095238,0.0819047619047619,0.0952380952380952,6.190476190476191,1.4285714285714286,76.64,2.952380952380953,50.0,3.7142857142857135,1.0476190476190477,01/03/1993 00:00,Spain,Defender,left,170.0,https://img.a.transfermarkt.technology/portrait/header/126719-1672304606.jpg?lm=1,1500000,"[0.04609032669262961, 0.1565449029079533, 0.0353505291005291, 0.18587738515386537, 0.22741433021806856, 0.6103404791929383, 0.424268077601411, 0.5555555555555556, 0.4109279949744555, 0.21045502645502645]"
Enric Franquesa,Leganés,630,0.0428571428571428,0.0185714285714285,0.1428571428571428,2.857142857142857,1.2857142857142858,73.01,3.142857142857143,50.0,4.142857142857143,1.1428571428571428,26/02/1997 00:00,Spain,Defender,left,175.0,https://img.a.transfermarkt.technology/portrait/header/282700-1625480292.jpg?lm=1,1000000,"[0.045088363068876744, 0.032981270345592506, 0.053025793650793636, 0.07626618672616226, 0.20467289719626172, 0.534047919293821, 0.4516402116402116, 0.5555555555555556, 0.4711768363428908, 0.22958730158730156]"
Tomás Conechny,Deportivo Alavés,851,0.2527614571092832,0.0824911868390129,1.0575793184488838,6.239717978848414,0.6345475910693302,67.14,2.2209165687426555,51.11,4.759106933019976,2.9612220916568743,30/03/1998 00:00,Argentina,Attack,left,176.0,https://img.a.transfermarkt.technology/portrait/header/401571-1752788547.jpg?lm=1,0,"[0.2659206747857728, 0.1576890207253406, 0.39255287896592256, 0.1874966205847262, 0.10101365079016442, 0.41067675493905, 0.3191539365452408, 0.5678888888888889, 0.5578096199948789, 0.5948766157461809]"
Alejo Veliz,Espanyol,1131,0.183023872679045,0.0079575596816976,0.4774535809018568,2.387267904509284,0.0795755968169761,64.86,0.3978779840848806,47.27,1.5915119363395225,1.5915119363395225,19/09/2003 00:00,Argentina,Attack,right,186.0,https://img.a.transfermarkt.technology/portrait/header/888493-1674736266.JPG?lm=1,9000000,"[0.19255242583790877, 0.012273561994711767, 0.17722148541114063, 0.060815119725364394, 0.012667641736284981, 0.3627574611181168, 0.05717653993516062, 0.5252222222222223, 0.11250712022116284, 0.3197170645446507]"
Iker Muñoz,Osasuna,618,0.0626213592233009,0.1033980582524271,0.0,9.611650485436892,0.2912621359223301,80.0,1.3106796116504855,47.83,4.077669902912621,1.7475728155339807,05/09/2002 00:00,Spain,Midfield,right,180.0,https://img.a.transfermarkt.technology/portrait/header/710677-1697557434.jpg?lm=1,2000000,"[0.06588154021229077, 0.1984784256309559, 0.0, 0.2983770895040738, 0.04636602849106252, 0.6809583858764185, 0.1883495145631068, 0.5314444444444445, 0.4620127730926757, 0.3510679611650485]"
Juan Cruz,Osasuna,1514,0.0077278731836195,0.0124834874504623,0.0,6.122853368560105,0.059445178335535,82.4,2.080581241743725,47.37,2.7344782034346102,0.95112285336856,28/07/1992 00:00,Spain,Defender,left,182.0,https://img.a.transfermarkt.technology/portrait/header/169497-1732219962.jpg?lm=1,1200000,"[0.0081302002099097, 0.021103668455081655, 0.0, 0.1836537195884798, 0.009463079791108532, 0.7313997477931906, 0.29898723029502416, 0.5263333333333333, 0.27318603795776, 0.19107001321003958]"
Marvin Park,Las Palmas,1029,0.0218658892128279,0.1023323615160349,0.0,6.997084548104956,0.1749271137026239,78.85,3.498542274052478,37.04,4.635568513119534,1.749271137026239,03/07/2000 00:00,Spain,Defender,right,177.0,https://img.a.transfermarkt.technology/portrait/header/603940-1718888602.jpg?lm=1,1200000,"[0.023004266871875824, 0.19639924626319055, 0.0, 0.2124013777763125, 0.027846652679763495, 0.656788566624632, 0.502753482345319, 0.41155555555555556, 0.5404425111134048, 0.3514091350826044]"
Juanmi,Getafe,961,0.3390218522372529,0.0271592091571279,0.7492195629552549,4.120707596253903,0.7492195629552549,78.61,2.247658688865765,57.14,3.4651404786680544,2.341311134235172,20/05/1993 00:00,Spain,Attack,right,172.0,https://img.a.transfermarkt.technology/portrait/header/126737-1653043231.jpg?lm=1,1200000,"[0.35667194177898176, 0.04973607084271148, 0.2780957336108221, 0.11781644032964717, 0.11926828556702035, 0.6517444304329549, 0.322996878251821, 0.634888888888889, 0.375903000824786, 0.47034339229968786]"
Iker Losada,Celta Vigo,718,0.1917827298050139,0.1002785515320334,0.3760445682451253,10.403899721448468,0.5013927576601671,76.92,2.13091922005571,31.25,3.384401114206128,0.5013927576601671,01/08/2001 00:00,Spain,Attack,right,175.0,https://img.a.transfermarkt.technology/portrait/header/632741-1569337955.jpg?lm=1,500000,"[0.20176728487507123, 0.19239225328083157, 0.13958043175487464, 0.3244289059678721, 0.07981672871163409, 0.6162253047498949, 0.30622098421541316, 0.3472222222222222, 0.364552610114258, 0.10072423398328689]"
Diego García,Leganés,1218,0.2933497536945813,0.0169950738916256,0.6650246305418719,3.251231527093596,0.2955665024630542,65.03,0.2216748768472906,33.59,1.8472906403940887,1.625615763546798,18/04/2000 00:00,Spain,Attack,right,188.0,https://img.a.transfermarkt.technology/portrait/header/852727-1701788787.jpg?lm=1,1500000,"[0.30862207135076014, 0.02990579491754319, 0.24684421182266014, 0.08922514614618626, 0.047051240734772806, 0.36633039092055486, 0.031855500821018054, 0.3732222222222223, 0.14846465154184696, 0.3265681444991789]"
Abdón Prats,Mallorca,465,0.2883870967741935,0.0232258064516129,1.161290322580645,3.096774193548387,0.1935483870967742,67.05,0.5806451612903225,35.29,2.5161290322580645,1.161290322580645,07/12/1992 00:00,Spain,Attack,left,181.0,https://img.a.transfermarkt.technology/portrait/header/177452-1696950061.jpg?lm=1,900000,"[0.3034010495537967, 0.042061983580226475, 0.43104838709677423, 0.08414607011543491, 0.030810973771480253, 0.4087852038671711, 0.08344086021505374, 0.39211111111111113, 0.24249037394442163, 0.2332903225806451]"
Willy Kambwala,Villarreal,1114,0.0258527827648114,0.0072710951526032,0.0807899461400359,1.2118491921005383,0.4039497307001795,88.39,2.181328545780969,47.06,2.423698384201077,0.4039497307001795,25/08/2004 00:00,France,Defender,right,192.0,https://img.a.transfermarkt.technology/portrait/header/780630-1743688107.jpg?lm=1,4000000,"[0.027198725298281063, 0.010934266455131013, 0.029987657091561943, 0.022163403608923292, 0.06430477021426534, 0.8572929802437999, 0.31346499102333925, 0.522888888888889, 0.22949641522223174, 0.08114901256732493]"
Álvaro Aguado,Espanyol,463,0.112742980561555,0.0796976241900647,0.1943844492440604,12.63498920086393,0.9719222462203024,80.17,1.749460043196544,75.0,7.1922246220302375,0.9719222462203024,01/05/1996 00:00,Spain,Midfield,right,175.0,https://img.a.transfermarkt.technology/portrait/header/449496-1659984006.jpeg?lm=1,3000000,"[0.1186125836239566, 0.15223876679858425, 0.07215172786177104, 0.3977946234593229, 0.15472033265376156, 0.6845313156788566, 0.2514038876889848, 0.8333333333333334, 0.8998588372386758, 0.19524838012958962]"
Chuki,Real Valladolid,731,0.253625170998632,0.1822161422708618,0.8618331053351573,3.32421340629275,0.4924760601915185,74.64,0.984952120383037,16.67,2.4623803009575926,0.3693570451436389,29/04/2004 00:00,Spain,Midfield,left,176.0,https://img.a.transfermarkt.technology/portrait/header/926763-1700777200.jpg?lm=1,4000000,"[0.2668293551791533, 0.3522528799402686, 0.3198956908344734, 0.0916250355189438, 0.07839727936382118, 0.5683060109289617, 0.14154126766985864, 0.18522222222222226, 0.23493434344404246, 0.07419972640218878]"
Fran Pérez,Valencia,604,0.0461920529801324,0.2309602649006622,0.1490066225165562,9.387417218543046,1.1920529801324502,81.63,2.980132450331126,41.67,4.02317880794702,0.8940397350993378,09/09/2002 00:00,Spain,Attack,right,176.0,https://img.a.transfermarkt.technology/portrait/header/622988-1683212780.jpg?lm=1,8000000,"[0.04859689463218339, 0.44735289349084717, 0.05530836092715229, 0.2910035463705958, 0.18976295104289162, 0.7152164775115595, 0.42825607064017657, 0.463, 0.4543523806406677, 0.1796026490066225]"
Rafa Mir,Valencia,743,0.3609690444145356,0.0593539703903095,0.969044414535666,5.2086137281292055,0.2422611036339165,73.44,2.0592193808882904,35.29,2.1803499327052487,1.5746971736204574,18/06/1997 00:00,Spain,Attack,right,191.0,https://img.a.transfermarkt.technology/portrait/header/361254-1720020544.jpg?lm=1,2500000,"[0.37976174439438887, 0.11254820211823441, 0.35969044414535667, 0.1535904487971568, 0.038565552634558055, 0.5430853299705758, 0.29591745177209505, 0.39211111111111113, 0.19528633663556982, 0.3163391655450874]"
Adama Boiro,Athletic Club,1104,0.0203804347826086,0.0464673913043478,0.0,7.092391304347825,0.6521739130434783,83.87,2.608695652173913,65.38,3.668478260869565,1.059782608695652,22/06/2002 00:00,Spain,Defender,left,183.0,https://img.a.transfermarkt.technology/portrait/header/710671-1709677000.png?lm=1,0,"[0.021441477002862506, 0.08740642543670431, 0.0, 0.21553538410732384, 0.10381958553433565, 0.7622950819672132, 0.3748792270531401, 0.7264444444444444, 0.40448835432094526, 0.21289855072463765]"
Stanko Juric,Real Valladolid,1746,0.0417525773195876,0.0134020618556701,0.1030927835051546,3.350515463917526,0.3092783505154639,84.55,3.65979381443299,67.57,4.690721649484536,1.9587628865979383,16/08/1996 00:00,Croatia,Midfield,right,188.0,https://img.a.transfermarkt.technology/portrait/header/388125-1614711691.jpg?lm=1,1200000,"[0.043926291855761385, 0.022895811459601956, 0.03826603665521191, 0.09248993553615366, 0.049234030253396274, 0.776586801176965, 0.5259259259259259, 0.7507777777777778, 0.5481959737623339, 0.39349369988545246]"
Unai Gómez,Athletic Club,1277,0.1303837118245888,0.0606108065779169,0.2819107282693813,5.990602975724355,0.8457321848081442,77.14,0.9866875489428348,48.33,2.9600626468285043,0.8457321848081442,25/05/2003 00:00,Spain,Midfield,left,183.0,https://img.a.transfermarkt.technology/portrait/header/834752-1709676122.png?lm=1,6000000,"[0.1371717231970135, 0.11500029545839123, 0.10463978073610022, 0.17930488237310147, 0.13463213284640552, 0.6208490962589324, 0.1417906551814148, 0.537, 0.3048988410966194, 0.1698981989036805]"
Moussa Diarra,Deportivo Alavés,1879,0.0014369345396487,0.0177221926556679,0.0,4.262905800957957,0.3352847259180415,84.12,2.9217668972857904,53.23,3.640234167110165,1.341138903672166,10/11/2000 00:00,Mali,Defender,left,185.0,https://img.a.transfermarkt.technology/portrait/header/694509-1708555512.jpg?lm=1,2000000,"[0.0015117439453640985, 0.0313244070615851, 0.0, 0.12249239501921094, 0.05337398596390006, 0.7675493905002102, 0.4198687244988469, 0.5914444444444444, 0.4005177818304328, 0.26941990420436396]"
Orri Óskarsson,Real Sociedad,948,0.4841772151898734,0.0427215189873417,0.6645569620253164,3.79746835443038,0.189873417721519,55.68,0.759493670886076,36.05,1.4240506329113924,0.6645569620253164,29/08/2004 00:00,Iceland,Attack,right,186.0,https://img.a.transfermarkt.technology/portrait/header/660438-1692090952.jpg?lm=1,12000000,"[0.509384354923703, 0.08009821084821915, 0.24667062236286924, 0.10718724812710563, 0.030225955282148356, 0.16981925178646495, 0.10914205344585091, 0.40055555555555555, 0.08896530470811297, 0.13350210970464133]"
Juan Berrocal,Getafe,1076,0.0317843866171003,0.0083643122676579,0.0,2.592936802973977,0.0,76.13,2.4256505576208176,62.5,2.9275092936802976,1.4219330855018588,05/02/1999 00:00,Spain,Defender,both,187.0,https://img.a.transfermarkt.technology/portrait/header/461843-1771527114.jpg?lm=1,1500000,"[0.0334391391533119, 0.013067138211691583, 0.0, 0.06757820405737057, 0.0, 0.5996216897856241, 0.3485749690210656, 0.6944444444444444, 0.30032247020699987, 0.2856505576208178]"
Dani Gómez,Valencia,541,0.4408502772643253,0.0116451016635859,0.99815157116451,3.659889094269871,0.499075785582255,74.07,0.8317929759704251,22.58,2.3290203327171906,1.1645101663585953,30/07/1998 00:00,Spain,Attack,right,178.0,https://img.a.transfermarkt.technology/portrait/header/422460-1603806732.jpg?lm=1,1200000,"[0.46380173840720773, 0.019467973823790584, 0.37049445471349357, 0.1026631798516086, 0.07944788985437144, 0.5563261874737284, 0.1195317313616759, 0.2508888888888889, 0.21618651511073955, 0.23393715341959334]"
Óscar Trejo,Rayo Vallecano,525,0.1011428571428571,0.0548571428571428,0.3428571428571428,17.485714285714288,1.3714285714285714,86.78,2.0571428571428574,41.67,4.285714285714286,2.9142857142857146,26/04/1988 00:00,Argentina,Midfield,right,180.0,https://img.a.transfermarkt.technology/portrait/header/30321-1653039805.jpg?lm=1,1000000,"[0.10640853684254921, 0.1037748703550052, 0.12726190476190477, 0.5573027603974537, 0.2183177570093458, 0.8234552332912988, 0.2956190476190476, 0.463, 0.4912597834657025, 0.585447619047619]"
Benito Ramírez,Las Palmas,513,0.0543859649122807,0.1736842105263157,0.175438596491228,9.824561403508772,0.5263157894736842,84.92,1.9298245614035088,26.67,5.614035087719298,0.8771929824561403,11/07/1995 00:00,Spain,Attack,left,179.0,https://img.a.transfermarkt.technology/portrait/header/282672-1658407951.jpg?lm=1,600000,"[0.057217396409042484, 0.335607040796107, 0.06511939571150097, 0.3053783157705342, 0.0837842269224463, 0.7843631778058007, 0.2773229369720598, 0.29633333333333334, 0.6779959584672853, 0.1762183235867446]"
Jaime Mata,Las Palmas,671,0.3366616989567809,0.0375558867362146,0.8047690014903129,6.1698956780924,0.6706408345752608,71.02,1.4754098360655736,46.43,2.4143070044709387,2.682563338301043,24/10/1988 00:00,Spain,Attack,right,186.0,https://img.a.transfermarkt.technology/portrait/header/227961-1530601381.jpg?lm=1,900000,"[0.3541889146587922, 0.07002003792036837, 0.29871460506706415, 0.18520062876587234, 0.10675933534827362, 0.4922236233711643, 0.21202185792349723, 0.515888888888889, 0.22817616914451744, 0.5388971684053651]"
Mateu Morey,Mallorca,763,0.0519003931847968,0.0271297509829619,0.1179554390563564,4.954128440366972,1.0615989515072084,82.08,4.36435124508519,57.14,4.836173001310616,2.0052424639580604,02/03/2000 00:00,Spain,Defender,right,173.0,https://img.a.transfermarkt.technology/portrait/header/388513-1661413734.jpg?lm=1,1500000,"[0.0546024213311168, 0.0496785978057335, 0.043782765399737855, 0.1452221175850056, 0.16899597016205095, 0.7246742328709541, 0.6271734381826124, 0.634888888888889, 0.5686436164159864, 0.4028309305373525]"
David Torres,Real Valladolid,1386,0.0175324675324675,0.0071428571428571,0.0649350649350649,2.012987012987013,0.0649350649350649,82.95,1.5584415584415583,50.0,1.7532467532467533,0.8441558441558441,16/06/1986 00:00,Spain,Attack,left,183.0,https://img.a.transfermarkt.technology/portrait/header/default.jpg?lm=1,200000,"[0.01844523943726775, 0.010684073492234242, 0.02410263347763347, 0.04850750660486082, 0.010337015009912201, 0.7429592265657841, 0.2239538239538239, 0.5555555555555556, 0.1352439026522217, 0.16958152958152956]"
Enzo Loiodice,Las Palmas,694,0.035014409221902,0.0298270893371757,0.5187319884726225,7.39193083573487,0.5187319884726225,86.11,3.5014409221902016,50.0,3.760806916426513,1.296829971181556,27/11/2000 00:00,France,Midfield,left,177.0,https://img.a.transfermarkt.technology/portrait/header/581781-1737366411.jpg?lm=1,1200000,"[0.036837322564918056, 0.05494111767883514, 0.19254322766570608, 0.2253852502108658, 0.08257696140483181, 0.8093736864228667, 0.5031700288184437, 0.5555555555555556, 0.41746797487323867, 0.2605187319884726]"
Javi López,Real Sociedad,1939,0.0046415678184631,0.0487364620938628,0.0464156781846312,6.219700876740588,0.8354822073233625,83.47,2.3671995874161937,34.48,4.270242392986075,1.3924703455389376,21/01/1986 00:00,Spain,Defender,right,180.0,https://img.a.transfermarkt.technology/portrait/header/72310-1447228662.jpg?lm=1,200000,"[0.0048832162168458365, 0.09183339326765616, 0.01722859721505929, 0.18683839101939964, 0.13300043861128918, 0.7538881883144177, 0.3401753481175863, 0.38311111111111107, 0.4890847350408493, 0.27973182052604434]"
Rubén Peña,Osasuna,810,0.0788888888888888,0.0833333333333333,0.3333333333333333,7.888888888888889,1.1111111111111112,66.81,2.0,31.82,3.6666666666666665,1.3333333333333333,18/07/1991 00:00,Spain,Defender,right,170.0,https://img.a.transfermarkt.technology/portrait/header/238868-1490952343.jpg?lm=1,600000,"[0.08299598683419164, 0.15933205251462304, 0.12372685185185187, 0.2417269005432189, 0.17687781239183112, 0.403741067675494, 0.2874074074074074, 0.35355555555555557, 0.40423367926685166, 0.2678518518518518]"
Isaac Romero,Sevilla,2166,0.246398891966759,0.0897506925207756,0.8310249307479225,3.947368421052632,0.8725761772853186,73.25,0.8310249307479225,36.59,2.451523545706371,1.5789473684210529,18/05/2000 00:00,Spain,Attack,left,183.0,https://img.a.transfermarkt.technology/portrait/header/687609-1762342231.jpg?lm=1,18000000,"[0.25922686301787756, 0.17185235060922002, 0.308460295475531, 0.1121164659111629, 0.13890542884510834, 0.5390920554854981, 0.11942136041859033, 0.4065555555555556, 0.23340809395259332, 0.31719298245614036]"
Álex Sola,Getafe,1035,0.0843478260869565,0.0678260869565217,0.1739130434782608,5.739130434782608,1.826086956521739,68.78,2.4347826086956523,39.58,4.086956521739131,2.0869565217391304,09/06/1999 00:00,Spain,Attack,right,178.0,https://img.a.transfermarkt.technology/portrait/header/434990-1680536108.jpg?lm=1,2000000,"[0.08873912615584735, 0.12907734156685965, 0.06455314009661835, 0.1710356203978161, 0.2906948394961398, 0.44514501891551084, 0.3498872785829308, 0.43977777777777777, 0.4633182918165732, 0.41924637681159416]"
Eric Bailly,Villarreal,627,0.0459330143540669,0.0071770334928229,0.0,3.444976076555024,0.4306220095693779,87.7,2.583732057416268,61.11,2.727272727272727,1.0047846889952152,12/04/1994 00:00,Cote d'Ivoire,Defender,right,187.0,https://img.a.transfermarkt.technology/portrait/header/286384-1696075364.png?lm=1,1500000,"[0.04832436998769562, 0.010750751712489452, 0.0, 0.09559611782277702, 0.06855073111836515, 0.8427910886927281, 0.3712918660287081, 0.679, 0.27217308758048353, 0.20185007974481656]"
Moi Gómez,Osasuna,818,0.0506112469437652,0.1210268948655256,0.1100244498777506,11.882640586797066,1.5403422982885089,82.76,2.0904645476772616,36.84,7.26161369193154,1.5403422982885089,23/06/1994 00:00,Spain,Midfield,right,176.0,https://img.a.transfermarkt.technology/portrait/header/175449-1664970613.jpg?lm=1,1800000,"[0.05324615980994488, 0.23287236915352635, 0.04083893643031786, 0.3730548734923357, 0.24520713845028913, 0.7389659520807064, 0.30040749796251015, 0.4093333333333334, 0.9096135963907783, 0.30943765281173596]"
Miguel de la Fuente,Leganés,1742,0.1710103329506314,0.0392652123995407,0.8266360505166476,2.273249138920781,0.4133180252583238,60.54,1.0332950631458095,23.02,1.3949483352468428,1.188289322617681,03/09/1999 00:00,Spain,Attack,right,182.0,https://img.a.transfermarkt.technology/portrait/header/480883-1647530867.jpg?lm=1,2000000,"[0.17991343954751005, 0.0733549403655153, 0.3068312284730196, 0.05706579966354344, 0.06579610931682352, 0.27196300966792775, 0.14848832759280522, 0.25577777777777777, 0.0848740853720666, 0.2387141216991963]"
Javier Manquillo,Celta Vigo,517,0.0,0.0156673114119922,0.0,7.4854932301740815,0.0,90.38,2.437137330754352,35.71,3.133462282398453,1.5667311411992264,05/05/1994 00:00,Spain,Defender,right,178.0,https://img.a.transfermarkt.technology/portrait/header/162029-1700647906.jpg?lm=1,1800000,"[0.0, 0.027315324046540395, 0.0, 0.22846189606554004, 0.0, 0.8991172761664563, 0.3502256608639587, 0.3967777777777778, 0.3292754710824821, 0.31473887814313345]"
Eray Cömert,Real Valladolid,1789,0.0442705422023476,0.0055338177752934,0.0503074343208496,3.068753493571828,0.2012297372833985,87.98,2.465064281721632,51.22,2.565679150363332,0.9055338177752936,04/02/1998 00:00,Switzerland,Defender,right,183.0,https://img.a.transfermarkt.technology/portrait/header/298583-1779792788.jpg?lm=1,2000000,"[0.04657534653509456, 0.007544830083939278, 0.01867314141978758, 0.08322465536387079, 0.032033768146983374, 0.8486759142496849, 0.3542388671511086, 0.5691111111111111, 0.24945616075728172, 0.1819116825041923]"
Marcão,Sevilla,565,0.0,0.0127433628318584,0.0,2.5486725663716814,0.3185840707964602,90.45,2.707964601769912,70.0,4.300884955752212,1.4336283185840708,02/04/1986 00:00,Brazil,Attack,right,180.0,https://img.a.transfermarkt.technology/portrait/header/default.jpg?lm=1,100000,"[0.0, 0.021610686552010566, 0.0, 0.06612264725093106, 0.050715408154825906, 0.9005884825556958, 0.3891445427728614, 0.7777777777777778, 0.49339248581502765, 0.288]"
André Ferreira,Real Valladolid,540,0.0,0.0016666666666666,0.0,0.6666666666666666,0.0,66.67,0.0,0.0,7.166666666666667,0.0,15/06/1990 00:00,Portugal,Attack,right,182.0,https://img.a.transfermarkt.technology/portrait/header/237665-1441719853.jpg?lm=1,100000,"[0.0, 0.0, 0.0, 0.004235970616528768, 0.0, 0.4007986548970157, 0.0, 0.0, 0.8962658837757393, 0.0]"
Jhon Solís,Girona FC,524,0.1133587786259542,0.0583969465648855,0.1717557251908397,9.961832061068703,0.8587786259541985,90.69,2.9198473282442747,37.5,4.637404580152672,1.545801526717557,12/02/1999 00:00,Colombia,Midfield,right,171.0,https://img.a.transfermarkt.technology/portrait/header/663187-1674164568.JPG?lm=1,0,"[0.11926044124706726, 0.11068104411321153, 0.06375238549618321, 0.3098922361557651, 0.13670899621887708, 0.9056326187473729, 0.4195928753180661, 0.4166666666666667, 0.5407006265733879, 0.3105343511450381]"
Antonio Candela,Real Valladolid,910,0.0039560439560439,0.0672527472527472,0.0,3.4615384615384617,0.5934065934065934,80.67,1.4835164835164836,27.27,2.274725274725274,0.4945054945054945,27/04/2000 00:00,Italy,Defender,right,185.0,https://img.a.transfermarkt.technology/portrait/header/392881-1717659772.jpg?lm=1,900000,"[0.004162002744819338, 0.12795875309595536, 0.0, 0.0961407446828337, 0.09446441409058232, 0.6950399327448509, 0.21318681318681318, 0.303, 0.20855368165996796, 0.09934065934065933]"
Joseph Aidoo,Real Valladolid,590,0.0061016949152542,0.0106779661016949,0.0,1.6779661016949152,0.1525423728813559,89.06,1.6779661016949152,50.0,3.9661016949152543,0.6101694915254238,29/09/1995 00:00,Ghana,Defender,right,181.0,https://img.a.transfermarkt.technology/portrait/header/358250-1773950910.jpg?lm=1,4000000,"[0.0064193601657383526, 0.017581087773145977, 0.0, 0.037490893529340395, 0.02428322509108189, 0.871374527112232, 0.24112994350282485, 0.5555555555555556, 0.4463284441400898, 0.12257627118644067]"
Bremer,Juventus,540,0.0216666666666666,0.01,0.0,5.0,0.5,92.84,3.5,63.16,3.8333333333333335,1.5,18/03/1997 00:00,Brazil,Defender,right,188.0,https://img.a.transfermarkt.technology/portrait/header/516716-1725531520.jpg?lm=1,35000000,"[0.022794672440376536, 0.016258372705573905, 0.0, 0.14673052857254285, 0.079595015576324, 0.9508196721311475, 0.502962962962963, 0.7017777777777777, 0.42766378424346535, 0.3013333333333333]"
Hakan Çalhanoğlu,Inter,1961,0.058745537990821,0.2570117287098419,0.6884242733299337,17.34829168791433,0.1376848546659867,90.2,2.799592044875064,45.71,5.04844467108618,1.0096889342172362,08/02/1994 00:00,Türkiye,Midfield,right,178.0,https://img.a.transfermarkt.technology/portrait/header/126414-1709035146.jpg?lm=1,22000000,"[0.06180393673082143, 0.49817942246709634, 0.25552970423253446, 0.5527838437066833, 0.021918056303526234, 0.8953341740226985, 0.4023117457079722, 0.507888888888889, 0.5984849014544016, 0.20283528811830698]"
Paulo Dybala,AS Roma,1420,0.2535211267605634,0.3276760563380281,1.204225352112676,15.274647887323942,0.6971830985915493,86.49,1.204225352112676,32.0,3.992957746478873,0.380281690140845,15/11/1993 00:00,Argentina,Attack,left,177.0,https://img.a.transfermarkt.technology/portrait/header/206050-1725530843.jpg?lm=1,5000000,"[0.2667198942102571, 0.6360458595352354, 0.44698503521126765, 0.4845954690782165, 0.11098459918388838, 0.817360235393022, 0.17305164319248825, 0.35555555555555557, 0.45010388478444746, 0.07639436619718308]"
Mattia Zaccagni,Lazio,2705,0.1573752310536044,0.1347504621072088,0.565619223659889,11.245841035120147,1.463955637707948,84.89,2.229205175600739,47.62,2.8613678373382623,1.164510166358595,16/06/1995 00:00,Italy,Attack,right,177.0,https://img.a.transfermarkt.technology/portrait/header/283735-1695026445.jpg?lm=1,15000000,"[0.16556846963517677, 0.259647113681361, 0.20994685767097968, 0.3521147648870764, 0.23304714357282288, 0.7837326607818411, 0.3203450400492914, 0.5291111111111111, 0.29102426261459985, 0.23393715341959329]"
Mateo Retegui,Atalanta,2402,0.5747710241465445,0.0828059950041631,1.4238134887593672,7.418817651956703,0.4496253122398001,78.06,0.6744379683597003,42.15,2.5853455453788508,1.199000832639467,29/04/1999 00:00,Italy,Attack,right,186.0,https://img.a.transfermarkt.technology/portrait/header/554903-1681311414.jpg?lm=1,40000000,"[0.6046946410910895, 0.158303212942913, 0.5284918817651958, 0.22626937905525996, 0.07157586746247287, 0.6401849516603615, 0.09691923397169025, 0.4683333333333333, 0.2522208749556327, 0.24086594504579512]"
Ademola Lookman,Atalanta,2263,0.3813963764913831,0.3137870083959346,1.3919575784357048,13.561643835616438,1.4714980114891736,79.03,1.3919575784357048,56.25,2.744144940344675,1.2328767123287672,20/10/1997 00:00,Nigeria,Attack,right,174.0,https://img.a.transfermarkt.technology/portrait/header/406040-1769763751.jpg?lm=1,35000000,"[0.4012525602492752, 0.6089482613790588, 0.5166675872735308, 0.4282661409724653, 0.23424781429002112, 0.66057166876839, 0.20002945941964942, 0.625, 0.2745449939212647, 0.2476712328767123]"
Marcus Thuram,Inter,2298,0.3939947780678851,0.1597911227154047,1.0574412532637074,7.48041775456919,0.9399477806788512,75.0,0.8224543080939948,57.83,2.7806788511749345,1.1749347258485638,06/08/1997 00:00,France,Attack,right,192.0,https://img.a.transfermarkt.technology/portrait/header/318528-1746041509.jpg?lm=1,60000000,"[0.4145068573512146, 0.3085015608367804, 0.3925016318537859, 0.22829499737644723, 0.14963031648812866, 0.5758722152164775, 0.11818973020017405, 0.6425555555555555, 0.27968095411702004, 0.23603133159268924]"
Christian Pulisic,AC Milan,2489,0.3196464443551627,0.2263559662515066,0.8678184009642427,12.402571313780635,1.4102049015668945,83.55,1.7356368019284854,20.75,3.398955403776617,0.7231820008035356,18/09/1998 00:00,United States,Attack,right,177.0,https://img.a.transfermarkt.technology/portrait/header/315779-1691696699.jpg?lm=1,60000000,"[0.33628781519109235, 0.4383698850725582, 0.3221173161912415, 0.3901519425175525, 0.22449056221205083, 0.7555695670449769, 0.2494174367215749, 0.23055555555555557, 0.3665986613092375, 0.14527922860586578]"
Scott McTominay,SSC Napoli,2941,0.2276776606596396,0.0517171030261815,1.009860591635498,6.120367222033322,1.1934716082964978,85.12,2.050323019381163,54.92,4.376062563753825,1.3770826249574974,08/12/1996 00:00,Scotland,Midfield,right,191.0,https://img.a.transfermarkt.technology/portrait/header/315969-1718626681.jpg?lm=1,45000000,"[0.2395309706182017, 0.09764863780915131, 0.3748406154369262, 0.18357196673839954, 0.1899887825045204, 0.7885666246321985, 0.2946390116740338, 0.6102222222222222, 0.5039610012992387, 0.2766405984359061]"
Amir Rrahmani,SSC Napoli,3406,0.0761009982384028,0.0192894891368173,0.1056958308866705,6.870229007633588,0.1056958308866705,91.04,1.7439812096300646,69.57,3.567234292425133,1.1098062243100413,24/02/1994 00:00,Kosovo,Defender,right,192.0,https://img.a.transfermarkt.technology/portrait/header/257732-1663579350.jpg?lm=1,12000000,"[0.08006295356446472, 0.034382209901264435, 0.03923223722842041, 0.2082299414308343, 0.01682572261155409, 0.9129886506935689, 0.25061655901350555, 0.7729999999999999, 0.3902554134675332, 0.22294773928361716]"
Khvicha Kvaratskhelia,SSC Napoli,1187,0.254759898904802,0.2251895534962089,1.2889637742207245,11.449031171019378,1.4406065711878686,83.29,1.4406065711878686,50.0,3.4119629317607414,0.9098567818028644,12/02/2001 00:00,Georgia,Attack,both,183.0,https://img.a.transfermarkt.technology/portrait/header/502670-1777411223.jpg?lm=1,90000000,"[0.26802315906823476, 0.4360942082760583, 0.47843828980623426, 0.3587963391784571, 0.2293302049461062, 0.75010508617066, 0.20702049985959, 0.5555555555555556, 0.36842726778616314, 0.18278011794439764]"
Leandro Paredes,AS Roma,1370,0.0486131386861313,0.1018248175182481,0.5912408759124088,13.072992700729928,0.1970802919708029,91.6,2.956204379562044,75.0,5.452554744525548,0.9854014598540146,29/06/1994 00:00,Argentina,Midfield,right,180.0,https://img.a.transfermarkt.technology/portrait/header/166237-1692881087.jpg?lm=1,5000000,"[0.05114402642995213, 0.1954090255255312, 0.21945711678832122, 0.412197650020075, 0.031373217818405075, 0.9247583018074821, 0.4248175182481752, 0.8333333333333334, 0.6552949501111504, 0.19795620437956202]"
Manuel Locatelli,Juventus,2840,0.0339084507042253,0.0865140845070422,0.2852112676056338,18.19014084507042,0.2535211267605634,88.74,3.01056338028169,60.66,4.468309859154929,1.4577464788732393,08/01/1998 00:00,Italy,Midfield,right,185.0,https://img.a.transfermarkt.technology/portrait/header/265088-1730125083.jpg?lm=1,25000000,"[0.035673785850621836, 0.1655377130825251, 0.1058648767605634, 0.5804666722100525, 0.040358036066868504, 0.8646490121899957, 0.4326291079812206, 0.6739999999999999, 0.5169291841895781, 0.29284507042253516]"
Kenan Yıldız,Juventus,2408,0.1580980066445182,0.1808970099667774,0.8596345514950166,13.791528239202655,2.2051495016611296,86.16,2.2051495016611296,23.53,4.597176079734219,0.9343853820598006,04/05/2005 00:00,Türkiye,Attack,both,187.0,https://img.a.transfermarkt.technology/portrait/header/845654-1759822280.jpg?lm=1,75000000,"[0.16632887422792045, 0.34967924658253663, 0.31907963039867115, 0.43582551246554213, 0.3510378178656814, 0.8104245481294661, 0.3168881506090808, 0.2614444444444445, 0.5350452786462514, 0.18770764119601324]"
Riccardo Orsolini,Bologna,1885,0.3642970822281168,0.1360742705570292,1.336870026525199,7.448275862068966,1.5755968169761274,70.88,1.1458885941644563,52.27,3.1034482758620694,1.2891246684350133,24/01/1997 00:00,Italy,Attack,left,186.0,https://img.a.transfermarkt.technology/portrait/header/368482-1724827463.jpg?lm=1,25000000,"[0.3832630458634552, 0.2622298702215171, 0.4962201591511937, 0.22723806396944204, 0.25081930637844274, 0.4892812105926858, 0.16466843501326262, 0.5807777777777778, 0.3250560831389847, 0.2589708222811671]"
Alexis Saelemaekers,AS Roma,1494,0.15,0.1367469879518072,0.7228915662650601,12.951807228915662,1.325301204819277,86.36,2.650602409638554,75.0,4.759036144578313,0.7831325301204819,27/06/1999 00:00,Belgium,Midfield,right,180.0,https://img.a.transfermarkt.technology/portrait/header/381950-1757604189.jpg?lm=1,12000000,"[0.1578092707410688, 0.2635423450370959, 0.26832329317269077, 0.4082126645807984, 0.2109747400818226, 0.8146279949558637, 0.3809013833110218, 0.8333333333333334, 0.5577996685111631, 0.1573226238286479]"
Federico Dimarco,Inter,2229,0.1348586810228802,0.2055181695827725,0.8882907133243607,10.53835800807537,0.161507402422611,84.05,1.5746971736204576,35.0,3.0686406460296096,0.7671601615074024,10/11/1997 00:00,Italy,Defender,left,175.0,https://img.a.transfermarkt.technology/portrait/header/198116-1725531769.jpg?lm=1,50000000,"[0.14187966736882093, 0.39771524532016905, 0.329716240466577, 0.3288503461485852, 0.0257103684230387, 0.766078184110971, 0.2262898160610139, 0.3888888888888889, 0.3201628046132149, 0.1541139524450426]"
Tijjani Reijnders,AC Milan,3132,0.1948275862068965,0.103735632183908,0.8045977011494253,13.419540229885058,1.0344827586206895,89.54,1.8390804597701151,25.0,3.591954022988506,0.8045977011494253,29/07/1998 00:00,Netherlands,Midfield,right,185.0,https://img.a.transfermarkt.technology/portrait/header/460939-1773302677.jpg?lm=1,65000000,"[0.20497066199702033, 0.19913703396620017, 0.2986510217113666, 0.42359329701493087, 0.1646793425717048, 0.8814627994955866, 0.26428267347807577, 0.2777777777777778, 0.3937305287600938, 0.16163473818646232]"
Nico Paz,Como,2699,0.2827713968136347,0.1287143386439422,1.3004816598740274,13.204890700259355,2.3008521674694333,83.42,2.400889218228974,57.41,3.934790663208596,1.5672471285661358,08/09/2004 00:00,Argentina,Midfield,left,186.0,https://img.a.transfermarkt.technology/portrait/header/948294-1699472504.jpg?lm=1,65000000,"[0.2974929861172872, 0.24787060828584329, 0.4827135050018526, 0.41653489935966614, 0.3662727282170967, 0.7528373266078185, 0.34501667284179327, 0.6378888888888888, 0.44192671958121127, 0.3148425342719526]"
Oumar Solet,Udinese,1674,0.0451612903225806,0.0413978494623655,0.3763440860215054,5.32258064516129,1.3440860215053765,89.32,2.6881720430107525,48.78,4.946236559139785,0.913978494623656,07/02/2000 00:00,France,Defender,right,192.0,https://img.a.transfermarkt.technology/portrait/header/463665-1739281800.jpg?lm=1,17000000,"[0.047512468610214215, 0.0775157253510904, 0.1396916069295102, 0.15733806390425603, 0.21396509563527957, 0.8768390079865489, 0.386300278773397, 0.542, 0.5841164207002084, 0.18360812425328554]"
Alessandro Bastoni,Inter,2420,0.0312396694214876,0.1026446280991735,0.0743801652892562,13.12809917355372,0.2603305785123967,90.51,2.5289256198347108,65.71,3.5702479338842976,1.6363636363636362,13/04/1999 00:00,Italy,Defender,left,190.0,https://img.a.transfermarkt.technology/portrait/header/315853-1742497518.jpg?lm=1,80000000,"[0.0328660629973135, 0.19700847984225017, 0.02760847107438017, 0.41400973597827684, 0.04144203290337531, 0.9018495166036151, 0.3634159779614325, 0.730111111111111, 0.3906790730820338, 0.32872727272727265]"
Renato Veiga,Juventus,1094,0.0839122486288848,0.016453382084095,0.4113345521023766,4.524680073126143,0.0822669104204753,88.03,2.961608775137112,71.05,3.126142595978062,0.740402193784278,29/07/2003 00:00,Portugal,Defender,left,190.0,https://img.a.transfermarkt.technology/portrait/header/805714-1749414999.jpg?lm=1,25000000,"[0.08828087174911707, 0.02884895164173658, 0.15267938756855579, 0.13110041252617935, 0.013096072032667565, 0.8497267759562841, 0.42559414990859235, 0.7894444444444444, 0.32824646495512827, 0.14873857404021937]"
Matías Soulé,AS Roma,1799,0.1510839355197332,0.1720956086714841,0.7003891050583658,16.108949416342416,1.7509727626459146,87.35,1.7509727626459146,34.48,5.252918287937744,0.6003335186214565,15/04/2003 00:00,Argentina,Attack,left,182.0,https://img.a.transfermarkt.technology/portrait/header/668951-1725529266.jpg?lm=1,25000000,"[0.15894963790039837, 0.33250767107171286, 0.25997081712062264, 0.5120301062119504, 0.27873740863304125, 0.8354350567465321, 0.251621271076524, 0.38311111111111107, 0.6272299313010817, 0.12060033351862146]"
Theo Hernández,AC Milan,2696,0.0627596439169139,0.1358679525222552,0.5675074183976261,11.11646884272997,0.8011869436201781,87.54,1.7692878338278932,69.81,4.306379821958457,0.5675074183976261,06/10/1997 00:00,France,Defender,left,184.0,https://img.a.transfermarkt.technology/portrait/header/339808-1725532072.jpg?lm=1,60000000,"[0.06602702425664891, 0.26182734276088865, 0.21064771884273, 0.3478605725717444, 0.12754097451399096, 0.83942833123161, 0.2542532146389713, 0.7756666666666667, 0.4941649575672961, 0.11400593471810087]"
Lautaro Martínez,Inter,2577,0.470081490104773,0.1515715948777648,1.1874272409778812,6.845168800931315,0.5937136204889406,76.6,1.3969732246798603,47.37,2.549476135040745,1.431897555296857,22/08/1997 00:00,Argentina,Attack,right,174.0,https://img.a.transfermarkt.technology/portrait/header/406625-1695024988.jpg?lm=1,85000000,"[0.49455478094872785, 0.2924652231909978, 0.44074990298797057, 0.20740587764398966, 0.09451328974138588, 0.6094997898276586, 0.20075022636140213, 0.5263333333333333, 0.24717833065760642, 0.2876523088863019]"
Florian Thauvin,Udinese,1971,0.2899543378995434,0.2159817351598174,1.2328767123287672,9.315068493150685,1.7808219178082192,78.46,1.2328767123287672,33.33,3.1050228310502286,0.4566210045662101,26/01/1993 00:00,France,Attack,left,181.0,https://img.a.transfermarkt.technology/portrait/header/184892-1759159434.jpg?lm=1,5000000,"[0.3050498840809093, 0.418129711197866, 0.4576198630136987, 0.2886244772221037, 0.28348909657320875, 0.6485918453131567, 0.17716894977168948, 0.37033333333333335, 0.32527743509908497, 0.0917300862506342]"
Nicolò Barella,Inter,2526,0.0776722090261282,0.1834916864608076,0.3206650831353919,16.63895486935867,0.8194774346793349,85.13,2.209026128266033,51.92,5.878859857482185,0.8907363420427553,07/02/1997 00:00,Italy,Midfield,right,175.0,https://img.a.transfermarkt.technology/portrait/header/255942-1725531625.jpg?lm=1,60000000,"[0.08171596442174102, 0.3547414726813768, 0.11902464370546319, 0.5294584660754493, 0.13045263835549537, 0.7887767969735182, 0.31744523621008175, 0.5768888888888889, 0.7152251914029973, 0.17893903404592237]"
Rafael Leão,AC Milan,2330,0.2800429184549356,0.2394849785407725,1.1201716738197425,9.733905579399142,2.278969957081545,77.04,0.8497854077253219,52.0,2.5493562231759657,0.7339055793991416,10/06/1999 00:00,Portugal,Attack,right,188.0,https://img.a.transfermarkt.technology/portrait/header/357164-1730126553.jpg?lm=1,90000000,"[0.29462245825049327, 0.46398465007915135, 0.4157859442060087, 0.3023972477130019, 0.36278929846376, 0.6187473728457336, 0.12211731044349068, 0.5777777777777778, 0.24716147337212807, 0.14743347639484977]"
Giovanni Di Lorenzo,SSC Napoli,3330,0.0764864864864864,0.1045945945945946,0.1621621621621621,11.702702702702704,0.1081081081081081,85.22,2.621621621621621,50.54,2.5405405405405403,1.2432432432432432,04/08/1993 00:00,Italy,Defender,right,183.0,https://img.a.transfermarkt.technology/portrait/header/169880-1730126691.jpg?lm=1,10000000,"[0.08046851102652688, 0.20081287368776268, 0.06019144144144142, 0.3671379113568972, 0.017209733097583564, 0.7906683480453971, 0.37673673673673663, 0.5615555555555556, 0.24592215915459692, 0.24975375375375372]"
Alessandro Buongiorno,SSC Napoli,1926,0.0378504672897196,0.0275700934579439,0.1869158878504673,4.018691588785047,0.0467289719626168,91.04,3.457943925233645,68.18,3.9252336448598135,0.7943925233644861,06/06/1999 00:00,Italy,Defender,left,190.0,https://img.a.transfermarkt.technology/portrait/header/386446-1663596475.jpg?lm=1,45000000,"[0.039821030934662195, 0.050537708054895755, 0.06937954309449638, 0.11446181127840593, 0.007438786502460183, 0.9129886506935689, 0.49691934925579784, 0.7575555555555556, 0.44058318792215895, 0.1595846313603323]"
Éderson,Atalanta,2888,0.1268351800554016,0.1505193905817174,0.3739612188365651,16.360803324099724,0.7167590027700831,87.22,2.711218836565097,60.0,5.796398891966759,0.96606648199446,07/07/1999 00:00,Brazil,Midfield,right,183.0,https://img.a.transfermarkt.technology/portrait/header/607854-1646648856.jpg?lm=1,40000000,"[0.13343844845903385, 0.2904123676380925, 0.13880713296398894, 0.5203119088093441, 0.11410088797991043, 0.8327028163093737, 0.3896121883656509, 0.6666666666666667, 0.7036327769320012, 0.19407202216066483]"
Marten de Roon,Atalanta,3058,0.0256049705689993,0.0838783518639633,0.1177240026160889,15.62786134728581,0.1765860039241334,87.11,3.561151079136691,61.84,4.120340091563113,1.4126880313930674,29/03/1991 00:00,Netherlands,Midfield,right,185.0,https://img.a.transfermarkt.technology/portrait/header/133179-1779892536.jpg?lm=1,7000000,"[0.026938011552268725, 0.16039538624291425, 0.04369686069326356, 0.49621031427238127, 0.028110731465804416, 0.830390920554855, 0.5117505995203837, 0.6871111111111112, 0.46801137508939333, 0.28379332897318504]"
Nikola Krstović,Lecce,3068,0.2848435462842242,0.0492829204693611,1.2320730117340286,5.016297262059974,0.4986962190352021,66.67,0.7333767926988266,41.41,2.1121251629726205,1.6720990873533246,05/04/2000 00:00,Montenegro,Attack,right,185.0,https://img.a.transfermarkt.technology/portrait/header/434433-1730126208.jpg?lm=1,6000000,"[0.299673015429422, 0.09289953614008821, 0.45732154498044336, 0.14726643730018807, 0.07938746664392159, 0.4007986548970157, 0.10538896132116471, 0.4601111111111111, 0.1856952555345252, 0.3359061277705345]"
Juan Miranda,Bologna,2291,0.0282845918812745,0.2184199039720646,0.1964207769532955,13.94587516368398,0.2749890877346137,82.07,2.1606285464862505,52.86,3.810563072893933,1.0213880401571367,19/01/2000 00:00,Spain,Defender,left,185.0,https://img.a.transfermarkt.technology/portrait/header/341227-1752838396.jpg?lm=1,15000000,"[0.02975713878661789, 0.42288659007010054, 0.07290757311217809, 0.44090095787535055, 0.043775521443111406, 0.7244640605296342, 0.3104903244580241, 0.5873333333333334, 0.4244627266888254, 0.205185508511567]"
Lucas Da Cunha,Como,2625,0.0685714285714285,0.1594285714285714,0.48,13.44,0.4114285714285714,87.87,2.125714285714285,38.1,5.382857142857143,0.72,09/06/2001 00:00,France,Midfield,left,174.0,https://img.a.transfermarkt.technology/portrait/header/495667-1778088169.jpg?lm=1,15000000,"[0.07214138091020281, 0.3077942215632338, 0.1781666666666667, 0.42426608299148716, 0.06549532710280374, 0.8463640184951662, 0.30547301587301573, 0.42333333333333334, 0.6454968173688966, 0.14464]"
Nicolò Rovella,Lazio,2728,0.0511363636363636,0.069941348973607,0.2639296187683284,10.689149560117302,0.593841642228739,91.03,4.321847507331379,35.48,5.080645161290323,1.4186217008797657,04/12/2001 00:00,Italy,Midfield,right,179.0,https://img.a.transfermarkt.technology/portrait/header/525704-1730127184.jpg?lm=1,28000000,"[0.05379861502536432, 0.13320422775610566, 0.09796554252199413, 0.3338088789682121, 0.09453366952613261, 0.9127784783522488, 0.6210654936461388, 0.3942222222222222, 0.6030116666490906, 0.2849853372434018]"
Dan Ndoye,Bologna,2151,0.2259414225941423,0.1125523012552301,0.8368200836820084,10.125523012552302,1.5481171548117156,78.47,1.4644351464435148,41.67,3.7238493723849375,0.9623430962343096,25/10/2000 00:00,Switzerland,Attack,right,184.0,https://img.a.transfermarkt.technology/portrait/header/365108-1718218474.jpg?lm=1,40000000,"[0.23770434086520825, 0.21633839698019133, 0.31061134356113446, 0.31527494456493155, 0.24644481810242577, 0.6488020176544766, 0.21044475437780877, 0.463, 0.41227246005380697, 0.1933240353324035]"
Assane Diao,Como,1257,0.2649164677804296,0.0408114558472553,0.9307875894988068,7.159904534606206,1.360381861575179,82.93,2.0047732696897373,34.62,2.935560859188544,1.431980906921241,07/09/2005 00:00,Senegal,Attack,right,185.0,https://img.a.transfermarkt.technology/portrait/header/1061282-1699273116.jpg?lm=1,12000000,"[0.27870849725152963, 0.07637166863749474, 0.34549025457438354, 0.2177554459308278, 0.21655923092365, 0.7425388818831442, 0.28809334394059927, 0.38466666666666666, 0.3014543643575056, 0.2876690533015115]"
Adrián Bernabé,Parma,1461,0.0831622176591375,0.0930184804928131,0.3080082135523613,13.798767967145787,0.924024640657084,85.7,2.217659137577002,55.56,4.435318275154004,0.5544147843942505,26/05/2001 00:00,Spain,Midfield,left,170.0,https://img.a.transfermarkt.technology/portrait/header/466802-1714503707.jpg?lm=1,15000000,"[0.08749179281332349, 0.17822782038188123, 0.11432665982203968, 0.43606357904238335, 0.14709551133201557, 0.8007566204287517, 0.31868583162217656, 0.6173333333333334, 0.5122912065306594, 0.11137577002053387]"
Berat Djimsiti,Atalanta,2652,0.091289592760181,0.0247737556561086,0.1357466063348416,7.126696832579186,0.0339366515837104,88.09,3.156108597285068,60.67,3.4615384615384617,0.7805429864253394,19/02/1993 00:00,Albania,Defender,right,190.0,https://img.a.transfermarkt.technology/portrait/header/165513-1718627443.jpg?lm=1,10000000,"[0.09604229373155546, 0.045082039791744966, 0.05038650075414781, 0.2166634651259643, 0.0054023766228274185, 0.8509878100042034, 0.4535444947209653, 0.6741111111111111, 0.3753966269879425, 0.15680241327300148]"
Gabriel Strefezza,Como,2632,0.1244680851063829,0.1415653495440729,0.7522796352583587,11.45516717325228,1.231003039513678,82.06,2.393617021276596,28.57,3.6930091185410334,1.5729483282674772,18/04/1997 00:00,Brazil,Attack,right,168.0,https://img.a.transfermarkt.technology/portrait/header/457673-1757716704.png?lm=1,7000000,"[0.1309481182745038, 0.27294299126876925, 0.27923157294832834, 0.3589981115459482, 0.19596341220918675, 0.7242538881883145, 0.34397163120567376, 0.3174444444444445, 0.4079369177433985, 0.3159878419452887]"
Pedro,Lazio,1093,0.3112534309240622,0.1704483074107959,1.4821591948764867,13.83348581884721,1.3174748398902103,86.98,1.81152790484904,14.29,4.858188472095152,1.3998170173833486,10/03/1984 00:00,Spain,Midfield,right,180.0,https://img.a.transfermarkt.technology/portrait/header/default.jpg?lm=1,150000,"[0.32745784633187924, 0.3292937785291572, 0.5501486733760294, 0.43720521864193174, 0.2097288608049525, 0.8276586801176966, 0.26032326928941757, 0.15877777777777777, 0.5717385651655338, 0.2812076852698993]"
Francesco Acerbi,Inter,1714,0.0210035005834305,0.0719369894982497,0.0525087514585764,6.406067677946324,0.1575262543757292,92.72,2.5729288214702453,67.39,3.2555425904317388,0.5775962660443408,10/02/1988 00:00,Italy,Defender,left,192.0,https://img.a.transfermarkt.technology/portrait/header/131075-1663572709.jpg?lm=1,2500000,"[0.022096980733871868, 0.1370977318484242, 0.01949022753792298, 0.19296675754758913, 0.02507660934143228, 0.9482976040353088, 0.36973940101127967, 0.7487777777777778, 0.3464375976792655, 0.11603267211201866]"
Charles De Ketelaere,Atalanta,2079,0.3151515151515151,0.2095238095238095,0.9090909090909092,15.367965367965366,1.8614718614718613,79.25,0.6926406926406926,48.68,3.3766233766233764,0.9523809523809524,10/03/2001 00:00,Belgium,Midfield,left,192.0,https://img.a.transfermarkt.technology/portrait/header/435772-1659601388.jpg?lm=1,34000000,"[0.3315588718600233, 0.4055302677704545, 0.3374368686868688, 0.48766406134442464, 0.29632776361748325, 0.6651954602774275, 0.0995350328683662, 0.5408888888888889, 0.3634592108659914, 0.1913227513227513]"
Johan Vásquez,Genoa,3041,0.0722130878000657,0.012134166392634,0.2367642222952976,3.2259125287734296,0.1479776389345609,85.14,3.1371259454126927,55.62,3.610654390003288,0.917461361394278,22/10/1998 00:00,Mexico,Defender,left,185.0,https://img.a.transfermarkt.technology/portrait/header/532937-1742929864.jpg?lm=1,10000000,"[0.07597263149126093, 0.02042214142083232, 0.08788227556724763, 0.08839257242152754, 0.023556564951888046, 0.7889869693148381, 0.45081661734078693, 0.618, 0.3963594381336391, 0.18430779348898382]"
Sebastiano Esposito,Empoli,2341,0.1587782998718496,0.0826569841947885,0.8073472874839811,7.343015805211448,1.1149081589064502,63.84,2.6527125160187954,32.53,4.075181546347714,1.8069201196070053,02/07/2002 00:00,Italy,Attack,right,183.0,https://img.a.transfermarkt.technology/portrait/header/538918-1730127469.jpg?lm=1,9000000,"[0.1670445847485555, 0.1580124921497964, 0.299671614694575, 0.22377675967582583, 0.17748226454865923, 0.34131988230348886, 0.3812046134130713, 0.36144444444444446, 0.46166295835946564, 0.3629901751388295]"
Yerry Mina,Cagliari,2576,0.0817546583850931,0.0244565217391304,0.2795031055900621,3.2841614906832297,0.1048136645962732,86.05,3.5986024844720497,64.24,5.520186335403727,1.3975155279503104,23/09/1994 00:00,Colombia,Defender,right,195.0,https://img.a.transfermarkt.technology/portrait/header/289446-1730186402.jpg?lm=1,3000000,"[0.08601095346291165, 0.0444631149208953, 0.10374611801242237, 0.09030799397815838, 0.01668529053230393, 0.8081126523749473, 0.5171325051759834, 0.7137777777777777, 0.6648026417552171, 0.2807453416149068]"
Strahinja Pavlović,AC Milan,1869,0.0866773675762439,0.0187800963081862,0.3852327447833066,6.645264847512038,0.1926163723916533,89.02,3.274478330658106,66.18,3.226324237560193,0.9630818619582664,24/05/2001 00:00,Serbia,Defender,left,194.0,https://img.a.transfermarkt.technology/portrait/header/574671-1757664768.jpg?lm=1,28000000,"[0.09118994777975074, 0.03338838208589273, 0.1429909042268593, 0.20083236407257285, 0.030662606321537333, 0.8705338377469525, 0.47055466381309075, 0.7353333333333334, 0.34233006322912113, 0.19347244515783837]"
Angeliño,AS Roma,3179,0.0302925448254168,0.1121107266435986,0.1415539477823214,9.653979238754324,0.3114186851211072,82.03,2.094998427178358,53.45,2.859389745202894,0.9059452658068576,04/01/1997 00:00,Spain,Defender,left,171.0,https://img.a.transfermarkt.technology/portrait/header/277179-1706626191.jpg?lm=1,17000000,"[0.031869629385267745, 0.2154768828266045, 0.052542072978924166, 0.29976900111779614, 0.04957475018594573, 0.7236233711643547, 0.301059033238964, 0.5938888888888889, 0.29074618117628925, 0.1819943378420887]"
Mattéo Guendouzi,Lazio,3274,0.0368356750152718,0.0764202810018326,0.2474037874160048,16.713500305436774,0.4123396456933414,90.6,1.8967623701893708,45.0,4.755650580329871,0.7697006719609041,14/04/1999 00:00,France,Midfield,right,185.0,https://img.a.transfermarkt.technology/portrait/header/465830-1770049970.png?lm=1,25000000,"[0.03875340674276701, 0.14584465475398214, 0.09183147525962124, 0.5319097704512002, 0.06564036104339485, 0.9037410676754938, 0.27257177764202806, 0.5, 0.5573237237566868, 0.15462431276725716]"
Frank Anguissa,SSC Napoli,2857,0.140182009100455,0.0834791739586979,0.4095204760238012,10.679033951697583,0.7875393769688485,85.49,2.4256212810640534,56.2,4.725236261813091,1.2285614280714037,16/11/1995 00:00,Cameroon,Midfield,right,184.0,https://img.a.transfermarkt.technology/portrait/header/354361-1695026237.jpg?lm=1,25000000,"[0.1474801375144045, 0.15961658826375805, 0.15200603780189012, 0.33347624377969887, 0.12536841795360798, 0.796343001261034, 0.34857076187142694, 0.6244444444444445, 0.5530480597028448, 0.24680434021701084]"
Rolando Mandragora,Fiorentina,1913,0.0884474647151071,0.1284370099320439,0.705697856769472,7.668583376894929,0.3293256664924203,80.02,1.8818609513852589,46.67,2.86983795086252,0.9879769994772608,29/06/1997 00:00,Italy,Midfield,left,183.0,https://img.a.transfermarkt.technology/portrait/header/308279-1663591807.jpg?lm=1,8500000,"[0.09305219937058311, 0.24732953865864343, 0.2619413225300576, 0.23448251518625288, 0.052425363108294945, 0.6813787305590584, 0.2704303885694372, 0.5185555555555555, 0.292214996508823, 0.19847360167276526]"
Emerson Royal,AC Milan,1382,0.0247467438494934,0.0742402315484804,0.130246020260492,9.117221418234443,0.4558610709117221,89.96,3.8422575976845152,64.1,3.8422575976845152,2.2141823444283646,14/01/1999 00:00,Brazil,Defender,right,183.0,https://img.a.transfermarkt.technology/portrait/header/476344-1737380789.jpg?lm=1,18000000,"[0.02603510400069722, 0.14159136797048025, 0.04834479015918958, 0.28211860072600825, 0.07256853807971651, 0.8902900378310212, 0.55214664737096, 0.7122222222222222, 0.42891836294698876, 0.4448046309696092]"
Henrikh Mkhitaryan,Inter,2410,0.0556431535269709,0.1542323651452282,0.0746887966804979,17.066390041493776,0.2614107883817427,88.55,2.240663900414938,64.86,4.892116182572614,1.2323651452282158,21/01/1989 00:00,Armenia,Midfield,both,177.0,https://img.a.transfermarkt.technology/portrait/header/55735-1664973670.jpg?lm=1,3500000,"[0.05854003653216405, 0.2976563985540773, 0.02772302904564315, 0.5435139705158134, 0.04161399154612789, 0.860655737704918, 0.32199170124481324, 0.7206666666666667, 0.5765081440741523, 0.24756846473029046]"
Giacomo Raspadori,SSC Napoli,1119,0.3297587131367291,0.1761394101876675,1.126005361930295,7.399463806970509,0.7238605898123325,76.25,1.6890080428954424,31.25,3.4584450402144773,0.96514745308311,18/02/2000 00:00,Italy,Attack,right,172.0,https://img.a.transfermarkt.technology/portrait/header/405885-1708552564.jpg?lm=1,22000000,"[0.34692654693747016, 0.34039714693540973, 0.4179512957998214, 0.22563295961232374, 0.11523138984239935, 0.6021437578814628, 0.2427167113494191, 0.3472222222222222, 0.3749617518697954, 0.19388739946380695]"
Matteo Politano,SSC Napoli,2828,0.0977015558698727,0.1667609618104667,0.4455445544554455,10.820367751060822,1.0183875530410185,80.18,1.3366336633663367,23.08,3.0233380480905234,0.4455445544554455,03/08/1993 00:00,Italy,Attack,left,171.0,https://img.a.transfermarkt.technology/portrait/header/165895-1692963030.jpg?lm=1,8000000,"[0.10278807521394934, 0.32209974984142803, 0.16537747524752477, 0.33812377391766235, 0.16211714629406868, 0.6847414880201768, 0.19207920792079208, 0.2564444444444444, 0.3137941368606582, 0.08950495049504949]"
Robin Gosens,Fiorentina,2527,0.0648199445983379,0.0609022556390977,0.2849228333992877,7.05184012663237,0.1424614166996438,78.99,2.635536208943411,62.61,2.4574594380688564,0.854768500197863,05/07/1994 00:00,Germany,Defender,left,183.0,https://img.a.transfermarkt.technology/portrait/header/273132-1686641124.jpg?lm=1,6000000,"[0.0681945879102679, 0.11556891395375528, 0.10575781559161063, 0.2142019251512101, 0.022678437362466664, 0.6597309794031105, 0.37873631447038647, 0.6956666666666667, 0.2342425654396908, 0.1717134942619707]"
Aarón Martín,Genoa,3088,0.0259391191709844,0.1774935233160622,0.116580310880829,6.033031088082902,0.349740932642487,81.09,2.623056994818653,37.04,4.255181347150259,1.1075129533678756,22/04/1997 00:00,Spain,Defender,left,178.0,https://img.a.transfermarkt.technology/portrait/header/251878-1730126148.jpg?lm=1,5000000,"[0.0272895565335915, 0.3430390280466439, 0.04327234455958549, 0.18070006124589513, 0.05567526996271367, 0.703867171080286, 0.3769430051813471, 0.41155555555555556, 0.48696744373090467, 0.22248704663212432]"
Khéphren Thuram,Juventus,2337,0.1340179717586649,0.0677792041078305,0.4236200256739409,11.399229781771504,1.5019255455712452,89.4,2.233632862644416,48.28,4.2362002567394095,1.386392811296534,26/03/2001 00:00,France,Midfield,right,192.0,https://img.a.transfermarkt.technology/portrait/header/463618-1683889273.jpg?lm=1,40000000,"[0.1409951892628804, 0.1289858729075572, 0.15723951647411213, 0.3571587021908099, 0.23909157438844436, 0.8785203867171081, 0.32098131507630867, 0.5364444444444445, 0.4842990700855238, 0.2785109114249037]"
Yacine Adli,Fiorentina,1276,0.0726489028213166,0.1586990595611285,0.3526645768025078,12.978056426332287,0.8463949843260189,85.66,2.68025078369906,23.81,5.431034482758621,0.6347962382445141,29/07/2000 00:00,Algeria,Midfield,right,186.0,https://img.a.transfermarkt.technology/portrait/header/395236-1725531271.jpg?lm=1,9000000,"[0.07643113582913832, 0.3063709404631508, 0.13090223354231975, 0.409075826376779, 0.13473764392230395, 0.799915931063472, 0.3851619644723093, 0.26455555555555554, 0.6522696181572105, 0.12752351097178682]"
Edoardo Bove,Fiorentina,884,0.0570135746606334,0.0845022624434389,0.2036199095022624,8.552036199095022,0.7126696832579185,83.28,3.0542986425339365,42.86,4.581447963800905,1.6289592760180995,16/05/2002 00:00,Italy,Midfield,right,181.0,https://img.a.transfermarkt.technology/portrait/header/562049-1725532201.jpg?lm=1,5000000,"[0.05998180426357357, 0.16161263873124204, 0.07557975113122171, 0.2635334119649595, 0.11344990907937581, 0.74989491382934, 0.4389140271493212, 0.4762222222222222, 0.53283421020184, 0.32723981900452487]"
Mats Hummels,AS Roma,918,0.046078431372549,0.0088235294117647,0.0980392156862745,2.450980392156863,0.3921568627450981,89.4,5.490196078431373,58.97,4.019607843137255,0.8823529411764707,16/12/1988 00:00,Germany,Defender,right,191.0,https://img.a.transfermarkt.technology/portrait/header/39728-1709560545.jpg?lm=1,2000000,"[0.04847735767862896, 0.01396307302949289, 0.03639025054466231, 0.0629102003631228, 0.06242746319711687, 0.8785203867171081, 0.788961510530138, 0.6552222222222223, 0.45385037215850416, 0.1772549019607843]"
Stefan de Vrij,Inter,1719,0.0575916230366492,0.0172774869109947,0.1570680628272251,4.240837696335079,0.1570680628272251,93.29,2.1465968586387434,63.11,3.4554973821989527,0.4712041884816753,05/02/1992 00:00,Netherlands,Defender,right,189.0,https://img.a.transfermarkt.technology/portrait/header/111196-1663572651.jpg?lm=1,3500000,"[0.060589946881387656, 0.0304567840526403, 0.05830061082024433, 0.12176672160078847, 0.025003669814552036, 0.9602774274905423, 0.3084739189451231, 0.7012222222222222, 0.374547368249362, 0.09465968586387431]"
Nicolás Valentini,Hellas Verona,1132,0.0262367491166077,0.0310070671378091,0.0,4.4522968197879855,0.1590106007067137,68.43,3.975265017667845,79.37,3.418727915194346,1.7491166077738516,06/04/2001 00:00,Argentina,Defender,left,187.0,https://img.a.transfermarkt.technology/portrait/header/860992-1711028718.jpg?lm=1,5000000,"[0.02760268163138828, 0.057243259942875255, 0.0, 0.12872020798283187, 0.02531290248010302, 0.437788986969315, 0.5712603062426383, 0.8818888888888889, 0.3693782934182496, 0.35137809187279145]"
Evan Ndicka,AS Roma,3420,0.0255263157894736,0.0110526315789473,0.131578947368421,4.7105263157894735,0.0,92.19,1.7105263157894737,55.36,3.526315789473684,0.9736842105263158,20/08/1999 00:00,Cote d'Ivoire,Defender,left,192.0,https://img.a.transfermarkt.technology/portrait/header/371149-1757605149.jpg?lm=1,30000000,"[0.026855261862953724, 0.01831206188943572, 0.04883954678362572, 0.13721166134066334, 0.0, 0.937158469945355, 0.24580896686159842, 0.6151111111111112, 0.38450306454970323, 0.19560233918128653]"
Randal Kolo Muani,Juventus,1164,0.3030927835051546,0.0587628865979381,1.0824742268041236,5.103092783505154,1.3917525773195876,72.82,1.1597938144329896,27.03,2.551546391752577,2.0876288659793816,05/12/1998 00:00,France,Attack,right,187.0,https://img.a.transfermarkt.technology/portrait/header/487969-1718697120.jpg?lm=1,25000000,"[0.3188723408788606, 0.11139499484664263, 0.40179338487972516, 0.15012056563731715, 0.22155313614028327, 0.5300546448087431, 0.16666666666666663, 0.30033333333333334, 0.24746936865012698, 0.41938144329896904]"
Mario Gila,Lazio,2742,0.0338074398249453,0.0341356673960612,0.1312910284463895,7.38512035010941,0.1312910284463895,91.98,2.7242888402625822,51.15,5.021881838074399,1.050328227571116,29/08/2000 00:00,Spain,Defender,right,185.0,https://img.a.transfermarkt.technology/portrait/header/618341-1730127774.jpg?lm=1,30000000,"[0.035567516162647896, 0.06334717382832529, 0.04873267687819112, 0.2251612985634814, 0.02090022290844394, 0.9327448507776377, 0.3914903963044007, 0.5683333333333334, 0.5947506816587478, 0.21099927060539753]"
Teun Koopmeiners,Juventus,1997,0.1703555332999499,0.1703555332999499,0.4957436154231346,10.095142714071104,0.4506760140210315,87.76,1.802704056084126,50.0,2.298447671507261,1.442163244867301,28/02/1998 00:00,Netherlands,Midfield,left,184.0,https://img.a.transfermarkt.technology/portrait/header/360518-1707302998.jpg?lm=1,28000000,"[0.1792245498451397, 0.32911277580056975, 0.1840103905858788, 0.31427593828739686, 0.07174312871175922, 0.8440521227406474, 0.2590552495409781, 0.5555555555555556, 0.21188859114136094, 0.28971457185778665]"
Denzel Dumfries,Inter,1951,0.2444900051255766,0.1277806253203485,0.876473603280369,7.61148129164531,0.5996924654023578,76.68,1.4300358790363916,72.15,2.9984623270117887,2.4910302409021017,18/04/1996 00:00,Netherlands,Defender,right,188.0,https://img.a.transfermarkt.technology/portrait/header/321528-1746042223.jpg?lm=1,25000000,"[0.25721859608231606, 0.24604892918002574, 0.325329958995387, 0.2326048067871734, 0.09546506224940961, 0.6111811685582178, 0.20550145224671107, 0.8016666666666667, 0.3102970923231959, 0.5004202972834444]"
Mathías Olivera,SSC Napoli,2371,0.0432728806410797,0.0315056938000843,0.0759173344580345,8.502741459299873,0.1897933361450864,85.91,3.4542387178405733,52.56,3.530156052298608,1.062842682412484,31/10/1997 00:00,Uruguay,Defender,left,185.0,https://img.a.transfermarkt.technology/portrait/header/376514-1681910576.jpg?lm=1,18000000,"[0.04552574491222734, 0.058216082916820025, 0.028179038380430173, 0.2619124353134211, 0.030213207093501296, 0.805170239596469, 0.4963868972304231, 0.5840000000000001, 0.38504293111645777, 0.21351328553353008]"
Moise Kean,Fiorentina,2710,0.5898154981549816,0.0358671586715867,1.6937269372693726,2.623616236162362,1.4612546125461254,71.79,0.4317343173431734,51.49,1.7269372693726937,1.3616236162361623,28/02/2000 00:00,Italy,Attack,right,183.0,https://img.a.transfermarkt.technology/portrait/header/364135-1725532147.jpg?lm=1,45000000,"[0.6205223575707857, 0.06672532148759845, 0.6286785055350554, 0.06858704688902903, 0.23261716729316828, 0.5084068936527955, 0.06204182041820418, 0.5721111111111111, 0.13154529883792326, 0.27353505535055345]"
Duván Zapata,Torino,589,0.5118845500848896,0.0702886247877759,1.528013582342954,5.806451612903226,0.1528013582342954,69.42,1.3752122241086588,40.82,2.292020373514432,1.528013582342954,01/04/1991 00:00,Colombia,Attack,right,188.0,https://img.a.transfermarkt.technology/portrait/header/73794-1730126644.jpg?lm=1,8000000,"[0.5385341836834436, 0.1338817645103124, 0.5671689303904924, 0.17324936690182585, 0.02432445297748441, 0.45859604875998317, 0.19762308998302208, 0.4535555555555556, 0.2109850375412332, 0.3069609507640067]"
Bryan Cristante,AS Roma,2047,0.0927699071812408,0.0571568148510014,0.3077674645823156,11.431362970200292,0.263800683927699,83.5,2.9457743038593063,52.07,4.7923790913532,1.626770884220811,03/03/1995 00:00,Italy,Midfield,right,186.0,https://img.a.transfermarkt.technology/portrait/header/199248-1724827920.jpg?lm=1,7000000,"[0.09759967599325502, 0.10826154128021197, 0.11423729848558868, 0.3582153493787047, 0.04199443909254025, 0.7545187053383775, 0.42331867773978177, 0.5785555555555556, 0.5624870409701546, 0.326800195407914]"
Matteo Gabbia,AC Milan,2161,0.0449791763072651,0.0104118463674224,0.1665895418787598,3.956501619620546,0.0416473854696899,91.49,1.4993058769088383,57.65,2.873669597408607,0.8329477093937991,21/10/1999 00:00,Italy,Defender,right,185.0,https://img.a.transfermarkt.technology/portrait/header/323167-1661351918.jpg?lm=1,8000000,"[0.047320873410556435, 0.01706188691425271, 0.06183479870430356, 0.11241679616331507, 0.006629848590346274, 0.9224464060529634, 0.21545580749652934, 0.6405555555555555, 0.29275365179367163, 0.16732993984266542]"
Benjamin Pavard,Inter,1584,0.03125,0.0539772727272727,0.0568181818181818,9.659090909090908,0.0,92.05,2.5568181818181817,54.79,2.613636363636364,1.0227272727272727,28/03/1996 00:00,France,Defender,right,186.0,https://img.a.transfermarkt.technology/portrait/header/353366-1713819215.jpg?lm=1,20000000,"[0.03287693140438933, 0.10205823957453364, 0.021089804292929292, 0.29993709001126423, 0.0, 0.9342160571668767, 0.3674242424242424, 0.6087777777777778, 0.2561980160055197, 0.20545454545454542]"
Pablo Marí,Fiorentina,2727,0.0099009900990099,0.0082508250825082,0.033003300330033,3.201320132013201,0.198019801980198,90.69,3.366336633663366,68.27,3.2343234323432344,1.353135313531353,31/08/1993 00:00,Spain,Defender,left,193.0,https://img.a.transfermarkt.technology/portrait/header/210178-1739282325.jpg?lm=1,2500000,"[0.010416453514261965, 0.012845724177275152, 0.012250183351668501, 0.08758389179719807, 0.031522778446068905, 0.9056326187473729, 0.4837550421708837, 0.7585555555555555, 0.34345459507009135, 0.2718298496516318]"
Dodô,Fiorentina,3119,0.0375120230843218,0.1232125681308111,0.1731324142353318,6.550176338570054,1.5004809233728758,81.92,2.279576787431869,43.33,5.280538634177621,0.6925296569413273,16/10/1987 00:00,Brazil,Attack,right,174.0,https://img.a.transfermarkt.technology/portrait/header/default.jpg?lm=1,150000,"[0.03946496671305974, 0.23713662802068078, 0.06426338570054504, 0.1977055344460226, 0.23886160493568212, 0.7213114754098362, 0.3275836272309501, 0.48144444444444445, 0.6311128169724262, 0.13912151330554662]"
Ardian Ismajli,Empoli,2510,0.0111155378486055,0.0032270916334661,0.0,0.5378486055776892,0.0,86.84,3.0836653386454183,59.4,2.9760956175298805,0.7529880478087649,30/09/1996 00:00,Albania,Defender,right,187.0,https://img.a.transfermarkt.technology/portrait/header/435228-1663677962.jpg?lm=1,6000000,"[0.011694232811887886, 0.003044396482717062, 0.0, 0.0, 0.0, 0.8247162673392183, 0.4431341301460823, 0.66, 0.30715276621634074, 0.1512669322709163]"
Sam Beukema,Bologna,3016,0.0435676392572944,0.030736074270557,0.1492042440318302,7.102122015915119,0.029840848806366,86.69,2.506631299734748,56.32,4.028514588859416,0.8355437665782492,17/11/1998 00:00,Netherlands,Defender,right,188.0,https://img.a.transfermarkt.technology/portrait/header/433984-1696837343.jpg?lm=1,28000000,"[0.04583584919402393, 0.05671455157851485, 0.055381714190981424, 0.21585536259425744, 0.004750365651106862, 0.8215636822194199, 0.36021220159151196, 0.6257777777777778, 0.45510248808212556, 0.1678514588859416]"
Stanislav Lobotka,SSC Napoli,2647,0.0112202493388741,0.0632414053645636,0.0,9.690215338118623,0.2720060445787684,91.05,2.312051378919532,50.0,5.644125425009444,0.8160181337363053,25/11/1994 00:00,Slovakia,Midfield,right,168.0,https://img.a.transfermarkt.technology/portrait/header/192735-1661509021.jpg?lm=1,18000000,"[0.011804395771337874, 0.12013260611984711, 0.0, 0.300960565801096, 0.043300650710202705, 0.9131988230348884, 0.332250346303992, 0.5555555555555556, 0.6822260770362244, 0.16392897619947108]"
Nuno Tavares,Lazio,1698,0.057773851590106,0.2607773851590106,0.2650176678445229,9.911660777385158,2.597173144876325,84.13,2.597173144876325,50.0,5.512367491166078,0.9540636042402828,26/01/2000 00:00,Portugal,Defender,left,183.0,https://img.a.transfermarkt.technology/portrait/header/535955-1730127360.jpg?lm=1,15000000,"[0.0607816625822491, 0.5055262359909043, 0.09836940518256772, 0.3082424357964022, 0.4134440738416829, 0.7677595628415299, 0.3732234000785237, 0.5555555555555556, 0.6637034637075137, 0.19166077738515902]"
Andrea Cambiaso,Juventus,2222,0.0295679567956795,0.0834383438343834,0.243024302430243,12.596759675967595,1.0936093609360935,91.39,2.511251125112511,38.89,4.698469846984699,1.134113411341134,20/02/2000 00:00,Italy,Defender,both,182.0,https://img.a.transfermarkt.technology/portrait/header/459658-1662127057.jpg?lm=1,30000000,"[0.031107317994864075, 0.1595369284983116, 0.09020589558955897, 0.3965375082475602, 0.17409170823624417, 0.9203446826397645, 0.36087608760876083, 0.4321111111111111, 0.5492852202471838, 0.22783078307830779]"
Raoul Bellanova,Atalanta,2495,0.0393186372745491,0.1843286573146292,0.1803607214428857,9.12625250501002,0.7575150300601202,84.17,1.5150300601202404,52.08,4.364729458917836,0.5771543086172345,17/05/2000 00:00,Italy,Midfield,right,188.0,https://img.a.transfermarkt.technology/portrait/header/357992-1695028689.jpg?lm=1,15000000,"[0.041365636498861325, 0.3563744067715928, 0.06694639278557113, 0.28241557319938093, 0.12058884123386962, 0.7686002522068096, 0.21771543086172343, 0.5786666666666667, 0.5023677862831295, 0.11594388777555109]"
Carlos Augusto,Inter,1653,0.1557168784029038,0.0800362976406533,0.3811252268602541,8.929219600725952,0.3811252268602541,90.02,2.0689655172413794,62.37,3.8112522686025407,0.5444646098003629,07/01/1999 00:00,Brazil,Defender,left,184.0,https://img.a.transfermarkt.technology/portrait/header/585982-1735891597.jpg?lm=1,26000000,"[0.16382378015225288, 0.1528995203008025, 0.1414662734422263, 0.2759364693689007, 0.06067133673694388, 0.8915510718789406, 0.2973180076628352, 0.693, 0.4245596142556381, 0.10937689050211734]"
Juan Cuadrado,Atalanta,825,0.1003636363636363,0.2116363636363636,0.4363636363636364,18.763636363636365,1.8545454545454547,85.33,2.8363636363636364,70.59,3.381818181818182,0.981818181818182,26/05/1988 00:00,Colombia,Midfield,right,176.0,https://img.a.transfermarkt.technology/portrait/header/91970-1663576912.jpg?lm=1,1000000,"[0.10558874842311505, 0.40965187082516613, 0.161969696969697, 0.5993251315349316, 0.29522514868309263, 0.7929802437999158, 0.40759595959595957, 0.7843333333333334, 0.3641894998522755, 0.19723636363636365]"
Gianluca Mancini,AS Roma,3144,0.0475190839694656,0.0223282442748091,0.200381679389313,6.526717557251909,0.0286259541984732,87.21,2.204198473282443,62.89,2.833969465648855,1.4026717557251909,17/04/1996 00:00,Italy,Defender,right,190.0,https://img.a.transfermarkt.technology/portrait/header/256448-1663581060.jpg?lm=1,15000000,"[0.0499930132500332, 0.04031083553259819, 0.07437778307888043, 0.196934130905842, 0.004556966540629223, 0.8324926439680536, 0.31675148430873623, 0.6987777777777778, 0.28717258226537334, 0.2817811704834605]"
Federico Gatti,Juventus,2213,0.0996384997740623,0.0109805693628558,0.3660189787618617,3.2128332580207863,0.2846814279258924,95.18,1.870763669227293,57.81,4.47356529597831,0.8133755083596927,24/06/1998 00:00,Italy,Defender,right,190.0,https://img.a.transfermarkt.technology/portrait/header/509022-1725531068.jpg?lm=1,20000000,"[0.10482585991385947, 0.018171468165371095, 0.13585912788070492, 0.08796248205900024, 0.04531844538010312, 1.0000000000000002, 0.2688356680222925, 0.6423333333333334, 0.5176679968083967, 0.1633981021238138]"
Romelu Lukaku,SSC Napoli,2870,0.310766550522648,0.0818466898954703,0.7526132404181185,5.174216027874564,0.1881533101045296,71.2,0.156794425087108,42.86,1.0662020905923344,1.4738675958188152,13/05/1993 00:00,Belgium,Attack,left,191.0,https://img.a.transfermarkt.technology/portrait/header/96341-1661780981.jpg?lm=1,15000000,"[0.3269456180579773, 0.15643160414345436, 0.27935540069686415, 0.15245933685273638, 0.029952131297013903, 0.4960067255149223, 0.022531939605110334, 0.4762222222222222, 0.03865873123453063, 0.29608362369337976]"
Nicolò Cambiaghi,Bologna,614,0.1143322475570032,0.3180781758957655,0.5863192182410424,9.6742671009772,1.6123778501628665,84.97,2.638436482084691,27.27,4.250814332247558,1.3192182410423454,28/12/2000 00:00,Italy,Attack,right,176.0,https://img.a.transfermarkt.technology/portrait/header/459151-1695031545.jpg?lm=1,18000000,"[0.12028459072772013, 0.6173203494455742, 0.21763029315960916, 0.30043613418533177, 0.2566744801972663, 0.7854140395124001, 0.37915309446254075, 0.303, 0.4863535260252763, 0.26501628664495114]"
Charalampos Lykogiannis,Bologna,1050,0.0205714285714285,0.1782857142857143,0.1714285714285714,8.82857142857143,0.3428571428571428,79.61,2.9142857142857146,66.67,3.0,0.8571428571428572,22/10/1993 00:00,Greece,Defender,left,191.0,https://img.a.transfermarkt.technology/portrait/header/136514-1663656826.jpg?lm=1,1500000,"[0.021642414273060788, 0.34458459637127514, 0.06363095238095239, 0.2726268193380762, 0.054579439252336444, 0.6727616645649432, 0.41879365079365083, 0.7407777777777779, 0.31051325936039686, 0.17219047619047617]"
Cristiano Biraghi,Torino,1600,0.0348749999999999,0.15075,0.1687499999999999,8.49375,0.0562499999999999,83.35,1.7999999999999998,48.15,2.75625,0.73125,01/09/1992 00:00,Italy,Defender,left,185.0,https://img.a.transfermarkt.technology/portrait/header/124555-1724827712.jpg?lm=1,1400000,"[0.03669065544729839, 0.29086228770271494, 0.06263671874999997, 0.26161676592457916, 0.008954439252336433, 0.7513661202185791, 0.2586666666666666, 0.535, 0.27624673083209933, 0.14689999999999998]"
Sead Kolasinac,Atalanta,1910,0.037696335078534,0.0697382198952879,0.1413612565445026,11.214659685863875,0.1413612565445026,88.08,3.1099476439790577,56.45,6.361256544502618,1.7905759162303665,20/06/1993 00:00,Bosnia-Herzegovina,Defender,left,183.0,https://img.a.transfermarkt.technology/portrait/header/94005-1666815100.jpg?lm=1,10000000,"[0.03965887432236281, 0.13280792196458746, 0.0524705497382199, 0.35108941736890453, 0.022503302833096834, 0.8507776376628835, 0.4469109947643979, 0.6272222222222222, 0.7830408215065537, 0.35970680628272245]"
Christian Kabasele,Udinese,1163,0.1153052450558899,0.0410146173688736,0.3095442820292347,4.875322441960447,0.0773860705073086,85.43,2.398968185726569,62.5,2.5537403267411865,1.5477214101461736,24/02/1991 00:00,Belgium,Defender,right,187.0,https://img.a.transfermarkt.technology/portrait/header/81512-1692277533.jpg?lm=1,800000,"[0.12130824423260143, 0.07676803772604297, 0.11489681857265692, 0.14263071160641635, 0.012319090974839469, 0.7950819672131149, 0.34474061335626244, 0.6944444444444444, 0.2477777934126969, 0.31092003439380905]"
Nico González,Juventus,1776,0.2047297297297297,0.0597972972972972,1.064189189189189,8.614864864864865,0.8614864864864864,77.34,1.6722972972972971,55.05,3.496621621621621,1.5202702702702702,03/01/2002 00:00,Spain,Midfield,right,188.0,https://img.a.transfermarkt.technology/portrait/header/466805-1743669968.jpg?lm=1,45000000,"[0.2153883289844317, 0.11341313500834024, 0.3950063344594595, 0.26559942957015337, 0.13714006062136902, 0.62505254308533, 0.24031531531531528, 0.6116666666666667, 0.3803286397299011, 0.30540540540540534]"
Álvaro Morata,AC Milan,1105,0.3152036199095022,0.0203619909502262,0.8144796380090498,5.131221719457013,0.4886877828054298,78.43,1.7104072398190044,42.86,2.524886877828054,2.0361990950226243,23/10/1992 00:00,Spain,Attack,right,189.0,https://img.a.transfermarkt.technology/portrait/header/128223-1719989301.jpg?lm=1,16000000,"[0.33161368928575713, 0.036474666006441114, 0.3023190045248869, 0.15104553955137096, 0.07779422336871485, 0.6479613282891974, 0.24579185520361987, 0.4762222222222222, 0.2437215573908646, 0.40904977375565604]"
Morten Frendrup,Genoa,3107,0.0483746379143868,0.0225941422594142,0.2607016414547795,5.996137753459928,0.2896684905053105,85.87,4.316060508529128,44.29,5.329900225297714,1.477309301577084,07/04/2001 00:00,Denmark,Midfield,right,178.0,https://img.a.transfermarkt.technology/portrait/header/503871-1707815910.jpg?lm=1,15000000,"[0.05089310887755092, 0.040829603756842664, 0.09676738010943031, 0.17948688445928962, 0.046112336027480896, 0.8043295502311896, 0.6202338804849266, 0.4921111111111111, 0.638052100542965, 0.29677502413904083]"
Enrico Delprato,Parma,2946,0.0629327902240325,0.0274949083503055,0.1527494908350305,4.582484725050916,0.0610997963340122,85.92,1.5885947046843176,47.56,3.84928716904277,0.6109979633401221,10/11/1999 00:00,Italy,Defender,right,183.0,https://img.a.transfermarkt.technology/portrait/header/392956-1730185180.jpg?lm=1,6000000,"[0.06620918487303488, 0.0503910215546685, 0.05669764086897487, 0.13300122367783052, 0.009726478481831849, 0.805380411937789, 0.22828694274722786, 0.5284444444444445, 0.42990658451617586, 0.12274270196877118]"
João Félix,AC Milan,767,0.3027379400260756,0.1560625814863103,0.938722294654498,11.264667535853976,1.760104302477184,83.97,0.8213820078226858,50.0,3.520208604954368,1.4080834419817472,10/11/1999 00:00,Portugal,Attack,right,181.0,https://img.a.transfermarkt.technology/portrait/header/462250-1668165358.jpg?lm=1,25000000,"[0.3184990236077894, 0.3012271592826946, 0.3484354628422425, 0.35273384347936687, 0.2801910587432527, 0.764396805380412, 0.11803563667970447, 0.5555555555555556, 0.3836445127033085, 0.2828683181225554]"
Nikola Moro,Bologna,1229,0.0358828315703824,0.0746948738812042,0.1464605370219691,14.279902359641984,0.5126118795768918,82.55,3.5150528885272583,51.52,5.345809601301871,1.61106590724166,12/03/1998 00:00,Croatia,Midfield,right,184.0,https://img.a.transfermarkt.technology/portrait/header/316934-1692964241.jpg?lm=1,6500000,"[0.037750956548310975, 0.14247837730965887, 0.05436330349877951, 0.4518848942522712, 0.08160270107906284, 0.7345523329129886, 0.505126118795769, 0.5724444444444445, 0.6402886506423039, 0.32364524003254674]"
Pierre Kalulu,Juventus,2335,0.0262098501070663,0.029678800856531,0.1156316916488222,8.518201284796575,0.1541755888650963,93.83,2.235546038543897,36.49,3.661670235546039,1.0021413276231264,05/06/2000 00:00,France,Defender,right,182.0,https://img.a.transfermarkt.technology/portrait/header/585949-1684854558.jpg?lm=1,28000000,"[0.027574382210859043, 0.054651806152483356, 0.04292023554603853, 0.2624208063134741, 0.02454321679441253, 0.9716267339218159, 0.32125624553890075, 0.4054444444444445, 0.4035312778328633, 0.2013190578158458]"
Remo Freuler,Bologna,3214,0.0355631611698817,0.044803982576229,0.1120099564405725,12.62912258867455,0.1400124455507156,88.54,3.276291225886746,50.0,4.0883634100808965,1.316116988176727,15/04/1992 00:00,Switzerland,Midfield,right,180.0,https://img.a.transfermarkt.technology/portrait/header/148252-1688044464.jpg?lm=1,4000000,"[0.03741464352977417, 0.08416110714908913, 0.041575917859365284, 0.3976017095414863, 0.022288585568976844, 0.8604455653635983, 0.4708151835718731, 0.5555555555555556, 0.46351607306580084, 0.2643932794026136]"
Ondrej Duda,Hellas Verona,2403,0.0385767790262172,0.097003745318352,0.1872659176029962,7.865168539325843,0.9363295880149812,82.56,2.8838951310861423,51.61,7.04119850187266,1.9101123595505616,05/12/1994 00:00,Slovakia,Midfield,right,180.0,https://img.a.transfermarkt.technology/portrait/header/232418-1716967836.jpg?lm=1,3200000,"[0.0405851557711113, 0.18600309088556424, 0.06950946733250103, 0.24094689576040004, 0.14905433628525092, 0.7347625052543085, 0.41442641143015674, 0.5734444444444444, 0.8786274901416595, 0.3837203495630461]"
Saúl Coco,Torino,2847,0.0373024236037934,0.006322444678609,0.1896733403582718,2.8767123287671232,0.2212855637513171,88.54,2.655426765015806,51.64,2.750263435194942,1.6754478398314014,09/02/1999 00:00,Equatorial Guinea,Defender,right,187.0,https://img.a.transfermarkt.technology/portrait/header/588426-1725531089.jpg?lm=1,8000000,"[0.03924445510526045, 0.00908344489830898, 0.07040305584826131, 0.07690969669736207, 0.035226455787203445, 0.8604455653635983, 0.3815946610467158, 0.5737777777777778, 0.2754051357811085, 0.33657885493501927]"
Luca Ranieri,Fiorentina,3077,0.0310042248943776,0.0403639909002274,0.1462463438414039,3.68540786480338,0.2632434189145271,86.31,2.047448813779656,45.28,2.778680532986676,0.7312317192070198,23/04/1999 00:00,Italy,Defender,left,187.0,https://img.a.transfermarkt.technology/portrait/header/346561-1692962464.jpg?lm=1,7000000,"[0.032618360803158795, 0.07549866241171962, 0.05428379915502111, 0.10350232275778244, 0.04190572805773314, 0.8135771332492645, 0.29422597768389125, 0.5031111111111112, 0.27940002928745467, 0.14689632759181018]"
Weston McKennie,Juventus,2320,0.1078448275862068,0.135,0.3103448275862069,11.405172413793103,0.7758620689655172,85.06,1.8232758620689653,54.55,4.0344827586206895,1.2413793103448276,28/08/1998 00:00,United States,Midfield,right,185.0,https://img.a.transfermarkt.technology/portrait/header/332697-1754245044.jpg?lm=1,22000000,"[0.11345942396383729, 0.26013396328918054, 0.1151939655172414, 0.35735411589612065, 0.12350950692877861, 0.7873055905842792, 0.2620114942528735, 0.6061111111111112, 0.4559414971462749, 0.24937931034482758]"
Samuel Chukwueze,AC Milan,947,0.2537486800422386,0.2309398099260823,0.7602956705385427,11.49947201689546,2.470960929250264,83.66,1.8057022175290391,41.18,3.6114044350580783,0.2851108764519535,22/05/1999 00:00,Nigeria,Attack,left,172.0,https://img.a.transfermarkt.technology/portrait/header/401922-1767008430.jpg?lm=1,20000000,"[0.2669592943264965, 0.44731298573879874, 0.28220696937698, 0.3604550036483125, 0.39335234730432556, 0.7578814627994954, 0.25948609644491377, 0.45755555555555555, 0.3964648799398646, 0.057275607180570204]"
Mario Pašalić,Atalanta,1969,0.2673946165566277,0.1014728288471305,0.5485017775520569,16.18080243778568,0.228542407313357,88.21,1.7369222955815136,50.0,5.119349923819198,0.8684611477907568,09/02/1995 00:00,Croatia,Midfield,right,188.0,https://img.a.transfermarkt.technology/portrait/header/205938-1716240830.jpg?lm=1,7000000,"[0.2813156629259276, 0.19472229396515084, 0.20359319451498226, 0.5143928749492648, 0.03638167293991447, 0.8535098781000419, 0.24960216692060266, 0.5555555555555556, 0.6084528065439692, 0.17446419502285423]"
Jacopo Fazzini,Empoli,1393,0.1996410624551328,0.0478104809763101,0.5814788226848528,8.269921033740129,1.4860014357501794,77.63,2.455132806891601,43.18,4.522613065326633,1.4860014357501794,16/03/2003 00:00,Italy,Midfield,right,178.0,https://img.a.transfermarkt.technology/portrait/header/691482-1673249779.jpg?lm=1,6000000,"[0.21003473650677784, 0.0900267997323567, 0.2158336324479541, 0.25425651755420564, 0.2365566148499507, 0.6311475409836065, 0.352811677434793, 0.4797777777777778, 0.5245631631165963, 0.2985211773151471]"
Billy Gilmour,SSC Napoli,1178,0.0389643463497453,0.1451612903225806,0.0764006791171477,10.848896434634977,0.3820033955857385,89.3,2.5212224108658745,47.37,4.889643463497453,1.069609507640068,11/06/2001 00:00,Scotland,Midfield,right,170.0,https://img.a.transfermarkt.technology/portrait/header/423744-1701544195.jpg?lm=1,20000000,"[0.04099290054903821, 0.27995868871726715, 0.028358446519524617, 0.3390618928765008, 0.06081113244371102, 0.876418663303909, 0.36230899830220714, 0.5263333333333333, 0.5761605276691002, 0.21487266553480475]"
Lorenzo Lucca,Udinese,2361,0.2607369758576874,0.0301143583227446,0.9911054637865312,2.2871664548919948,0.4574332909783989,64.86,0.6480304955527318,43.7,1.6772554002541296,2.477763659466328,10/09/2000 00:00,Italy,Attack,right,201.0,https://img.a.transfermarkt.technology/portrait/header/572265-1725531439.jpg?lm=1,25000000,"[0.2743114134355554, 0.05550158082693088, 0.36787907666243125, 0.05752344776829396, 0.07281881984110962, 0.3627574611181168, 0.09312438232387406, 0.48555555555555563, 0.12456099038462921, 0.4977551884794579]"
Lewis Ferguson,Bologna,985,0.0164467005076142,0.0703553299492385,0.182741116751269,15.076142131979696,0.4568527918781725,88.89,2.649746192893401,51.61,2.5583756345177666,2.467005076142132,24/08/1999 00:00,Scotland,Midfield,right,181.0,https://img.a.transfermarkt.technology/portrait/header/428563-1753445535.jpg?lm=1,20000000,"[0.017302945421355753, 0.13401190659548573, 0.06782994923857869, 0.4780679329567926, 0.07272641017126048, 0.8678015973097941, 0.38077834179357023, 0.5734444444444444, 0.248429427899522, 0.4955939086294416]"
Malick Thiaw,AC Milan,1803,0.0289517470881863,0.010981697171381,0.0499168053244592,5.091514143094842,0.1497504159733776,93.57,1.94675540765391,64.47,3.24459234608985,1.1980033277870217,08/08/2001 00:00,Germany,Defender,right,194.0,https://img.a.transfermarkt.technology/portrait/header/521964-1682063635.jpg?lm=1,25000000,"[0.030459027297776945, 0.018173668525132282, 0.018528147531891283, 0.14973982104185582, 0.023838773383923973, 0.9661622530474987, 0.2797559622850804, 0.7163333333333334, 0.34489820543256533, 0.2406655574043261]"
Andrea Pinamonti,Genoa,2860,0.2227972027972028,0.0402797202797202,0.944055944055944,3.367132867132867,0.3461538461538461,64.29,0.3461538461538461,43.22,1.6678321678321677,0.6608391608391608,19/05/1999 00:00,Italy,Attack,right,185.0,https://img.a.transfermarkt.technology/portrait/header/315865-1692883161.jpg?lm=1,15000000,"[0.23439642731051058, 0.07533425003295931, 0.3504152097902098, 0.09303637158051063, 0.055104241552839675, 0.3507776376628837, 0.04974358974358973, 0.4802222222222222, 0.12323626643543566, 0.13275524475524475]"
Patrick Cutrone,Como,2053,0.2783731125182659,0.0903068679980516,1.1397954213346324,6.268874817340477,0.3945445689235266,74.89,0.9206039941548954,25.27,2.3672674135411595,1.00828056502679,03/01/1998 00:00,Italy,Attack,right,183.0,https://img.a.transfermarkt.technology/portrait/header/265078-1714818222.jpg?lm=1,5000000,"[0.2928657192028602, 0.17293745159313045, 0.42306989771066744, 0.1884553953875696, 0.06280756221804426, 0.5735603194619587, 0.13229420360448124, 0.2807777777777778, 0.22156331382326727, 0.2025523623964929]"
Yann Bisseck,Inter,1645,0.1362310030395137,0.0678419452887538,0.2735562310030395,8.917933130699089,0.1641337386018237,92.36,1.8601823708206688,73.85,3.6109422492401215,0.8753799392097265,29/11/2000 00:00,Germany,Defender,right,196.0,https://img.a.transfermarkt.technology/portrait/header/441986-1742497863.jpg?lm=1,35000000,"[0.14332343494659988, 0.12910828124796986, 0.1015387537993921, 0.2755653323172018, 0.026128454961224897, 0.9407313997477931, 0.2673150962512665, 0.8205555555555555, 0.39639990556646404, 0.17585410334346502]"
Francisco Conceição,Juventus,1342,0.1555886736214605,0.2970938897168405,0.8718330849478391,10.797317436661698,2.3472429210134127,85.2,1.9448584202682564,18.18,3.6885245901639343,1.609538002980626,14/12/2002 00:00,Portugal,Attack,left,170.0,https://img.a.transfermarkt.technology/portrait/header/487474-1749069081.jpg?lm=1,30000000,"[0.16368890079848566, 0.5763799079666883, 0.32360748882265283, 0.3373658021420355, 0.37365767371895764, 0.7902480033627575, 0.27948335817188275, 0.202, 0.40730647991952224, 0.3233383010432191]"
Emil Holm,Bologna,1137,0.0451187335092348,0.0720316622691293,0.237467018469657,9.973614775725594,0.79155672823219,79.22,3.482849604221636,59.62,3.720316622691293,1.266490765171504,13/05/2000 00:00,Sweden,Defender,right,191.0,https://img.a.transfermarkt.technology/portrait/header/496745-1688450376.jpg?lm=1,13000000,"[0.04746769621235312, 0.13728243887170777, 0.08814313984168867, 0.3102796913980471, 0.12600794022637044, 0.6645649432534677, 0.5004983875696277, 0.6624444444444444, 0.4117758238767379, 0.2544239226033421]"
Lazar Samardžić,Atalanta,1149,0.160574412532637,0.3164490861618799,1.0182767624020888,21.85378590078329,2.114882506527415,83.57,1.8015665796344649,14.81,3.91644908616188,1.4882506527415142,24/02/2002 00:00,Serbia,Midfield,left,184.0,https://img.a.transfermarkt.technology/portrait/header/528833-1757605226.jpg?lm=1,15000000,"[0.16893420627633987, 0.614141987677854, 0.3779645343777198, 0.7009396297611776, 0.33666821209828945, 0.7559899117276165, 0.25889178996228607, 0.16455555555555557, 0.4393482491273641, 0.2989730200174064]"
Zeki Çelik,AS Roma,2261,0.022689075630252,0.0398053958425475,0.1592215833701901,10.03095975232198,0.3184431667403803,84.49,3.065015479876161,53.57,2.985404688191066,1.2339672711189738,17/02/1997 00:00,Türkiye,Defender,right,180.0,https://img.a.transfermarkt.technology/portrait/header/251075-1725530746.jpg?lm=1,12000000,"[0.023870309859993492, 0.07440884081500947, 0.05909995577178238, 0.3121653868806087, 0.05069297763374902, 0.7753257671290457, 0.44045407636738904, 0.5952222222222222, 0.30846144123329844, 0.24789031402034492]"
Matteo Ruggeri,Atalanta,1760,0.0122727272727272,0.094090909090909,0.1022727272727272,15.392045454545451,0.3068181818181817,87.14,3.1193181818181817,57.5,6.340909090909091,0.6136363636363635,11/07/2002 00:00,Italy,Defender,left,187.0,https://img.a.transfermarkt.technology/portrait/header/616631-1742497680.jpg?lm=1,15000000,"[0.012911667606087371, 0.18032013364363636, 0.03796164772727271, 0.48845589548891044, 0.04884239592183516, 0.8310214375788145, 0.4482575757575757, 0.638888888888889, 0.7801803636643351, 0.12327272727272724]"
Joaquín Correa,Inter,735,0.2559183673469388,0.1065306122448979,0.7346938775510204,15.06122448979592,0.7346938775510204,87.93,1.3469387755102042,25.0,3.795918367346939,0.979591836734694,13/08/1994 00:00,Argentina,Attack,right,188.0,https://img.a.transfermarkt.technology/portrait/header/227081-1724826843.jpg?lm=1,3000000,"[0.2692419394684358, 0.20459005327054672, 0.27270408163265314, 0.47757739076554884, 0.11695594125500669, 0.8476250525430855, 0.19356009070294786, 0.2777777777777778, 0.42240396475891945, 0.1967891156462585]"
Fali Candé,Venezia,1530,0.0635294117647058,0.0117647058823529,0.1176470588235294,4.352941176470588,0.5294117647058824,82.43,2.3529411764705883,48.78,4.647058823529412,1.411764705882353,24/01/1998 00:00,Guinea-Bissau,Defender,left,184.0,https://img.a.transfermarkt.technology/portrait/header/520530-1697463489.png?lm=1,3000000,"[0.06683686760798199, 0.019701322219695328, 0.043668300653594776, 0.12545306064245929, 0.08427707531610776, 0.7320302648171502, 0.3381263616557734, 0.542, 0.5420578261881088, 0.2836078431372549]"
Nikola Vlašić,Torino,2128,0.0795112781954887,0.0841635338345864,0.5075187969924811,10.99624060150376,1.0150375939849623,82.29,1.9454887218045112,48.33,3.933270676691729,1.1842105263157894,04/10/1997 00:00,Croatia,Midfield,right,179.0,https://img.a.transfermarkt.technology/portrait/header/293200-1695028630.jpg?lm=1,10000000,"[0.08365077885146878, 0.1609517776149903, 0.1883811090225564, 0.34390706409004645, 0.161583866207575, 0.7290878520386719, 0.2795739348370927, 0.537, 0.441713038919292, 0.23789473684210521]"
Cesare Casadei,Torino,1023,0.102932551319648,0.0351906158357771,0.6158357771260997,6.334310850439882,0.6158357771260997,79.7,1.495601173020528,69.57,3.6070381231671553,1.407624633431085,10/01/2003 00:00,Italy,Midfield,right,192.0,https://img.a.transfermarkt.technology/portrait/header/622380-1692967622.jpg?lm=1,14000000,"[0.10829140572847526, 0.06540538321849305, 0.22858626588465303, 0.1906071519900838, 0.098034916545619, 0.6746532156368223, 0.21492342782665366, 0.7729999999999999, 0.3958510610640749, 0.28277614858260014]"
Alessio Romagnoli,Lazio,2674,0.0659685863874345,0.0090875093492894,0.269259536275243,4.510097232610321,0.0336574420344053,91.96,2.4906507105459985,64.44,3.231114435302917,0.976065818997756,12/01/1995 00:00,Italy,Defender,left,185.0,https://img.a.transfermarkt.technology/portrait/header/197747-1730125586.jpg?lm=1,7000000,"[0.06940303006413491, 0.014478099134821367, 0.09994390426327598, 0.13062087973855355, 0.005357929245975424, 0.9323245060949978, 0.35791573173772123, 0.716, 0.3430034722449457, 0.19608077786088252]"
Eljif Elmas,Torino,1025,0.1299512195121951,0.0974634146341463,0.8780487804878049,9.482926829268292,1.1414634146341462,83.72,1.4048780487804875,40.0,2.897560975609756,1.1414634146341462,24/09/1999 00:00,North Macedonia,Midfield,right,184.0,https://img.a.transfermarkt.technology/portrait/header/400489-1709127683.jpg?lm=1,20000000,"[0.13671671455421372, 0.18689990789246422, 0.32591463414634153, 0.2941442232384831, 0.18170959653521768, 0.7591424968474147, 0.20188617886178856, 0.4444444444444445, 0.29611231678940503, 0.22930731707317067]"
Antonino Gallo,Lecce,2615,0.008604206500956,0.0932695984703632,0.1032504780114722,5.954110898661567,0.4474187380497131,70.45,2.925430210325048,41.27,3.9923518164435934,0.4130019120458891,05/01/2000 00:00,Italy,Defender,left,183.0,https://img.a.transfermarkt.technology/portrait/header/392516-1663745734.jpg?lm=1,4000000,"[0.009052157021476197, 0.1787177527425308, 0.03832456978967493, 0.178104900283111, 0.07122460284841228, 0.48024379991593125, 0.4203951561504143, 0.4585555555555556, 0.450018702758437, 0.08296749521988526]"
Danilo Cataldi,Fiorentina,1768,0.0498868778280542,0.0391968325791855,0.254524886877828,7.635746606334841,0.1527149321266968,86.16,2.392533936651584,54.55,5.80316742081448,0.7635746606334841,06/08/1994 00:00,Italy,Midfield,right,180.0,https://img.a.transfermarkt.technology/portrait/header/199733-1661513736.jpg?lm=1,3500000,"[0.05248407873062685, 0.0732215310129303, 0.09447468891402715, 0.23340273185417684, 0.024310694802723385, 0.8104245481294661, 0.34381598793363505, 0.6061111111111112, 0.7045843009806373, 0.15339366515837102]"
Hernani,Parma,1329,0.0338600451467268,0.0873589164785553,0.4063205417607223,9.413092550790068,0.5417607223476297,78.5,4.469525959367946,48.65,4.604966139954853,2.234762979683973,27/03/1994 00:00,Brazil,Midfield,both,188.0,https://img.a.transfermarkt.technology/portrait/header/181768-1686211173.jpg?lm=1,1500000,"[0.035622860212430815, 0.16718598425049847, 0.15081828442437925, 0.2918478375518835, 0.08624290626780025, 0.6494325346784364, 0.6422874341610233, 0.5405555555555556, 0.536140410218713, 0.44893905191873584]"
Kristjan Asllani,Inter,1007,0.0822244289970208,0.1662363455809334,0.4468718967229395,12.065541211519363,0.0893743793445878,92.01,2.055610724925521,50.0,4.379344587884806,0.804369414101291,09/03/2002 00:00,Albania,Midfield,right,179.0,https://img.a.transfermarkt.technology/portrait/header/543771-1716969431.jpg?lm=1,13000000,"[0.08650518118080429, 0.3210762210989706, 0.16587015888778556, 0.3790692604930317, 0.014227510232113511, 0.9333753678015975, 0.29539887454485264, 0.5555555555555556, 0.5044223903187868, 0.16158887785501488]"
Artem Dovbyk,AS Roma,2430,0.3959259259259259,0.0574074074074074,1.0,5.444444444444445,0.2592592592592592,74.94,0.2222222222222222,41.75,0.9629629629629628,1.1111111111111112,21/06/1997 00:00,Ukraine,Attack,left,189.0,https://img.a.transfermarkt.technology/portrait/header/343537-1719215184.jpg?lm=1,20000000,"[0.4165385442523519, 0.10875044854172691, 0.3711805555555556, 0.16134535502956993, 0.04127148955809391, 0.5746111811685581, 0.03193415637860082, 0.4638888888888889, 0.024145309646229476, 0.22320987654320987]"
Alieu Fadera,Como,1667,0.0923215356928614,0.1036592681463707,0.4859028194361128,8.206358728254349,1.4037192561487704,77.14,4.103179364127175,42.31,5.128974205158968,2.159568086382724,03/11/2001 00:00,The Gambia,Attack,right,182.0,https://img.a.transfermarkt.technology/portrait/header/749552-1753767931.jpg?lm=1,2500000,"[0.09712796147590674, 0.19898804736817013, 0.18035767846430717, 0.2521663754104684, 0.2234581121158946, 0.6208490962589324, 0.5896420715856829, 0.47011111111111115, 0.6098057940766609, 0.43383323335332935]"
Máximo Perrone,Como,1859,0.04308768154922,0.0818181818181818,0.0968262506724045,10.457235072619689,0.1452393760086067,90.98,2.807961269499731,40.74,4.647660032275417,1.2587412587412588,07/01/2003 00:00,Argentina,Midfield,left,177.0,https://img.a.transfermarkt.technology/portrait/header/668547-1681246573.jpg?lm=1,25000000,"[0.04533090402137209, 0.1563759847499733, 0.035940021516944594, 0.32618275149600406, 0.023120660791401255, 0.9117276166456494, 0.403514434283665, 0.4526666666666667, 0.5421423444922994, 0.25286713286713286]"
David Neres,SSC Napoli,1294,0.1870942812982998,0.2218701700154559,0.4868624420401855,10.850077279752703,2.295208655332303,86.06,1.947449768160742,21.43,3.6166924265842346,0.973724884080371,03/03/1997 00:00,Brazil,Attack,left,176.0,https://img.a.transfermarkt.technology/portrait/header/469822-1701334470.jpg?lm=1,28000000,"[0.19683474727672717, 0.4296180754221215, 0.18071387171561054, 0.3391007230310542, 0.36537433734417657, 0.8083228247162673, 0.2798557444616177, 0.2381111111111111, 0.39720826911930435, 0.19561051004636784]"
Jhon Lucumí,Bologna,2613,0.0213547646383467,0.0244546498277841,0.0688863375430539,5.648679678530424,0.3444316877152698,91.51,2.721010332950631,50.0,6.061997703788748,0.7577497129735935,26/06/1998 00:00,Colombia,Defender,left,187.0,https://img.a.transfermarkt.technology/portrait/header/413565-1753445789.jpg?lm=1,17000000,"[0.02246653222949771, 0.04445946281301451, 0.025569269039418276, 0.16806129566036793, 0.05483009109735292, 0.9228667507356032, 0.39101926266105363, 0.5555555555555556, 0.7409708251879197, 0.15222349789513964]"
Federico Baschirotto,Lecce,3420,0.0323684210526315,0.0134210526315789,0.2105263157894736,1.973684210526316,0.1052631578947368,86.71,1.5789473684210529,64.81,2.4473684210526314,0.8157894736842105,20/09/1996 00:00,Italy,Defender,right,187.0,https://img.a.transfermarkt.technology/portrait/header/351955-1730126092.jpg?lm=1,4000000,"[0.03405357947570423, 0.022932862553125148, 0.07814327485380115, 0.04721509842107552, 0.016756845384489256, 0.8219840269020595, 0.22690058479532166, 0.7201111111111111, 0.23282396391162513, 0.1638830409356725]"
Kike Pérez,Venezia,1120,0.0674999999999999,0.1197321428571428,0.5625,12.294642857142858,1.0446428571428572,78.73,4.098214285714286,48.39,5.705357142857142,2.4910714285714284,14/02/1997 00:00,Spain,Midfield,left,184.0,https://img.a.transfermarkt.technology/portrait/header/527698-1739282423.jpg?lm=1,2200000,"[0.07101417183348084, 0.230346301867897, 0.20878906250000004, 0.38660289227459677, 0.16629672897196263, 0.6542664985287936, 0.5889285714285714, 0.5376666666666667, 0.6908340704986442, 0.5004285714285713]"
Jaka Bijol,Udinese,2964,0.0610323886639676,0.0224696356275303,0.1821862348178138,3.977732793522268,0.0607287449392712,83.83,2.459514170040486,67.07,3.066801619433199,1.487854251012146,05/02/1999 00:00,Slovenia,Defender,right,190.0,https://img.a.transfermarkt.technology/portrait/header/371851-1695029407.jpg?lm=1,18000000,"[0.06420984497764134, 0.040586690729784575, 0.06762398785425103, 0.11311494848793349, 0.009667410798743796, 0.7614543926019335, 0.35344129554655873, 0.7452222222222222, 0.31990427309596275, 0.29889338731444]"
Hans Nicolussi Caviglia,Venezia,2870,0.0762020905923345,0.0724390243902439,0.627177700348432,8.623693379790941,0.5331010452961672,82.55,2.35191637630662,53.85,4.609756097560975,1.56794425087108,18/06/2000 00:00,Italy,Midfield,right,184.0,https://img.a.transfermarkt.technology/portrait/header/430280-1743004805.jpg?lm=1,3000000,"[0.08016930896880778, 0.13807720429465348, 0.23279616724738678, 0.2658897408005686, 0.08486437200820607, 0.7345523329129886, 0.33797909407665505, 0.5983333333333334, 0.5368137854759828, 0.31498257839721244]"
Santiago Castro,Bologna,2305,0.2674620390455531,0.059349240780911,0.8199566160520607,5.310195227765727,0.7028199566160521,78.0,0.8199566160520607,35.19,2.6941431670282,1.913232104121475,18/09/2004 00:00,Argentina,Attack,right,179.0,https://img.a.transfermarkt.technology/portrait/header/849520-1724827267.jpg?lm=1,12000000,"[0.28138659555132, 0.11253897462795209, 0.3043519522776573, 0.15693078977112954, 0.11188193078841205, 0.6389239176124422, 0.11783080260303687, 0.391, 0.26751571313433364, 0.38434707158351405]"
Maxence Caqueret,Como,1097,0.0680948040109389,0.0886052871467639,0.2461257976298997,14.111212397447584,1.1485870556061988,85.58,3.527803099361896,23.08,5.660893345487694,1.3947128532360986,15/02/2000 00:00,France,Midfield,right,174.0,https://img.a.transfermarkt.technology/portrait/header/395237-1739281407.jpg?lm=1,20000000,"[0.07163994241481515, 0.1696176593128621, 0.09135711030082043, 0.4463378015766156, 0.182843609163479, 0.7982345523329129, 0.5069583713157094, 0.2564444444444444, 0.6845833218584938, 0.2801823154056518]"
Samuel Mbangula,Juventus,710,0.0785915492957746,0.1001408450704225,0.6338028169014084,10.140845070422534,1.1408450704225352,89.47,2.2816901408450705,22.22,4.183098591549296,0.7605633802816901,16/01/2004 00:00,Belgium,Attack,right,179.0,https://img.a.transfermarkt.technology/portrait/header/654991-1758702407.jpg?lm=1,0,"[0.08268316720517965, 0.19212358732361126, 0.23525528169014087, 0.31577878530259196, 0.18161116230090826, 0.8799915931063471, 0.32788732394366193, 0.24688888888888888, 0.47683400454649977, 0.1527887323943662]"
Joel Pohjanpalo,Venezia,1615,0.2496594427244582,0.0573993808049535,0.9473684210526316,4.569659442724459,0.1671826625386997,61.05,0.3900928792569659,43.81,1.1145510835913313,0.6687306501547988,13/09/1994 00:00,Finland,Attack,right,186.0,https://img.a.transfermarkt.technology/portrait/header/173491-1658913890.jpg?lm=1,3500000,"[0.26265716393312255, 0.10873478860241632, 0.35164473684210534, 0.1325794853080375, 0.026613813257718243, 0.2826817990752417, 0.05605779153766769, 0.4867777777777778, 0.045455663123411, 0.13434055727554178]"
Luca Pellegrini,Lazio,1074,0.0553072625698324,0.1365921787709497,0.3351955307262569,11.81564245810056,0.9217877094972068,81.18,3.519553072625698,56.25,3.435754189944134,1.5083798882681565,07/03/1999 00:00,Italy,Defender,left,178.0,https://img.a.transfermarkt.technology/portrait/header/346567-1663065246.jpg?lm=1,3500000,"[0.05818665848553374, 0.26324031159382083, 0.12441806331471135, 0.3708517499386845, 0.14673941419098838, 0.7057587221521648, 0.5057728119180632, 0.625, 0.3717718578467388, 0.3030167597765363]"
Manu Koné,AS Roma,2582,0.1164213787761425,0.0543764523625096,0.313710302091402,10.422153369481022,1.04570100697134,91.32,2.26568551510457,40.35,4.566227730441518,0.975987606506584,17/05/2001 00:00,France,Midfield,right,185.0,https://img.a.transfermarkt.technology/portrait/header/624690-1757931309.jpg?lm=1,50000000,"[0.12248248588888529, 0.10283704092887241, 0.11644316421378778, 0.3250291472388298, 0.16646517587612297, 0.9188734762505253, 0.3255873999483604, 0.44833333333333336, 0.5306945402095661, 0.19606506584043373]"
Daniele Ghilardi,Hellas Verona,2031,0.025258493353028,0.0181683899556868,0.1772525849335302,3.766617429837519,0.0886262924667651,80.68,3.2791728212703104,50.6,2.4372230428360413,1.4623338257016247,06/01/2003 00:00,Italy,Defender,right,189.0,https://img.a.transfermarkt.technology/portrait/header/701819-1725530673.jpg?lm=1,8000000,"[0.026573496107063214, 0.03219494010205645, 0.06579271294928604, 0.10617276608193778, 0.014108422258728028, 0.6952501050861708, 0.4712292795010668, 0.5622222222222223, 0.2313977202517722, 0.29376661742983745]"
Diego Coppola,Hellas Verona,2926,0.0230690362269309,0.0055365686944634,0.1230348598769651,1.107313738892686,0.0307587149692412,81.42,4.244702665755297,64.56,2.737525632262474,1.3533834586466165,28/12/2003 00:00,Italy,Defender,right,193.0,https://img.a.transfermarkt.technology/portrait/header/660860-1663671800.jpg?lm=1,10000000,"[0.024270051891141748, 0.0075501971402371325, 0.045668147641831844, 0.01872592671763456, 0.004896480794168927, 0.7108028583438419, 0.6099794941900205, 0.7173333333333334, 0.27361444742183366, 0.2718796992481203]"
Ange-Yoan Bonny,Parma,2545,0.2486051080550098,0.0763850687622789,0.7779960707269155,6.400785854616895,1.1669941060903732,76.84,1.3084479371316309,26.32,2.2632612966601178,0.7426326129666012,25/10/2003 00:00,Cote d'Ivoire,Attack,right,189.0,https://img.a.transfermarkt.technology/portrait/header/827734-1751380953.jpg?lm=1,0,"[0.2615479386977714, 0.14577595550824668, 0.28877701375245585, 0.1927930734520825, 0.1857738281034831, 0.6145439260193359, 0.1880288146692862, 0.29244444444444445, 0.20694206840287072, 0.14918664047151275]"
Devyne Rensch,AS Roma,470,0.0517021276595744,0.1474468085106383,0.3829787234042553,8.042553191489361,0.0,85.71,4.595744680851063,58.82,2.48936170212766,0.1914893617021276,18/01/2003 00:00,Netherlands,Defender,right,181.0,https://img.a.transfermarkt.technology/portrait/header/557407-1683881379.jpg?lm=1,8500000,"[0.054393833744793854, 0.2844177455004843, 0.14215425531914896, 0.24677989905229739, 0.0, 0.8009667927700712, 0.6604255319148935, 0.6535555555555556, 0.23872740581502733, 0.038468085106382964]"
Davide Zappacosta,Atalanta,2076,0.0988439306358381,0.130057803468208,0.5202312138728323,11.921965317919076,0.5202312138728323,85.89,1.6040462427745663,47.83,3.8583815028901736,0.823699421965318,11/06/1992 00:00,Italy,Midfield,right,182.0,https://img.a.transfermarkt.technology/portrait/header/173859-1661268432.jpg?lm=1,3500000,"[0.10398992407214933, 0.2504917145054123, 0.193099710982659, 0.3743480027641749, 0.08281562314299605, 0.8047498949138294, 0.23050738599871545, 0.5314444444444445, 0.4311850716965981, 0.16547206165703274]"
Adam Masina,Torino,1926,0.0336448598130841,0.0345794392523364,0.0934579439252336,4.906542056074767,0.2803738317757009,85.39,2.8037383177570097,73.91,4.112149532710281,1.074766355140187,02/01/1994 00:00,Morocco,Defender,left,191.0,https://img.a.transfermarkt.technology/portrait/header/286949-1658130450.jpg?lm=1,1400000,"[0.03539647194192196, 0.06421297481659327, 0.03468977154724817, 0.14365731740167267, 0.04463271901476112, 0.7942412778478352, 0.40290758047767394, 0.8212222222222222, 0.46685994116695934, 0.21590861889927307]"
Albert Gudmundsson,Fiorentina,1285,0.2066147859922178,0.0672373540856031,1.050583657587549,8.614785992217898,1.050583657587549,86.81,1.050583657587549,25.0,3.712062256809338,0.9105058365758756,15/06/1997 00:00,Iceland,Attack,right,177.0,https://img.a.transfermarkt.technology/portrait/header/305947-1705389252.jpg?lm=1,30000000,"[0.21737152467835924, 0.1279287209541296, 0.389956225680934, 0.26559683597254613, 0.16724244517982478, 0.8240857503152585, 0.15097276264591442, 0.2777777777777778, 0.41061541992196043, 0.18291050583657587]"
Ignace Van der Brempt,Como,1264,0.032753164556962,0.0277689873417721,0.2136075949367088,6.906645569620253,0.9256329113924052,82.87,4.0585443037974684,52.94,4.200949367088608,1.495253164556962,01/04/2002 00:00,Belgium,Defender,right,187.0,https://img.a.transfermarkt.technology/portrait/header/490423-1757664819.jpg?lm=1,3500000,"[0.0344583534213093, 0.050925750961952315, 0.07928698575949367, 0.20942744033142682, 0.14735153200047324, 0.7412778478352249, 0.5832278481012658, 0.5882222222222222, 0.4793434778153, 0.300379746835443]"
Ché Adams,Torino,2657,0.2757245013172751,0.096876176138502,0.8806925103500188,5.080918328942416,0.3726006774557772,75.23,0.4742190440346255,36.73,1.6936394429808057,0.9823108769288672,13/07/1996 00:00,Scotland,Attack,right,179.0,https://img.a.transfermarkt.technology/portrait/header/346779-1716381473.jpg?lm=1,18000000,"[0.2900792165221603, 0.18575420281295474, 0.3268959352653369, 0.14939139507558644, 0.059314313451682914, 0.5807061790668349, 0.06814703299460544, 0.4081111111111111, 0.12686426943079332, 0.1973353406097102]"
Youssouf Fofana,AC Milan,2509,0.0473495416500597,0.0943403746512554,0.1793543244320446,9.326424870466322,0.5021921084097251,86.33,2.6903148664806698,34.38,5.416500597847748,1.00438421681945,10/01/1999 00:00,France,Midfield,right,185.0,https://img.a.transfermarkt.technology/portrait/header/569598-1725528517.jpg?lm=1,30000000,"[0.049814644251465236, 0.18080684213051434, 0.06657283778397768, 0.28899791306031297, 0.0799439773823581, 0.8139974779319041, 0.38660821044240734, 0.38200000000000006, 0.6502264354621319, 0.20176962933439613]"
Dany Mota,Monza,2111,0.2174324964471814,0.0741828517290383,0.4689720511605874,6.224538133585978,0.5542396968261487,75.95,0.9379441023211748,46.27,2.600663192799621,1.27901468498342,02/05/1998 00:00,Portugal,Attack,right,180.0,https://img.a.transfermarkt.technology/portrait/header/347253-1652095197.jpg?lm=1,5000000,"[0.22875242466493154, 0.14147941967164807, 0.17407330648981528, 0.1869974562753774, 0.08822943460378879, 0.5958385876418664, 0.13478604137059844, 0.5141111111111112, 0.25437423947801313, 0.2569398389388915]"
Isak Hien,Atalanta,2325,0.0387096774193548,0.0081290322580645,0.0774193548387096,2.283870967741936,0.232258064516129,89.77,3.0580645161290323,54.4,5.458064516129032,1.3935483870967742,13/01/1999 00:00,Sweden,Defender,right,191.0,https://img.a.transfermarkt.technology/portrait/header/503075-1725531359.jpg?lm=1,25000000,"[0.040724973094469326, 0.012608105801354727, 0.02873655913978492, 0.05741508107951766, 0.0369731685257763, 0.8862967633459435, 0.43945519713261644, 0.6044444444444445, 0.6560695172735511, 0.27994838709677416]"
Juan Jesus,SSC Napoli,1075,0.0284651162790697,0.0117209302325581,0.0,3.767441860465116,0.0,89.74,2.8465116279069766,59.52,2.511627906976744,1.172093023255814,10/06/1991 00:00,Brazil,Defender,left,185.0,https://img.a.transfermarkt.technology/portrait/header/121985-1630496408.jpg?lm=1,1500000,"[0.0299470616103981, 0.019615915720120225, 0.0, 0.1061998761306712, 0.0, 0.885666246321984, 0.4090542635658914, 0.6613333333333334, 0.2418576029172963, 0.23546046511627905]"
Samuel Gigot,Lazio,688,0.1713662790697674,0.0065406976744186,0.3924418604651162,2.6162790697674416,0.130813953488372,91.96,2.2238372093023253,79.17,1.962209302325581,1.0465116279069766,12/10/1993 00:00,France,Defender,right,187.0,https://img.a.transfermarkt.technology/portrait/header/276896-1703066101.jpg?lm=1,9000000,"[0.18028791686406984, 0.009509257524306642, 0.14566678779069767, 0.06834577620854582, 0.02082427733101498, 0.9323245060949978, 0.31957364341085265, 0.8796666666666667, 0.16461998941880807, 0.21023255813953484]"
Boulaye Dia,Lazio,2194,0.2928896991795807,0.0607110300820419,0.8204193254329991,5.5788514129443945,0.6973564266180493,84.16,1.1485870556061988,26.92,2.256153144940748,0.943482224247949,16/11/1996 00:00,Senegal,Attack,right,180.0,https://img.a.transfermarkt.technology/portrait/header/626913-1730127040.jpg?lm=1,10000000,"[0.30813806556733764, 0.11519583198846198, 0.3045237010027348, 0.16576510769786412, 0.11101219127782655, 0.7683900798654897, 0.16505621391674263, 0.29911111111111116, 0.20594279995702353, 0.18953509571558796]"
Fikayo Tomori,AC Milan,1611,0.0044692737430167,0.0430167597765363,0.0,4.804469273743017,0.111731843575419,92.89,3.3519553072625703,47.46,3.3519553072625703,0.558659217877095,19/12/1997 00:00,England,Defender,right,185.0,https://img.a.transfermarkt.technology/portrait/header/303254-1684856117.jpg?lm=1,40000000,"[0.00470195220085115, 0.08067422702285278, 0.0, 0.1403008214022027, 0.01778659565951374, 0.9518705338377469, 0.4816883923029175, 0.5273333333333333, 0.35999135813782696, 0.11222842954686531]"
Tommaso Augello,Cagliari,2714,0.0086219602063375,0.1585114222549742,0.0,7.5276344878408255,0.7958732498157701,78.23,2.1554900515843776,68.92,4.476787030213707,0.4974207811348563,30/08/1994 00:00,Italy,Defender,left,180.0,https://img.a.transfermarkt.technology/portrait/header/284595-1663679538.jpg?lm=1,1200000,"[0.00907083501680424, 0.30600485919231957, 0.0, 0.22984764219237078, 0.12669508743173163, 0.6437578814627996, 0.3097519037091624, 0.7657777777777778, 0.5181209102364494, 0.09992630803242446]"
Guillermo Maripán,Torino,2341,0.0365228534814181,0.035753951302862,0.1922255446390431,3.806065783853054,0.0768902178556172,86.76,3.114053823152499,59.84,3.4600598035027765,1.1149081589064502,06/05/1994 00:00,Chile,Defender,right,193.0,https://img.a.transfermarkt.technology/portrait/header/249730-1730123458.jpg?lm=1,4000000,"[0.03842429915523664, 0.06650445337634922, 0.07135038445108928, 0.10746996048983071, 0.012240156175769592, 0.8230348886086591, 0.4475010679196924, 0.664888888888889, 0.3751887563099388, 0.22397266125587353]"
Samuele Birindelli,Monza,1474,0.1270013568521031,0.0677747625508819,0.6105834464043419,6.655359565807328,0.3052917232021709,80.0,1.9538670284938944,25.0,2.869742198100407,0.9769335142469472,19/07/1999 00:00,Italy,Defender,right,176.0,https://img.a.transfermarkt.technology/portrait/header/461019-1613547152.jpg?lm=1,2500000,"[0.13361327671971088, 0.1289772074089656, 0.22663670284938947, 0.2011643123236139, 0.048599398927199174, 0.6809583858764185, 0.2807779285391226, 0.2777777777777778, 0.2922015355252144, 0.1962550881953867]"
Tete Morente,Lecce,2029,0.1184327254805322,0.0545588960078856,0.5766387382947264,8.915722030556925,1.330704780680138,79.29,1.818629866929522,64.06,4.613109906357812,1.153277476589453,04/12/1996 00:00,Spain,Attack,right,184.0,https://img.a.transfermarkt.technology/portrait/header/339816-1730123532.jpg?lm=1,1800000,"[0.12459854693306656, 0.10319298934298679, 0.2140370872350912, 0.27549262391627394, 0.21183493549144877, 0.6660361496427072, 0.26134384754394613, 0.7117777777777778, 0.537285266029071, 0.23168063085263674]"
Gustav Isaksen,Lazio,2226,0.2074123989218328,0.1115902964959568,1.0107816711590296,8.288409703504042,1.778975741239892,84.99,1.0512129380053907,34.21,2.7493261455525606,0.9299191374663072,19/04/2001 00:00,Denmark,Attack,left,181.0,https://img.a.transfermarkt.technology/portrait/header/462823-1695026324.jpg?lm=1,17000000,"[0.21821066277673384, 0.21446152114969522, 0.37518250224618155, 0.2548644871292526, 0.28319520366778345, 0.7858343841950397, 0.15106319257262651, 0.3801111111111111, 0.27527337101282157, 0.18681042228212036]"
Hassane Kamara,Udinese,2006,0.0403788634097706,0.1018444666001994,0.1345962113659023,6.326021934197408,0.8075772681954138,81.82,2.73678963110668,65.63,4.127617148554338,1.1216350947158524,05/03/1994 00:00,Cote d'Ivoire,Defender,left,170.0,https://img.a.transfermarkt.technology/portrait/header/290017-1730126484.jpg?lm=1,3000000,"[0.0424810599203275, 0.19544736097725357, 0.049959496510468604, 0.19033458457718247, 0.12855825048219827, 0.7192097519966372, 0.3932868062479229, 0.7292222222222222, 0.4690343883447445, 0.22532402791625122]"
Medon Berisha,Lecce,723,0.0908713692946058,0.1045643153526971,0.7468879668049793,10.33195020746888,0.3734439834024896,82.14,2.863070539419087,46.67,4.481327800829876,1.991701244813278,21/10/2003 00:00,Albania,Midfield,right,186.0,https://img.a.transfermarkt.technology/portrait/header/583046-1662114572.jpg?lm=1,6000000,"[0.09560229679749395, 0.20075379874376129, 0.2772302904564316, 0.32206296423179415, 0.05944855935161127, 0.7259352669188734, 0.4114338404794836, 0.5185555555555555, 0.5187592546297186, 0.40011065006915625]"
Piotr Zielinski,Inter,984,0.0978658536585365,0.0960365853658536,0.5487804878048781,16.1890243902439,0.5487804878048781,92.5,1.829268292682927,76.92,5.304878048780488,0.823170731707317,20/05/1994 00:00,Poland,Midfield,both,180.0,https://img.a.transfermarkt.technology/portrait/header/181136-1692962961.jpg?lm=1,10000000,"[0.10296092664203871, 0.18411615724872937, 0.20369664634146348, 0.5146632403679732, 0.08736038294962391, 0.9436738125262716, 0.26287262872628725, 0.8546666666666667, 0.6345344672077131, 0.16536585365853657]"
Giorgio Altare,Venezia,751,0.0179760319573901,0.0191744340878828,0.1198402130492676,3.2356857523302263,0.5992010652463382,76.0,3.595206391478029,55.26,3.2356857523302263,1.1984021304926764,09/08/1998 00:00,Italy,Defender,right,190.0,https://img.a.transfermarkt.technology/portrait/header/354909-1630510736.jpg?lm=1,800000,"[0.018911896626759194, 0.03415773695719622, 0.044482356857523296, 0.08871394884549623, 0.09538683624326444, 0.5968894493484658, 0.5166444740346204, 0.614, 0.34364611087193314, 0.24074567243675096]"
Ruben Loftus-Cheek,AC Milan,1031,0.061105722599418,0.0759456838021338,0.1745877788554801,10.387972841901068,0.9602327837051406,90.59,1.9204655674102813,63.33,4.190106692531523,2.0077594568380213,23/01/1996 00:00,England,Midfield,right,191.0,https://img.a.transfermarkt.technology/portrait/header/202886-1692879593.jpg?lm=1,25000000,"[0.06428699681013468, 0.14491871337505519, 0.0648035887487876, 0.32390517666155083, 0.15285948675181524, 0.9035308953341741, 0.27597801487229223, 0.7036666666666667, 0.47781920779670145, 0.4033365664403491]"
Mattia Viti,Empoli,2576,0.0269021739130434,0.0076863354037267,0.0698757763975155,3.388975155279503,0.2096273291925465,80.26,3.947981366459627,54.78,3.388975155279503,1.0481366459627328,24/01/2002 00:00,Italy,Defender,left,190.0,https://img.a.transfermarkt.technology/portrait/header/493702-1692882028.jpg?lm=1,5000000,"[0.02830274964377856, 0.011744402146945642, 0.02593652950310558, 0.09375461939455743, 0.03337058106460787, 0.6864228667507357, 0.5673395445134575, 0.6086666666666667, 0.36519563168935704, 0.2105590062111801]"
Alessio Zerbin,Venezia,1522,0.1182654402102496,0.1371879106438896,0.354796320630749,7.036793692509855,1.2417871222076216,66.5,4.021024967148489,43.48,4.080157687253614,2.128777923784494,03/03/1999 00:00,Italy,Midfield,right,182.0,https://img.a.transfermarkt.technology/portrait/header/433584-1757604547.jpg?lm=1,2200000,"[0.12442255248967309, 0.2644025872925624, 0.13169349540078845, 0.21370714784834038, 0.19768013066918838, 0.39722572509457765, 0.5778361804643013, 0.4831111111111111, 0.4623625073822875, 0.4276478318002628]"
Michel Aebischer,Bologna,728,0.0506868131868131,0.0754120879120879,0.6181318681318682,11.126373626373626,0.3708791208791209,89.33,3.090659340659341,35.71,4.326923076923077,1.978021978021978,06/01/1997 00:00,Switzerland,Midfield,right,183.0,https://img.a.transfermarkt.technology/portrait/header/237658-1669289063.jpg?lm=1,4500000,"[0.053325660167998425, 0.14387766527251172, 0.22943853021978028, 0.3481862751333489, 0.059040258806613954, 0.8770491803278688, 0.4441391941391941, 0.3967777777777778, 0.4970529412895905, 0.3973626373626373]"
Tino Anjorin,Empoli,1117,0.0692927484333034,0.0926589077887197,0.5640107430617726,6.687555953446732,1.2891674127126231,83.18,3.384064458370636,37.5,5.237242614145031,1.9337511190689345,23/11/2001 00:00,England,Midfield,right,186.0,https://img.a.transfermarkt.technology/portrait/header/433181-1751866018.jpg?lm=1,1000000,"[0.0729002539860263, 0.17752629233733308, 0.20934982094897048, 0.20222303771387326, 0.20522260059070108, 0.7477931904161415, 0.4863025962399284, 0.4166666666666667, 0.6250262352058272, 0.38846911369740367]"
Samuele Ricci,Torino,2836,0.0399858956276445,0.0371297602256699,0.2221438645980253,7.521156558533145,0.1904090267983074,89.82,1.904090267983075,55.88,4.125528913963328,1.2059238363892806,21/08/2001 00:00,Italy,Midfield,right,181.0,https://img.a.transfermarkt.technology/portrait/header/467992-1730125512.jpg?lm=1,22000000,"[0.04206763352618047, 0.069188663084989, 0.08245548307475316, 0.22963462611394733, 0.03031121890776794, 0.8873476250525429, 0.2736248236953456, 0.6208888888888889, 0.4687408230106456, 0.2422566995768688]"
Kyle Walker,AC Milan,658,0.0054711246200607,0.0615501519756838,0.0,8.890577507598785,0.6838905775075989,90.59,3.556231003039514,60.0,5.060790273556231,0.9574468085106383,28/05/1990 00:00,England,Defender,right,183.0,https://img.a.transfermarkt.technology/portrait/header/95424-1668090663.jpg?lm=1,2500000,"[0.005755961242835241, 0.11683296276753041, 0.0, 0.27466578752767357, 0.10886856233843709, 0.9035308953341741, 0.5110435663627153, 0.6666666666666667, 0.6002204540256386, 0.19234042553191488]"
Stephan El Shaarawy,AS Roma,1110,0.1986486486486486,0.1589189189189189,0.9729729729729728,11.27027027027027,1.3783783783783785,82.39,2.108108108108108,20.83,3.891891891891892,0.5675675675675675,27/10/1992 00:00,Italy,Attack,right,178.0,https://img.a.transfermarkt.technology/portrait/header/94529-1730124909.jpg?lm=1,2500000,"[0.20899065584628024, 0.3067998871089625, 0.36114864864864865, 0.35291808020951954, 0.2194240969941905, 0.7311895754518705, 0.3029429429429429, 0.23144444444444442, 0.4358959832893026, 0.114018018018018]"
Patrick Dorgu,Lecce,1843,0.1587086272381986,0.0512750949538795,0.4883342376559956,7.276180141074335,0.6348345089527944,78.77,3.0765056972327725,57.41,4.834508952794357,1.1720021703743897,26/10/2004 00:00,Denmark,Attack,left,185.0,https://img.a.transfermarkt.technology/portrait/header/926952-1747857569.jpg?lm=1,30000000,"[0.16697128483184165, 0.09678627797174835, 0.18126017362995117, 0.2215789785026917, 0.10105932525697132, 0.6551071878940731, 0.44210526315789467, 0.6378888888888888, 0.5684096834274536, 0.23544221378187738]"
Frédéric Guilbert,Lecce,2451,0.0113831089351285,0.0771113831089351,0.0,5.98531211750306,0.6609547123623011,80.0,4.112607099143207,57.97,3.084455324357405,1.211750305997552,24/12/1994 00:00,France,Defender,right,178.0,https://img.a.transfermarkt.technology/portrait/header/354352-1753434772.jpg?lm=1,800000,"[0.011975734132125151, 0.14719299823016774, 0.0, 0.1791309011799973, 0.1052174012514442, 0.6809583858764185, 0.5909968720250238, 0.6441111111111111, 0.32238604205356464, 0.2434271725826193]"
Douglas Luiz,Juventus,522,0.1120689655172413,0.2172413793103448,0.3448275862068966,13.620689655172416,1.896551724137931,90.42,2.931034482758621,55.56,5.344827586206897,2.413793103448276,09/05/1998 00:00,Brazil,Midfield,right,177.0,https://img.a.transfermarkt.technology/portrait/header/447661-1696598670.jpg?lm=1,25000000,"[0.1179034781398789, 0.4205872828869464, 0.12799329501915713, 0.4302077658855682, 0.3019121280481255, 0.899957965531736, 0.4212005108556833, 0.6173333333333334, 0.6401505983417206, 0.4849042145593869]"
Milan Badelj,Genoa,1486,0.0563257065948855,0.0545087483176312,0.1816958277254374,8.35800807537012,0.5450874831763122,82.38,2.9676985195154777,62.5,4.481830417227456,1.0901749663526243,25/02/1989 00:00,Croatia,Midfield,right,186.0,https://img.a.transfermarkt.technology/portrait/header/40633-1692277462.jpg?lm=1,800000,"[0.05925812454476193, 0.10309515096236924, 0.06744195827725438, 0.25715311541390995, 0.08677249342775561, 0.7309794031105505, 0.42646926873037233, 0.6944444444444444, 0.5188299127594682, 0.21900403768506052]"
Lorenzo Pellegrini,AS Roma,1632,0.225,0.1483455882352941,0.7720588235294118,8.713235294117647,0.6066176470588236,83.93,1.6544117647058825,35.48,3.3639705882352944,1.4338235294117647,19/06/1996 00:00,Italy,Midfield,right,186.0,https://img.a.transfermarkt.technology/portrait/header/286297-1692962972.jpg?lm=1,9000000,"[0.2367139061116032, 0.28617126898972434, 0.28657322303921573, 0.2688341797622268, 0.09656748213304014, 0.7635561160151325, 0.23774509803921567, 0.3942222222222222, 0.3616804739049136, 0.2880392156862745]"
Nicolò Fagioli,Fiorentina,1541,0.0654120700843608,0.144841012329656,0.2920181700194678,12.206359506813756,0.7008436080467229,88.96,2.3361453601557427,33.33,4.613887086307592,1.1096690460739778,12/02/2001 00:00,Italy,Midfield,right,178.0,https://img.a.transfermarkt.technology/portrait/header/432090-1695025310.jpg?lm=1,20000000,"[0.0688175405178444, 0.2793338248398638, 0.10839146658014275, 0.3836998391253611, 0.11156731579809202, 0.8692728036990331, 0.335712740644603, 0.37033333333333335, 0.5373945224759255, 0.22292018170019462]"
Riccardo Sottil,AC Milan,952,0.0992647058823529,0.1351890756302521,0.5672268907563025,9.07563025210084,1.134453781512605,81.88,0.9453781512605042,35.71,4.632352941176471,0.7563025210084033,03/06/1999 00:00,Italy,Attack,right,180.0,https://img.a.transfermarkt.technology/portrait/header/386455-1663591627.jpg?lm=1,3500000,"[0.10443260563747195, 0.2605028507371221, 0.21054359243697482, 0.28075094345683527, 0.18059373282023092, 0.7204707860445565, 0.13585434173669467, 0.3967777777777778, 0.53999046398429, 0.15193277310924366]"
Michael Svoboda,Venezia,1314,0.0136986301369863,0.0828767123287671,0.273972602739726,4.794520547945206,0.136986301369863,85.12,3.2876712328767126,56.92,4.863013698630137,0.4794520547945206,15/10/1998 00:00,Austria,Defender,right,195.0,https://img.a.transfermarkt.technology/portrait/header/438961-1717659180.jpg?lm=1,900000,"[0.014411805547129569, 0.15844118277733135, 0.10169330289193304, 0.13997367387494472, 0.021806853582554516, 0.7885666246321985, 0.4724505327245053, 0.6324444444444445, 0.5724168985510377, 0.0963165905631659]"
Dušan Vlahović,Juventus,1797,0.4697829716193656,0.045575959933222,1.5025041736227047,5.158597662771286,0.4507512520868114,71.59,0.2504173622704507,47.56,1.8030050083472453,1.3522537562604342,28/01/2000 00:00,Serbia,Attack,left,190.0,https://img.a.transfermarkt.technology/portrait/header/357498-1683293071.jpg?lm=1,35000000,"[0.49424072105216205, 0.08566723861991983, 0.5577003338898165, 0.15194575253780085, 0.0717551058617946, 0.5042034468263978, 0.035985902429975875, 0.5284444444444445, 0.14223894949496763, 0.271652754590985]"
Sandi Lovrić,Udinese,2326,0.102536543422184,0.0936371453138435,0.4643164230438521,8.667239896818572,0.8125537403267412,85.18,2.631126397248495,5.56,4.565778159931212,2.0894239036973343,28/03/1998 00:00,Slovenia,Midfield,right,180.0,https://img.a.transfermarkt.technology/portrait/header/268429-1725531957.jpg?lm=1,6000000,"[0.10787478094509861, 0.17943483837069796, 0.17234522785898543, 0.26732169657619387, 0.12935045523581457, 0.7898276586801178, 0.3781026081971911, 0.06177777777777778, 0.5306313393040609, 0.4197420464316422]"
Pietro Comuzzo,Fiorentina,2202,0.0212534059945504,0.009400544959128,0.0817438692098092,3.7602179836512266,0.0,86.32,2.942779291553134,59.63,3.5149863760217985,1.021798365122616,20/02/2005 00:00,Italy,Defender,right,188.0,https://img.a.transfermarkt.technology/portrait/header/746712-1730183199.jpg?lm=1,23000000,"[0.02235989667175906, 0.01508883308860607, 0.030341734786557654, 0.10596233079221185, 0.0, 0.8137873055905842, 0.4228882833787466, 0.6625555555555556, 0.3829103684706964, 0.2052679382379655]"
Jens Odgaard,Bologna,1975,0.1649620253164557,0.0660759493670886,1.0025316455696205,6.69873417721519,0.6835443037974684,77.94,1.3215189873417723,42.06,3.189873417721519,1.913924050632912,31/03/1999 00:00,Denmark,Midfield,left,188.0,https://img.a.transfermarkt.technology/portrait/header/345590-1706697621.jpg?lm=1,15000000,"[0.17355024610106404, 0.12566281486105513, 0.3721202531645571, 0.2025906152649394, 0.10881343901573408, 0.6376628835645228, 0.1899071729957806, 0.4673333333333334, 0.33720578401729856, 0.3844860759493672]"
Keinan Davis,Udinese,1071,0.242016806722689,0.0588235294117647,0.9243697478991596,6.890756302521008,1.4285714285714286,76.75,0.8403361344537815,48.1,2.857142857142857,2.016806722689076,13/02/1998 00:00,England,Attack,left,189.0,https://img.a.transfermarkt.technology/portrait/header/412660-1707127382.jpg?lm=1,4000000,"[0.2546166385065983, 0.11151330926293554, 0.343108076563959, 0.20890494784876099, 0.22741433021806856, 0.6126523749474568, 0.12075941487706193, 0.5344444444444445, 0.29043031223758514, 0.4051540616246499]"
Mërgim Vojvoda,Como,1826,0.0330230010952902,0.0887185104052574,0.0492880613362541,9.315443592552027,0.443592552026287,85.62,1.823658269441402,46.67,3.992332968236583,1.0350492880613362,01/02/1995 00:00,Kosovo,Defender,right,187.0,https://img.a.transfermarkt.technology/portrait/header/336125-1661351703.jpg?lm=1,3000000,"[0.03474223813686175, 0.16983855842512532, 0.0182947699890471, 0.28863681175057687, 0.07061551217614725, 0.7990752416981926, 0.2620664476086163, 0.5185555555555555, 0.4500160530656237, 0.2079299014238773]"
Hamza Rafia,Lecce,1064,0.0422932330827067,0.1116541353383458,0.169172932330827,9.219924812030074,0.8458646616541353,83.09,4.060150375939849,31.58,5.244360902255639,2.199248120300752,02/04/1999 00:00,Tunisia,Midfield,right,181.0,https://img.a.transfermarkt.technology/portrait/header/418571-1725530321.jpg?lm=1,1700000,"[0.04449509513375993, 0.21458607103281355, 0.06279370300751878, 0.28549583334896766, 0.13465322183964584, 0.7459016393442623, 0.5834586466165412, 0.35088888888888886, 0.6260269286319392, 0.4418045112781954]"
Christian Kouamé,Empoli,1127,0.2611357586512866,0.1078083407275953,0.479148181011535,7.027506654835848,0.95829636202307,65.65,1.5971606033717836,62.6,3.034605146406389,1.5971606033717836,06/12/1997 00:00,Cote d'Ivoire,Attack,right,193.0,https://img.a.transfermarkt.technology/portrait/header/337725-1663591953.jpg?lm=1,2500000,"[0.27473095758116856, 0.20708290757713332, 0.1778504880212955, 0.21340175884955304, 0.15255122772392174, 0.3793610760823878, 0.2295178941141674, 0.6955555555555556, 0.3153780726385935, 0.32085181898846493]"
Antoine Hainaut,Parma,1207,0.0618889809444904,0.1021541010770505,0.2236951118475559,6.412593206296603,0.9693454846727424,76.67,3.0571665285832643,67.35,4.324772162386081,0.9693454846727424,18/02/2002 00:00,France,Defender,right,187.0,https://img.a.transfermarkt.technology/portrait/header/917375-1730185355.jpg?lm=1,1700000,"[0.06511103299838622, 0.19605145930451046, 0.08303127589063795, 0.19318133884244354, 0.1543101379027325, 0.6109709962168979, 0.4393261529964098, 0.7483333333333333, 0.4967505643692052, 0.19473073736536867]"
Leonardo Spinazzola,SSC Napoli,1536,0.043359375,0.2015625,0.234375,9.9609375,1.640625,83.55,1.5234375,50.0,3.6328125,0.3515625,25/03/1993 00:00,Italy,Defender,right,186.0,https://img.a.transfermarkt.technology/portrait/header/118689-1663580982.jpg?lm=1,3500000,"[0.0456167423235902, 0.38999771527495103, 0.08699544270833334, 0.30986281998252285, 0.26117114485981313, 0.7555695670449769, 0.2189236111111111, 0.5555555555555556, 0.39947443919347697, 0.070625]"
Lloyd Kelly,Juventus,1015,0.0345812807881773,0.022167487684729,0.0886699507389162,8.423645320197044,0.0,84.91,1.5073891625615763,57.14,4.876847290640394,1.2413793103448274,06/10/1998 00:00,England,Defender,left,189.0,https://img.a.transfermarkt.technology/portrait/header/480116-1739281396.jpg?lm=1,20000000,"[0.036381644683162614, 0.039997198665830264, 0.032912561576354665, 0.25931148853400143, 0.0, 0.7841530054644807, 0.2166174055829228, 0.634888888888889, 0.5743616336290615, 0.24937931034482752]"
Álex Jiménez,AC Milan,1270,0.0715748031496063,0.094251968503937,0.3543307086614173,8.433070866141733,1.84251968503937,82.94,2.763779527559055,40.91,4.889763779527559,0.8503937007874016,08/05/2005 00:00,Spain,Defender,right,177.0,https://img.a.transfermarkt.technology/portrait/header/741257-1751532035.jpg?lm=1,4000000,"[0.07530111658983284, 0.18063436131940636, 0.1315206692913386, 0.2596214321500513, 0.29331076606078443, 0.7427490542244639, 0.39716535433070865, 0.45455555555555555, 0.5761774417723947, 0.17083464566929132]"
Gianluca Busio,Venezia,2531,0.0874753062030817,0.0643619122876333,0.2489134729355985,7.076254444883445,0.5333860134334255,78.18,2.311339391544844,48.53,3.804820229158435,0.9245357566179376,28/05/2002 00:00,United States,Midfield,right,172.0,https://img.a.transfermarkt.technology/portrait/header/504209-1717660047.jpg?lm=1,5500000,"[0.09202942853173345, 0.12231872042078025, 0.09239184116949821, 0.2150047499558988, 0.08490973609485372, 0.6427070197562001, 0.332148031081259, 0.5392222222222223, 0.4236553940993035, 0.18572896088502566]"
Mateo Pellegrino,Parma,745,0.4602684563758389,0.0700671140939597,1.087248322147651,4.711409395973154,0.3624161073825503,55.0,0.4832214765100671,52.08,2.416107382550335,3.2617449664429525,22/10/2001 00:00,Argentina,Attack,left,192.0,https://img.a.transfermarkt.technology/portrait/header/856530-1751532694.jpg?lm=1,0,"[0.48423086297192386, 0.1334495961001123, 0.4035654362416108, 0.13724069998383562, 0.0576930314244496, 0.15552753257671292, 0.06944071588366889, 0.5786666666666667, 0.22842926742890451, 0.6552483221476508]"
Valentin Mihăilă,Parma,1300,0.1668461538461538,0.0768461538461538,0.7615384615384615,11.146153846153846,0.6923076923076923,80.26,2.5615384615384613,34.15,2.7,1.176923076923077,02/02/2000 00:00,Romania,Attack,right,180.0,https://img.a.transfermarkt.technology/portrait/header/535469-1759320869.jpg?lm=1,2400000,"[0.17553246576275802, 0.14667553468536096, 0.28266826923076926, 0.3488367152119308, 0.11020848310567938, 0.6864228667507357, 0.36810256410256403, 0.3794444444444444, 0.2683390704024922, 0.23643076923076922]"
Armando Izzo,Monza,2444,0.01620294599018,0.0106792144026186,0.0736497545008183,3.53518821603928,0.220949263502455,88.34,3.130114566284779,44.88,3.314238952536825,2.393617021276596,02/03/1992 00:00,Italy,Defender,right,183.0,https://img.a.transfermarkt.technology/portrait/header/32113-1770426329.jpg?lm=1,1300000,"[0.017046500603781538, 0.017583523214145923, 0.02733735679214402, 0.09856259603925595, 0.03517292014011044, 0.8562421185372004, 0.4498090561920349, 0.4986666666666667, 0.35468916923447047, 0.4808510638297872]"
Patrizio Masini,Genoa,1544,0.0238989637305699,0.0256476683937823,0.0582901554404145,5.30440414507772,0.5829015544041452,79.52,4.022020725388601,54.55,5.071243523316062,2.098445595854922,27/01/2001 00:00,Italy,Midfield,right,182.0,https://img.a.transfermarkt.technology/portrait/header/459665-1742901177.jpg?lm=1,0,"[0.025143186918589924, 0.04678704767189465, 0.021636172279792747, 0.15674035951704163, 0.0927921166045228, 0.6708701134930641, 0.577979274611399, 0.6061111111111112, 0.6016899784609563, 0.42155440414507767]"
Nicola Zalewski,Inter,982,0.0476578411405295,0.2208757637474541,0.2749490835030549,10.631364562118126,1.0081466395112015,83.45,1.924643584521385,45.0,4.032586558044806,0.824847250509165,23/01/2002 00:00,Poland,Midfield,right,175.0,https://img.a.transfermarkt.technology/portrait/header/550108-1725530902.jpg?lm=1,15000000,"[0.05013899436987111, 0.4276779840950097, 0.10205575356415478, 0.3319087141036624, 0.16048689495022556, 0.7534678436317781, 0.2765784114052953, 0.5, 0.45567492807497695, 0.16570264765784112]"
Emanuele Valeri,Parma,2878,0.0369006254343293,0.1078874218207088,0.1563585823488533,5.472550382209868,0.375260597637248,73.82,2.5017373175816537,48.78,3.877692842251564,0.8756080611535789,07/12/1998 00:00,Italy,Defender,left,180.0,https://img.a.transfermarkt.technology/portrait/header/445126-1663684061.jpg?lm=1,2300000,"[0.03882173859787228, 0.20723719516342973, 0.05803726546212646, 0.16226957268599068, 0.059737746228234814, 0.5510718789407312, 0.35950891823025244, 0.542, 0.43389987194745644, 0.17589993050729671]"
Gvidas Gineitis,Torino,1423,0.0917076598735066,0.1385101897399859,0.5059732958538299,7.3998594518622625,0.5059732958538299,80.76,2.719606465214336,43.75,3.605059732958538,1.454673225579761,15/04/2004 00:00,Lithuania,Midfield,left,191.0,https://img.a.transfermarkt.technology/portrait/header/798929-1730125690.jpg?lm=1,5500000,"[0.09648212617338703, 0.26698236005637715, 0.1878074490513001, 0.22564596974554482, 0.08054590472937916, 0.6969314838167298, 0.3908175216678379, 0.4861111111111111, 0.39557293772243923, 0.2922276879831342]"
Alessandro Circati,Parma,540,0.045,0.0033333333333333,0.0,1.1666666666666667,0.0,86.03,1.6666666666666667,80.95,1.8333333333333333,0.6666666666666666,10/10/2003 00:00,Australia,Defender,right,190.0,https://img.a.transfermarkt.technology/portrait/header/867137-1780322535.jpg?lm=1,0,"[0.047342781222320635, 0.00325167454111482, 0.0, 0.02067765038068424, 0.0, 0.8076923076923077, 0.23950617283950618, 0.8994444444444445, 0.146502524524101, 0.1339259259259259]"
Borna Sosa,Torino,1184,0.0235641891891891,0.0691722972972973,0.0760135135135135,8.20945945945946,0.2280405405405405,83.05,3.040540540540541,45.71,4.028716216216217,0.9121621621621622,21/01/1998 00:00,Croatia,Defender,left,187.0,https://img.a.transfermarkt.technology/portrait/header/293194-1716241200.jpg?lm=1,4000000,"[0.02479098341033673, 0.13170380430211093, 0.028214738175675675, 0.25226833786948677, 0.036301780752715326, 0.7450609499789826, 0.43693693693693697, 0.507888888888889, 0.4551308329829416, 0.18324324324324323]"
Mattia Bani,Genoa,1511,0.0732627399073461,0.0101257445400397,0.1786896095301125,1.5486432825943084,0.1191264063534083,87.94,2.442091330244871,47.92,3.5737921906022505,0.4169424222369292,10/12/1993 00:00,Italy,Defender,right,188.0,https://img.a.transfermarkt.technology/portrait/header/176139-1753439273.jpg?lm=1,2500000,"[0.07707693038180591, 0.01650370089729267, 0.06632610853739247, 0.03323832477364042, 0.018963736338502072, 0.8478352248844052, 0.35093756893889255, 0.5324444444444445, 0.39117732692382806, 0.08375909993381865]"
Juan Cabal,Juventus,461,0.0292841648590021,0.0566160520607375,0.0,7.418655097613883,0.7809110629067246,87.97,2.3427331887201737,66.67,3.904555314533623,1.366594360086768,08/01/2001 00:00,Colombia,Defender,left,186.0,https://img.a.transfermarkt.technology/portrait/header/686965-1692964112.jpg?lm=1,9000000,"[0.0308087513377357, 0.10720651052148199, 0.0, 0.22626403372236215, 0.12431325643156894, 0.8484657419083648, 0.33665943600867676, 0.7407777777777779, 0.43767621522045647, 0.2745336225596529]"
Gianluca Caprari,Monza,1663,0.1444978953698136,0.1114852675886951,0.5953096812988575,10.823812387251952,0.5411906193625977,86.65,1.4612146722790138,22.22,3.084786530366807,0.974143114852676,30/07/1993 00:00,Italy,Attack,right,171.0,https://img.a.transfermarkt.technology/portrait/header/146752-1663659110.jpg?lm=1,4000000,"[0.15202071661286365, 0.21425660925540085, 0.2209673782321107, 0.3382370451279796, 0.08615215155585279, 0.8207229928541404, 0.2099819603126879, 0.24688888888888888, 0.3224326032029797, 0.19569452796151535]"
Simon Sohm,Parma,2999,0.0945315105035011,0.0621207069023007,0.3901300433477825,8.072690896965655,0.4501500500166722,86.06,1.62054018006002,50.85,3.8112704234744914,0.5701900633544514,11/04/2001 00:00,Switzerland,Midfield,right,188.0,https://img.a.transfermarkt.technology/portrait/header/507486-1753435341.jpg?lm=1,2500000,"[0.09945299156406129, 0.11794611812504306, 0.1448086862287429, 0.24777092805683268, 0.0716594004855201, 0.8083228247162673, 0.23287762587529176, 0.5650000000000001, 0.424562166478972, 0.1145448482827609]"
Davide Frattesi,Inter,1194,0.3090452261306532,0.0618090452261306,0.6030150753768844,4.824120603015075,0.5276381909547738,84.39,1.658291457286432,43.48,3.618090452261306,0.829145728643216,22/09/1999 00:00,Italy,Midfield,right,178.0,https://img.a.transfermarkt.technology/portrait/header/394300-1730126974.jpg?lm=1,28000000,"[0.3251346784112472, 0.11733806472233699, 0.2238274706867672, 0.140947023127865, 0.08399474005541727, 0.7732240437158471, 0.23830262423227244, 0.4831111111111111, 0.3974048044495471, 0.16656616415410383]"
Manuel Lazzari,Lazio,1415,0.0076325088339222,0.1004946996466431,0.127208480565371,8.65017667844523,0.9540636042402828,87.11,2.2897526501766787,31.58,3.180212014134276,0.7632508833922261,29/11/1993 00:00,Italy,Defender,right,174.0,https://img.a.transfermarkt.technology/portrait/header/331401-1707947147.jpg?lm=1,2500000,"[0.008029871020040186, 0.19281395927366335, 0.047217314487632514, 0.26676060063171314, 0.15187741488061823, 0.830390920554855, 0.32904593639575974, 0.35088888888888886, 0.3358475778156753, 0.15332862190812718]"
Kingsley Ehizibue,Udinese,2510,0.0444621513944223,0.0652589641434263,0.1434262948207171,4.804780876494024,0.4302788844621514,78.77,2.796812749003984,46.77,3.944223107569721,1.1832669322709164,25/05/1995 00:00,Netherlands,Defender,right,189.0,https://img.a.transfermarkt.technology/portrait/header/272812-1753444231.jpg?lm=1,2000000,"[0.046776931247551855, 0.12406887282970534, 0.05323705179282868, 0.1403110679474941, 0.0684961090218565, 0.6551071878940731, 0.4019123505976095, 0.5196666666666667, 0.4432527385506147, 0.23770517928286852]"
Thórir Jóhann Helgason,Lecce,1157,0.0902333621434745,0.0731201382886776,0.3889369057908383,6.378565254969749,0.6222990492653414,73.21,1.2445980985306828,50.0,3.5782195332757127,0.7778738115816767,28/09/2000 00:00,Iceland,Midfield,right,187.0,https://img.a.transfermarkt.technology/portrait/header/488996-1725530709.jpg?lm=1,1000000,"[0.09493107384250983, 0.13940606072853526, 0.14436581676750215, 0.19206238548495075, 0.09906380503881293, 0.5382513661202184, 0.17885335638144625, 0.5555555555555556, 0.391799725545468, 0.1562662057044079]"
Sebastiano Luperto,Cagliari,3240,0.0597222222222222,0.0211111111111111,0.1666666666666666,3.055555555555556,0.0277777777777777,84.85,2.25,52.59,3.861111111111111,0.6388888888888888,06/09/1996 00:00,Italy,Defender,left,191.0,https://img.a.transfermarkt.technology/portrait/header/278531-1730125275.jpg?lm=1,4000000,"[0.06283146890616625, 0.03793620297967225, 0.06186342592592591, 0.08279066282304935, 0.004421945309795765, 0.7828919714165614, 0.3233333333333333, 0.5843333333333334, 0.43156880173956763, 0.12834567901234564]"
Davide Calabria,Bologna,976,0.0479508196721311,0.0627049180327868,0.0,10.881147540983608,0.2766393442622951,86.48,3.0430327868852456,57.14,4.241803278688525,0.9221311475409836,06/12/1996 00:00,Italy,Defender,right,176.0,https://img.a.transfermarkt.technology/portrait/header/262523-1756043138.png?lm=1,13000000,"[0.0504472258926367, 0.11908591680082557, 0.0, 0.34012241760174866, 0.04403822583116287, 0.8171500630517026, 0.43729508196721306, 0.634888888888889, 0.48508674644024813, 0.18524590163934423]"
Matteo Darmian,Inter,1793,0.0978806469604015,0.0667596207473508,0.2007808142777468,7.479085331846068,0.2007808142777468,85.36,1.9074177356385944,48.28,1.957612939208032,1.3050752928053542,02/12/1989 00:00,Italy,Defender,right,183.0,https://img.a.transfermarkt.technology/portrait/header/54906-1695027410.jpg?lm=1,1500000,"[0.10297649010989982, 0.12699666095406756, 0.07452593418851089, 0.22825118284099913, 0.03196230407972854, 0.7936107608238756, 0.274102993121398, 0.5364444444444445, 0.16397382979667918, 0.2621751254880089]"
Botond Balogh,Parma,2053,0.0188504627374573,0.0113979542133463,0.0,1.4905017048222116,0.0,89.55,2.674135411592791,55.38,2.805650267900633,0.7452508524111058,06/06/2002 00:00,Hungary,Defender,right,189.0,https://img.a.transfermarkt.technology/portrait/header/543727-1760087992.png?lm=1,750000,"[0.019831851851532186, 0.018985787980683268, 0.0, 0.03132643436821731, 0.0, 0.8816729718369061, 0.3842831628511122, 0.6153333333333334, 0.2831914516088074, 0.14971261568436434]"
Tomas Suslov,Hellas Verona,2097,0.0690987124463519,0.0746781115879828,0.3004291845493562,6.051502145922747,1.5450643776824031,77.68,3.0901287553648067,16.67,3.776824034334764,2.317596566523605,07/06/2002 00:00,Slovakia,Midfield,left,174.0,https://img.a.transfermarkt.technology/portrait/header/540333-1695032418.jpg?lm=1,7000000,"[0.07269611613537072, 0.14244567399638763, 0.11151347162613258, 0.181307451681711, 0.24595884641610843, 0.6321984026902061, 0.44406294706723887, 0.18522222222222226, 0.4197196713973173, 0.4655793991416308]"
Nicolò Savona,Juventus,1726,0.0234646581691772,0.0469293163383545,0.2085747392815759,7.665121668597915,0.3128621089223639,91.49,2.085747392815759,33.33,3.754345307068366,0.6778679026651216,19/03/2003 00:00,Italy,Defender,right,192.0,https://img.a.transfermarkt.technology/portrait/header/708072-1730125797.jpg?lm=1,15000000,"[0.02468627062577544, 0.08830764336049421, 0.07741888760139051, 0.23436868258774005, 0.04980452886583425, 0.9224464060529634, 0.2997296253379683, 0.37033333333333335, 0.4165595977597631, 0.13617612977983776]"
Anastasios Douvikas,Como,578,0.3970588235294117,0.1089965397923875,0.7785467128027681,5.4498269896193765,0.7785467128027681,77.67,0.6228373702422145,31.03,1.7128027681660898,2.024221453287197,02/08/1999 00:00,Greece,Attack,right,186.0,https://img.a.transfermarkt.technology/portrait/header/523318-1682331342.jpg?lm=1,6000000,"[0.4177304225498879, 0.20940108956639003, 0.28898140138408307, 0.1615223511977346, 0.12393687546486434, 0.6319882303488862, 0.08950403690888119, 0.3447777777777778, 0.12955826175554647, 0.40664359861591687]"
Stefan Posch,Atalanta,1110,0.0405405405405405,0.0478378378378378,0.1621621621621621,8.837837837837837,0.3243243243243243,80.86,4.297297297297297,54.29,5.27027027027027,2.189189189189189,14/05/1997 00:00,Austria,Defender,right,190.0,https://img.a.transfermarkt.technology/portrait/header/223974-1725531246.jpg?lm=1,14000000,"[0.04265115425434288, 0.09008017309844935, 0.06019144144144142, 0.27293153000551995, 0.05162919929275069, 0.6990332072299286, 0.6175375375375375, 0.6032222222222222, 0.6296692839067024, 0.4397837837837837]"
Jay Idzes,Venezia,3128,0.0549552429667519,0.0126598465473145,0.0863171355498721,3.337595907928389,0.028772378516624,87.11,2.2154731457800514,41.13,3.251278772378517,1.438618925831202,02/06/2000 00:00,Indonesia,Defender,right,190.0,https://img.a.transfermarkt.technology/portrait/header/546926-1725530125.jpg?lm=1,750000,"[0.05781631210654245, 0.021447745886278628, 0.03203924232736573, 0.09206509713161672, 0.004580275832397154, 0.830390920554855, 0.31837169650468883, 0.4570000000000001, 0.34583818745173645, 0.289002557544757]"
Álex Valle,Como,1034,0.0252417794970986,0.041779497098646,0.0870406189555125,9.922630560928432,0.7833655705996132,85.29,2.959381044487428,28.57,4.439071566731141,1.218568665377176,25/04/2004 00:00,Spain,Defender,left,178.0,https://img.a.transfermarkt.technology/portrait/header/709957-1757603064.jpg?lm=1,10000000,"[0.026555912097626616, 0.07826032169263236, 0.03230778529980655, 0.3086031591326034, 0.1247039895876643, 0.7921395544346366, 0.4252740167633785, 0.3174444444444445, 0.5128188466246204, 0.24479690522243708]"
Alberto Dossena,Como,1829,0.0388737014762165,0.0211591033351558,0.1968288682340076,1.8698742482230728,0.1968288682340076,87.94,2.706396938217605,72.09,3.34609075997813,1.082558775287042,13/10/1998 00:00,Italy,Defender,right,195.0,https://img.a.transfermarkt.technology/portrait/header/385394-1686510717.jpg?lm=1,5000000,"[0.0408975365397849, 0.038029836035530826, 0.0730590486604702, 0.04380147810803758, 0.03133319366591212, 0.8478352248844052, 0.38891926371423363, 0.801, 0.3591669163867385, 0.2174740295243302]"
Fabio Miretti,Genoa,1694,0.1684179456906729,0.113164108618654,0.3187721369539551,6.1629279811098,1.3282172373081464,80.12,1.859504132231405,34.29,4.515938606847698,1.2219598583234947,03/08/2003 00:00,Italy,Midfield,right,180.0,https://img.a.transfermarkt.technology/portrait/header/571607-1652773586.jpg?lm=1,14000000,"[0.17718608792769347, 0.2175320360368186, 0.11832201889020072, 0.18497150748090918, 0.21143894338456787, 0.6834804539722574, 0.26721763085399447, 0.381, 0.5236248635396553, 0.24547815820543092]"
Marko Arnautovic,Inter,562,0.5252669039145907,0.145729537366548,0.9608540925266904,9.768683274021353,0.3202846975088968,74.83,1.2811387900355873,60.0,1.601423487544484,0.6405693950177936,19/04/1989 00:00,Austria,Attack,both,192.0,https://img.a.transfermarkt.technology/portrait/header/41384-1716316175.jpg?lm=1,2500000,"[0.5526132470078708, 0.28106734138482664, 0.3566503558718862, 0.3035408551488299, 0.050986130974157724, 0.5722992854140394, 0.1841043890865955, 0.6666666666666667, 0.1139004923324428, 0.1286832740213523]"
Mikael Egill Ellertsson,Venezia,2480,0.0413709677419354,0.0649596774193548,0.1814516129032257,4.681451612903226,0.5806451612903225,73.0,2.721774193548387,47.06,2.685483870967742,0.7983870967741935,11/03/2002 00:00,Iceland,Midfield,left,182.0,https://img.a.transfermarkt.technology/portrait/header/566615-1730125923.jpg?lm=1,3500000,"[0.04352481499471404, 0.12348496301701119, 0.06735131048387094, 0.13625558743247604, 0.09243292131444075, 0.5338377469525011, 0.3911290322580645, 0.522888888888889, 0.266298383840013, 0.16038709677419352]"
Koni De Winter,Genoa,2133,0.0877637130801687,0.0071729957805907,0.2953586497890295,2.827004219409283,0.2531645569620253,86.85,2.4472573839662446,69.09,4.810126582278481,1.8143459915611813,12/06/2002 00:00,Belgium,Defender,right,191.0,https://img.a.transfermarkt.technology/portrait/header/490384-1730126791.jpg?lm=1,12000000,"[0.09233285039139882, 0.010742874116847578, 0.10963138771683076, 0.07527512706587561, 0.04030127370953113, 0.8249264396805378, 0.3516799499921862, 0.7676666666666667, 0.5649819944228596, 0.364481950304735]"
Martín Payero,Udinese,1383,0.0832971800433839,0.0728850325379609,0.3253796095444685,7.483731019522776,1.9522776572668112,82.44,2.407809110629067,50.0,4.880694143167028,2.27765726681128,11/09/1998 00:00,Argentina,Midfield,right,182.0,https://img.a.transfermarkt.technology/portrait/header/555820-1707213845.jpg?lm=1,6000000,"[0.08763378158289283, 0.13894736829809015, 0.12077458423716558, 0.22840394865912855, 0.3107831410789223, 0.7322404371584699, 0.34601108700891775, 0.5555555555555556, 0.5749024265802329, 0.4575560375994215]"
Eldor Shomurodov,AS Roma,1108,0.3874548736462093,0.1129061371841155,1.1371841155234657,8.203971119133573,0.6498194945848376,76.79,1.3808664259927796,38.81,2.9241877256317688,1.1371841155234657,29/06/1995 00:00,Uzbekistan,Attack,right,190.0,https://img.a.transfermarkt.technology/portrait/header/358166-1759747995.jpg?lm=1,5000000,"[0.4076264737012083, 0.21702873254920438, 0.4221006317689531, 0.2520878628013369, 0.10344478558655826, 0.6134930643127365, 0.1984356197352587, 0.4312222222222223, 0.2998555220786159, 0.22844765342960285]"
Gabriele Zappa,Cagliari,3062,0.0246897452645329,0.0981711299804049,0.1469627694317439,6.290006531678641,0.3821032005225342,78.71,1.8517308948399736,43.75,3.615284128020901,0.7348138471587197,22/12/1999 00:00,Italy,Defender,right,187.0,https://img.a.transfermarkt.technology/portrait/header/392569-1695033763.jpg?lm=1,4000000,"[0.025975137966524627, 0.1882806638767354, 0.054549722403657734, 0.189150277147601, 0.06082702039470872, 0.6538461538461537, 0.26610058785107765, 0.4861111111111111, 0.3970102896202405, 0.147615937295885]"
Matías Vecino,Lazio,875,0.2334857142857143,0.2869714285714286,0.5142857142857143,7.302857142857143,0.1028571428571428,81.73,1.851428571428572,52.54,2.982857142857143,2.0571428571428574,24/08/1991 00:00,Uruguay,Midfield,right,187.0,https://img.a.transfermarkt.technology/portrait/header/143812-1695026891.jpg?lm=1,1500000,"[0.2456414019992408, 0.5566309384467129, 0.1908928571428572, 0.22245620794345317, 0.016373831775700926, 0.7173182009247583, 0.26605714285714294, 0.5837777777777778, 0.30810330570565947, 0.4132571428571429]"
Andrea Carboni,Monza,2196,0.0122950819672131,0.0090163934426229,0.040983606557377,3.852459016393442,0.2049180327868852,86.89,3.565573770491804,48.78,2.540983606557377,1.1885245901639343,04/02/2001 00:00,Italy,Defender,left,187.0,https://img.a.transfermarkt.technology/portrait/header/481834-1730125183.jpg?lm=1,2500000,"[0.0129351861263171, 0.014339351664915914, 0.015212317850637506, 0.1089955258351368, 0.032620908023083595, 0.8257671290458175, 0.5123861566484518, 0.542, 0.2459844456543132, 0.23876138433515479]"
Sergi Roberto,Como,696,0.0866379310344827,0.0659482758620689,0.1293103448275862,12.801724137931034,0.3879310344827586,90.95,2.9741379310344827,43.75,6.206896551724138,0.9051724137931034,07/02/1992 00:00,Spain,Midfield,right,178.0,https://img.a.transfermarkt.technology/portrait/header/85370-1662585931.jpg?lm=1,1500000,"[0.09114845810044485, 0.12541372324954667, 0.04799748563218391, 0.4032774283408307, 0.06175475346438931, 0.9110970996216898, 0.4273946360153256, 0.4861111111111111, 0.761340796496619, 0.1818390804597701]"
Danilo,Juventus,582,0.0154639175257731,0.0943298969072164,0.0,13.917525773195877,0.0,91.11,2.938144329896907,69.57,3.711340206185567,1.7010309278350515,10/05/1984 00:00,Brazil,Defender,right,185.0,https://img.a.transfermarkt.technology/portrait/header/32816-1595921001.jpg?lm=1,300000,"[0.01626899698361524, 0.18078640000239038, 0.0, 0.4399687346755218, 0.0, 0.914459857082808, 0.42222222222222217, 0.7729999999999999, 0.4105139135904801, 0.3417182130584192]"
Daniel Mosquera,Hellas Verona,1371,0.4352297592997812,0.0584245076586433,1.050328227571116,5.645514223194748,1.050328227571116,69.18,0.8533916849015317,46.82,3.5448577680525166,2.8884026258205693,20/10/1999 00:00,Colombia,Attack,right,180.0,https://img.a.transfermarkt.technology/portrait/header/651569-1722324016.jpg?lm=1,0,"[0.4578886061327292, 0.11073481593735003, 0.38986141502552896, 0.16795720485449409, 0.16720178326755153, 0.45355191256830607, 0.12263554583029418, 0.5202222222222223, 0.3871097075771603, 0.5802479941648432]"
Nicolò Casale,Bologna,1046,0.0438814531548757,0.0438814531548757,0.1720841300191204,3.5277246653919696,0.2581261950286806,88.21,2.925430210325048,61.29,3.78585086042065,2.1510516252390057,14/02/1998 00:00,Italy,Defender,right,191.0,https://img.a.transfermarkt.technology/portrait/header/389837-1695026993.jpg?lm=1,5000000,"[0.046166000809528714, 0.08236124788938282, 0.06387428298279157, 0.09831716941996269, 0.041091117027930155, 0.8535098781000419, 0.4203951561504143, 0.681, 0.42098866829410503, 0.4321223709369024]"
Rafael Tolói,Atalanta,464,0.0135775862068965,0.0969827586206896,0.0,9.310344827586206,0.3879310344827586,88.24,3.4913793103448274,90.0,6.400862068965517,1.1637931034482758,10/10/1990 00:00,Italy,Defender,right,185.0,https://img.a.transfermarkt.technology/portrait/header/72441-1663583172.jpg?lm=1,2500000,"[0.014284459851562209, 0.1859621457392697, 0.0, 0.2884691472290555, 0.06175475346438931, 0.8541403951240016, 0.5017241379310344, 1.0, 0.7886085910814712, 0.23379310344827584]"
Alessandro Bianco,Monza,2622,0.0439359267734553,0.0459954233409611,0.205949656750572,8.20366132723112,0.5835240274599542,87.68,2.505720823798628,37.78,4.290617848970252,1.4759725400457666,01/10/2002 00:00,Italy,Midfield,right,173.0,https://img.a.transfermarkt.technology/portrait/header/602124-1762637367.png?lm=1,1200000,"[0.046223310423013204, 0.08648561371024452, 0.0764445080091533, 0.2520776758028296, 0.09289120810966874, 0.8423707440100885, 0.3600813628273584, 0.4197777777777778, 0.491949129476783, 0.29650648360030507]"
Răzvan Marin,Cagliari,1407,0.0543710021321961,0.2257995735607675,0.6396588486140725,8.891257995735607,0.8315565031982942,81.16,1.535181236673774,37.04,4.477611940298508,1.5991471215351811,23/05/1996 00:00,Romania,Midfield,right,178.0,https://img.a.transfermarkt.technology/portrait/header/295183-1754429183.png?lm=1,3000000,"[0.05720165463961976, 0.43728436030415496, 0.23742892679459848, 0.27468816426373144, 0.1323755056493235, 0.705338377469525, 0.22061122956645343, 0.41155555555555556, 0.5182368766157482, 0.32125088841506744]"
Tommaso Pobega,Bologna,1178,0.1619694397283531,0.0634125636672326,0.6112054329371817,8.022071307300509,0.2292020373514431,83.63,3.5908319185059425,48.39,3.4380305602716468,2.5212224108658745,15/07/1999 00:00,Italy,Midfield,left,188.0,https://img.a.transfermarkt.technology/portrait/header/392538-1661767249.jpg?lm=1,9000000,"[0.170401861105806, 0.12046653677702061, 0.226867572156197, 0.24610638589069814, 0.036486679466226614, 0.7572509457755359, 0.5160158460667799, 0.5376666666666667, 0.37209187142117445, 0.5064855687606111]"
Patrick Ciurria,Monza,1117,0.0684870188003581,0.1256938227394807,0.1611459265890779,6.284691136974037,0.4028648164726947,80.65,2.2560429722470903,25.0,2.5783348254252463,1.369740376007162,09/02/1995 00:00,Italy,Midfield,both,178.0,https://img.a.transfermarkt.technology/portrait/header/255838-1695030937.jpg?lm=1,1000000,"[0.07205257661409586, 0.24197756748530153, 0.059814234556848714, 0.18897548911249465, 0.06413206268459408, 0.694619588062211, 0.32420173082661885, 0.2777777777777778, 0.25123530352878515, 0.27516562220232765]"
Lucas Beltrán,Fiorentina,1958,0.1415730337078651,0.0868743615934627,0.4136874361593463,7.12461695607763,0.689479060265577,78.75,1.2870275791624106,36.36,2.7119509703779365,1.4708886618998978,29/03/2001 00:00,Argentina,Attack,right,176.0,https://img.a.transfermarkt.technology/portrait/header/628366-1692881138.jpg?lm=1,16000000,"[0.14894358137359293, 0.16624061538032145, 0.1535527323799796, 0.21659507179918916, 0.10975819308277567, 0.6546868432114334, 0.1849506298944501, 0.404, 0.2700191453456569, 0.295485188968335]"
Nicolas Viola,Cagliari,1280,0.166640625,0.18140625,0.6328125,7.6640625,0.7734375,68.94,1.1953125,46.67,3.65625,1.40625,12/10/1989 00:00,Italy,Midfield,left,180.0,https://img.a.transfermarkt.technology/portrait/header/85393-1692962279.jpg?lm=1,500000,"[0.17531623671390612, 0.3506727762933444, 0.23488769531250003, 0.2343338535659337, 0.12312353971962618, 0.44850777637662875, 0.17177083333333332, 0.5185555555555555, 0.4027692977058133, 0.2825]"
José Luis Palomino,Cagliari,1082,0.0399260628465804,0.0141404805914972,0.0831792975970425,3.909426987060998,0.0,87.68,4.075785582255083,57.14,4.1589648798521255,0.9149722735674676,05/01/1990 00:00,Argentina,Defender,left,188.0,https://img.a.transfermarkt.technology/portrait/header/125020-1771860248.jpg?lm=1,550000,"[0.042004685742539564, 0.02433646990198463, 0.030874537892791126, 0.11086882409619633, 0.0, 0.8423707440100885, 0.5857054836722119, 0.634888888888889, 0.4734412721552595, 0.18380776340110902]"
Keita Baldé,Monza,640,0.1603125,0.06046875,0.703125,10.546875,0.703125,90.28,0.421875,31.25,1.6875,0.984375,08/03/1995 00:00,Senegal,Attack,both,178.0,https://img.a.transfermarkt.technology/portrait/header/238752-1726065554.png?lm=1,900000,"[0.16865865810451727, 0.11472314240370508, 0.26098632812500006, 0.3291304134561426, 0.11193049065420561, 0.8970155527532577, 0.060625, 0.3472222222222222, 0.126001182669564, 0.19774999999999998]"
Andrea Colpani,Fiorentina,1490,0.1618791946308724,0.0815436241610738,0.7248322147651006,9.483221476510066,0.7248322147651006,86.12,1.4496644295302012,40.74,2.7785234899328857,1.3288590604026844,11/05/1999 00:00,Italy,Midfield,left,184.0,https://img.a.transfermarkt.technology/portrait/header/392959-1730183016.jpg?lm=1,6000000,"[0.17030691768566342, 0.1558403214637616, 0.26904362416107386, 0.29415391222966836, 0.1153860628488992, 0.8095838587641868, 0.20832214765100668, 0.4526666666666667, 0.2793779520760377, 0.2669530201342281]"
Lautaro Valenti,Parma,1557,0.0156069364161849,0.0092485549132947,0.1156069364161849,1.9653179190751444,0.0,84.67,1.7341040462427746,54.35,2.77456647398844,1.3872832369942196,14/01/1999 00:00,Argentina,Defender,left,188.0,https://img.a.transfermarkt.technology/portrait/header/625202-1725530168.jpg?lm=1,1500000,"[0.01641946169560246, 0.014792299791082666, 0.0429110468850353, 0.04693998665136802, 0.0, 0.7791088692728037, 0.24919717405266537, 0.6038888888888889, 0.2788216722822027, 0.2786897880539499]"
Lautaro Giannetti,Udinese,882,0.0081632653061224,0.0255102040816326,0.2040816326530612,1.6326530612244896,0.0,82.46,3.775510204081632,68.18,2.8571428571428568,0.7142857142857142,13/11/1993 00:00,Argentina,Defender,right,185.0,https://img.a.transfermarkt.technology/portrait/header/225963-1757670028.jpg?lm=1,1500000,"[0.008588259632166957, 0.04651885414941724, 0.07575113378684808, 0.03600084852823048, 0.0, 0.7326607818411095, 0.5425547996976567, 0.7575555555555556, 0.2904303122375851, 0.14349206349206345]"
Lorenzo Colombo,Empoli,2249,0.2132947976878612,0.0364161849710982,0.8003557136505114,4.562027567807915,0.9604268563806136,68.42,1.3205869275233435,30.34,2.9212983548243665,1.840818141396176,08/03/2002 00:00,Italy,Attack,left,183.0,https://img.a.transfermarkt.technology/portrait/header/487843-1730186148.jpg?lm=1,6000000,"[0.22439930983990122, 0.06779647439191284, 0.29707647843486, 0.13232852362128172, 0.15289038118706966, 0.4375788146279951, 0.189773232547799, 0.33711111111111114, 0.29944933251061306, 0.36979991107158733]"
Suat Serdar,Hellas Verona,1377,0.1333333333333333,0.0352941176470588,0.5228758169934641,6.405228758169934,1.2418300653594772,76.47,2.810457516339869,54.84,4.836601307189542,2.156862745098039,11/04/1997 00:00,Germany,Midfield,right,184.0,https://img.a.transfermarkt.technology/portrait/header/261905-1744314720.jpg?lm=1,4500000,"[0.14027490732539447, 0.06560731574131544, 0.19408133623819904, 0.19293917104696667, 0.19768696679087006, 0.6067675493905003, 0.4038731541999515, 0.6093333333333334, 0.5687038279262184, 0.4332897603485838]"
Casper Tengstedt,Hellas Verona,1531,0.2574787720444154,0.0646636185499673,0.6466361854996734,4.467668190725016,0.5290659699542782,69.4,0.6466361854996734,24.69,2.1750489875898102,0.3527106466361854,01/06/2000 00:00,Denmark,Attack,right,184.0,https://img.a.transfermarkt.technology/portrait/header/464598-1753199741.jpg?lm=1,5000000,"[0.27088358165090054, 0.12290735076405605, 0.24001877857609408, 0.12922567029979729, 0.08422202823882748, 0.45817570407734354, 0.09292401480513825, 0.2743333333333334, 0.1945411264323899, 0.0708556499020248]"
Alberto Grassi,Empoli,2228,0.0420107719928186,0.0282764811490125,0.1615798922800718,5.332136445242369,0.2019748653500897,75.9,2.9084380610412923,56.36,5.008976660682226,1.131059245960503,07/03/1995 00:00,Italy,Midfield,right,183.0,https://img.a.transfermarkt.technology/portrait/header/197473-1695031303.jpg?lm=1,1800000,"[0.0441979286097068, 0.05191587377761851, 0.059975314183123886, 0.15765229071390283, 0.03215238510713266, 0.594787725935267, 0.41795332136445235, 0.6262222222222222, 0.5929364636925052, 0.2272172351885099]"
Kacper Urbański,Monza,755,0.0560264900662251,0.0691390728476821,0.23841059602649,12.874172185430464,0.7152317880794702,87.57,1.6688741721854303,30.0,4.6490066225165565,1.5496688741721854,07/09/2004 00:00,Poland,Midfield,right,183.0,https://img.a.transfermarkt.technology/portrait/header/699442-1696837702.jpg?lm=1,3500000,"[0.058943330263551454, 0.13163898324393714, 0.0884933774834437, 0.40565976353387867, 0.11385777062573499, 0.8400588482555693, 0.23982339955849885, 0.33333333333333337, 0.5423316489965616, 0.31131125827814565]"
Michel Adopo,Cagliari,2417,0.0402151427389325,0.049151841125362,0.1489449731071576,7.782374844848987,0.7074886222589988,83.9,3.053371948696732,54.72,5.02689284236657,1.079851055026893,19/07/2000 00:00,France,Midfield,right,187.0,https://img.a.transfermarkt.technology/portrait/header/564305-1730186534.jpg?lm=1,6000000,"[0.042308815655859505, 0.09264379972063946, 0.05528547786512205, 0.23822436093824043, 0.11262513581755403, 0.762925598991173, 0.43878085781271553, 0.608, 0.5954551317983708, 0.21693007860984692]"
Ivan Ilić,Torino,921,0.0928338762214983,0.0899022801302931,0.3908794788273615,11.335504885993489,0.5863192182410424,86.71,0.977198697068404,22.22,2.736156351791532,1.0749185667752443,17/03/2001 00:00,Serbia,Midfield,left,186.0,https://img.a.transfermarkt.technology/portrait/header/470794-1716239802.jpg?lm=1,18000000,"[0.09766697537720863, 0.17214809875158993, 0.1450868621064061, 0.3550632135320373, 0.09333617461718775, 0.8219840269020595, 0.14042707202316324, 0.24688888888888888, 0.27342195311077405, 0.21593919652551571]"
Fabiano Parisi,Fiorentina,1112,0.0372302158273381,0.0760791366906474,0.4046762589928057,6.879496402877698,0.8093525179856115,80.1,3.5611510791366907,41.94,5.179856115107913,1.3758992805755397,09/11/2000 00:00,Italy,Defender,left,178.0,https://img.a.transfermarkt.technology/portrait/header/547985-1663677780.jpg?lm=1,9500000,"[0.03916848806163215, 0.14517908059106593, 0.15020795863309352, 0.2085346845205373, 0.12884085255160357, 0.6830601092896174, 0.5117505995203837, 0.46599999999999997, 0.6169588050257472, 0.2764028776978417]"
Jurgen Ekkelenkamp,Udinese,1902,0.1320189274447949,0.0586750788643533,0.4258675078864353,7.287066246056782,0.473186119873817,81.03,2.271293375394322,54.55,3.8801261829653,1.3722397476340695,05/04/2000 00:00,Netherlands,Midfield,right,188.0,https://img.a.transfermarkt.technology/portrait/header/361068-1757604896.jpg?lm=1,7000000,"[0.1388920710938744, 0.11122368154355622, 0.158073738170347, 0.22193695020669246, 0.07532651316371355, 0.7026061370323666, 0.32639327024185066, 0.6061111111111112, 0.43424195251765657, 0.2756677181913775]"
Jesper Karlström,Udinese,3189,0.0206020696142991,0.0397930385700846,0.0564440263405456,7.253057384760114,0.1693320790216368,83.79,2.70931326434619,50.79,4.120413922859831,1.1853245531514582,21/06/1995 00:00,Sweden,Midfield,right,185.0,https://img.a.transfermarkt.technology/portrait/header/222855-1730184243.jpg?lm=1,4000000,"[0.02167465054392849, 0.07438473171805032, 0.02095092505487613, 0.22081862459352564, 0.026955978934597013, 0.7606137032366542, 0.3893383505801192, 0.5643333333333334, 0.4680217543395893, 0.23811853245531514]"
Daniel Maldini,Atalanta,1571,0.4084659452577975,0.0819223424570337,1.0884786760025462,6.702737110120942,2.062380649267982,72.52,1.2603437301082112,49.21,3.4373010821133034,1.031190324633991,11/10/2001 00:00,Italy,Midfield,right,188.0,https://img.a.transfermarkt.technology/portrait/header/539134-1695031448.jpg?lm=1,4500000,"[0.429731419624629, 0.15657920264849787, 0.40402211966900076, 0.20272224514684692, 0.32831043980558844, 0.5237494745691467, 0.18111606195629107, 0.5467777777777778, 0.37198932092220566, 0.20715467854869507]"
Niccolò Pisilli,AS Roma,1225,0.1917551020408163,0.072734693877551,0.5877551020408164,10.653061224489797,0.3673469387755102,85.25,2.571428571428572,12.5,4.261224489795919,1.3959183673469389,23/09/2004 00:00,Italy,Midfield,right,180.0,https://img.a.transfermarkt.technology/portrait/header/813137-1683527978.jpg?lm=1,12000000,"[0.20173821875960302, 0.13865405686133003, 0.2181632653061225, 0.3326221732529945, 0.058477970627503345, 0.7912988650693569, 0.3695238095238096, 0.1388888888888889, 0.4878169925303634, 0.28042448979591833]"
Yannik Engelhardt,Como,1185,0.0425316455696202,0.1040506329113924,0.1518987341772152,7.89873417721519,0.6835443037974683,88.97,3.113924050632912,55.0,4.708860759493671,1.5949367088607596,07/02/2001 00:00,Germany,Midfield,right,184.0,https://img.a.transfermarkt.technology/portrait/header/405670-1760966867.jpg?lm=1,6000000,"[0.044745919805062484, 0.19975160187379637, 0.0563818565400844, 0.24205064669891255, 0.10881343901573406, 0.8694829760403531, 0.4474824191279888, 0.6111111111111112, 0.5507459812725121, 0.3204050632911392]"
Giuseppe Pezzella,Empoli,2887,0.0162105992379632,0.1368548666435746,0.0935226879113266,4.582611707655006,0.5299618981641843,72.75,2.182196051264288,65.45,2.743332178732248,1.527537235885002,29/11/1997 00:00,Italy,Defender,left,187.0,https://img.a.transfermarkt.technology/portrait/header/336960-1661521548.jpg?lm=1,2200000,"[0.017054552293457988, 0.2637528168744252, 0.034713803255975055, 0.13300539929245464, 0.08436465107847295, 0.5285834384195041, 0.3135896547742755, 0.7272222222222223, 0.27443073538186397, 0.3068652580533426]"
Michael Folorunsho,Fiorentina,685,0.158978102189781,0.0722627737226277,0.3941605839416058,7.094890510948906,1.1824817518248176,75.55,3.547445255474453,60.61,4.072992700729928,2.2335766423357666,07/02/1998 00:00,Italy,Midfield,right,190.0,https://img.a.transfermarkt.technology/portrait/header/377042-1722173196.jpg?lm=1,6000000,"[0.1672547891357897, 0.13773333840940824, 0.14630474452554745, 0.2156175664165227, 0.18823930691043048, 0.5874316939890709, 0.5097810218978103, 0.6734444444444445, 0.46135524906385156, 0.44870072992700727]"
Fisayo Dele-Bashiru,Lazio,953,0.1029380902413431,0.0736621196222455,0.472193074501574,8.027282266526758,1.3221406086044072,89.46,1.3221406086044072,18.75,4.53305351521511,0.7555089192025184,06/02/2001 00:00,Nigeria,Midfield,right,186.0,https://img.a.transfermarkt.technology/portrait/header/530742-1683029896.jpg?lm=1,2000000,"[0.10829723301643122, 0.14046346887100855, 0.1752688877229801, 0.24627773973642222, 0.21047160467191656, 0.8797814207650272, 0.18999650227352222, 0.20833333333333334, 0.526030888137937, 0.15177334732423922]"
Luka Jović,AC Milan,568,0.3818661971830986,0.1616197183098591,0.6338028169014085,6.021126760563381,0.6338028169014085,82.48,0.1584507042253521,52.63,1.426056338028169,0.6338028169014085,23/12/1997 00:00,Serbia,Attack,right,182.0,https://img.a.transfermarkt.technology/portrait/header/257462-1757717450.png?lm=1,6000000,"[0.4017468406541998, 0.3120691594810696, 0.2352552816901409, 0.18030860696412795, 0.10089509016717127, 0.7330811265237496, 0.02276995305164319, 0.5847777777777778, 0.0892472679967422, 0.12732394366197183]"
Lorenzo De Silvestri,Bologna,1065,0.076056338028169,0.032112676056338,0.3380281690140845,5.492957746478873,0.0845070422535211,80.23,1.7746478873239435,44.83,2.197183098591549,1.436619718309859,23/05/1988 00:00,Italy,Defender,right,187.0,https://img.a.transfermarkt.technology/portrait/header/33571-1595929290.jpg?lm=1,400000,"[0.08001596826307712, 0.059400308166561167, 0.12546948356807514, 0.16294063538227357, 0.013452678688956164, 0.6857923497267759, 0.2550234741784037, 0.4981111111111111, 0.19765275369839846, 0.28860093896713607]"
Luca Marianucci,Empoli,1068,0.0412921348314606,0.0193820224719101,0.1685393258426966,3.455056179775281,0.4213483146067415,78.75,3.960674157303371,45.16,3.623595505617977,0.9269662921348314,23/07/2004 00:00,Italy,Defender,right,186.0,https://img.a.transfermarkt.technology/portrait/header/814446-1721740329.jpg?lm=1,175000,"[0.043441877900631226, 0.03456274287521986, 0.06255852059925093, 0.09592758548105121, 0.0670744513283629, 0.6546868432114334, 0.5691635455680399, 0.5017777777777778, 0.398178708317839, 0.18621722846441943]"
Benja Domínguez,Bologna,1310,0.1538931297709923,0.0638931297709923,1.16793893129771,8.65648854961832,1.923664122137405,80.85,1.5114503816793894,8.7,4.259541984732825,0.6870229007633588,19/09/2003 00:00,Argentina,Attack,right,172.0,https://img.a.transfermarkt.technology/portrait/header/961022-1757664923.png?lm=1,12000000,"[0.16190508387480637, 0.1214041235159715, 0.4335162213740459, 0.2669681561607943, 0.3062281515302847, 0.6988230348886086, 0.21720101781170484, 0.09666666666666666, 0.4875804649088515, 0.1380152671755725]"
Dennis Man,Parma,2005,0.2572069825436409,0.1225436408977556,0.8977556109725685,12.703241895261844,1.1221945137157108,81.53,0.942643391521197,34.62,3.2319201995012468,0.3591022443890274,26/08/1998 00:00,Romania,Attack,left,183.0,https://img.a.transfermarkt.technology/portrait/header/397486-1718259797.jpg?lm=1,3500000,"[0.27059764229815186, 0.2358315478285298, 0.33322942643391523, 0.4000390013479854, 0.17864217959773465, 0.7131147540983607, 0.13546134663341644, 0.38466666666666666, 0.3431167470834653, 0.07213965087281794]"
Magnus Andersen,Venezia,692,0.0364161849710982,0.080635838150289,0.2601156069364161,7.023121387283237,0.2601156069364161,82.35,2.4710982658959537,53.33,4.03179190751445,0.9104046242774566,03/04/2006 00:00,Denmark,Defender,,,https://img.a.transfermarkt.technology/portrait/header/default.jpg?lm=1,0,"[0.03831207728973918, 0.15406922666773215, 0.09654985549132947, 0.2132575565199927, 0.04140781157149802, 0.730348886086591, 0.35510597302504815, 0.5925555555555556, 0.4555632156029012, 0.1828901734104046]"
Alfred Duncan,Venezia,959,0.073201251303441,0.0957247132429614,0.3753910323253389,10.886339937434828,1.2200208550573517,82.98,2.346193952033368,52.63,4.880083420229406,2.064650677789364,10/03/1993 00:00,Ghana,Midfield,left,178.0,https://img.a.transfermarkt.technology/portrait/header/184894-1663591729.jpg?lm=1,4000000,"[0.07701224057019825, 0.1835076932634742, 0.13933785192909282, 0.34029316104106755, 0.19421515792346006, 0.7435897435897436, 0.3371567605144247, 0.5847777777777778, 0.5748165707649924, 0.4147653806047967]"
Liam Henderson,Empoli,2345,0.0249466950959488,0.1139872068230277,0.115138592750533,7.06183368869936,0.230277185501066,78.41,2.187633262260128,44.44,3.415778251599147,3.1855010660980807,25/04/1996 00:00,Scotland,Midfield,right,183.0,https://img.a.transfermarkt.technology/portrait/header/193867-1661523222.jpg?lm=1,1400000,"[0.026245465069943182, 0.2191379045224181, 0.04273720682302771, 0.2145305470456274, 0.036657832333658796, 0.6475409836065573, 0.3143710021321962, 0.49377777777777776, 0.36896362785216236, 0.6399317697228144]"
Leonardo Pavoletti,Cagliari,452,0.5276548672566371,0.1373893805309734,1.393805309734513,8.163716814159292,0.0,58.6,0.1991150442477876,51.38,1.7920353982300885,4.977876106194691,26/11/1988 00:00,Italy,Attack,right,188.0,https://img.a.transfermarkt.technology/portrait/header/64793-1725530760.jpg?lm=1,700000,"[0.5551255320316357, 0.2647956559941414, 0.5173534292035399, 0.2507641660183053, 0.0, 0.2311895754518707, 0.02861356932153392, 0.5708888888888889, 0.14069683479538259, 1.0]"
Valentino Lazaro,Torino,2322,0.0410852713178294,0.1333333333333333,0.0775193798449612,8.255813953488373,0.5426356589147286,81.64,1.4341085271317828,40.48,3.643410852713178,1.162790697674419,24/03/1996 00:00,Austria,Midfield,right,181.0,https://img.a.transfermarkt.technology/portrait/header/186368-1692819728.jpg?lm=1,3500000,"[0.043224244699104054, 0.2568822887480657, 0.028773686477174838, 0.25379262936239244, 0.08638218744717333, 0.7154266498528794, 0.20608670686190064, 0.4497777777777778, 0.4009643622933707, 0.2335917312661499]"
Gianluca Gaetano,Cagliari,1003,0.4387836490528414,0.2054835493519441,0.5383848454636092,10.49850448654038,1.2562313060817547,75.15,1.5254237288135597,33.33,3.050847457627119,1.4356929212362912,05/05/2000 00:00,Italy,Midfield,right,183.0,https://img.a.transfermarkt.technology/portrait/header/358008-1757604842.jpg?lm=1,4000000,"[0.46162751780089306, 0.3976477010862537, 0.19983798604187442, 0.3275398284714809, 0.1999795007500862, 0.5790248003362759, 0.21920903954802265, 0.37033333333333335, 0.31766142698038075, 0.28841475573280156]"
Mehdi Taremi,Inter,816,0.2889705882352941,0.1158088235294117,0.7720588235294118,8.713235294117647,0.6617647058823529,81.42,0.7720588235294118,43.18,3.198529411764706,0.9926470588235294,18/07/1992 00:00,Iran,Attack,right,185.0,https://img.a.transfermarkt.technology/portrait/header/307058-1757716838.png?lm=1,2500000,"[0.3040149186335296, 0.22269188732310902, 0.28657322303921573, 0.2688341797622268, 0.10534634414513469, 0.7108028583438419, 0.11094771241830065, 0.4797777777777778, 0.3384226491119514, 0.19941176470588234]"
Marin Šverko,Venezia,1119,0.0329758713136729,0.0265415549597855,0.0804289544235924,4.423592493297587,0.4825737265415549,85.77,2.89544235924933,50.0,3.53887399463807,0.7238605898123325,04/02/1998 00:00,Croatia,Defender,left,187.0,https://img.a.transfermarkt.technology/portrait/header/282169-1695108109.jpg?lm=1,400000,"[0.034692654693747, 0.048531024585484916, 0.029853663985701488, 0.12777631329483008, 0.07682092656159956, 0.8022278268179908, 0.4160857908847185, 0.5555555555555556, 0.38626850494161974, 0.14541554959785521]"
Stefano Sabelli,Genoa,2069,0.0060898985016916,0.0748187530207829,0.0434992750120831,6.133397776703722,0.1739971000483325,70.96,3.47994200096665,40.91,4.001933301111649,1.0874818753020783,13/01/1993 00:00,Italy,Defender,right,176.0,https://img.a.transfermarkt.technology/portrait/header/167491-1753439397.jpg?lm=1,1400000,"[0.00640694960959386, 0.1427200660962648, 0.016146085065248904, 0.18400045515247962, 0.027698603777164457, 0.490962589323245, 0.5000805542129853, 0.45455555555555555, 0.451365673908063, 0.2184630256162397]"
Matteo Pessina,Monza,856,0.0178738317757009,0.0231308411214953,0.0,7.990654205607477,0.5257009345794392,87.76,2.838785046728972,55.56,6.098130841121495,0.5257009345794392,21/04/1997 00:00,Italy,Midfield,left,187.0,https://img.a.transfermarkt.technology/portrait/header/332179-1661268524.jpg?lm=1,5000000,"[0.018804375719146012, 0.0418767057724873, 0.0, 0.2450732860403886, 0.08368634815267709, 0.8440521227406474, 0.4079439252336448, 0.6173333333333334, 0.7460504443929636, 0.10560747663551401]"
Alessandro Deiola,Cagliari,1446,0.108298755186722,0.0423236514522821,0.3734439834024896,6.099585062240664,0.1867219917012448,75.4,2.7385892116182573,56.72,4.232365145228216,1.991701244813278,01/08/1995 00:00,Italy,Midfield,right,190.0,https://img.a.transfermarkt.technology/portrait/header/235931-1692964002.jpg?lm=1,1600000,"[0.1139369838545476, 0.0793219694075255, 0.13861514522821577, 0.18288857950616275, 0.029724279675805636, 0.5842791088692729, 0.39354541263254955, 0.6302222222222222, 0.4837599276936982, 0.40011065006915625]"
Ylber Ramadani,Lecce,1819,0.0296866410115448,0.0212754260582737,0.296866410115448,5.244639912039582,0.6432105552501374,83.01,3.710830126443101,36.59,5.788894997251236,0.8905992303463441,12/04/1996 00:00,Albania,Midfield,right,185.0,https://img.a.transfermarkt.technology/portrait/header/442703-1691151579.jpg?lm=1,1800000,"[0.031232181125225265, 0.038256782217920185, 0.1101910390324354, 0.15477511075511477, 0.10239270832798138, 0.7442202606137034, 0.5332600329851567, 0.4065555555555556, 0.7025778746864922, 0.17891148982957666]"
Youssef Maleh,Empoli,1514,0.0517173051519154,0.0261558784676354,0.178335535006605,7.5495376486129455,0.23778071334214,73.83,3.6261558784676353,35.71,5.70673712021136,1.90224570673712,22/08/1998 00:00,Morocco,Midfield,left,179.0,https://img.a.transfermarkt.technology/portrait/header/324377-1753434607.jpg?lm=1,4500000,"[0.0544098014047806, 0.04777856792710636, 0.06619468295904889, 0.2305678917028468, 0.03785231916443413, 0.5512820512820513, 0.5210920299427565, 0.3967777777777778, 0.6910280685842922, 0.38214002642007916]"
Tammy Abraham,AC Milan,1183,0.4229923922231615,0.0958579881656804,0.989010989010989,4.640743871513102,0.3043110735418428,69.55,1.4454775993237532,50.68,0.9129332206255284,1.749788672865596,02/10/1997 00:00,England,Attack,right,194.0,https://img.a.transfermarkt.technology/portrait/header/331726-1761563884.jpg?lm=1,14000000,"[0.4450141396383817, 0.1837677132673788, 0.36710164835164844, 0.1349169801367591, 0.048443289277221704, 0.46132828919714153, 0.20772048464356155, 0.5631111111111111, 0.017112096956715325, 0.351513102282333]"
Tijjani Noslin,Lazio,893,0.2045912653975363,0.1078387458006718,0.6047032474804032,6.349384098544233,0.8062709966405375,77.83,0.7054871220604703,46.55,2.217245240761478,2.116461366181411,07/07/1999 00:00,Netherlands,Attack,right,178.0,https://img.a.transfermarkt.technology/portrait/header/457736-1730184958.jpg?lm=1,6500000,"[0.21524265594918446, 0.20714222801835946, 0.22445408734602468, 0.1911028110267586, 0.1283503050726837, 0.6353509878100041, 0.10138111235535646, 0.5172222222222222, 0.20047310228098159, 0.42517357222844343]"
Cheikh Niasse,Hellas Verona,757,0.0463672391017173,0.0332892998678996,0.11889035667107,6.538969616908851,0.11889035667107,80.93,4.16116248348745,48.78,3.09114927344782,1.30779392338177,19/01/2000 00:00,Senegal,Midfield,right,188.0,https://img.a.transfermarkt.technology/portrait/header/644032-1595970130.jpg?lm=1,2800000,"[0.04878120125945851, 0.06169590678207572, 0.04412978863936592, 0.19733701978850351, 0.018926159582217064, 0.7005044136191678, 0.5979744605900483, 0.542, 0.3233270816329438, 0.2627212681638044]"
Amin Sarr,Hellas Verona,1918,0.1571949947862356,0.0483315954118873,0.3284671532846716,6.475495307612096,0.6569343065693432,70.89,1.173096976016684,41.25,1.9708029197080288,2.2054223149113663,11/03/2001 00:00,Sweden,Attack,right,188.0,https://img.a.transfermarkt.technology/portrait/header/748382-1695624167.jpg?lm=1,4000000,"[0.16537884994241303, 0.09104349645826096, 0.12192062043795625, 0.19524977125508713, 0.10457739272801694, 0.48949138293400596, 0.16857838025721236, 0.45833333333333337, 0.16582808556320566, 0.44304483837330555]"
Darko Lazović,Hellas Verona,1468,0.1054495912806539,0.1091280653950953,0.2452316076294278,5.2111716621253406,0.4291553133514986,67.02,1.9618528610354224,40.91,3.61716621253406,0.5517711171662125,15/09/1990 00:00,Serbia,Midfield,right,181.0,https://img.a.transfermarkt.technology/portrait/header/70411-1762957152.png?lm=1,1500000,"[0.11093948733295839, 0.20965769663868783, 0.09102520435967304, 0.1536745622604014, 0.06831724770174948, 0.4081546868432113, 0.28192552225249773, 0.45455555555555555, 0.39727487424654945, 0.11084468664850135]"
Thijs Dallinga,Bologna,1163,0.3296646603611349,0.0533963886500429,0.8512467755803955,6.887360275150472,0.1547721410146173,72.41,0.8512467755803955,52.5,2.708512467755804,1.8572656921754085,03/08/2000 00:00,Netherlands,Attack,right,190.0,https://img.a.transfermarkt.technology/portrait/header/538964-1737495076.jpg?lm=1,12000000,"[0.34682759760461884, 0.10092493199537338, 0.3159662510748066, 0.20879327505976766, 0.024638181949678956, 0.5214375788146279, 0.12232731441673832, 0.5833333333333334, 0.2695357584812634, 0.3731040412725709]"
Domagoj Bradarić,Hellas Verona,1948,0.0378850102669404,0.0970225872689938,0.1848049281314168,5.590349075975359,0.6930184804928131,75.88,2.3562628336755647,43.24,3.696098562628337,0.9702258726899384,10/12/1999 00:00,Croatia,Defender,left,178.0,https://img.a.transfermarkt.technology/portrait/header/357796-1730186706.jpg?lm=1,5000000,"[0.03985737228162512, 0.18603985162028838, 0.06859599589322382, 0.16614318948504672, 0.1103216334990117, 0.5943673812526271, 0.3386036960985626, 0.4804444444444445, 0.40837123373910783, 0.19490759753593428]"
Alessandro Vogliacco,Parma,1488,0.0864919354838709,0.0157258064516129,0.1814516129032257,4.475806451612903,0.0604838709677419,87.18,1.935483870967741,57.69,2.661290322580645,1.3306451612903225,14/09/1998 00:00,Italy,Defender,right,186.0,https://img.a.transfermarkt.technology/portrait/header/330208-1762636759.png?lm=1,2000000,"[0.09099486175795492, 0.02742944814521007, 0.06735131048387094, 0.12949328365850887, 0.009628429303587574, 0.8318621269440942, 0.27813620071684575, 0.641, 0.2628972395692142, 0.2673118279569892]"
Ridgeciano Haps,Venezia,1376,0.0804505813953488,0.0542877906976744,0.1962209302325581,5.232558139534883,0.3270348837209302,80.67,2.420058139534884,50.0,3.5319767441860463,0.9156976744186046,12/06/1993 00:00,Suriname,Defender,left,175.0,https://img.a.transfermarkt.technology/portrait/header/228444-1630656845.jpg?lm=1,900000,"[0.08463898387129995, 0.10266406160188193, 0.07283339389534883, 0.1543778214861035, 0.05206069332753749, 0.6950399327448509, 0.3477713178294574, 0.5555555555555556, 0.38529888512877425, 0.183953488372093]"
Abdou Harroui,Hellas Verona,462,0.4207792207792207,0.1129870129870129,0.7792207792207791,9.35064935064935,1.1688311688311688,82.01,2.142857142857143,53.33,4.285714285714286,1.948051948051948,13/01/1998 00:00,Morocco,Midfield,both,182.0,https://img.a.transfermarkt.technology/portrait/header/416386-1730186775.jpg?lm=1,1800000,"[0.44268574649442666, 0.21718652162276858, 0.2892316017316018, 0.289794495351558, 0.18606627017841973, 0.7232030264817151, 0.3079365079365079, 0.5925555555555556, 0.4912597834657025, 0.39134199134199127]"
Marin Pongracic,Fiorentina,1340,0.0033582089552238,0.0194776119402985,0.0671641791044776,4.634328358208955,0.6044776119402985,89.19,2.014925373134328,70.27,4.902985074626866,1.7462686567164178,11/09/1997 00:00,Croatia,Defender,right,193.0,https://img.a.transfermarkt.technology/portrait/header/282144-1657202331.jpg?lm=1,7500000,"[0.003533043374799963, 0.03474923837967421, 0.024930037313432834, 0.13470601650622016, 0.09622680987585437, 0.8741067675493905, 0.2895522388059701, 0.7807777777777778, 0.578036099765016, 0.3508059701492537]"
Andrea Belotti,Como,611,0.3667757774140753,0.0176759410801964,0.44189852700491,4.713584288052373,0.2945990180032733,78.26,1.1783960720130933,42.55,2.504091653027823,1.32569558101473,20/12/1993 00:00,Italy,Attack,right,181.0,https://img.a.transfermarkt.technology/portrait/header/167727-1663581136.jpg?lm=1,1500000,"[0.38587078639469197, 0.031234170019316814, 0.1640241407528642, 0.13731221774201188, 0.046897226853480585, 0.6443883984867593, 0.16933987997817784, 0.47277777777777774, 0.24079815159037443, 0.26631751227495903]"
Santiago Gimenez,AC Milan,676,0.5405325443786981,0.0599112426035502,1.331360946745562,3.994082840236687,0.9319526627218936,80.85,0.7988165680473372,38.89,1.863905325443787,1.4644970414201184,18/04/2001 00:00,Mexico,Attack,left,183.0,https://img.a.transfermarkt.technology/portrait/header/552955-1739903736.jpg?lm=1,40000000,"[0.5686736442681117, 0.11363544283919369, 0.49417529585798825, 0.11365259295234842, 0.14835757341149147, 0.6988230348886086, 0.11479289940828401, 0.4321111111111111, 0.15080035443105383, 0.2942011834319526]"
Marco Brescianini,Atalanta,1010,0.2789108910891089,0.065049504950495,0.712871287128713,11.04950495049505,0.712871287128713,82.58,1.7821782178217822,54.55,4.455445544554456,1.9603960396039608,20/01/2000 00:00,Italy,Midfield,left,188.0,https://img.a.transfermarkt.technology/portrait/header/459128-1730183739.jpg?lm=1,7500000,"[0.29343149549675956, 0.12366021695467104, 0.2646039603960397, 0.34565857482796847, 0.11348200240584808, 0.7351828499369482, 0.2561056105610561, 0.6061111111111112, 0.5151207107403304, 0.39382178217821784]"
Liberato Cacace,Empoli,2234,0.1043419874664279,0.0608325872873769,0.3625783348254252,6.4861235452103845,0.5640107430617726,74.49,2.376902417188899,45.16,3.948075201432408,1.0877350044762757,27/09/2000 00:00,New Zealand,Defender,left,183.0,https://img.a.transfermarkt.technology/portrait/header/469211-1730125371.jpg?lm=1,3000000,"[0.10977421966500485, 0.1154329906703881, 0.1345820277529096, 0.19559926341318395, 0.08978488775843171, 0.5651534258091635, 0.3415696806923306, 0.5017777777777778, 0.44379426833210983, 0.2185138764547896]"
Edoardo Goldaniga,Como,2543,0.0739677546205269,0.0127408572552103,0.1769563507668108,4.317734958710185,0.1061738104600865,87.95,2.3712151002752653,59.34,2.6189539913488007,1.5572158867479355,02/11/1993 00:00,Italy,Defender,right,193.0,https://img.a.transfermarkt.technology/portrait/header/242940-1725530007.jpg?lm=1,1200000,"[0.07781864943346449, 0.021605798160132104, 0.06568275658670861, 0.12429536192621193, 0.016901812194736514, 0.8480453972257251, 0.34075239218770476, 0.6593333333333334, 0.25694557145869334, 0.3128273692489186]"
Sebastian Walukiewicz,Torino,1848,0.0189935064935064,0.0282467532467532,0.0487012987012987,7.11038961038961,0.2922077922077922,83.14,2.8246753246753245,41.79,2.8246753246753245,1.607142857142857,05/04/2000 00:00,Poland,Defender,right,188.0,https://img.a.transfermarkt.technology/portrait/header/345458-1716985042.jpg?lm=1,4500000,"[0.019982342723706664, 0.05185787449985613, 0.01807697510822511, 0.2161272288757964, 0.04651656754460493, 0.7469525010508618, 0.40591630591630584, 0.4643333333333333, 0.2858660060733097, 0.3228571428571428]"
Zito Luvumbo,Cagliari,1614,0.1154275092936802,0.1198884758364312,0.2230483271375464,4.349442379182156,1.3940520446096654,72.53,0.7806691449814126,26.09,2.7881040892193307,2.1189591078066914,09/03/2002 00:00,Angola,Attack,left,171.0,https://img.a.transfermarkt.technology/portrait/header/666547-1655123282.jpg?lm=1,7500000,"[0.12143687376729076, 0.23065130824911023, 0.08279120198265179, 0.12533800843330709, 0.22191918840982525, 0.5239596469104666, 0.11218504750103261, 0.2898888888888889, 0.28072479875815937, 0.4256753407682775]"
Anas Haj Mohamed,Parma,455,0.1345054945054945,0.1325274725274725,0.5934065934065934,10.87912087912088,0.7912087912087913,79.86,1.3846153846153846,53.85,2.967032967032967,1.1868131868131868,26/03/2005 00:00,Tunisia,Attack,right,174.0,https://img.a.transfermarkt.technology/portrait/header/883122-1739284158.jpg?lm=1,800000,"[0.1415080933238595, 0.2553100505084058, 0.22026098901098906, 0.34005577415107413, 0.12595255212077644, 0.6780159730979403, 0.19897435897435894, 0.5983333333333334, 0.3058787331012865, 0.2384175824175824]"
Thomas Kristensen,Udinese,1770,0.0472881355932203,0.0279661016949152,0.0508474576271186,5.084745762711864,0.5084745762711864,80.58,2.6440677966101696,64.21,3.2033898305084745,1.5762711864406778,17/04/1983 00:00,Denmark,Midfield,right,188.0,https://img.a.transfermarkt.technology/portrait/header/23492-1418852325.jpg?lm=1,150000,"[0.049750041284472496, 0.051310321996234545, 0.018873587570621457, 0.149517253956298, 0.08094408363693965, 0.6931483816729718, 0.37996233521657247, 0.7134444444444444, 0.3391059298403322, 0.31665536723163834]"
Alberto Moreno,Como,1741,0.0191269385410683,0.0827110855829982,0.3101665709362435,8.788052843193567,0.1550832854681217,84.85,2.016082711085583,35.48,3.82538770821367,0.8788052843193567,05/07/1992 00:00,Spain,Defender,left,171.0,https://img.a.transfermarkt.technology/portrait/header/207917-1687268193.jpg?lm=1,1000000,"[0.02012272148450154, 0.15811804421380468, 0.11512780011487651, 0.27129443212751736, 0.024687713044925293, 0.7828919714165614, 0.28971855255600226, 0.3942222222222222, 0.4265467832595142, 0.17654221711659962]"
Lassana Coulibaly,Lecce,2678,0.0278939507094846,0.0208364451082897,0.1008215085884988,5.074682598954444,0.6049290515309933,82.45,2.218073188946976,42.47,4.906646751306945,1.3106796116504853,10/04/1996 00:00,Mali,Midfield,right,183.0,https://img.a.transfermarkt.technology/portrait/header/386552-1725529617.jpg?lm=1,3500000,"[0.029346160130340554, 0.03740032831046179, 0.037422983569828205, 0.14918634332447048, 0.09629867455836062, 0.7324506094997898, 0.3187453323375654, 0.4718888888888889, 0.578550860579044, 0.26330097087378634]"
Junior Messias,Genoa,851,0.1681551116333725,0.0666274970622796,0.6345475910693302,6.874265569917744,1.0575793184488838,68.29,2.009400705052879,34.15,4.124559341950646,0.8460634547591069,13/05/1991 00:00,Brazil,Attack,left,174.0,https://img.a.transfermarkt.technology/portrait/header/449151-1663575000.jpg?lm=1,2500000,"[0.17690957025497017, 0.126738887020253, 0.23553172737955352, 0.20836267715968262, 0.16835608465027402, 0.4348465741908367, 0.2887583235409322, 0.3794444444444444, 0.46860451996640845, 0.1699647473560517]"
Rui Modesto,Udinese,612,0.0735294117647058,0.0720588235294117,0.2941176470588235,10.0,0.4411764705882353,77.19,3.5294117647058822,41.67,3.823529411764706,1.4705882352941178,07/10/1999 00:00,Angola,Attack,right,181.0,https://img.a.transfermarkt.technology/portrait/header/671799-1718958112.jpg?lm=1,1800000,"[0.07735748565738658, 0.1373354306188467, 0.10917075163398693, 0.3111473262140976, 0.07023089609675646, 0.6218999579655318, 0.5071895424836601, 0.463, 0.42628554277425285, 0.2954248366013072]"
Odilon Kossounou,Atalanta,1125,0.0424,0.0168,0.32,8.0,0.4,88.74,2.32,54.76,4.96,1.2,04/01/2001 00:00,Cote d'Ivoire,Defender,right,191.0,https://img.a.transfermarkt.technology/portrait/header/644771-1730183693.jpg?lm=1,22000000,"[0.044607420529475444, 0.0295252048333221, 0.1187777777777778, 0.24538060715747564, 0.0636760124610592, 0.8646490121899957, 0.3333925925925926, 0.6084444444444445, 0.586051293885374, 0.24106666666666662]"
Nicolò Zaniolo,Fiorentina,700,0.2044285714285714,0.108,1.0285714285714287,9.0,1.542857142857143,81.93,0.5142857142857143,31.82,2.8285714285714287,2.571428571428572,02/07/1999 00:00,Italy,Attack,left,190.0,https://img.a.transfermarkt.technology/portrait/header/392085-1713472570.jpg?lm=1,13000000,"[0.2150714918385423, 0.20745683572312149, 0.3817857142857144, 0.27826396668578657, 0.24560747663551405, 0.7215216477511561, 0.0739047619047619, 0.35355555555555557, 0.2864137228130228, 0.5165714285714287]"
Amir Richardson,Fiorentina,1078,0.071799628942486,0.0542671614100185,0.4174397031539889,11.855287569573283,0.9183673469387756,88.14,3.00556586270872,54.29,4.257884972170687,2.588126159554731,24/01/2002 00:00,Morocco,Midfield,left,197.0,https://img.a.transfermarkt.technology/portrait/header/893675-1725529481.jpg?lm=1,4500000,"[0.075537647219287, 0.10262381376419873, 0.1549455009276438, 0.372155414392782, 0.14619492656875838, 0.8520386717108028, 0.43191094619666043, 0.6032222222222222, 0.48734752103918083, 0.519925788497217]"
Nahuel Estévez,Parma,664,0.0108433734939759,0.0731927710843373,0.1355421686746988,6.6415662650602405,0.4066265060240963,78.98,2.575301204819277,82.35,3.795180722891566,1.219879518072289,14/11/1995 00:00,Argentina,Midfield,right,181.0,https://img.a.transfermarkt.technology/portrait/header/552472-1739284138.jpg?lm=1,1800000,"[0.011407899089715812, 0.13954776765603324, 0.050310617469879526, 0.20071074225606528, 0.06473088616146828, 0.6595208070617908, 0.37008032128514057, 0.9149999999999999, 0.4223002662367706, 0.24506024096385537]"
Martin Frese,Hellas Verona,551,0.0114337568058076,0.0310344827586206,0.0,5.390199637023594,0.0,74.18,4.246823956442832,50.0,2.2867513611615244,1.4700544464609802,04/01/1998 00:00,Denmark,Defender,left,179.0,https://img.a.transfermarkt.technology/portrait/header/488785-1701443446.jpg?lm=1,2000000,"[0.012029018822368197, 0.057296747948608215, 0.0, 0.1595616035246061, 0.0, 0.5586380832282474, 0.6102843315184513, 0.5555555555555556, 0.210244316465923, 0.29531760435571686]"
Vitinha,Genoa,1337,0.1117427075542258,0.1359760658189977,0.4038893044128646,4.038893044128646,1.480927449513837,64.18,2.3560209424083767,51.67,3.5676888556469706,1.5482423335826476,13/02/2000 00:00,Portugal,Midfield,right,172.0,https://img.a.transfermarkt.technology/portrait/header/487469-1749415169.jpg?lm=1,110000000,"[0.11756023459843262, 0.2620382723136328, 0.149915856394914, 0.11512610299746465, 0.23574888682291922, 0.348465741908365, 0.3385689354275741, 0.5741111111111111, 0.3903193162515702, 0.3110246821241585]"
Arthur Atta,Udinese,1246,0.096067415730337,0.0989566613162118,0.5056179775280899,11.195826645264846,1.9502407704654887,82.38,1.9502407704654887,41.18,4.117174959871589,1.1556982343499198,14/01/2003 00:00,France,Midfield,right,189.0,https://img.a.transfermarkt.technology/portrait/header/855308-1752140643.jpg?lm=1,15000000,"[0.10106885878922375, 0.18981323922427007, 0.18767556179775285, 0.3504701237238754, 0.31045888900556534, 0.7309794031105505, 0.2802568218298554, 0.45755555555555555, 0.4675664188826099, 0.2321669341894061]"
Mandela Keita,Parma,1827,0.0064039408866995,0.0374384236453202,0.1970443349753694,6.45320197044335,0.8374384236453202,90.52,3.2019704433497536,53.33,4.630541871921182,1.379310344827586,10/05/2002 00:00,Belgium,Midfield,right,180.0,https://img.a.transfermarkt.technology/portrait/header/707844-1706174326.jpg?lm=1,12000000,"[0.006737341607993077, 0.06979086687505918, 0.07313902572523262, 0.1945166914338814, 0.13331184874852295, 0.9020596889449348, 0.46013501185914973, 0.5925555555555556, 0.5397358627276619, 0.2770881226053639]"
Gaetano Oristanio,Venezia,2333,0.1651093013287612,0.0844834976425203,0.4629232747535362,6.480925846549508,2.121731675953708,77.31,0.8872696099442778,28.3,3.240462923274754,1.9288469781397344,28/09/2002 00:00,Italy,Midfield,left,174.0,https://img.a.transfermarkt.technology/portrait/header/613393-1692963581.jpg?lm=1,4000000,"[0.17370518956839456, 0.16157602851599237, 0.17182811830261469, 0.19542834561939854, 0.3377585315926308, 0.6244220260613704, 0.12750392913273326, 0.31444444444444447, 0.3443176885722622, 0.38748392627518213]"
Giovanni Leoni,Parma,1203,0.0172069825436409,0.0037406483790523,0.0748129675810473,2.169576059850374,0.2244389027431421,88.69,2.169576059850374,62.96,2.543640897755611,0.8229426433915211,21/12/2006 00:00,Italy,Defender,right,196.0,https://img.a.transfermarkt.technology/portrait/header/1086619-1751532399.jpg?lm=1,0,"[0.018102809112441807, 0.004046348119741298, 0.02776911886949291, 0.053656680531064246, 0.03572843591954692, 0.8635981504833963, 0.3117761152673871, 0.6995555555555556, 0.24635800932468155, 0.16532003325020778]"
Santiago Pierotti,Lecce,1947,0.1419106317411402,0.0647149460708782,0.3235747303543914,5.177195685670262,1.0169491525423728,73.28,2.773497688751926,43.48,5.130970724191063,2.542372881355932,03/04/2001 00:00,Argentina,Attack,right,189.0,https://img.a.transfermarkt.technology/portrait/header/674806-1709016512.jpg?lm=1,2500000,"[0.14929875536982468, 0.12300749099985876, 0.12010464817668211, 0.15255731801130362, 0.1618881672738793, 0.5397225725094579, 0.3985618900873138, 0.4831111111111111, 0.6100864659797196, 0.510734463276836]"
Luca Caldirola,Monza,876,0.0297945205479452,0.0246575342465753,0.2054794520547945,3.5958904109589045,0.1027397260273972,90.52,2.26027397260274,51.85,1.952054794520548,1.8493150684931507,01/02/1991 00:00,Italy,Defender,left,186.0,https://img.a.transfermarkt.technology/portrait/header/88680-1712508051.jpg?lm=1,400000,"[0.03134567706500681, 0.044855291272637834, 0.07626997716894979, 0.10055868813895556, 0.01635514018691588, 0.9020596889449348, 0.3248097412480974, 0.5761111111111111, 0.16319246231566142, 0.37150684931506844]"
Yunus Musah,AC Milan,1581,0.1053130929791271,0.0825426944971536,0.2846299810246679,10.360531309297912,1.1954459203036054,88.94,1.935483870967742,33.33,3.415559772296015,2.049335863377609,29/11/2002 00:00,United States,Midfield,right,178.0,https://img.a.transfermarkt.technology/portrait/header/503991-1684913655.jpg?lm=1,22000000,"[0.1107958826834828, 0.15778951240972974, 0.1056491144845035, 0.32300280687895344, 0.19030307329443688, 0.8688524590163933, 0.27813620071684586, 0.37033333333333335, 0.36893291389411675, 0.41168880455407963]"
Adam Obert,Cagliari,1076,0.0752788104089219,0.0184014869888475,0.1672862453531598,5.771375464684015,0.4182156133828996,77.03,4.516728624535316,53.19,4.934944237918216,1.8401486988847584,23/08/2002 00:00,Slovakia,Defender,left,188.0,https://img.a.transfermarkt.technology/portrait/header/568333-1695033793.jpg?lm=1,4000000,"[0.07919796115258096, 0.03264971351505927, 0.062093401486988845, 0.17209594530906522, 0.06657575652294757, 0.6185372005044136, 0.6490706319702603, 0.591, 0.5825289390703023, 0.36966542750929365]"
Roberto Piccoli,Cagliari,3142,0.3299809038828772,0.0148949713558243,0.8879694462126034,3.236791852323361,0.4010184595798854,67.73,0.4583068109484405,40.89,1.5467854869509867,1.7186505410566515,27/01/2001 00:00,Italy,Attack,right,190.0,https://img.a.transfermarkt.technology/portrait/header/432092-1753438910.jpg?lm=1,18000000,"[0.3471603053349038, 0.025808484947905816, 0.3295969923615532, 0.08875032112924475, 0.06383814107330886, 0.42307692307692313, 0.06586038616592403, 0.45433333333333337, 0.10621944779473529, 0.3452577975811584]"
Pontus Almqvist,Parma,1120,0.1695535714285714,0.0723214285714285,0.8035714285714286,6.75,1.6071428571428572,75.36,2.892857142857143,36.0,3.2142857142857144,1.2053571428571428,10/07/1999 00:00,Sweden,Attack,left,183.0,https://img.a.transfermarkt.technology/portrait/header/300532-1692964187.jpg?lm=1,2000000,"[0.1783808363912438, 0.13784777429654332, 0.29827008928571436, 0.20427640774708697, 0.2558411214953271, 0.5834384195039932, 0.4157142857142857, 0.4, 0.3406376800446145, 0.2421428571428571]"
Matteo Cancellieri,Parma,1440,0.17125,0.0425,0.4375,4.625,1.75,70.59,2.4375,50.0,3.4375,1.625,12/02/2002 00:00,Italy,Attack,left,185.0,https://img.a.transfermarkt.technology/portrait/header/550106-1687191024.jpg?lm=1,4800000,"[0.18016558409605354, 0.07966602625731163, 0.16239149305555559, 0.13439926874942623, 0.278582554517134, 0.48318621269440953, 0.35027777777777774, 0.5555555555555556, 0.3720172849240078, 0.3264444444444444]"
Grigoris Kastanos,Hellas Verona,866,0.1008083140877598,0.1028868360277136,0.5196304849884527,8.210161662817553,0.0,73.13,3.117782909930716,45.45,4.988452655889145,1.558891454965358,30/01/1998 00:00,Cyprus,Midfield,left,179.0,https://img.a.transfermarkt.technology/portrait/header/298635-1725530400.jpg?lm=1,1800000,"[0.10605657687217324, 0.19748102865518416, 0.19287673210161665, 0.2522914286749729, 0.0, 0.5365699873896594, 0.44803695150115475, 0.505, 0.5900511861714508, 0.3131639722863741]"
Warren Bondo,AC Milan,1785,0.0216806722689075,0.0302521008403361,0.1008403361344537,6.100840336134454,1.0588235294117647,89.96,2.26890756302521,43.75,5.19327731092437,1.6134453781512603,15/09/2003 00:00,France,Midfield,right,177.0,https://img.a.transfermarkt.technology/portrait/header/659516-1739281834.jpg?lm=1,6000000,"[0.02280940719954937, 0.055770317129539684, 0.037429971988795496, 0.18292985712891877, 0.16855415063221552, 0.8902900378310212, 0.3260504201680672, 0.4861111111111111, 0.6188455651870948, 0.3241232492997198]"
Balthazar Pierret,Lecce,1725,0.0088695652173913,0.0292173913043478,0.0,6.991304347826087,0.6782608695652174,84.55,3.652173913043478,45.31,4.852173913043478,1.7739130434782608,15/05/2000 00:00,France,Midfield,left,186.0,https://img.a.transfermarkt.technology/portrait/header/642002-1730185630.jpg?lm=1,900000,"[0.009331330791645803, 0.05375159393616659, 0.0, 0.21221130537239677, 0.10797236895570907, 0.776586801176965, 0.5248309178743961, 0.5034444444444445, 0.5708930346657213, 0.356359420289855]"
Alessandro Zanoli,Genoa,1714,0.0225787631271878,0.0582847141190198,0.1575262543757292,4.305717619603267,1.0501750291715286,71.93,2.152858809801633,51.28,3.150525087514586,0.8926487747957993,03/10/2000 00:00,Italy,Defender,right,188.0,https://img.a.transfermarkt.technology/portrait/header/397225-1673603620.jpg?lm=1,5000000,"[0.02375425428891227, 0.11046207808106641, 0.05847068261376894, 0.12390019144378553, 0.16717739560954864, 0.5113493064312737, 0.30937378451964204, 0.5697777777777778, 0.3316741709728811, 0.17932322053675612]"
Tommaso Baldanzi,AS Roma,848,0.1528301886792452,0.0891509433962264,0.4245283018867924,13.691037735849056,1.804245283018868,85.17,1.910377358490566,25.0,5.09433962264151,0.7429245283018868,23/03/2003 00:00,Italy,Midfield,left,170.0,https://img.a.transfermarkt.technology/portrait/header/641537-1661764089.jpg?lm=1,10000000,"[0.16078680415127755, 0.17068223723360854, 0.15757665094339623, 0.43252104711458483, 0.28721786281079176, 0.7896174863387979, 0.2745283018867924, 0.2777777777777778, 0.6049368426514294, 0.1492452830188679]"
Emmanuel Gyasi,Empoli,3224,0.1099875930521091,0.0463399503722084,0.2233250620347394,4.661910669975186,0.5583126550868486,75.53,1.7586848635235732,38.39,3.768610421836229,1.563275434243176,11/01/1994 00:00,Ghana,Midfield,right,181.0,https://img.a.transfermarkt.technology/portrait/header/241076-1663687225.jpg?lm=1,1000000,"[0.11571374566745855, 0.08715778757598414, 0.0828939205955335, 0.13561301558065111, 0.08887780895619303, 0.5870113493064313, 0.25272952853598013, 0.4265555555555556, 0.4185649965788499, 0.3140446650124069]"
Antonio Sanabria,Torino,1330,0.1448120300751879,0.0473684210526315,0.2706766917293233,4.466165413533834,0.4060150375939849,78.57,0.2706766917293233,30.95,1.6240601503759398,1.0827067669172932,04/03/1996 00:00,Paraguay,Attack,right,180.0,https://img.a.transfermarkt.technology/portrait/header/234523-1692963077.jpg?lm=1,7000000,"[0.15235120573799416, 0.08916433873267299, 0.10046992481203008, 0.1291762539371287, 0.06463354648302999, 0.6509037410676755, 0.038897243107769416, 0.3438888888888889, 0.11708276865121013, 0.2175037593984962]"
Jordan Zemura,Udinese,1415,0.065512367491166,0.0915901060070671,0.1908127208480565,6.614840989399293,1.2720848056537104,78.71,2.9893992932862195,28.57,3.8162544169611294,1.3992932862190814,14/11/1999 00:00,Zimbabwe,Defender,left,173.0,https://img.a.transfermarkt.technology/portrait/header/633530-1730184134.jpg?lm=1,4000000,"[0.06892305958867873, 0.17544105501159438, 0.07082597173144876, 0.19983192540801314, 0.2025032198408243, 0.6538461538461537, 0.4295877502944641, 0.3174444444444445, 0.42526281942254013, 0.2811024734982332]"
Jackson Tchatchoua,Hellas Verona,3169,0.0457242032186809,0.0860523824550331,0.0852003786683496,4.913221836541496,0.5964026506784476,79.14,1.8176080782581256,46.97,3.436415272956769,0.7384032817923636,14/09/2001 00:00,Cameroon,Defender,right,180.0,https://img.a.transfermarkt.technology/portrait/header/848509-1725529771.jpg?lm=1,3000000,"[0.04810468776770976, 0.16463693019766606, 0.031624723887661715, 0.1438769710243303, 0.0949413565410239, 0.6628835645229088, 0.261197012727464, 0.5218888888888888, 0.37186479331304456, 0.14833701483117703]"
Ante Rebić,Lecce,799,0.2489361702127659,0.1374217772215269,0.5632040050062578,8.67334167709637,0.9011264080100124,65.4,1.5769712140175218,42.19,3.7171464330413015,2.14017521902378,21/09/1993 00:00,Croatia,Attack,right,185.0,https://img.a.transfermarkt.technology/portrait/header/187587-1767281169.jpg?lm=1,2200000,"[0.26189623654900773, 0.2648588620904749, 0.2090503754693367, 0.2675223436108315, 0.14345034096358766, 0.37410676754939054, 0.22661660408844386, 0.4687777777777778, 0.4113301566189674, 0.42993742177722155]"
Giangiacomo Magnani,Hellas Verona,1072,0.0965485074626865,0.0041977611940298,0.167910447761194,2.3507462686567164,0.083955223880597,81.56,3.1063432835820897,62.5,3.1902985074626864,0.6716417910447761,04/10/1995 00:00,Italy,Defender,right,192.0,https://img.a.transfermarkt.technology/portrait/header/310458-1725529511.jpg?lm=1,3000000,"[0.10157499702550131, 0.0049381773814690805, 0.062325093283582086, 0.059614165643062364, 0.013364834704979772, 0.7137452711223204, 0.4463930348258706, 0.6944444444444444, 0.33726554340085874, 0.13492537313432834]"
Caleb Ekuban,Genoa,543,0.4160220994475138,0.0348066298342541,0.994475138121547,5.469613259668509,0.4972375690607735,68.93,0.6629834254143646,38.71,3.314917127071823,2.4861878453038675,23/03/1994 00:00,Ghana,Attack,right,182.0,https://img.a.transfermarkt.technology/portrait/header/199953-1707213734.jpg?lm=1,1300000,"[0.43768096083987035, 0.06465622471531499, 0.3691298342541437, 0.16217299022948445, 0.07915526410905149, 0.44829760403530905, 0.09527317372621238, 0.4301111111111111, 0.35478450743775536, 0.4994475138121547]"
Jeff Ekhator,Genoa,787,0.1578144853875476,0.0663278271918678,0.3430749682337993,5.374841168996189,0.457433290978399,71.52,1.0292249047013975,33.33,3.659466327827192,1.7153748411689964,11/11/2006 00:00,Italy,Attack,right,188.0,https://img.a.transfermarkt.technology/portrait/header/934878-1757663221.jpg?lm=1,7000000,"[0.16603059234257297, 0.12615422968723866, 0.1273427573062262, 0.15905656549865685, 0.07281881984110963, 0.5027322404371584, 0.1479034307496823, 0.37033333333333335, 0.40322145109759516, 0.3445997458703939]"
Tomás Palacios,Monza,455,0.0079120879120879,0.0138461538461538,0.0,6.32967032967033,1.5824175824175826,89.54,3.956043956043956,60.0,6.131868131868132,0.3956043956043956,28/04/2003 00:00,Argentina,Defender,left,196.0,https://img.a.transfermarkt.technology/portrait/header/993645-1739282030.jpg?lm=1,3500000,"[0.008324005489638782, 0.023762237031223248, 0.0, 0.19045455607722003, 0.2519051042415529, 0.8814627994955866, 0.5684981684981685, 0.6666666666666667, 0.7507932539758851, 0.07947252747252746]"
Antoine Bernede,Hellas Verona,598,0.115886287625418,0.057190635451505,0.3010033444816053,9.03010033444816,0.3010033444816053,76.0,3.0100334448160533,42.86,5.719063545150501,2.4080267558528425,26/05/1999 00:00,France,Midfield,right,178.0,https://img.a.transfermarkt.technology/portrait/header/395512-1739282210.jpg?lm=1,3500000,"[0.12191953692704639, 0.10832752543158562, 0.11172658862876254, 0.27925376680536784, 0.047916731785077986, 0.5968894493484658, 0.4325529542920847, 0.4762222222222222, 0.6927609251661547, 0.4837458193979932]"
John Yeboah,Venezia,1231,0.2061738424045491,0.1103980503655564,0.7311129163281885,9.138911454102356,1.7546709991876523,77.47,0.7311129163281885,37.5,3.290008123476848,1.023558082859464,23/06/2000 00:00,Ecuador,Attack,left,170.0,https://img.a.transfermarkt.technology/portrait/header/439914-1668768754.png?lm=1,1500000,"[0.2169076247716396, 0.2121354433163159, 0.27137489845653945, 0.28283184197363487, 0.27932613102333037, 0.6277847835224883, 0.10506363390197672, 0.4166666666666667, 0.3512827840231967, 0.20562144597887896]"
Daniel Fila,Venezia,500,0.2556,0.063,1.08,5.22,0.36,77.78,0.36,25.93,1.62,2.3400000000000003,21/08/2002 00:00,Czech Republic,Attack,left,190.0,https://img.a.transfermarkt.technology/portrait/header/666268-1739282166.jpg?lm=1,2300000,"[0.26890699734278123, 0.11966162311302311, 0.4008750000000001, 0.15396486766877124, 0.057308411214953274, 0.6343001261034049, 0.051733333333333326, 0.2881111111111111, 0.1165119901540355, 0.47008]"
Jonathan Ikoné,Como,864,0.2791666666666667,0.0979166666666666,1.0416666666666667,10.0,1.5625,82.64,2.1875,36.36,3.854166666666667,0.625,02/05/1998 00:00,France,Attack,left,175.0,https://img.a.transfermarkt.technology/portrait/header/324690-1697179025.jpg?lm=1,5000000,"[0.2937005872125447, 0.18778420474937707, 0.38664641203703715, 0.3111473262140976, 0.24873442367601248, 0.7364438839848675, 0.3143518518518518, 0.404, 0.43059254736554214, 0.12555555555555553]"
Oier Zarraga,Udinese,896,0.0401785714285714,0.0602678571428571,0.1004464285714285,6.830357142857142,0.2008928571428571,87.5,2.109375,35.29,2.5111607142857144,1.2053571428571428,04/01/1999 00:00,Spain,Midfield,right,175.0,https://img.a.transfermarkt.technology/portrait/header/524010-1692963352.jpg?lm=1,1800000,"[0.04227034037707197, 0.11433119949026706, 0.03728376116071427, 0.20691882056632624, 0.03198014018691588, 0.8385876418663303, 0.303125, 0.39211111111111113, 0.24179192467452548, 0.2421428571428571]"
Pasquale Mazzocchi,SSC Napoli,735,0.0330612244897959,0.0673469387755102,0.1224489795918367,7.102040816326531,1.2244897959183674,83.97,2.4489795918367347,38.46,3.795918367346939,1.1020408163265307,27/07/1995 00:00,Italy,Defender,right,183.0,https://img.a.transfermarkt.technology/portrait/header/250153-1725529479.jpg?lm=1,1700000,"[0.03478245151027637, 0.12814252120188974, 0.04545068027210884, 0.2158526924789924, 0.19492656875834447, 0.764396805380412, 0.35192743764172335, 0.42733333333333334, 0.42240396475891945, 0.2213877551020408]"
Karol Linetty,Torino,1559,0.0617703656189865,0.0531109685695958,0.2309172546504169,5.59974342527261,0.4041051956382296,85.15,2.944194996792816,39.13,3.6369467607440655,2.251443232841565,02/02/1995 00:00,Poland,Midfield,right,175.0,https://img.a.transfermarkt.technology/portrait/header/225873-1760088540.png?lm=1,1500000,"[0.06498624234494299, 0.10036807606990573, 0.08571199486850546, 0.16645210725052276, 0.06432951868259668, 0.7891971416561581, 0.42309172546504165, 0.4347777777777778, 0.4000556361728819, 0.45228992944194985]"
Antoine Makoumbou,Cagliari,2164,0.0124768946395563,0.0399260628465804,0.0415896487985212,8.27634011090573,0.4158964879852125,89.33,2.4537892791127542,18.18,4.533271719038817,1.122920517560074,18/07/1998 00:00,Congo,Midfield,right,187.0,https://img.a.transfermarkt.technology/portrait/header/460651-1758537931.png?lm=1,4500000,"[0.013126464294543535, 0.07464426270998929, 0.015437268946395546, 0.25446759837648214, 0.06620657487864287, 0.8770491803278688, 0.3526186075169439, 0.202, 0.5260615633689114, 0.2255822550831793]"
Danilo D'Ambrosio,Monza,1095,0.0476712328767123,0.0271232876712328,0.3287671232876712,4.356164383561644,0.1643835616438356,88.26,3.534246575342466,41.03,3.780821917808219,1.479452054794521,09/09/1988 00:00,Italy,Defender,right,180.0,https://img.a.transfermarkt.technology/portrait/header/55769-1595925735.jpg?lm=1,700000,"[0.05015308330401087, 0.04966598785401302, 0.12203196347031965, 0.1255590505200687, 0.026168224299065422, 0.8545607398066415, 0.5078843226788432, 0.4558888888888889, 0.4202816963741213, 0.29720547945205483]"
Morten Thorsby,Genoa,1902,0.1315457413249211,0.0591482649842271,0.3312302839116719,6.482649842271294,0.4258675078864353,67.63,2.555205047318612,50.95,2.413249211356467,2.5078864353312302,05/05/1996 00:00,Norway,Midfield,right,188.0,https://img.a.transfermarkt.technology/portrait/header/226524-1725529624.jpg?lm=1,3000000,"[0.1383942500505272, 0.11214686989907773, 0.1229462407991588, 0.1954850363905433, 0.0677938618473422, 0.4209751996637241, 0.367192429022082, 0.5661111111111111, 0.22802746392222373, 0.5038065194532071]"
Patric,Lazio,604,0.1594370860927152,0.0104304635761589,0.1490066225165562,4.619205298013245,0.0,89.2,1.7880794701986755,53.33,4.321192052980132,0.7450331125827815,17/04/1993 00:00,Spain,Defender,right,184.0,https://img.a.transfermarkt.technology/portrait/header/126729-1695026786.jpg?lm=1,1500000,"[0.16773766856914926, 0.017098209176457768, 0.05530836092715229, 0.13420871948063634, 0.0, 0.8743169398907105, 0.25695364238410595, 0.5925555555555556, 0.4962472703339504, 0.1496688741721854]"
Reda Belahyane,Lazio,1848,0.0112012987012987,0.0326298701298701,0.0974025974025974,7.353896103896103,1.753246753246753,84.92,2.6785714285714284,31.82,5.941558441558441,1.7045454545454544,01/06/2004 00:00,Morocco,Midfield,right,173.0,https://img.a.transfermarkt.technology/portrait/header/982855-1757602905.jpg?lm=1,8500000,"[0.011784458529365525, 0.06040935624759301, 0.03615395021645022, 0.22413454044924874, 0.27909940526762955, 0.7843631778058007, 0.3849206349206349, 0.35355555555555557, 0.7240393978437476, 0.34242424242424235]"
Noah Okafor,SSC Napoli,469,0.2724946695095949,0.1669509594882729,1.343283582089552,6.908315565031983,2.686567164179104,80.0,1.343283582089552,36.36,2.11087420042644,1.535181236673774,24/05/2000 00:00,Switzerland,Attack,right,185.0,https://img.a.transfermarkt.technology/portrait/header/346890-1692879855.jpg?lm=1,18000000,"[0.28668123384091815, 0.3224704362085041, 0.4986007462686567, 0.20948235539096136, 0.4276747105593527, 0.6809583858764185, 0.19303482587064671, 0.404, 0.18551939443185222, 0.3084008528784648]"
Mohamed Kaba,Lecce,452,0.0736725663716814,0.0139380530973451,0.0,6.769911504424779,0.3982300884955752,80.7,3.384955752212389,42.86,3.7831858407079646,1.1946902654867255,27/10/2001 00:00,Guinea,Midfield,right,185.0,https://img.a.transfermarkt.technology/portrait/header/911328-1695033138.jpg?lm=1,3500000,"[0.07750809315158687, 0.023941532904491004, 0.0, 0.20493116490583652, 0.06339426019353238, 0.6956704497688104, 0.4864306784660766, 0.4762222222222222, 0.42061401814430727, 0.23999999999999994]"
Gaby Jean,Lecce,1387,0.0032444124008651,0.0077865897620764,0.0648882480173035,2.6604181687094446,0.129776496034607,84.53,1.4924297043979813,61.76,3.568853640951694,0.9733237202595528,19/02/2000 00:00,France,Defender,left,191.0,https://img.a.transfermarkt.technology/portrait/header/805886-1692033275.png?lm=1,2000000,"[0.003413322366425344, 0.011939998873754552, 0.024085255948089395, 0.06979721806831139, 0.020659124446630588, 0.7761664564943254, 0.21446767603941358, 0.6862222222222222, 0.39048306250335957, 0.19552992069214126]"
Nadir Zortea,Cagliari,2728,0.101282991202346,0.0735703812316715,0.3299120234604105,3.991935483870968,1.25366568914956,73.2,1.6165689149560118,36.17,3.1671554252199416,1.088709677419355,19/06/1999 00:00,Italy,Defender,right,187.0,https://img.a.transfermarkt.technology/portrait/header/392966-1730186481.jpg?lm=1,7500000,"[0.10655596653410873, 0.14028448683756517, 0.12245692815249266, 0.11358198066093908, 0.19957108011072436, 0.5380411937788987, 0.2323069403714565, 0.4018888888888889, 0.33401207432227925, 0.21870967741935485]"
Alan Matturro,Genoa,902,0.017960088691796,0.0259423503325942,0.2993348115299334,1.895787139689579,0.2993348115299334,79.81,2.494456762749446,48.48,2.5942350332594235,0.9977827050997784,11/10/2004 00:00,Uruguay,Defender,left,189.0,https://img.a.transfermarkt.technology/portrait/header/861981-1692967519.jpg?lm=1,4000000,"[0.018895123325981623, 0.04736197352679125, 0.11110726164079822, 0.0446535810345488, 0.04765111797252211, 0.6769651113913409, 0.35846267553584626, 0.5386666666666666, 0.25347056476101365, 0.20044345898004434]"
Jesper Karlsson,Lecce,800,0.1473749999999999,0.06075,0.7875,7.199999999999999,0.8999999999999999,77.06,0.4499999999999999,23.08,2.25,1.125,25/07/1998 00:00,Sweden,Attack,right,179.0,https://img.a.transfermarkt.technology/portrait/header/367992-1739281929.jpg?lm=1,4000000,"[0.15504760850309998, 0.1152718624825182, 0.29230468750000005, 0.21907391953482688, 0.14327102803738317, 0.6191677175283734, 0.06466666666666665, 0.2564444444444444, 0.20507778696563522, 0.22599999999999998]"
Mattia Felici,Cagliari,923,0.0594799566630552,0.071180931744312,0.5850487540628385,8.678223185265438,1.852654387865656,72.84,2.340195016251354,41.18,4.972914409534128,1.7551462621885157,17/04/2001 00:00,Italy,Attack,right,182.0,https://img.a.transfermarkt.technology/portrait/header/600041-1730125232.jpg?lm=1,2800000,"[0.06257659056471411, 0.13562265959836922, 0.21715872156013002, 0.2676828639989953, 0.2949241097194238, 0.5304749894913829, 0.33629469122426864, 0.45755555555555555, 0.5878668097119475, 0.3525893824485373]"
Pedro Pereira,Monza,2691,0.040133779264214,0.0471571906354515,0.2006688963210702,5.451505016722408,0.4682274247491639,83.14,2.4749163879598663,40.3,2.9431438127090304,1.605351170568562,03/01/1984 00:00,Portugal,Attack,right,170.0,https://img.a.transfermarkt.technology/portrait/header/56798-1485351301.jpg?lm=1,75000,"[0.04222321625179093, 0.08875222719076103, 0.07448439241917504, 0.16157753036626182, 0.07453713833234354, 0.7469525010508618, 0.3556546513068252, 0.4477777777777778, 0.3025203807396123, 0.3224972129319955]"
Adrien Tamèze,Torino,659,0.0532625189681335,0.0969650986342943,0.4097116843702579,7.784522003034902,0.5462822458270107,87.93,2.04855842185129,57.89,3.4142640364188166,1.0925644916540214,04/02/1994 00:00,France,Midfield,right,182.0,https://img.a.transfermarkt.technology/portrait/header/157507-1663672063.jpg?lm=1,2000000,"[0.05603546184128994, 0.18592769102237489, 0.15207701062215478, 0.23829496671283204, 0.08696268773134033, 0.8476250525430855, 0.29438543247344456, 0.6432222222222223, 0.3687507585283684, 0.21948406676783005]"
Iker Bravo,Udinese,688,0.1177325581395348,0.0562499999999999,0.5232558139534883,7.848837209302325,1.438953488372093,84.7,1.438953488372093,29.27,3.924418604651162,1.569767441860465,13/01/2005 00:00,Spain,Attack,right,182.0,https://img.a.transfermarkt.technology/portrait/header/741292-1753444385.jpg?lm=1,5000000,"[0.12386192761653647, 0.10649234122150815, 0.19422238372093023, 0.2404098667636612, 0.22906705064116498, 0.7797393862967634, 0.20678294573643408, 0.32522222222222225, 0.4404686090562658, 0.3153488372093023]"
Mattia De Sciglio,Empoli,781,0.0702944942381562,0.028809218950064,0.3457106274007682,2.765685019206146,0.115236875800256,77.65,2.9961587708066584,75.0,3.1113956466069146,0.9218950064020488,20/10/1992 00:00,Italy,Defender,right,183.0,https://img.a.transfermarkt.technology/portrait/header/88682-1663577192.jpg?lm=1,1000000,"[0.07395415248557129, 0.05295524774447968, 0.12832106274007682, 0.07325874575960738, 0.01834456184857658, 0.6315678856662463, 0.4305591122492531, 0.8333333333333334, 0.3261733295240235, 0.18519846350832267]"
Filippo Terracciano,AC Milan,550,0.0278181818181818,0.013090909090909,0.1636363636363636,4.909090909090909,0.0,89.69,2.4545454545454546,66.67,3.4363636363636365,1.8,08/02/2003 00:00,Italy,Defender,right,186.0,https://img.a.transfermarkt.technology/portrait/header/631007-1739283881.jpg?lm=1,4500000,"[0.029266446573798195, 0.022288750945459273, 0.06073863636363636, 0.1437411322517873, 0.0, 0.8846153846153846, 0.3527272727272727, 0.7407777777777779, 0.3718575342082582, 0.3616]"
Jean-Daniel Akpa Akpro,Monza,970,0.0315463917525773,0.0194845360824742,0.1855670103092783,5.103092783505154,1.11340206185567,80.62,3.989690721649484,40.74,5.010309278350515,2.22680412371134,11/10/1992 00:00,Cote d'Ivoire,Midfield,right,180.0,https://img.a.transfermarkt.technology/portrait/header/170481-1739282767.jpg?lm=1,500000,"[0.03318875384657527, 0.03476274741377329, 0.06887886597938143, 0.15012056563731715, 0.1772425089122266, 0.6939890710382515, 0.5733333333333333, 0.4526666666666667, 0.5931238039236755, 0.4473402061855669]"
Saba Goglichidze,Empoli,2546,0.0106048703849175,0.0077769049489395,0.0,2.509819324430479,0.1413982717989002,78.38,3.428908091123331,37.5,3.817753338570306,0.9190887666928516,25/06/2004 00:00,Georgia,Defender,right,192.0,https://img.a.transfermarkt.technology/portrait/header/906160-1732017345.jpg?lm=1,4500000,"[0.01115697907831592, 0.011921103757566925, 0.0, 0.06484502212733806, 0.022509195292597508, 0.6469104665825975, 0.49274679235401936, 0.4166666666666667, 0.4254735387664685, 0.18463472113118615]"
Christian Gytkjaer,Venezia,768,0.20859375,0.033984375,0.703125,3.3984375,0.1171875,56.13,0.703125,29.63,1.7578125,1.2890625,06/05/1990 00:00,Denmark,Attack,right,185.0,https://img.a.transfermarkt.technology/portrait/header/76274-1661763625.jpg?lm=1,800000,"[0.21945351712429878, 0.06305200164880342, 0.26098632812500006, 0.09406577307798235, 0.018655081775700934, 0.1792770071458596, 0.10104166666666665, 0.32922222222222225, 0.13588575820657295, 0.2589583333333333]"
Francesco Zampano,Venezia,1648,0.0628033980582524,0.0382281553398058,0.2184466019417476,5.242718446601942,0.4368932038834952,76.96,2.020631067961165,37.93,4.205097087378641,1.3106796116504855,30/09/1993 00:00,Italy,Midfield,right,177.0,https://img.a.transfermarkt.technology/portrait/header/216872-1758807325.png?lm=1,800000,"[0.06607305631755911, 0.07133163714222134, 0.08108313106796118, 0.15471192651630764, 0.06954904273659379, 0.6170659941151744, 0.2903721682847896, 0.42144444444444445, 0.4799265669461546, 0.2633009708737864]"
Woyo Coulibaly,Parma,1085,0.0116129032258064,0.0671889400921659,0.0,7.714285714285714,0.663594470046083,88.37,1.7419354838709675,50.0,4.976958525345622,0.9953917050691244,26/05/1999 00:00,Mali,Defender,both,182.0,https://img.a.transfermarkt.technology/portrait/header/592975-1725530223.jpg?lm=1,2000000,"[0.012217491928340755, 0.12783426502419354, 0.0, 0.2359853615779582, 0.10563762435936087, 0.8568726355611602, 0.2503225806451612, 0.5555555555555556, 0.5884353340599529, 0.199963133640553]"
Ola Solbakken,Empoli,764,0.0918848167539267,0.0400523560209424,0.3534031413612565,6.596858638743456,0.824607329842932,73.02,1.0602094240837696,31.03,2.238219895287958,0.9424083769633508,07/09/1998 00:00,Norway,Attack,left,189.0,https://img.a.transfermarkt.technology/portrait/header/431811-1673251136.jpg?lm=1,2500000,"[0.09666850616075942, 0.07489066128986298, 0.13117637434554974, 0.19924060530623308, 0.1312692665263982, 0.5342580916351407, 0.15235602094240835, 0.3447777777777778, 0.20342173242540335, 0.18931937172774868]"
Lameck Banda,Lecce,609,0.1788177339901477,0.1226600985221674,0.5911330049261084,4.876847290640394,1.477832512315271,84.96,1.477832512315271,13.33,4.433497536945813,1.477832512315271,29/01/2001 00:00,Zambia,Attack,right,169.0,https://img.a.transfermarkt.technology/portrait/header/545538-1663744937.jpg?lm=1,3000000,"[0.18812730797703758, 0.23605875720398095, 0.21941707717569792, 0.14268085375378534, 0.23525620367386402, 0.7852038671710801, 0.21237000547345372, 0.1481111111111111, 0.5120352460065424, 0.29688013136288993]"
Mirko Marić,Venezia,476,0.1720588235294117,0.0472689075630252,0.1890756302521008,6.61764705882353,0.5672268907563025,73.29,1.7016806722689075,35.85,2.8361344537815127,0.9453781512605042,16/05/1995 00:00,Croatia,Attack,left,188.0,https://img.a.transfermarkt.technology/portrait/header/215649-1661764396.jpg?lm=1,500000,"[0.18101651643828473, 0.08897018744428282, 0.0701811974789916, 0.19992419839775172, 0.09029686641011546, 0.5399327448507778, 0.24453781512605038, 0.3983333333333334, 0.2874769376607011, 0.18991596638655459]"
Gaetano Castrovilli,Monza,759,0.0462450592885375,0.0782608695652174,0.0,7.944664031620553,0.7114624505928854,82.15,2.608695652173913,14.29,4.150197628458498,1.4229249011857708,17/02/1997 00:00,Italy,Midfield,right,187.0,https://img.a.transfermarkt.technology/portrait/header/303116-1730126731.jpg?lm=1,750000,"[0.04865266054467728, 0.14943565173731735, 0.0, 0.24356097461440704, 0.11325772967382071, 0.7261454392601934, 0.3748792270531401, 0.15877777777777777, 0.47220876643220516, 0.28584980237154145]"
Issa Doumbia,Venezia,944,0.1020127118644067,0.018114406779661,0.4766949152542373,5.911016949152542,1.048728813559322,78.6,2.192796610169492,46.15,4.290254237288136,1.7161016949152543,16/10/2003 00:00,Italy,Midfield,right,187.0,https://img.a.transfermarkt.technology/portrait/header/924349-1730186334.jpg?lm=1,0,"[0.10732367777093865, 0.03208961867057748, 0.17693988347457631, 0.17668782644791084, 0.16694717250118804, 0.651534258091635, 0.3151129943502825, 0.5127777777777778, 0.49189801271748684, 0.3447457627118644]"
Loum Tchaouna,Lazio,653,0.3431852986217458,0.1019908116385911,1.10260336906585,8.683001531393568,0.6891271056661562,76.3,1.653905053598775,15.63,2.4808575803981623,1.3782542113323124,08/09/2003 00:00,France,Attack,left,180.0,https://img.a.transfermarkt.technology/portrait/header/607226-1695710683.jpg?lm=1,15000000,"[0.3610521446970242, 0.19573288083858761, 0.40926493108728956, 0.2678399920726773, 0.10970216541912954, 0.6031946195880622, 0.23767228177641653, 0.1736666666666667, 0.23753189102589112, 0.27687595712098007]"
Flavius Daniliuc,Hellas Verona,1004,0.0134462151394422,0.0125498007968127,0.1792828685258964,4.392430278884462,0.3585657370517928,84.05,2.958167330677291,52.78,3.944223107569721,1.0756972111553786,27/04/2001 00:00,Austria,Defender,right,188.0,https://img.a.transfermarkt.technology/portrait/header/322655-1727704012.jpg?lm=1,3000000,"[0.014146249369219282, 0.021233046107119888, 0.06654631474103587, 0.126751594994585, 0.05708009085154708, 0.766078184110971, 0.4250996015936255, 0.5864444444444444, 0.4432527385506147, 0.2160956175298805]"
Giovanni Fabbian,Bologna,1023,0.2058651026392961,0.0492668621700879,0.4398826979472141,4.39882697947214,0.1759530791788856,75.38,1.0557184750733135,34.55,2.727272727272727,1.847507331378299,14/01/2003 00:00,Italy,Midfield,right,190.0,https://img.a.transfermarkt.technology/portrait/header/633668-1695027735.jpg?lm=1,10000000,"[0.21658281145695063, 0.09286820632233604, 0.16327590420332358, 0.12696193999980457, 0.02800997615589114, 0.5838587641866329, 0.15171065493646135, 0.3838888888888889, 0.27217308758048353, 0.3711436950146627]"
Dailon Livramento,Hellas Verona,953,0.1709338929695698,0.0821615949632738,0.3777544596012592,5.288562434417629,0.5666316894018888,59.63,1.6998950682056664,38.37,1.983210912906611,1.983210912906611,04/05/2001 00:00,Cape Verde,Attack,right,185.0,https://img.a.transfermarkt.technology/portrait/header/676411-1664798687.jpg?lm=1,0,"[0.17983301996306478, 0.15704598541856118, 0.1402151101783841, 0.15621943084986237, 0.09020211628796423, 0.25283732660781855, 0.24428121720881427, 0.42633333333333334, 0.167572409062357, 0.39840503672612804]"
Joël Schingtienne,Venezia,1121,0.0,0.0112399643175735,0.0,3.9339875111507583,0.4014272970561998,86.22,3.2917038358608384,22.22,3.9339875111507583,0.5619982158786797,14/08/2002 00:00,Belgium,Defender,right,188.0,https://img.a.transfermarkt.technology/portrait/header/707809-1713280148.png?lm=1,2000000,"[0.0, 0.018677548947580593, 0.0, 0.11167645664004366, 0.06390322392389972, 0.8116855821773854, 0.4730300327088908, 0.24688888888888888, 0.4418138119590474, 0.11289919714540586]"
Yann Karamoh,Torino,1058,0.1046313799621928,0.0850661625708884,0.5103969754253308,6.12476370510397,1.0207939508506616,72.73,0.6805293005671077,35.71,3.572778827977316,1.0207939508506616,08/07/1998 00:00,France,Attack,right,184.0,https://img.a.transfermarkt.technology/portrait/header/324804-1663596515.jpg?lm=1,2500000,"[0.11007867845643549, 0.1627128105441374, 0.18944943289224955, 0.18371653787187175, 0.16250022083635143, 0.5281630937368644, 0.09779458097038436, 0.3967777777777778, 0.3910348677677385, 0.20506616257088844]"
Brooke Norton-Cuffy,Genoa,721,0.0324549237170596,0.0162274618585298,0.2496532593619972,3.61997226074896,0.8737864077669903,79.91,1.87239944521498,42.86,3.245492371705964,0.8737864077669903,12/01/2004 00:00,England,Defender,right,181.0,https://img.a.transfermarkt.technology/portrait/header/728733-1736498622.jpg?lm=1,0,"[0.034144585624974626, 0.028408180214260625, 0.09266643550624133, 0.10135058026370874, 0.13909808547318758, 0.6790668348045397, 0.26907073509015267, 0.4762222222222222, 0.34502473160056846, 0.17553398058252426]"
Antonio Candela,Venezia,1011,0.0311572700296735,0.0471810089020771,0.0,5.074183976261128,0.5341246290801187,77.95,3.471810089020772,51.85,3.382789317507419,1.2462908011869438,27/04/2000 00:00,Italy,Defender,right,185.0,https://img.a.transfermarkt.technology/portrait/header/392881-1717659772.jpg?lm=1,900000,"[0.03277937374443556, 0.088798696741481, 0.0, 0.14916994693517718, 0.08502731634266064, 0.6378730559058428, 0.4989119683481702, 0.5761111111111111, 0.36432602271914766, 0.25036597428288826]"
Marcus Pedersen,Torino,1377,0.0352941176470588,0.0241830065359477,0.196078431372549,4.57516339869281,0.457516339869281,77.93,1.699346405228758,24.0,2.810457516339869,1.0457516339869282,08/06/1990 00:00,Norway,Attack,right,180.0,https://img.a.transfermarkt.technology/portrait/header/41609-1611235147.jpeg?lm=1,100000,"[0.03713159311554558, 0.04392948546721709, 0.07278050108932461, 0.1327604738709728, 0.07283204039663632, 0.6374527112232031, 0.2442023723069474, 0.26666666666666666, 0.28386725762228715, 0.21007988380537398]"
Samuele Vignato,Monza,467,0.0501070663811563,0.0462526766595289,0.1927194860813704,9.25053533190578,0.7708779443254817,82.24,1.1563169164882223,26.32,2.312633832976445,0.5781584582441113,24/02/2004 00:00,Italy,Midfield,right,172.0,https://img.a.transfermarkt.technology/portrait/header/650966-1707129316.jpg?lm=1,3500000,"[0.05271573069723067, 0.08698751615020704, 0.07153372591006424, 0.28650241007938904, 0.12271608397206268, 0.7280369903320723, 0.16616702355460378, 0.29244444444444445, 0.21388289065599003, 0.11614561027837256]"
Matteo Prati,Cagliari,579,0.0170984455958549,0.0652849740932642,0.0,5.595854922279792,0.466321243523316,72.54,2.6424870466321244,12.5,3.730569948186528,1.243523316062176,28/12/2003 00:00,Italy,Midfield,right,185.0,https://img.a.transfermarkt.technology/portrait/header/876298-1686214955.jpg?lm=1,6000000,"[0.017988621535251343, 0.1241196183647275, 0.0, 0.166324240208583, 0.07423369328361822, 0.5241698192517865, 0.37973517559009784, 0.1388888888888889, 0.41321724283301436, 0.2498100172711571]"
Paweł Dawidowicz,Hellas Verona,1853,0.0145709660010793,0.0082568807339449,0.0,3.545601726929304,0.0971397733405288,83.42,3.157042633567188,52.38,2.62277388019428,1.7485159201295195,20/05/1995 00:00,Poland,Defender,both,189.0,https://img.a.transfermarkt.technology/portrait/header/248732-1769416411.png?lm=1,2000000,"[0.015329556790821545, 0.012857538781839102, 0.0, 0.09890502726180458, 0.015463683544239944, 0.7528373266078185, 0.4536787191940996, 0.5820000000000001, 0.25748257383858486, 0.3512574203993523]"
Achraf Hakimi,Paris Saint-Germain,2067,0.1297532656023222,0.2316400580551524,0.5660377358490567,30.04354136429608,1.1320754716981134,90.88,3.4397677793904213,40.91,5.921625544267054,0.8272859216255444,04/11/1998 00:00,Morocco,Defender,right,181.0,https://img.a.transfermarkt.technology/portrait/header/398073-1672304327.jpg?lm=1,80000000,"[0.13650845480649781, 0.4486791731470551, 0.21010220125786172, 0.9702463031168175, 0.18021512960677133, 0.9096258932324506, 0.4943073697790679, 0.45455555555555555, 0.7212372185875962, 0.166192549588776]"
Ousmane Dembélé,Paris Saint-Germain,1736,0.8206797235023042,0.3722350230414746,2.644009216589862,23.58870967741936,2.17741935483871,83.21,1.036866359447005,40.0,2.02188940092166,0.4147465437788019,15/05/1997 00:00,France,Attack,both,178.0,https://img.a.transfermarkt.technology/portrait/header/288230-1684148641.jpg?lm=1,100000000,"[0.8634057911858707, 0.7229806141000217, 0.9814048099078344, 0.7579897520625165, 0.3466234549291529, 0.7484237074401008, 0.14900153609831032, 0.4444444444444445, 0.17300985526953278, 0.08331797235023042]"
Rayan Cherki,Olympique Lyonnais,2053,0.2196298100340964,0.514223088163663,0.8329274232830005,20.69167072576717,2.104237700925475,84.13,0.9644422795908428,33.33,3.638577691183634,0.7014125669751583,17/08/2003 00:00,France,Midfield,both,177.0,https://img.a.transfermarkt.technology/portrait/header/607223-1773302431.jpg?lm=1,50000000,"[0.2310641343632015, 1.0, 0.3091664637116416, 0.6627253786478166, 0.3349736651629027, 0.7677595628415299, 0.13859392758564704, 0.37033333333333335, 0.4002849134013337, 0.1409059912323429]"
Mason Greenwood,Olympique de Marseille,2814,0.2980810234541578,0.2507462686567164,1.791044776119403,13.84861407249467,1.7270788912579955,83.25,1.5031982942430704,53.33,2.814498933901919,0.767590618336887,01/10/2001 00:00,England,Attack,both,181.0,https://img.a.transfermarkt.technology/portrait/header/532826-1693987766.jpg?lm=1,50000000,"[0.31359965955368047, 0.48595548030122454, 0.6648009950248758, 0.4377026864456567, 0.27493374250244107, 0.7492643968053805, 0.21601516228381898, 0.5925555555555556, 0.2844354026486861, 0.1542004264392324]"
Vitinha,Paris Saint-Germain,2035,0.0818181818181818,0.1667321867321867,0.6191646191646192,28.48157248157248,1.194103194103194,93.75,2.520884520884521,16.67,6.368550368550369,0.398034398034398,13/02/2000 00:00,Portugal,Midfield,right,172.0,https://img.a.transfermarkt.technology/portrait/header/487469-1749415169.jpg?lm=1,110000000,"[0.08607778404058296, 0.3220436095277511, 0.22982186732186738, 0.9188835187741832, 0.19008932466876394, 0.9699453551912569, 0.36226044226044224, 0.18522222222222226, 0.7840661918852723, 0.07996068796068795]"
Khvicha Kvaratskhelia,Paris Saint-Germain,920,0.3208695652173913,0.3727173913043478,1.4673913043478262,21.619565217391305,2.4456521739130435,89.35,2.0543478260869565,37.5,2.641304347826088,1.173913043478261,12/02/2001 00:00,Georgia,Attack,both,183.0,https://img.a.transfermarkt.technology/portrait/header/502670-1777411223.jpg?lm=1,90000000,"[0.33757461393306887, 0.7239217168599175, 0.5446671195652175, 0.6932376668202322, 0.38932344575375866, 0.8774695250105085, 0.2952173913043478, 0.4166666666666667, 0.2600875986498588, 0.23582608695652174]"
Kang-in Lee,Paris Saint-Germain,1665,0.1897297297297297,0.3481081081081081,0.7567567567567568,26.864864864864863,1.5675675675675675,92.0,1.5135135135135136,33.33,3.945945945945946,1.135135135135135,19/02/2001 00:00,"Korea, South",Midfield,left,173.0,https://img.a.transfermarkt.technology/portrait/header/557149-1703978046.jpg?lm=1,25000000,"[0.19960740191032483, 0.6759088890733401, 0.2808933933933935, 0.8657207409618279, 0.24954112991496172, 0.9331651954602773, 0.2174974974974975, 0.37033333333333335, 0.4434949362546908, 0.228036036036036]"
João Neves,Paris Saint-Germain,1857,0.1444264943457189,0.189983844911147,0.5815831987075929,17.68982229402262,0.7754442649434572,92.22,4.168012924071083,64.71,5.961227786752827,0.8239095315024233,27/09/2004 00:00,Portugal,Midfield,right,174.0,https://img.a.transfermarkt.technology/portrait/header/670681-1701295511.jpg?lm=1,110000000,"[0.15194559832257995, 0.3674077044912878, 0.21587237479806143, 0.5640145174172642, 0.12344299669349117, 0.9377889869693148, 0.5989588942739186, 0.719, 0.726804526780102, 0.16551427032848678]"
Andrey Santos,RC Strasbourg,2857,0.1593979698984949,0.0614280714035701,0.504025201260063,7.150857542877144,0.5670283514175709,88.61,4.473223661183059,60.61,5.92229611480574,0.9135456772838644,03/05/2004 00:00,Brazil,Midfield,right,180.0,https://img.a.transfermarkt.technology/portrait/header/743600-1732576153.png?lm=1,40000000,"[0.16769651591525542, 0.1165947829945463, 0.1870843542177109, 0.21745795044915142, 0.09026526092659774, 0.8619167717528373, 0.642818807607047, 0.6734444444444445, 0.72133148781629, 0.18352117605880297]"
Mika Biereth,AS Monaco,1237,0.7101050929668553,0.2357316087308003,1.746160064672595,6.329830234438157,0.0727566693613581,64.04,0.6548100242522231,39.58,1.673403395311237,1.3823767178658044,08/02/2003 00:00,Denmark,Attack,right,187.0,https://img.a.transfermarkt.technology/portrait/header/565821-1736777758.jpg?lm=1,22000000,"[0.747074445804122, 0.45666180784646615, 0.6481406628940988, 0.19045981428319078, 0.011582136462197506, 0.3455233291298867, 0.0940986257073565, 0.43977777777777777, 0.1240194731035348, 0.27770412287793045]"
Adrien Rabiot,Olympique de Marseille,2483,0.2631494160289971,0.1377366089407974,0.8699154248892469,15.839710028191703,0.9424083769633508,86.84,2.537253322593637,57.38,4.494563028594443,1.9210632299637536,03/04/1995 00:00,France,Midfield,left,191.0,https://img.a.transfermarkt.technology/portrait/header/182913-1681462009.jpg?lm=1,20000000,"[0.2768494495964944, 0.26547310026224724, 0.3228956906967379, 0.5031766106122081, 0.15002201888731223, 0.8247162673392183, 0.3646126996912337, 0.6375555555555557, 0.5206198712851978, 0.38592025775271843]"
Jonathan Clauss,Nice,2311,0.086845521419299,0.265599307659022,0.3115534400692341,10.359151882302037,0.4283859800951969,77.51,3.8944180008654254,60.71,4.439636520986586,1.0125486802250108,25/09/1992 00:00,France,Defender,right,178.0,https://img.a.transfermarkt.technology/portrait/header/175639-1756827010.jpg?lm=1,4500000,"[0.09136685601538296, 0.5149338295704136, 0.11564257897014281, 0.32295744668510495, 0.06819477751671203, 0.628625472887768, 0.5596422904947351, 0.6745555555555556, 0.5128982682496926, 0.20340977931631324]"
Przemyslaw Frankowski,RC Lens,1388,0.0460374639769452,0.1899855907780979,0.4538904899135446,18.155619596541783,0.3890489913544668,83.45,3.306916426512968,53.33,3.9553314121037455,1.1671469740634006,12/04/1995 00:00,Poland,Defender,right,175.0,https://img.a.transfermarkt.technology/portrait/header/239743-1669189009.jpg?lm=1,7000000,"[0.04843425744646631, 0.3674111106859576, 0.16847532420749278, 0.5793314975833191, 0.061932721053623845, 0.7534678436317781, 0.47521613832853016, 0.5925555555555556, 0.444814350998681, 0.23446685878962534]"
Pierre-Emile Højbjerg,Olympique de Marseille,2666,0.1107276819204801,0.150225056264066,0.2700675168792198,17.250562640660164,0.2363090772693173,92.71,3.578394598649662,52.5,5.772693173293323,1.0127531882970742,05/08/1995 00:00,Denmark,Midfield,right,185.0,https://img.a.transfermarkt.technology/portrait/header/167799-1629882773.jpg?lm=1,18000000,"[0.11649236489813329, 0.28983811999372233, 0.10024381095273821, 0.5495701843094652, 0.03761804937215612, 0.9480874316939889, 0.5142285571392847, 0.5833333333333334, 0.7003002120696131, 0.2034508627156789]"
Gaëtan Perrin,Auxerre,2704,0.2026997041420118,0.1574334319526627,0.8653846153846154,8.587278106508876,1.9970414201183435,78.48,2.030325443786982,18.75,4.127218934911243,0.7988165680473372,07/06/1996 00:00,France,Attack,right,169.0,https://img.a.transfermarkt.technology/portrait/header/353404-1672330321.jpg?lm=1,2000000,"[0.2132526166005419, 0.30390169501936265, 0.3212139423076924, 0.2646922842769127, 0.3179090858817675, 0.6490121899957966, 0.2917652859960552, 0.20833333333333334, 0.46897840721997947, 0.16047337278106508]"
Désiré Doué,Paris Saint-Germain,1734,0.2667820069204152,0.2942906574394464,1.0380622837370244,18.529411764705884,2.95847750865052,86.12,3.166089965397924,44.44,4.826989619377163,1.453287197231834,03/06/2005 00:00,France,Attack,right,181.0,https://img.a.transfermarkt.technology/portrait/header/914562-1667317075.jpg?lm=1,90000000,"[0.28067115972632994, 0.5709107885491481, 0.3853085351787775, 0.5916230398379262, 0.4709601267664847, 0.8095838587641868, 0.4549788542868128, 0.49377777777777776, 0.5673526107995395, 0.2919492502883506]"
Dilane Bakwa,RC Strasbourg,2509,0.1563969709047429,0.2145077720207254,0.7891590275009964,10.115583897967316,1.7935432443204464,81.26,1.470705460342766,57.89,3.3001195695496217,1.040255081705859,26/08/2002 00:00,France,Attack,left,180.0,https://img.a.transfermarkt.technology/portrait/header/540664-1775762611.jpg?lm=1,32000000,"[0.16453927949726418, 0.4152540021495098, 0.29292048624950184, 0.3149481130866404, 0.2855142049369932, 0.707440100882724, 0.21134582170851599, 0.6432222222222223, 0.3527042574808994, 0.2089756875249103]"
Maghnes Akliouche,AS Monaco,2409,0.3168119551681195,0.2925280199252802,0.7098381070983811,16.662515566625157,1.8679950186799503,84.87,2.4657534246575343,17.86,4.8941469489414695,1.158156911581569,25/02/2002 00:00,France,Attack,left,183.0,https://img.a.transfermarkt.technology/portrait/header/745200-1717406573.jpg?lm=1,45000000,"[0.33330575738088747, 0.5674718744311315, 0.2634781029472811, 0.5302332209544008, 0.29736618521665253, 0.7833123160992015, 0.35433789954337896, 0.19844444444444445, 0.5767936304893839, 0.23266085512660853]"
Corentin Tolisso,Olympique Lyonnais,2340,0.2061538461538461,0.1865384615384615,0.7692307692307693,15.23076923076923,0.4230769230769231,86.09,3.0384615384615383,46.55,4.923076923076923,1.6923076923076923,03/08/1994 00:00,France,Midfield,right,181.0,https://img.a.transfermarkt.technology/portrait/header/190393-1672830594.jpg?lm=1,5000000,"[0.21688658748003295, 0.36068574525288283, 0.28552350427350437, 0.4831525914391086, 0.06734962856458183, 0.808953341740227, 0.4366381766381766, 0.5172222222222222, 0.5808606244751704, 0.33996581196581194]"
Nuno Mendes,Paris Saint-Germain,1683,0.1171122994652406,0.2192513368983957,0.4812834224598931,16.31016042780749,1.6577540106951871,88.59,2.5668449197860963,59.26,5.775401069518717,0.6951871657754011,19/06/2002 00:00,Portugal,Defender,left,180.0,https://img.a.transfermarkt.technology/portrait/header/616341-1749417164.jpg?lm=1,75000000,"[0.12320937715612854, 0.42450871963761777, 0.17864304812834228, 0.5186466002430116, 0.263897912605994, 0.8614964270701977, 0.36886512180629827, 0.6584444444444445, 0.7006808898265736, 0.1396553773024361]"
Marquinhos,Paris Saint-Germain,1725,0.0563478260869565,0.0500869565217391,0.1565217391304347,13.513043478260869,0.1565217391304347,95.09,2.139130434782609,64.0,5.373913043478261,0.9391304347826086,14/05/1994 00:00,Brazil,Defender,right,183.0,https://img.a.transfermarkt.technology/portrait/header/181767-1672303747.jpg?lm=1,30000000,"[0.05928139561751452, 0.09446821427708177, 0.0580978260869565, 0.42666799794833765, 0.02491670052824054, 0.9981084489281211, 0.3074009661835749, 0.7111111111111111, 0.6442394502446859, 0.18866086956521735]"
Lamine Camara,AS Monaco,2064,0.0998546511627907,0.2171511627906976,0.3924418604651162,12.209302325581396,0.5232558139534884,87.36,4.229651162790698,52.27,6.671511627906977,1.962209302325581,01/01/2004 00:00,Senegal,Midfield,right,173.0,https://img.a.transfermarkt.technology/portrait/header/918969-1726834088.jpg?lm=1,30000000,"[0.10505326453402546, 0.4204112700308716, 0.14566678779069767, 0.383796608892924, 0.08329710932406, 0.835645229087852, 0.6078165374677003, 0.5807777777777778, 0.8266566765487068, 0.3941860465116278]"
Fabián Ruiz,Paris Saint-Germain,1929,0.1936236391912908,0.23701399688958,0.5598755832037325,20.575427682737168,0.6531881804043546,90.99,2.472783825816485,38.46,6.298600311041991,0.2799377916018662,03/04/1996 00:00,Spain,Midfield,left,189.0,https://img.a.transfermarkt.technology/portrait/header/350219-1718958379.jpg?lm=1,40000000,"[0.20370403532672954, 0.45916375320310476, 0.20781493001555215, 0.6589029168711961, 0.10398104678711066, 0.9119377889869691, 0.35534819422844305, 0.42733333333333334, 0.7742325687420235, 0.05623639191290823]"
Jubal,Auxerre,2643,0.0691259931895573,0.0275822928490351,0.3745743473325766,1.7707150964812712,0.1021566401816118,87.01,2.894438138479001,68.18,3.064699205448354,0.9194097616345064,29/08/1993 00:00,Brazil,Defender,right,190.0,https://img.a.transfermarkt.technology/portrait/header/149928-1753530529.png?lm=1,2000000,"[0.0727248171633075, 0.050561509124552775, 0.13903471433976544, 0.040540792070789575, 0.016262318732960634, 0.8282891971416562, 0.4159414806406861, 0.7575555555555556, 0.31960871441374744, 0.18469920544835416]"
Bradley Barcola,Paris Saint-Germain,2192,0.5575729927007299,0.2434762773722627,1.6012773722627738,16.094890510948908,1.395985401459854,83.45,1.8886861313868613,66.67,2.7509124087591244,1.2317518248175183,02/09/2002 00:00,France,Attack,right,182.0,https://img.a.transfermarkt.technology/portrait/header/708265-1780063967.jpg?lm=1,70000000,"[0.5866012490867831, 0.47177169295695404, 0.5943630246350367, 0.5115678021713213, 0.22222695954703597, 0.7534678436317781, 0.2714111922141119, 0.7407777777777779, 0.2754963688935235, 0.24744525547445254]"
Evann Guessand,Nice,2586,0.3194895591647331,0.184106728538283,0.9396751740139212,6.577726218097448,1.705336426914153,77.2,2.0533642691415315,45.45,3.410672853828306,1.566125290023202,01/07/2001 00:00,Cote d'Ivoire,Attack,right,188.0,https://img.a.transfermarkt.technology/portrait/header/500689-1765812945.jpg?lm=1,28000000,"[0.33612276227448057, 0.3559414226804014, 0.3487891531322507, 0.1986114670394835, 0.2714725589262094, 0.6221101303068517, 0.29507605052848673, 0.505, 0.3682459078178533, 0.3146171693735499]"
Benjamin André,Lille,2693,0.0464537690308206,0.0895655402896398,0.1336799108800594,13.869290753806164,0.3007797994801336,83.9,5.046416635722244,53.89,6.316375789082808,1.6709988860007428,03/08/1990 00:00,France,Midfield,right,180.0,https://img.a.transfermarkt.technology/portrait/header/84301-1666690769.jpg?lm=1,4000000,"[0.0488722360928523, 0.17149111773149112, 0.04961938358707761, 0.43838260519107486, 0.04788114564932969, 0.762925598991173, 0.7251887609852706, 0.5987777777777779, 0.7767314566410585, 0.3356851095432603]"
Gaëtan Laborde,Nice,1838,0.4044613710554952,0.1273122959738846,1.2731229597388467,6.120783460282917,0.88139281828074,73.29,1.2241566920565834,50.52,2.399347116430904,1.4200217627856366,03/05/1994 00:00,France,Attack,left,181.0,https://img.a.transfermarkt.technology/portrait/header/181378-1739972757.jpg?lm=1,10000000,"[0.4255183600613368, 0.2451352164123736, 0.4725584874863984, 0.18358565405041039, 0.1403089501998312, 0.5399327448507778, 0.1759158505622053, 0.5613333333333334, 0.22607309866121905, 0.28526659412404787]"
Kevin Danso,RC Lens,1080,0.0458333333333333,0.0325,0.1666666666666666,7.083333333333333,0.0833333333333333,86.01,3.25,64.06,4.916666666666667,2.25,19/09/1998 00:00,Austria,Defender,right,190.0,https://img.a.transfermarkt.technology/portrait/header/263236-1691217955.png?lm=1,22000000,"[0.04821949939310432, 0.0601559790106231, 0.06186342592592591, 0.21523752758985729, 0.013265835929387328, 0.8072719630096681, 0.46703703703703703, 0.7117777777777778, 0.5799594665914545, 0.45199999999999996]"
Emmanuel Agbadou,Stade de Reims,1260,0.0378571428571428,0.0249999999999999,0.2142857142857142,6.642857142857143,0.6428571428571429,88.07,3.142857142857143,58.06,6.071428571428571,0.9285714285714286,17/06/1997 00:00,Cote d'Ivoire,Defender,right,192.0,https://img.a.transfermarkt.technology/portrait/header/683895-1770396716.jpg?lm=1,9000000,"[0.039828054044174444, 0.045523443575606504, 0.07953869047619046, 0.20075319065476796, 0.10233644859813086, 0.8505674653215636, 0.4516402116402116, 0.6451111111111112, 0.7422966225008493, 0.18653968253968253]"
Ludovic Blas,Stade Rennais,2302,0.1954821894005212,0.2126846220677671,1.0165073848827106,10.82971329278888,1.7202432667245873,81.64,1.993918331885317,24.0,3.4404865334491745,1.2119895742832318,31/12/1997 00:00,France,Midfield,left,180.0,https://img.a.transfermarkt.technology/portrait/header/288225-1762353535.jpg?lm=1,15000000,"[0.20565934501442493, 0.41169702797750835, 0.3773077758470895, 0.33843108672629296, 0.27384557922002, 0.7154266498528794, 0.28653344917463075, 0.26666666666666666, 0.3724371336773898, 0.2434752389226759]"
Téji Savanier,Montpellier,2339,0.0958101752885848,0.2970500213766567,0.6541256947413425,13.890551517742626,1.115861479264643,76.68,1.7315091919623773,44.68,4.694313809320223,0.8465156049593844,22/12/1991 00:00,France,Midfield,right,172.0,https://img.a.transfermarkt.technology/portrait/header/127156-1773268067.png?lm=1,9000000,"[0.10079822594577026, 0.5762943206277263, 0.2427987387772553, 0.4390817305354441, 0.1776340236461784, 0.6111811685582178, 0.24882428388200087, 0.49644444444444447, 0.5487009618545913, 0.17005557930739632]"
Pierre Lees-Melou,Stade Brestois,1528,0.0700916230366492,0.1295811518324607,0.4712041884816754,11.19109947643979,0.7068062827225131,86.55,3.534031413612565,36.36,7.362565445026178,1.8848167539267016,25/05/1993 00:00,France,Midfield,right,185.0,https://img.a.transfermarkt.technology/portrait/header/377393-1710182831.jpg?lm=1,10000000,"[0.0737407194431434, 0.24956176491204818, 0.17490183246073301, 0.35031467853185005, 0.11251651416548418, 0.8186212694409416, 0.5078534031413612, 0.404, 0.9238054574262617, 0.37863874345549736]"
Amine Gouiri,Olympique de Marseille,2088,0.5120689655172415,0.1435344827586206,1.767241379310345,9.741379310344827,1.0775862068965518,84.6,0.7327586206896552,28.57,2.7586206896551726,1.25,16/02/2000 00:00,Algeria,Attack,right,181.0,https://img.a.transfermarkt.technology/portrait/header/418659-1762353913.jpg?lm=1,28000000,"[0.5387282001160625, 0.27678477947385416, 0.6559656369731802, 0.30264300909470676, 0.17154098184552585, 0.7776376628835644, 0.10530012771392082, 0.3174444444444445, 0.2765800038770253, 0.25111111111111106]"
Aleksandr Golovin,AS Monaco,1161,0.1782945736434108,0.2503875968992248,0.6976744186046512,15.581395348837209,1.7054263565891472,79.19,3.875968992248062,43.48,7.829457364341085,1.937984496124031,30/05/1996 00:00,Russia,Midfield,right,178.0,https://img.a.transfermarkt.technology/portrait/header/263918-1614091807.jpg?lm=1,18000000,"[0.1875769109583763, 0.48525571000775314, 0.2589631782945737, 0.4946823561395539, 0.2714868748339733, 0.6639344262295082, 0.5569910996267585, 0.4831111111111111, 0.9894414175199473, 0.3893195521102497]"
Nicolás Tagliafico,Olympique Lyonnais,1911,0.1422291993720565,0.0682888540031397,0.3296703296703296,10.21978021978022,0.0470957613814756,88.24,4.379905808477237,48.08,4.803767660910518,1.9309262166405023,31/08/1992 00:00,Argentina,Defender,left,171.0,https://img.a.transfermarkt.technology/portrait/header/131225-1668181437.jpg?lm=1,8000000,"[0.1496339082066021, 0.12998020226123244, 0.12236721611721611, 0.31837443819834177, 0.007497175721474777, 0.8541403951240016, 0.6294086865515437, 0.5342222222222223, 0.5640880532517232, 0.3879016221873364]"
Jonathan David,Lille,2558,0.3736512900703674,0.1129397967161845,1.2314308053166536,8.338545738858484,0.7036747458952307,82.74,1.0906958561376077,28.81,2.322126661454261,0.8795934323690383,14/01/2000 00:00,Canada,Attack,both,178.0,https://img.a.transfermarkt.technology/portrait/header/533738-1760114012.jpg?lm=1,35000000,"[0.3931042506497616, 0.21709440245530112, 0.45708317044566077, 0.25651312840513685, 0.11201800472039343, 0.7385456073980663, 0.1567370341412562, 0.3201111111111111, 0.21521739846255133, 0.1767005473025801]"
Denis Zakaria,AS Monaco,2149,0.1545369939506747,0.0841786877617496,0.460679385760819,8.794788273615636,0.8794788273615636,90.89,3.1409958120055843,60.0,6.910190786412286,1.3401582131223826,20/11/1996 00:00,Switzerland,Midfield,right,190.0,https://img.a.transfermarkt.technology/portrait/header/334526-1667990520.jpg?lm=1,25000000,"[0.16258246878581956, 0.16098134299848296, 0.1709952303396929, 0.2715159157076642, 0.14000426192578164, 0.9098360655737705, 0.4513727315030247, 0.6666666666666667, 0.8602103429857619, 0.26922289436947416]"
Leandro Ribeiro,Lille,2700,0.0523333333333333,0.033,0.1333333333333333,8.066666666666666,0.1666666666666666,91.4,1.9666666666666663,71.11,5.833333333333333,0.9333333333333332,13/01/1995 00:00,Brazil,Attack,right,178.0,https://img.a.transfermarkt.technology/portrait/header/333117-1439481524.JPG?lm=1,550000,"[0.0550579011252173, 0.06113148137295753, 0.04949074074074074, 0.2475728311260297, 0.026531671858774655, 0.9205548549810847, 0.2826172839506172, 0.7901111111111111, 0.7088250439628297, 0.18749629629629624]"
Luis Henrique,Olympique de Marseille,2620,0.1432442748091603,0.1720992366412213,0.4809160305343511,14.942748091603054,1.751908396946565,84.12,0.8931297709923665,0.0,3.984732824427481,0.2748091603053435,17/03/1998 00:00,Brazil,Attack,right,184.0,https://img.a.transfermarkt.technology/portrait/header/379877-1597039151.jpg?lm=1,150000,"[0.15070183030311227, 0.33251474925781105, 0.178506679389313, 0.4736814887681535, 0.27888635228650926, 0.7675493905002102, 0.12834605597964377, 0.0, 0.44894762006191596, 0.055206106870229005]"
Caio Henrique,AS Monaco,1932,0.0074534161490683,0.2739130434782609,0.046583850931677,12.018633540372672,0.6521739130434783,77.94,2.748447204968944,46.67,5.124223602484473,0.7453416149068324,31/07/1997 00:00,Brazil,Defender,left,178.0,https://img.a.transfermarkt.technology/portrait/header/420064-1614091193.jpg?lm=1,15000000,"[0.007841454446761159, 0.5311539674333973, 0.017291019668737057, 0.37752677867807927, 0.10381958553433565, 0.6376628835645228, 0.39496204278812974, 0.5185555555555555, 0.6091379513604672, 0.14973084886128366]"
Abdukodir Khusanov,RC Lens,975,0.0221538461538461,0.0212307692307692,0.4615384615384615,4.615384615384615,0.0923076923076923,88.95,3.784615384615385,70.0,4.615384615384615,1.2,29/02/2004 00:00,Uzbekistan,Defender,right,186.0,https://img.a.transfermarkt.technology/portrait/header/763079-1740493347.jpg?lm=1,35000000,"[0.023307215370988565, 0.038169656536470184, 0.1713141025641026, 0.13408308260011553, 0.014694464414090582, 0.8690626313577134, 0.5438632478632479, 0.7777777777777778, 0.5376050460568065, 0.24106666666666662]"
Edon Zhegrova,Lille,985,0.2074111675126903,0.2192893401015228,0.8223350253807107,14.253807106598984,2.1015228426395938,86.05,0.8223350253807107,60.0,3.8375634517766497,0.9137055837563453,31/03/1999 00:00,Kosovo,Attack,left,180.0,https://img.a.transfermarkt.technology/portrait/header/496857-1767803628.jpg?lm=1,20000000,"[0.21820936725820875, 0.4245828640664713, 0.3052347715736041, 0.45102679466447604, 0.33454148678779827, 0.8081126523749473, 0.11817258883248731, 0.6666666666666667, 0.4282584569586078, 0.18355329949238577]"
Neil El Aynaoui,RC Lens,1605,0.0930841121495327,0.1334579439252336,0.5607476635514019,10.205607476635514,0.2803738317757009,88.27,3.869158878504673,60.98,5.046728971962617,1.9065420560747663,02/07/2001 00:00,Morocco,Midfield,right,185.0,https://img.a.transfermarkt.technology/portrait/header/901019-1757603917.jpg?lm=1,8000000,"[0.09793023903931745, 0.257125404601607, 0.20813862928348917, 0.3179083907900119, 0.04463271901476112, 0.8547709121479612, 0.55601246105919, 0.6775555555555556, 0.5982437073909613, 0.38300311526479747]"
Youssouf Ndayishimiye,Nice,1934,0.0423474663908996,0.0190796277145811,0.1861427094105481,6.468459152016546,0.2792140641158221,89.87,2.8386763185108586,56.92,5.305067218200621,0.8841778697001035,27/10/1998 00:00,Burundi,Defender,right,183.0,https://img.a.transfermarkt.technology/portrait/header/674612-1739970953.jpg?lm=1,8000000,"[0.044552151925865244, 0.03397276927495589, 0.0690925542916236, 0.19501839882094152, 0.044448095564855176, 0.8883984867591426, 0.4079283005860048, 0.6324444444444445, 0.6345610607639457, 0.17762150982419855]"
Jérémy Jacquet,Stade Rennais,929,0.0697524219590958,0.0629709364908503,0.2906350914962325,7.072120559741657,0.4843918191603875,84.73,5.134553283100107,63.33,3.9720129171151775,1.2594187298170074,13/07/2005 00:00,France,Defender,right,190.0,https://img.a.transfermarkt.technology/portrait/header/1004301-1714503850.jpg?lm=1,20000000,"[0.0733838589452548, 0.11960492006935658, 0.10787809472551133, 0.21486881392453266, 0.07711034878222991, 0.780369903320723, 0.7378543236454969, 0.7036666666666667, 0.4471594474801956, 0.2530032292787944]"
Hicham Boudaoui,Nice,2438,0.0981952420016406,0.1044708777686628,0.7013945857260049,9.044298605414276,0.9228876127973747,84.35,3.6177194421657095,32.69,6.460213289581624,1.5135356849876949,23/09/1999 00:00,Algeria,Midfield,right,175.0,https://img.a.transfermarkt.technology/portrait/header/560593-1756824680.jpg?lm=1,12000000,"[0.10330746353681115, 0.20057150157584872, 0.26034403199343725, 0.27972065365422705, 0.146914507831607, 0.7723833543505674, 0.5198796828001093, 0.3632222222222222, 0.7969522230586245, 0.3040525020508613]"
Thilo Kehrer,AS Monaco,2384,0.0566275167785234,0.0181208053691275,0.3020134228187919,6.00251677852349,0.0377516778523489,90.16,2.7558724832214767,60.0,4.983221476510067,0.8682885906040269,21/09/1996 00:00,Germany,Defender,both,186.0,https://img.a.transfermarkt.technology/portrait/header/228948-1737490227.jpg?lm=1,18000000,"[0.059575647511309435, 0.03210210234885784, 0.1121015100671141, 0.17969664823389483, 0.006009690773380152, 0.8944934846574191, 0.39602908277404925, 0.6666666666666667, 0.589315783679431, 0.17442953020134228]"
Alidu Seidu,Stade Rennais,806,0.014516129032258,0.0491315136476426,0.0,7.704714640198511,1.0049627791563276,86.4,4.01985111662531,43.48,7.481389578163771,1.1166253101736971,04/06/2000 00:00,Ghana,Defender,right,173.0,https://img.a.transfermarkt.technology/portrait/header/798404-1679507806.jpg?lm=1,6000000,"[0.015271864910425944, 0.09260414071556831, 0.0, 0.23567063250767664, 0.1599800561211475, 0.8154686843211434, 0.577667493796526, 0.4831111111111111, 0.9405098289052753, 0.2243176178660049]"
Rémy Cabella,Lille,1032,0.3470930232558139,0.2694767441860465,0.6104651162790697,22.67441860465116,1.6569767441860466,86.82,4.098837209302325,27.27,5.494186046511628,1.3953488372093024,08/03/1990 00:00,France,Midfield,right,172.0,https://img.a.transfermarkt.technology/portrait/header/113707-1757716597.png?lm=1,1500000,"[0.36516331252875217, 0.5224987265542419, 0.22659278100775196, 0.7279247900031547, 0.26377417952619, 0.8242959226565783, 0.5890180878552971, 0.303, 0.6611475047662322, 0.2803100775193798]"
Aron Dønnum,Toulouse,2696,0.0704376854599406,0.1882789317507418,0.2336795252225519,8.112017804154302,1.5689910979228487,76.75,2.804154302670624,43.33,5.708456973293768,1.268545994065282,20/04/1998 00:00,Norway,Midfield,left,178.0,https://img.a.transfermarkt.technology/portrait/header/476836-1678012976.jpg?lm=1,3500000,"[0.0741047985008134, 0.36408141086018714, 0.08673729599406528, 0.2490641288850535, 0.24976774175656566, 0.6126523749474568, 0.40296735905044523, 0.48144444444444445, 0.6912698466138832, 0.25483679525222547]"
Ismaël Bennacer,Olympique de Marseille,649,0.0110939907550077,0.2066255778120184,0.0,25.79352850539291,0.970724191063174,93.56,4.298921417565485,33.33,6.933744221879815,2.6348228043143296,01/12/1997 00:00,Algeria,Midfield,left,175.0,https://img.a.transfermarkt.technology/portrait/header/351816-1663575089.jpg?lm=1,9000000,"[0.011671563937706162, 0.39987580400756495, 0.0, 0.8304916022775599, 0.1545296142159757, 0.965952080706179, 0.6177709296353364, 0.37033333333333335, 0.8635214997791466, 0.5293066255778119]"
Adrien Thomasson,RC Lens,2623,0.2041555470834921,0.1784216545939763,0.4460541364849409,12.798322531452534,0.8921082729698818,83.91,3.739992375142966,27.42,7.068242470453678,1.7499046892870758,10/12/1993 00:00,France,Midfield,right,175.0,https://img.a.transfermarkt.technology/portrait/header/215977-1673538425.jpg?lm=1,4500000,"[0.21478425335326548, 0.34484981655496727, 0.165566622188334, 0.4031655720920244, 0.1420147437656105, 0.7631357713324927, 0.5374507561316558, 0.3046666666666667, 0.8824293482786845, 0.35153640869233693]"
Marco Asensio,Paris Saint-Germain,626,0.8065495207667732,0.237220447284345,2.1565495207667733,17.53993610223642,0.5750798722044729,90.22,0.5750798722044729,33.33,2.587859424920128,0.1437699680511182,21/01/1996 00:00,Spain,Midfield,left,182.0,https://img.a.transfermarkt.technology/portrait/header/296622-1765459707.png?lm=1,15000000,"[0.8485399445917534, 0.45956653889870097, 0.8004692492012782, 0.5590857558844292, 0.09154698277149086, 0.8957545187053384, 0.08264110756123536, 0.37033333333333335, 0.2525742777249368, 0.028881789137380185]"
Lucas Stassin,Saint-Étienne,1875,0.3792,0.15024,1.104,6.96,1.008,76.55,0.912,34.69,1.776,1.536,29/11/2004 00:00,Belgium,Attack,right,183.0,https://img.a.transfermarkt.technology/portrait/header/655012-1727721924.jpg?lm=1,15000000,"[0.3989418364334219, 0.28986727529313383, 0.40978333333333344, 0.21118191324803226, 0.16046355140186916, 0.6084489281210592, 0.13105777777777777, 0.3854444444444444, 0.13844256841214592, 0.3085653333333333]"
Ludovic Ajorque,Stade Brestois,2504,0.3461261980830671,0.0639776357827476,0.970447284345048,5.64297124600639,0.2875399361022364,69.55,1.1501597444089458,50.19,2.2284345047923324,2.1924920127795526,25/02/1994 00:00,France,Attack,left,196.0,https://img.a.transfermarkt.technology/portrait/header/283994-1692000251.jpg?lm=1,3000000,"[0.3641461526924503, 0.121568995144169, 0.3602111621405752, 0.167873583221337, 0.04577349138574542, 0.46132828919714153, 0.1652822151224707, 0.5576666666666666, 0.20204609606610535, 0.4404472843450479]"
Djaoui Cissé,Stade Rennais,1129,0.0342781222320637,0.0613817537643932,0.5580159433126661,12.83436669619132,1.0363153232949514,88.21,3.66696191319752,23.53,6.217891939769708,1.9929140832595216,31/01/2004 00:00,France,Midfield,right,188.0,https://img.a.transfermarkt.technology/portrait/header/931160-1740392570.jpg?lm=1,15000000,"[0.0360627031454346, 0.11650441706167665, 0.20712466784765285, 0.40435082532002753, 0.16497106859928978, 0.8535098781000419, 0.5269560082669028, 0.2614444444444445, 0.7628865350736169, 0.40035429583702387]"
Vanderson,AS Monaco,2077,0.0957631198844487,0.1642272508425613,0.3466538276360134,10.78960038517092,1.0399614829080404,79.67,4.983148772267693,46.94,6.629754453538758,1.213288396726047,27/09/1984 00:00,Brazil,Defender,left,176.0,https://img.a.transfermarkt.technology/portrait/header/default.jpg?lm=1,50000,"[0.10074872075236263, 0.31715646777209927, 0.12867116032739526, 0.33711203956336566, 0.16555150086168494, 0.6740226986128626, 0.7160969346814314, 0.5215555555555556, 0.820786426674862, 0.24373615792007697]"
Azor Matusiwa,Stade Rennais,2078,0.0541385948026949,0.069730510105871,0.0866217516843118,10.351299326275264,0.7362848893166506,87.29,4.24446583253128,63.27,5.803657362848893,1.2560153994225216,28/04/1998 00:00,Netherlands,Midfield,right,173.0,https://img.a.transfermarkt.technology/portrait/header/315145-1639675049.png?lm=1,11000000,"[0.05695714776506333, 0.1327928801290089, 0.03215230991337824, 0.32269922826206043, 0.11720921446754158, 0.834174022698613, 0.6099454603785691, 0.7030000000000001, 0.7046531773404299, 0.2523195380173243]"
Moses Simon,Nantes,2621,0.0947729874093857,0.1974437237695536,0.5837466615795498,5.665776421213277,2.231972529568867,75.26,1.0988172453262113,20.83,4.051888592140404,0.3777184280808851,12/07/1995 00:00,Nigeria,Attack,right,168.0,https://img.a.transfermarkt.technology/portrait/header/274862-1703065226.jpg?lm=1,7000000,"[0.09970704019351767, 0.38196196338949634, 0.2166754101487982, 0.1686234939967712, 0.3553077765139224, 0.5813366960907946, 0.15790410784687775, 0.23144444444444442, 0.4583884201857092, 0.0758794353300267]"
Joseph Okumu,Stade de Reims,1699,0.0524426133019423,0.0233078281341965,0.1059446733372572,7.99882283696292,0.7416127133608005,82.02,2.9134785167745734,64.29,4.979399646851089,0.7945850500294291,26/05/1997 00:00,Kenya,Defender,right,190.0,https://img.a.transfermarkt.technology/portrait/header/453376-1723832031.png?lm=1,9000000,"[0.05517287040623592, 0.04222200827047236, 0.03932460270747499, 0.2453418980821039, 0.11805735094310563, 0.7234131988230348, 0.4186776535216794, 0.7143333333333334, 0.5887785084587555, 0.1596233078281342]"
Cristian Cásseres Jr.,Toulouse,2704,0.0342825443786982,0.1194896449704142,0.1664201183431952,7.02292899408284,0.7322485207100592,82.49,4.59319526627219,58.54,5.724852071005917,1.7640532544378698,20/01/2000 00:00,Venezuela,Midfield,right,176.0,https://img.a.transfermarkt.technology/portrait/header/467632-1646141354.JPG?lm=1,7000000,"[0.03606735551700461, 0.2298731873451673, 0.06177191198224851, 0.21325122998521326, 0.11656666482331472, 0.7332912988650693, 0.6600591715976332, 0.6504444444444445, 0.6935746797768682, 0.354378698224852]"
Kenny Lala,Stade Brestois,2685,0.0221229050279329,0.1672625698324022,0.2346368715083799,9.05027932960894,0.5027932960893855,81.56,3.0502793296089385,38.1,5.162011173184358,0.6033519553072626,03/10/1991 00:00,France,Defender,right,178.0,https://img.a.transfermarkt.technology/portrait/header/174196-1677254936.jpg?lm=1,1800000,"[0.023274663394213434, 0.323078389462156, 0.08709264432029797, 0.2799173199581598, 0.08003968046781185, 0.7137452711223204, 0.43833643699565483, 0.42333333333333334, 0.6144501518503244, 0.12120670391061451]"
Gabriel Suazo,Toulouse,2161,0.0349838037945395,0.2003239241092086,0.1665895418787598,10.95326237852846,1.0411846367422488,82.66,3.956501619620546,42.42,5.205923183711245,1.3327163350300786,09/08/1997 00:00,Chile,Defender,left,178.0,https://img.a.transfermarkt.technology/portrait/header/385105-1752224979.jpg?lm=1,7000000,"[0.03680512376376609, 0.3875812478601561, 0.06183479870430356, 0.34249379573206173, 0.16574621475865706, 0.7368642286675073, 0.5685639364491747, 0.4713333333333334, 0.6206233299485991, 0.26772790374826466]"
Thiago Almada,Olympique Lyonnais,953,0.1879328436516264,0.2285414480587618,0.472193074501574,22.004197271773347,0.7555089192025184,90.52,1.983210912906611,33.33,5.288562434417629,0.944386149003148,26/04/2001 00:00,Argentina,Attack,right,171.0,https://img.a.transfermarkt.technology/portrait/header/576028-1773174386.jpg?lm=1,20000000,"[0.1977169666997231, 0.4426337704041909, 0.1752688877229801, 0.7058856609505898, 0.12026948838395231, 0.9020596889449348, 0.28499475341028335, 0.37033333333333335, 0.6322408078640347, 0.18971668415529905]"
Junya Ito,Stade de Reims,2700,0.157,0.302,0.3666666666666666,10.8,1.5666666666666669,76.34,1.933333333333333,39.13,4.5,0.4666666666666667,09/03/1993 00:00,Japan,Attack,right,177.0,https://img.a.transfermarkt.technology/portrait/header/348791-1723820780.png?lm=1,3500000,"[0.16517370337565201, 0.585951752308879, 0.13609953703703703, 0.33745401383674634, 0.24939771547248188, 0.6040353089533419, 0.2778271604938271, 0.4347777777777778, 0.5213842041499201, 0.09374814814814814]"
Abdoulaye Touré,Le Havre,2329,0.091970802919708,0.0432803778445684,0.579647917561185,6.530699871189352,0.6569343065693432,82.82,3.6711034778875056,63.46,6.182911120652641,1.15929583512237,03/03/1994 00:00,Guinea,Midfield,right,188.0,https://img.a.transfermarkt.technology/portrait/header/181382-1485420758.jpg?lm=1,3000000,"[0.0967589689215312, 0.08118854711909147, 0.21515403606698158, 0.19706508276680154, 0.10457739272801694, 0.7402269861286253, 0.5275511664519823, 0.7051111111111111, 0.757968909489132, 0.23288965221124944]"
Mahdi Camara,Stade Brestois,2669,0.133870363431997,0.0869988759835144,0.6744098913450731,7.823154739602848,0.977894342450356,88.01,3.50693143499438,37.25,3.304608467590858,1.3825402772573998,30/06/1998 00:00,France,Midfield,right,176.0,https://img.a.transfermarkt.technology/portrait/header/324795-1710182811.jpg?lm=1,10000000,"[0.14083989618030196, 0.16648354354360156, 0.2503278381416261, 0.23956534087895834, 0.1556710308386704, 0.8493064312736445, 0.5039590358436368, 0.4138888888888889, 0.3533353095949123, 0.2777369801423754]"
Romain Del Castillo,Stade Brestois,1266,0.1101895734597156,0.2950236966824645,0.8530805687203792,12.440758293838863,1.3507109004739335,76.06,2.6303317535545023,40.0,5.18957345971564,0.7819905213270142,29/03/1996 00:00,France,Attack,left,172.0,https://img.a.transfermarkt.technology/portrait/header/353399-1593964996.jpg?lm=1,10000000,"[0.11592624153964765, 0.5723409515756441, 0.3166469194312797, 0.3914076587121077, 0.21501971032466669, 0.5981504833963851, 0.37798841495523955, 0.4444444444444445, 0.618324875451265, 0.15709320695102683]"
Thomas Meunier,Lille,1951,0.0871860584315735,0.1116350589441312,0.5074320861096874,14.94618144541261,0.645822655048693,83.12,4.013326499231163,63.46,4.059456688877499,1.2455151204510508,12/09/1991 00:00,Belgium,Defender,right,191.0,https://img.a.transfermarkt.technology/portrait/header/100986-1741073106.jpg?lm=1,1800000,"[0.09172512199916551, 0.21454885289757122, 0.1883489236289083, 0.473794388975861, 0.10280852857628726, 0.7465321563682221, 0.5767298821117375, 0.7051111111111111, 0.45945234799184903, 0.2502101486417222]"
Eliesse Ben Seghir,AS Monaco,1756,0.2106492027334851,0.2337129840546696,1.0763097949886105,16.605922551252846,1.7938496583143506,82.45,2.2551252847380407,40.54,4.407744874715261,1.2813211845102506,16/02/2005 00:00,Morocco,Attack,right,178.0,https://img.a.transfermarkt.technology/portrait/header/810895-1758703148.jpg?lm=1,24000000,"[0.22161598043705893, 0.452723461566002, 0.3995052676537586, 0.5283722524831219, 0.2855629829902284, 0.7324506094997898, 0.32406985573272584, 0.4504444444444444, 0.5084149205296077, 0.2574031890660592]"
Christopher Operi,Le Havre,1170,0.0176923076923076,0.2453846153846153,0.0769230769230769,8.153846153846153,1.0769230769230769,78.81,2.076923076923077,64.71,3.923076923076923,0.6923076923076923,29/04/1997 00:00,Cote d'Ivoire,Defender,left,183.0,https://img.a.transfermarkt.technology/portrait/header/469976-1759746677.jpg?lm=1,4000000,"[0.018613401164331096, 0.4754948694353191, 0.028552350427350423, 0.2504395855464465, 0.17143541816439012, 0.6559478772593528, 0.29846153846153844, 0.719, 0.4402799946154881, 0.13907692307692307]"
Lucas Beraldo,Paris Saint-Germain,2011,0.0389358528095474,0.0425161611138736,0.1790154152163103,9.443063152660368,0.0447538538040775,94.71,2.640477374440577,69.12,5.146693187468921,0.9845847836897066,24/11/2003 00:00,Brazil,Defender,left,186.0,https://img.a.transfermarkt.technology/portrait/header/872171-1715107660.jpg?lm=1,20000000,"[0.04096292358370847, 0.07969755666683494, 0.06644704127299851, 0.29283337162846435, 0.007124367381272151, 0.9901218999579653, 0.37944637825294214, 0.7680000000000001, 0.6122967397702667, 0.19779214321233216]"
Charlie Cresswell,Toulouse,2591,0.1142802006947124,0.038209185642609,0.4862987263604786,2.917792358162872,0.1042068699343882,83.41,2.1883442686221537,66.44,3.577769201080664,0.9725974527209572,17/08/2002 00:00,England,Defender,right,190.0,https://img.a.transfermarkt.technology/portrait/header/597659-1641461698.jpg?lm=1,15000000,"[0.12022983421183699, 0.07129462717336484, 0.18050463141644157, 0.07826054607341607, 0.016588694871175196, 0.7526271542664984, 0.3144731763797761, 0.7382222222222222, 0.391736417561842, 0.19538402161327673]"
Valentín Barco,RC Strasbourg,1163,0.0410146173688736,0.1137575236457437,0.0773860705073086,10.369733447979364,0.6964746345657782,85.37,3.7919174548581256,53.33,6.113499570077386,1.3155631986242475,23/07/2004 00:00,Argentina,Midfield,left,170.0,https://img.a.transfermarkt.technology/portrait/header/849410-1750770955.png?lm=1,13000000,"[0.043149912378039446, 0.21868979155836007, 0.028724204643164206, 0.32330540411364495, 0.11087181877355536, 0.7938209331651955, 0.5449125824018343, 0.5925555555555556, 0.7482109899897256, 0.2642820292347377]"
Melvin Bard,Nice,1941,0.1020092735703245,0.1173106646058732,0.3709428129829984,7.04791344667697,1.0200927357032457,81.02,3.8021638330757344,54.55,5.749613601236476,0.7882534775888718,06/11/2000 00:00,France,Defender,left,173.0,https://img.a.transfermarkt.technology/portrait/header/532775-1756826939.jpg?lm=1,10000000,"[0.10732006047306061, 0.22562198635898714, 0.13768675940236993, 0.21407280272248408, 0.1623885943751896, 0.7023959646910465, 0.5463850249012536, 0.6061111111111112, 0.6970556712929696, 0.15835136527563112]"
Arnaud Kalimuendo,Stade Rennais,2589,0.3045191193511008,0.0730011587485515,1.2514484356894555,5.840092699884125,0.7300115874855156,80.78,0.7995365005793743,27.16,2.190034762456547,1.0081112398609502,20/01/2002 00:00,France,Attack,right,178.0,https://img.a.transfermarkt.technology/portrait/header/585959-1666698479.jpg?lm=1,25000000,"[0.3203729343433981, 0.13917393108361029, 0.46451332560834313, 0.17435559885994195, 0.11621056735361325, 0.6973518284993696, 0.11489635637955452, 0.3017777777777778, 0.19664783610209113, 0.2025183468520664]"
Rasmus Nicolaisen,Toulouse,624,0.0620192307692307,0.0259615384615384,0.1442307692307692,4.038461538461538,0.1442307692307692,88.02,2.3076923076923075,70.0,4.182692307692308,0.5769230769230769,16/03/1997 00:00,Denmark,Defender,left,191.0,https://img.a.transfermarkt.technology/portrait/header/283227-1626438001.jpg?lm=1,5000000,"[0.06524806386409568, 0.04739940965701894, 0.05353565705128205, 0.1151119136414746, 0.02296010064701653, 0.8495166036149642, 0.33162393162393156, 0.7777777777777778, 0.47677688890598263, 0.11589743589743587]"
Ruben Aguilar,RC Lens,1129,0.0613817537643932,0.1100088573959255,0.2391496899911426,13.392382639503984,0.7174490699734278,83.41,3.746678476527901,38.46,6.297608503100089,1.1160318866253325,26/04/1993 00:00,France,Defender,right,172.0,https://img.a.transfermarkt.technology/portrait/header/203746-1614090581.jpg?lm=1,3000000,"[0.0645773986557783, 0.2113761259937581, 0.08876771479185122, 0.4227002642065074, 0.1142107397995083, 0.7526271542664984, 0.5384115736640094, 0.42733333333333334, 0.7740931397568511, 0.22419840566873345]"
Zuriko Davitashvili,Saint-Étienne,2761,0.2144875045273451,0.181238681637088,0.8801159000362188,10.398406374501992,1.5646504889532775,83.7,1.2386816370880116,24.62,4.009416877942774,0.6519377037305324,15/02/2001 00:00,Georgia,Attack,right,175.0,https://img.a.transfermarkt.technology/portrait/header/427572-1727721934.jpg?lm=1,3000000,"[0.2256541111502135, 0.3503458496255981, 0.32668190872872155, 0.3242482662652174, 0.24907676007947815, 0.7587221521647751, 0.17800313895931424, 0.27355555555555555, 0.452417719852586, 0.13096704092720027]"
Douglas Augusto,Nantes,2315,0.1325701943844492,0.045097192224622,0.5831533477321814,8.203023758099352,0.4665226781857451,87.07,3.926565874730022,40.68,4.315334773218143,1.632829373650108,13/01/1997 00:00,Brazil,Midfield,left,173.0,https://img.a.transfermarkt.technology/portrait/header/393621-1753530925.png?lm=1,7000000,"[0.13947203798541108, 0.08473316055842237, 0.2164551835853132, 0.2520567103878455, 0.07426575967380554, 0.8295502311895753, 0.5642620590352772, 0.452, 0.4954238502557456, 0.3280172786177106]"
Yanis Zouaoui,Le Havre,982,0.0128309572301425,0.2868635437881873,0.1832993890020366,5.957230142566191,1.1914460285132382,75.38,2.566191446028513,63.64,3.757637474541752,0.7331975560081466,28/04/1998 00:00,France,Defender,left,183.0,https://img.a.transfermarkt.technology/portrait/header/691841-1741881750.jpg?lm=1,1800000,"[0.013498960022657545, 0.5564204547248891, 0.06803716904276985, 0.1782074715018832, 0.18966633039572112, 0.5838587641866329, 0.36877121520706035, 0.7071111111111111, 0.41702241273677526, 0.14729124236252544]"
Sebastian Nanasi,RC Strasbourg,2122,0.2739868049010367,0.1976437323279924,0.5089538171536286,10.051837888784164,0.8058435438265786,83.95,1.1451460885956644,21.43,3.011310084825636,0.3817153628652214,16/05/2002 00:00,Sweden,Midfield,right,178.0,https://img.a.transfermarkt.technology/portrait/header/579928-1732576164.png?lm=1,15000000,"[0.28825105249405397, 0.38235218103198465, 0.18891376060320456, 0.3128519301481758, 0.1282822588459133, 0.7639764606977721, 0.16456173421300657, 0.2381111111111111, 0.3121032382089512, 0.07668237511781335]"
Julien Le Cardinal,Stade Brestois,1379,0.0287164612037708,0.0228426395939086,0.2610587382160986,3.850616388687455,0.2610587382160986,87.22,3.9158810732414793,60.42,3.132704858593183,0.7831762146482958,03/08/1997 00:00,France,Defender,right,184.0,https://img.a.transfermarkt.technology/portrait/header/794349-1727808054.jpg?lm=1,1500000,"[0.030211492005541764, 0.041314423230508865, 0.09689992748368384, 0.10893493404580404, 0.04155794866929171, 0.8327028163093737, 0.5627266134880348, 0.6713333333333333, 0.3291689919668666, 0.15733139956490208]"
Wilfried Singo,AS Monaco,2102,0.0813510941960038,0.065080875356803,0.2140818268315889,6.550903901046623,0.2568981921979067,87.0,3.4253092293054235,65.06,5.908658420551856,1.5413891531874406,25/12/2000 00:00,Cote d'Ivoire,Defender,right,190.0,https://img.a.transfermarkt.technology/portrait/header/648779-1779991391.png?lm=1,28000000,"[0.08558637899372902, 0.12372142076559274, 0.07946301141769743, 0.1977294591445189, 0.04089563121904372, 0.8280790248003362, 0.49222962258166825, 0.7228888888888889, 0.7194142921682453, 0.3096479543292103]"
Alexandre Lacazette,Olympique Lyonnais,2061,0.5266375545851528,0.2126637554585153,1.6157205240174672,8.820960698689957,0.6113537117903931,73.52,0.9170305676855895,32.0,1.2227074235807862,2.096069868995633,28/05/1991 00:00,France,Attack,right,175.0,https://img.a.transfermarkt.technology/portrait/header/93720-1672830448.jpg?lm=1,5000000,"[0.5540552562262852, 0.41165631712427025, 0.599724041727317, 0.27237655297111085, 0.09732141642519966, 0.5447667087011347, 0.13178068898592915, 0.35555555555555557, 0.06066034952244649, 0.4210771470160116]"
Diego Moreira,RC Strasbourg,2574,0.0657342657342657,0.258041958041958,0.2797202797202797,7.552447552447552,1.993006993006993,81.56,2.762237762237762,47.37,4.86013986013986,0.9090909090909092,06/08/2004 00:00,Belgium,Midfield,left,179.0,https://img.a.transfermarkt.technology/portrait/header/655006-1732575837.png?lm=1,18000000,"[0.06915651025482732, 0.5001894047615474, 0.10382672882672883, 0.23066357911683297, 0.3172668453042285, 0.7137452711223204, 0.3969437969437969, 0.5263333333333333, 0.5720128925259595, 0.1826262626262626]"
Mohammed Salisu,AS Monaco,1035,0.068695652173913,0.0156521739130434,0.4347826086956521,5.217391304347826,0.0,85.38,3.8260869565217392,66.67,4.782608695652174,0.782608695652174,17/04/1999 00:00,Ghana,Defender,left,188.0,https://img.a.transfermarkt.technology/portrait/header/563963-1668428508.jpg?lm=1,10000000,"[0.07227207181764886, 0.027285790714571614, 0.1613828502415459, 0.15387908499174086, 0.0, 0.7940311055065152, 0.5498228663446054, 0.7407777777777779, 0.561113512588526, 0.1572173913043478]"
Willian Pacho,Paris Saint-Germain,2130,0.0130985915492957,0.0169014084507042,0.0422535211267605,3.929577464788732,0.0845070422535211,94.88,4.056338028169014,52.73,5.028169014084507,0.8450704225352113,16/10/2001 00:00,Ecuador,Defender,left,188.0,https://img.a.transfermarkt.technology/portrait/header/661171-1696508666.jpg?lm=1,70000000,"[0.013780527867529873, 0.029723053199767344, 0.015683685446009368, 0.11153143949998465, 0.013452678688956164, 0.9936948297604034, 0.5829107981220657, 0.5858888888888889, 0.5956345368222875, 0.16976525821596242]"
Bafodé Diakité,Lille,2767,0.0757860498735092,0.0260209613299602,0.2276834116371521,6.049873509215757,0.2927358149620527,93.44,1.8865196964221176,72.41,4.5211420310805925,1.4311528731478136,06/01/2001 00:00,France,Defender,right,184.0,https://img.a.transfermarkt.technology/portrait/header/463605-1666691072.jpg?lm=1,35000000,"[0.07973160841923171, 0.04751534395406325, 0.08451165522226238, 0.18125389663533406, 0.04660062350330497, 0.9634300126103403, 0.271099867485845, 0.8045555555555556, 0.5243563641957428, 0.2875027105168052]"
Gonçalo Ramos,Paris Saint-Germain,1069,0.9505144995322732,0.1136576239476146,2.6941066417212345,7.324602432179607,0.0841908325537885,80.67,0.9260991580916744,57.14,1.5154349859681946,0.6735266604303086,20/06/2001 00:00,Portugal,Attack,right,185.0,https://img.a.transfermarkt.technology/portrait/header/550550-1681906158.jpg?lm=1,35000000,"[1.0, 0.2184948867753172, 1.0, 0.2231712661102909, 0.01340234125700496, 0.6950399327448509, 0.13308387901465543, 0.634888888888889, 0.10181217462015778, 0.13530402245088866]"
Adrien Truffert,Stade Rennais,2762,0.0765749456915278,0.1316437364228819,0.3584359160028964,9.319333816075307,0.5213613323678493,84.9,2.8674873280231714,51.72,4.529326574945691,0.8146270818247646,20/11/2001 00:00,France,Defender,left,176.0,https://img.a.transfermarkt.technology/portrait/header/654539-1754901329.jpg?lm=1,20000000,"[0.08056157557744634, 0.25358587719298914, 0.13304444243301958, 0.28876473536933844, 0.08299552674142399, 0.783942833123161, 0.41206854936036685, 0.5746666666666667, 0.5255069525274126, 0.16364952932657492]"
Malick Fofana,Olympique Lyonnais,1597,0.2175328741390106,0.247401377582968,0.8453350031308704,12.680025046963056,1.3525360050093926,83.57,1.6906700062617408,14.29,3.550407013149656,0.7326236693800877,31/03/2005 00:00,Belgium,Attack,right,169.0,https://img.a.transfermarkt.technology/portrait/header/743386-1761589148.jpg?lm=1,30000000,"[0.2288580282005731, 0.4794295820128388, 0.31377191609267385, 0.39927555337826215, 0.21531024877252328, 0.7559899117276165, 0.24295554164057606, 0.15877777777777777, 0.38788982394816185, 0.1471759549154665]"
Vincent Sierro,Toulouse,2409,0.1004981320049813,0.1326276463262764,0.336239103362391,9.564134495641346,0.448318804483188,81.11,2.2415940224159403,46.27,4.669987546699876,1.270236612702366,08/10/1995 00:00,Switzerland,Midfield,right,185.0,https://img.a.transfermarkt.technology/portrait/header/280387-1708555105.jpg?lm=1,4000000,"[0.1057302461503051, 0.25550549006316026, 0.12480541718555418, 0.2968146041282833, 0.0713678844519966, 0.7042875157629256, 0.3221253632212536, 0.5141111111111112, 0.5452811605332909, 0.2551764217517642]"
Ali Abdi,Nice,1417,0.2724770642201835,0.1111503175723359,0.6986591390261115,6.47847565278758,0.7621736062103035,78.91,4.001411432604093,59.46,4.573041637261821,1.7148906139731828,20/12/1993 00:00,Tunisia,Defender,left,183.0,https://img.a.transfermarkt.technology/portrait/header/211474-1756827001.jpg?lm=1,2500000,"[0.2866627119883635, 0.21360312019095612, 0.2593286873676783, 0.19534777501701103, 0.12133044011634428, 0.6580496006725514, 0.5750176429075511, 0.6606666666666667, 0.5316524435221694, 0.34450247000705714]"
Anthony Rouault,Stade Rennais,973,0.0471736896197327,0.0194244604316546,0.277492291880781,4.439876670092497,0.0,91.75,1.8499486125385405,63.64,4.439876670092497,0.6474820143884892,29/05/2001 00:00,France,Defender,right,186.0,https://img.a.transfermarkt.technology/portrait/header/690799-1723707069.jpg?lm=1,9000000,"[0.04962963704703696, 0.034645539535186676, 0.10299974306269269, 0.12831179173499968, 0.0, 0.9279108869272803, 0.2658444672833162, 0.7071111111111111, 0.5129320285622619, 0.13007194244604314]"
Nathan Zézé,Nantes,1513,0.0172504957038995,0.0095175148711169,0.1189689358889623,3.093192333113021,0.1784534038334435,85.8,3.6285525446133513,54.39,3.747521480502314,1.0112359550561798,18/06/2005 00:00,France,Defender,left,190.0,https://img.a.transfermarkt.technology/portrait/header/923832-1703065128.jpg?lm=1,18000000,"[0.018148587646362135, 0.015317041939540515, 0.04415895571711831, 0.08402828651095853, 0.028408002915541943, 0.8028583438419503, 0.5214364397444371, 0.6043333333333334, 0.4156002999230543, 0.20314606741573032]"
Brendan Chardonnet,Stade Brestois,2417,0.0301613570541994,0.0424493173355399,0.0372362432767894,3.1278444352503105,0.0,82.19,2.7554820024824163,59.0,3.3884981381878365,1.3405047579644187,22/12/1994 00:00,France,Defender,right,181.0,https://img.a.transfermarkt.technology/portrait/header/250779-1582538208.jpg?lm=1,8000000,"[0.03173161174189466, 0.07956714413949117, 0.013821369466280512, 0.08516776404395078, 0.0, 0.7269861286254728, 0.39597296924562125, 0.6555555555555556, 0.36512857232615675, 0.26929251137774096]"
Marshall Munetsi,Stade de Reims,1694,0.2109208972845336,0.0940377804014167,0.5312868949232585,4.037780401416765,0.3187721369539551,69.73,2.8158205430932703,46.15,3.825265643447461,1.487603305785124,22/06/1996 00:00,Zimbabwe,Midfield,right,188.0,https://img.a.transfermarkt.technology/portrait/header/414908-1723836952.png?lm=1,10000000,"[0.2219018198968275, 0.18021647931942142, 0.1972033648170012, 0.11508951556714331, 0.050745346412296284, 0.46511139134089974, 0.40464384100747736, 0.5127777777777778, 0.4265296233177968, 0.2988429752066115]"
Himad Abdelli,Angers,2848,0.1020716292134831,0.1159761235955056,0.3792134831460674,13.77808988764045,1.8012640449438202,84.53,2.338483146067416,42.86,6.099016853932584,1.5168539325842696,17/11/1999 00:00,Algeria,Midfield,right,185.0,https://img.a.transfermarkt.technology/portrait/header/592979-1750956367.png?lm=1,3000000,"[0.10738566246355027, 0.22301829054249564, 0.14075667134831463, 0.43538361431965433, 0.28674327942875144, 0.7761664564943254, 0.33604868913857683, 0.4762222222222222, 0.7461750006320103, 0.30471910112359546]"
Guéla Doué,RC Strasbourg,2716,0.0384388807069219,0.0361192930780559,0.1988217967599411,7.654639175257732,0.894698085419735,86.79,3.280559646539028,59.79,5.36818851251841,1.3586156111929308,17/10/2002 00:00,Cote d'Ivoire,Defender,right,186.0,https://img.a.transfermarkt.technology/portrait/header/711980-1732575765.png?lm=1,18000000,"[0.04044007821641522, 0.06721723690587143, 0.0737987849779087, 0.2340239829904817, 0.14242701609018213, 0.8236654056326189, 0.47142857142857136, 0.6643333333333333, 0.6434346920766988, 0.27293078055964654]"
Takumi Minamino,AS Monaco,2244,0.3565508021390374,0.1909090909090909,0.8422459893048129,9.705882352941176,0.481283422459893,73.43,1.7245989304812834,38.0,3.5294117647058822,1.2433155080213905,16/01/1995 00:00,Japan,Attack,right,172.0,https://img.a.transfermarkt.technology/portrait/header/165793-1737490576.jpg?lm=1,12000000,"[0.375113480451364, 0.36921286380475726, 0.312625334224599, 0.30147574988224135, 0.0766155230146434, 0.5428751576292561, 0.24783125371360665, 0.4222222222222222, 0.38493829869787566, 0.24976827094474152]"
Valentin Rongier,Olympique de Marseille,1587,0.0572778827977315,0.0827977315689981,0.3969754253308128,15.198487712665408,0.6238185255198488,90.82,4.706994328922495,53.85,4.877126654064273,2.0982986767485823,07/12/1994 00:00,France,Midfield,right,173.0,https://img.a.transfermarkt.technology/portrait/header/332889-1703065877.jpg?lm=1,9000000,"[0.06025987275934945, 0.15828709094186408, 0.14734955891619408, 0.4820910666731809, 0.09930569051110368, 0.9083648591845312, 0.6764125183784919, 0.5983333333333334, 0.5744009067151501, 0.4215248897290485]"
Warren Zaïre-Emery,Paris Saint-Germain,2052,0.0732456140350877,0.062719298245614,0.3070175438596491,18.59649122807017,0.8771929824561403,93.25,3.245614035087719,39.13,5.964912280701754,1.0964912280701753,08/03/2006 00:00,France,Midfield,right,178.0,https://img.a.transfermarkt.technology/portrait/header/810092-1777411744.jpg?lm=1,50000000,"[0.07705891290572656, 0.11911397266399318, 0.11395894249512671, 0.5938288379487002, 0.13964037820407718, 0.9594367381252626, 0.46640675763482775, 0.4347777777777778, 0.7273224952601564, 0.22027290448343076]"
Geoffrey Kondogbia,Olympique de Marseille,2021,0.0213755566551212,0.0503216229589312,0.0445324096981692,10.821375556655122,0.4453240969816922,92.63,3.651657595249876,62.79,4.809500247402276,0.8461157842652153,15/02/1993 00:00,Central African Republic,Midfield,left,188.0,https://img.a.transfermarkt.technology/portrait/header/127189-1703066053.jpg?lm=1,5000000,"[0.022488406716193843, 0.09492604960476478, 0.016529564571994056, 0.3381569139513544, 0.0708911568715404, 0.94640605296343, 0.5247567210951674, 0.6976666666666667, 0.5648939438714596, 0.1699752597723899]"
Ismaily,Lille,914,0.0669584245076586,0.1230853391684901,0.4923413566739606,11.422319474835886,0.7877461706783371,87.94,4.529540481400438,44.44,4.529540481400438,1.2800875273522976,11/01/1990 00:00,Brazil,Defender,left,177.0,https://img.a.transfermarkt.technology/portrait/header/124028-1666690981.jpg?lm=1,700000,"[0.07044440094349674, 0.23688840371407777, 0.18274753829321666, 0.3579179688692443, 0.12540133745066365, 0.8478352248844052, 0.6509117432530999, 0.49377777777777776, 0.525537023631552, 0.2571553610503282]"
Josué Casimir,Le Havre,2010,0.1495522388059701,0.1002985074626865,0.4477611940298507,5.059701492537314,0.9850746268656716,77.2,1.970149253731344,27.27,3.7164179104477615,1.2537313432835822,24/09/2001 00:00,Haiti,Attack,right,178.0,https://img.a.transfermarkt.technology/portrait/header/763182-1661006947.jpg?lm=1,3500000,"[0.1573381982910954, 0.1924311873958209, 0.16620024875621892, 0.1486937142160241, 0.15681406053842936, 0.6221101303068517, 0.283117744610282, 0.303, 0.4112277404539006, 0.25186069651741294]"
Keito Nakamura,Stade de Reims,2661,0.3071025930101466,0.1139797068771138,1.116121758737317,7.237880496054115,1.0146561443066515,77.9,1.2514092446448704,33.33,3.923337091319053,0.9808342728297632,28/07/2000 00:00,Japan,Attack,right,180.0,https://img.a.transfermarkt.technology/portrait/header/405397-1723837290.png?lm=1,8000000,"[0.3230909083041499, 0.21912327209250532, 0.4142826944757611, 0.2203195575056851, 0.16152314322140154, 0.6368221941992436, 0.1798321433045221, 0.37033333333333335, 0.44031656923083623, 0.19703870725291242]"
Florian Tardieu,Saint-Étienne,1253,0.0474062250598563,0.1228252194732641,0.2154828411811652,25.35514764565044,0.2154828411811652,87.1,2.6576217079010376,60.71,6.177174780526736,0.7182761372705506,22/04/1992 00:00,France,Midfield,right,181.0,https://img.a.transfermarkt.technology/portrait/header/212804-1727722208.jpg?lm=1,500000,"[0.049874278701886016, 0.2363809089597124, 0.07998304070231446, 0.8160761668563182, 0.034302720200490786, 0.830180748213535, 0.3819100824687417, 0.6745555555555556, 0.7571624911811429, 0.14429369513168394]"
Florent Hanin,Angers,2677,0.0326111318640268,0.0857302951064624,0.0336197235711617,8.06873365707882,0.3698169592827792,81.31,3.899887934254763,40.43,4.437803511393351,0.537915577138588,04/02/1990 00:00,France,Defender,left,177.0,https://img.a.transfermarkt.technology/portrait/header/111811-1750955915.png?lm=1,500000,"[0.03430892625001934, 0.16400853625884856, 0.012478987672768008, 0.2476408007148941, 0.05887117326900317, 0.7084909625893232, 0.5604283401817955, 0.44922222222222224, 0.512640582606537, 0.10806126260739632]"
Yann Gboho,Toulouse,2340,0.215,0.1580769230769231,1.0,9.653846153846152,1.9230769230769231,77.81,1.4230769230769231,15.15,4.115384615384615,0.6153846153846154,14/01/2001 00:00,France,Attack,right,178.0,https://img.a.transfermarkt.technology/portrait/header/463613-1672485001.jpg?lm=1,12000000,"[0.2261932880621986, 0.30515714924307713, 0.3711805555555556, 0.29976462483891286, 0.3061346752935538, 0.6349306431273645, 0.2045014245014245, 0.16833333333333333, 0.46731473112696537, 0.12362393162393162]"
Cédric Kipré,Stade de Reims,2199,0.0261937244201909,0.0581173260572987,0.0409276944065484,4.7066848567530695,0.4092769440654843,89.56,3.028649386084584,61.76,2.987721691678036,0.9822646657571624,09/12/1996 00:00,Cote d'Ivoire,Defender,right,193.0,https://img.a.transfermarkt.technology/portrait/header/364827-1723832143.png?lm=1,2200000,"[0.027557416991619007, 0.11013550318179538, 0.015191564347430641, 0.137085341262056, 0.06515280947584502, 0.8818831441782262, 0.43522813400030314, 0.6862222222222222, 0.3087871670428838, 0.19732605729877217]"
Lassine Sinayoko,Auxerre,2306,0.2248048568950563,0.1342584562012142,0.7025151777970511,8.156981786643538,1.0928013876843017,79.15,1.795316565481353,29.79,2.966175195143105,1.4050303555941022,08/12/1999 00:00,Mali,Attack,right,186.0,https://img.a.transfermarkt.technology/portrait/header/569140-1635851830.jpg?lm=1,1200000,"[0.23650860350439445, 0.2586872078342005, 0.2607599739809194, 0.25054269568707166, 0.17396308694912094, 0.6630937368642287, 0.2579936397802833, 0.331, 0.3057581469887337, 0.2822549869904596]"
Facundo Medina,RC Lens,2546,0.0629222309505106,0.1208955223880597,0.1060487038491751,11.66535742340927,0.3534956794972506,88.65,2.6865671641791047,56.36,5.832678711704635,1.0251374705420266,28/05/1999 00:00,Argentina,Defender,left,184.0,https://img.a.transfermarkt.technology/portrait/header/474800-1653402999.jpg?lm=1,20000000,"[0.06619807586467456, 0.23261606082929892, 0.0393632168106834, 0.36590987311120615, 0.056272988231493785, 0.862757461118117, 0.38606965174129354, 0.6262222222222222, 0.7087330168419476, 0.20593872741555377]"
Mitchel Bakker,Lille,1138,0.2348857644991213,0.1818980667838312,0.7908611599297013,13.998242530755713,0.8699472759226714,82.66,2.768014059753954,23.08,3.637961335676626,1.4235500878734624,20/06/2000 00:00,Netherlands,Midfield,left,189.0,https://img.a.transfermarkt.technology/portrait/header/361065-1658913284.jpg?lm=1,4000000,"[0.24711434135376506, 0.35163231316227056, 0.29355228471001765, 0.4426229728343214, 0.13848693395529132, 0.7368642286675073, 0.3977738722905682, 0.2564444444444444, 0.40019826575594103, 0.28597539543058]"
Joshua King,Toulouse,1681,0.3555026769779892,0.0845925044616299,1.124330755502677,5.407495538370018,1.8738845925044616,72.43,0.91017251635931,40.43,3.212373587150506,1.8738845925044616,15/01/1992 00:00,Norway,Attack,right,180.0,https://img.a.transfermarkt.technology/portrait/header/91059-1696447644.png?lm=1,1500000,"[0.37401078800262816, 0.16178870133509632, 0.4173297144556812, 0.16013035086694674, 0.29830374665725234, 0.521857923497268, 0.13079516161015267, 0.44922222222222224, 0.3403688720075751, 0.37644259369422955]"
Amir Murillo,Olympique de Marseille,2436,0.0572660098522167,0.1064039408866995,0.1477832512315271,10.123152709359609,0.5172413793103449,89.7,2.4753694581280787,70.0,5.098522167487685,1.0714285714285714,11/02/1996 00:00,Panama,Defender,right,184.0,https://img.a.transfermarkt.technology/portrait/header/354482-1770806107.png?lm=1,10000000,"[0.06024738168686119, 0.20434291685222142, 0.05485426929392448, 0.3151970010328551, 0.08233967128585241, 0.8848255569567045, 0.355719759168035, 0.7777777777777778, 0.6055248274403211, 0.2152380952380952]"
Tanguy Ndombélé,Nice,1140,0.1855263157894737,0.106578947368421,0.2368421052631579,7.421052631578948,1.973684210526316,88.27,3.868421052631579,23.08,5.289473684210527,0.7894736842105263,28/12/1996 00:00,France,Midfield,right,181.0,https://img.a.transfermarkt.technology/portrait/header/450936-1756824689.jpg?lm=1,3000000,"[0.19518515065342723, 0.20468435532490772, 0.08791118421052634, 0.2263428726937167, 0.3141908509591737, 0.8547709121479612, 0.555906432748538, 0.2564444444444444, 0.6323689119338799, 0.15859649122807015]"
Jonathan Gradit,RC Lens,2115,0.0323404255319148,0.04,0.1702127659574468,7.48936170212766,0.1276595744680851,85.8,2.936170212765957,58.72,3.106382978723404,1.2340425531914894,24/11/1992 00:00,France,Defender,right,180.0,https://img.a.transfermarkt.technology/portrait/header/126557-1738580496.jpg?lm=1,4500000,"[0.03402412645764878, 0.0747885144456395, 0.06317966903073287, 0.22858910441961475, 0.020322131636508253, 0.8028583438419503, 0.4219385342789597, 0.6524444444444445, 0.32546864551568216, 0.24790543735224585]"
Ainsley Maitland-Niles,Olympique Lyonnais,2013,0.1314456035767511,0.1435171385991058,0.3129657228017883,10.685543964232489,0.7600596125186289,87.0,4.292101341281669,51.72,3.979135618479881,0.7153502235469449,29/08/1997 00:00,England,Defender,right,180.0,https://img.a.transfermarkt.technology/portrait/header/285845-1702991138.jpg?lm=1,9000000,"[0.13828889895044477, 0.2767509409366954, 0.11616679085941381, 0.33369031486241796, 0.12099391339471009, 0.8280790248003362, 0.6167908594138102, 0.5746666666666667, 0.44816076132434796, 0.14370591157476403]"
Osame Sahraoui,Lille,1292,0.1985294117647058,0.301625386996904,0.6269349845201239,18.11145510835913,2.438080495356037,85.23,1.393188854489164,0.0,4.040247678018575,0.5572755417956656,11/06/2001 00:00,Morocco,Attack,right,170.0,https://img.a.transfermarkt.technology/portrait/header/580657-1723713882.jpg?lm=1,10000000,"[0.2088652112749439, 0.5852208805699163, 0.23270607585139325, 0.5778792208400252, 0.38811811000839097, 0.7908785203867172, 0.20020639834881318, 0.0, 0.45675193314632007, 0.11195046439628481]"
Sofiane Diop,Nice,1066,0.5048780487804878,0.2338649155722326,0.9287054409005628,13.930581613508442,0.8442776735459662,81.02,3.3771106941838647,27.27,6.163227016885553,1.4352720450281424,09/06/2000 00:00,Morocco,Attack,right,175.0,https://img.a.transfermarkt.technology/portrait/header/569389-1756824417.jpg?lm=1,10000000,"[0.531162911274817, 0.45301988067459353, 0.34471740150093816, 0.4403980545664642, 0.13440058915326752, 0.7023959646910465, 0.4853033145716072, 0.303, 0.7552017057833315, 0.2883302063789868]"
Issa Soumaré,Le Havre,1911,0.179905808477237,0.0885400313971742,0.8948194662480377,6.357927786499215,0.7535321821036106,65.94,1.9309262166405023,59.86,4.615384615384615,0.8006279434850863,10/10/2000 00:00,Senegal,Attack,right,184.0,https://img.a.transfermarkt.technology/portrait/header/568698-1669738231.jpg?lm=1,5000000,"[0.18927202958583442, 0.1694903450371008, 0.3321395866038724, 0.19138375618947998, 0.11995481154359659, 0.38545607398066406, 0.27748124890982034, 0.6651111111111111, 0.5376050460568065, 0.16083725798011508]"
Pierre Ekwah,Saint-Étienne,2552,0.0260971786833855,0.0560736677115987,0.2115987460815047,10.015673981191224,0.670062695924765,88.41,3.6677115987460818,70.83,5.536833855799373,1.481191222570533,15/01/2002 00:00,France,Midfield,left,189.0,https://img.a.transfermarkt.technology/portrait/header/538994-1727722378.jpg?lm=1,500000,"[0.02745584490949621, 0.10614831609372574, 0.07854134012539186, 0.3116627393728485, 0.10666730143849062, 0.8577133249264395, 0.5270637408568443, 0.787, 0.6671429606580389, 0.2975548589341693]"
Florian Sotoca,RC Lens,1797,0.2328881469115192,0.1432387312186978,0.9015025041736228,14.774624373956597,0.8013355592654424,78.34,1.8030050083472453,61.97,3.956594323873122,0.7512520868113524,25/10/1990 00:00,France,Attack,right,187.0,https://img.a.transfermarkt.technology/portrait/header/354726-1701294869.jpg?lm=1,1500000,"[0.2450127241889716, 0.27620776682213666, 0.3346202003338899, 0.4681530161155488, 0.12756463264319037, 0.6460697772173183, 0.25909849749582636, 0.6885555555555556, 0.4449918919306772, 0.15091819699499165]"
Mory Gbane,Stade de Reims,1125,0.0136,0.0616,0.16,5.04,0.4,85.32,3.04,62.5,3.92,0.96,25/12/2000 00:00,Cote d'Ivoire,Midfield,right,188.0,https://img.a.transfermarkt.technology/portrait/header/717585-1710239409.png?lm=1,4000000,"[0.014308040547190237, 0.11693021649848671, 0.0593888888888889, 0.14804586295367528, 0.0636760124610592, 0.7927700714585959, 0.4368592592592592, 0.6944444444444444, 0.43984743883130445, 0.1928533333333333]"
Mathias Pereira Lage,Stade Brestois,1596,0.1906015037593984,0.1855263157894736,0.8458646616541353,5.75187969924812,0.5639097744360902,73.11,3.214285714285714,48.78,4.342105263157895,1.6917293233082706,30/11/1996 00:00,Portugal,Attack,right,180.0,https://img.a.transfermarkt.technology/portrait/header/424072-1755031981.jpg?lm=1,3500000,"[0.2005245620694783, 0.35871104411455396, 0.31396851503759404, 0.17145485904495705, 0.0897688145597639, 0.5361496427070198, 0.4619047619047618, 0.542, 0.49918726259312823, 0.33984962406015035]"
Félix Lemaréchal,RC Strasbourg,1788,0.1545302013422818,0.1011744966442952,0.5033557046979865,7.651006711409396,1.2080536912751678,81.71,2.466442953020134,35.9,3.120805369127517,1.5100671140939597,07/08/2003 00:00,France,Midfield,right,180.0,https://img.a.transfermarkt.technology/portrait/header/659518-1732576183.png?lm=1,10000000,"[0.16257532254197346, 0.19414024642789832, 0.18683585011185683, 0.23390453537578323, 0.19231010474816537, 0.7168978562421184, 0.3544369873228933, 0.3988888888888889, 0.32749615424277456, 0.3033557046979865]"
Aïssa Mandi,Lille,1736,0.017626728110599,0.0648041474654377,0.1036866359447004,8.398617511520738,0.1555299539170507,89.53,2.3847926267281108,39.47,3.4735023041474657,0.3629032258064516,22/10/1991 00:00,Algeria,Defender,right,186.0,https://img.a.transfermarkt.technology/portrait/header/80293-1780325909.jpg?lm=1,1800000,"[0.018544407391231504, 0.12318152334209138, 0.038486463133640535, 0.2584884901030927, 0.02475881820922521, 0.8812526271542664, 0.34270353302611367, 0.4385555555555556, 0.3770785115174584, 0.0729032258064516]"
Georges Mikautadze,Olympique Lyonnais,1445,0.4434602076124567,0.232318339100346,1.6193771626297575,8.906574394463666,1.0588235294117645,78.59,0.6851211072664359,27.27,2.740484429065744,0.4359861591695501,31/10/2000 00:00,Georgia,Attack,right,176.0,https://img.a.transfermarkt.technology/portrait/header/729814-1719222514.jpg?lm=1,28000000,"[0.4665475464400317, 0.4500025026708811, 0.6010813148788927, 0.27519181890978517, 0.1685541506322155, 0.6513240857503153, 0.09845444059976931, 0.303, 0.27403039694006415, 0.08758477508650517]"
Irvin Cardona,Saint-Étienne,1046,0.3174952198852772,0.1479923518164436,1.032504780114723,11.271510516252391,0.6883365200764818,72.16,0.8604206500956023,47.62,2.4091778202676863,1.032504780114723,08/08/1997 00:00,Malta,Attack,right,185.0,https://img.a.transfermarkt.technology/portrait/header/342226-1723534120.jpg?lm=1,2500000,"[0.3340245940924725, 0.28548210306762195, 0.38324569789674967, 0.35295886366405316, 0.10957631207448044, 0.5161832702816309, 0.12364563416188655, 0.5291111111111111, 0.22745510519855788, 0.2074187380497132]"
Jordan Lefort,Angers,3060,0.0164705882352941,0.0349999999999999,0.0294117647058823,3.764705882352941,0.2352941176470588,83.51,2.4705882352941178,58.57,3.235294117647059,0.4117647058823529,09/08/1993 00:00,Mauritania,Defender,left,184.0,https://img.a.transfermarkt.technology/portrait/header/192492-1750956054.png?lm=1,900000,"[0.017328076787254596, 0.06503349082229504, 0.010917075163398675, 0.10610990797874696, 0.03745647791827011, 0.7547288776796974, 0.35503267973856206, 0.6507777777777778, 0.3435910546214986, 0.082718954248366]"
Djibril Sidibé,Toulouse,2117,0.0174303259329239,0.1504959848842701,0.0425129900803023,7.8223901747756255,0.4676428908833254,81.22,3.613604156825697,63.33,4.2087860179499295,0.8502598016060463,29/07/1992 00:00,France,Defender,right,183.0,https://img.a.transfermarkt.technology/portrait/header/161869-1604261378.jpg?lm=1,1500000,"[0.018337780161692404, 0.2903667030117886, 0.015779995276334433, 0.2395401994188621, 0.07444408636803093, 0.7065994115174443, 0.5192883010549519, 0.7036666666666667, 0.4804451591293751, 0.17080774681152572]"
Emmanuel Emegha,RC Strasbourg,2302,0.6482189400521284,0.0273675065160729,1.3683753258036488,2.8540399652476105,0.2736750651607297,80.71,0.2736750651607297,39.71,2.345786272806256,1.4074717636837533,03/02/2003 00:00,Netherlands,Attack,right,196.0,https://img.a.transfermarkt.technology/portrait/header/559328-1732575392.png?lm=1,28000000,"[0.6819663880678332, 0.05014245997414922, 0.5079143136403128, 0.07616415321639337, 0.04356634214863953, 0.6958806221101301, 0.0393281204749493, 0.44122222222222224, 0.21854348152865005, 0.28274543874891395]"
Leo Østigård,Stade Rennais,1228,0.0483713355048859,0.014657980456026,0.1465798045602606,3.444625407166124,0.0732899022801303,84.8,2.5651465798045603,68.57,3.737785016286645,1.3192182410423454,28/11/1999 00:00,Norway,Defender,right,183.0,https://img.a.transfermarkt.technology/portrait/header/367284-1708552959.jpg?lm=1,10000000,"[0.05088963453865075, 0.025346114582695808, 0.05440757328990229, 0.09558458663518625, 0.01166702182714847, 0.781841109709962, 0.36862106406080347, 0.7618888888888888, 0.41423154165100934, 0.26501628664495114]"
Anass Zaroury,RC Lens,1425,0.1054736842105263,0.2096842105263157,0.7578947368421053,10.23157894736842,1.0736842105263158,76.82,1.831578947368421,28.57,3.726315789473684,0.8210526315789474,07/11/2000 00:00,Morocco,Attack,right,176.0,https://img.a.transfermarkt.technology/portrait/header/491296-1756043546.png?lm=1,8000000,"[0.11096483458424626, 0.4058432108841857, 0.2813157894736843, 0.3187624199996011, 0.17091982292179048, 0.6141235813366959, 0.26320467836257305, 0.3174444444444445, 0.4126191905216397, 0.16494035087719297]"
Arnaud Nordin,Montpellier,1171,0.1936806148590948,0.0883859948761742,0.9991460290350128,6.45602049530316,1.7677198975234842,75.87,2.2288642186165672,40.63,3.612297181895816,0.9991460290350128,17/06/1998 00:00,France,Attack,both,170.0,https://img.a.transfermarkt.technology/portrait/header/324811-1752587724.jpg?lm=1,4000000,"[0.20376397725063708, 0.16918981905685826, 0.37086357813834336, 0.19460937400018602, 0.28140338555591915, 0.5941572089113074, 0.32029604326786226, 0.4514444444444445, 0.3965903828526191, 0.20071733561058921]"
Chuba Akpom,Lille,637,0.4846153846153846,0.0593406593406593,1.554160125588697,3.673469387755102,0.565149136577708,68.04,1.130298273155416,60.71,1.554160125588697,1.554160125588697,09/10/1995 00:00,England,Attack,right,183.0,https://img.a.transfermarkt.technology/portrait/header/197642-1678463529.jpg?lm=1,6000000,"[0.5098453362403761, 0.11252223219747658, 0.5768740188383047, 0.10310974552478343, 0.08996610865769746, 0.4295922656578395, 0.16242804814233386, 0.6745555555555556, 0.10725617913941214, 0.3122135007849293]"
Habib Diarra,RC Strasbourg,2356,0.0679966044142614,0.1631154499151103,0.4584040747028862,7.601867572156197,0.4966044142614601,86.51,1.337011884550085,42.86,3.4380305602716468,0.9932088285229204,03/01/2004 00:00,Senegal,Midfield,right,178.0,https://img.a.transfermarkt.technology/portrait/header/876631-1765811931.jpg?lm=1,32000000,"[0.0715366303698902, 0.31498733890975117, 0.1701506791171477, 0.23228867539280854, 0.07905447217682435, 0.8177805800756621, 0.19213355970571588, 0.4762222222222222, 0.37209187142117445, 0.19952461799660443]"
Clinton Mata,Olympique Lyonnais,2370,0.0091139240506329,0.0839240506329113,0.0,5.810126582278481,0.5316455696202532,90.1,3.3037974683544307,55.26,4.89873417721519,1.0253164556962029,07/11/1992 00:00,Angola,Defender,right,180.0,https://img.a.transfermarkt.technology/portrait/header/187718-1616529648.jpg?lm=1,4000000,"[0.009588411386799105, 0.16048454475704335, 0.0, 0.1733702122410479, 0.08463267479001539, 0.8932324506094997, 0.4747679324894515, 0.614, 0.5774385059294137, 0.20597468354430384]"
Leonardo Balerdi,Olympique de Marseille,2276,0.0359841827768014,0.0320298769771529,0.0790861159929701,7.1572934973637965,0.8699472759226714,93.98,3.637961335676626,63.49,6.366432337434095,1.1072056239015815,26/01/1999 00:00,Argentina,Defender,right,187.0,https://img.a.transfermarkt.technology/portrait/header/575998-1640777749.jpg?lm=1,20000000,"[0.03785758428146904, 0.0592387667718728, 0.029355228471001752, 0.21766958625444385, 0.13848693395529132, 0.9747793190416141, 0.5227885178676039, 0.7054444444444445, 0.7837684377368842, 0.22242530755711767]"
Matthis Abline,Nantes,2782,0.2368080517613227,0.1090222861250898,0.8734723220704529,4.205607476635514,1.1322789360172538,68.51,0.4852624011502516,45.71,2.6851186196980588,1.0999281092739035,28/03/2003 00:00,France,Attack,right,182.0,https://img.a.transfermarkt.technology/portrait/header/659543-1704213657.jpg?lm=1,20000000,"[0.2491367063604507, 0.20945132078313508, 0.32421594176851193, 0.12060823362014628, 0.18024751909807377, 0.43947036569987397, 0.06973400431344356, 0.507888888888889, 0.26624703658646387, 0.22096333572969082]"
Louis Leroux,Nantes,822,0.1653284671532846,0.0733576642335766,0.5474452554744526,6.131386861313869,0.8759124087591241,83.63,3.613138686131387,54.55,4.708029197080292,1.094890510948905,23/01/2006 00:00,France,Midfield,left,184.0,https://img.a.transfermarkt.technology/portrait/header/1119456-1740392399.jpg?lm=1,0,"[0.17393576556132392, 0.13986947496926463, 0.20320103406326037, 0.18393432949873406, 0.1394365236373559, 0.7572509457755359, 0.5192214111922141, 0.6061111111111112, 0.5506290797046717, 0.21995133819951335]"
Quentin Merlin,Olympique de Marseille,1602,0.1157303370786516,0.1365168539325842,0.5617977528089887,14.044943820224718,0.2247191011235955,86.93,2.02247191011236,31.82,3.8764044943820224,0.6179775280898876,16/05/2002 00:00,France,Defender,left,174.0,https://img.a.transfermarkt.technology/portrait/header/557613-1704213356.jpg?lm=1,12000000,"[0.12175546731333389, 0.2630933524782848, 0.20852840199750314, 0.4441586681263665, 0.03577304070846022, 0.8266078184110972, 0.29063670411985026, 0.35355555555555557, 0.4337187551924779, 0.12414481897627963]"
Kamory Doumbia,Stade Brestois,1328,0.1917921686746987,0.1199548192771084,0.677710843373494,10.03012048192771,1.2876506024096386,85.63,4.676204819277108,31.25,5.896084337349397,1.1521084337349397,18/02/2003 00:00,Mali,Midfield,right,170.0,https://img.a.transfermarkt.technology/portrait/header/671594-1639672362.png?lm=1,5000000,"[0.2017772151493484, 0.23078074461532225, 0.25155308734939763, 0.31213778885049237, 0.2049811395113163, 0.7992854140395123, 0.6719879518072288, 0.3472222222222222, 0.7176466196317355, 0.2314457831325301]"
Mohamed-Ali Cho,Nice,1635,0.2168807339449541,0.1921100917431192,0.8256880733944953,7.486238532110091,1.1009174311926604,77.1,0.9908256880733944,33.33,3.798165137614679,0.6605504587155963,19/01/2004 00:00,France,Attack,left,182.0,https://img.a.transfermarkt.technology/portrait/header/670847-1756824395.jpg?lm=1,12000000,"[0.22817193641093983, 0.3715560221062777, 0.30647935779816515, 0.228486404097059, 0.1752550801680528, 0.6200084068936527, 0.14238532110091742, 0.37033333333333335, 0.42271981713830836, 0.132697247706422]"
Moussa Niakhaté,Olympique Lyonnais,2725,0.0039633027522935,0.0350091743119266,0.0330275229357798,3.9633027522935778,0.0990825688073394,91.08,2.377981651376147,64.18,3.930275229357798,1.1229357798165138,08/03/1996 00:00,Senegal,Defender,left,190.0,https://img.a.transfermarkt.technology/portrait/header/291200-1780384737.jpg?lm=1,16000000,"[0.0041696394471033875, 0.06505138994820961, 0.0122591743119266, 0.11264044025420214, 0.015772957215124745, 0.9138293400588482, 0.34172477064220186, 0.7131111111111113, 0.4412919370463764, 0.22558532110091742]"
Jérémie Boga,Nice,1064,0.20046992481203,0.2672932330827067,1.43796992481203,11.25,2.1146616541353382,85.48,1.099624060150376,42.86,3.721804511278195,0.0845864661654135,03/01/1997 00:00,Cote d'Ivoire,Attack,right,172.0,https://img.a.transfermarkt.technology/portrait/header/216569-1756824408.jpg?lm=1,8000000,"[0.2109067509340223, 0.518238686075259, 0.5337464755639099, 0.35225152562448614, 0.33663305459911463, 0.7961328289197143, 0.15802005012531328, 0.4762222222222222, 0.41198499219144563, 0.01699248120300751]"
Massadio Haïdara,Stade Brestois,1680,0.0155357142857142,0.045,0.0535714285714285,8.142857142857142,0.8035714285714285,80.85,2.839285714285714,68.42,2.892857142857143,1.0714285714285714,02/12/1992 00:00,Mali,Defender,left,179.0,https://img.a.transfermarkt.technology/portrait/header/170929-1760088165.png?lm=1,900000,"[0.01634453161246775, 0.08454353806898375, 0.019884672619047597, 0.2500782299472344, 0.12792056074766356, 0.6988230348886086, 0.40801587301587294, 0.7602222222222222, 0.29545104901828806, 0.2152380952380952]"
Kévin Danois,Auxerre,1466,0.0920873124147339,0.1246248294679399,0.1841746248294679,11.173260572987722,1.2892223738062756,82.93,4.2360163710777625,42.42,6.261937244201911,1.3506139154160983,28/06/2004 00:00,France,Midfield,right,183.0,https://img.a.transfermarkt.technology/portrait/header/743496-1672330479.jpg?lm=1,100000,"[0.09688154411116086, 0.2398919565618862, 0.06836203956343792, 0.3497280754560449, 0.2052313498489118, 0.7425388818831442, 0.608731241473397, 0.4713333333333334, 0.7690784517130574, 0.2713233287858117]"
Mickaël Nadé,Saint-Étienne,2278,0.0205443371378402,0.0209394205443371,0.0790166812993854,3.753292361720808,0.1580333625987708,89.86,3.63476733977173,73.81,4.543459174714662,0.7506584723441616,04/03/1999 00:00,France,Defender,left,193.0,https://img.a.transfermarkt.technology/portrait/header/494586-1727722979.jpg?lm=1,2000000,"[0.021613912410541457, 0.037601233872715106, 0.029329455662862155, 0.10573459307631673, 0.025157335915256037, 0.8881883144178226, 0.522329528826456, 0.8201111111111111, 0.5274937223044893, 0.15079894644424935]"
Tom Louchet,Nice,780,0.0911538461538461,0.15,0.4615384615384615,10.961538461538462,0.4615384615384615,87.33,5.1923076923076925,78.57,4.153846153846154,0.9230769230769232,04/05/2003 00:00,France,Midfield,both,178.0,https://img.a.transfermarkt.technology/portrait/header/750904-1756824707.jpg?lm=1,5000000,"[0.0958994799118802, 0.2893990341592133, 0.1713141025641026, 0.3427659411451658, 0.07347232207045291, 0.8350147120638924, 0.7461538461538462, 0.873, 0.472721678429261, 0.18543589743589745]"
Jordan James,Stade Rennais,1193,0.0648784576697401,0.1267393126571667,0.2263202011735121,10.486169321039396,0.6789606035205364,87.71,3.3193629505448445,58.82,4.073763621123218,1.961441743503772,02/07/2004 00:00,Wales,Midfield,right,182.0,https://img.a.transfermarkt.technology/portrait/header/667517-1675157129.png?lm=1,8000000,"[0.06825614727777991, 0.24401732325430056, 0.08400565800502934, 0.3271342067894708, 0.10808375962585487, 0.8430012610340478, 0.477004749930148, 0.6535555555555556, 0.46146362553831205, 0.39403185247275774]"
Abdoulaye Ndiaye,Stade Brestois,1712,0.0483644859813084,0.0115654205607476,0.1051401869158878,2.4707943925233646,0.1051401869158878,86.72,3.154205607476636,55.95,3.785046728971962,1.0514018691588785,10/04/2002 00:00,Senegal,Defender,left,195.0,https://img.a.transfermarkt.technology/portrait/header/673514-1767803264.jpg?lm=1,3000000,"[0.050882428416512825, 0.019312515615686233, 0.0390259929906542, 0.06356175126086856, 0.01673726963053541, 0.8221941992433794, 0.4532710280373832, 0.6216666666666667, 0.42087562298855846, 0.21121495327102802]"
Haris Belkebla,Angers,1795,0.0045125348189415,0.0160445682451253,0.0,6.56824512534819,0.4512534818941504,88.09,4.562674094707521,32.26,4.512534818941504,0.9025069637883008,28/01/1994 00:00,Algeria,Midfield,right,177.0,https://img.a.transfermarkt.technology/portrait/header/138055-1750956421.png?lm=1,2500000,"[0.00474746552647226, 0.02805135391039668, 0.0, 0.1982996968578884, 0.07183505584047067, 0.8509878100042034, 0.6556731662024141, 0.35844444444444445, 0.5231463568918939, 0.18130362116991638]"
Badredine Bouanani,Nice,1112,0.1553956834532374,0.1788669064748201,1.2140287769784173,11.088129496402876,1.1330935251798562,82.01,1.7805755395683454,11.11,3.5611510791366907,1.0521582733812949,08/12/2004 00:00,Algeria,Attack,left,177.0,https://img.a.transfermarkt.technology/portrait/header/707242-1756822874.jpg?lm=1,12000000,"[0.1634858632137691, 0.3457185050781612, 0.45062387589928066, 0.34692867965767327, 0.18037719357224502, 0.7232030264817151, 0.25587529976019185, 0.12344444444444444, 0.38940023151187325, 0.2113669064748201]"
Romain Faivre,Stade Brestois,906,0.1788079470198675,0.1788079470198675,0.9933774834437088,11.225165562913908,1.6887417218543046,86.21,1.6887417218543046,41.18,4.172185430463577,0.5960264900662252,14/07/1998 00:00,France,Midfield,left,180.0,https://img.a.transfermarkt.technology/portrait/header/555076-1672831296.jpg?lm=1,15000000,"[0.1881170114794197, 0.34560347490298476, 0.3687224061810156, 0.35143488590110106, 0.2688308473107632, 0.8114754098360655, 0.2426784400294334, 0.45755555555555555, 0.47529982548730915, 0.11973509933774834]"
Mohamed Abdelmonem,Nice,855,0.0,0.02,0.0,7.157894736842105,0.1052631578947368,90.66,3.789473684210526,62.0,5.2631578947368425,0.9473684210526316,01/02/1999 00:00,Egypt,Defender,right,183.0,https://img.a.transfermarkt.technology/portrait/header/566025-1739971401.jpg?lm=1,3000000,"[0.0, 0.03576841995226243, 0.0, 0.2176893570283717, 0.016756845384489256, 0.9050021017234131, 0.5445614035087719, 0.6888888888888889, 0.6286694216744145, 0.1903157894736842]"
Dante,Nice,1966,0.021057985757884,0.0233468972533062,0.091556459816887,6.042726347914547,0.2746693794506612,88.76,3.021363173957273,64.06,5.127161749745676,0.8697863682604272,18/10/1983 00:00,Brazil,Defender,left,188.0,https://img.a.transfermarkt.technology/portrait/header/16136-1756826930.jpg?lm=1,500000,"[0.022154302504849913, 0.04229823230644404, 0.03398397761953202, 0.18101887396065952, 0.04372462707142925, 0.8650693568726358, 0.4341810783316377, 0.7117777777777778, 0.6095509979530677, 0.17473041709053913]"
Baptiste Santamaria,Nice,1421,0.0677691766361717,0.03926812104152,0.2533427163969036,8.550316678395495,0.5700211118930331,83.36,3.86347642505278,58.46,5.256861365235749,1.3300492610837438,09/03/1995 00:00,France,Midfield,right,183.0,https://img.a.transfermarkt.technology/portrait/header/285323-1739972064.jpg?lm=1,4500000,"[0.07129736229117956, 0.07336061513975929, 0.09403589021815624, 0.26347686834758055, 0.09074167855991898, 0.751576292559899, 0.5551958714520291, 0.6495555555555556, 0.6277842515912208, 0.26719211822660094]"
Lilian Brassier,Stade Rennais,2024,0.0778162055335968,0.0235671936758893,0.133399209486166,8.537549407114625,0.133399209486166,86.89,2.4011857707509883,73.85,4.313241106719368,0.7114624505928854,02/11/1999 00:00,France,Defender,left,186.0,https://img.a.transfermarkt.technology/portrait/header/485960-1736237346.jpg?lm=1,10000000,"[0.08186745764729356, 0.042728031667731314, 0.04951519268774704, 0.2630570375758562, 0.021235824313841377, 0.8257671290458175, 0.3450592885375494, 0.8205555555555555, 0.49512952130063176, 0.14292490118577073]"
Gautier Lloris,Le Havre,2769,0.0380281690140845,0.0162513542795232,0.0650054171180931,3.607800650054172,0.1300108342361863,87.59,3.315276273022752,65.0,3.2502708559046587,1.007583965330444,18/07/1995 00:00,France,Defender,left,191.0,https://img.a.transfermarkt.technology/portrait/header/249636-1704795536.jpg?lm=1,3000000,"[0.04000798413153856, 0.02845479444050252, 0.024128746840014422, 0.10095033681319339, 0.020696428752240252, 0.8404791929382094, 0.4764174792343806, 0.7222222222222222, 0.34569649391899554, 0.2024124232574936]"
Nemanja Matić,Olympique Lyonnais,2031,0.0031019202363367,0.0890694239290989,0.0443131462333825,13.95864106351551,0.3545051698670605,87.55,2.658788774002954,51.72,5.539143279172821,0.5760709010339734,01/08/1988 00:00,Serbia,Midfield,left,194.0,https://img.a.transfermarkt.technology/portrait/header/74683-1655212906.jpg?lm=1,3000000,"[0.0032634118026217225, 0.1705231923680903, 0.016448178237321493, 0.44132074354921313, 0.056433689034912124, 0.8396385035729297, 0.3820777941900541, 0.5746666666666667, 0.6674676208504909, 0.11572624322993598]"
Jhoanner Chávez,RC Lens,598,0.0451505016722408,0.1941471571906354,0.451505016722408,7.525083612040134,0.451505016722408,77.19,2.25752508361204,58.33,3.762541806020067,1.5050167224080266,25/04/2002 00:00,Ecuador,Defender,left,182.0,https://img.a.transfermarkt.technology/portrait/header/713787-1656676313.JPG?lm=1,3000000,"[0.04750111828326485, 0.37553034641884153, 0.16758988294314384, 0.22976376082630456, 0.07187509767761698, 0.6218999579655318, 0.32441471571906355, 0.6481111111111111, 0.4177118667450374, 0.3023411371237458]"
Seko Fofana,Stade Rennais,844,0.1812796208530805,0.1034360189573459,0.6398104265402843,15.355450236966824,1.2796208530805686,91.16,1.919431279620853,70.0,4.478672985781991,0.9597156398104264,07/05/1995 00:00,Cote d'Ivoire,Midfield,right,185.0,https://img.a.transfermarkt.technology/portrait/header/182893-1653394911.jpg?lm=1,8000000,"[0.19071736511361387, 0.19855248714560425, 0.23748518957345974, 0.48725252179225564, 0.20370288346547372, 0.9155107187894072, 0.2758293838862559, 0.7777777777777778, 0.5183860390581261, 0.19279620853080565]"
Sinaly Diomandé,Auxerre,1945,0.0620051413881748,0.0129562982005141,0.1850899742930591,3.886889460154242,0.3701799485861182,85.37,3.19280205655527,54.9,3.979434447300771,1.1105398457583548,09/04/2001 00:00,Cote d'Ivoire,Defender,right,184.0,https://img.a.transfermarkt.technology/portrait/header/702441-1672831343.jpg?lm=1,4000000,"[0.06523324096443152, 0.02202612446230694, 0.06870179948586118, 0.1101277144960425, 0.058928957547509785, 0.7938209331651955, 0.45881748071979434, 0.61, 0.448202770868209, 0.22309511568123394]"
Saïd Benrahma,Olympique Lyonnais,737,0.2405698778833107,0.3333785617367707,0.4884667571234736,13.67706919945726,0.9769335142469472,79.29,1.4654002713704208,0.0,3.9077340569877888,0.7327001356852104,10/08/1995 00:00,Algeria,Attack,right,172.0,https://img.a.transfermarkt.technology/portrait/header/290532-1686212081.jpg?lm=1,9000000,"[0.25309437994022155, 0.6471714745106318, 0.18130936227951158, 0.43206171471032906, 0.1555180765670374, 0.6660361496427072, 0.21058344640434196, 0.0, 0.4381230848368249, 0.14719131614654002]"
Clément Akpa,Auxerre,2495,0.0079358717434869,0.0324649298597194,0.0360721442885771,4.2565130260521045,0.2885771543086172,84.14,3.498997995991984,55.71,4.18436873747495,0.5410821643286573,24/11/2001 00:00,Cote d'Ivoire,Defender,left,181.0,https://img.a.transfermarkt.technology/portrait/header/806793-1709202392.jpg?lm=1,8000000,"[0.008349027550228812, 0.060087557001240854, 0.013389278557114212, 0.12228217910359823, 0.04593860618433127, 0.7679697351828498, 0.502818971275885, 0.619, 0.4770125624607418, 0.10869739478957914]"
Senny Mayulu,Paris Saint-Germain,813,0.3154981549815498,0.2247232472324723,0.8856088560885609,16.162361623616235,1.6605166051660516,90.14,3.321033210332103,16.67,3.5424354243542435,2.2140221402214024,17/05/2006 00:00,France,Midfield,both,183.0,https://img.a.transfermarkt.technology/portrait/header/903693-1716562599.jpg?lm=1,40000000,"[0.3319235583852739, 0.43518444255236555, 0.3287207872078721, 0.5137864790269361, 0.26433769010587305, 0.8940731399747792, 0.47724477244772445, 0.18522222222222226, 0.3867691729743204, 0.4447724477244772]"
Yaya Fofana,Stade de Reims,638,0.0860501567398119,0.136833855799373,0.5642633228840126,5.501567398119122,1.974921630094044,76.99,2.8213166144200628,28.57,4.655172413793104,2.2570532915360504,12/06/2004 00:00,Cote d'Ivoire,Midfield,right,180.0,https://img.a.transfermarkt.technology/portrait/header/1044893-1723838377.png?lm=1,150000,"[0.09053008321509587, 0.2637118246181186, 0.20944357366771166, 0.16322374965257339, 0.3143878358187092, 0.6176965111391339, 0.4054336468129571, 0.3174444444444445, 0.543198439817802, 0.4534169278996865]"
Ernest Nuamah,Olympique Lyonnais,1065,0.1850704225352112,0.1115492957746478,1.0985915492957743,11.661971830985914,1.8591549295774648,83.94,2.4507042253521125,48.15,5.070422535211267,1.5211267605633805,01/11/2003 00:00,Ghana,Attack,left,178.0,https://img.a.transfermarkt.technology/portrait/header/955070-1702991257.jpg?lm=1,12000000,"[0.19470552277348763, 0.2143815285487065, 0.4077758215962441, 0.3657985434583325, 0.2959589311570357, 0.7637662883564522, 0.35217527386541464, 0.535, 0.6015745634360768, 0.3055774647887324]"
Estéban Lepaul,Angers,1638,0.2873626373626374,0.0928571428571428,0.934065934065934,3.6813186813186816,0.3296703296703296,69.91,0.8241758241758242,42.68,2.4725274725274726,0.8791208791208791,18/04/2000 00:00,France,Attack,right,181.0,https://img.a.transfermarkt.technology/portrait/header/461607-1750956916.png?lm=1,0,"[0.3023232549361868, 0.1779130498924216, 0.3467071123321124, 0.10336785666707787, 0.052480230050323505, 0.4688944934846573, 0.11843711843711845, 0.4742222222222222, 0.23636083921463047, 0.17660561660561658]"
Mamadou Sarr,RC Strasbourg,2368,0.0296452702702702,0.0117820945945945,0.0,2.7744932432432434,0.3800675675675676,93.86,2.356418918918919,50.0,3.7246621621621614,1.102195945945946,29/08/2005 00:00,Senegal,Defender,right,194.0,https://img.a.transfermarkt.technology/portrait/header/910905-1773787147.jpg?lm=1,25000000,"[0.031188656548488184, 0.019735247679434596, 0.0, 0.07354838975742517, 0.06050296792119223, 0.9722572509457754, 0.3386261261261261, 0.5555555555555556, 0.4123867225526327, 0.2214189189189189]"
Valentin Atangana,Stade de Reims,2865,0.0782198952879581,0.0223036649214659,0.1884816753926701,4.554973821989529,0.4397905759162304,87.79,3.329842931937173,58.33,3.675392670157068,1.7905759162303665,25/08/2005 00:00,France,Midfield,right,176.0,https://img.a.transfermarkt.technology/portrait/header/923759-1723836219.png?lm=1,1000000,"[0.08229216421890287, 0.04026288109809631, 0.06996073298429319, 0.13209657276151443, 0.07001027548074572, 0.844682639764607, 0.4785107620709715, 0.6481111111111111, 0.40546038633369, 0.35970680628272245]"
Pedro Chirivella,Nantes,2362,0.018670618120237,0.0792548687552921,0.0762066045723962,11.392887383573244,0.1143099068585944,85.75,2.4005080440304827,38.46,4.419983065198984,0.9525825571549534,23/05/1997 00:00,Spain,Midfield,right,178.0,https://img.a.transfermarkt.technology/portrait/header/242273-1756043210.png?lm=1,5000000,"[0.01964264419893057, 0.1513749488534701, 0.028286409822184565, 0.3569501428305849, 0.018196997633875934, 0.8018074821353509, 0.34496189669771377, 0.42733333333333334, 0.5101353730561523, 0.19136325148179506]"
Moïse Bombito,Nice,2195,0.035261958997722,0.0229612756264236,0.041002277904328,4.387243735763098,0.4920273348519362,90.34,2.2551252847380407,48.04,3.9772209567198176,1.1480637813211845,30/03/2000 00:00,Canada,Defender,right,190.0,https://img.a.transfermarkt.technology/portrait/header/1089202-1756826846.jpg?lm=1,8000000,"[0.03709776022887985, 0.0415458826904616, 0.015219248291571749, 0.1265810440324161, 0.07832584676303408, 0.8982765868011771, 0.32406985573272584, 0.5337777777777778, 0.44789159696815, 0.23063325740318905]"
Amine Harit,Olympique de Marseille,541,0.1364140480591497,0.2495378927911275,0.8317929759704251,13.142329020332715,1.3308687615526802,87.24,1.829944547134936,14.29,3.992606284658041,0.99815157116451,18/06/1997 00:00,Morocco,Attack,right,180.0,https://img.a.transfermarkt.technology/portrait/header/372711-1759747205.jpg?lm=1,15000000,"[0.1435160096203435, 0.4835979332782848, 0.3087453789279113, 0.4144776611459433, 0.2118610396116572, 0.8331231609920133, 0.2629698089956871, 0.15877777777777777, 0.4500544760603033, 0.20051756007393712]"
Jonathan Rowe,Olympique de Marseille,817,0.3877600979192167,0.2478580171358629,1.6523867809057529,10.79559363525092,2.2031823745410035,86.1,1.8727050183598533,36.36,2.313341493268054,1.5422276621787026,30/04/2003 00:00,England,Attack,right,173.0,https://img.a.transfermarkt.technology/portrait/header/672381-1750074903.jpg?lm=1,500000,"[0.40794758850078006, 0.48032048793800736, 0.6133338433292536, 0.33730911776048944, 0.3507246708381473, 0.8091635140815467, 0.26911464708282334, 0.404, 0.21398237398551107, 0.3098164014687882]"
Gideon Mensah,Auxerre,2284,0.0063047285464098,0.0685639229422066,0.0394045534150613,7.211033274956217,1.1427320490367776,83.08,4.6497373029772335,44.44,6.777583187390543,1.300350262697023,18/07/1998 00:00,Ghana,Defender,left,178.0,https://img.a.transfermarkt.technology/portrait/header/397171-1565700436.jpg?lm=1,3500000,"[0.006632964094195529, 0.1305168630609616, 0.01462620402802102, 0.2194367306819869, 0.1819115504852939, 0.7456914670029424, 0.6681844716870987, 0.49377777777777776, 0.8415682831911052, 0.2612259194395797]"
Sergio Akieme,Stade de Reims,2526,0.0527315914489311,0.0901425178147268,0.2494061757719715,5.095011876484561,0.4631828978622327,86.16,1.817102137767221,42.22,3.883610451306413,0.8907363420427553,16/12/1997 00:00,Spain,Defender,left,175.0,https://img.a.transfermarkt.technology/portrait/header/355627-1723835849.png?lm=1,7000000,"[0.05547689327714531, 0.17261680360896361, 0.09257472288202694, 0.1498548382664441, 0.0737340999400626, 0.8104245481294661, 0.2611243072050673, 0.4691111111111111, 0.4347317731556504, 0.17893903404592237]"
Matias Fernandez-Pardo,Lille,1064,0.2393796992481203,0.1632518796992481,1.0150375939849623,7.951127819548872,1.6917293233082706,78.55,1.268796992481203,8.33,2.960526315789473,1.5225563909774436,03/02/2005 00:00,Belgium,Attack,right,188.0,https://img.a.transfermarkt.technology/portrait/header/724129-1780057362.jpg?lm=1,3000000,"[0.2518422384570816, 0.3152535140631896, 0.3767622180451128, 0.24377352567676872, 0.2693064436792917, 0.6504833963850356, 0.18233082706766918, 0.09255555555555556, 0.3049640239711988, 0.3058646616541353]"
Ulisses Garcia,Olympique de Marseille,937,0.1459978655282817,0.1181430096051227,0.192102454642476,11.334044823906083,0.6723585912486659,88.1,2.113127001067236,73.91,4.610458911419424,0.768409818569904,11/01/1996 00:00,Switzerland,Defender,left,182.0,https://img.a.transfermarkt.technology/portrait/header/192616-1700236348.jpg?lm=1,3000000,"[0.1535987779251384, 0.22724589538507742, 0.07130469583778017, 0.3550152017854835, 0.10703278508662564, 0.8511979823455231, 0.30366417644966204, 0.8212222222222222, 0.5369125874908777, 0.1543649946638207]"
Jean-Eudes Aholou,Angers,1978,0.0832659251769464,0.0332153690596562,0.3185035389282103,4.823053589484328,0.5460060667340748,84.74,4.049544994944388,62.9,4.550050556117291,2.2750252780586453,20/03/1994 00:00,Cote d'Ivoire,Midfield,left,186.0,https://img.a.transfermarkt.technology/portrait/header/178313-1757880528.jpeg?lm=1,800000,"[0.08760089953169542, 0.061551667425894255, 0.11822232052578364, 0.14091193613831188, 0.08691872277293217, 0.7805800756620427, 0.5819346140883046, 0.6988888888888889, 0.5284203428537163, 0.4570273003033367]"
Angel Gomes,Lille,737,0.1135685210312076,0.1905020352781547,0.3663500678426052,12.455902306648577,0.6105834464043419,82.34,1.2211668928086838,50.0,2.442333785617368,0.4884667571234736,31/08/2000 00:00,England,Midfield,right,168.0,https://img.a.transfermarkt.technology/portrait/header/392770-1666690396.jpg?lm=1,18000000,"[0.1194811032205107, 0.3684186963455977, 0.1359820217096337, 0.39190564473003076, 0.09719879785439836, 0.7301387137452713, 0.17548620533695158, 0.5555555555555556, 0.23211619169102193, 0.09812754409769335]"
Mahamadou Nagida,Stade Rennais,456,0.2980263157894737,0.0552631578947368,0.5921052631578948,7.894736842105264,0.986842105263158,86.31,3.355263157894737,29.41,7.302631578947369,0.986842105263158,28/06/2005 00:00,Cameroon,Defender,left,176.0,https://img.a.transfermarkt.technology/portrait/header/1176345-1702911497.jpg?lm=1,1500000,"[0.3135421037092288, 0.10456700761163769, 0.21977796052631585, 0.24191920089133764, 0.15709542547958685, 0.8135771332492645, 0.4821637426900585, 0.3267777777777778, 0.9153799167829768, 0.19824561403508772]"
Angelo Fulgini,RC Lens,1059,0.2031161473087818,0.3220963172804532,0.7648725212464589,16.40226628895184,0.9348441926345608,81.79,1.3597733711048157,37.5,4.419263456090651,1.3597733711048157,20/08/1996 00:00,New Caledonia,Midfield,right,183.0,https://img.a.transfermarkt.technology/portrait/header/250013-1657707374.jpg?lm=1,5000000,"[0.21369074055022907, 0.6251597622714874, 0.28390580736543913, 0.5216753503896859, 0.14881787614836778, 0.7185792349726776, 0.19540446962543276, 0.4166666666666667, 0.51003420995445, 0.27316336166194516]"
Deiver Machado,RC Lens,1805,0.1166759002770082,0.1431024930747922,0.2493074792243767,8.02770083102493,1.146814404432133,86.88,2.5927977839335177,50.0,4.437673130193906,1.3961218836565097,02/09/1993 00:00,Colombia,Defender,left,180.0,https://img.a.transfermarkt.technology/portrait/header/332560-1704797088.jpg?lm=1,4000000,"[0.1227502582384822, 0.27594196555969674, 0.09253808864265929, 0.2462915035433014, 0.1825614207678567, 0.8255569567044976, 0.37259464450600177, 0.5555555555555556, 0.512622253535397, 0.2804653739612188]"
Akor Adams,Montpellier,1079,0.35032437442076,0.0125115848007414,1.000926784059314,2.5857275254865617,0.5838739573679332,65.12,0.4170528266913809,50.91,2.001853568118628,1.417979610750695,29/01/2000 00:00,Nigeria,Attack,right,190.0,https://img.a.transfermarkt.technology/portrait/header/607034-1767008026.jpg?lm=1,10000000,"[0.3685628936677418, 0.021158486518226854, 0.3715245597775718, 0.06734113879381254, 0.09294691346262116, 0.36822194199243397, 0.05993203583565029, 0.5656666666666667, 0.1701932052743192, 0.28485634847080626]"
Gabriel Osho,Auxerre,1657,0.0532287266143633,0.0092335546167773,0.1629450814725407,3.747736873868437,0.2172601086300543,89.53,1.9010259505129752,64.52,2.8243814121907063,0.5974652987326493,14/08/1998 00:00,Nigeria,Defender,right,185.0,https://img.a.transfermarkt.technology/portrait/header/364409-1684493913.jpg?lm=1,3000000,"[0.05599991019658928, 0.014763034141705787, 0.060482045866022925, 0.10555190997191205, 0.03458564346104603, 0.8812526271542664, 0.2731844699255683, 0.7168888888888889, 0.2858246876710985, 0.12002414001206999]"
Hiroki Sekine,Stade de Reims,884,0.013235294117647,0.0488687782805429,0.0,7.941176470588235,0.6108597285067873,83.29,1.425339366515837,52.17,2.138009049773756,0.4072398190045249,11/08/2002 00:00,Japan,Defender,right,187.0,https://img.a.transfermarkt.technology/portrait/header/1137808-1723238645.jpg?lm=1,0,"[0.013924347418329538, 0.0920915427730192, 0.0, 0.24344629189110437, 0.09724277921089355, 0.75010508617066, 0.20482654600301656, 0.5796666666666667, 0.18933402864424553, 0.08180995475113122]"
Ismaël Koné,Stade Rennais,829,0.0477683956574185,0.1617611580217129,0.4342581423401689,9.553679131483715,0.8685162846803378,86.39,2.714113389626056,44.44,3.5826296743063937,1.3027744270205068,16/06/2002 00:00,Canada,Midfield,right,188.0,https://img.a.transfermarkt.technology/portrait/header/921655-1757604633.jpg?lm=1,14000000,"[0.05025530455445367, 0.3123451090271521, 0.16118817852834744, 0.29647079662968856, 0.13825913441484505, 0.8152585119798235, 0.3900281463610777, 0.49377777777777776, 0.3924197059493311, 0.26171290711700845]"
Derek Cornelius,Olympique de Marseille,1423,0.0562895291637385,0.0252986647926914,0.0632466619817287,8.664792691496837,0.0,93.76,2.403373155305692,66.67,4.237526352775825,1.5811665495432186,25/11/1997 00:00,Canada,Defender,left,187.0,https://img.a.transfermarkt.technology/portrait/header/328609-1618857970.jpg?lm=1,4000000,"[0.05922006365125131, 0.046106139997239864, 0.023475931131412494, 0.2672412242437596, 0.0, 0.9701555275325768, 0.3453736237994846, 0.7407777777777779, 0.4844854935015776, 0.3176387912860154]"
Tanner Tessmann,Olympique Lyonnais,1261,0.0678033306899286,0.0570975416336241,0.7137192704203014,10.206185567010309,0.7137192704203014,90.63,3.140364789849326,17.39,4.4964314036478985,0.999206978588422,24/09/2001 00:00,United States,Midfield,right,188.0,https://img.a.transfermarkt.technology/portrait/header/670096-1722196121.jpg?lm=1,12000000,"[0.07133329446662107, 0.10814589895306254, 0.2649187153053133, 0.3179274003436462, 0.11361699289245297, 0.9043715846994533, 0.45128205128205123, 0.19322222222222224, 0.5208825286270268, 0.20072957969865188]"
Léo Pétrot,Saint-Étienne,2617,0.0192586931601069,0.0522735957202904,0.1031715705005731,7.8066488345433696,0.2407336645013374,81.12,3.748567061520825,53.49,4.023691249522353,0.7565915170042032,15/04/1997 00:00,France,Defender,left,188.0,https://img.a.transfermarkt.technology/portrait/header/412829-1727723239.jpg?lm=1,1500000,"[0.02026133548681653, 0.09873435768460148, 0.038295280855941895, 0.23902257126854734, 0.03832239955145901, 0.7044976881042455, 0.5386829703222519, 0.5943333333333334, 0.45442442000009436, 0.15199082919373325]"
Johann Lepenant,Nantes,2064,0.0610465116279069,0.0763081395348837,0.2180232558139535,7.325581395348837,0.7848837209302325,81.71,3.75,55.0,3.880813953488372,2.2238372093023258,22/10/2002 00:00,France,Midfield,right,176.0,https://img.a.transfermarkt.technology/portrait/header/585973-1672830993.jpg?lm=1,7000000,"[0.06422470320857443, 0.14562586622213355, 0.08092599321705428, 0.22320345770814964, 0.12494566398608999, 0.7168978562421184, 0.5388888888888889, 0.6111111111111112, 0.434338639730989, 0.4467441860465116]"
Lorenz Assignon,Stade Rennais,2362,0.0838272650296359,0.1409822184589331,0.1905165114309907,10.745131244707874,1.066892464013548,81.44,2.819644369178662,63.33,4.191363251481795,1.9813717188823032,22/06/2000 00:00,France,Defender,right,181.0,https://img.a.transfermarkt.technology/portrait/header/711969-1753307527.jpg?lm=1,12000000,"[0.08819146375030094, 0.2718052997665602, 0.07071602455546148, 0.3356497448296044, 0.16983864458284206, 0.7112232030264816, 0.405193338978267, 0.7036666666666667, 0.47799585564538655, 0.3980355630821338]"
Nicolas Pallois,Nantes,2020,0.0187128712871287,0.0178217821782178,0.0445544554455445,3.1633663366336635,0.1336633663366336,83.95,3.9653465346534658,55.56,4.2772277227722775,0.9801980198019804,19/09/1987 00:00,France,Defender,left,189.0,https://img.a.transfermarkt.technology/portrait/header/139279-1704213256.jpg?lm=1,300000,"[0.0196870971419551, 0.03151870669060747, 0.016537747524752455, 0.08633584349826878, 0.021277875451096502, 0.7639764606977721, 0.5698349834983498, 0.6173333333333334, 0.4900667371019712, 0.19691089108910892]"
Nikola Maksimović,Montpellier,583,0.0030874785591766,0.0108061749571183,0.0,2.9331046312178386,0.3087478559176672,93.18,2.3156089193825045,38.1,2.1612349914236706,0.4631217838765008,25/11/1991 00:00,Serbia,Defender,right,193.0,https://img.a.transfermarkt.technology/portrait/header/124715-1696432924.png?lm=1,450000,"[0.0032482182656823, 0.017831223855821417, 0.0, 0.0787640650534782, 0.04914958080184671, 0.9579655317360236, 0.33276157804459694, 0.42333333333333334, 0.19259914615047474, 0.09303602058319038]"
Jordan Teze,AS Monaco,586,0.1858361774744027,0.3133105802047781,0.3071672354948805,9.829351535836178,0.7679180887372014,83.28,3.686006825938567,46.67,4.453924914675768,1.5358361774744027,30/09/1999 00:00,Netherlands,Defender,right,183.0,https://img.a.transfermarkt.technology/portrait/header/364245-1707214531.jpg?lm=1,12000000,"[0.1955111442969555, 0.608018747727147, 0.11401450511945393, 0.3055358314140445, 0.12224490446875698, 0.74989491382934, 0.5296928327645052, 0.5185555555555555, 0.514906939634201, 0.3085324232081911]"
Malang Sarr,RC Lens,1389,0.0174946004319654,0.0421166306695464,0.0647948164146868,6.220302375809935,0.1295896328293736,89.56,2.786177105831533,76.0,4.470842332613391,0.8423326133909287,23/01/1999 00:00,France,Defender,left,183.0,https://img.a.transfermarkt.technology/portrait/header/344596-1606395203.png?lm=1,10000000,"[0.018405400907165647, 0.07891807088230351, 0.024050575953923684, 0.18685817032955296, 0.020629377687168198, 0.8818831441782262, 0.40038396928245734, 0.8444444444444444, 0.5172852009034716, 0.16921526277897767]"
Farid El Melali,Angers,1901,0.1661756970015781,0.141083640189374,0.6628090478695423,7.196212519726459,2.4618621778011573,77.9,2.083114150447133,22.22,4.734350341925302,0.9942135718043136,13/07/1997 00:00,Algeria,Attack,both,168.0,https://img.a.transfermarkt.technology/portrait/header/425400-1765217100.jpg?lm=1,800000,"[0.17482710372471902, 0.2720031740418345, 0.24602183061546556, 0.21894937445928567, 0.39190391677769204, 0.6368221941992436, 0.2993512186568473, 0.24688888888888888, 0.5543293228256111, 0.19972645975802208]"
Lucas Hernández,Paris Saint-Germain,875,0.0041142857142857,0.0185142857142857,0.0,8.331428571428573,0.2057142857142857,92.11,3.1885714285714286,65.0,4.628571428571429,0.9257142857142858,14/02/1996 00:00,France,Defender,left,184.0,https://img.a.transfermarkt.technology/portrait/header/281963-1667830435.jpg?lm=1,20000000,"[0.004328482854612158, 0.032869784361325816, 0.0, 0.2562790920297159, 0.03274766355140187, 0.935477091214796, 0.4582095238095238, 0.7222222222222222, 0.5394588565604508, 0.1859657142857143]"
Mark McKenzie,Toulouse,2497,0.050100120144173,0.0086503804565478,0.0720865038045654,4.721665999199039,0.1441730076091309,87.63,2.6672006407689226,56.41,4.613536243492191,1.0812975570684822,25/02/1999 00:00,United States,Defender,right,184.0,https://img.a.transfermarkt.technology/portrait/header/429259-1714036622.png?lm=1,6000000,"[0.05270842282661248, 0.013625258599793244, 0.02675710853023626, 0.13757797155525164, 0.022950905572668504, 0.8413198823034886, 0.3832866105993859, 0.6267777777777778, 0.5373452007719546, 0.21722066479775728]"
Gabriel Gudmundsson,Lille,1806,0.0363787375415282,0.098172757475083,0.2491694352159468,9.56810631229236,0.9966777408637874,85.28,2.6411960132890364,57.14,4.136212624584718,1.495016611295681,29/04/1999 00:00,Sweden,Defender,left,180.0,https://img.a.transfermarkt.technology/portrait/header/362108-1666691160.jpg?lm=1,15000000,"[0.03827268027939538, 0.18828383912654173, 0.09248684939091917, 0.29694521080319913, 0.15866116061725713, 0.7919293820933164, 0.3795496493170911, 0.634888888888889, 0.4702427457790391, 0.30033222591362124]"
Christopher Wooh,Stade Rennais,1458,0.0808641975308642,0.0160493827160493,0.2469135802469136,4.074074074074074,0.4320987654320988,87.38,3.641975308641976,67.74,3.2716049382716053,2.037037037037037,18/09/2001 00:00,Cameroon,Defender,right,191.0,https://img.a.transfermarkt.technology/portrait/header/572326-1757070323.png?lm=1,5000000,"[0.08507413360938276, 0.02806074696591619, 0.09164951989026066, 0.11628297345373642, 0.06878581593015655, 0.8360655737704916, 0.5233653406492913, 0.7526666666666666, 0.34869565265561925, 0.4092181069958848]"
Mousa Tamari,Stade Rennais,1693,0.2631423508564678,0.1313053750738334,0.7442409923213231,6.804489072652097,1.5948021264028354,81.59,1.2226816302421737,36.67,3.5085646780862376,0.5847607796810396,10/06/1997 00:00,Jordan,Attack,left,178.0,https://img.a.transfermarkt.technology/portrait/header/551505-1702663087.JPG?lm=1,6000000,"[0.27684201659833096, 0.2529257326023502, 0.2762477849970467, 0.20606819151347014, 0.25387660018437663, 0.71437578814628, 0.17570387871628274, 0.4074444444444445, 0.3820076021301467, 0.11747194329592438]"
Soungoutou Magassa,AS Monaco,1054,0.0409867172675521,0.0563567362428842,0.2561669829222011,8.624288425047439,1.2808349146110058,85.81,5.806451612903226,38.24,7.685009487666035,2.390891840607211,08/10/2003 00:00,France,Midfield,right,190.0,https://img.a.transfermarkt.technology/portrait/header/745181-1766482964.jpg?lm=1,17000000,"[0.043120559747085126, 0.10670058413566884, 0.09508420303605312, 0.26590930788767353, 0.20389614995832525, 0.8030685161832702, 0.8344086021505376, 0.4248888888888889, 0.9691348440350749, 0.48030360531309296]"
Rayan Raveloson,Auxerre,734,0.1005449591280654,0.0343324250681199,0.6130790190735695,5.64032697547684,0.8583106267029973,88.45,1.348773841961853,47.06,5.395095367847412,1.103542234332425,16/01/1997 00:00,Madagascar,Midfield,right,182.0,https://img.a.transfermarkt.technology/portrait/header/344576-1646079954.JPG?lm=1,1800000,"[0.10577951117793712, 0.06373104897612666, 0.22756301089918263, 0.16778663072282368, 0.13663449540349895, 0.8585540142917192, 0.1938237965485922, 0.522888888888889, 0.6472172747463932, 0.2216893732970027]"
Kelvin Amian,Nantes,2169,0.0402489626556016,0.0734439834024896,0.1659751037344398,6.016597510373444,0.5394190871369294,81.81,2.821576763485477,50.0,2.240663900414938,0.954356846473029,08/02/1998 00:00,France,Defender,right,180.0,https://img.a.transfermarkt.technology/portrait/header/344072-1638174640.jpg?lm=1,2500000,"[0.04234439629843333, 0.14003788407564338, 0.06160673121254034, 0.1801596700017386, 0.08587014128566074, 0.7189995796553175, 0.4054710311971722, 0.5555555555555556, 0.20376531220553445, 0.1917196864914707]"
Zakaria Aboukhlal,Toulouse,1907,0.4091767173571053,0.0948610382800209,1.3686418458311482,4.813843733613004,0.7551127425275301,68.95,1.3214472994231776,36.51,2.8788673308862087,1.651809124278972,18/02/2000 00:00,Morocco,Attack,both,179.0,https://img.a.transfermarkt.technology/portrait/header/393238-1753798031.jpg?lm=1,9000000,"[0.43047919580232813, 0.18182265933019906, 0.5080132406921867, 0.14060908513649123, 0.12020642100671898, 0.4487179487179489, 0.18989687117636775, 0.4056666666666667, 0.2934843524397956, 0.33183009963293125]"
Breel Embolo,AS Monaco,1844,0.5222342733188721,0.1771691973969631,0.9273318872017354,5.563991323210413,0.683297180043384,71.02,1.2201735357917571,50.82,2.8308026030368767,1.3177874186550975,14/02/1997 00:00,Switzerland,Attack,right,187.0,https://img.a.transfermarkt.technology/portrait/header/237662-1779793638.jpg?lm=1,12000000,"[0.5494227321896213, 0.342406266646149, 0.344207565075922, 0.16527645802451865, 0.10877409937762282, 0.4922236233711643, 0.17534345625451916, 0.5646666666666667, 0.28672738272470233, 0.26472885032537957]"
Mostafa Mohamed,Nantes,1245,0.3983132530120482,0.0267469879518072,1.1566265060240963,4.409638554216867,0.8674698795180723,66.53,2.0240963855421685,52.78,3.614457831325301,2.3132530120481927,28/11/1997 00:00,Egypt,Attack,right,185.0,https://img.a.transfermarkt.technology/portrait/header/462348-1703065403.jpg?lm=1,4000000,"[0.419050159895561, 0.04893182532352211, 0.4293172690763053, 0.12731746089920262, 0.13809255714446572, 0.3978562421185372, 0.2908701472556894, 0.5864444444444444, 0.39689412831032206, 0.4647068273092369]"
Goduine Koyalipou,RC Lens,891,0.5131313131313131,0.0696969696969696,1.5151515151515151,4.545454545454545,1.2121212121212122,70.59,0.404040404040404,41.46,1.5151515151515151,0.7070707070707071,15/02/2000 00:00,Central African Republic,Attack,right,184.0,https://img.a.transfermarkt.technology/portrait/header/525140-1714738152.png?lm=1,2500000,"[0.5398458554643969, 0.13272744263277494, 0.5623947811447813, 0.13178354696876513, 0.19295761351836122, 0.48318621269440953, 0.05806210250654694, 0.46066666666666667, 0.10177232411420213, 0.14204264870931535]"
Rémy Labeau Lascary,RC Lens,635,0.3628346456692913,0.0864566929133858,0.7086614173228347,7.511811023622047,1.7007874015748032,78.95,2.409448818897638,46.15,2.9763779527559056,3.25984251968504,03/03/2003 00:00,France,Attack,right,184.0,https://img.a.transfermarkt.technology/portrait/header/917778-1676913774.jpg?lm=1,1800000,"[0.3817244722177664, 0.1654257418121452, 0.26304133858267725, 0.22932731352948132, 0.27074839944072415, 0.6588902900378311, 0.34624671916010497, 0.5127777777777778, 0.3071924570802469, 0.6548661417322835]"
Jordan Veretout,Olympique Lyonnais,1571,0.1059834500318268,0.0521323997453851,0.5155951623169955,11.801400381922342,0.2864417568427753,85.73,2.0050922978994272,48.28,5.041374920432845,1.3176320814767664,01/03/1993 00:00,France,Midfield,right,177.0,https://img.a.transfermarkt.technology/portrait/header/164771-1762258648.jpg?lm=1,3500000,"[0.1115011397343006, 0.098458883670457, 0.1913788987905793, 0.3703834226272865, 0.04559867219522062, 0.8013871374527113, 0.28813918947591766, 0.5364444444444445, 0.5974910314546048, 0.26469764481222147]"
Ismaël Doukouré,RC Strasbourg,2645,0.0193950850661625,0.0163327032136105,0.0340264650283553,4.6275992438563325,0.44234404536862,89.23,2.2117202268431,60.87,3.504725897920605,1.0207939508506616,24/07/2003 00:00,France,Defender,right,183.0,https://img.a.transfermarkt.technology/portrait/header/786436-1732576094.png?lm=1,18000000,"[0.020404828201680655, 0.028613506595253618, 0.012629962192816606, 0.13448474061965576, 0.07041676236241895, 0.87494745691467, 0.31783238815374915, 0.6763333333333333, 0.3814679439965692, 0.20506616257088844]"
Benjamin Bouchouari,Saint-Étienne,1783,0.0343241727425687,0.0721817162086371,0.1514301738642737,18.02019068984857,1.4638250140213125,87.09,2.574312955692653,25.93,6.208637128435222,0.7571508693213685,13/11/2001 00:00,Morocco,Midfield,right,165.0,https://img.a.transfermarkt.technology/portrait/header/783094-1769002275.png?lm=1,0,"[0.03611115112863492, 0.13757519481664265, 0.056207936062815496, 0.5748781401540002, 0.2330263495840781, 0.8299705758722153, 0.3699383062254627, 0.2881111111111111, 0.7615854878669823, 0.15210319685922602]"
Rafik Messali,Toulouse,457,0.0531728665207877,0.1989059080962801,0.0,8.468271334792123,0.7877461706783371,75.4,4.923413566739606,63.64,5.514223194748359,1.7724288840262583,28/04/2003 00:00,Algeria,Defender,right,177.0,https://img.a.transfermarkt.technology/portrait/header/883865-1741897311.jpg?lm=1,800000,"[0.05594114192571799, 0.3848146919192765, 0.0, 0.26077894181624706, 0.12540133745066365, 0.5842791088692729, 0.7075127644055433, 0.7071111111111111, 0.6639643396859436, 0.3560612691466083]"
Glen Kamara,Stade Rennais,660,0.0231818181818181,0.0981818181818181,0.0,12.40909090909091,0.5454545454545455,90.71,4.090909090909091,25.0,5.727272727272728,0.9545454545454546,28/10/1995 00:00,Finland,Midfield,right,178.0,https://img.a.transfermarkt.technology/portrait/header/242632-1663177745.jpg?lm=1,2500000,"[0.02438870547816509, 0.18830151660819078, 0.0, 0.39036632871411936, 0.08683092608326255, 0.9060529634300125, 0.5878787878787878, 0.2777777777777778, 0.6939149771595303, 0.19175757575757574]"
Jean-Charles Castelletto,Nantes,2622,0.0665903890160183,0.0123569794050343,0.205949656750572,4.08466819221968,0.102974828375286,89.18,2.025171624713959,65.43,3.1235697940503435,1.1670480549199085,26/01/1995 00:00,Cameroon,Defender,both,186.0,https://img.a.transfermarkt.technology/portrait/header/182875-1704213298.jpg?lm=1,3200000,"[0.0700572048598795, 0.020856850660743005, 0.0764445080091533, 0.11663134364960376, 0.01639256613700036, 0.8738965952080708, 0.291024663107043, 0.7270000000000001, 0.32788477883962536, 0.23444698703279937]"
Amadou Koné,Stade de Reims,1320,0.0375,0.0334090909090909,0.2727272727272727,6.272727272727273,1.0227272727272727,86.41,4.636363636363637,50.0,5.386363636363637,1.2954545454545454,14/05/2005 00:00,Cote d'Ivoire,Midfield,left,178.0,https://img.a.transfermarkt.technology/portrait/header/1178474-1723820351.png?lm=1,500000,"[0.0394523176852672, 0.06192961966941295, 0.10123106060606062, 0.1885820770631204, 0.16280798640611727, 0.8156788566624631, 0.6662626262626262, 0.5555555555555556, 0.6459897624346385, 0.2602424242424242]"
Hans Hateboer,Stade Rennais,1680,0.0230357142857142,0.0760714285714285,0.0,8.839285714285714,0.3214285714285714,87.92,3.214285714285714,63.64,3.321428571428571,1.0714285714285714,09/01/1994 00:00,Netherlands,Defender,right,187.0,https://img.a.transfermarkt.technology/portrait/header/275303-1661509184.jpg?lm=1,2000000,"[0.02423499514952119, 0.14516404201405153, 0.0, 0.272979141047308, 0.051168224299065417, 0.8474148802017654, 0.4619047619047618, 0.7071111111111111, 0.3556998903867232, 0.2152380952380952]"
Luck Zogbé,Stade Brestois,644,0.0391304347826087,0.0195652173913043,0.139751552795031,4.332298136645963,0.5590062111801242,83.53,6.428571428571428,75.0,7.127329192546584,1.2577639751552794,24/03/2005 00:00,Cote d'Ivoire,Defender,right,178.0,https://img.a.transfermarkt.technology/portrait/header/1144999-1725882803.jpg?lm=1,100000,"[0.04116763584549621, 0.03492015702849327, 0.05187305900621116, 0.12477424814214888, 0.08898821617228768, 0.7551492223623371, 0.9238095238095236, 0.8333333333333334, 0.890735796886849, 0.2526708074534161]"
Pablo Rosario,Nice,1794,0.15,0.0431438127090301,0.4013377926421405,6.923076923076923,0.451505016722408,85.33,3.060200668896321,59.52,3.0100334448160533,1.2040133779264215,07/01/1997 00:00,Dominican Republic,Midfield,right,188.0,https://img.a.transfermarkt.technology/portrait/header/370791-1773342182.jpg?lm=1,8000000,"[0.1578092707410688, 0.0809221078944312, 0.14896878483835008, 0.20996775843467927, 0.07187509767761698, 0.7929802437999158, 0.4397621701969528, 0.6613333333333334, 0.3119237673523, 0.24187290969899664]"
Mamadou Diakhon,Stade de Reims,867,0.1058823529411764,0.0591695501730103,0.8304498269896194,7.370242214532872,2.595155709342561,86.7,1.6608996539792389,7.14,3.944636678200692,0.5190311418685122,22/09/2005 00:00,Senegal,Attack,right,180.0,https://img.a.transfermarkt.technology/portrait/header/1054839-1723837204.png?lm=1,5000000,"[0.11139477934663672, 0.11218839740295922, 0.308246828143022, 0.22467205548220714, 0.41312291821621455, 0.8217738545607398, 0.23867743175701653, 0.07933333333333334, 0.443310878570408, 0.10426758938869665]"
Zinedine Ferhat,Angers,844,0.1450236966824644,0.222867298578199,0.533175355450237,10.876777251184834,1.066350710900474,75.54,2.0260663507109005,44.74,5.011848341232227,1.1729857819905212,01/03/1993 00:00,Algeria,Attack,right,180.0,https://img.a.transfermarkt.technology/portrait/header/232895-1750956943.png?lm=1,2300000,"[0.1525738920908911, 0.4315634779591355, 0.1979043246445498, 0.33997870779105255, 0.16975240288789478, 0.5872215216477512, 0.29115323854660347, 0.49711111111111117, 0.5933401663529801, 0.23563981042654022]"
Ngal'ayel Mukau,Lille,1218,0.0561576354679803,0.0502463054187192,0.1477832512315271,10.935960591133004,0.6650246305418719,89.92,3.5467980295566504,50.0,4.655172413793103,1.4039408866995071,03/11/2004 00:00,DR Congo,Midfield,left,186.0,https://img.a.transfermarkt.technology/portrait/header/1016015-1741120243.jpg?lm=1,12000000,"[0.05908130333163167, 0.09477910472796072, 0.05485426929392448, 0.34192485483665447, 0.10586529165323881, 0.889449348465742, 0.509688013136289, 0.5555555555555556, 0.5431984398178019, 0.2820361247947454]"
André Gomes,Lille,1288,0.0377329192546583,0.1208850931677018,0.2096273291925465,15.3027950310559,0.6987577639751552,90.39,2.3059006211180124,56.25,6.428571428571428,1.6770186335403725,30/07/1993 00:00,Portugal,Midfield,right,190.0,https://img.a.transfermarkt.technology/portrait/header/221025-1774688269.jpg?lm=1,4500000,"[0.03969736313672839, 0.23259571337110604, 0.07780958850931675, 0.48552104172524946, 0.1112352702153596, 0.8993274485077765, 0.3313664596273292, 0.625, 0.7925039903078785, 0.3368944099378881]"
Louis Mouton,Saint-Étienne,1042,0.1252399232245681,0.110556621880998,0.2591170825335893,11.314779270633398,1.0364683301343571,82.79,5.095969289827256,31.25,5.441458733205375,2.0729366602687143,03/06/2002 00:00,France,Midfield,right,180.0,https://img.a.transfermarkt.technology/portrait/header/904662-1727722197.jpg?lm=1,500000,"[0.13176013967824357, 0.21244481709214036, 0.09617922264875244, 0.35438168567070594, 0.16499542576282136, 0.7395964691046659, 0.7323096609085092, 0.3472222222222222, 0.6537350658508303, 0.4164299424184261]"
Wesley Saïd,RC Lens,919,0.3114254624591948,0.0940152339499456,0.6855277475516867,7.3449401523395,0.88139281828074,80.59,1.76278563656148,37.04,1.6648531011969534,2.1545157780195865,19/04/1995 00:00,France,Attack,right,171.0,https://img.a.transfermarkt.technology/portrait/header/182916-1593971458.jpg?lm=1,4000000,"[0.3276388341392375, 0.18017249108607677, 0.25445457018498374, 0.22384003867429483, 0.1403089501998312, 0.6933585540142917, 0.2533188248095756, 0.41155555555555556, 0.12281746737146325, 0.43281828073993467]"
Nampalys Mendy,RC Lens,599,0.0315525876460767,0.0330550918196995,0.0,9.766277128547578,0.1502504173622704,89.93,3.6060100166944906,50.0,4.507512520868113,1.6527545909849748,23/06/1992 00:00,Senegal,Midfield,right,168.0,https://img.a.transfermarkt.technology/portrait/header/111051-1756666510.jpg?lm=1,3000000,"[0.03319527230947347, 0.061238965773481854, 0.0, 0.3034617330021383, 0.023918368620598186, 0.8896595208070619, 0.5181969949916527, 0.5555555555555556, 0.5224403190653936, 0.33202003338898156]"
Abdallah Sima,Stade Brestois,1243,0.4221238938053097,0.0615446500402252,1.3032984714400644,5.864843121480289,0.4344328238133547,72.2,1.158487530168946,48.24,4.416733708769107,1.158487530168946,17/06/2001 00:00,Senegal,Attack,right,188.0,https://img.a.transfermarkt.technology/portrait/header/776798-1672669896.jpg?lm=1,4000000,"[0.4441004256253086, 0.11682222846545584, 0.4837590506838296, 0.17516947587176587, 0.06915737475658076, 0.5170239596469106, 0.16647894877983369, 0.536, 0.5096785764826015, 0.23272727272727267]"
Yoann Salmier,Le Havre,801,0.0910112359550561,0.0247191011235955,0.3370786516853932,3.7078651685393256,0.449438202247191,81.35,2.696629213483146,62.5,2.4719101123595504,0.898876404494382,21/11/1992 00:00,French Guiana,Defender,right,188.0,https://img.a.transfermarkt.technology/portrait/header/351843-1764608514.jpg?lm=1,1500000,"[0.09574944516873829, 0.04497540854058735, 0.12511704119850187, 0.10424079435056802, 0.07154608141692044, 0.7093316519546027, 0.3875156054931336, 0.6944444444444444, 0.23627405033337368, 0.18057428214731583]"
Ayyoub Bouaddi,Lille,1154,0.0093587521663778,0.0967071057192374,0.0779896013864818,8.890814558058924,1.0918544194107451,88.14,4.679376083188908,45.0,4.835355285961872,1.4038128249566724,02/10/2007 00:00,Morocco,Midfield,right,186.0,https://img.a.transfermarkt.technology/portrait/header/1097139-1741119960.jpg?lm=1,40000000,"[0.009845985696149856, 0.18542434562616777, 0.028948223570190643, 0.27467358254318064, 0.1738123390401529, 0.8520386717108028, 0.6724436741767763, 0.5, 0.5685286614772139, 0.2820103986135182]"
Albert Grønbæk,Stade Rennais,813,0.1682656826568265,0.0940959409594096,0.996309963099631,7.8597785977859775,1.2177121771217712,68.72,2.7675276752767526,26.67,2.656826568265682,1.1070110701107012,23/05/2001 00:00,Denmark,Midfield,right,181.0,https://img.a.transfermarkt.technology/portrait/header/503866-1729079861.jpg?lm=1,8000000,"[0.17702589780547934, 0.1803299508428549, 0.36981088560885617, 0.24076965637490808, 0.19384763941097355, 0.4438839848675915, 0.39770397703977034, 0.29633333333333334, 0.2622697221760778, 0.2223862238622386]"
Ki-Jana Hoever,Auxerre,2139,0.0206171107994389,0.0727910238429172,0.2103786816269285,7.068723702664797,0.3786816269284712,73.27,3.02945301542777,55.81,3.8288920056100975,0.9256661991584854,18/01/2002 00:00,Netherlands,Defender,right,183.0,https://img.a.transfermarkt.technology/portrait/header/485583-1724259461.jpg?lm=1,5000000,"[0.021690474800315114, 0.13876395688989995, 0.07808847592332868, 0.21475711385200796, 0.06028233998767875, 0.5395124001681377, 0.4353436185133239, 0.6201111111111112, 0.4270394195947195, 0.18595605423094905]"
Ibrahim Sissoko,Saint-Étienne,829,0.3712907117008444,0.0379975874547647,0.5428226779252111,4.125452352231605,0.3256936067551267,67.82,1.411338962605549,39.19,2.4969843184559712,4.0168878166465625,29/11/1991 00:00,Cote d'Ivoire,Midfield,left,174.0,https://img.a.transfermarkt.technology/portrait/header/157058-1604433166.png?lm=1,200000,"[0.3906207763096178, 0.07088179810914924, 0.2014852231604343, 0.11797246384633606, 0.0518471754055669, 0.4249684741488018, 0.20281463610776038, 0.4354444444444444, 0.23979899801964, 0.8069481302774427]"
Daler Kuzyaev,Le Havre,564,0.0319148936170212,0.1069148936170212,0.4787234042553192,7.180851063829787,0.3191489361702128,82.28,3.5106382978723403,63.64,4.308510638297872,1.2765957446808511,15/01/1993 00:00,Russia,Midfield,right,182.0,https://img.a.transfermarkt.technology/portrait/header/279570-1758737579.png?lm=1,8000000,"[0.033576440583206045, 0.2053397880431615, 0.17769281914893623, 0.2184442381821571, 0.05080532909127064, 0.728877679697352, 0.5044917257683215, 0.7071111111111111, 0.49446450907040657, 0.25645390070921986]"
Rabby Nzingoula,Montpellier,1695,0.0568141592920354,0.0690265486725663,0.3185840707964602,5.04424778761062,1.3805309734513276,78.8,5.097345132743363,46.34,5.415929203539823,1.9646017699115048,25/11/2005 00:00,France,Midfield,right,183.0,https://img.a.transfermarkt.technology/portrait/header/1068110-1771530826.jpg?lm=1,2000000,"[0.059772006970953494, 0.13141944804664676, 0.11825221238938055, 0.14818554448087518, 0.2197667686709123, 0.6557377049180326, 0.7325073746312684, 0.514888888888889, 0.6501461084904255, 0.3946666666666667]"
Sorba Thomas,Nantes,1331,0.1007513148009015,0.2008264462809917,0.067618332081142,6.42374154770849,0.608564988730278,76.07,1.555221637866266,29.17,4.462809917355371,0.8790383170548459,25/01/1999 00:00,Wales,Attack,right,185.0,https://img.a.transfermarkt.technology/portrait/header/475416-1668520548.jpg?lm=1,7000000,"[0.10599661009956078, 0.38856167099155575, 0.02509861006761834, 0.19354793376123497, 0.09687747951438382, 0.5983606557377048, 0.22349110944152265, 0.3241111111111111, 0.5161559989072046, 0.1765890308039068]"
Maxence Caqueret,Olympique Lyonnais,579,0.1025906735751295,0.0932642487046632,0.155440414507772,14.922279792746114,1.088082901554404,81.79,4.352331606217616,25.0,3.730569948186528,0.6217616580310881,15/02/2000 00:00,France,Midfield,right,174.0,https://img.a.transfermarkt.technology/portrait/header/395237-1739281407.jpg?lm=1,20000000,"[0.10793172921150816, 0.1787073153243742, 0.057696459412780655, 0.47300842233790785, 0.1732119509951092, 0.7185792349726776, 0.6254461715601611, 0.2777777777777778, 0.41321724283301436, 0.12490500863557857]"
Andy Diouf,RC Lens,2240,0.118125,0.1305803571428571,0.2008928571428571,11.772321428571429,1.7276785714285714,82.28,2.0892857142857144,38.0,6.1875,1.7276785714285714,17/05/2003 00:00,France,Midfield,left,187.0,https://img.a.transfermarkt.technology/portrait/header/711976-1756099849.jpg?lm=1,9000000,"[0.12427480070859168, 0.25151121919354574, 0.07456752232142856, 0.3694272089495415, 0.2750292056074767, 0.728877679697352, 0.30023809523809525, 0.4222222222222222, 0.7586140170381338, 0.34707142857142853]"
Mikayil Faye,Stade Rennais,693,0.0454545454545454,0.0428571428571428,0.3896103896103896,7.272727272727272,0.2597402597402597,88.87,3.5064935064935066,58.33,5.324675324675325,1.2987012987012987,14/07/2004 00:00,Senegal,Defender,left,183.0,https://img.a.transfermarkt.technology/portrait/header/666974-1737970456.jpg?lm=1,6000000,"[0.047820991133657155, 0.08036281365897896, 0.1446158008658009, 0.22146543659143128, 0.041348060039648825, 0.8673812526271543, 0.5038961038961038, 0.6481111111111111, 0.6373175807225152, 0.26089466089466085]"
Elisha Owusu,Auxerre,2354,0.0141461342395921,0.0210280373831775,0.1146983857264231,4.282073067119796,0.3440951571792693,82.66,4.396771452846219,37.21,5.88785046728972,1.873406966864911,07/11/1997 00:00,Ghana,Midfield,right,182.0,https://img.a.transfermarkt.technology/portrait/header/395695-1626767315.jpg?lm=1,2500000,"[0.014882607521035289, 0.03777412574397794, 0.04257381053525914, 0.12312267912358554, 0.054776518790843186, 0.7368642286675073, 0.6318323421127159, 0.41344444444444445, 0.7164890969925632, 0.3763466440101954]"
Modibo Sagnan,Montpellier,2117,0.0335852621634388,0.0238072744449692,0.1700519603212092,2.678318375059046,0.5526688710439301,88.92,3.656117146905999,48.78,3.868682097307511,1.4029286726499763,14/04/1999 00:00,Mali,Defender,left,187.0,https://img.a.transfermarkt.technology/portrait/header/524925-1759315957.jpg?lm=1,3000000,"[0.03533377153106592, 0.043196430382508325, 0.06311998110533773, 0.07038583698933629, 0.08797937479858203, 0.8684321143337537, 0.5253975751850102, 0.542, 0.4326331357477165, 0.2818327822390174]"
Aurélio Buta,Stade de Reims,1977,0.0118361153262518,0.0655538694992412,0.0455235204855842,6.965098634294386,0.409711684370258,85.03,2.685887708649469,44.44,3.141122913505311,1.4567526555386952,10/02/1997 00:00,Portugal,Defender,right,172.0,https://img.a.transfermarkt.technology/portrait/header/258039-1725288770.png?lm=1,3000000,"[0.012452324853619894, 0.12464423457223038, 0.01689744562468386, 0.21134957347263794, 0.06522201579850526, 0.7866750735603194, 0.38597201146518295, 0.49377777777777776, 0.33035240742860694, 0.2926454223571067]"
Yassine Kechta,Le Havre,2113,0.1052058684335068,0.0617605300520586,0.383341221012778,7.326076668244203,0.5537150970184571,82.56,3.663038334122101,26.32,4.813061997160435,1.7889256980596309,25/02/2002 00:00,Morocco,Midfield,left,174.0,https://img.a.transfermarkt.technology/portrait/header/667967-1675949617.jpg?lm=1,5000000,"[0.11068307583448359, 0.11724341138850439, 0.14228880738286798, 0.2232197439448326, 0.08814592354405969, 0.7347625052543085, 0.5263921754219908, 0.29244444444444445, 0.5653946568958642, 0.35937529578797917]"
Rassoul Ndiaye,Le Havre,1084,0.1461254612546125,0.0714022140221402,0.4151291512915129,7.223247232472325,0.2490774907749077,78.52,3.9022140221402215,40.0,5.479704797047971,0.996309963099631,11/12/2001 00:00,Senegal,Midfield,right,179.0,https://img.a.transfermarkt.technology/portrait/header/662242-1654095080.jpg?lm=1,5000000,"[0.1537330165152847, 0.13605438236789752, 0.15408786900369006, 0.21983836663825257, 0.03965065351588095, 0.649852879361076, 0.5607626076260762, 0.4444444444444445, 0.6591117215954759, 0.20014760147601474]"
Tanguy Coulibaly,Montpellier,1482,0.2526315789473684,0.0637651821862348,0.7894736842105264,6.315789473684212,1.9433198380566803,82.12,2.8542510121457494,48.89,4.554655870445345,2.732793522267207,18/02/2001 00:00,France,Attack,left,179.0,https://img.a.transfermarkt.technology/portrait/header/618425-1762872193.jpg?lm=1,2000000,"[0.26578403493232633, 0.12115449717359963, 0.2930372807017545, 0.1899981068992678, 0.30935714555980176, 0.7255149222362338, 0.41016644174538913, 0.5432222222222223, 0.5290677608426559, 0.5489878542510122]"
Augustine Boakye,Saint-Étienne,741,0.2222672064777328,0.1153846153846153,1.0931174089068827,12.388663967611338,1.5789473684210529,76.61,1.5789473684210529,26.32,3.2793522267206483,2.307692307692308,03/11/2000 00:00,Ghana,Attack,left,178.0,https://img.a.transfermarkt.technology/portrait/header/579263-1727722384.jpg?lm=1,4000000,"[0.23383883842603717, 0.22186425522836822, 0.40574392712550617, 0.3896946222533828, 0.25135268076733897, 0.6097099621689785, 0.22690058479532166, 0.29244444444444445, 0.34978477134549035, 0.4635897435897436]"
Emmanuel Biumla,Angers,1334,0.0472263868065966,0.0053973013493253,0.1349325337331334,1.4842578710644676,0.472263868065967,88.71,1.8215892053973013,56.67,2.496251874062968,0.472263868065967,08/05/2005 00:00,France,Defender,right,185.0,https://img.a.transfermarkt.technology/portrait/header/1071956-1750955479.png?lm=1,0,"[0.04968507774456428, 0.0072784858918806105, 0.05008433283358321, 0.03112111613792641, 0.07517969986969132, 0.8640184951660359, 0.2617691154422788, 0.6296666666666667, 0.2396960305255344, 0.09487256371814091]"
Carlens Arcus,Angers,2055,0.0017518248175182,0.0635036496350364,0.0,6.306569343065694,0.3503649635036496,85.29,3.45985401459854,54.39,3.547445255474453,1.664233576642336,28/06/1996 00:00,Haiti,Defender,right,176.0,https://img.a.transfermarkt.technology/portrait/header/371686-1750955924.png?lm=1,700000,"[0.001843027979457687, 0.12064424593055686, 0.0, 0.18969491802924107, 0.05577460945494236, 0.7921395544346366, 0.49719383617193835, 0.6043333333333334, 0.38747345818869006, 0.33432603406326034]"
André Ayew,Le Havre,1451,0.2909028256374913,0.0161268090971743,0.558235699517574,2.7911784975878704,0.31013094417643,78.51,1.302549965541006,37.25,1.6126809097174362,1.178497587870434,17/12/1989 00:00,Ghana,Attack,left,175.0,https://img.a.transfermarkt.technology/portrait/header/45403-1668429304.jpg?lm=1,400000,"[0.30604775180245863, 0.028211806201305072, 0.20720623707787733, 0.07409705697486085, 0.04936975466484603, 0.6496427070197563, 0.18718125430737417, 0.4138888888888889, 0.11548306783211278, 0.23674707098552716]"
Tino Kadewere,Nantes,524,0.2954198473282443,0.0858778625954198,1.0305343511450382,6.870229007633588,0.6870229007633588,76.19,3.435114503816794,55.56,5.8396946564885495,1.0305343511450382,05/01/1996 00:00,Zimbabwe,Attack,right,183.0,https://img.a.transfermarkt.technology/portrait/header/384060-1640776127.jpg?lm=1,1800000,"[0.3107999377953874, 0.16429644112701194, 0.3825143129770993, 0.2082299414308343, 0.10936719697510168, 0.6008827238335435, 0.4936386768447837, 0.6173333333333334, 0.709719322778731, 0.20702290076335877]"
Warren Kamanzi,Toulouse,1058,0.1097353497164461,0.0399810964083175,0.2551984877126654,8.081285444234403,1.3610586011342154,82.99,3.2325141776937616,87.5,4.7637051039697536,1.3610586011342154,11/11/2000 00:00,Norway,Defender,right,177.0,https://img.a.transfermarkt.technology/portrait/header/794758-1671210731.jpg?lm=1,2000000,"[0.11544837008845674, 0.07475163344895372, 0.09472471644612478, 0.248053545644654, 0.21666696111513525, 0.7437999159310633, 0.4645242596093257, 0.9722222222222222, 0.5584560337632011, 0.2734215500945179]"
Jaydee Canvot,Toulouse,1116,0.0169354838709677,0.0266129032258064,0.0806451612903225,5.64516129032258,0.564516129032258,86.72,2.7419354838709675,53.33,4.032258064516129,1.4516129032258065,29/07/2006 00:00,France,Defender,right,188.0,https://img.a.transfermarkt.technology/portrait/header/1006411-1741897197.jpg?lm=1,20000000,"[0.017817175728830303, 0.04867022538958862, 0.029933915770609294, 0.16794559923596922, 0.08986534016681741, 0.8221941992433794, 0.39402628434886494, 0.5925555555555556, 0.4556287482478107, 0.2916129032258064]"
Loïc Nego,Le Havre,2461,0.0259650548557496,0.0588785046728972,0.0731409995936611,6.363266964648517,0.6216984965461194,77.19,3.1816334823242585,55.88,4.059325477448192,0.987403494514425,15/01/1991 00:00,Hungary,Defender,right,181.0,https://img.a.transfermarkt.technology/portrait/header/122840-1700236720.jpg?lm=1,600000,"[0.027316842476917944, 0.11162056625714495, 0.0271485168630638, 0.19155932630414918, 0.09896820303273117, 0.6218999579655318, 0.45721251523770823, 0.6208888888888889, 0.45943390220647234, 0.1983583908980089]"
Joris Chotard,Montpellier,1871,0.0620523784072688,0.0471405665419561,0.1443078567610903,6.926777124532336,0.3848209513629075,84.41,2.8861571352218065,60.71,4.425440940673437,0.7696419027258151,24/09/2001 00:00,France,Midfield,right,179.0,https://img.a.transfermarkt.technology/portrait/header/624037-1702663463.JPG?lm=1,10000000,"[0.06528293722799956, 0.08871979350580818, 0.05356427044361304, 0.21008943348946477, 0.06125965923565288, 0.7736443883984867, 0.41475146980224475, 0.6745555555555556, 0.5109026446280466, 0.15461250668091928]"
Andrew Omobamidele,RC Strasbourg,554,0.0,0.0064981949458483,0.0,1.787003610108303,0.1624548736462094,94.1,2.436823104693141,75.0,4.061371841155235,2.111913357400722,23/06/2002 00:00,Ireland,Defender,right,188.0,https://img.a.transfermarkt.technology/portrait/header/621993-1750770741.png?lm=1,7000000,"[0.0, 0.00942633450005467, 0.0, 0.041076413120569054, 0.025861196396639564, 0.9773013871374525, 0.35018050541516244, 0.8333333333333334, 0.4597215813053303, 0.42425992779783384]"
Teddy Teuma,Stade de Reims,754,0.0728116710875331,0.1503978779840848,0.3580901856763925,14.920424403183024,0.3580901856763925,84.45,3.580901856763925,33.33,5.013262599469496,1.312997347480106,30/09/1993 00:00,Malta,Midfield,left,176.0,https://img.a.transfermarkt.technology/portrait/header/409153-1723821029.png?lm=1,2500000,"[0.07660237810508108, 0.29017529598600444, 0.13291611405835543, 0.4729474108958397, 0.057004387813282424, 0.7744850777637664, 0.5145888594164455, 0.37033333333333335, 0.5935389836667597, 0.2637665782493368]"
Abakar Sylla,RC Strasbourg,951,0.0397476340694006,0.0104100946372239,0.0946372239747634,2.8391167192429023,0.2839116719242902,89.15,3.5962145110410098,52.63,3.690851735015773,1.608832807570978,25/12/2002 00:00,Cote d'Ivoire,Defender,left,188.0,https://img.a.transfermarkt.technology/portrait/header/962555-1732575720.png?lm=1,3000000,"[0.041816967641166464, 0.017058469280359093, 0.03512749737118823, 0.07567342675269112, 0.04519590789822813, 0.8732660781841111, 0.5167893445495969, 0.5847777777777778, 0.4076336314085685, 0.3231966351209253]"
Saël Kumbedi,Olympique Lyonnais,965,0.0289119170984455,0.0755440414507772,0.1865284974093264,7.367875647668394,0.839378238341969,86.3,3.357512953367876,30.0,2.984455958549223,1.5854922279792747,26/03/2005 00:00,France,Defender,right,175.0,https://img.a.transfermarkt.technology/portrait/header/951579-1672831110.jpg?lm=1,9000000,"[0.03041712368687948, 0.14413510724993134, 0.0692357512953368, 0.22459423481315474, 0.13362064791051284, 0.8133669609079444, 0.4824870466321244, 0.33333333333333337, 0.30832806822268166, 0.3185077720207254]"
Mahamadou Diawara,Le Havre,609,0.0502463054187192,0.038423645320197,0.1477832512315271,7.536945812807882,0.8866995073891626,85.34,5.024630541871921,20.0,6.3546798029556655,2.3645320197044337,17/02/2005 00:00,France,Midfield,left,187.0,https://img.a.transfermarkt.technology/portrait/header/1053147-1713179514.jpeg?lm=1,2000000,"[0.052862218770407275, 0.07171303901758999, 0.05485426929392448, 0.23015382983894742, 0.1411537222043184, 0.793190416141236, 0.7220580186097426, 0.22222222222222224, 0.7821162590374588, 0.47500821018062395]"
Antoine Mendy,Nice,833,0.0648259303721488,0.0280912364945978,0.1080432172869147,4.645858343337334,0.5402160864345738,83.49,4.105642256902761,56.67,5.186074429771908,1.404561824729892,27/05/2004 00:00,Senegal,Defender,right,187.0,https://img.a.transfermarkt.technology/portrait/header/891998-1756827019.jpg?lm=1,4000000,"[0.06820088531426736, 0.05155446058163579, 0.04010354141656661, 0.13508516115255273, 0.08599701562868137, 0.7543085329970576, 0.5899959983993597, 0.6296666666666667, 0.6178329796178773, 0.2821608643457383]"
Neal Maupay,Olympique de Marseille,1051,0.3596574690770694,0.1147478591817316,0.8563273073263559,7.621313035204568,0.5137963843958135,84.25,0.9419600380589916,36.36,1.7982873453853474,0.8563273073263559,14/08/1996 00:00,France,Attack,right,171.0,https://img.a.transfermarkt.technology/portrait/header/217115-1700737951.jpg?lm=1,12000000,"[0.37838188607753886, 0.22062194086807993, 0.3178520456707898, 0.23292810754542262, 0.08179126243808746, 0.7702816309373686, 0.1353631462099588, 0.404, 0.14157573746431829, 0.1720266412940057]"
Theo Bair,Auxerre,958,0.282776617954071,0.0836116910229645,1.315240083507307,4.979123173277662,0.1878914405010438,64.39,0.6576200417536535,54.37,1.4091858037578289,1.8789144050104385,27/08/1999 00:00,Canada,Attack,right,194.0,https://img.a.transfermarkt.technology/portrait/header/501709-1618858914.jpg?lm=1,1800000,"[0.29749847907971844, 0.1598751296822414, 0.4881915448851776, 0.14604402837362193, 0.02991044426667707, 0.35287936107608253, 0.09450243562978428, 0.6041111111111112, 0.08687559766294843, 0.3774530271398747]"
Shavy Babicka,Toulouse,1211,0.2883567299752271,0.142691990090834,0.6688687035507844,5.722543352601156,0.8175061932287365,74.38,1.7836498761354251,28.0,4.013212221304707,1.1890999174236168,01/06/2000 00:00,Gabon,Attack,right,179.0,https://img.a.transfermarkt.technology/portrait/header/916920-1769598370.png?lm=1,1500000,"[0.30336910180446586, 0.27514107229850365, 0.2482710569777044, 0.1704901814109178, 0.13013883636756524, 0.5628415300546448, 0.2563170933113129, 0.3111111111111111, 0.4529512716129403, 0.23887696118909987]"
Ado Onaiwu,Auxerre,990,0.3690909090909091,0.1027272727272727,1.2727272727272727,9.181818181818182,1.0,74.45,1.2727272727272727,57.81,4.090909090909091,0.8181818181818182,08/11/1995 00:00,Japan,Attack,right,180.0,https://img.a.transfermarkt.technology/portrait/header/308133-1774735604.jpg?lm=1,700000,"[0.38830644800529657, 0.1971697199021402, 0.47241161616161625, 0.2842427593272977, 0.159190031152648, 0.564312736443884, 0.1828956228956229, 0.6423333333333334, 0.46387394648005015, 0.16436363636363635]"
Junior Mwanga,Le Havre,1252,0.1020766773162939,0.1078274760383386,0.2875399361022364,6.038338658146965,0.646964856230032,86.44,3.809904153354633,57.89,5.535143769968051,1.7971246006389776,11/05/2003 00:00,France,Midfield,both,184.0,https://img.a.transfermarkt.technology/portrait/header/1011200-1732575482.png?lm=1,7000000,"[0.10739097337970493, 0.2071202406588015, 0.10672923322683707, 0.18087459198053343, 0.10299035561792722, 0.8163093736864229, 0.5474973375931843, 0.6432222222222223, 0.6669053673273547, 0.36102236421725237]"
Wahbi Khazri,Montpellier,1096,0.1888686131386861,0.1502737226277372,0.4927007299270073,7.308394160583942,0.5748175182481752,74.74,2.4635036496350367,31.25,3.613138686131387,1.8886861313868613,08/02/1991 00:00,Tunisia,Attack,right,176.0,https://img.a.transfermarkt.technology/portrait/header/103565-1702663230.JPG?lm=1,600000,"[0.19870145403528733, 0.2899330682991773, 0.18288093065693434, 0.22263828368807814, 0.09150521863701482, 0.5704077343421605, 0.354014598540146, 0.3472222222222222, 0.39670868204808524, 0.37941605839416054]"
Saïdou Sow,Nantes,1819,0.0529411764705882,0.0059373282023089,0.148433205057724,1.9791094007696528,0.2473886750962066,88.07,2.6717976910390324,46.03,3.364485981308411,0.6926882902693787,04/07/2002 00:00,Guinea,Defender,right,187.0,https://img.a.transfermarkt.technology/portrait/header/807128-1732575624.png?lm=1,3000000,"[0.05569738967331836, 0.008332080833499666, 0.0550955195162177, 0.047393496902356655, 0.03938181089537744, 0.8505674653215636, 0.3839472237493128, 0.5114444444444445, 0.36175292818775767, 0.13915338097855962]"
Becir Omeragic,Montpellier,1803,0.0144758735440931,0.0174708818635607,0.1497504159733776,3.144758735440932,0.5490848585690515,92.89,2.2462562396006653,37.04,3.7437603993344415,0.64891846921797,20/01/2002 00:00,Switzerland,Defender,right,186.0,https://img.a.transfermarkt.technology/portrait/header/507344-1702665167.JPG?lm=1,4000000,"[0.015229513648888422, 0.030834098518823672, 0.05558444259567385, 0.08572396305828878, 0.08740883574105462, 0.9518705338377469, 0.32279534109816965, 0.41155555555555556, 0.4150715647635214, 0.13036051026067663]"
Ümit Akdağ,Toulouse,517,0.013926499032882,0.013926499032882,0.0,5.396518375241779,0.1740812379110251,80.31,3.3075435203094776,69.23,4.177949709864604,1.3926499032882012,06/10/2003 00:00,Romania,Defender,left,192.0,https://img.a.transfermarkt.technology/portrait/header/958647-1761656477.jpg?lm=1,1500000,"[0.014651537709035389, 0.023918990870134365, 0.0, 0.15976938486519998, 0.02771199768614761, 0.6874737284573351, 0.47530625402965826, 0.7692222222222223, 0.4761101715161928, 0.27976789168278526]"
Khalil Fayad,Montpellier,1026,0.1114035087719298,0.0482456140350877,0.3508771929824561,9.298245614035087,1.4912280701754386,85.74,3.5964912280701755,64.71,6.491228070175438,1.8421052631578947,09/06/2004 00:00,Morocco,Midfield,right,172.0,https://img.a.transfermarkt.technology/portrait/header/782630-1773267960.png?lm=1,5000000,"[0.11720337651529668, 0.09087574638589141, 0.13023879142300196, 0.2880712844398442, 0.2373886429469312, 0.801597309794031, 0.5168291098115659, 0.719, 0.8013123004494627, 0.3700584795321637]"
Marcus Coco,Nantes,966,0.0055900621118012,0.1024844720496894,0.0,5.962732919254659,0.2795031055900621,83.25,3.5403726708074537,56.25,3.91304347826087,2.7950310559006213,24/06/1996 00:00,Guadeloupe,Defender,right,184.0,https://img.a.transfermarkt.technology/portrait/header/353365-1704213736.jpg?lm=1,850000,"[0.005881090835070843, 0.1966960146330224, 0.0, 0.17838842128613414, 0.04449410808614384, 0.7492643968053805, 0.5087646652864044, 0.625, 0.438869486623585, 0.5614906832298137]"
Folarin Balogun,AS Monaco,626,0.6857827476038338,0.1653354632587859,1.437699680511182,4.888178913738019,0.5750798722044729,71.19,0.2875399361022364,16.0,2.1565495207667733,1.0063897763578276,03/07/2001 00:00,United States,Attack,right,178.0,https://img.a.transfermarkt.technology/portrait/header/503770-1672838317.jpg?lm=1,22000000,"[0.7214858352411164, 0.3193185954320902, 0.5336461661341854, 0.14305347559014386, 0.09154698277149086, 0.4957965531736024, 0.04132055378061767, 0.17777777777777778, 0.1919404597343391, 0.20217252396166133]"
Antoine Joujou,Le Havre,959,0.0600625651720542,0.2693430656934307,0.1876955161626694,6.100104275286757,2.815432742440042,69.82,2.346193952033368,21.74,5.537017726798749,0.6569343065693432,12/03/2003 00:00,France,Attack,right,189.0,https://img.a.transfermarkt.technology/portrait/header/1028162-1683803729.jpg?lm=1,2000000,"[0.06318953072426527, 0.5222379191835619, 0.06966892596454641, 0.1829056529754292, 0.44818882597721543, 0.4670029424127784, 0.3371567605144247, 0.24155555555555555, 0.6671688093589441, 0.13197080291970803]"
Jean-Kévin Duverne,Nantes,537,0.0469273743016759,0.0201117318435754,0.0,5.698324022346369,0.3351955307262569,79.76,4.860335195530726,75.0,3.35195530726257,2.346368715083799,12/07/1997 00:00,Haiti,Defender,right,186.0,https://img.a.transfermarkt.technology/portrait/header/344864-1704213124.jpg?lm=1,3500000,"[0.04937049810893764, 0.035986409306974, 0.0, 0.16969376846661471, 0.05335978697854121, 0.6759142496847417, 0.6984481688392302, 0.8333333333333334, 0.3599913581378269, 0.4713594040968342]"
Assane Dioussé,Auxerre,688,0.0078488372093023,0.0130813953488372,0.2616279069767441,6.017441860465116,0.2616279069767441,89.89,3.5319767441860463,25.0,5.363372093023256,2.3546511627906974,20/09/1997 00:00,Senegal,Midfield,left,175.0,https://img.a.transfermarkt.technology/portrait/header/287635-1657714916.jpg?lm=1,900000,"[0.00825746184110241, 0.022270189589727908, 0.0971111918604651, 0.1801874350693708, 0.041648554662029984, 0.8888188314417822, 0.5075581395348837, 0.2777777777777778, 0.6427575967904016, 0.4730232558139534]"
Mathieu Cafaro,Saint-Étienne,736,0.1809782608695652,0.1589673913043478,1.2228260869565215,7.2146739130434785,0.8559782608695653,75.24,2.078804347826087,42.86,3.668478260869565,1.345108695652174,25/03/1997 00:00,France,Attack,right,175.0,https://img.a.transfermarkt.technology/portrait/header/399383-1727721832.jpg?lm=1,3000000,"[0.19040031578541994, 0.3068944569619503, 0.45388926630434784, 0.21955644709312278, 0.13626320601381556, 0.5809163514081546, 0.29873188405797096, 0.4762222222222222, 0.40448835432094526, 0.2702173913043478]"
Oussama Targhalline,Le Havre,994,0.0135814889336016,0.106841046277666,0.0,10.955734406438632,0.4527162977867203,83.09,3.4406438631790746,57.14,3.893360160965795,0.9959758551307848,20/05/2002 00:00,Morocco,Midfield,right,186.0,https://img.a.transfermarkt.technology/portrait/header/667965-1741951121.jpg?lm=1,8000000,"[0.014288565761263763, 0.20519571153517527, 0.0, 0.34257508431459593, 0.07206792154797946, 0.7459016393442623, 0.49443326626425216, 0.634888888888889, 0.4361023934805153, 0.2000804828973843]"
Frank Magri,Toulouse,1534,0.3496740547588005,0.1091264667535854,1.1147327249022163,3.872229465449805,0.2346805736636245,72.2,0.7040417209908736,32.8,1.2320730117340286,1.5254237288135593,04/09/1999 00:00,Cameroon,Attack,right,178.0,https://img.a.transfermarkt.technology/portrait/header/807689-1653399470.jpg?lm=1,4000000,"[0.3678787171903924, 0.20965457768154896, 0.413767112125163, 0.10964564461949336, 0.037358807832433685, 0.5170239596469106, 0.10117340286831812, 0.3644444444444444, 0.06197696980403568, 0.30644067796610164]"
Abdoulaye Bamba,Angers,1520,0.0047368421052631,0.0177631578947368,0.0,1.5986842105263157,0.1184210526315789,89.64,2.4276315789473686,37.93,2.7828947368421053,0.5921052631578947,25/04/1990 00:00,Cote d'Ivoire,Defender,right,182.0,https://img.a.transfermarkt.technology/portrait/header/62351-1750955806.png?lm=1,400000,"[0.004983450654981059, 0.0314043304365557, 0.0, 0.03488383859795892, 0.01885145105755041, 0.8835645229087852, 0.34885964912280704, 0.42144444444444445, 0.279992464719808, 0.11894736842105261]"
Andy Delort,Montpellier,584,0.225,0.0863013698630137,0.9246575342465754,5.3938356164383565,0.4623287671232877,52.29,0.7705479452054794,43.94,1.5410958904109588,1.6952054794520548,09/10/1991 00:00,Algeria,Attack,right,181.0,https://img.a.transfermarkt.technology/portrait/header/122797-1593970837.jpg?lm=1,1500000,"[0.2367139061116032, 0.16512270580701927, 0.34321489726027404, 0.15968116674293928, 0.0735981308411215, 0.09857082807902473, 0.11073059360730593, 0.4882222222222222, 0.10541960072949068, 0.34054794520547943]"
George Ilenikhena,AS Monaco,722,0.6319944598337951,0.0685595567867036,1.1218836565096952,5.110803324099723,0.3739612188365651,72.5,0.7479224376731302,45.16,1.2465373961218835,1.745152354570637,16/08/2006 00:00,Nigeria,Attack,left,185.0,https://img.a.transfermarkt.technology/portrait/header/1004834-1702545922.jpg?lm=1,12000000,"[0.6648972321251126, 0.1305083446709466, 0.41642139889196683, 0.15037411411584597, 0.059530898076475006, 0.523329129886507, 0.10747922437673128, 0.5017777777777778, 0.06401038207181288, 0.3505817174515235]"
Ahmed Hassan,Le Havre,854,0.4405152224824356,0.0758782201405152,0.9484777517564402,3.3723653395784545,0.6323185011709602,77.98,0.8430913348946136,48.78,2.529274004683841,1.475409836065574,05/03/1993 00:00,Egypt,Attack,right,191.0,https://img.a.transfermarkt.technology/portrait/header/184816-1669802583.png?lm=1,1200000,"[0.4634492400686189, 0.14478709145249385, 0.35205649882903983, 0.09320843285316087, 0.10065880189980084, 0.6385035729298025, 0.12115534738485557, 0.542, 0.2443383024475254, 0.29639344262295086]"
Paul Joly,Auxerre,1024,0.0518554687499999,0.1291992187499999,0.439453125,7.03125,0.52734375,71.34,6.50390625,61.9,4.921875,0.87890625,07/06/2000 00:00,France,Defender,right,182.0,https://img.a.transfermarkt.technology/portrait/header/806168-1667290785.jpg?lm=1,1200000,"[0.05455515804915844, 0.24881661166365981, 0.16311645507812503, 0.21352485261442442, 0.0839478679906542, 0.4989491382934006, 0.9346354166666666, 0.6877777777777778, 0.5806916573719736, 0.17656249999999998]"
Mama Baldé,Stade Brestois,1185,0.2377215189873417,0.1025316455696202,0.6835443037974683,6.30379746835443,1.2911392405063291,73.28,1.6708860759493671,43.18,2.886075949367089,1.518987341772152,06/11/1995 00:00,Guinea-Bissau,Attack,right,176.0,https://img.a.transfermarkt.technology/portrait/header/325223-1702991373.jpg?lm=1,3500000,"[0.2500977303390102, 0.19678805039328665, 0.25371835443037977, 0.18960376947654317, 0.20553649591860879, 0.5397225725094579, 0.240112517580872, 0.4797777777777778, 0.2944977445662559, 0.3051476793248945]"
Pierrick Capelle,Angers,489,0.0423312883435582,0.1233128834355828,0.0,9.202453987730062,1.4723926380368098,82.81,6.441717791411043,37.5,5.153374233128834,2.2085889570552144,15/04/1987 00:00,France,Midfield,left,181.0,https://img.a.transfermarkt.technology/portrait/header/214532-1750956399.png?lm=1,250000,"[0.04453513162017884, 0.23733234365424694, 0.0, 0.2849213339522545, 0.23439022991800929, 0.7400168137873055, 0.9256987048398091, 0.4166666666666667, 0.6132359653772584, 0.4436809815950919]"
Hugo Magnetti,Stade Brestois,2335,0.0304496788008565,0.0250535331905781,0.2312633832976445,6.706638115631692,0.3468950749464668,86.37,2.6980728051391867,50.0,4.278372591006424,1.1177730192719486,30/05/1998 00:00,France,Midfield,right,180.0,https://img.a.transfermarkt.technology/portrait/header/474662-1582538510.jpg?lm=1,7000000,"[0.03203494403908631, 0.045627887083351165, 0.0858404710920771, 0.20285052331357883, 0.05522223778742821, 0.8148381672971838, 0.38772305496074233, 0.5555555555555556, 0.49022768339943384, 0.22454817987152031]"
Jonas Martin,Stade Brestois,505,0.073069306930693,0.0801980198019802,0.1782178217821782,8.732673267326733,0.3564356435643565,89.47,3.742574257425743,40.0,5.346534653465347,1.2475247524752475,09/04/1990 00:00,France,Midfield,right,184.0,https://img.a.transfermarkt.technology/portrait/header/127142-1676911402.jpg?lm=1,300000,"[0.07687342693525323, 0.15321504100163497, 0.0661509900990099, 0.2694733656237629, 0.05674100120292404, 0.8799915931063471, 0.5378217821782179, 0.4444444444444445, 0.6403905789321264, 0.25061386138613856]"
Étienne Youté Kinkoué,Le Havre,2327,0.0502793296089385,0.0112161581435324,0.1160292221744735,3.364847443059734,0.0773528147829823,89.16,1.8564675547915768,55.32,2.5139664804469275,0.5414697034808766,14/01/2002 00:00,France,Defender,right,196.0,https://img.a.transfermarkt.technology/portrait/header/639712-1732894435.jpg?lm=1,7000000,"[0.05289696225957608, 0.018631102989550116, 0.04306779114740007, 0.09296121915903914, 0.01231379699504796, 0.8734762505254308, 0.2667812634293081, 0.6146666666666667, 0.24218636104870778, 0.10877524709926943]"
Dennis Appiah,Saint-Étienne,2124,0.0084745762711864,0.0927966101694915,0.0847457627118644,8.6864406779661,0.847457627118644,76.63,4.23728813559322,46.55,3.813559322033898,1.5677966101694911,09/06/1992 00:00,France,Defender,right,179.0,https://img.a.transfermarkt.technology/portrait/header/111038-1727723257.jpg?lm=1,700000,"[0.008915778007969947, 0.177794950332817, 0.03145597928436912, 0.26795308276589247, 0.13490680606156608, 0.6101303068516182, 0.6089139987445071, 0.5172222222222222, 0.42488394128013823, 0.31495291902071554]"
Christian Mawissa,AS Monaco,1521,0.0041420118343195,0.0076923076923076,0.0591715976331361,4.319526627218935,0.591715976331361,87.96,4.023668639053255,62.0,4.142011834319527,1.124260355029586,18/04/2005 00:00,France,Defender,left,184.0,https://img.a.transfermarkt.technology/portrait/header/1005240-1708555606.jpg?lm=1,15000000,"[0.004357652446498913, 0.011756054110184063, 0.021963346482577258, 0.12435427800594073, 0.09419528470570887, 0.8482555695670448, 0.5782160859083936, 0.6888888888888889, 0.471058002336247, 0.22585141354372126]"
Han-Noah Massengo,Auxerre,1056,0.0349431818181818,0.0477272727272727,0.2556818181818182,5.454545454545455,0.8522727272727273,85.45,2.897727272727273,38.89,4.857954545454546,1.4488636363636365,07/07/2001 00:00,France,Midfield,right,178.0,https://img.a.transfermarkt.technology/portrait/header/536508-1755200310.jpg?lm=1,4000000,"[0.036762386933998956, 0.08986446004535331, 0.09490411931818184, 0.16167751017632054, 0.1356733220050977, 0.7955023118957545, 0.4164141414141414, 0.4321111111111111, 0.5717056796110564, 0.2910606060606061]"
Abdoul Ouattara,RC Strasbourg,481,0.0636174636174636,0.028066528066528,0.5613305613305614,7.484407484407485,0.3742203742203742,87.98,2.806652806652807,33.33,4.864864864864865,1.30977130977131,22/10/2005 00:00,Cote d'Ivoire,Defender,,180.0,https://img.a.transfermarkt.technology/portrait/header/991487-1732487466.png?lm=1,9000000,"[0.06692950359912271, 0.05150625432173246, 0.20835498960498966, 0.2284261930971407, 0.059572153030096955, 0.8486759142496849, 0.40332640332640335, 0.37033333333333335, 0.5726771366662907, 0.2631185031185031]"
Jordan Ferri,Montpellier,1780,0.0222471910112359,0.0657303370786516,0.1516853932584269,13.044943820224718,0.4550561797752809,90.2,2.5786516853932584,44.83,6.674157303370786,1.7696629213483146,12/03/1992 00:00,France,Midfield,right,173.0,https://img.a.transfermarkt.technology/portrait/header/118284-1702663473.JPG?lm=1,500000,"[0.02340541993013599, 0.12498852365341094, 0.05630266853932583, 0.4112753085980555, 0.07244040743463195, 0.8953341740226985, 0.37056179775280895, 0.4981111111111111, 0.8270286072718134, 0.35550561797752805]"
Nicolas Cozza,Nantes,2051,0.0636274987810824,0.0491467576791808,0.2632862018527547,4.651389566065334,0.2194051682106289,77.84,3.686006825938567,48.39,2.7206240858118,0.6143344709897611,08/01/1999 00:00,France,Defender,left,181.0,https://img.a.transfermarkt.technology/portrait/header/485965-1689865641.jpg?lm=1,3000000,"[0.06694006121147238, 0.09263388189312236, 0.09772671867381764, 0.13526704633814873, 0.034927115562501984, 0.6355611601513242, 0.5296928327645052, 0.5376666666666667, 0.27123841737619514, 0.12341296928327644]"
Edimilson Fernandes,Stade Brestois,1109,0.0300270513976555,0.0454463480613165,0.1623083859332732,6.411181244364292,0.2434625788999098,85.79,2.353471596032461,55.56,5.599639314697926,0.5680793507664562,15/04/1996 00:00,Switzerland,Midfield,right,187.0,https://img.a.transfermarkt.technology/portrait/header/247555-1628596987.jpg?lm=1,2500000,"[0.03159031389045737, 0.08541436524545903, 0.060245716862037876, 0.19313490879058307, 0.038756815519580656, 0.8026481715006306, 0.3382025849113314, 0.6173333333333334, 0.6759721916286239, 0.11412082957619475]"
Timothée Pembélé,Le Havre,1122,0.103475935828877,0.0377005347593582,0.2406417112299465,5.614973262032086,1.2032085561497323,84.54,3.288770053475936,41.67,3.6898395721925135,0.7219251336898396,09/09/2002 00:00,France,Defender,right,183.0,https://img.a.transfermarkt.technology/portrait/header/538998-1754900983.jpg?lm=1,5000000,"[0.10886307981603141, 0.07030224689693555, 0.08932152406417113, 0.1669529154482421, 0.19153880753660849, 0.7763766288356453, 0.4726084373143197, 0.463, 0.40749134092135414, 0.14502673796791443]"
Krépin Diatta,AS Monaco,510,0.03,0.1570588235294117,0.1764705882352941,11.470588235294118,1.4117647058823528,79.62,4.764705882352941,59.26,6.352941176470588,2.4705882352941173,25/02/1999 00:00,Senegal,Midfield,right,175.0,https://img.a.transfermarkt.technology/portrait/header/490426-1668163198.jpg?lm=1,6000000,"[0.03156185414821376, 0.3031708322156992, 0.06550245098039216, 0.35950520787337836, 0.22473886750962066, 0.6729718369062632, 0.6847058823529412, 0.6584444444444445, 0.7818718418310959, 0.496313725490196]"
Jacques Ekomié,Angers,715,0.0025174825174825,0.01006993006993,0.0,5.160839160839161,0.5034965034965034,77.06,3.2727272727272725,45.83,4.153846153846153,1.3846153846153846,19/08/2003 00:00,Gabon,Defender,left,179.0,https://img.a.transfermarkt.technology/portrait/header/970279-1750955900.png?lm=1,600000,"[0.002648547201248689, 0.016394806602403757, 0.0, 0.1520194605246488, 0.08015162407685772, 0.6191677175283734, 0.4703030303030302, 0.5092222222222222, 0.4727216784292609, 0.27815384615384614]"
Oumar Diakité,Stade de Reims,1646,0.2569866342648846,0.0634264884568651,0.4921020656136087,5.358444714459296,1.0935601458080195,83.67,1.2575941676792224,29.41,3.2260024301336574,1.4763061968408264,20/12/2003 00:00,Cote d'Ivoire,Attack,right,185.0,https://img.a.transfermarkt.technology/portrait/header/847279-1723837401.png?lm=1,5000000,"[0.270365822290288, 0.12049370410738365, 0.18265871810449577, 0.15851739498913062, 0.17408387367847292, 0.7580916351408156, 0.18072093965168085, 0.3267777777777778, 0.3422848233384052, 0.2965735115431349]"
M'Bala Nzola,RC Lens,1464,0.5293032786885246,0.0547131147540983,1.1065573770491803,7.315573770491803,0.8606557377049181,75.59,0.6147540983606558,48.72,2.2131147540983607,1.844262295081968,18/08/1996 00:00,Angola,Attack,left,185.0,https://img.a.transfermarkt.technology/portrait/header/354814-1664974000.jpg?lm=1,6000000,"[0.5568597627379518, 0.10349387084548028, 0.4107325819672132, 0.22287437338195135, 0.13700781369695114, 0.5882723833543506, 0.08834244080145719, 0.5413333333333333, 0.19989243586425354, 0.37049180327868864]"
Théo Sainte-Luce,Montpellier,1024,0.1142578125,0.0685546875,0.3515625,4.482421875,1.0546875,76.95,3.1640625,54.55,3.427734375,0.703125,20/10/1998 00:00,France,Defender,left,176.0,https://img.a.transfermarkt.technology/portrait/header/537127-1773267587.png?lm=1,1000000,"[0.1202062804472985, 0.13049884466958211, 0.13049316406250003, 0.12971082100417877, 0.1678957359813084, 0.6168558217738547, 0.45468749999999997, 0.6061111111111112, 0.37064442721053437, 0.14125]"
Dylan Batubinsika,Saint-Étienne,2017,0.0361427863163113,0.0174020823004462,0.0892414476945959,2.40951908775409,0.2677243430837878,91.63,2.900347050074368,70.31,3.3911750123946454,1.0708973723351511,15/02/1996 00:00,DR Congo,Defender,right,188.0,https://img.a.transfermarkt.technology/portrait/header/289432-1777737278.png?lm=1,700000,"[0.03802444500751578, 0.03069987024613213, 0.03312469013386216, 0.06154681338393368, 0.04261904651583039, 0.9253888188314416, 0.41679061312179805, 0.7812222222222223, 0.3655048889882051, 0.21513138324243922]"
Yaël Mouanga,Montpellier,946,0.0095137420718816,0.0095137420718816,0.0,4.090909090909091,0.4756871035940803,88.03,2.2832980972515857,48.28,2.758985200845666,0.9513742071881608,23/07/2005 00:00,France,Defender,right,183.0,https://img.a.transfermarkt.technology/portrait/header/970364-1773267553.png?lm=1,0,"[0.010009044655881734, 0.01530968119040722, 0.0, 0.11683656536498743, 0.07572464484005453, 0.8497267759562841, 0.3281183932346723, 0.5364444444444445, 0.27663124708977577, 0.19112050739957717]"
Sékou Mara,RC Strasbourg,782,0.2221227621483376,0.0609974424552429,0.690537084398977,4.718670076726343,1.265984654731458,70.17,1.381074168797954,42.22,2.41687979539642,2.071611253196932,30/07/2002 00:00,France,Attack,right,183.0,https://img.a.transfermarkt.technology/portrait/header/557612-1731603567.png?lm=1,4000000,"[0.23368687406414024, 0.11575462388178075, 0.2563139386189259, 0.13747945555946303, 0.2015321366254751, 0.47435897435897445, 0.19846547314578003, 0.4691111111111111, 0.22853785371331886, 0.4161636828644503]"
Ibrahima Niane,Angers,947,0.4704329461457233,0.0361140443505807,1.0454065469904965,4.466737064413938,0.5702217529039071,69.35,0.8553326293558606,42.19,3.041182682154171,1.4255543822597676,11/03/1999 00:00,Senegal,Attack,right,187.0,https://img.a.transfermarkt.technology/portrait/header/490417-1750956872.png?lm=1,2000000,"[0.4949245344255272, 0.06720699661376882, 0.3880345828933476, 0.12919505173854384, 0.09077361860869052, 0.4571248423707439, 0.12291446673706441, 0.4687777777777778, 0.3163027467569413, 0.28637803590285105]"
Aïmen Moueffek,Saint-Étienne,1042,0.0941458733205374,0.0906909788867562,0.1727447216890595,8.291746641074857,0.9500959692898272,85.17,2.159309021113244,33.33,5.095969289827256,1.727447216890595,09/04/2001 00:00,Morocco,Midfield,right,179.0,https://img.a.transfermarkt.technology/portrait/header/484992-1727722286.jpg?lm=1,1000000,"[0.09904727741330034, 0.1736868537517899, 0.06411948176583494, 0.2549742168471173, 0.15124580694925288, 0.7896174863387979, 0.3103007037747921, 0.37033333333333335, 0.6051659422908633, 0.34702495201535505]"
Emmanuel Sabbi,Le Havre,650,0.2616923076923076,0.047076923076923,0.6923076923076923,4.984615384615385,1.523076923076923,78.57,2.353846153846154,40.91,3.6,1.523076923076923,24/12/1997 00:00,United States,Attack,right,178.0,https://img.a.transfermarkt.technology/portrait/header/381187-1771861917.jpg?lm=1,2500000,"[0.27531648156980304, 0.08859562480483431, 0.2569711538461539, 0.14622463073364575, 0.24245866283249462, 0.6509037410676755, 0.33825641025641023, 0.45455555555555555, 0.3948616372762062, 0.3059692307692307]"
Yassin Belkhdim,Angers,1525,0.0436721311475409,0.0318688524590164,0.2950819672131148,4.367213114754099,0.1180327868852459,83.4,4.367213114754099,31.82,4.367213114754099,1.6524590163934427,14/02/2002 00:00,Morocco,Midfield,right,175.0,https://img.a.transfermarkt.technology/portrait/header/807688-1750956388.png?lm=1,100000,"[0.0459457811206783, 0.05892460717620096, 0.1095286885245902, 0.12592236992020184, 0.018789643021296158, 0.7524169819251787, 0.627584699453552, 0.35355555555555557, 0.5027169401849461, 0.3319606557377049]"
Benjamin Kold,Saint-Étienne,523,0.1720841300191204,0.0826003824091778,0.3441682600382409,7.743785850860421,1.548757170172084,83.87,1.548757170172084,14.29,4.130019120458891,0.6883365200764818,13/05/2004 00:00,Denmark,Midfield,right,177.0,https://img.a.transfermarkt.technology/portrait/header/default.jpg?lm=1,0,"[0.18104314042952438, 0.15790206179864527, 0.1277485659655832, 0.2369554251750786, 0.24654670216758098, 0.7622950819672132, 0.22256214149139575, 0.15877777777777777, 0.4693720590679918, 0.13827915869980878]"
Yunis Abdelhamid,Saint-Étienne,1015,0.0212807881773398,0.0310344827586206,0.0886699507389162,2.926108374384236,0.2660098522167488,86.83,2.748768472906404,63.33,3.724137931034482,1.41871921182266,28/09/1987 00:00,Morocco,Defender,left,190.0,https://img.a.transfermarkt.technology/portrait/header/199704-1727723225.jpg?lm=1,350000,"[0.022388704420407683, 0.057296747948608215, 0.032912561576354665, 0.07853400462466645, 0.04234611666129553, 0.8245060949978982, 0.39500821018062393, 0.7036666666666667, 0.4123130258105115, 0.2850049261083743]"
Jim Allevinah,Angers,1766,0.2063986409966024,0.0856172140430351,0.5096262740656852,5.80973952434881,0.7644394110985276,80.14,1.579841449603624,30.56,4.484711211778029,0.9173272933182332,27/02/1995 00:00,Gabon,Attack,right,172.0,https://img.a.transfermarkt.technology/portrait/header/646733-1750956955.png?lm=1,2000000,"[0.21714412678414327, 0.1637879145698313, 0.18916336353340887, 0.17335748447598825, 0.12169113366708649, 0.6839007986548971, 0.2270290675726689, 0.33955555555555555, 0.5192348966718842, 0.18428086070215172]"
Issiaga Sylla,Montpellier,1143,0.1448818897637795,0.0574803149606299,0.1574803149606299,6.850393700787402,0.7086614173228347,80.13,2.834645669291339,51.16,4.094488188976378,1.0236220472440944,01/01/1994 00:00,Guinea,Defender,left,180.0,https://img.a.transfermarkt.technology/portrait/header/220878-1762632555.png?lm=1,2500000,"[0.1524247024480664, 0.10889269152252806, 0.05845363079615048, 0.20757768990445677, 0.11281183310030174, 0.6836906263135771, 0.4073490813648294, 0.5684444444444444, 0.4643770983406789, 0.20563429571303585]"
Jordan Amavi,Stade Brestois,792,0.0295454545454545,0.0488636363636363,0.3409090909090909,7.613636363636363,0.7954545454545454,73.7,3.5227272727272725,72.73,3.977272727272727,1.7045454545454544,09/03/1994 00:00,France,Defender,left,176.0,https://img.a.transfermarkt.technology/portrait/header/241229-1598304378.jpg?lm=1,1200000,"[0.03108364423687714, 0.09208151086884056, 0.12653882575757577, 0.23267567279426457, 0.12662843387142453, 0.548549810844893, 0.5062289562289561, 0.8081111111111112, 0.44789887490508623, 0.34242424242424235]"
John Patrick,Stade de Reims,543,0.0265193370165745,0.0414364640883977,0.1657458563535911,5.966850828729282,0.994475138121547,76.28,4.972375690607735,46.15,5.138121546961326,2.320441988950276,24/09/2003 00:00,Ireland,Midfield,right,192.0,https://img.a.transfermarkt.technology/portrait/header/841121-1732137454.jpg?lm=1,800000,"[0.027899981567481684, 0.07759106266892055, 0.06152163904235726, 0.17852383198389318, 0.15831052821810299, 0.6027742749054226, 0.714548802946593, 0.5127777777777778, 0.6110917331487782, 0.4661510128913443]"
Pol Lirola,Olympique de Marseille,687,0.0786026200873362,0.096943231441048,0.131004366812227,10.218340611353712,0.131004366812227,86.18,2.2270742358078603,36.36,3.799126637554585,1.1790393013100435,13/08/1997 00:00,Spain,Defender,right,183.0,https://img.a.transfermarkt.technology/portrait/header/298975-1673514557.jpg?lm=1,1800000,"[0.08269481436213208, 0.1858850280250361, 0.048626273653566206, 0.31832709903687284, 0.02085458923397134, 0.8108448928121061, 0.3200388161086851, 0.404, 0.42285498540547034, 0.2368558951965065]"
Mathis Amougou,Saint-Étienne,864,0.046875,0.0291666666666666,0.1041666666666666,6.666666666666667,0.5208333333333334,78.31,3.4375,20.0,3.854166666666667,0.625,18/01/2006 00:00,France,Midfield,right,177.0,https://img.a.transfermarkt.technology/portrait/header/1010854-1727721658.jpg?lm=1,0,"[0.049315397106584, 0.05365262992839345, 0.038664641203703685, 0.2015361277863944, 0.08291147455867083, 0.6454392601933585, 0.49398148148148147, 0.22222222222222224, 0.43059254736554214, 0.12555555555555553]"
Florian Ayé,Auxerre,584,0.2928082191780822,0.0184931506849315,0.6164383561643836,4.315068493150685,0.3082191780821918,75.4,1.386986301369863,25.49,2.1575342465753424,1.5410958904109588,19/01/1997 00:00,France,Attack,right,184.0,https://img.a.transfermarkt.technology/portrait/header/372713-1567613065.jpg?lm=1,2000000,"[0.3080523435698946, 0.03282854981919976, 0.22880993150684936, 0.12420767958054904, 0.04906542056074767, 0.5842791088692729, 0.19931506849315064, 0.2832222222222222, 0.19207889310874682, 0.30958904109589036]"
Maxime Bernauer,Saint-Étienne,762,0.0070866141732283,0.0141732283464566,0.0,5.669291338582677,0.2362204724409448,87.65,1.7716535433070866,60.0,4.606299212598425,1.1811023622047243,01/07/1998 00:00,France,Defender,right,185.0,https://img.a.transfermarkt.technology/portrait/header/324819-1595959090.jpg?lm=1,1800000,"[0.007455556098003201, 0.024400360926632718, 0.0, 0.16873907628834148, 0.03760394436676723, 0.8417402269861287, 0.2545931758530183, 0.6666666666666667, 0.5363278144105951, 0.23727034120734902]"
Junior Ndiaye,Montpellier,455,0.1008791208791208,0.1028571428571428,0.3956043956043956,3.164835164835165,0.3956043956043956,70.13,0.5934065934065934,26.09,0.7912087912087913,1.7802197802197803,29/03/2005 00:00,United Arab Emirates,Attack,left,183.0,https://img.a.transfermarkt.technology/portrait/header/default.jpg?lm=1,50000,"[0.10613106999289454, 0.19742309713911013, 0.14684065934065937, 0.08638414350410409, 0.0629762760603882, 0.47351828499369475, 0.08527472527472527, 0.2898888888888889, 0.0, 0.3576263736263736]"
Yvann Maçon,Saint-Étienne,767,0.0340286831812255,0.0328552803129074,0.2346805736636245,11.38200782268579,1.1734028683181226,77.87,2.8161668839634943,18.75,5.397653194263364,3.0508474576271185,01/10/1998 00:00,Guadeloupe,Defender,right,176.0,https://img.a.transfermarkt.technology/portrait/header/580747-1777737106.png?lm=1,2000000,"[0.035800277847387124, 0.06084913257968727, 0.08710886571056063, 0.3565923863184125, 0.18679403916216844, 0.6361916771752838, 0.4046936114732725, 0.20833333333333334, 0.6475768555950194, 0.6128813559322033]"
Nhoa Sangui,Stade de Reims,1158,0.0077720207253886,0.0396373056994818,0.0,7.8497409326424865,0.7772020725388601,84.56,1.865284974093264,33.33,4.974093264248705,0.699481865284974,27/02/2006 00:00,France,Defender,left,178.0,https://img.a.transfermarkt.technology/portrait/header/955281-1723838815.png?lm=1,5000000,"[0.008176646152386982, 0.07408089615171802, 0.0, 0.24043958422316983, 0.12372282213936373, 0.7767969735182851, 0.26804835924006903, 0.37033333333333335, 0.5880325338502358, 0.1405181347150259]"
Elye Wahi,Olympique de Marseille,575,0.8201739130434781,0.0344347826086956,1.7217391304347824,5.165217391304347,0.3130434782608695,81.48,0.1565217391304347,23.53,1.252173913043478,2.660869565217391,02/01/2003 00:00,Cote d'Ivoire,Attack,right,184.0,https://img.a.transfermarkt.technology/portrait/header/659542-1753984614.jpg?lm=1,12000000,"[0.8628736473216003, 0.06393074902139534, 0.6390760869565218, 0.1521634314511333, 0.0498334010564811, 0.7120638923917613, 0.022492753623188394, 0.2614444444444445, 0.06480276717086537, 0.5345391304347825]"
Arouna Sangante,Le Havre,1251,0.0726618705035971,0.0100719424460431,0.2877697841726618,4.60431654676259,0.3597122302158273,87.66,3.309352517985612,58.62,3.8129496402877696,1.5827338129496402,12/04/2002 00:00,Senegal,Defender,right,189.0,https://img.a.transfermarkt.technology/portrait/header/768380-1738244271.jpg?lm=1,10000000,"[0.07644477863236424, 0.016398732757708225, 0.10681454836131095, 0.13371912732033345, 0.057262601134046034, 0.8419503993274484, 0.4755662136957101, 0.6513333333333333, 0.4247982318362536, 0.3179536370903277]"
Fodé Ballo-Touré,Le Havre,595,0.0,0.0226890756302521,0.0,3.9327731092436977,0.7563025210084034,87.67,1.8151260504201685,50.0,4.689075630252101,0.453781512605042,03/01/1997 00:00,Senegal,Defender,left,182.0,https://img.a.transfermarkt.technology/portrait/header/296422-1614110347.jpg?lm=1,1000000,"[0.0, 0.04101481921187615, 0.0, 0.11163652302552193, 0.12039582188015395, 0.8421605716687683, 0.26084033613445384, 0.5555555555555556, 0.5479645753418769, 0.0911596638655462]"
Pierre Cornud,Saint-Étienne,584,0.0,0.0446917808219178,0.0,6.934931506849315,0.3082191780821918,83.88,3.2363013698630136,42.86,5.085616438356165,1.5410958904109588,12/12/1996 00:00,France,Defender,left,177.0,https://img.a.transfermarkt.technology/portrait/header/536156-1727723010.jpg?lm=1,800000,"[0.0, 0.08394220099631183, 0.0, 0.2103575769749253, 0.04906542056074767, 0.7625052543085329, 0.4650684931506849, 0.4762222222222222, 0.6037105319102135, 0.30958904109589036]"
Lilian Raolisoa,Angers,1326,0.0461538461538461,0.1140271493212669,0.0678733031674208,7.873303167420815,1.5610859728506787,76.72,3.800904977375566,57.14,5.158371040723982,1.0859728506787332,16/06/2000 00:00,France,Defender,right,178.0,https://img.a.transfermarkt.technology/portrait/header/829874-1750955865.png?lm=1,600000,"[0.04855669868955957, 0.21921583252519786, 0.025193250377073904, 0.24121438966067607, 0.24850932465006134, 0.6120218579234973, 0.546204122674711, 0.634888888888889, 0.6139384197362721, 0.21815987933634992]"
Falaye Sacko,Montpellier,1208,0.0,0.0178807947019867,0.0,7.673841059602648,0.2235099337748344,84.6,2.01158940397351,37.5,4.321192052980132,1.1175496688741722,01/05/1995 00:00,Mali,Defender,right,180.0,https://img.a.transfermarkt.technology/portrait/header/364857-1761021311.png?lm=1,4000000,"[0.0, 0.03163384040329521, 0.0, 0.23465540545701655, 0.03558055332054218, 0.7776376628835644, 0.2890728476821192, 0.4166666666666667, 0.4962472703339504, 0.22450331125827813]"
Bamo Meïté,Montpellier,458,0.0039301310043668,0.0039301310043668,0.0,1.9650655021834065,0.1965065502183406,88.72,1.7685589519650655,50.0,1.572052401746725,1.7685589519650655,03/12/2001 00:00,Cote d'Ivoire,Defender,right,184.0,https://img.a.transfermarkt.technology/portrait/header/807165-1724754649.jpg?lm=1,4000000,"[0.004134740718106594, 0.004416029616972546, 0.0, 0.04693168633596598, 0.031281883850957024, 0.864228667507356, 0.2541484716157205, 0.5555555555555556, 0.10977148659133108, 0.3552838427947598]"
Omar Marmoush,Eintracht Frankfurt,1454,0.4524759284731773,0.2562585969738652,2.2283356258596974,9.718019257221458,2.847317744154058,79.59,0.8665749656121046,33.33,3.1568088033012383,0.4951856946354883,07/02/1999 00:00,Egypt,Attack,right,183.0,https://img.a.transfermarkt.technology/portrait/header/445939-1747656490.jpg?lm=1,65000000,"[0.4760326420016008, 0.4967100588919078, 0.8271148555708392, 0.3018748520692506, 0.45326460039337185, 0.6723413198823036, 0.12453003209536909, 0.37033333333333335, 0.33255753969602797, 0.09947730398899586]"
Joshua Kimmich,FC Bayern München,2847,0.0559536354056902,0.3331928345626975,0.3161222339304531,30.94836670179136,0.3793466807165437,92.93,2.2760800842992626,57.14,6.006322444678609,0.4741833508956796,08/02/1995 00:00,Germany,Midfield,right,177.0,https://img.a.transfermarkt.technology/portrait/header/161056-1700039639.jpg?lm=1,40000000,"[0.05886668265789078, 0.6468091199165157, 0.11733842641376889, 1.0, 0.0603882099209202, 0.9527112232030266, 0.32708113804004213, 0.634888888888889, 0.7331439621946153, 0.09525816649104318]"
Michael Olise,FC Bayern München,2346,0.3740409207161125,0.479923273657289,1.381074168797954,24.93606138107417,2.762148337595908,86.21,1.6879795396419437,47.83,4.028132992327365,0.8439897698209718,12/12/2001 00:00,France,Attack,left,184.0,https://img.a.transfermarkt.technology/portrait/header/566723-1762944477.jpg?lm=1,130000000,"[0.3935141661701843, 0.933080899842799, 0.5126278772378517, 0.8022952025448798, 0.43970647991012746, 0.8114754098360655, 0.24256891162262004, 0.5314444444444445, 0.4550488430012977, 0.1695481670929241]"
Harry Kane,FC Bayern München,2389,0.5066973629133529,0.2090832984512348,2.0343239849309334,9.041439933026371,0.8664713269150273,80.71,0.5650899958141482,60.0,2.2980326496442025,0.3390539974884889,28/07/1993 00:00,England,Attack,right,188.0,https://img.a.transfermarkt.technology/portrait/header/132098-1700211169.jpg?lm=1,65000000,"[0.5330769421851926, 0.4046708285865923, 0.7551015069066556, 0.27962665090232186, 0.13793359752447942, 0.6958806221101301, 0.08120552532440352, 0.6666666666666667, 0.21183024710644666, 0.06811218082879865]"
Florian Wirtz,Bayer 04 Leverkusen,2355,0.24,0.360764331210191,1.4904458598726114,24.9171974522293,3.1337579617834392,82.33,1.5668789808917196,19.57,4.318471337579617,0.840764331210191,03/05/2003 00:00,Germany,Midfield,right,177.0,https://img.a.transfermarkt.technology/portrait/header/598577-1689710503.jpg?lm=1,110000000,"[0.2524948331857101, 0.700601240141967, 0.5532245222929937, 0.8016748931905575, 0.49886302756116435, 0.7299285414039511, 0.22516631280962487, 0.21744444444444447, 0.49586479044927706, 0.16890021231422503]"
Xavi Simons,RB Leipzig,2157,0.2132127955493741,0.2495132127955494,0.9596662030598052,14.728789986091796,1.376912378303199,82.9,1.6689847009735743,42.22,5.340751043115438,1.0013908205841446,21/04/2003 00:00,Netherlands,Midfield,right,179.0,https://img.a.transfermarkt.technology/portrait/header/566931-1729778226.jpg?lm=1,80000000,"[0.22431303852207551, 0.4835497824903071, 0.35620943439962915, 0.46664582746063055, 0.21919072439655288, 0.7419083648591847, 0.23983928295472104, 0.4691111111111111, 0.6395775153462733, 0.20116828929068148]"
Jamal Musiala,FC Bayern München,1804,0.4649667405764967,0.2963414634146342,1.5964523281596452,16.263858093126387,3.592017738359202,83.53,2.1951219512195124,33.33,3.741685144124169,0.9977827050997784,26/02/2003 00:00,Germany,Midfield,right,184.0,https://img.a.transfermarkt.technology/portrait/header/580195-1711745441.jpg?lm=1,130000000,"[0.4891737483281911, 0.5749119206961186, 0.5925720620842573, 0.5171240239246927, 0.5718134156702656, 0.7551492223623371, 0.3154471544715447, 0.37033333333333335, 0.4147798240789417, 0.20044345898004434]"
Franck Honorat,Borussia M'gladbach,1452,0.2807851239669421,0.303099173553719,0.5578512396694215,8.801652892561984,0.7438016528925621,75.55,1.3636363636363638,42.86,4.462809917355372,0.4338842975206611,11/08/1996 00:00,France,Attack,right,180.0,https://img.a.transfermarkt.technology/portrait/header/229006-1691248904.jpg?lm=1,12000000,"[0.2954033043210915, 0.5880962451054158, 0.2070635330578513, 0.2717416474405018, 0.11840580829535802, 0.5874316939890709, 0.19595959595959597, 0.4762222222222222, 0.5161559989072048, 0.08716253443526169]"
Granit Xhaka,Bayer 04 Leverkusen,2891,0.0283292978208232,0.1587685921826357,0.0933932895191975,25.55863023175372,0.2179176755447942,90.85,1.8678657903839504,62.32,5.572466274645452,1.0273261847111728,27/09/1992 00:00,Switzerland,Midfield,left,186.0,https://img.a.transfermarkt.technology/portrait/header/111455-1689711080.jpg?lm=1,10000000,"[0.02980417219807106, 0.3065065989362299, 0.034665773088896575, 0.8227673578929029, 0.034690321558688425, 0.9089953762084908, 0.26841923209961954, 0.6924444444444445, 0.6721521885428446, 0.2063784157730889]"
Angelo Stiller,VfB Stuttgart,2743,0.0577469923441487,0.282500911410864,0.1312431644185198,18.89901567626686,0.6562158220925993,89.9,2.460809332847248,44.0,4.593510754648196,0.6890266131972294,04/04/2001 00:00,Germany,Midfield,left,183.0,https://img.a.transfermarkt.technology/portrait/header/443710-1753308094.jpg?lm=1,45000000,"[0.06075340499546793, 0.5479089383447381, 0.04871491068173531, 0.6037768581448558, 0.1044630171617814, 0.8890290037831023, 0.35362741523878966, 0.48888888888888893, 0.5345300049370177, 0.1384177907400656]"
Maximilian Mittelstädt,VfB Stuttgart,2475,0.032,0.256,0.1454545454545454,13.927272727272728,0.7636363636363637,87.37,4.581818181818182,56.82,4.327272727272727,0.8727272727272727,18/03/1997 00:00,Germany,Defender,left,180.0,https://img.a.transfermarkt.technology/portrait/header/282660-1723707584.jpg?lm=1,18000000,"[0.03366597775809468, 0.49620553497411174, 0.05398989898989898, 0.4402892472707368, 0.12156329651656755, 0.8358554014291719, 0.6584242424242424, 0.6313333333333334, 0.497102095355975, 0.1753212121212121]"
Dayot Upamecano,FC Bayern München,1761,0.0618398637137989,0.0613287904599659,0.3066439522998296,13.33901192504259,0.1533219761499148,94.08,3.577512776831346,58.82,5.877342419080068,1.0221465076660987,27/10/1998 00:00,France,Defender,right,186.0,https://img.a.transfermarkt.technology/portrait/header/344695-1701245272.jpg?lm=1,70000000,"[0.06505935863601124, 0.11640108540450492, 0.11382027257240206, 0.42094525581459064, 0.024407330159690488, 0.9768810424548129, 0.514101836077986, 0.6535555555555556, 0.7150118689566545, 0.2053378762067007]"
Nadiem Amiri,1. FSV Mainz 05,2481,0.141837968561064,0.332285368802902,0.94316807738815,15.01813784764208,1.1608222490931075,82.53,2.3941958887545343,50.0,7.50906892382104,1.596130592503023,27/10/1996 00:00,Germany,Midfield,right,180.0,https://img.a.transfermarkt.technology/portrait/header/232454-1722885996.jpg?lm=1,17000000,"[0.14922230921344104, 0.6450386499316794, 0.3500856509471988, 0.47616055722073647, 0.18479132999581868, 0.734131988230349, 0.3440548166062071, 0.5555555555555556, 0.9444010087518779, 0.32064490124949613]"
Alejandro Grimaldo,Bayer 04 Leverkusen,2643,0.0854710556186152,0.2914869466515323,0.4767309875141884,19.37570942111237,0.681044267877412,86.39,1.362088535754824,48.48,4.835414301929625,0.5107832009080591,20/09/1995 00:00,Spain,Defender,left,171.0,https://img.a.transfermarkt.technology/portrait/header/193082-1689710805.jpg?lm=1,24000000,"[0.08992083304428664, 0.5654407355553227, 0.1769532727960651, 0.6194521499415075, 0.10841545821973755, 0.8152585119798235, 0.19573716736032284, 0.5386666666666666, 0.5685369579791325, 0.10261066969353008]"
Vincenzo Grifo,SC Freiburg,2452,0.2004078303425775,0.2918026101141925,1.064437194127243,11.415171288743885,0.9176182707993475,82.02,1.431484502446982,48.39,4.918433931484502,0.5505709624796085,07/04/1993 00:00,Italy,Attack,right,180.0,https://img.a.transfermarkt.technology/portrait/header/185077-1753983973.jpg?lm=1,5000000,"[0.2108414237144133, 0.5660565964623782, 0.3950983890701469, 0.3576829124960058, 0.1460756811147871, 0.7234131988230348, 0.20570962479608482, 0.5376666666666667, 0.5802079097926746, 0.11060358890701466]"
Tim Kleindienst,Borussia M'gladbach,2742,0.3922319474835886,0.1296498905908096,1.2800875273522976,4.923413566739606,0.4595185995623632,62.0,1.3785557986870898,53.76,2.428884026258206,2.461706783369803,31/08/1995 00:00,Germany,Attack,both,194.0,https://img.a.transfermarkt.technology/portrait/header/193033-1722945738.jpg?lm=1,12000000,"[0.4126522506248954, 0.24969587455435477, 0.47514359956236335, 0.14421210935265033, 0.07315078017955377, 0.3026481715006306, 0.19810357403355214, 0.5973333333333334, 0.23022541604884972, 0.4945295404814004]"
Raphaël Guerreiro,FC Bayern München,1581,0.16280834914611,0.2698292220113852,0.6261859582542695,20.550284629981025,0.5692599620493358,90.01,1.650853889943074,38.1,5.351043643263758,0.5123339658444023,22/12/1993 00:00,Portugal,Defender,left,170.0,https://img.a.transfermarkt.technology/portrait/header/170986-1711745629.jpg?lm=1,12000000,"[0.17128444566203288, 0.5231864124568187, 0.2324280518659077, 0.6580761288277766, 0.09062051109258898, 0.8913408995376209, 0.2372338182584862, 0.42333333333333334, 0.6410244555580179, 0.10292220113851991]"
Hugo Ekitiké,Eintracht Frankfurt,2578,0.6748254460822343,0.1881691233514352,1.6757176105508145,6.982156710628394,1.8153607447633824,76.44,0.8029480217222653,46.02,3.037238169123351,1.3615205585725367,20/06/2002 00:00,France,Attack,right,190.0,https://img.a.transfermarkt.technology/portrait/header/709726-1758714741.jpg?lm=1,85000000,"[0.7099580768250255, 0.3638671741543316, 0.6219937936384795, 0.2119105003295905, 0.2889873335121771, 0.6061370323665405, 0.11538660460305145, 0.5113333333333334, 0.31574822463057894, 0.2735143522110162]"
Willi Orbán,RB Leipzig,2224,0.1618705035971223,0.0271133093525179,0.283273381294964,6.029676258992805,0.1214028776978417,88.05,2.3875899280575537,68.87,4.93705035971223,0.9307553956834532,03/11/1992 00:00,Hungary,Defender,right,186.0,https://img.a.transfermarkt.technology/portrait/header/93740-1724337179.jpg?lm=1,6000000,"[0.1702977741810095, 0.04964652010705599, 0.10514557104316548, 0.18058974319476945, 0.019326127882740532, 0.850147120638924, 0.3431055155875299, 0.7652222222222222, 0.5828250189986661, 0.18697841726618702]"
Marvin Ducksch,SV Werder Bremen,2433,0.316276202219482,0.3351418002466091,1.1097410604192357,8.545006165228113,0.2589395807644882,70.58,0.6658446362515412,40.82,2.4044389642416766,0.2219482120838471,07/03/1994 00:00,Germany,Attack,right,188.0,https://img.a.transfermarkt.technology/portrait/header/125103-1772009480.jpg?lm=1,2000000,"[0.3327421121667417, 0.6506115611740446, 0.41191430332922335, 0.2633022408338177, 0.04122059992855249, 0.4829760403530896, 0.09568434032059184, 0.4535555555555556, 0.22678891383360705, 0.0445869297163995]"
Tom Bischof,TSG Hoffenheim,2567,0.0771328398909232,0.1689910401246591,0.6310868718348267,11.920529801324504,1.016751071289443,83.67,4.382547721075185,40.0,5.469419555901831,1.5777171795870666,28/06/2005 00:00,Germany,Midfield,left,176.0,https://img.a.transfermarkt.technology/portrait/header/822959-1758269709.jpg?lm=1,40000000,"[0.08114851475582807, 0.32645064316879896, 0.23424717569146872, 0.3743007981558868, 0.16185663471305464, 0.7580916351408156, 0.6297883391767303, 0.4444444444444445, 0.6576658159168929, 0.3169458511881573]"
Serhou Guirassy,Borussia Dortmund,2601,0.6844290657439446,0.1065743944636678,1.2802768166089966,5.363321799307959,0.3806228373702422,72.96,0.3806228373702422,54.03,1.5570934256055364,0.5536332179930796,12/03/1996 00:00,Guinea,Attack,right,187.0,https://img.a.transfermarkt.technology/portrait/header/270541-1755989642.jpg?lm=1,40000000,"[0.7200616782602861, 0.2046754725862233, 0.47521386005382554, 0.15867776992365928, 0.06059136133837813, 0.5329970575872214, 0.054696911444316286, 0.6003333333333334, 0.10766854430334684, 0.11121876201460976]"
Romano Schmid,SV Werder Bremen,2839,0.1128566396618527,0.2799225079253258,0.4755195491370201,16.389573793589292,1.4265586474110603,79.0,1.7118703768932724,47.17,5.294117647058823,0.8876364917224375,27/01/2000 00:00,Austria,Midfield,right,168.0,https://img.a.transfermarkt.technology/portrait/header/346853-1730117104.jpg?lm=1,17000000,"[0.1187321600221637, 0.5428784609623504, 0.17650361042620646, 0.5212579785013679, 0.22709391552244607, 0.6599411517444305, 0.24600211342021838, 0.5241111111111112, 0.6330217631561383, 0.17831630855935188]"
Alphonso Davies,FC Bayern München,1561,0.0714926329276105,0.1291479820627802,0.1729660474055092,19.94875080076874,1.7873158231902626,91.07,2.4791800128123,52.94,6.630365150544523,0.461242793081358,02/11/2000 00:00,Canada,Defender,left,185.0,https://img.a.transfermarkt.technology/portrait/header/424204-1711745534.jpg?lm=1,50000000,"[0.07521466843776757, 0.2487166486448178, 0.06420163356822547, 0.6382956756533473, 0.2845228615732786, 0.9136191677175283, 0.3562673499893231, 0.5882222222222222, 0.8208722788445858, 0.09265855221012169]"
Waldemar Anton,Borussia Dortmund,1947,0.0762711864406779,0.0832049306625577,0.1386748844375963,9.060092449922958,0.9244992295839752,91.46,2.958397534668721,63.01,5.63944530046225,0.9244992295839752,20/07/1996 00:00,Germany,Defender,right,189.0,https://img.a.transfermarkt.technology/portrait/header/193004-1723922551.jpg?lm=1,18000000,"[0.08024200207172982, 0.15908153829727975, 0.051473420647149465, 0.2802400083215403, 0.14717106115807208, 0.9218158890290036, 0.4251326827598014, 0.7001111111111111, 0.6815681421795581, 0.18572162300975856]"
Jonathan Burkardt,1. FSV Mainz 05,2120,0.5620754716981132,0.1124999999999999,1.2735849056603772,5.433962264150943,0.6792452830188679,74.64,0.6792452830188679,19.44,3.0990566037735845,0.9764150943396226,11/07/2000 00:00,Germany,Attack,right,181.0,https://img.a.transfermarkt.technology/portrait/header/333647-1753985077.jpg?lm=1,35000000,"[0.5913381352674767, 0.21623635698413113, 0.4727299528301887, 0.16100066572633814, 0.10812907776406278, 0.5683060109289617, 0.09761006289308174, 0.21600000000000003, 0.3244386991106483, 0.19615094339622638]"
Nathaniel Brown,Eintracht Frankfurt,1953,0.1004608294930875,0.2124423963133641,0.2304147465437788,7.096774193548387,0.5069124423963134,85.76,3.963133640552996,25.0,3.7327188940092166,0.6912442396313364,16/06/2003 00:00,Germany,Defender,left,176.0,https://img.a.transfermarkt.technology/portrait/header/691892-1724772335.jpg?lm=1,35000000,"[0.1056910016023133, 0.4112244443862316, 0.08552547363031236, 0.21567950822867868, 0.08069540749673401, 0.8020176544766711, 0.5695169824202083, 0.2777777777777778, 0.4135193429903023, 0.13886328725038402]"
Paul Nebel,1. FSV Mainz 05,2355,0.2189808917197452,0.2155414012738853,0.6878980891719745,11.808917197452228,0.9554140127388536,78.18,1.9490445859872607,23.68,4.738853503184713,1.414012738853503,10/10/2002 00:00,Germany,Midfield,both,169.0,https://img.a.transfermarkt.technology/portrait/header/503160-1722886613.jpg?lm=1,18000000,"[0.23038143219014626, 0.4172706177059807, 0.25533439490445864, 0.37063060077486376, 0.15209238645157452, 0.6427070197562001, 0.28008492569002114, 0.26311111111111113, 0.5549623800718188, 0.2840594479830148]"
Jens Stage,SV Werder Bremen,2212,0.292133815551537,0.1607142857142857,0.6103074141048824,7.730560578661844,0.325497287522604,78.51,2.726039783001808,54.84,4.638336347197106,1.5461121157323687,08/11/1996 00:00,Denmark,Midfield,right,187.0,https://img.a.transfermarkt.technology/portrait/header/289835-1660208628.jpg?lm=1,14000000,"[0.30734282927329304, 0.3103026562092367, 0.2265342450271248, 0.23652053379451302, 0.05181592334082575, 0.6496427070197563, 0.3917420132610005, 0.6093333333333334, 0.5408316149713771, 0.3105967450271247]"
David Raum,RB Leipzig,1788,0.0246644295302013,0.372986577181208,0.2013422818791946,8.909395973154362,0.5536912751677853,78.6,2.3657718120805367,39.39,4.630872483221476,1.157718120805369,22/04/1998 00:00,Germany,Defender,left,181.0,https://img.a.transfermarkt.technology/portrait/header/318204-1713945422.jpg?lm=1,20000000,"[0.02594850424937033, 0.7244468997774859, 0.07473434004474273, 0.27528460189630877, 0.08814213134290913, 0.651534258091635, 0.3399701715137956, 0.4376666666666667, 0.539782340272496, 0.232572706935123]"
Patrik Schick,Bayer 04 Leverkusen,1694,0.6237308146399055,0.0488783943329397,1.859504132231405,5.684769775678866,0.5312868949232585,78.36,0.5312868949232585,45.1,1.54073199527745,1.2750885478158205,24/01/1996 00:00,Czech Republic,Attack,left,191.0,https://img.a.transfermarkt.technology/portrait/header/242086-1727378322.jpg?lm=1,25000000,"[0.6562033666470417, 0.09211030373667801, 0.6902117768595043, 0.1692480593003118, 0.08457557735382715, 0.6464901218999579, 0.0763478945297127, 0.5011111111111112, 0.10536844412241915, 0.256151121605667]"
Denis Vavro,VfL Wolfsburg,2462,0.0500812347684809,0.019740048740861,0.255889520714866,4.898456539398863,0.1096669374492282,87.57,2.1202274573517466,70.43,3.253452477660439,0.255889520714866,10/04/1996 00:00,Slovakia,Defender,right,189.0,https://img.a.transfermarkt.technology/portrait/header/239962-1752735947.jpg?lm=1,7000000,"[0.052688554244174866, 0.03526125381749863, 0.09498121445978881, 0.14339143844984675, 0.017457883188958134, 0.8400588482555693, 0.30468453831573244, 0.7825555555555557, 0.3461437683093984, 0.05140536149471974]"
Diogo Leite,1. FC Union Berlin,2458,0.0479658258746948,0.0834825061025223,0.2929210740439382,6.407648494711148,0.3661513425549227,78.43,4.247355573637104,54.68,3.661513425549227,0.8787632221318146,23/01/1999 00:00,Portugal,Defender,left,190.0,https://img.a.transfermarkt.technology/portrait/header/357156-1691999912.jpg?lm=1,12000000,"[0.05046301334519116, 0.1596230892921027, 0.10872660699755902, 0.1930187401136152, 0.05828764362790203, 0.6479613282891974, 0.6103607268782208, 0.6075555555555556, 0.40350923338474315, 0.17653376729048006]"
Leroy Sané,FC Bayern München,1633,0.5638089406001224,0.3372933251684017,1.6533986527862827,19.12431108389467,2.149418248622168,86.44,1.6533986527862827,53.85,4.519289650949173,0.8818126148193508,11/01/1996 00:00,Germany,Attack,left,183.0,https://img.a.transfermarkt.technology/portrait/header/192565-1694587968.jpg?lm=1,23000000,"[0.5931618516893327, 0.6548091964617048, 0.6137094304960197, 0.6111853280339585, 0.342165957958233, 0.8163093736864229, 0.23759951010410282, 0.5983333333333334, 0.5240959554301284, 0.17714635639926513]"
Jae-sung Lee,1. FSV Mainz 05,2661,0.1792559188275084,0.1582863585118376,0.5073280721533259,9.503945885005637,0.3720405862457722,79.98,2.604284103720406,41.46,4.024802705749718,0.7779030439684329,10/08/1992 00:00,"Korea, South",Midfield,left,180.0,https://img.a.transfermarkt.technology/portrait/header/314398-1668504727.jpg?lm=1,2000000,"[0.18858830550792885, 0.3055657587661084, 0.1883103156708005, 0.2948354004052398, 0.05922515251451389, 0.6805380411937789, 0.37424527120130274, 0.46066666666666667, 0.45458066921659884, 0.15627207816610295]"
Exequiel Palacios,Bayer 04 Leverkusen,1158,0.1181347150259067,0.1849740932642486,0.699481865284974,22.927461139896373,0.6217616580310881,90.21,2.7202072538860103,11.11,5.9067357512953365,0.699481865284974,05/10/1998 00:00,Argentina,Midfield,right,178.0,https://img.a.transfermarkt.technology/portrait/header/401578-1695368200.jpg?lm=1,30000000,"[0.12428502151628212, 0.3576336553587714, 0.259634067357513, 0.7362456786655783, 0.09897825771149098, 0.8955443463640183, 0.3909038572251007, 0.12344444444444444, 0.7191440021131518, 0.1405181347150259]"
Mohamed Amoura,VfL Wolfsburg,2481,0.2684401451027811,0.1353083434099153,1.0157194679564692,8.633615477629988,1.3422007255139057,72.75,1.378476420798065,29.85,3.3373639661426844,1.0882708585247884,09/05/2000 00:00,Algeria,Attack,right,170.0,https://img.a.transfermarkt.technology/portrait/header/746910-1724771303.jpg?lm=1,32000000,"[0.28241562357531047, 0.2607355427387458, 0.3770153164046756, 0.26621601271108497, 0.21366497530766537, 0.5285834384195041, 0.1980921671369071, 0.3316666666666667, 0.3579400982126959, 0.21862152357920192]"
Ritsu Doan,SC Freiburg,2874,0.2019832985386221,0.1863256784968684,0.7202505219206681,9.801670146137788,1.7536534446764092,75.6,2.5052192066805845,32.08,4.164926931106471,0.8455114822546973,16/06/1998 00:00,Japan,Attack,left,172.0,https://img.a.transfermarkt.technology/portrait/header/358504-1757597784.jpg?lm=1,18000000,"[0.21249891362837026, 0.3602706045334053, 0.26734298886569247, 0.304625574324349, 0.279164146488986, 0.5884825556956703, 0.36000927858965437, 0.35644444444444445, 0.47427942107585114, 0.16985386221294363]"
Aleix García,Bayer 04 Leverkusen,1457,0.0599176389842141,0.2365820178448867,0.3088538091969801,22.73164035689773,0.247083047357584,91.06,1.4824982841455043,27.27,4.262182566918325,0.4941660947151681,28/06/1997 00:00,Spain,Midfield,right,173.0,https://img.a.transfermarkt.technology/portrait/header/261504-1727378020.jpg?lm=1,20000000,"[0.06303705941750308, 0.4583209600459502, 0.11464052848318464, 0.7298064334551186, 0.039333158006144994, 0.9134089953762086, 0.2130404941660947, 0.303, 0.48795167961568536, 0.09927247769389154]"
Piero Hincapié,Bayer 04 Leverkusen,2670,0.0991011235955056,0.1173033707865168,0.1011235955056179,10.820224719101123,0.1685393258426966,89.36,2.831460674157303,60.55,3.539325842696629,0.8764044943820224,09/01/2002 00:00,Ecuador,Defender,left,184.0,https://img.a.transfermarkt.technology/portrait/header/659813-1727377918.jpg?lm=1,50000000,"[0.10426050696151509, 0.22560775608296194, 0.037535112359550545, 0.33811907054630763, 0.02682978053134516, 0.8776796973518284, 0.4068913857677902, 0.6727777777777778, 0.38633202602629285, 0.1760599250936329]"
Alexis Claude-Maurice,FC Augsburg,2125,0.2007529411764706,0.0783529411764706,0.9317647058823528,8.258823529411766,1.7788235294117647,84.63,2.3717647058823528,37.84,3.0494117647058823,1.1011764705882354,06/06/1998 00:00,France,Midfield,right,176.0,https://img.a.transfermarkt.technology/portrait/header/384593-1755201378.jpg?lm=1,12000000,"[0.2112045016412234, 0.14961528388588022, 0.3458529411764706, 0.25389159432950914, 0.2831709730621221, 0.7782681799075242, 0.3408313725490196, 0.4204444444444445, 0.3174595963652282, 0.22121411764705884]"
Aleksandar Pavlovic,FC Bayern München,1456,0.0346153846153846,0.1199175824175824,0.2472527472527472,23.983516483516485,0.3090659340659341,93.54,2.657967032967033,54.55,4.450549450549451,1.050824175824176,03/05/2004 00:00,Germany,Midfield,both,188.0,https://img.a.transfermarkt.technology/portrait/header/792380-1727098078.jpg?lm=1,65000000,"[0.03641752401716971, 0.23070809532645517, 0.0917754120879121, 0.7709723262116325, 0.0492002156721783, 0.9655317360235394, 0.38195970695970693, 0.6061111111111112, 0.5144324147612546, 0.21109890109890111]"
Min-jae Kim,FC Bayern München,2289,0.0644823066841415,0.0361730013106159,0.1965923984272608,11.44167758846658,0.1179554390563564,92.59,2.830930537352556,64.57,6.015727391874181,0.982961992136304,15/11/1996 00:00,"Korea, South",Defender,right,190.0,https://img.a.transfermarkt.technology/portrait/header/503482-1700208062.jpg?lm=1,25000000,"[0.0678393719568421, 0.0673220219213496, 0.07297127566622981, 0.3585545286795524, 0.018777330018005647, 0.9455653635981505, 0.4068152031454784, 0.7174444444444444, 0.7344661155951658, 0.19746614242027083]"
Jonas Wind,VfL Wolfsburg,1976,0.1890182186234818,0.2236336032388664,0.5921052631578947,8.6082995951417,0.2732793522267207,71.55,0.728744939271255,49.75,2.687246963562753,0.6831983805668016,07/02/1999 00:00,Denmark,Attack,right,190.0,https://img.a.transfermarkt.technology/portrait/header/391004-1752736403.jpg?lm=1,7000000,"[0.19885884825165048, 0.43305854197263344, 0.21977796052631582, 0.2653835414454462, 0.043503348594347124, 0.5033627574611181, 0.10472334682860998, 0.5527777777777778, 0.26654624050752057, 0.137246963562753]"
Andrej Kramaric,TSG Hoffenheim,2779,0.3070169125584743,0.1839510615329255,0.8420295070169126,12.177042101475353,0.647715005397625,83.52,0.7124865059373876,27.27,4.40446203670385,0.388629003238575,19/06/1991 00:00,Croatia,Midfield,right,177.0,https://img.a.transfermarkt.technology/portrait/header/46580-1755089885.jpg?lm=1,3000000,"[0.32300076717351545, 0.3556377156174739, 0.31254498020870825, 0.3827357843451811, 0.1031097718872855, 0.7549390500210171, 0.10238694974211347, 0.303, 0.5079534170942362, 0.07807124865059373]"
Chrislain Matsima,FC Augsburg,2551,0.0642101136809094,0.0232849862798902,0.0705605644845158,5.927087416699334,0.2469619756958055,86.46,2.9282634261074088,70.83,5.045080360642885,0.3528028224225794,15/05/2002 00:00,France,Defender,right,193.0,https://img.a.transfermarkt.technology/portrait/header/569383-1755200922.jpg?lm=1,22000000,"[0.06755300809456957, 0.042177443704800574, 0.02619070952567618, 0.17721627741004004, 0.03931388460453477, 0.8167297183690625, 0.4208022997517313, 0.787, 0.5980119445732397, 0.07087416699333594]"
Maximilian Arnold,VfL Wolfsburg,2359,0.0339550657058075,0.1663416701992369,0.4578211106401017,8.889359898261976,0.0381517592200084,84.13,2.212802034760492,39.47,5.8753709198813056,1.1445527766002543,27/05/1994 00:00,Germany,Midfield,left,184.0,https://img.a.transfermarkt.technology/portrait/header/117674-1660652294.JPG?lm=1,4500000,"[0.03572282771332371, 0.3212817099269047, 0.16993429419245445, 0.2746257484420862, 0.006073379738761462, 0.7677595628415299, 0.3179878479581744, 0.4385555555555556, 0.7147347143575246, 0.22992793556591773]"
Leon Goretzka,FC Bayern München,1321,0.1880393641180923,0.1628311884935655,0.7494322482967449,19.82588947766844,0.4769114307342922,90.57,2.79333838001514,53.45,5.246025738077215,0.817562452687358,06/02/1995 00:00,Germany,Midfield,right,189.0,https://img.a.transfermarkt.technology/portrait/header/153084-1700040179.jpg?lm=1,15000000,"[0.1978290328139363, 0.3144327435332762, 0.2781746782740349, 0.6342555825937162, 0.0759195455156459, 0.903110550651534, 0.40141307090587935, 0.5938888888888889, 0.6262609723003493, 0.16423921271763814]"
Julian Brandt,Borussia Dortmund,2318,0.1848144952545297,0.2543140638481449,0.5823986194995686,14.598792062122518,0.7377049180327868,82.62,1.553062985332183,27.5,4.620362381363244,0.3106125970664365,02/05/1996 00:00,Germany,Midfield,right,185.0,https://img.a.transfermarkt.technology/portrait/header/187492-1709560849.jpg?lm=1,20000000,"[0.19443627145664033, 0.49291626557635243, 0.21617504314063854, 0.4623710589888147, 0.11743526888310096, 0.7360235393022279, 0.22318090307736552, 0.3055555555555556, 0.5383048235333763, 0.06239861949956857]"
Pascal Groß,Borussia Dortmund,2338,0.0923866552609067,0.2448246364414029,0.2694610778443114,15.051325919589392,0.1154833190761334,85.94,2.0402053036783574,42.86,3.6954662104362703,0.6928999144568007,15/06/1991 00:00,Germany,Midfield,right,181.0,https://img.a.transfermarkt.technology/portrait/header/82873-1746195832.jpg?lm=1,3500000,"[0.09719647128620142, 0.4744023478713966, 0.10001871257485033, 0.47725189252263134, 0.018383793161340863, 0.8058007566204286, 0.2931850584545195, 0.4762222222222222, 0.40828233726965396, 0.13919589392643283]"
Adam Hlozek,TSG Hoffenheim,1874,0.2660618996798292,0.1527214514407684,1.200640341515475,7.011739594450374,1.584845250800427,70.89,1.248665955176094,50.62,3.169690501600854,0.7203842049092849,25/07/2002 00:00,Czech Republic,Attack,right,188.0,https://img.a.transfermarkt.technology/portrait/header/552057-1755092070.jpg?lm=1,15000000,"[0.2799135624030483, 0.2947085987781093, 0.44565434898612605, 0.21288328493419292, 0.2522915648470462, 0.48949138293400596, 0.17943792244752757, 0.5624444444444444, 0.3343684569566503, 0.14471718249733187]"
Kingsley Coman,FC Bayern München,1284,0.3042056074766355,0.2964953271028037,1.1915887850467288,17.593457943925234,2.733644859813084,88.6,1.7523364485981308,42.86,4.135514018691588,0.6308411214953271,13/06/1996 00:00,France,Attack,right,181.0,https://img.a.transfermarkt.technology/portrait/header/243714-1700040256.jpg?lm=1,22000000,"[0.32004310047487783, 0.5752121094786924, 0.4422945872274144, 0.5608457338472997, 0.43516901039392086, 0.8617065994115174, 0.2518172377985462, 0.4762222222222222, 0.47014453532255923, 0.12672897196261682]"
Moritz Jenz,1. FSV Mainz 05,1606,0.0868617683686176,0.0207347447073474,0.2801992528019925,2.8019925280199254,0.112079701120797,84.34,3.698630136986301,64.1,4.090909090909091,1.5130759651307597,30/04/1999 00:00,Germany,Defender,right,190.0,https://img.a.transfermarkt.technology/portrait/header/460245-1689865901.jpg?lm=1,5000000,"[0.09138394881020787, 0.03720191034772265, 0.10400451432129515, 0.0744526586255082, 0.01784197111299915, 0.7721731820092477, 0.5315068493150684, 0.7122222222222222, 0.46387394648005015, 0.3039601494396015]"
Nico Elvedi,Borussia M'gladbach,2136,0.0859550561797752,0.0143258426966292,0.1685393258426966,3.033707865168539,0.0,92.22,2.8651685393258424,54.17,3.75,0.3792134831460674,30/09/1996 00:00,Switzerland,Defender,right,189.0,https://img.a.transfermarkt.technology/portrait/header/192635-1691249306.jpg?lm=1,8000000,"[0.09043003154825281, 0.024698112244871725, 0.06255852059925093, 0.08207223736518986, 0.0, 0.9377889869693148, 0.41173533083645436, 0.6018888888888889, 0.4159487317551585, 0.07617977528089886]"
Jonathan Tah,Bayer 04 Leverkusen,2970,0.0339393939393939,0.056060606060606,0.2121212121212121,8.515151515151516,0.0909090909090909,93.12,1.6666666666666667,77.0,5.0,0.4848484848484848,11/02/1996 00:00,Germany,Defender,right,195.0,https://img.a.transfermarkt.technology/portrait/header/196357-1695367765.jpg?lm=1,30000000,"[0.03570634004646401, 0.10612283275092702, 0.07873526936026937, 0.26232051964175707, 0.014471821013877088, 0.9567044976881043, 0.23950617283950618, 0.8555555555555556, 0.5916745190797612, 0.09740067340067338]"
Rasmus Kristensen,Eintracht Frankfurt,2515,0.0894632206759443,0.173558648111332,0.2862823061630218,11.522862823061631,0.7872763419483102,79.31,2.8270377733598413,58.67,4.330019880715706,0.8588469184890657,11/07/1997 00:00,Denmark,Defender,right,187.0,https://img.a.transfermarkt.technology/portrait/header/369684-1725875948.jpg?lm=1,14000000,"[0.09412083742012052, 0.335362067931233, 0.1062624254473161, 0.36122417193713174, 0.12532654540049426, 0.6664564943253468, 0.4062557985420809, 0.651888888888889, 0.4974882919173101, 0.17253280318091452]"
Anton Stach,TSG Hoffenheim,2590,0.0698455598455598,0.1115444015444015,0.3474903474903474,8.895752895752896,0.5212355212355212,83.4,3.891891891891892,56.84,5.942084942084942,1.3204633204633205,15/11/1998 00:00,Germany,Midfield,right,194.0,https://img.a.transfermarkt.technology/portrait/header/344069-1723921116.jpg?lm=1,20000000,"[0.07348184575819647, 0.2143719798823724, 0.12898166023166022, 0.27483597167704377, 0.08297549886334933, 0.7524169819251787, 0.5592792792792792, 0.6315555555555556, 0.7241134136193846, 0.26526640926640926]"
Jeffrey Gouweleeuw,FC Augsburg,2945,0.0284210526315789,0.0901528013582343,0.1528013582342954,7.089983022071308,0.2139219015280135,83.6,2.597623089983022,64.29,4.308998302207131,0.6723259762308998,10/07/1991 00:00,Netherlands,Defender,right,188.0,https://img.a.transfermarkt.technology/portrait/header/106405-1755201296.jpg?lm=1,1000000,"[0.02990070392988667, 0.17263686685093305, 0.05671689303904923, 0.21545619169537944, 0.034054234168478165, 0.7566204287515761, 0.3732880588568194, 0.7143333333333334, 0.49453306516992995, 0.135062818336163]"
Atakan Karazor,VfB Stuttgart,2626,0.0774562071591774,0.0846534653465346,0.2399086062452399,12.02970297029703,0.4112718964204113,87.09,3.118811881188119,57.28,5.860624523990861,1.3023610053313024,13/10/1996 00:00,Türkiye,Midfield,right,191.0,https://img.a.transfermarkt.technology/portrait/header/232320-1753307846.jpg?lm=1,9000000,"[0.08148871710772626, 0.1619076363095654, 0.0890494097486672, 0.37789077872205534, 0.06547038600337389, 0.8299705758722153, 0.44818481848184816, 0.6364444444444445, 0.7126616567350856, 0.2616298552932216]"
Arthur Theate,Eintracht Frankfurt,2709,0.0797342192691029,0.0554817275747508,0.2990033222591362,8.40531561461794,0.3322259136212624,84.44,2.491694352159468,54.55,4.086378737541528,0.4651162790697674,25/05/2000 00:00,Belgium,Defender,left,185.0,https://img.a.transfermarkt.technology/portrait/header/368891-1757597860.jpg?lm=1,24000000,"[0.08388532663977069, 0.10499343809001437, 0.110984219269103, 0.25870874623539575, 0.0528870535390857, 0.7742749054224463, 0.3580657069029161, 0.6061111111111112, 0.46323706655015123, 0.09343669250645993]"
Robin Koch,Eintracht Frankfurt,2589,0.060486674391657,0.0159907300115874,0.2085747392815759,3.9281575898030128,0.0347624565469293,90.8,1.7033603707995366,67.3,3.893395133256083,0.8342989571263036,17/07/1996 00:00,Germany,Defender,right,192.0,https://img.a.transfermarkt.technology/portrait/header/328784-1753984898.jpg?lm=1,15000000,"[0.06363571983533249, 0.027946315262396413, 0.07741888760139051, 0.11148474924034396, 0.005533836540648247, 0.9079445145018914, 0.24477919402600748, 0.7477777777777778, 0.4361073099071117, 0.16760139049826187]"
Dominik Kohr,1. FSV Mainz 05,2304,0.06171875,0.066015625,0.1953125,5.0390625,0.1953125,82.21,4.0625,52.0,3.8671875,1.796875,31/01/1994 00:00,Germany,Defender,right,183.0,https://img.a.transfermarkt.technology/portrait/header/118847-1722886760.jpg?lm=1,2000000,"[0.06493193952366894, 0.12554512173585258, 0.07249620225694446, 0.14801503480411748, 0.03109180295950156, 0.7274064733081125, 0.5837962962962963, 0.5777777777777778, 0.43242302431684004, 0.3609722222222222]"
Patrick Mainka,1. FC Heidenheim,3060,0.0570588235294117,0.0191176470588235,0.2647058823529412,3.941176470588236,0.1764705882352941,85.76,3.7058823529411766,63.01,4.470588235294118,0.5,06/11/1994 00:00,Germany,Defender,right,194.0,https://img.a.transfermarkt.technology/portrait/header/133731-1755087959.jpg?lm=1,2500000,"[0.06002940887013198, 0.03404694519520163, 0.09825367647058826, 0.11191285377786067, 0.028092358438702583, 0.8020176544766711, 0.5325490196078432, 0.7001111111111111, 0.5172494797422825, 0.10044444444444443]"
Daniel Svensson,Borussia Dortmund,786,0.0870229007633588,0.1488549618320611,0.2290076335877862,13.053435114503818,0.1145038167938931,82.47,2.290076335877863,28.57,3.5496183206106875,0.4580152671755725,12/02/2002 00:00,Sweden,Defender,left,183.0,https://img.a.transfermarkt.technology/portrait/header/579287-1739179044.jpg?lm=1,22000000,"[0.09155347004825366, 0.28716505928363834, 0.0850031806615776, 0.4115545308806958, 0.01822786616251694, 0.7328709541824296, 0.3290924512298558, 0.3174444444444445, 0.3877789490542681, 0.09201017811704833]"
Nico Schlotterbeck,Borussia Dortmund,1984,0.0603326612903225,0.0943548387096774,0.1814516129032258,14.017137096774194,0.6350806451612904,89.63,2.721774193548387,65.43,7.121975806451613,0.8165322580645161,01/12/1999 00:00,Germany,Defender,left,191.0,https://img.a.transfermarkt.technology/portrait/header/388198-1709560457.jpg?lm=1,55000000,"[0.06347368853395803, 0.18083506157683354, 0.06735131048387098, 0.4432442896418386, 0.10109850768766959, 0.8833543505674653, 0.3911290322580645, 0.7270000000000001, 0.889983214497736, 0.1640322580645161]"
Karim Adeyemi,Borussia Dortmund,1446,0.3410788381742738,0.2539419087136929,1.120331950207469,7.157676348547718,2.489626556016597,78.42,1.6804979253112031,37.5,2.987551867219917,1.6804979253112031,18/01/2002 00:00,Germany,Attack,left,180.0,https://img.a.transfermarkt.technology/portrait/header/496094-1712859708.jpg?lm=1,60000000,"[0.35883601811662114, 0.4921901891507267, 0.4158454356846474, 0.2176821756875706, 0.3963237290107418, 0.6477511559478772, 0.2414937759336099, 0.4166666666666667, 0.30876329301359584, 0.3375933609958505]"
Eric Dier,FC Bayern München,1468,0.066825613079019,0.0705040871934604,0.3678474114441417,10.177111716621257,0.1226158038147139,94.01,2.391008174386921,55.21,4.904632152588556,0.9809264305177112,15/01/1994 00:00,England,Defender,right,191.0,https://img.a.transfermarkt.technology/portrait/header/175722-1665608595.jpg?lm=1,7000000,"[0.07030467511216545, 0.13430213268179136, 0.13653780653950956, 0.3169713544684306, 0.01951921362907128, 0.9754098360655739, 0.34359673024523163, 0.6134444444444445, 0.5782676470222985, 0.19705722070844686]"
Léo Scienza,1. FC Heidenheim,1153,0.1615784908933217,0.32081526452732,1.1708586296617518,8.508239375542063,2.8881179531656547,74.14,1.7172593235039029,18.75,4.137033824804857,1.248915871639202,13/09/1998 00:00,Brazil,Midfield,both,175.0,https://img.a.transfermarkt.technology/portrait/header/804219-1721852378.jpg?lm=1,9000000,"[0.1699905587687835, 0.6226604222975746, 0.4345999566348656, 0.26209322526986956, 0.4597595869369625, 0.5577973938629677, 0.24677652500722752, 0.20833333333333334, 0.4703581906232272, 0.2508933217692974]"
Eric Smith,FC St. Pauli,2829,0.045493107104984,0.0906680805938494,0.2863202545068929,8.112407211028632,0.0954400848356309,84.27,2.64050901378579,47.14,4.422057264050902,0.8589607635206786,08/01/1997 00:00,Sweden,Defender,right,192.0,https://img.a.transfermarkt.technology/portrait/header/292534-1755032356.jpg?lm=1,5000000,"[0.04786156037321907, 0.17364217907414187, 0.1062765111346766, 0.2490769338913049, 0.015193110078195451, 0.7707019756200084, 0.37945092494403204, 0.5237777777777778, 0.5104269652372091, 0.17255567338282077]"
Josip Stanisic,FC Bayern München,885,0.0264406779661016,0.1383050847457627,0.0,16.47457627118644,0.5084745762711864,92.32,1.9322033898305084,64.71,6.508474576271186,0.2033898305084745,02/04/2000 00:00,Croatia,Defender,both,187.0,https://img.a.transfermarkt.technology/portrait/header/483046-1716966862.jpg?lm=1,32000000,"[0.027817227384866264, 0.2665821992435945, 0.0, 0.5240531455329921, 0.08094408363693965, 0.9398907103825136, 0.2776647834274953, 0.719, 0.8037368251392818, 0.040858757062146873]"
Deniz Undav,VfB Stuttgart,1734,0.6051903114186852,0.1967128027681661,1.6089965397923875,8.92733564013841,0.5190311418685122,74.78,0.726643598615917,41.07,2.491349480968858,1.2975778546712804,19/07/1996 00:00,Germany,Attack,both,179.0,https://img.a.transfermarkt.technology/portrait/header/339314-1691999036.jpg?lm=1,25000000,"[0.6366976113636202, 0.38053593306242967, 0.5972282295271051, 0.2758745184155633, 0.0826245836432429, 0.5712484237074402, 0.10442137639369473, 0.45633333333333337, 0.23900684901654468, 0.2606689734717416]"
Kevin Stöger,Borussia M'gladbach,1553,0.1344494526722472,0.2405022537025112,0.695428203477141,16.57437218287186,0.9851899549259496,81.74,3.0714745653573727,25.0,4.346426271732131,1.2749517063747584,27/08/1993 00:00,Austria,Midfield,left,175.0,https://img.a.transfermarkt.technology/portrait/header/106872-1722945684.jpg?lm=1,3000000,"[0.14144913385162117, 0.4659693587259918, 0.25812942691564716, 0.5273347703763992, 0.1568324196159378, 0.717528373266078, 0.44138227087357795, 0.2777777777777778, 0.4997947127001235, 0.2561236316806181]"
Jamie Gittens,Borussia Dortmund,1798,0.1802002224694104,0.207230255839822,1.2013348164627364,9.160177975528365,3.85428253615128,82.47,2.052280311457175,41.67,3.153503893214683,1.2513904338153503,08/08/2004 00:00,England,Attack,right,178.0,https://img.a.transfermarkt.technology/portrait/header/670882-1736780080.jpg?lm=1,40000000,"[0.1895817713018401, 0.4010555336967132, 0.44591212458286994, 0.28353115664360284, 0.6135633570010294, 0.7328709541824296, 0.29492028179458657, 0.463, 0.33209293335443035, 0.25139043381535037]"
Philipp Hofmann,VfL Bochum 1848,2284,0.2186952714535902,0.1036339754816112,0.7486865148861647,5.122591943957969,0.394045534150613,64.69,0.8274956217162872,56.71,2.049036777583188,1.418563922942207,30/03/1993 00:00,Germany,Attack,left,195.0,https://img.a.transfermarkt.technology/portrait/header/119037-1753297934.jpg?lm=1,750000,"[0.23008094201740767, 0.19893870125972488, 0.2778978765323994, 0.15076176354098725, 0.0627281208569979, 0.35918453131567873, 0.11891418563922941, 0.6301111111111112, 0.1768262505796484, 0.2849737302977233]"
Alassane Pléa,Borussia M'gladbach,1913,0.309566126502875,0.1547830632514375,0.6586513329848406,10.961840041819132,0.7997909043387349,75.62,0.4234187140616832,31.91,3.105070569785677,0.7997909043387349,10/03/1993 00:00,France,Attack,right,181.0,https://img.a.transfermarkt.technology/portrait/header/167329-1627997314.jpg?lm=1,3000000,"[0.32568269779704107, 0.29873081316115785, 0.24447856769472037, 0.34277585811796163, 0.1273187389772877, 0.5889029003783104, 0.06084683742812336, 0.35455555555555557, 0.325284146240583, 0.16066910611604807]"
Shuto Machino,Holstein Kiel,1962,0.2233944954128439,0.1188073394495412,1.055045871559633,5.73394495412844,0.4587155963302752,71.99,0.6880733944954128,39.13,2.293577981651376,0.8715596330275229,30/09/1999 00:00,Japan,Attack,right,185.0,https://img.a.transfermarkt.technology/portrait/header/550580-1760967093.jpg?lm=1,7000000,"[0.23502481605779957, 0.22854200605027641, 0.3916125127420999, 0.170865104373138, 0.073022950070022, 0.5126103404791928, 0.09887869520897043, 0.4347777777777778, 0.2112040070741994, 0.1750866462793068]"
Mitchell Weiser,SV Werder Bremen,2870,0.1696515679442508,0.1699651567944251,0.470383275261324,9.062717770034842,1.0975609756097562,74.59,2.602787456445993,40.0,4.766550522648084,0.940766550522648,21/04/1994 00:00,Germany,Defender,right,177.0,https://img.a.transfermarkt.technology/portrait/header/119211-1756027949.jpg?lm=1,3500000,"[0.17848393478240734, 0.3283511493938911, 0.1745971254355401, 0.28032633766665627, 0.17472076589924782, 0.5672551492223623, 0.37403019744483157, 0.4444444444444445, 0.5588560445132154, 0.1889895470383275]"
Felix Nmecha,Borussia Dortmund,1511,0.0780277961614824,0.0679020516214427,0.357379219060225,11.853077432164133,1.012574454003971,88.72,3.395102581072138,52.27,5.062872270019855,1.3103904698874915,10/10/2000 00:00,Germany,Midfield,right,190.0,https://img.a.transfermarkt.technology/portrait/header/406640-1709560961.jpg?lm=1,45000000,"[0.08209006406517536, 0.1292255489870284, 0.13265221707478494, 0.37208273764975, 0.16119175887726767, 0.864228667507356, 0.4878888153540702, 0.5807777777777778, 0.6005131423998605, 0.26324288550628716]"
Bernardo,VfL Bochum 1848,1691,0.0351271437019515,0.0878178592548787,0.0532229450029568,7.185097575399173,0.1596688350088705,74.62,3.778829095209935,67.42,4.36428149024246,1.277350680070964,14/05/1995 00:00,Brazil,Defender,left,186.0,https://img.a.transfermarkt.technology/portrait/header/364258-1691250245.jpg?lm=1,5000000,"[0.03695592620547796, 0.16808138377545806, 0.019755322294500288, 0.21858387774883434, 0.025417686819169106, 0.5678856662463221, 0.5430317366449833, 0.7491111111111112, 0.5023048105645878, 0.2566055588409225]"
Serge Gnabry,FC Bayern München,1249,0.487830264211369,0.3076861489191352,1.2970376301040831,14.483586869495596,1.2970376301040831,85.89,1.873498799039232,28.57,3.386709367493995,1.3690952762209767,14/07/1995 00:00,Germany,Attack,right,176.0,https://img.a.transfermarkt.technology/portrait/header/159471-1759909173.jpg?lm=1,20000000,"[0.5132275882707937, 0.5970454557152824, 0.48143514811849486, 0.4585827252201353, 0.2064754607424257, 0.8047498949138294, 0.2692287163063785, 0.3174444444444445, 0.364877105815342, 0.2750360288230584]"
Loïs Openda,RB Leipzig,2463,0.3018270401948842,0.0840438489646772,1.2058465286236295,6.029232643118148,0.8038976857490865,66.67,0.5115712545676004,39.62,1.9732034104750305,1.0596833130328869,16/02/2000 00:00,Belgium,Attack,right,177.0,https://img.a.transfermarkt.technology/portrait/header/368887-1713944805.jpg?lm=1,60000000,"[0.31754070068726625, 0.16071827186832607, 0.44758678440925703, 0.18057515561447066, 0.1279724976379387, 0.4007986548970157, 0.07351468398971443, 0.44022222222222224, 0.16616554806720313, 0.21287860332927325]"
Stefan Bell,1. FSV Mainz 05,1438,0.0481919332406119,0.0413073713490959,0.2503477051460361,3.066759388038943,0.125173852573018,79.1,3.129346314325452,67.2,4.068150208623088,1.502086230876217,24/08/1991 00:00,Germany,Defender,right,192.0,https://img.a.transfermarkt.technology/portrait/header/82350-1657706740.jpg?lm=1,600000,"[0.05070089226868824, 0.0773392021246223, 0.09292420027816412, 0.08315908247469554, 0.019926429490595702, 0.662042875157629, 0.44969865554010197, 0.7466666666666667, 0.4606744884733815, 0.30175243393602225]"
Marco Friedl,SV Werder Bremen,2164,0.0191312384473197,0.0187153419593345,0.1247689463955637,3.4935304990757854,0.2495378927911275,90.4,3.992606284658041,52.75,5.864140480591497,1.0813308687615526,16/03/1998 00:00,Austria,Defender,left,187.0,https://img.a.transfermarkt.technology/portrait/header/156990-1756027279.jpg?lm=1,12000000,"[0.020127245251633463, 0.03326204604534021, 0.046311806839186676, 0.09719275035521674, 0.03972394492718572, 0.8995376208490964, 0.5737523105360444, 0.5861111111111111, 0.7131559321285624, 0.21722735674676522]"
Ramy Bensebaini,Borussia Dortmund,2035,0.0561670761670761,0.1021621621621621,0.0884520884520884,11.233415233415233,0.2211302211302211,87.31,3.714987714987715,60.29,4.422604422604422,1.2383292383292384,16/04/1995 00:00,Algeria,Defender,left,187.0,https://img.a.transfermarkt.technology/portrait/header/284732-1730103772.jpg?lm=1,7000000,"[0.0590912355305623, 0.19606718651964913, 0.03283169533169532, 0.35170616278218614, 0.03520172679051183, 0.8345943673812526, 0.5338574938574938, 0.6698888888888889, 0.5105038851312961, 0.24876658476658475]"
Marius Bülter,TSG Hoffenheim,1739,0.1899367452558941,0.1749281196089706,0.7763082231167338,6.365727429557216,1.242093156986774,73.41,0.8798159861989648,39.13,3.2604945370902816,0.5692926969522714,29/03/1993 00:00,Germany,Attack,right,188.0,https://img.a.transfermarkt.technology/portrait/header/116088-1691269482.jpg?lm=1,2000000,"[0.19982519503843205, 0.3380339132934252, 0.2881505175388155, 0.19164023465634872, 0.19772884835521543, 0.5424548129466162, 0.1264328157945179, 0.4347777777777778, 0.347133745459555, 0.11436457734330072]"
Rocco Reitz,Borussia M'gladbach,1840,0.0841304347826087,0.1076086956521739,0.3423913043478261,6.407608695652175,0.8315217391304348,79.6,5.135869565217392,51.43,4.597826086956522,0.9782608695652176,29/05/2002 00:00,Germany,Midfield,right,176.0,https://img.a.transfermarkt.technology/portrait/header/467434-1760966939.jpg?lm=1,17000000,"[0.08851041706781686, 0.2066933990917293, 0.1270889945652174, 0.1930174313868501, 0.13236997155627794, 0.6725514922236233, 0.7380434782608696, 0.5714444444444444, 0.5351366570709761, 0.1965217391304348]"
Alexander Bernhardsson,Holstein Kiel,1271,0.2938630999213218,0.0863886703383162,0.991345397324941,4.744295830055075,1.5578284815106216,63.64,2.4075531077891426,35.85,3.186467348544453,1.4870180959874115,08/09/1998 00:00,Sweden,Attack,left,185.0,https://img.a.transfermarkt.technology/portrait/header/633454-1756808339.jpg?lm=1,3000000,"[0.3091621433086242, 0.16529302944680024, 0.3679681353265146, 0.13832211641935552, 0.24799076450215815, 0.33711643547709125, 0.3459742984526619, 0.3983333333333334, 0.33672695666704094, 0.2987254130605822]"
Marvin Pieringer,1. FC Heidenheim,2223,0.2663967611336033,0.0927125506072874,0.8097165991902834,5.506072874493928,0.6477732793522267,66.92,1.2550607287449391,37.13,2.5506072874493926,2.0242914979757085,04/10/1999 00:00,Germany,Attack,right,191.0,https://img.a.transfermarkt.technology/portrait/header/471055-1755088557.jpg?lm=1,4500000,"[0.2802658573485109, 0.17763094972980323, 0.3005510571300046, 0.16337190485205244, 0.10311904851993392, 0.40605296343001274, 0.18035687509371717, 0.4125555555555556, 0.24733734877568136, 0.4066576698155645]"
Julian Weigl,Borussia M'gladbach,2888,0.0233725761772853,0.0576523545706371,0.1869806094182825,6.980609418282548,0.2181440443213296,89.05,3.147506925207756,67.24,4.144736842105263,0.7167590027700831,08/09/1995 00:00,Germany,Midfield,right,186.0,https://img.a.transfermarkt.technology/portrait/header/196792-1662965628.jpg?lm=1,5000000,"[0.024589394679183137, 0.1092283416144823, 0.06940356648199446, 0.21185962015908666, 0.034726357211277085, 0.871164354770912, 0.45230840258541083, 0.7471111111111111, 0.4714410856471382, 0.14398891966759]"
Castello Lukeba,RB Leipzig,1577,0.0228281547241597,0.0313887127457197,0.0570703868103994,7.704502219403931,1.14140773620799,86.51,2.7393785668991755,65.0,4.223208623969563,0.6848446417247939,17/12/2002 00:00,France,Defender,left,184.0,https://img.a.transfermarkt.technology/portrait/header/618472-1713897532.jpg?lm=1,45000000,"[0.024016629662559512, 0.05798785232705796, 0.021183417882054505, 0.23566364739831716, 0.18170073308482335, 0.8177805800756621, 0.39365884590995553, 0.7222222222222222, 0.48247269816783317, 0.13757767913760302]"
Ridle Baku,RB Leipzig,2452,0.1049755301794453,0.122226753670473,0.4037520391517129,8.515497553017944,0.9176182707993475,78.09,2.6060358890701467,32.65,4.14763458401305,0.9543230016313214,08/04/1998 00:00,Germany,Defender,right,176.0,https://img.a.transfermarkt.technology/portrait/header/327251-1764846399.jpg?lm=1,7000000,"[0.11044074575516881, 0.23521329935091426, 0.14986490619902124, 0.26233189852932925, 0.1460756811147871, 0.6408154686843213, 0.3744970092441544, 0.36277777777777775, 0.4718484520297059, 0.19171288743882545]"
Anthony Caci,1. FSV Mainz 05,2703,0.1035516093229744,0.2623751387347391,0.3995560488346281,10.455049944506104,0.9655937846836848,75.12,2.896781354051054,50.72,4.361820199778024,1.2319644839067705,01/07/1997 00:00,France,Defender,both,184.0,https://img.a.transfermarkt.technology/portrait/header/453016-1657706767.jpg?lm=1,10000000,"[0.10894269300881768, 0.5086434607660071, 0.14830743618201997, 0.32611089714262964, 0.15371290466459905, 0.5783942833123161, 0.41627820939696625, 0.5635555555555556, 0.5019588008008298, 0.24748797632260452]"
Jackson Irvine,FC St. Pauli,2610,0.1113793103448275,0.0851724137931034,0.4482758620689655,7.0344827586206895,0.3103448275862069,71.82,3.1724137931034484,56.86,4.310344827586207,1.3103448275862069,07/03/1993 00:00,Australia,Midfield,right,189.0,https://img.a.transfermarkt.technology/portrait/header/192557-1755032060.jpg?lm=1,1500000,"[0.11717791827440271, 0.16292010718068067, 0.16639128352490426, 0.2136311565784168, 0.04940380277151145, 0.5090374106767548, 0.4558876117496807, 0.6317777777777778, 0.49472236055584257, 0.26323371647509575]"
Morgan Guilavogui,FC St. Pauli,1813,0.3554329840044125,0.1211252068394925,0.7446221731936017,7.892995035852178,1.0424710424710424,67.42,2.233866519580805,46.21,3.524544953116381,2.3827909542195256,10/03/1998 00:00,Guinea,Attack,right,189.0,https://img.a.transfermarkt.technology/portrait/header/691786-1771718061.jpg?lm=1,4000000,"[0.37393746668705535, 0.2330641762792273, 0.27638927192498625, 0.24186192445008878, 0.16595099772669866, 0.4165615804960068, 0.3210148924434638, 0.5134444444444445, 0.38425411925921515, 0.47867622724765574]"
Keven Schlotterbeck,FC Augsburg,1298,0.0533898305084745,0.034668721109399,0.3466872110939907,5.130970724191063,0.2080123266563944,85.01,2.357473035439137,68.97,3.8135593220338975,0.6933744221879815,28/04/1997 00:00,Germany,Defender,left,188.0,https://img.a.transfermarkt.technology/portrait/header/413843-1755201026.jpg?lm=1,6000000,"[0.05616940145021085, 0.06438716414154963, 0.12868355161787365, 0.1510372859838008, 0.03311348876056622, 0.7862547288776798, 0.33877760657421674, 0.7663333333333333, 0.4248839412801381, 0.13929121725731894]"
Jeff Chabot,VfB Stuttgart,2280,0.0789473684210526,0.031578947368421,0.1578947368421052,6.592105263157895,0.1184210526315789,90.05,2.960526315789474,63.78,3.868421052631579,1.381578947368421,12/02/1998 00:00,Germany,Defender,left,195.0,https://img.a.transfermarkt.technology/portrait/header/303219-1723707145.jpg?lm=1,15000000,"[0.08305751091635197, 0.05835900097474378, 0.058607456140350865, 0.19908429834787997, 0.01885145105755041, 0.8921815889029003, 0.42543859649122806, 0.7086666666666667, 0.43259643792275243, 0.27754385964912276]"
Steven Skrzybski,Holstein Kiel,1332,0.1844594594594594,0.2236486486486486,0.8783783783783783,7.297297297297297,0.8783783783783783,73.11,2.0270270270270268,23.08,3.918918918918919,1.081081081081081,18/11/1992 00:00,Germany,Attack,right,174.0,https://img.a.transfermarkt.technology/portrait/header/93827-1756808950.jpg?lm=1,1300000,"[0.1940627518572602, 0.43308789563820305, 0.3260369744744745, 0.22227338154298687, 0.13982908141786646, 0.5361496427070198, 0.2912912912912912, 0.2564444444444444, 0.4396954597719967, 0.21717717717717713]"
Tom Krauß,VfL Bochum 1848,1080,0.0316666666666666,0.0825,0.1666666666666666,14.0,1.0,82.12,3.8333333333333335,52.94,6.5,1.1666666666666667,22/06/2001 00:00,Germany,Midfield,right,182.0,https://img.a.transfermarkt.technology/portrait/header/405687-1752739063.jpg?lm=1,3500000,"[0.03331529048978112, 0.15770621524406572, 0.06186342592592591, 0.44268076432734127, 0.159190031152648, 0.7255149222362338, 0.5508641975308641, 0.5882222222222222, 0.8025454638692845, 0.23437037037037037]"
Matthias Ginter,SC Freiburg,2565,0.0985964912280701,0.0529824561403508,0.1403508771929824,4.912280701754386,0.1403508771929824,83.48,1.719298245614035,61.64,3.263157894736842,0.4561403508771929,19/01/1994 00:00,Germany,Defender,right,189.0,https://img.a.transfermarkt.technology/portrait/header/124502-1753984264.jpg?lm=1,6000000,"[0.10372960252219952, 0.10011734771327006, 0.052095516569200764, 0.1438460233507612, 0.02234246051265234, 0.7540983606557379, 0.2470695256660169, 0.6848888888888889, 0.3475081619550501, 0.09163352826510719]"
Ansgar Knauff,Eintracht Frankfurt,1608,0.2731343283582089,0.253544776119403,0.6716417910447761,7.5,1.4552238805970148,68.52,2.966417910447761,39.58,4.253731343283582,1.5111940298507462,10/01/2002 00:00,Germany,Attack,right,180.0,https://img.a.transfermarkt.technology/portrait/header/429874-1663065826.jpg?lm=1,15000000,"[0.28735419448373717, 0.4914153815829472, 0.24930037313432837, 0.22893892739332017, 0.2316571348863161, 0.43968053804119367, 0.4262852404643449, 0.43977777777777777, 0.48676360127402823, 0.30358208955223875]"
Kaishu Sano,1. FSV Mainz 05,3045,0.0263054187192118,0.0585221674876847,0.0591133004926108,8.778325123152708,0.9458128078817734,80.9,3.724137931034482,52.47,5.615763546798029,0.4729064039408867,30/12/2000 00:00,Japan,Midfield,right,176.0,https://img.a.transfermarkt.technology/portrait/header/643574-1752587688.jpg?lm=1,25000000,"[0.027674926297448492, 0.11092535072522015, 0.021941707717569776, 0.27097455201202303, 0.15056397035127297, 0.6998738965952083, 0.5351724137931033, 0.583, 0.6782389463332601, 0.09500164203612478]"
Dimitrios Giannoulis,FC Augsburg,2655,0.0379661016949152,0.183728813559322,0.135593220338983,9.898305084745765,0.9830508474576272,77.63,3.1864406779661016,30.3,4.610169491525424,0.576271186440678,17/10/1995 00:00,Greece,Defender,left,178.0,https://img.a.transfermarkt.technology/portrait/header/295630-1755201178.jpg?lm=1,3000000,"[0.03994268547570549, 0.3552041087709254, 0.05032956685499057, 0.30780325575359135, 0.15649189503141667, 0.6311475409836065, 0.4579033270558694, 0.33666666666666667, 0.5368719006598852, 0.11576647834274952]"
Ivan Ordets,VfL Bochum 1848,1774,0.0350056369785794,0.0903043968432919,0.0,2.4859075535512964,0.0507328072153325,80.3,2.6888387824126267,67.14,3.804960541149944,1.116121758737317,08/07/1992 00:00,Ukraine,Defender,right,195.0,https://img.a.transfermarkt.technology/portrait/header/118850-1721851592.jpg?lm=1,750000,"[0.036828093622774706, 0.1729326303585189, 0.0, 0.0640587227685593, 0.008076157161070066, 0.687263556116015, 0.3863960916948515, 0.746, 0.42367511924744655, 0.22421645997745207]"
Robin Hack,Borussia M'gladbach,2188,0.2225319926873857,0.1571297989031078,0.9872029250457038,7.897623400365631,1.0283363802559415,79.53,1.2751371115173675,41.3,5.059414990859232,0.7815356489945156,27/08/1998 00:00,Germany,Attack,right,178.0,https://img.a.transfermarkt.technology/portrait/header/284010-1722945425.jpg?lm=1,12000000,"[0.23411740988368793, 0.3033093055051154, 0.36643053016453386, 0.24201412062441272, 0.1637009004083446, 0.6710802858343843, 0.18324192565508837, 0.4588888888888889, 0.6000271159178594, 0.1570018281535649]"
Niklas Stark,SV Werder Bremen,2110,0.0460663507109004,0.0115165876777251,0.1279620853080569,3.327014218009479,0.0426540284360189,85.76,2.9431279620853084,60.76,3.113744075829384,1.2796208530805688,14/04/1995 00:00,Germany,Defender,right,190.0,https://img.a.transfermarkt.technology/portrait/header/162434-1756028002.jpg?lm=1,3500000,"[0.04846464807593005, 0.01921724243019014, 0.04749703791469196, 0.0917171356175961, 0.006790096115515782, 0.8020176544766711, 0.4229383886255924, 0.6751111111111111, 0.32650347318329914, 0.2570616113744076]"
Tuta,Eintracht Frankfurt,2282,0.042988606485539,0.028396143733567,0.1971954425942156,5.0087642418930765,0.5127081507449606,88.21,3.312883435582822,50.56,4.732690622261175,1.1831726555652935,04/07/1999 00:00,Brazil,Defender,right,185.0,https://img.a.transfermarkt.technology/portrait/header/546213-1762259656.png?lm=1,12000000,"[0.04522667093105126, 0.05214933604545044, 0.07319511393514462, 0.14701872628970594, 0.08161802648930681, 0.8535098781000419, 0.4760736196319018, 0.5617777777777778, 0.5540959983898375, 0.23768624014022782]"
Chris Führich,VfB Stuttgart,1990,0.1334170854271356,0.2731658291457286,0.542713567839196,16.190954773869347,1.809045226130653,85.23,0.949748743718593,38.46,2.8944723618090453,0.4070351758793969,09/01/1998 00:00,Germany,Attack,right,181.0,https://img.a.transfermarkt.technology/portrait/header/272278-1691999004.jpg?lm=1,10000000,"[0.14036301970436763, 0.5296961487402866, 0.2014447236180905, 0.5147267178667562, 0.2879819659042878, 0.7908785203867172, 0.1364824120603015, 0.42733333333333334, 0.2956781175159078, 0.0817688442211055]"
Mario Götze,Eintracht Frankfurt,1546,0.1717335058214747,0.1082794307891332,0.2910737386804657,13.214747736093145,0.5239327296248383,81.08,2.794307891332471,23.08,6.054333764553687,0.8732212160413972,03/06/1992 00:00,Germany,Midfield,right,176.0,https://img.a.transfermarkt.technology/portrait/header/74842-1663065102.jpg?lm=1,3500000,"[0.18067426210329343, 0.2080020065129383, 0.10804091203104789, 0.4168590318128721, 0.0834048675508699, 0.7036569987389658, 0.40155239327296244, 0.2564444444444444, 0.7398934237830483, 0.17542043984476066]"
Danel Sinani,FC St. Pauli,1275,0.1129411764705882,0.1778823529411765,0.8470588235294118,10.305882352941175,0.7058823529411765,77.28,1.0588235294117647,23.81,3.670588235294118,1.7647058823529411,05/04/1997 00:00,Luxembourg,Midfield,left,185.0,https://img.a.transfermarkt.technology/portrait/header/346499-1755033100.jpg?lm=1,1000000,"[0.11882109796974588, 0.34379763648233314, 0.3144117647058824, 0.32120576559922787, 0.11236943375481036, 0.6237915090374107, 0.15215686274509804, 0.26455555555555554, 0.4047849758545367, 0.35450980392156856]"
Nick Woltemade,VfB Stuttgart,1636,0.4411980440097799,0.189242053789731,1.430317848410758,8.416870415647923,1.7053789731051343,71.61,0.6051344743276283,44.74,2.9156479217603914,1.3202933985330074,14/02/2002 00:00,Germany,Attack,right,198.0,https://img.a.transfermarkt.technology/portrait/header/455661-1779983237.jpg?lm=1,70000000,"[0.46416761051712896, 0.36596046650868774, 0.5309061735941322, 0.25908870691194275, 0.2714793318556772, 0.5046237915090375, 0.08696006519967399, 0.49711111111111117, 0.2986549910714995, 0.2652322738386308]"
Lukas Kübler,SC Freiburg,1849,0.1328826392644672,0.0511087074094104,0.5354245538128718,7.836668469442942,0.0,79.24,4.526771227690643,63.77,3.5532720389399675,1.216873985938345,30/08/1992 00:00,Germany,Defender,right,182.0,https://img.a.transfermarkt.technology/portrait/header/93604-1658412582.jpg?lm=1,1500000,"[0.13980074930982722, 0.09646165508636308, 0.19873918334234725, 0.24000971771585858, 0.0, 0.6649852879361076, 0.6505137912385073, 0.7085555555555556, 0.3882925910783281, 0.2444564629529475]"
Andreas Skov Olsen,VfL Wolfsburg,532,0.1421052631578947,0.2182330827067669,0.169172932330827,12.687969924812029,0.6766917293233082,87.55,1.6917293233082706,50.0,3.045112781954887,0.3383458646616541,29/12/1999 00:00,Denmark,Attack,left,187.0,https://img.a.transfermarkt.technology/portrait/header/432982-1752736201.jpg?lm=1,10000000,"[0.14950351964943356, 0.42252210089883613, 0.06279370300751878, 0.3995368076529784, 0.10772257747171668, 0.8396385035729297, 0.24310776942355888, 0.5555555555555556, 0.3168552426623374, 0.06796992481203007]"
Maximilian Wittek,VfL Bochum 1848,2641,0.04600530102234,0.2082165846270352,0.2385460053010223,8.212798182506626,0.4089360090874668,74.19,2.998864066641424,48.98,3.74858008330178,1.1245740249905338,21/08/1995 00:00,Germany,Defender,left,173.0,https://img.a.transfermarkt.technology/portrait/header/196793-1721851854.jpg?lm=1,1000000,"[0.048400420030392154, 0.4029798658206431, 0.08854363877319198, 0.25237812629981216, 0.06509853602607338, 0.5588482555695671, 0.43094787328032313, 0.5442222222222222, 0.4157491189713745, 0.22591442635365389]"
El Chadaille Bitshiabu,RB Leipzig,1130,0.0223008849557522,0.047787610619469,0.2389380530973451,6.769911504424779,0.1592920353982301,85.35,3.185840707964602,53.66,4.380530973451328,0.6371681415929203,16/05/2005 00:00,France,Defender,left,196.0,https://img.a.transfermarkt.technology/portrait/header/787912-1672304780.jpg?lm=1,15000000,"[0.02346190927831818, 0.08998217955810484, 0.0886891592920354, 0.20493116490583652, 0.025357704077412953, 0.7934005884825555, 0.45781710914454277, 0.5962222222222222, 0.5045891731489848, 0.12799999999999997]"
Frans Krätzig,1. FC Heidenheim,1281,0.0442622950819672,0.1271662763466042,0.2107728337236534,8.079625292740047,0.6323185011709602,81.6,3.583138173302108,50.0,4.426229508196721,0.5620608899297425,14/01/2003 00:00,Germany,Defender,left,177.0,https://img.a.transfermarkt.technology/portrait/header/604320-1754993796.png?lm=1,2800000,"[0.0465666700547416, 0.24485033142965518, 0.07823477751756443, 0.24799895428619365, 0.10065880189980084, 0.7145859604875997, 0.5149102263856362, 0.5555555555555556, 0.5110135019471568, 0.11291178766588603]"
Robert Andrich,Bayer 04 Leverkusen,1611,0.0720670391061452,0.0536312849162011,0.2793296089385475,10.279329608938548,0.111731843575419,89.69,2.9608938547486034,61.76,4.078212290502794,1.6201117318435756,22/09/1994 00:00,Germany,Midfield,right,187.0,https://img.a.transfermarkt.technology/portrait/header/159088-1758703807.jpg?lm=1,7000000,"[0.07581897923872574, 0.10138321572045511, 0.10368171942892616, 0.3203326221717263, 0.01778659565951374, 0.8846153846153846, 0.4254914132009104, 0.6862222222222222, 0.46208902228173027, 0.3254624456859094]"
Andrej Ilic,1. FC Union Berlin,943,0.3922587486744432,0.0171792152704135,1.1452810180275717,4.103923647932131,0.0954400848356309,58.51,0.6680805938494168,48.62,1.5270413573700954,1.3361611876988335,03/04/2000 00:00,Serbia,Attack,right,189.0,https://img.a.transfermarkt.technology/portrait/header/583699-1726350811.jpg?lm=1,6000000,"[0.41268044713412044, 0.030265055617565418, 0.4251060445387064, 0.11726452772267776, 0.015193110078195451, 0.22929802437999158, 0.096005655708731, 0.5402222222222222, 0.1034438056222224, 0.26841993637327677]"
Christopher Trimmel,1. FC Union Berlin,1744,0.0118692660550458,0.1677178899082569,0.1548165137614679,5.470183486238533,0.1032110091743119,66.21,2.889908256880734,64.86,3.251146788990826,0.7224770642201835,24/02/1987 00:00,Austria,Defender,right,189.0,https://img.a.transfermarkt.technology/portrait/header/75921-1692707564.jpg?lm=1,600000,"[0.012487201469190001, 0.3239667210813851, 0.05746487958715598, 0.16219174119479915, 0.01643016376575495, 0.39113072719630093, 0.41529051987767585, 0.7206666666666667, 0.34581963314396386, 0.14513761467889907]"
Benjamin Sesko,RB Leipzig,2407,0.3114665558786871,0.0646863315330286,1.1591192355629414,4.786040714582468,1.4582467802243455,68.22,0.4486913169921063,57.38,2.3182384711258828,0.9721645201495638,31/05/2003 00:00,Slovenia,Attack,right,195.0,https://img.a.transfermarkt.technology/portrait/header/627442-1779803478.jpg?lm=1,50000000,"[0.3276820669563198, 0.12295166390131997, 0.4302425218113835, 0.1396948284657376, 0.23213835037216218, 0.43337536780159724, 0.06447860407145824, 0.6375555555555557, 0.21467079421717356, 0.19529705027004568]"
Victor Boniface,Bayer 04 Leverkusen,1014,0.6284023668639053,0.0931952662721893,1.5976331360946745,5.502958579881656,1.331360946745562,71.49,0.4437869822485207,58.18,2.485207100591716,1.242603550295858,23/12/2000 00:00,Nigeria,Attack,right,190.0,https://img.a.transfermarkt.technology/portrait/header/656681-1758702484.jpg?lm=1,12000000,"[0.6611181283116965, 0.1785727302726985, 0.5930103550295859, 0.16326949638264002, 0.21193939058784494, 0.5021017234131988, 0.06377383300460222, 0.6464444444444445, 0.23814334931428827, 0.24962524654832344]"
Hauke Wahl,FC St. Pauli,2970,0.0275757575757575,0.0484848484848484,0.1212121212121212,5.181818181818182,0.2424242424242424,87.11,2.0303030303030303,50.0,3.909090909090909,0.3939393939393939,15/04/1994 00:00,Germany,Defender,right,189.0,https://img.a.transfermarkt.technology/portrait/header/154147-1755032459.jpg?lm=1,1500000,"[0.02901140128775196, 0.09134249392767808, 0.0449915824915825, 0.1527093212140539, 0.038591522703672235, 0.830390920554855, 0.2917620650953984, 0.5555555555555556, 0.4383138319601079, 0.07913804713804713]"
Cédric Zesiger,FC Augsburg,1748,0.0648741418764302,0.0638443935926773,0.154462242562929,4.4279176201373005,0.205949656750572,79.9,2.574370709382152,50.0,3.7585812356979407,1.4931350114416475,24/06/1998 00:00,Switzerland,Defender,left,194.0,https://img.a.transfermarkt.technology/portrait/header/382478-1755200960.jpg?lm=1,5000000,"[0.06825160679648055, 0.12130903900181662, 0.05733338100686498, 0.12791853799570593, 0.03278513227400072, 0.67885666246322, 0.3699466056445463, 0.5555555555555556, 0.41715508727454936, 0.2999542334096109]"
Felix Agu,SV Werder Bremen,1762,0.0704880817253121,0.1287173666288308,0.2043132803632236,5.7207718501702605,0.4597048808172531,81.09,2.6049943246311007,41.18,3.422247446083995,0.5618615209988649,27/09/1999 00:00,Nigeria,Defender,right,180.0,https://img.a.transfermarkt.technology/portrait/header/393512-1722887707.jpg?lm=1,8000000,"[0.0741578184867224, 0.24787651589866716, 0.07583711691259933, 0.17043192845957736, 0.07318043429832284, 0.703867171080286, 0.3743473325766174, 0.45755555555555555, 0.3698730712875271, 0.11287173666288307]"
Leonidas Stergiou,VfB Stuttgart,855,0.111578947368421,0.0726315789473684,0.1052631578947368,8.736842105263158,0.4210526315789473,83.3,4.0,42.86,3.684210526315789,0.631578947368421,03/03/2002 00:00,Switzerland,Defender,right,181.0,https://img.a.transfermarkt.technology/portrait/header/507345-1723707260.jpg?lm=1,3500000,"[0.11738794876177744, 0.1384528791453599, 0.03907163742690058, 0.26961045102044157, 0.06702738153795704, 0.7503152585119797, 0.5748148148148148, 0.4762222222222222, 0.4067000061064951, 0.12687719298245612]"
Konrad Laimer,FC Bayern München,1704,0.1114436619718309,0.1663732394366197,0.3169014084507042,19.59507042253521,0.897887323943662,88.81,3.01056338028169,53.57,4.278169014084507,1.8485915492957743,27/05/1997 00:00,Austria,Defender,right,180.0,https://img.a.transfermarkt.technology/portrait/header/223967-1700659266.jpg?lm=1,32000000,"[0.11724562016325878, 0.3213433016581927, 0.11762764084507044, 0.6266654766177852, 0.1429347110701593, 0.8661202185792349, 0.4326291079812206, 0.5952222222222222, 0.49019906442752587, 0.3713615023474177]"
Patrick Wimmer,VfL Wolfsburg,1789,0.1866405813303521,0.1705422023476802,0.5030743432084964,8.40134153158189,1.8613750698714369,67.8,3.9742873113471218,44.32,4.628283957518167,1.811067635550587,30/05/2001 00:00,Austria,Attack,right,182.0,https://img.a.transfermarkt.technology/portrait/header/533295-1752736631.jpg?lm=1,15000000,"[0.19635742686954671, 0.32947696799464093, 0.18673141419787595, 0.25857806503412584, 0.2963123553595964, 0.42454812946616216, 0.571119806223216, 0.49244444444444446, 0.5394184436987167, 0.3638233650083846]"
Maximilian Beier,Borussia Dortmund,1590,0.4364150943396226,0.1432075471698113,0.7358490566037735,7.018867924528301,1.2452830188679245,72.58,1.811320754716981,54.55,2.773584905660377,0.962264150943396,17/10/2002 00:00,Germany,Attack,right,185.0,https://img.a.transfermarkt.technology/portrait/header/578392-1733829348.jpg?lm=1,30000000,"[0.4591356518542039, 0.27614692659542484, 0.27313286163522016, 0.21311768837498188, 0.19823664256744844, 0.525010508617066, 0.26029350104821797, 0.6061111111111112, 0.2786836827883933, 0.19330817610062886]"
Karol Mets,FC St. Pauli,900,0.013,0.037,0.0,6.1,0.0,83.63,2.5,70.59,3.5,0.7,16/05/1993 00:00,Estonia,Defender,left,191.0,https://img.a.transfermarkt.technology/portrait/header/139304-1755032511.jpg?lm=1,1000000,"[0.013676803464225961, 0.06893550027163294, 0.0, 0.18290222405368486, 0.0, 0.7572509457755359, 0.3592592592592592, 0.7843333333333334, 0.380803574290238, 0.1406222222222222]"
Emre Can,Borussia Dortmund,2111,0.0179062055897678,0.0575556608242539,0.127901468498342,9.54997631454287,0.63950734249171,90.14,2.984367598294647,63.89,4.817621980104216,1.065845570819517,12/01/1994 00:00,Germany,Defender,right,186.0,https://img.a.transfermarkt.technology/portrait/header/119296-1709561046.jpg?lm=1,6000000,"[0.01883843497240604, 0.10903969165844275, 0.04747453813358598, 0.2963490355689552, 0.10180319377360245, 0.8940731399747792, 0.42886467708826775, 0.7098888888888889, 0.5660357021702503, 0.21411653244907627]"
Lukas Klostermann,RB Leipzig,1837,0.0166575939031028,0.0323353293413173,0.0979858464888405,6.565051714752314,0.195971692977681,89.58,2.498639085465433,41.18,3.6254763200870985,0.6369080021774632,03/06/1996 00:00,Germany,Defender,right,189.0,https://img.a.transfermarkt.technology/portrait/header/215599-1724337278.jpg?lm=1,3500000,"[0.01752481830766351, 0.059834705777518815, 0.03637044093630921, 0.1981946867891427, 0.031196739910154203, 0.8823034888608658, 0.3590636908002177, 0.45755555555555555, 0.3984431144005573, 0.1279477408818726]"
Julian Ryerson,Borussia Dortmund,2270,0.0293392070484581,0.1907048458149779,0.198237885462555,10.744493392070485,1.4273127753303965,89.48,2.696035242290749,32.35,4.757709251101322,1.2290748898678414,17/11/1997 00:00,Norway,Defender,right,183.0,https://img.a.transfermarkt.technology/portrait/header/370789-1709561216.jpg?lm=1,20000000,"[0.030866659122922656, 0.36881438066115235, 0.07358204845814977, 0.335628770092003, 0.22721396516941827, 0.880201765447667, 0.3874302496328928, 0.35944444444444446, 0.557613132990411, 0.2469074889867841]"
Amos Pieper,SV Werder Bremen,1517,0.0255108767303889,0.0344100197758734,0.05932762030323,3.5003295978905737,0.1186552406064601,85.14,3.3223467369808835,50.0,3.3223467369808835,0.6526038233355307,17/01/1998 00:00,Germany,Defender,right,192.0,https://img.a.transfermarkt.technology/portrait/header/334221-1756028162.jpg?lm=1,4000000,"[0.026839019018586492, 0.06388243661756304, 0.022021259063941975, 0.09741632756601193, 0.018888731448567325, 0.7889869693148381, 0.47743353109206765, 0.5555555555555556, 0.35582896667838276, 0.13110085695451548]"
Nordi Mukiele,Bayer 04 Leverkusen,904,0.1413716814159292,0.0935840707964601,0.2986725663716814,9.856194690265486,0.8960176991150443,81.37,3.584070796460177,50.0,4.579646017699115,0.5973451327433629,01/11/1997 00:00,France,Defender,right,187.0,https://img.a.transfermarkt.technology/portrait/header/348026-1727378130.jpg?lm=1,15000000,"[0.14873174631790997, 0.17933128973652343, 0.11086144911504425, 0.30641852451201734, 0.14263708543544787, 0.7097519966372425, 0.5150442477876106, 0.5555555555555556, 0.5325808914838772, 0.12]"
Kiliann Sildillia,SC Freiburg,815,0.0519018404907975,0.0817177914110429,0.2208588957055214,5.300613496932516,0.6625766871165645,77.78,3.0920245398773005,50.0,3.644171779141105,1.1042944785276074,16/05/2002 00:00,France,Defender,right,186.0,https://img.a.transfermarkt.technology/portrait/header/548348-1691998588.jpg?lm=1,15000000,"[0.0546039439864802, 0.15618012259133388, 0.08197852760736195, 0.15661571027123755, 0.1054756034631042, 0.6343001261034049, 0.4443353783231083, 0.5555555555555556, 0.4010713338098855, 0.221840490797546]"
Florian Grillitsch,TSG Hoffenheim,604,0.023841059602649,0.1117549668874172,0.1490066225165562,13.708609271523178,0.7450331125827815,86.86,3.4271523178807946,34.78,4.619205298013245,0.5960264900662251,07/08/1995 00:00,Austria,Midfield,right,187.0,https://img.a.transfermarkt.technology/portrait/header/195736-1691269821.jpg?lm=1,2000000,"[0.025082268197255963, 0.21478279386144755, 0.05530836092715229, 0.43309885823962146, 0.11860184440180728, 0.825136612021858, 0.49249448123620304, 0.3864444444444445, 0.5381421600272333, 0.11973509933774831]"
Patrick Erras,Holstein Kiel,833,0.0983193277310924,0.0183673469387755,0.1080432172869147,1.9447779111644656,0.0,91.96,1.8367346938775508,60.0,2.593037214885954,1.1884753901560623,21/01/1995 00:00,Germany,Defender,right,196.0,https://img.a.transfermarkt.technology/portrait/header/193859-1756808503.jpg?lm=1,300000,"[0.10343800939330557, 0.032583106116068364, 0.04010354141656661, 0.04626456218652682, 0.0, 0.9323245060949978, 0.2639455782312925, 0.6666666666666667, 0.2533021746996138, 0.23875150060024006]"
Noah Weißhaupt,FC St. Pauli,1246,0.1502407704654895,0.1372391653290529,0.2889245585874799,8.089887640449438,1.0112359550561798,71.95,0.5778491171749599,44.12,3.9004815409309774,0.7945425361155698,20/09/2001 00:00,Germany,Attack,right,182.0,https://img.a.transfermarkt.technology/portrait/header/392163-1658413281.jpg?lm=1,5000000,"[0.15806257615156805, 0.2645025854254774, 0.10724317817014446, 0.24833641475552606, 0.16097868318807101, 0.5117696511139134, 0.0830390583199572, 0.4902222222222222, 0.43710352156149085, 0.15961476725521667]"
Martin Terrier,Bayer 04 Leverkusen,583,0.3782161234991424,0.2593481989708405,0.9262435677530017,10.65180102915952,0.3087478559176672,84.21,0.7718696397941681,45.83,1.234991423670669,0.3087478559176672,04/03/1997 00:00,France,Attack,right,184.0,https://img.a.transfermarkt.technology/portrait/header/442891-1727378397.jpg?lm=1,12000000,"[0.3979067375460912, 0.5027378869853529, 0.34380360205831906, 0.33258073379687314, 0.04914958080184671, 0.7694409415720889, 0.11092052601486563, 0.5092222222222222, 0.06238724199227859, 0.06202401372212691]"
Budu Zivzivadze,1. FC Heidenheim,967,0.1572905894519131,0.1312306101344364,0.9307135470527406,4.746639089968976,0.8376421923474665,69.5,1.861427094105481,26.74,3.0713547052740435,0.8376421923474665,10/03/1994 00:00,Georgia,Attack,both,189.0,https://img.a.transfermarkt.technology/portrait/header/187097-1755088727.jpg?lm=1,1200000,"[0.16547942143892835, 0.252779865852347, 0.345462771458118, 0.13839917067757265, 0.13334428669456555, 0.46027742749054235, 0.2674939675973802, 0.2971111111111111, 0.3205443487712739, 0.16827300930713548]"
Manolis Saliakas,FC St. Pauli,2328,0.0564432989690721,0.1140463917525773,0.2319587628865979,7.538659793814433,0.1159793814432989,75.6,2.551546391752577,56.0,3.247422680412371,0.6572164948453608,12/09/1996 00:00,Greece,Defender,right,177.0,https://img.a.transfermarkt.technology/portrait/header/242661-1755032759.jpg?lm=1,1500000,"[0.059381838990195925, 0.2192533745995986, 0.0860985824742268, 0.23021019129261056, 0.018462761345023598, 0.5884825556956703, 0.36666666666666664, 0.6222222222222222, 0.3452960956143388, 0.1320274914089347]"
Philipp Treu,FC St. Pauli,2885,0.0386828422876949,0.0870363951473136,0.1247833622183708,7.923743500866551,0.4055459272097053,82.99,2.495667244367417,36.84,4.5857885615251295,0.6239168110918544,03/12/2000 00:00,Germany,Defender,right,173.0,https://img.a.transfermarkt.technology/portrait/header/335993-1753984451.jpg?lm=1,8000000,"[0.040696740877419396, 0.1665567436094394, 0.046317157712305004, 0.2428730372801001, 0.0645588687863425, 0.7437999159310633, 0.358636626227614, 0.4093333333333334, 0.533444414163879, 0.1253379549393414]"
Konstantinos Koulierakis,VfL Wolfsburg,2476,0.0348949919224555,0.0290791599353796,0.1090468497576736,4.725363489499192,0.2544426494345719,83.77,2.6534733441033924,59.41,3.3804523424878834,0.8723747980613893,28/11/2003 00:00,Greece,Defender,left,188.0,https://img.a.transfermarkt.technology/portrait/header/669380-1752736071.jpg?lm=1,25000000,"[0.03671168818532126, 0.05348190388221219, 0.0404760702746365, 0.13769955745814402, 0.04050473329005179, 0.7601933585540142, 0.3813139472267097, 0.6601111111111111, 0.36399748929893505, 0.1752504038772213]"
Lucas Höler,SC Freiburg,1881,0.3339712918660287,0.0837320574162679,0.9090909090909092,7.942583732057416,0.861244019138756,67.01,2.105263157894737,56.55,3.253588516746412,1.4354066985645937,10/07/1994 00:00,Germany,Attack,right,184.0,https://img.a.transfermarkt.technology/portrait/header/248999-1753984328.jpg?lm=1,4000000,"[0.35135844011887085, 0.1601099650842677, 0.3374368686868688, 0.24349256737594585, 0.13710146223673034, 0.4079445145018916, 0.3025341130604289, 0.6283333333333333, 0.34616289276979, 0.2883572567783095]"
Ko Itakura,Borussia M'gladbach,2790,0.0519354838709677,0.0474193548387096,0.2258064516129032,2.4516129032258065,0.3870967741935484,89.45,2.193548387096774,64.36,3.064516129032258,0.9032258064516128,27/01/1997 00:00,Japan,Defender,right,188.0,https://img.a.transfermarkt.technology/portrait/header/355816-1662966245.jpg?lm=1,10000000,"[0.054639338901746354, 0.08926371078995664, 0.08381496415770609, 0.0629309994520085, 0.061621947542960506, 0.8795712484237075, 0.315221027479092, 0.7151111111111111, 0.3195829774158602, 0.18144802867383508]"
Ermedin Demirovic,VfB Stuttgart,1861,0.6112842557764643,0.0831810854379365,1.4508328855454058,4.981192907039226,0.2418054809242343,71.47,0.7254164427727029,41.46,1.5959161740999463,1.160666308436325,25/03/1998 00:00,Bosnia-Herzegovina,Attack,right,185.0,https://img.a.transfermarkt.technology/portrait/header/335457-1723707508.jpg?lm=1,22000000,"[0.6431088174638719, 0.159035016151383, 0.5385209564750135, 0.14611208817303134, 0.038493022041209884, 0.501681378730559, 0.10424502955400322, 0.46066666666666667, 0.11312627073957503, 0.2331649650725417]"
Elias Saad,FC St. Pauli,912,0.2773026315789474,0.106578947368421,0.7894736842105263,8.980263157894738,1.5789473684210529,79.91,2.269736842105264,25.81,4.243421052631579,1.6776315789473686,27/12/1999 00:00,Tunisia,Attack,right,185.0,https://img.a.transfermarkt.technology/portrait/header/526466-1755201952.jpg?lm=1,0,"[0.29173950709368646, 0.20468435532490772, 0.29303728070175444, 0.2776149530108858, 0.25135268076733897, 0.6790668348045397, 0.326169590643275, 0.2867777777777778, 0.48531417412013317, 0.3370175438596491]"
Jean-Mattéo Bahoya,Eintracht Frankfurt,927,0.1805825242718446,0.2223300970873786,0.2912621359223301,8.54368932038835,1.6504854368932038,78.27,3.203883495145631,66.67,4.951456310679611,0.8737864077669902,07/05/2005 00:00,France,Attack,right,180.0,https://img.a.transfermarkt.technology/portrait/header/939964-1724772389.jpg?lm=1,25000000,"[0.189983976426141, 0.4305153953124458, 0.10811084142394824, 0.2632589385515087, 0.26274082811602095, 0.644598570828079, 0.4604099244875943, 0.7407777777777779, 0.5848502166593883, 0.17553398058252423]"
Kevin Kampl,RB Leipzig,1596,0.0462406015037593,0.1511278195488722,0.112781954887218,13.703007518796992,0.7330827067669172,91.07,2.87593984962406,18.75,5.639097744360902,1.1278195488721805,09/10/1990 00:00,Slovenia,Midfield,right,178.0,https://img.a.transfermarkt.technology/portrait/header/53418-1742828221.jpg?lm=1,3500000,"[0.04864797067957749, 0.29159941542763684, 0.04186246867167919, 0.4329146537907377, 0.11669945892769307, 0.9136191677175283, 0.41328320802005003, 0.20833333333333334, 0.681519282523919, 0.22656641604010025]"
Ellyes Skhiri,Eintracht Frankfurt,2240,0.0554464285714285,0.07875,0.0803571428571428,8.276785714285714,0.4419642857142857,88.94,2.852678571428571,51.28,4.21875,0.8839285714285714,10/05/1995 00:00,Tunisia,Midfield,right,185.0,https://img.a.transfermarkt.technology/portrait/header/290587-1696509403.jpg?lm=1,6000000,"[0.05833306972035929, 0.15038994752655754, 0.02982700892857141, 0.25448225131263313, 0.07035630841121496, 0.8688524590163933, 0.40994047619047613, 0.5697777777777778, 0.48184590200188454, 0.17757142857142855]"
Leopold Querfeld,1. FC Union Berlin,1750,0.0586285714285714,0.0642857142857143,0.2057142857142857,3.651428571428572,0.1542857142857143,81.41,2.262857142857143,54.92,3.3942857142857146,1.0285714285714287,20/12/2003 00:00,Austria,Defender,right,190.0,https://img.a.transfermarkt.technology/portrait/header/597432-1726351317.jpg?lm=1,18000000,"[0.06168088067822343, 0.12217005775902594, 0.07635714285714287, 0.10238496943722068, 0.024560747663551406, 0.710592686002522, 0.32518095238095235, 0.6102222222222222, 0.3659421934193573, 0.20662857142857144]"
Enzo Millot,VfB Stuttgart,1850,0.3322702702702702,0.1722162162162162,0.9243243243243242,14.594594594594591,1.508108108108108,87.32,2.091891891891892,29.63,4.816216216216215,1.2162162162162162,17/07/2002 00:00,France,Midfield,left,175.0,https://img.a.transfermarkt.technology/portrait/header/569366-1723707547.jpg?lm=1,28000000,"[0.34956886026859446, 0.3327429769613159, 0.34309121621621624, 0.46223303215498546, 0.24007577671129074, 0.8348045397225723, 0.3006126126126126, 0.32922222222222225, 0.5658380789974412, 0.2443243243243243]"
Hugo Larsson,Eintracht Frankfurt,2403,0.1157303370786516,0.0704119850187265,0.3745318352059925,8.50187265917603,0.449438202247191,87.44,2.8838951310861423,48.15,4.531835205992509,0.7865168539325843,27/06/2004 00:00,Sweden,Midfield,right,187.0,https://img.a.transfermarkt.technology/portrait/header/931838-1696509259.jpg?lm=1,40000000,"[0.12175546731333389, 0.13412244090373326, 0.1390189346650021, 0.26188386624659055, 0.07154608141692044, 0.837326607818411, 0.41442641143015674, 0.535, 0.5258596174600598, 0.15800249687890136]"
Maximilian Eggestein,SC Freiburg,2855,0.0617863397548161,0.080385288966725,0.3782837127845884,8.952714535901926,0.3467600700525394,84.04,3.026269702276708,51.28,4.854640980735552,0.6935201401050788,08/12/1996 00:00,Germany,Midfield,right,181.0,https://img.a.transfermarkt.technology/portrait/header/190284-1723189965.jpg?lm=1,10000000,"[0.06500304812311625, 0.15358040402683687, 0.14041155866900176, 0.2767090617693866, 0.05520074635415814, 0.7658680117696512, 0.43488616462346763, 0.5697777777777778, 0.5712398565957795, 0.1393204903677758]"
Nicolas Seiwald,RB Leipzig,2081,0.009514656415185,0.1154733301297453,0.0,9.557904853435849,0.1729937530033637,84.95,3.632868813070639,41.38,5.406054781355118,1.1677078327727053,04/05/2001 00:00,Austria,Midfield,right,180.0,https://img.a.transfermarkt.technology/portrait/header/404950-1716315232.jpg?lm=1,16000000,"[0.010010006601547846, 0.22203733811526463, 0.0, 0.2966097525639072, 0.02753888092981896, 0.7849936948297604, 0.5220567035079289, 0.45977777777777784, 0.6487579560001993, 0.23457952907256122]"
Valentin Gendrey,TSG Hoffenheim,1416,0.0699152542372881,0.1697033898305084,0.3177966101694915,8.26271186440678,0.1906779661016949,76.01,2.860169491525424,50.98,3.305084745762712,0.7627118644067797,21/06/2000 00:00,France,Defender,right,179.0,https://img.a.transfermarkt.technology/portrait/header/569387-1663745931.jpg?lm=1,7000000,"[0.07355516856575237, 0.3278404408105274, 0.11795992231638419, 0.2540194558471167, 0.03035403136385237, 0.5970996216897857, 0.4110169491525424, 0.5664444444444444, 0.3534022650802999, 0.15322033898305085]"
Thomas Müller,FC Bayern München,1255,0.2725099601593625,0.2933067729083665,0.7888446215139442,14.557768924302788,0.5737051792828686,78.01,0.7171314741035857,39.58,1.7211155378486056,1.00398406374502,13/09/1989 00:00,Germany,Attack,right,185.0,https://img.a.transfermarkt.technology/portrait/header/58358-1771861722.jpg?lm=1,5000000,"[0.2866973205495114, 0.5689912251804827, 0.2928037848605578, 0.46102208039890913, 0.09132814536247534, 0.6391340899537621, 0.10305444887118194, 0.43977777777777777, 0.130726876153393, 0.20168924302788843]"
Jan Schöppner,1. FC Heidenheim,2686,0.1296723752792256,0.0696947133283693,0.4355919583023082,6.399851079672375,0.4690990320178704,75.05,3.3172002978406554,49.17,4.355919583023082,1.0722263588979897,12/06/1999 00:00,Germany,Midfield,right,190.0,https://img.a.transfermarkt.technology/portrait/header/581357-1721852254.jpg?lm=1,4000000,"[0.13642335318717858, 0.13272304044697514, 0.16168326507818317, 0.1927623349115038, 0.07467588952060181, 0.5769230769230769, 0.4766939687267312, 0.5463333333333333, 0.5011292883808595, 0.21539836187639613]"
Frank Onyeka,FC Augsburg,2597,0.0488640739314593,0.0686176357335387,0.2079322294955718,8.178667693492491,0.6237966884867154,84.93,3.2576049287639584,43.59,5.09433962264151,1.6288024643819792,01/01/1998 00:00,Nigeria,Midfield,right,183.0,https://img.a.transfermarkt.technology/portrait/header/421637-1726605377.jpg?lm=1,7000000,"[0.051408025817075084, 0.13062165697062567, 0.07718040046207163, 0.2512558011586833, 0.09930221427311889, 0.7845733501471208, 0.46812989346682066, 0.4843333333333334, 0.6049368426514294, 0.32720831728917976]"
Benjamin Henrichs,RB Leipzig,940,0.045,0.1953191489361702,0.0957446808510638,8.425531914893616,0.8617021276595744,76.69,4.5,64.29,5.74468085106383,1.24468085106383,23/02/1997 00:00,Germany,Defender,right,185.0,https://img.a.transfermarkt.technology/portrait/header/202591-1715858341.jpg?lm=1,20000000,"[0.047342781222320635, 0.3778169078516528, 0.03553856382978723, 0.2593735261056931, 0.13717438854643071, 0.6113913408995375, 0.6466666666666666, 0.7143333333333334, 0.6963622221667586, 0.2500425531914894]"
Adrian Beck,1. FC Heidenheim,1610,0.1816770186335403,0.1062111801242235,0.7267080745341615,8.217391304347826,2.2360248447204967,82.01,2.5155279503105588,59.18,7.3229813664596275,0.8944099378881988,09/06/1997 00:00,Germany,Midfield,right,186.0,https://img.a.transfermarkt.technology/portrait/header/273669-1721852328.jpg?lm=1,2000000,"[0.19113545213980374, 0.20396683969389998, 0.2697399068322982, 0.25252916357667365, 0.3559528646891507, 0.7232030264817151, 0.3614906832298136, 0.6575555555555556, 0.918240702728961, 0.17967701863354035]"
Mathias Honsak,1. FC Heidenheim,1184,0.247804054054054,0.1451858108108108,0.7601351351351352,4.940878378378379,0.6841216216216216,73.75,1.900337837837838,50.0,4.180743243243243,1.0641891891891893,20/12/1996 00:00,Austria,Attack,left,188.0,https://img.a.transfermarkt.technology/portrait/header/283497-1721852632.jpg?lm=1,2000000,"[0.26070518037967105, 0.2800065283056555, 0.28214738175675685, 0.1447864110328623, 0.108905342258146, 0.5496006725514921, 0.2730855855855856, 0.5555555555555556, 0.4765028881980959, 0.21378378378378377]"
Gerrit Holtmann,VfL Bochum 1848,1100,0.1677272727272727,0.2274545454545454,0.6545454545454545,6.627272727272728,0.4090909090909091,78.09,3.272727272727273,44.0,3.8454545454545457,2.1272727272727274,25/03/1995 00:00,Philippines,Attack,left,185.0,https://img.a.transfermarkt.technology/portrait/header/190289-1721851662.jpg?lm=1,700000,"[0.17645945728319506, 0.4405132182881098, 0.2429545454545455, 0.200240722714067, 0.0651231945624469, 0.6408154686843213, 0.4703030303030303, 0.48888888888888893, 0.4293677918781282, 0.42734545454545453]"
Edmond Tapsoba,Bayer 04 Leverkusen,2511,0.0408602150537634,0.0473118279569892,0.07168458781362,12.114695340501791,0.3942652329749104,87.08,2.2580645161290325,61.36,4.444444444444445,1.2186379928315412,02/02/1999 00:00,Burkina Faso,Defender,right,194.0,https://img.a.transfermarkt.technology/portrait/header/564545-1695368009.jpg?lm=1,35000000,"[0.04298747159971762, 0.08905392533569122, 0.026607925129430485, 0.3806856133886618, 0.062763094719682, 0.8297604035308952, 0.32449223416965356, 0.6817777777777778, 0.5135741691577156, 0.24481083233771403]"
Oliver Burke,SV Werder Bremen,931,0.4002148227712137,0.1092373791621911,1.2567132116004296,7.926960257787325,0.6766917293233082,63.0,1.2567132116004296,64.52,2.513426423200859,1.1600429645542427,07/04/1997 00:00,Scotland,Attack,right,188.0,https://img.a.transfermarkt.technology/portrait/header/341317-1755624913.jpg?lm=1,4000000,"[0.42105072880860883, 0.2098709683147631, 0.46646750805585396, 0.2429788150544411, 0.10772257747171668, 0.3236654056326187, 0.180594343000358, 0.7168888888888889, 0.24211043946089522, 0.2330397422126745]"
Philipp Lienhart,SC Freiburg,2771,0.0149404547094911,0.030855286900036,0.032479249368459,6.268495128112595,0.1299169974738361,87.57,1.8837964633706243,61.29,3.670155178635872,0.7145434861060989,11/07/1996 00:00,Austria,Defender,right,189.0,https://img.a.transfermarkt.technology/portrait/header/225657-1658411602.jpg?lm=1,12000000,"[0.015718281748298382, 0.05694713598186857, 0.012055665824612042, 0.18844290993018012, 0.020681490875118457, 0.8400588482555693, 0.2707085288102971, 0.681, 0.4047240964767556, 0.1435438469866474]"
John Tolkin,Holstein Kiel,739,0.0073071718538565,0.1278755074424898,0.0,4.749661705006766,0.6089309878213803,72.92,3.1664411366711778,60.0,2.557510148849797,0.2435723951285521,31/07/2002 00:00,United States,Defender,left,170.0,https://img.a.transfermarkt.technology/portrait/header/683812-1710582118.jpg?lm=1,2500000,"[0.0076875964095783865, 0.24623404464861, 0.0, 0.13849856441457598, 0.09693574292109824, 0.5321563682219421, 0.45502931889941367, 0.6666666666666667, 0.2483077573791843, 0.048930987821380244]"
Kristijan Jakic,FC Augsburg,2308,0.0311958405545927,0.0686308492201039,0.2339688041594454,8.578856152512998,0.5459272097053726,83.93,2.8856152512998268,55.22,5.186308492201039,0.8968804159445407,14/05/1997 00:00,Croatia,Midfield,right,184.0,https://img.a.transfermarkt.technology/portrait/header/374954-1755201482.jpg?lm=1,6000000,"[0.03281995232049956, 0.13064743654534372, 0.08684467071057193, 0.26441534213573537, 0.08690616952007645, 0.7635561160151325, 0.4146735990756788, 0.6135555555555555, 0.6178658842615911, 0.18017331022530328]"
Jamie Leweling,VfB Stuttgart,1675,0.083820895522388,0.1778507462686567,0.8597014925373134,8.113432835820896,2.202985074626865,76.94,1.4507462686567163,60.0,3.922388059701493,0.9134328358208956,26/02/2001 00:00,Germany,Attack,both,185.0,https://img.a.transfermarkt.technology/portrait/header/518505-1691999306.jpg?lm=1,25000000,"[0.08818476263500913, 0.343735971714916, 0.31910447761194033, 0.24911065988009004, 0.3506932626586692, 0.6166456494325345, 0.20847761194029849, 0.6666666666666667, 0.4401831537682828, 0.18349850746268656]"
Can Uzun,Eintracht Frankfurt,675,0.4,0.1533333333333333,1.4666666666666666,12.4,1.4666666666666666,82.92,1.4666666666666666,62.5,4.133333333333334,1.0666666666666669,11/11/2005 00:00,Türkiye,Midfield,right,186.0,https://img.a.transfermarkt.technology/portrait/header/816585-1724772468.jpg?lm=1,45000000,"[0.4208247219761835, 0.29590238324144275, 0.5443981481481482, 0.39006738908204375, 0.23347871235721704, 0.7423287095418243, 0.21076543209876542, 0.6944444444444444, 0.46983797320137005, 0.2142814814814815]"
Amine Adli,Bayer 04 Leverkusen,764,0.3227748691099477,0.2179319371727748,0.824607329842932,14.842931937172777,1.7670157068062826,81.07,1.7670157068062826,44.9,3.534031413612565,1.7670157068062826,10/05/2000 00:00,Morocco,Attack,left,180.0,https://img.a.transfermarkt.technology/portrait/header/532776-1689710574.jpg?lm=1,20000000,"[0.33957911138523184, 0.4219345645392046, 0.3060782068062828, 0.4703991982752893, 0.28129128541371046, 0.7034468263976459, 0.2539267015706806, 0.4988888888888889, 0.38558773185090767, 0.35497382198952876]"
Woo-yeong Jeong,1. FC Union Berlin,1203,0.2064837905236907,0.140648379052369,0.4488778054862842,11.221945137157109,0.8977556109725685,79.43,1.5710723192019949,34.21,5.012468827930174,1.1970074812967582,20/09/1999 00:00,"Korea, South",Midfield,right,179.0,https://img.a.transfermarkt.technology/portrait/header/297583-1723707463.jpg?lm=1,3500000,"[0.2172337093493016, 0.271153977507073, 0.16661471321695762, 0.3513289874831059, 0.1429137436781877, 0.6689785624211855, 0.22576891105569405, 0.3801111111111111, 0.5934273947637971, 0.24046550290939317]"
Julián Malatini,SV Werder Bremen,452,0.047787610619469,0.0915929203539823,0.1991150442477876,7.367256637168142,0.3982300884955752,86.87,3.584070796460177,66.67,3.7831858407079646,1.7920353982300885,31/05/2001 00:00,Argentina,Defender,right,191.0,https://img.a.transfermarkt.technology/portrait/header/830108-1722887346.jpg?lm=1,2000000,"[0.05027551988211038, 0.17544654581572278, 0.07390763274336283, 0.22457387966832315, 0.06339426019353238, 0.8253467843631779, 0.5150442477876106, 0.7407777777777779, 0.42061401814430727, 0.36]"
Anthony Rouault,VfB Stuttgart,1219,0.0383921246923708,0.0339622641509433,0.0738310090237899,4.725184577522559,0.1476620180475799,90.22,2.51025430680886,61.82,4.651353568498769,1.3289581624282198,29/05/2001 00:00,France,Defender,right,186.0,https://img.a.transfermarkt.technology/portrait/header/690799-1723707069.jpg?lm=1,9000000,"[0.04039088799935477, 0.06300886327782736, 0.027404634946677577, 0.13769367423129247, 0.023506321253057114, 0.8957545187053384, 0.36073284112660653, 0.6868888888888889, 0.5426615841409878, 0.2669729286300246]"
Marius Wolf,FC Augsburg,2168,0.0286439114391143,0.1888837638376383,0.0830258302583025,10.087638376383763,0.7887453874538746,70.55,2.117158671586716,50.0,3.404059040590406,0.7887453874538746,27/05/1995 00:00,Germany,Defender,right,188.0,https://img.a.transfermarkt.technology/portrait/header/193900-1755201094.jpg?lm=1,2500000,"[0.03013516516918924, 0.3652614411193535, 0.030817573800737984, 0.3140291704532022, 0.1255604028002897, 0.48234552332912983, 0.30424354243542434, 0.5555555555555556, 0.367316133787095, 0.158450184501845]"
Bazoumana Touré,TSG Hoffenheim,618,0.1995145631067961,0.2650485436893204,0.7281553398058253,7.718446601941748,1.7475728155339807,72.15,2.184466019417476,41.38,3.932038834951456,1.8932038834951457,02/03/2006 00:00,Cote d'Ivoire,Attack,left,175.0,https://img.a.transfermarkt.technology/portrait/header/1067904-1755092124.jpg?lm=1,25000000,"[0.20990165137404296, 0.5138592864633483, 0.2702771035598706, 0.2361221855427085, 0.27819617094637517, 0.5159730979403112, 0.31391585760517804, 0.45977777777777784, 0.44153986583155685, 0.3803236245954692]"
Jeremie Frimpong,Bayer 04 Leverkusen,2326,0.1625107480653482,0.1799226139294927,0.6190885640584695,9.17024935511608,0.9673258813413586,83.97,1.586414445399828,35.0,3.250214961306965,0.7738607050730868,10/12/2000 00:00,Netherlands,Defender,right,172.0,https://img.a.transfermarkt.technology/portrait/header/484547-1689710682.jpg?lm=1,38000000,"[0.1709713509318544, 0.3477781953100956, 0.22979363714531387, 0.2838623374395317, 0.15398863718549355, 0.764396805380412, 0.2279736314130123, 0.3888888888888889, 0.345688636221246, 0.15546001719690453]"
Phillip Tietz,FC Augsburg,1684,0.2816508313539192,0.0753562945368171,1.0688836104513064,6.573634204275535,0.8016627078384798,62.34,0.8551068883610451,47.31,2.565320665083135,1.9239904988123515,09/07/1997 00:00,Germany,Attack,right,190.0,https://img.a.transfermarkt.technology/portrait/header/288340-1755201829.jpg?lm=1,3500000,"[0.29631408199718495, 0.14376881213375317, 0.396748812351544, 0.19847690787778277, 0.12761671143472375, 0.3097940311055065, 0.12288202692003165, 0.5256666666666667, 0.24940576467079623, 0.38650831353919235]"
Joakim Maehle,VfL Wolfsburg,2190,0.0834246575342465,0.1261643835616438,0.2876712328767123,9.904109589041097,0.7808219178082192,81.56,2.424657534246576,58.62,5.013698630136987,0.3698630136986301,20/05/1997 00:00,Denmark,Defender,right,185.0,https://img.a.transfermarkt.technology/portrait/header/369674-1724770995.jpg?lm=1,9000000,"[0.087767895782019, 0.24289563387258578, 0.1067779680365297, 0.30799412735521847, 0.12429906542056075, 0.7137452711223204, 0.3484322678843228, 0.6513333333333333, 0.5936002811326337, 0.07430136986301368]"
Antonio Nusa,RB Leipzig,1564,0.088618925831202,0.149616368286445,0.4028132992327366,8.286445012787725,2.2442455242966752,77.84,2.186700767263427,37.5,4.488491048593351,0.8056265984654732,17/04/2005 00:00,Norway,Attack,right,183.0,https://img.a.transfermarkt.technology/portrait/header/894914-1724337096.jpg?lm=1,32000000,"[0.09323258706185901, 0.2886505668735347, 0.14951646419437345, 0.254799881498066, 0.35726151492697855, 0.6355611601513242, 0.31423699914748504, 0.4166666666666667, 0.519766268512149, 0.16184143222506395]"
Kevin Akpoguma,TSG Hoffenheim,2221,0.0040522287257991,0.0251238180999549,0.0405222872579918,6.726699684826655,0.3241782980639351,88.2,3.3633498424133275,50.0,4.3358847366051325,1.0130571814497975,19/04/1995 00:00,Nigeria,Defender,right,192.0,https://img.a.transfermarkt.technology/portrait/header/160241-1723920979.jpg?lm=1,2000000,"[0.004263195067295777, 0.04576501327361823, 0.015041085096803209, 0.2035102151061189, 0.05160595336781024, 0.8532997057587222, 0.4833258292060633, 0.5555555555555556, 0.498312777052282, 0.2035119315623593]"
Robert Skov,1. FC Union Berlin,773,0.0838292367399741,0.2724450194049159,0.5821474773609314,6.520051746442432,0.3492884864165588,70.55,2.445019404915912,56.25,4.657179818887451,1.5135834411384217,20/05/1996 00:00,Denmark,Midfield,left,185.0,https://img.a.transfermarkt.technology/portrait/header/270393-1726350741.jpg?lm=1,3000000,"[0.08819353811143815, 0.5282898455303736, 0.21608182406209578, 0.19671493665244624, 0.05560324503391326, 0.48234552332912983, 0.35135834411384215, 0.625, 0.5434806420903489, 0.30406209573091847]"
Myron Boadu,VfL Bochum 1848,1043,0.5936720997123682,0.1406519654841802,1.2943432406519657,5.177372962607862,0.9491850431447748,71.35,0.2588686481303931,48.72,1.725790987535954,0.9491850431447748,14/01/2001 00:00,Netherlands,Attack,right,183.0,https://img.a.transfermarkt.technology/portrait/header/412932-1666692057.jpg?lm=1,5000000,"[0.624579740766186, 0.2711609746524814, 0.48043504314477486, 0.15256314747257882, 0.15110079658784423, 0.4991593106347203, 0.03720038350910834, 0.5413333333333333, 0.1313841538153177, 0.19068072866730584]"
Josip Juranovic,1. FC Union Berlin,1167,0.0223650385604113,0.2089974293059125,0.1542416452442159,6.015424164524422,0.8483290488431876,71.5,2.159383033419023,44.44,4.781491002570694,0.6169665809768637,16/08/1995 00:00,Croatia,Defender,right,173.0,https://img.a.transfermarkt.technology/portrait/header/362977-1691614466.jpg?lm=1,2500000,"[0.02352940283542927, 0.4045032974783652, 0.057251499571550984, 0.18012108644833416, 0.13504552771304326, 0.5023118957545187, 0.3103113396172522, 0.49377777777777776, 0.5609563865911418, 0.12394173093401883]"
Elvis Rexhbecaj,FC Augsburg,1792,0.0708147321428571,0.0999441964285714,0.2511160714285714,8.889508928571429,0.5022321428571428,76.96,2.1595982142857144,36.67,4.268973214285714,0.6529017857142857,01/11/1997 00:00,Kosovo,Midfield,left,182.0,https://img.a.transfermarkt.technology/portrait/header/280575-1755201620.jpg?lm=1,3500000,"[0.07450147491458936, 0.19173992489426006, 0.09320940290178573, 0.27463064905933254, 0.07995035046728971, 0.6170659941151744, 0.3103422619047619, 0.4074444444444445, 0.488906313099748, 0.13116071428571427]"
Niklas Süle,Borussia Dortmund,1059,0.0535410764872521,0.0305949008498583,0.1699716713881019,9.773371104815864,0.254957507082153,92.99,1.5297450424929178,66.67,4.504249291784702,0.4249291784702549,03/09/1995 00:00,Germany,Defender,right,195.0,https://img.a.transfermarkt.technology/portrait/header/166601-1709560223.jpg?lm=1,5000000,"[0.05632852156763359, 0.05643912156773402, 0.06309017941454201, 0.30369500677425365, 0.0405866934950094, 0.9539722572509457, 0.21983002832861187, 0.7407777777777779, 0.5219815722654711, 0.08536355051935787]"
Ibrahima Sissoko,VfL Bochum 1848,2535,0.0479289940828402,0.0958579881656804,0.2485207100591716,6.674556213017751,1.0650887573964496,76.37,3.4437869822485205,59.35,5.36094674556213,2.556213017751479,27/10/1997 00:00,Mali,Midfield,right,193.0,https://img.a.transfermarkt.technology/portrait/header/372712-1721851302.jpg?lm=1,3000000,"[0.050424264023773424, 0.1837677132673788, 0.09224605522682447, 0.20179556257557238, 0.16955151247027594, 0.6046658259773015, 0.49488494411571327, 0.6594444444444445, 0.6424166399166878, 0.5135147928994082]"
Niklas Dorsch,1. FC Heidenheim,1377,0.065359477124183,0.1287581699346405,0.196078431372549,7.908496732026143,0.457516339869281,86.57,2.8758169934640523,47.06,4.967320261437909,0.9803921568627452,15/01/1998 00:00,Germany,Midfield,right,178.0,https://img.a.transfermarkt.technology/portrait/header/251302-1755087869.jpg?lm=1,3000000,"[0.06876220947323258, 0.24795612334108402, 0.07278050108932461, 0.24237167229867593, 0.07283204039663632, 0.8190416141235812, 0.41326555313483415, 0.522888888888889, 0.5870803808490527, 0.19694989106753813]"
Alexander Prass,TSG Hoffenheim,1576,0.0502538071065989,0.1616116751269035,0.0571065989847715,8.680203045685278,1.1421319796954317,75.59,2.91243654822335,47.22,5.253807106598984,0.9708121827411168,26/05/2001 00:00,Austria,Midfield,left,182.0,https://img.a.transfermarkt.technology/portrait/header/434116-1723921044.jpg?lm=1,5000000,"[0.05287011100969809, 0.3120534671931218, 0.021196859137055817, 0.2677479684609968, 0.18181602542815128, 0.5882723833543506, 0.4185279187817258, 0.5246666666666667, 0.6273548819883099, 0.1950253807106599]"
Finn Becker,TSG Hoffenheim,666,0.0162162162162162,0.0486486486486486,0.2702702702702702,10.81081081081081,0.8108108108108107,83.96,2.8378378378378377,77.78,6.756756756756756,0.6756756756756757,08/06/2000 00:00,Germany,Midfield,left,177.0,https://img.a.transfermarkt.technology/portrait/header/334999-1755090337.jpg?lm=1,1500000,"[0.01706046170173715, 0.09166206882115381, 0.10031906906906905, 0.33780950961543066, 0.12907299823187673, 0.7641866330390918, 0.4078078078078078, 0.8642222222222222, 0.8386404904548785, 0.13573573573573572]"
Senne Lynen,SV Werder Bremen,2744,0.0377186588921282,0.0377186588921282,0.0983965014577259,5.870991253644315,0.3935860058309038,83.42,4.493440233236152,47.17,6.264577259475219,1.2463556851311954,19/02/1999 00:00,Belgium,Midfield,right,185.0,https://img.a.transfermarkt.technology/portrait/header/338668-1756028282.jpg?lm=1,10000000,"[0.039682360353985875, 0.07033760716560034, 0.03652286807580174, 0.17537164711214312, 0.06265496852946786, 0.7528373266078185, 0.6457240038872691, 0.5241111111111112, 0.7694495867230183, 0.25037900874635566]"
András Schäfer,1. FC Union Berlin,1467,0.0349693251533742,0.0717791411042944,0.0613496932515337,6.441717791411043,0.7361963190184049,75.15,4.417177914110429,58.14,4.233128834355828,1.656441717791411,13/04/1999 00:00,Hungary,Midfield,right,178.0,https://img.a.transfermarkt.technology/portrait/header/454863-1726351222.jpg?lm=1,4500000,"[0.03678989133840864, 0.136789768886036, 0.0227718132242672, 0.19413905304587456, 0.11719511495900464, 0.5790248003362759, 0.6347648261758689, 0.646, 0.48386728759227476, 0.33276073619631896]"
Benedikt Pichler,Holstein Kiel,793,0.2587641866330391,0.133921815889029,1.021437578814628,4.880201765447667,0.9079445145018916,65.67,0.7944514501891551,57.53,1.7023959646910465,1.5889029003783102,20/07/1997 00:00,Austria,Attack,right,189.0,https://img.a.transfermarkt.technology/portrait/header/331362-1757925435.png?lm=1,1500000,"[0.2722359172431048, 0.25803042099461315, 0.37913776796973525, 0.14279116015490154, 0.14453571554843198, 0.3797814207650274, 0.11416561580496006, 0.6392222222222222, 0.12809526676819893, 0.3191929382093316]"
Tiago Tomás,VfL Wolfsburg,1896,0.2572784810126582,0.0707278481012658,0.949367088607595,5.363924050632911,1.3765822784810129,72.1,1.993670886075949,21.43,3.5126582278481013,1.4240506329113924,16/06/2002 00:00,Portugal,Attack,right,180.0,https://img.a.transfermarkt.technology/portrait/header/616344-1695623995.jpg?lm=1,15000000,"[0.2706728631065167, 0.1347386912701159, 0.3523866033755275, 0.15869757397050407, 0.2191381757955756, 0.5149222362337116, 0.28649789029535855, 0.2381111111111111, 0.3825830759340314, 0.2860759493670886]"
Georgios Masouras,VfL Bochum 1848,1063,0.3268109125117591,0.0931326434619002,1.2699905926622763,5.333960489181561,0.4233301975540922,76.19,1.862652869238005,41.27,3.725305738476011,1.0159924741298212,01/01/1994 00:00,Greece,Attack,right,184.0,https://img.a.transfermarkt.technology/portrait/header/329517-1718287090.jpg?lm=1,1800000,"[0.3438252784913596, 0.1784505528739524, 0.47139581373471307, 0.1577122714065507, 0.06738994733649256, 0.6008827238335435, 0.26767011602383184, 0.4585555555555556, 0.4124771969161964, 0.20410159924741295]"
Erhan Masovic,VfL Bochum 1848,913,0.0640744797371303,0.0463307776560788,0.3943044906900328,3.548740416210296,0.0,83.29,2.5629791894852136,59.46,3.154435925520263,1.182913472070099,22/11/1998 00:00,Serbia,Defender,both,189.0,https://img.a.transfermarkt.technology/portrait/header/343959-1657283131.jpg?lm=1,1500000,"[0.06741031280286615, 0.08713989156347723, 0.1463581599123768, 0.0990082379098791, 0.0, 0.75010508617066, 0.3683096020445418, 0.6606666666666667, 0.3322239590429984, 0.23763417305585985]"
Danilho Doekhi,1. FC Union Berlin,2970,0.0718181818181818,0.0239393939393939,0.1212121212121212,3.090909090909091,0.0909090909090909,78.79,2.363636363636364,54.72,2.787878787878788,1.0606060606060606,30/06/1998 00:00,Netherlands,Defender,right,190.0,https://img.a.transfermarkt.technology/portrait/header/387047-1692707468.jpg?lm=1,13000000,"[0.07555716599117837, 0.04345419614035177, 0.0449915824915825, 0.0839532058366765, 0.014471821013877088, 0.6555275325767129, 0.3396632996632997, 0.608, 0.2806931257537976, 0.21306397306397304]"
David Nemeth,FC St. Pauli,2141,0.0092480149462867,0.0142923867351704,0.0420364315740308,3.3629145259224664,0.1681457262961233,87.14,2.5642223260158805,55.07,3.657169546940682,0.8827650630546474,18/03/2001 00:00,Austria,Defender,both,191.0,https://img.a.transfermarkt.technology/portrait/header/451906-1755032414.jpg?lm=1,4000000,"[0.009729483296506724, 0.024632839505997265, 0.015603106025221853, 0.09289765834987594, 0.026767123407264486, 0.8310214375788145, 0.368488245368208, 0.6118888888888889, 0.40289856819391995, 0.17733769266697805]"
Kevin Vogt,1. FC Union Berlin,1280,0.000703125,0.016875,0.0703125,4.359375,0.28125,87.76,1.265625,50.0,5.8359375,0.5625,23/09/1991 00:00,Germany,Defender,right,194.0,https://img.a.transfermarkt.technology/portrait/header/84435-1753298205.jpg?lm=1,400000,"[0.0007397309565987599, 0.02967153018767227, 0.026098632812500005, 0.12566462637471865, 0.044772196261682246, 0.8440521227406474, 0.18187499999999998, 0.5555555555555556, 0.7091911393530893, 0.11299999999999999]"
Nnamdi Collins,Eintracht Frankfurt,1489,0.047750167897918,0.0743451981195433,0.1208865010073875,6.225654801880457,0.7253190060443251,88.52,2.961719274680994,50.0,4.7145735392881125,1.5715245130960376,10/01/2004 00:00,Germany,Defender,right,188.0,https://img.a.transfermarkt.technology/portrait/header/684315-1724772257.jpg?lm=1,15000000,"[0.050236127824893555, 0.14179615824655625, 0.044870718603089325, 0.1870341760803786, 0.11546355516780378, 0.8600252206809582, 0.4256100291023058, 0.5555555555555556, 0.5515490874542643, 0.31570181329751507]"
Rani Khedira,1. FC Union Berlin,2647,0.046581035134114,0.0316207026822818,0.034000755572346,4.726105024556102,0.1700037778617302,76.36,3.6040800906686816,48.78,3.638080846241028,1.4620324896108805,27/01/1994 00:00,Tunisia,Midfield,right,189.0,https://img.a.transfermarkt.technology/portrait/header/124410-1692707430.jpg?lm=1,2000000,"[0.04900612789919089, 0.058440465789366236, 0.012620419342652041, 0.13772394162202323, 0.02706290669387668, 0.6044556536359815, 0.5179196574738698, 0.542, 0.4002150666263596, 0.29370608235738577]"
Farès Chaïbi,Eintracht Frankfurt,1019,0.2287536800785083,0.258783120706575,0.5299313052011776,9.71540726202159,0.6182531894013739,74.34,2.031403336604514,44.74,2.649656526005888,0.4416094210009813,28/11/2002 00:00,Algeria,Midfield,right,183.0,https://img.a.transfermarkt.technology/portrait/header/855015-1693383538.jpg?lm=1,15000000,"[0.24066300955016767, 0.5016354166219632, 0.1967001962708538, 0.301788960892007, 0.09841974448102868, 0.5620008406893653, 0.29192018318613017, 0.49711111111111117, 0.2612617531190754, 0.08871442590775268]"
Marvin Friedrich,Borussia M'gladbach,991,0.0408678102926337,0.0408678102926337,0.1816347124117053,3.360242179616549,0.1816347124117053,88.49,1.8163471241170528,62.96,3.814328960645813,0.4540867810292633,13/12/1995 00:00,Germany,Defender,right,193.0,https://img.a.transfermarkt.technology/portrait/header/196231-1662966392.jpg?lm=1,1800000,"[0.042995462260432465, 0.07648161642668411, 0.06741927346115036, 0.09280978262551431, 0.028914435527221626, 0.8593947036569987, 0.2610158089471913, 0.6995555555555556, 0.4249921375609656, 0.09122098890010089]"
Christian Günter,SC Freiburg,2323,0.0302195436934997,0.1631080499354283,0.2324580284115368,6.741282823934568,0.1162290142057684,78.64,1.2010331467929405,31.82,2.363323288850624,0.5424020662935859,28/02/1993 00:00,Germany,Defender,left,184.0,https://img.a.transfermarkt.technology/portrait/header/93707-1753984492.jpg?lm=1,2000000,"[0.03179282768266035, 0.31497290151442914, 0.08628390012914336, 0.20398975771245578, 0.018502500392257835, 0.6523749474569147, 0.1725929114650596, 0.35355555555555557, 0.22100884629002665, 0.10896254842875591]"
Phillipp Mwene,1. FSV Mainz 05,2617,0.0522735957202904,0.1299961788307221,0.1719526175009552,8.597630875047765,0.7565915170042032,77.07,2.579289262514329,37.04,3.782957585021016,0.8253725640045854,29/01/1994 00:00,Austria,Defender,right,170.0,https://img.a.transfermarkt.technology/portrait/header/127573-1722886402.jpg?lm=1,1500000,"[0.054995053464216556, 0.2503714845465213, 0.06382546809323651, 0.26503271808689033, 0.12044182716172831, 0.6193778898696931, 0.3706534199465036, 0.41155555555555556, 0.42058192981606696, 0.16580817730225447]"
Justin Njinmah,SV Werder Bremen,958,0.3579331941544885,0.1427974947807933,0.7515657620041754,7.045929018789145,1.033402922755741,65.44,0.8455114822546973,44.44,1.8789144050104385,0.6576200417536535,15/11/2000 00:00,Germany,Attack,right,185.0,https://img.a.transfermarkt.technology/portrait/header/596153-1722887298.jpg?lm=1,7000000,"[0.3765678422902748, 0.2753469124470889, 0.2789665970772443, 0.2140075480667907, 0.1645074434667239, 0.37494745691467, 0.12150313152400835, 0.49377777777777776, 0.15291034029014777, 0.13210855949895617]"
Leonardo Bittencourt,SV Werder Bremen,1001,0.1456543456543456,0.1663336663336663,0.8091908091908092,12.857142857142858,0.0899100899100899,86.37,3.5964035964035967,28.57,3.956043956043956,1.3486513486513487,19/12/1993 00:00,Germany,Midfield,right,171.0,https://img.a.transfermarkt.technology/portrait/header/93844-1756027773.jpg?lm=1,1200000,"[0.15323737378653227, 0.32126609434736086, 0.3003558941058942, 0.40509978200927166, 0.014312790013724593, 0.8148381672971838, 0.5168165168165169, 0.3174444444444445, 0.44491452087459854, 0.2709290709290709]"
Finn Porath,Holstein Kiel,1971,0.0858447488584474,0.0821917808219178,0.5479452054794521,5.616438356164384,0.7305936073059361,70.51,2.968036529680365,51.92,3.60730593607306,1.4155251141552512,23/02/1997 00:00,Germany,Midfield,right,180.0,https://img.a.transfermarkt.technology/portrait/header/241307-1657792610.jpg?lm=1,600000,"[0.09031398142867854, 0.15710487817139382, 0.20338660578386614, 0.16700109266533725, 0.11630321910695744, 0.4815048339638506, 0.4265178420429561, 0.5768888888888889, 0.3958887103710715, 0.284363267376966]"
Phil Harres,Holstein Kiel,1544,0.3357512953367875,0.0647020725388601,0.9909326424870468,2.506476683937824,0.2914507772020726,56.42,0.8743523316062176,43.55,2.3316062176165806,2.040155440414508,25/03/2002 00:00,Germany,Attack,right,193.0,https://img.a.transfermarkt.technology/portrait/header/606119-1756808533.jpg?lm=1,0,"[0.35323111378311767, 0.12298237467806826, 0.3678149287564768, 0.06473510487824419, 0.0463960583022614, 0.1853720050441363, 0.12564766839378239, 0.48388888888888887, 0.2165500404386404, 0.4098445595854922]"
Marcel Sabitzer,Borussia Dortmund,1613,0.0993180409175449,0.0864848109113453,0.4463732176069436,12.21946683199008,0.3347799132052077,86.83,2.17606943583385,58.06,3.236205827650341,0.6695598264104154,17/03/1994 00:00,Austria,Midfield,right,178.0,https://img.a.transfermarkt.technology/portrait/header/106987-1711745992.jpg?lm=1,7000000,"[0.10448871739086261, 0.1654806001590124, 0.16568505889646626, 0.3841308520115886, 0.053293624812417804, 0.8245060949978982, 0.31270923744575324, 0.6451111111111112, 0.34371922338800937, 0.13450712957222566]"
Sacha Boey,FC Bayern München,599,0.0210350584307178,0.2704507512520868,0.1502504173622704,25.84307178631052,0.9015025041736228,93.79,3.3055091819699496,37.5,5.7095158597662765,1.0517529215358932,13/09/2000 00:00,France,Defender,right,178.0,https://img.a.transfermarkt.technology/portrait/header/475413-1706907003.jpg?lm=1,15000000,"[0.02213018153964898, 0.5243990189419474, 0.05577003338898163, 0.8321207517961858, 0.1435102117235892, 0.9707860445565364, 0.4750139120756816, 0.4166666666666667, 0.6914187055411384, 0.2112854757929883]"
Danny da Costa,1. FSV Mainz 05,2011,0.0044753853804077,0.0563898557931377,0.0447538538040775,7.787170561909497,0.3580308304326206,79.25,3.0880159124813527,45.83,4.3858776727996025,0.8503232222774739,13/07/1993 00:00,Germany,Defender,right,187.0,https://img.a.transfermarkt.technology/portrait/header/85906-1752588257.jpg?lm=1,1200000,"[0.0047083820211158665, 0.10676520053469231, 0.016611760318249603, 0.23838206022653727, 0.0569949390501773, 0.6651954602774275, 0.4437593237195425, 0.5092222222222222, 0.5053408155110356, 0.17082048731974142]"
Marnon Busch,1. FC Heidenheim,1397,0.0225483178239083,0.1153185397279885,0.1932712956335003,7.40873299928418,0.1932712956335003,76.04,2.512526843235505,46.43,3.994273443092341,0.5153901216893343,08/12/1994 00:00,Germany,Defender,right,182.0,https://img.a.transfermarkt.technology/portrait/header/117478-1755087683.jpg?lm=1,1200000,"[0.02372222394819208, 0.22173534131010375, 0.07173854688618467, 0.22593776179571126, 0.03076686357280955, 0.5977301387137455, 0.36105941302791694, 0.515888888888889, 0.450288846243073, 0.10353614889047959]"
Amadou Haidara,RB Leipzig,1333,0.0918229557389347,0.0837209302325581,0.1350337584396099,8.642160540135034,0.4726181545386346,81.16,3.2408102025506373,52.54,5.941485371342836,1.5528882220555138,31/01/1998 00:00,Mali,Midfield,right,178.0,https://img.a.transfermarkt.technology/portrait/header/402008-1713945184.jpg?lm=1,20000000,"[0.09660342454967148, 0.16008825589627762, 0.050121905476369105, 0.26649700307363033, 0.07523609874431224, 0.705338377469525, 0.46571642910727673, 0.5837777777777778, 0.7240291255868139, 0.3119579894973743]"
Philipp Sander,Borussia M'gladbach,1407,0.0754797441364605,0.062046908315565,0.511727078891258,6.844349680170576,0.7036247334754797,82.69,3.582089552238806,60.0,5.245202558635395,1.023454157782516,21/02/1998 00:00,Germany,Midfield,both,186.0,https://img.a.transfermarkt.technology/portrait/header/388409-1760966764.jpg?lm=1,4000000,"[0.07940935585264863, 0.11780213673364784, 0.18994314143567878, 0.20737894220151717, 0.11201004324173525, 0.7374947456914669, 0.514759535655058, 0.6666666666666667, 0.6261452492159307, 0.20560056858564318]"
Jakub Kaminski,VfL Wolfsburg,1138,0.0735500878734622,0.2839191564147627,0.2372583479789103,8.936731107205624,0.632688927943761,75.0,2.372583479789104,25.93,4.112478031634447,0.7908611599297013,05/06/2002 00:00,Poland,Attack,right,179.0,https://img.a.transfermarkt.technology/portrait/header/407098-1752743041.jpg?lm=1,12000000,"[0.07737923820168399, 0.5506759410480824, 0.08806568541300526, 0.2761834729370709, 0.10071777014930276, 0.5758722152164775, 0.3409490333919157, 0.2881111111111111, 0.46690612175262686, 0.15887521968365553]"
Leo Østigård,TSG Hoffenheim,928,0.0310344827586206,0.0339439655172413,0.0,4.461206896551724,0.1939655172413793,84.15,1.7456896551724137,64.52,4.267241379310344,1.842672413793104,28/11/1999 00:00,Norway,Defender,right,183.0,https://img.a.transfermarkt.technology/portrait/header/367284-1708552959.jpg?lm=1,10000000,"[0.03265019394642793, 0.06297316255701978, 0.0, 0.12901320124047874, 0.030877376732194654, 0.76817990752417, 0.2508620689655172, 0.7168888888888889, 0.4886628506480975, 0.37017241379310356]"
Mattias Svanberg,VfL Wolfsburg,1221,0.2683046683046683,0.1164619164619164,0.5896805896805897,6.339066339066339,0.7371007371007371,73.81,2.57985257985258,39.39,3.538083538083538,1.1793611793611791,05/01/1999 00:00,Sweden,Midfield,right,185.0,https://img.a.transfermarkt.technology/portrait/header/342405-1752736577.jpg?lm=1,12000000,"[0.2822730936105604, 0.22396607472007352, 0.21887796887796893, 0.1907635284323204, 0.11733908930170613, 0.5508617065994115, 0.3707343707343707, 0.4376666666666667, 0.3861573820613069, 0.23692055692055686]"
Kosta Nedeljkovic,RB Leipzig,477,0.0981132075471698,0.1150943396226415,0.0,9.622641509433963,0.1886792452830188,90.45,2.452830188679245,0.0,2.0754716981132075,1.3207547169811322,16/12/2005 00:00,Serbia,Defender,right,184.0,https://img.a.transfermarkt.technology/portrait/header/848682-1744279498.jpg?lm=1,0,"[0.10322115822057329, 0.22129792584530047, 0.0, 0.29873851129775375, 0.030035854934461873, 0.9005884825556958, 0.35248078266946187, 0.0, 0.1805424883580492, 0.2653249475890985]"
Benedict Hollerbach,1. FC Union Berlin,2464,0.2180600649350649,0.081452922077922,0.8400974025974026,5.588474025974026,1.4610389610389611,72.41,1.6436688311688312,31.52,3.944805194805195,1.4245129870129871,17/05/2001 00:00,Germany,Attack,both,181.0,https://img.a.transfermarkt.technology/portrait/header/453870-1752587912.jpg?lm=1,10000000,"[0.22941266550101802, 0.15566336127099512, 0.3118278206168832, 0.1660815315417193, 0.23258283772302468, 0.5214375788146279, 0.2362012987012987, 0.3502222222222222, 0.44333456874081095, 0.2861688311688312]"
Sebastiaan Bornauw,VfL Wolfsburg,791,0.13653603034134,0.015929203539823,0.3413400758533501,2.616940581542351,0.0,82.01,2.389380530973451,62.07,3.1858407079646014,1.3653603034134003,22/03/1999 00:00,Belgium,Defender,right,191.0,https://img.a.transfermarkt.technology/portrait/header/338629-1657202272.jpg?lm=1,5000000,"[0.14364434252031538, 0.027826276825291867, 0.126698798988622, 0.06836752893807238, 0.0, 0.7232030264817151, 0.343362831858407, 0.6896666666666667, 0.33663886313962976, 0.2742857142857142]"
Jakov Medic,VfL Bochum 1848,1595,0.0445768025078369,0.0304702194357366,0.1692789968652037,2.313479623824452,0.1128526645768025,87.68,1.974921630094044,53.57,4.06269592476489,0.5642633228840126,07/09/1998 00:00,Croatia,Defender,right,193.0,https://img.a.transfermarkt.technology/portrait/header/488755-1689779607.jpg?lm=1,2000000,"[0.04689755130486926, 0.056195867539704195, 0.06283307210031347, 0.05838871316262914, 0.017965019189640524, 0.8423707440100885, 0.28380355276907, 0.5952222222222222, 0.4599077218131626, 0.11335423197492163]"
Lars Ritzka,FC St. Pauli,925,0.0428108108108108,0.0321081081081081,0.0972972972972972,4.67027027027027,0.0,71.35,5.837837837837838,24.14,3.4054054054054053,0.9729729729729728,07/05/1998 00:00,Germany,Defender,left,185.0,https://img.a.transfermarkt.technology/portrait/header/333903-1755032658.jpg?lm=1,0,"[0.045039618892586106, 0.05939139607798259, 0.036114864864864836, 0.1358879073226673, 0.0, 0.4991593106347203, 0.8389189189189189, 0.26822222222222225, 0.36750540660080855, 0.19545945945945942]"
Oladapo Afolayan,FC St. Pauli,1635,0.1728440366972477,0.1976146788990825,0.7155963302752293,6.055045871559632,2.642201834862385,75.57,1.3761467889908257,29.23,3.9633027522935778,1.1559633027522935,11/09/1997 00:00,England,Attack,right,180.0,https://img.a.transfermarkt.technology/portrait/header/487850-1755033148.jpg?lm=1,1000000,"[0.18184260922090129, 0.38229549765491355, 0.2656154434250765, 0.18142398128589837, 0.42061219240332676, 0.5878520386717108, 0.19775739041794085, 0.3247777777777778, 0.44593496702339347, 0.2322201834862385]"
James Sands,FC St. Pauli,451,0.0099778270509977,0.0279379157427937,0.0,5.388026607538802,0.1995565410199556,77.11,3.991130820399113,68.0,4.1906873614190685,2.1951219512195124,06/07/2000 00:00,United States,Midfield,right,186.0,https://img.a.transfermarkt.technology/portrait/header/393321-1755032856.jpg?lm=1,2500000,"[0.010497290736656374, 0.05125533107047621, 0.0, 0.15949014701479208, 0.031767411981681405, 0.6202185792349726, 0.573540280857354, 0.7555555555555555, 0.47790083859465254, 0.44097560975609756]"
Nicolas Höfler,SC Freiburg,787,0.0263024142312579,0.0411689961880559,0.0,7.662007623888184,0.457433290978399,87.13,5.374841168996189,65.12,3.0876747141041934,1.3722998729351972,09/03/1990 00:00,Germany,Midfield,right,181.0,https://img.a.transfermarkt.technology/portrait/header/55099-1658412737.jpg?lm=1,500000,"[0.027671765390428794, 0.07706923153165643, 0.0, 0.23426628233596272, 0.07281881984110963, 0.8308112652374946, 0.7723845828038967, 0.7235555555555556, 0.3228386258919319, 0.27567979669631515]"
Marco Grüll,SV Werder Bremen,1197,0.3,0.1105263157894736,0.7518796992481203,8.571428571428571,0.9774436090225564,80.2,1.1278195488721805,23.08,3.233082706766917,1.6541353383458646,06/07/1998 00:00,Austria,Attack,both,181.0,https://img.a.transfermarkt.technology/portrait/header/391766-1756027360.jpg?lm=1,6000000,"[0.3156185414821376, 0.21238568976438998, 0.2790831244778614, 0.2641710983165104, 0.15559927857025743, 0.6851618327028164, 0.1620718462823726, 0.2564444444444444, 0.34328017308708964, 0.332297410192147]"
Fabian Rieder,VfB Stuttgart,875,0.1419428571428571,0.2499428571428572,0.7200000000000001,11.52,0.9257142857142858,75.64,2.7771428571428576,23.53,4.628571428571429,1.4400000000000002,16/02/2002 00:00,Switzerland,Midfield,left,179.0,https://img.a.transfermarkt.technology/portrait/header/507341-1773671220.jpg?lm=1,8000000,"[0.14933265848411992, 0.4843880206418319, 0.2672500000000001, 0.3611300326971302, 0.14736448598130844, 0.58932324506095, 0.3990857142857143, 0.2614444444444445, 0.5394588565604508, 0.28928]"
Max Moerstedt,TSG Hoffenheim,450,0.152,0.1159999999999999,0.8,6.4,0.2,68.32,1.0,43.59,2.2,1.2,15/01/2006 00:00,Germany,Attack,right,194.0,https://img.a.transfermarkt.technology/portrait/header/923595-1723920909.jpg?lm=1,7000000,"[0.1599133943509497, 0.2230648735204721, 0.2969444444444445, 0.19276723191217815, 0.0318380062305296, 0.43547709121479605, 0.1437037037037037, 0.4843333333333334, 0.19804875547265116, 0.24106666666666662]"
Eren Dinkçi,SC Freiburg,1193,0.0867560771165129,0.0935456831517183,0.2263202011735121,8.977367979882649,1.207041072925398,77.98,2.1123218776194466,30.0,4.149203688181056,0.6789606035205364,13/12/2001 00:00,Türkiye,Attack,right,188.0,https://img.a.transfermarkt.technology/portrait/header/645774-1753984116.jpg?lm=1,6000000,"[0.09127275508075218, 0.17925639526026327, 0.08400565800502934, 0.2775197498314158, 0.19214890600151976, 0.6385035729298025, 0.303548477228276, 0.33333333333333337, 0.47206903768195957, 0.13639564124056996]"
Lucas Tousart,1. FC Union Berlin,567,0.0619047619047619,0.0888888888888889,0.7936507936507937,3.968253968253968,0.7936507936507937,67.5,3.8095238095238098,55.56,5.079365079365079,1.746031746031746,29/04/1997 00:00,France,Midfield,right,184.0,https://img.a.transfermarkt.technology/portrait/header/353948-1691614305.jpg?lm=1,2000000,"[0.06512763554393315, 0.17017096765167233, 0.2945877425044093, 0.11280325286872994, 0.12634129456559365, 0.41824295922656574, 0.5474426807760141, 0.6173333333333334, 0.6028317119257678, 0.35075837742504407]"
Finn Jeltsch,VfB Stuttgart,793,0.0056746532156368,0.0385876418663303,0.0,4.426229508196721,0.2269861286254728,92.32,3.518284993694829,57.14,3.858764186633039,0.7944514501891551,17/07/2006 00:00,Germany,Defender,right,188.0,https://img.a.transfermarkt.technology/portrait/header/924117-1753307360.jpg?lm=1,25000000,"[0.00597008590445403, 0.07203299705392542, 0.0, 0.12786302720383982, 0.03613392888710798, 0.9398907103825136, 0.5055905842791087, 0.634888888888889, 0.4312388696182072, 0.1595964691046658]"
Jacob Bruun Larsen,VfB Stuttgart,822,0.3153284671532846,0.2551094890510949,1.094890510948905,12.043795620437956,1.8613138686131387,77.94,0.7664233576642336,47.06,2.956204379562044,0.437956204379562,19/09/1998 00:00,Denmark,Attack,right,183.0,https://img.a.transfermarkt.technology/portrait/header/293281-1657201254.jpg?lm=1,5000000,"[0.3317450363023927, 0.4944681439054285, 0.40640206812652074, 0.3783541924033461, 0.2963026127293813, 0.6376628835645228, 0.11013787510137875, 0.522888888888889, 0.30435644345413343, 0.08798053527980533]"
Arthur Chaves,TSG Hoffenheim,2191,0.0332724783204016,0.0147877681424007,0.0821542674577818,4.354176175262437,0.1232314011866727,82.9,3.614787768142401,51.47,3.820173436786855,1.5609310816978548,29/01/2001 00:00,Brazil,Defender,right,188.0,https://img.a.transfermarkt.technology/portrait/header/875332-1773660988.jpg?lm=1,5000000,"[0.03500470359660399, 0.025599330972016686, 0.030494066636239152, 0.12549367155174868, 0.019617210593890887, 0.7419083648591847, 0.5194583903849079, 0.5718888888888889, 0.4258137576980732, 0.31357371063441347]"
Anthony Jung,SV Werder Bremen,1905,0.0018897637795275,0.0222047244094488,0.0,7.228346456692913,0.3307086614173228,89.76,2.787401574803149,62.96,3.826771653543307,0.4251968503937007,03/11/1991 00:00,Germany,Defender,left,186.0,https://img.a.transfermarkt.technology/portrait/header/58995-1753984159.jpg?lm=1,700000,"[0.0019881482928008048, 0.040069847691689794, 0.0, 0.22000604626161366, 0.05264552211347413, 0.8860865910046238, 0.4005599300087488, 0.6995555555555556, 0.4267413391656459, 0.08541732283464565]"
Lukas Nmecha,VfL Wolfsburg,474,0.8620253164556962,0.0911392405063291,1.7088607594936709,5.506329113924051,0.759493670886076,66.07,0.759493670886076,58.06,2.848101265822785,1.3291139240506329,14/12/1998 00:00,Germany,Attack,right,185.0,https://img.a.transfermarkt.technology/portrait/header/314288-1657203640.jpg?lm=1,8000000,"[0.9069039103347498, 0.17456141428946434, 0.6342958860759494, 0.1633803308653585, 0.12090382112859342, 0.3881883144178224, 0.10914205344585091, 0.6451111111111112, 0.28915923963487555, 0.26700421940928265]"
Arne Maier,FC Augsburg,931,0.1479054779806659,0.2474758324382384,0.5800214822771214,14.983888292158968,0.6766917293233082,83.04,1.8367346938775508,36.36,6.960257787325456,0.870032223415682,08/01/1999 00:00,Germany,Midfield,right,186.0,https://img.a.transfermarkt.technology/portrait/header/296397-1755201583.jpg?lm=1,2000000,"[0.1556057041249206, 0.47957484378724585, 0.21529269602577877, 0.47503431677410046, 0.10772257747171668, 0.7448507776376629, 0.2639455782312925, 0.404, 0.8672487935093207, 0.17477980665950588]"
Johannes Eggestein,FC St. Pauli,1869,0.1521669341894061,0.0640449438202247,0.6260032102728732,6.115569823434992,0.3370786516853932,78.39,0.2407704654895666,25.22,2.792937399678973,0.5296950240770466,08/05/1998 00:00,Germany,Attack,right,183.0,https://img.a.transfermarkt.technology/portrait/header/251303-1723632371.jpeg?lm=1,800000,"[0.16008901943556259, 0.12170031344329502, 0.23236021936864637, 0.18341421215549003, 0.05365956106269032, 0.6471206389239177, 0.034599607633315495, 0.2802222222222222, 0.2814042685868832, 0.10640984483681112]"
Pavel Kaderabek,TSG Hoffenheim,1579,0.0433185560481317,0.0957568081063964,0.1709943001899936,7.181760607979734,0.2849905003166561,72.61,2.564914502849905,55.34,1.4249525015832805,1.1969601013299558,25/04/1992 00:00,Czech Republic,Midfield,right,182.0,https://img.a.transfermarkt.technology/portrait/header/143798-1657200722.jpg?lm=1,1500000,"[0.04557379826341186, 0.18357031049367345, 0.06346975934135528, 0.21847414704944668, 0.045367646623617225, 0.5256410256410255, 0.36858771374287524, 0.6148888888888889, 0.0890920899740577, 0.24045598480050664]"
Nicolai Remberg,Holstein Kiel,2420,0.0561570247933884,0.0416528925619834,0.1115702479338843,4.5,0.2603305785123967,78.39,2.75206611570248,62.33,3.756198347107438,1.5991735537190082,19/06/2000 00:00,Germany,Midfield,right,188.0,https://img.a.transfermarkt.technology/portrait/header/592534-1758188560.jpg?lm=1,5000000,"[0.05908066086421829, 0.07801331564343912, 0.04141270661157026, 0.13028884880838737, 0.04144203290337531, 0.6471206389239177, 0.39548209366391196, 0.6925555555555556, 0.4168200992956111, 0.3212561983471074]"
László Bénes,1. FC Union Berlin,591,0.1370558375634517,0.2010152284263959,1.065989847715736,11.573604060913706,0.1522842639593908,71.7,0.7614213197969544,46.67,4.720812182741117,1.370558375634518,09/09/1997 00:00,Slovakia,Midfield,left,181.0,https://img.a.transfermarkt.technology/portrait/header/243188-1770893430.jpg?lm=1,3000000,"[0.1441912118446313, 0.3889299858491725, 0.395674703891709, 0.362892714304333, 0.02424213672375349, 0.5065153425809164, 0.10941906373378454, 0.5185555555555555, 0.5524261198803576, 0.27532994923857873]"
Patrick Osterhage,SC Freiburg,2274,0.0617414248021108,0.0815303430079155,0.1187335092348285,7.757255936675462,0.4353562005277045,85.31,2.4934036939313984,46.27,4.195250659630607,0.9894459102902377,01/02/2000 00:00,Germany,Midfield,left,186.0,https://img.a.transfermarkt.technology/portrait/header/443331-1723190030.jpg?lm=1,12000000,"[0.06495579481690429, 0.15581440987120068, 0.044071569920844336, 0.23739836684981178, 0.06930436712450375, 0.7925598991172762, 0.35831134564643796, 0.5141111111111112, 0.4785423499314681, 0.19876868953386106]"
Yorbe Vertessen,1. FC Union Berlin,713,0.1476858345021037,0.2272089761570827,0.6311360448807853,6.437587657784011,2.2720897615708275,69.19,1.1360448807854138,33.33,4.0392706872370265,1.767180925666199,08/01/2001 00:00,Belgium,Attack,right,174.0,https://img.a.transfermarkt.technology/portrait/header/409517-1754993819.png?lm=1,5000000,"[0.1553746256104211, 0.44003411142852644, 0.234265427769986, 0.19400324037691688, 0.3616940399260726, 0.4537620849096258, 0.1632538569424965, 0.37033333333333335, 0.4566145871668828, 0.35500701262272083]"
Christoph Baumgartner,RB Leipzig,1622,0.2508014796547472,0.0971023427866831,0.8323057953144266,7.102342786683107,0.9432799013563502,70.6,3.10727496917386,51.85,4.771886559802713,2.441430332922318,01/08/1999 00:00,Austria,Midfield,right,180.0,https://img.a.transfermarkt.technology/portrait/header/324278-1716315718.jpg?lm=1,18000000,"[0.26385865736731107, 0.1861954550121186, 0.30893572749691744, 0.21586262227879455, 0.1501607568825841, 0.48339638503572924, 0.4465269214960954, 0.5761111111111111, 0.5596061879773677, 0.49045622688039453]"
Haris Tabakovic,TSG Hoffenheim,817,0.3690330477356181,0.1024479804161566,1.1015911872705018,4.736842105263158,0.4406364749082007,64.56,0.4406364749082007,54.88,1.4320685434516525,1.6523867809057529,20/06/1994 00:00,Bosnia-Herzegovina,Attack,right,196.0,https://img.a.transfermarkt.technology/portrait/header/203123-1720778399.jpg?lm=1,3000000,"[0.38824557428341283, 0.19662481928358902, 0.40888922888616897, 0.13807701290719787, 0.07014493416762946, 0.3564522908785204, 0.06332109343125254, 0.6097777777777779, 0.09009246762202129, 0.3319461444308445]"
Lutsharel Geertruida,RB Leipzig,1570,0.062484076433121,0.0911464968152866,0.1146496815286624,8.770700636942676,0.4012738853503185,88.4,2.923566878980892,66.67,4.757961783439491,0.9745222929936308,18/07/2000 00:00,Netherlands,Defender,right,184.0,https://img.a.transfermarkt.technology/portrait/header/420210-1729520430.jpg?lm=1,32000000,"[0.06573711023226685, 0.17457557138252405, 0.04255573248407643, 0.2707238332907599, 0.0638788023096613, 0.85750315258512, 0.4201273885350319, 0.7407777777777779, 0.5576486341455708, 0.1957707006369427]"
Nathan Tella,Bayer 04 Leverkusen,1368,0.2032894736842105,0.1078947368421052,0.7236842105263158,7.565789473684211,1.25,80.71,1.3157894736842106,31.58,2.4342105263157894,1.4473684210526316,05/07/1999 00:00,Nigeria,Attack,right,173.0,https://img.a.transfermarkt.technology/portrait/header/340322-1727377772.jpg?lm=1,15000000,"[0.21387309060960635, 0.20725146680473516, 0.2686175073099416, 0.23110230630965642, 0.19898753894080998, 0.6958806221101301, 0.18908382066276802, 0.35088888888888886, 0.23097421878189245, 0.2907602339181286]"
Bence Dárdai,VfL Wolfsburg,1312,0.0713414634146341,0.0665396341463414,0.0685975609756097,6.310975609756098,0.2057926829268292,81.67,2.4695121951219514,42.31,3.567073170731708,0.6173780487804879,24/01/2006 00:00,Hungary,Midfield,right,189.0,https://img.a.transfermarkt.technology/portrait/header/789252-1752736165.jpg?lm=1,7000000,"[0.07505562876709365, 0.12656746605613436, 0.025462080792682914, 0.18983981088099927, 0.03276014360610895, 0.716057166876839, 0.3548780487804878, 0.47011111111111115, 0.39023276287838743, 0.12402439024390244]"
Marco Komenda,Holstein Kiel,1319,0.0068233510235026,0.0579984836997725,0.0,6.072782410917362,0.0682335102350265,79.61,2.183472327520849,34.04,2.524639878695982,1.0917361637604246,26/11/1996 00:00,Germany,Defender,left,184.0,https://img.a.transfermarkt.technology/portrait/header/335631-1756808693.jpg?lm=1,800000,"[0.007178586993528471, 0.10990364118077098, 0.0, 0.18200721828638664, 0.010862094619968394, 0.6727616645649432, 0.31377306039929237, 0.37822222222222224, 0.24368683409730307, 0.21931766489764973]"
André Silva,SV Werder Bremen,513,0.2701754385964912,0.1298245614035087,1.7543859649122806,9.473684210526317,0.175438596491228,72.97,0.7017543859649122,43.33,2.982456140350877,0.7017543859649122,06/11/1995 00:00,Portugal,Attack,right,186.0,https://img.a.transfermarkt.technology/portrait/header/198008-1724336978.jpg?lm=1,6000000,"[0.2842412595804046, 0.25003665813519244, 0.6511939571150098, 0.29384029488340757, 0.027928075640815425, 0.5332072299285413, 0.10084470435347627, 0.48144444444444445, 0.3080469325207533, 0.1409746588693957]"
Felix Passlack,VfL Bochum 1848,2256,0.0506648936170212,0.1340425531914893,0.2393617021276596,6.143617021276596,0.4787234042553192,70.92,2.672872340425532,32.35,4.428191489361702,1.1170212765957448,29/05/1998 00:00,Germany,Defender,right,170.0,https://img.a.transfermarkt.technology/portrait/header/274461-1691250368.jpg?lm=1,1000000,"[0.05330259942583965, 0.258265980042157, 0.08884640957446811, 0.18433649824587717, 0.07620799363690596, 0.4901218999579655, 0.3841016548463357, 0.35944444444444446, 0.5112893184951026, 0.22439716312056737]"
Salih Özcan,Borussia Dortmund,745,0.0543624161073825,0.1171812080536912,0.0,12.442953020134228,0.7248322147651006,78.37,3.74496644295302,62.5,7.248322147651006,1.9328859060402683,11/01/1998 00:00,Türkiye,Midfield,right,183.0,https://img.a.transfermarkt.technology/portrait/header/244940-1709561120.jpg?lm=1,3500000,"[0.0571926216108571, 0.22536941601404073, 0.0, 0.39147982868594433, 0.1153860628488992, 0.6467002942412778, 0.538165548098434, 0.6944444444444444, 0.9077450627240131, 0.38829530201342277]"
Tim Siersleben,1. FC Heidenheim,1182,0.0441624365482233,0.0479695431472081,0.1522842639593908,4.34010152284264,0.2284263959390863,82.28,3.1218274111675126,48.78,2.817258883248731,1.218274111675127,09/03/2000 00:00,Germany,Defender,left,187.0,https://img.a.transfermarkt.technology/portrait/header/337092-1755087413.jpg?lm=1,2500000,"[0.04646161270549228, 0.09033713077929478, 0.05652495769881555, 0.12503084969599249, 0.036363205085630255, 0.728877679697352, 0.4486181613085166, 0.542, 0.28482339806624174, 0.24473773265651438]"
Benedikt Gimber,1. FC Heidenheim,2677,0.0242062009712364,0.0154650728427344,0.0336197235711617,2.1852820321255138,0.268957788569294,83.07,3.46283152782966,54.1,3.294732909973852,2.050803137840867,19/02/1997 00:00,Germany,Defender,left,187.0,https://img.a.transfermarkt.technology/portrait/header/227084-1755087520.jpg?lm=1,2500000,"[0.025466419484550452, 0.026920755642408156, 0.012478987672768008, 0.05417314566412934, 0.04281539874109322, 0.7454812946616223, 0.497621715851077, 0.6011111111111112, 0.351946997484898, 0.41198356369069855]"
Ramon Hendriks,VfB Stuttgart,1166,0.0331903945111492,0.119639794168096,0.0771869639794168,5.32590051457976,0.385934819897084,87.15,3.0102915951972555,61.22,3.0874785591766725,0.9262435677530017,18/07/2001 00:00,Netherlands,Defender,left,189.0,https://img.a.transfermarkt.technology/portrait/header/436064-1753734234.jpg?lm=1,5000000,"[0.03491834635608552, 0.23016612913924975, 0.028650300171526588, 0.15744723236393063, 0.061436976002308394, 0.8312316099201347, 0.43259005145797597, 0.6802222222222223, 0.32281105030867097, 0.18607204116638076]"
Maxim Leitsch,1. FSV Mainz 05,677,0.1595273264401772,0.025258493353028,0.1329394387001477,4.918759231905465,0.0,79.55,2.924667651403249,38.0,4.7858197932053175,1.329394387001477,18/05/1998 00:00,Germany,Defender,left,189.0,https://img.a.transfermarkt.technology/portrait/header/334207-1676499456.jpg?lm=1,1500000,"[0.16783260699197858, 0.04602776532865982, 0.04934453471196456, 0.1440590591869341, 0.0, 0.6715006305170239, 0.42028557360905944, 0.4222222222222222, 0.5615649307050878, 0.26706056129985223]"
Andreas Hanche-Olsen,1. FSV Mainz 05,1279,0.0584050039093041,0.0436278342455043,0.1407349491790461,2.8850664581704457,0.070367474589523,83.41,2.322126661454261,60.98,3.096168881939015,1.4073494917904614,17/01/1997 00:00,Norway,Defender,right,185.0,https://img.a.transfermarkt.technology/portrait/header/370683-1692000124.jpg?lm=1,5000000,"[0.061445673830377016, 0.08186643619893386, 0.05223807662236122, 0.07718440853807756, 0.011201800472039333, 0.7526271542664984, 0.3336982017200938, 0.6775555555555556, 0.324032741356285, 0.28272087568412824]"
David Zec,Holstein Kiel,1545,0.0722330097087378,0.0192233009708737,0.2912621359223301,1.9805825242718444,0.2912621359223301,87.76,2.3300970873786406,42.17,4.427184466019417,1.2233009708737863,05/01/2000 00:00,Slovenia,Defender,right,190.0,https://img.a.transfermarkt.technology/portrait/header/469709-1756809046.jpg?lm=1,2500000,"[0.07599359057045636, 0.03425307647679131, 0.10811084142394824, 0.04744193815210883, 0.04636602849106252, 0.8440521227406474, 0.3348435814455232, 0.4685555555555556, 0.5111477505193608, 0.24574757281553394]"
João Palhinha,FC Bayern München,686,0.0879008746355685,0.0603498542274052,0.3935860058309038,12.72594752186589,0.2623906705539359,92.9,3.1486880466472305,64.52,2.230320699708455,1.7055393586005831,09/07/1995 00:00,Portugal,Midfield,right,190.0,https://img.a.transfermarkt.technology/portrait/header/257455-1684773447.jpg?lm=1,25000000,"[0.09247715282494118, 0.11449117618962946, 0.14609147230320704, 0.40078563863092187, 0.04176997901964525, 0.952080706179067, 0.4524781341107872, 0.7168888888888889, 0.202311258535452, 0.3426239067055393]"
Anrie Chase,VfB Stuttgart,737,0.0170963364993215,0.0573948439620081,0.0,5.251017639077341,0.2442333785617368,92.05,2.3202170963365,56.67,2.564450474898236,1.4654002713704208,24/03/2004 00:00,Japan,Defender,right,188.0,https://img.a.transfermarkt.technology/portrait/header/948537-1758627800.png?lm=1,2000000,"[0.017986402635345622, 0.10872593720039476, 0.0, 0.15498483184627085, 0.03887951914175935, 0.9342160571668767, 0.3334237901402081, 0.6296666666666667, 0.24928343278650544, 0.29438263229308004]"
Oscar Højlund,Eintracht Frankfurt,714,0.1210084033613445,0.0415966386554621,0.2521008403361344,8.823529411764705,1.0084033613445378,88.21,3.277310924369748,29.17,5.042016806722689,1.512605042016807,04/01/2005 00:00,Denmark,Midfield,right,184.0,https://img.a.transfermarkt.technology/portrait/header/846310-1724771793.jpg?lm=1,7500000,"[0.12730831925329916, 0.07790356400603497, 0.0935749299719888, 0.2724610208866729, 0.16052776250687192, 0.8535098781000419, 0.4709617180205415, 0.3241111111111111, 0.5975812682335294, 0.3038655462184874]"
Armin Gigovic,Holstein Kiel,1906,0.0883001049317943,0.0826337880377754,0.5194123819517313,5.099685204616999,0.944386149003148,79.73,2.1720881427072403,48.65,5.524658971668416,1.038824763903463,06/04/2002 00:00,Bosnia-Herzegovina,Midfield,right,187.0,https://img.a.transfermarkt.technology/portrait/header/651269-1752734921.jpg?lm=1,2000000,"[0.0928971677709754, 0.1579672363378697, 0.1927957764952781, 0.15000851299561685, 0.15033686047994038, 0.6752837326607819, 0.31213711087792934, 0.5405555555555556, 0.6654314077784402, 0.20868835257082896]"
Janik Haberer,1. FC Union Berlin,1704,0.038556338028169,0.0987676056338028,0.1584507042253521,5.334507042253521,0.1056338028169014,78.48,2.9577464788732395,33.33,4.383802816901408,1.1619718309859155,02/04/1994 00:00,Germany,Midfield,right,187.0,https://img.a.transfermarkt.technology/portrait/header/177779-1692707721.jpg?lm=1,2500000,"[0.04056365057780992, 0.18944439069466462, 0.05881382042253522, 0.15773024390771725, 0.01681584836119521, 0.6490121899957966, 0.4250391236306729, 0.37033333333333335, 0.5050491309619993, 0.23342723004694832]"
Derrick Köhn,SV Werder Bremen,1360,0.0496323529411764,0.1336764705882352,0.2647058823529412,9.727941176470589,0.9926470588235294,83.72,1.9852941176470589,40.91,3.772058823529412,0.9264705882352942,04/02/1999 00:00,Ghana,Defender,left,180.0,https://img.a.transfermarkt.technology/portrait/header/391780-1707464358.png?lm=1,4000000,"[0.052216302818735925, 0.2575517511535892, 0.09825367647058826, 0.3022011181071306, 0.15801951621770205, 0.7591424968474147, 0.2852941176470588, 0.45455555555555555, 0.41904977506088686, 0.18611764705882353]"
Aljoscha Kemlein,1. FC Union Berlin,902,0.0937915742793791,0.0668514412416851,0.2993348115299334,6.585365853658536,0.4988913525498891,75.45,1.5964523281596452,58.82,5.687361419068736,1.496674057649667,02/08/2004 00:00,Germany,Midfield,right,188.0,https://img.a.transfermarkt.technology/portrait/header/692737-1691614020.jpg?lm=1,9000000,"[0.09867453292457068, 0.1271758031723352, 0.11110726164079822, 0.19886268392230405, 0.07941852995420354, 0.5853299705758723, 0.2294161123429416, 0.6535555555555556, 0.6883042203136892, 0.3006651884700664]"
Dani de Wit,VfL Bochum 1848,1166,0.1636363636363636,0.0409090909090909,0.5403087478559176,5.480274442538593,0.0771869639794168,73.1,3.164665523156089,45.56,2.778730703259005,1.8524871355060035,28/01/1998 00:00,Netherlands,Midfield,right,184.0,https://img.a.transfermarkt.technology/portrait/header/340459-1753095664.jpg?lm=1,2500000,"[0.17215556808116592, 0.07656215510442935, 0.20055210120068614, 0.1625235657387985, 0.012287395200461678, 0.5359394703656997, 0.45477415666094906, 0.5062222222222222, 0.2794070822559389, 0.3721440823327616]"
Max Geschwill,Holstein Kiel,1284,0.0609813084112149,0.0616822429906542,0.1401869158878504,4.205607476635514,0.1401869158878504,77.65,3.925233644859813,41.67,3.714953271028037,0.911214953271028,07/07/2001 00:00,Germany,Defender,left,185.0,https://img.a.transfermarkt.technology/portrait/header/471890-1755504982.jpg?lm=1,1200000,"[0.06415610539473351, 0.11709067296182396, 0.05203465732087226, 0.12060823362014628, 0.022316359507380548, 0.6315678856662463, 0.5640706126687435, 0.463, 0.41102184052175833, 0.1830529595015576]"
Gift Orban,TSG Hoffenheim,690,0.4382608695652173,0.118695652173913,0.5217391304347826,3.652173913043478,0.5217391304347826,71.85,0.3913043478260869,35.71,2.347826086956521,1.9565217391304348,17/07/2002 00:00,Nigeria,Attack,right,178.0,https://img.a.transfermarkt.technology/portrait/header/1018259-1755091563.jpg?lm=1,8500000,"[0.46107752146955744, 0.22832410364784042, 0.1936594202898551, 0.10240947877351504, 0.08305566842746852, 0.5096679277007146, 0.056231884057971006, 0.3967777777777778, 0.21883023988669098, 0.39304347826086955]"
Lasse Rosenboom,Holstein Kiel,1747,0.0968517458500286,0.0628506010303377,0.2575844304522037,3.4516313680595307,0.3606182026330853,62.81,3.40011448196909,44.44,2.936462507155123,0.9788208357183744,19/01/2002 00:00,Germany,Defender,right,190.0,https://img.a.transfermarkt.technology/portrait/header/512352-1756808877.jpg?lm=1,1200000,"[0.10189402255061566, 0.1193701450173513, 0.09561033199771035, 0.09581496616608542, 0.05740682291137277, 0.319672131147541, 0.48860904407555805, 0.49377777777777776, 0.301581118596559, 0.19663423010875786]"
Mert Kömür,FC Augsburg,646,0.1588235294117647,0.1852941176470588,0.9752321981424148,7.801857585139318,1.671826625386997,76.04,0.8359133126934984,40.0,4.458204334365325,0.9752321981424148,17/07/2005 00:00,Germany,Midfield,both,184.0,https://img.a.transfermarkt.technology/portrait/header/777005-1755201514.jpg?lm=1,12000000,"[0.1670921690199552, 0.35825802444164334, 0.36198722910216724, 0.2388650188918041, 0.2661381325771824, 0.5977301387137455, 0.12012383900928791, 0.4444444444444445, 0.5155085431495929, 0.19591331269349843]"
Fredrik Jensen,FC Augsburg,772,0.0792746113989637,0.0757772020725388,0.0,6.878238341968912,0.8160621761658031,74.38,1.2823834196891193,31.58,1.7487046632124352,0.5829015544041452,09/09/1997 00:00,Finland,Midfield,right,183.0,https://img.a.transfermarkt.technology/portrait/header/249157-1722850499.jpg?lm=1,3000000,"[0.08340179075434721, 0.14459000472459493, 0.0, 0.2084933152513652, 0.12990896324633192, 0.5628415300546448, 0.1842832469775475, 0.35088888888888886, 0.1346053727743179, 0.11709844559585493]"
Donyell Malen,Borussia Dortmund,610,0.4337704918032787,0.0708196721311475,0.8852459016393442,9.0,1.6229508196721312,75.44,0.4426229508196721,25.0,2.2131147540983607,0.2950819672131147,19/01/1999 00:00,Netherlands,Attack,right,176.0,https://img.a.transfermarkt.technology/portrait/header/326029-1711746104.jpg?lm=1,25000000,"[0.4563533665364678, 0.1349178403862532, 0.32858606557377057, 0.27826396668578657, 0.2583575915428222, 0.5851197982345522, 0.06360655737704918, 0.2777777777777778, 0.19989243586425354, 0.059278688524590145]"
Milos Veljkovic,SV Werder Bremen,1038,0.0485549132947976,0.0485549132947976,0.0867052023121387,6.416184971098266,0.0,87.89,1.0404624277456649,58.14,2.77456647398844,0.4335260115606936,26/09/1995 00:00,Serbia,Defender,right,188.0,https://img.a.transfermarkt.technology/portrait/header/202228-1694527030.jpg?lm=1,2500000,"[0.051082769719652234, 0.091479190702922, 0.03218328516377649, 0.19329944813575775, 0.0, 0.8467843631778058, 0.14951830443159925, 0.646, 0.2788216722822027, 0.08709055876685932]"
Nelson Weiper,1. FSV Mainz 05,710,0.5197183098591549,0.0925352112676056,1.5211267605633805,6.591549295774648,1.2676056338028168,69.51,0.8873239436619718,43.59,2.535211267605633,2.408450704225352,17/03/2005 00:00,Germany,Attack,right,192.0,https://img.a.transfermarkt.technology/portrait/header/796213-1692000176.jpg?lm=1,12000000,"[0.546775783131027, 0.17728495984021436, 0.5646126760563382, 0.19906601627253068, 0.20179018033434248, 0.46048759983186227, 0.12751173708920185, 0.4843333333333334, 0.24517296660871352, 0.4838309859154929]"
Paul Wanner,1. FC Heidenheim,1781,0.1465468837731611,0.0914654688377316,0.3537338573834924,8.893879842784953,1.2633352049410445,77.12,2.2234699606962383,40.0,4.54800673778776,1.162268388545761,23/12/2005 00:00,Austria,Midfield,left,185.0,https://img.a.transfermarkt.technology/portrait/header/900909-1780305172.jpg?lm=1,14000000,"[0.15417637905079148, 0.17519788730535146, 0.1312991297024144, 0.2747743794028833, 0.20111037063080178, 0.6204287515762927, 0.31952086842597793, 0.4444444444444445, 0.528133021585632, 0.2334868051656373]"
Josha Vagnoman,VfB Stuttgart,1835,0.0720980926430517,0.1079019073569482,0.3433242506811989,6.768392370572207,0.3923705722070844,82.38,1.9618528610354224,53.49,4.512261580381471,0.88283378746594,11/12/2000 00:00,Germany,Defender,right,190.0,https://img.a.transfermarkt.technology/portrait/header/448258-1691999620.jpg?lm=1,10000000,"[0.07585164947881337, 0.20726545651307215, 0.12743528610354224, 0.20488121068119078, 0.06246148361302808, 0.7309794031105505, 0.28192552225249773, 0.5943333333333334, 0.5231079448430226, 0.17735149863760213]"
Sirlord Conteh,1. FC Heidenheim,896,0.2059151785714285,0.1456473214285714,0.5022321428571428,7.232142857142857,0.6026785714285714,76.26,1.0044642857142856,44.44,1.7075892857142856,0.8035714285714286,09/07/1996 00:00,Germany,Attack,right,178.0,https://img.a.transfermarkt.technology/portrait/header/307183-1721852922.jpg?lm=1,1500000,"[0.2166354944324939, 0.28090693770139125, 0.18641880580357145, 0.2201308846625226, 0.09594042056074767, 0.6023539302227827, 0.14434523809523805, 0.49377777777777776, 0.1288253471087094, 0.16142857142857142]"
Carlo Boukhalfa,FC St. Pauli,1667,0.076124775044991,0.0593881223755249,0.2159568086382723,5.938812237552489,0.647870425914817,72.91,2.051589682063588,36.36,3.239352129574085,0.9718056388722256,03/05/1999 00:00,Germany,Midfield,left,186.0,https://img.a.transfermarkt.technology/portrait/header/329373-1755009056.png?lm=1,500000,"[0.08008796823451962, 0.11261483280274648, 0.08015896820635872, 0.1776018289095594, 0.10313451328425904, 0.531946195880622, 0.2948210357928415, 0.404, 0.344161532494178, 0.1952249550089982]"
Henri Koudossou,FC Augsburg,741,0.0109311740890688,0.0959514170040485,0.0,7.408906882591093,0.97165991902834,82.8,4.008097165991903,53.33,4.736842105263158,0.8502024291497977,03/09/1999 00:00,Germany,Defender,right,180.0,https://img.a.transfermarkt.technology/portrait/header/515624-1722850046.jpg?lm=1,1200000,"[0.011500270742264096, 0.1839499933724553, 0.0, 0.22594347966300843, 0.15467857277990088, 0.7398066414459856, 0.575978407557355, 0.5925555555555556, 0.5546796164851081, 0.17079622132253713]"
Stefan Lainer,Borussia M'gladbach,764,0.037696335078534,0.0494764397905759,0.1178010471204188,6.479057591623037,0.5890052356020943,82.78,4.005235602094241,35.71,2.8272251308900525,1.2958115183246073,27/08/1992 00:00,Austria,Defender,right,175.0,https://img.a.transfermarkt.technology/portrait/header/85791-1754993552.png?lm=1,1000000,"[0.03965887432236281, 0.093277093250093, 0.04372545811518324, 0.19536691112096086, 0.09376376180457016, 0.739386296763346, 0.5755671902268761, 0.3967777777777778, 0.2862244594369963, 0.2603141361256544]"
Joe Scally,Borussia M'gladbach,2586,0.0132250580046403,0.0448955916473317,0.0348027842227378,5.498839907192576,1.0788863109048723,84.71,2.1229698375870067,45.28,3.3758700696055683,0.8004640371229698,31/12/2002 00:00,United States,Defender,right,184.0,https://img.a.transfermarkt.technology/portrait/header/504153-1760967039.jpg?lm=1,7000000,"[0.013913578394804135, 0.08433983687963302, 0.012918116782675942, 0.1631340605878256, 0.1717479454431121, 0.7799495586380831, 0.30507862851250317, 0.5031111111111112, 0.36335331049095027, 0.16080433101314767]"
Yan Couto,Borussia Dortmund,892,0.0272421524663677,0.2300448430493273,0.2017937219730941,14.630044843049326,1.311659192825112,85.2,3.430493273542601,12.5,5.54932735426009,1.210762331838565,03/06/2002 00:00,Brazil,Midfield,right,168.0,https://img.a.transfermarkt.technology/portrait/header/627228-1723922216.jpg?lm=1,20000000,"[0.02866042809422997, 0.44556690113382763, 0.0749019058295964, 0.4633987554202905, 0.2088030677674867, 0.7902480033627575, 0.49297458893871443, 0.1388888888888889, 0.6688993045407974, 0.24322869955156948]"
Kilian Fischer,VfL Wolfsburg,2306,0.0128794449262792,0.037467476149176,0.039028620988725,7.766695576756287,0.3902862098872506,81.52,3.23937554206418,37.93,3.278404163052905,1.326973113616652,12/10/2000 00:00,Germany,Defender,both,182.0,https://img.a.transfermarkt.technology/portrait/header/435796-1752736015.jpg?lm=1,7500000,"[0.013549972075772528, 0.06984754844734531, 0.014486665221162163, 0.23770877392840742, 0.062129673910400335, 0.7129045817570407, 0.4655102630818155, 0.42144444444444445, 0.34965149195793194, 0.2665741543798785]"
Michael Gregoritsch,SC Freiburg,645,0.2511627906976744,0.101860465116279,0.8372093023255813,5.162790697674418,0.5581395348837209,64.1,0.6976744186046512,47.69,2.511627906976744,0.9767441860465116,18/04/1994 00:00,Austria,Attack,left,193.0,https://img.a.transfermarkt.technology/portrait/header/120205-1773661423.jpg?lm=1,1500000,"[0.26423877891527797, 0.19547857415771255, 0.3107558139534884, 0.15208363361203528, 0.088850249945664, 0.3467843631778058, 0.10025839793281653, 0.5298888888888889, 0.2418576029172963, 0.19621705426356587]"
Yannick Gerhardt,VfL Wolfsburg,1515,0.073069306930693,0.0659405940594059,0.2376237623762376,8.613861386138614,0.0594059405940594,79.13,2.6732673267326734,42.31,2.910891089108912,1.1881188118811885,13/03/1994 00:00,Germany,Midfield,left,184.0,https://img.a.transfermarkt.technology/portrait/header/119277-1657203024.jpg?lm=1,2000000,"[0.07687342693525323, 0.12539873601625717, 0.08820132013201322, 0.265566431818419, 0.009456833533820671, 0.6626733921815888, 0.38415841584158417, 0.47011111111111115, 0.29798627254121746, 0.23867986798679874]"
Junior Adamu,SC Freiburg,1555,0.3235369774919614,0.1099678456591639,0.6945337620578778,4.282958199356913,0.5787781350482315,64.69,1.215434083601286,32.12,3.0096463022508035,2.1993569131832795,06/06/2001 00:00,Austria,Attack,right,183.0,https://img.a.transfermarkt.technology/portrait/header/452477-1753955032.jpg?lm=1,5000000,"[0.34038089650517345, 0.21129611190156933, 0.25779742765273317, 0.12315178524516873, 0.09213570934879947, 0.35918453131567873, 0.17466237942122184, 0.35688888888888887, 0.3118693426066317, 0.44182636655948543]"
Hyun-seok Hong,1. FSV Mainz 05,543,0.0861878453038674,0.2005524861878453,0.3314917127071823,10.607734806629834,0.6629834254143646,79.82,2.4861878453038675,30.77,4.143646408839779,0.4972375690607735,16/06/1999 00:00,"Korea, South",Midfield,left,177.0,https://img.a.transfermarkt.technology/portrait/header/562948-1752587798.jpg?lm=1,3000000,"[0.09067494009431577, 0.3880271735554564, 0.12304327808471456, 0.3311316883583749, 0.10554035214540197, 0.6771752837326606, 0.3572744014732965, 0.3418888888888889, 0.4712877918518566, 0.09988950276243093]"
Luca Netz,Borussia M'gladbach,962,0.0205821205821205,0.0982328482328482,0.0,9.44906444906445,0.5613305613305614,81.26,3.180873180873181,44.0,3.9293139293139294,0.7484407484407485,15/05/2003 00:00,Germany,Defender,left,184.0,https://img.a.transfermarkt.technology/portrait/header/524285-1760967382.jpg?lm=1,6000000,"[0.021653662929127855, 0.18840107647885057, 0.0, 0.2930307144157558, 0.08935822954514544, 0.707440100882724, 0.4571032571032571, 0.48888888888888893, 0.44115679688072523, 0.15035343035343035]"
Arthur Vermeeren,RB Leipzig,1585,0.021577287066246,0.0755205047318612,0.056782334384858,10.050473186119874,0.3406940063091482,86.48,3.123028391167193,28.57,5.337539432176656,1.249211356466877,07/02/2005 00:00,Belgium,Midfield,right,180.0,https://img.a.transfermarkt.technology/portrait/header/926694-1729520583.jpg?lm=1,28000000,"[0.02270063957663318, 0.14408918700012302, 0.021076498422712923, 0.3128070541398167, 0.054235089477873755, 0.8171500630517026, 0.44879074658254475, 0.3174444444444445, 0.639126025057635, 0.2509526813880126]"
Tim Oermann,VfL Bochum 1848,2132,0.0067542213883677,0.0312382739212007,0.0,3.3771106941838647,0.2532833020637898,83.94,2.870544090056285,41.27,4.094746716697936,0.6754221388367729,06/10/2003 00:00,Germany,Defender,right,189.0,https://img.a.transfermarkt.technology/portrait/header/696164-1657283257.jpg?lm=1,4000000,"[0.007105858344813573, 0.05769434546964776, 0.0, 0.0933644760547399, 0.04032017674598025, 0.7637662883564522, 0.4125078173858661, 0.4585555555555556, 0.4644134423306118, 0.13568480300187616]"
Jonas Föhrenbach,1. FC Heidenheim,1832,0.0127729257641921,0.1051310043668122,0.0491266375545851,5.453056768558953,0.343886462882096,74.93,2.9967248908296944,43.75,3.2914847161572056,0.6877729257641921,26/01/1996 00:00,Germany,Defender,left,184.0,https://img.a.transfermarkt.technology/portrait/header/192169-1755087596.jpg?lm=1,1500000,"[0.013437907333846427, 0.2018594116877178, 0.01823485262008732, 0.16162855717980162, 0.05474329673917479, 0.5744010088272384, 0.43064046579330423, 0.4861111111111111, 0.3514903643522475, 0.1381659388646288]"
Aster Vranckx,VfL Wolfsburg,571,0.0,0.0709281961471103,0.0,5.831873905429072,0.788091068301226,83.84,3.309982486865149,31.82,3.467600700525394,1.8914185639229424,04/10/2002 00:00,Belgium,Midfield,right,183.0,https://img.a.transfermarkt.technology/portrait/header/503881-1657202999.jpg?lm=1,7000000,"[0.0, 0.1351295712541367, 0.0, 0.17408533728698714, 0.1254562417139958, 0.7616645649432536, 0.47565674255691764, 0.35355555555555557, 0.3762488603630854, 0.3799649737302977]"
Siebe Van der Heyden,FC St. Pauli,876,0.1777397260273972,0.0164383561643835,0.2054794520547945,5.6506849315068495,0.1027397260273972,81.43,3.493150684931507,63.27,3.2876712328767126,1.6438356164383563,30/05/1998 00:00,Belgium,Defender,left,185.0,https://img.a.transfermarkt.technology/portrait/header/400131-1642262598.jpg?lm=1,3000000,"[0.18699317697400614, 0.028819636001386945, 0.07626997716894979, 0.16812723511493693, 0.01635514018691588, 0.7110130306851619, 0.5019786910197869, 0.7030000000000001, 0.3509542624707164, 0.3302283105022831]"
Armindo Sieb,1. FSV Mainz 05,772,0.3287564766839378,0.0676165803108808,0.8160621761658031,6.1787564766839385,1.2823834196891193,71.35,1.2823834196891193,37.5,3.380829015544041,1.5155440414507773,17/02/2003 00:00,Germany,Attack,both,175.0,https://img.a.transfermarkt.technology/portrait/header/569033-1722886149.jpg?lm=1,1500000,"[0.3458721322459694, 0.12866859311136475, 0.3029064119170985, 0.18549200159166584, 0.20414265652995014, 0.4991593106347203, 0.1842832469775475, 0.4166666666666667, 0.36405044223442085, 0.30445595854922275]"
Fiete Arp,Holstein Kiel,711,0.2772151898734177,0.2151898734177215,1.3924050632911391,4.556962025316455,1.7721518987341771,65.19,2.0253164556962022,13.33,2.6582278481012658,2.531645569620253,06/01/2000 00:00,Germany,Midfield,right,186.0,https://img.a.transfermarkt.technology/portrait/header/343337-1756889674.jpg?lm=1,500000,"[0.2916475130151398, 0.4165847851977524, 0.5168336849507736, 0.1321619515663291, 0.28210891596671794, 0.369693148381673, 0.29104547585560236, 0.1481111111111111, 0.26246671497797386, 0.5085794655414907]"
Timo Becker,Holstein Kiel,2444,0.0556055646481178,0.0360883797054009,0.1472995090016366,2.7986906710310966,0.44189852700491,77.07,2.5777414075286416,44.93,3.6088379705400975,0.3314238952536825,25/03/1997 00:00,Germany,Defender,right,190.0,https://img.a.transfermarkt.technology/portrait/header/282349-1753385190.jpg?lm=1,1500000,"[0.05850049070843217, 0.06715692476976608, 0.05467471358428804, 0.07434408247503349, 0.07034584028022088, 0.6193778898696931, 0.37043098745226405, 0.49922222222222223, 0.3961040847414144, 0.06657937806873976]"
Lewis Holtby,Holstein Kiel,1235,0.0415384615384615,0.1319028340080972,0.0728744939271255,6.048582995951417,0.5101214574898786,80.5,4.008097165991903,40.0,5.246963562753037,0.9473684210526316,18/09/1990 00:00,Germany,Midfield,left,176.0,https://img.a.transfermarkt.technology/portrait/header/55508-1721850987.jpg?lm=1,400000,"[0.04370102882060363, 0.2540913778058944, 0.027049595141700408, 0.1812114602236867, 0.08120625070944797, 0.6914670029424128, 0.575978407557355, 0.4444444444444445, 0.6263928122839744, 0.1903157894736842]"
Luca Kerber,1. FC Heidenheim,785,0.0687898089171974,0.0470063694267515,0.5732484076433122,3.3248407643312103,0.1146496815286624,75.21,3.554140127388536,36.67,3.0955414012738856,2.5222929936305736,10/03/2002 00:00,Germany,Midfield,right,184.0,https://img.a.transfermarkt.technology/portrait/header/809498-1721852758.jpg?lm=1,2000000,"[0.07237113053093595, 0.08845797430000707, 0.21277866242038224, 0.09164566515887547, 0.018251086374188936, 0.580285834384195, 0.5107430997876858, 0.4074444444444445, 0.3239445297291563, 0.5067006369426752]"
Maximilian Bauer,FC Augsburg,656,0.0246951219512195,0.0164634146341463,0.1371951219512195,5.899390243902439,0.0,81.87,2.7439024390243905,61.76,2.7439024390243905,0.9603658536585366,09/02/2000 00:00,Germany,Defender,right,189.0,https://img.a.transfermarkt.technology/portrait/header/388363-1755201222.jpg?lm=1,1500000,"[0.025980794573224726, 0.028868525194287144, 0.050924161585365856, 0.176305501319042, 0.0, 0.7202606137032368, 0.3943089430894309, 0.6862222222222222, 0.2745109029329173, 0.19292682926829266]"
Samuel Essende,FC Augsburg,1647,0.2289617486338798,0.0765027322404371,0.7103825136612022,4.590163934426229,0.7650273224043715,66.1,0.3825136612021858,42.96,2.295081967213114,2.459016393442623,23/01/1998 00:00,DR Congo,Attack,right,193.0,https://img.a.transfermarkt.technology/portrait/header/395522-1755201898.jpg?lm=1,3500000,"[0.24088191053008318, 0.14600551751005433, 0.2636801760777171, 0.13325374188061212, 0.12178472328617879, 0.3888188314417822, 0.05496862983201781, 0.4773333333333334, 0.21141543831176834, 0.49398907103825135]"
Dennis Geiger,TSG Hoffenheim,744,0.0205645161290322,0.089516129032258,0.1209677419354838,10.282258064516128,0.4838709677419354,88.35,3.75,33.33,4.233870967741935,3.1451612903225805,10/06/1998 00:00,Germany,Midfield,right,173.0,https://img.a.transfermarkt.technology/portrait/header/251309-1723921207.jpg?lm=1,1500000,"[0.02163514195643679, 0.1713947161348874, 0.04490087365591396, 0.3204289196293465, 0.07702743442870062, 0.8564522908785202, 0.5388888888888889, 0.37033333333333335, 0.48397161717113363, 0.6318279569892472]"
Arthur,Bayer 04 Leverkusen,765,0.0070588235294117,0.1164705882352941,0.0,9.294117647058824,0.5882352941176471,82.26,2.7058823529411766,43.48,3.647058823529412,2.3529411764705883,17/06/1999 00:00,Brazil,Defender,right,190.0,https://img.a.transfermarkt.technology/portrait/header/517518-1534845952.jpg?lm=1,10000,"[0.007426318623109052, 0.22398299339090466, 0.0, 0.2879355430176428, 0.09364119479567529, 0.7284573350147121, 0.38884531590413945, 0.4831111111111111, 0.40147719632842654, 0.47267973856209144]"
Magnus Knudsen,Holstein Kiel,1865,0.0342627345844504,0.096514745308311,0.193029490616622,4.343163538873995,0.4343163538873995,84.94,2.89544235924933,28.21,3.812332439678285,1.351206434316354,15/06/2001 00:00,Norway,Midfield,right,186.0,https://img.a.transfermarkt.technology/portrait/header/651735-1721850811.jpg?lm=1,2000000,"[0.036046514389112765, 0.18504904955561113, 0.07164879356568367, 0.12513153907003297, 0.06913883390543961, 0.7847835224884405, 0.4160857908847185, 0.31344444444444447, 0.42471146538582244, 0.27144235924932975]"
Silvan Widmer,1. FSV Mainz 05,546,0.0543956043956044,0.0857142857142857,0.1648351648351648,8.736263736263737,0.0,78.4,2.6373626373626373,48.15,2.6373626373626373,0.8241758241758242,05/03/1993 00:00,Switzerland,Defender,right,183.0,https://img.a.transfermarkt.technology/portrait/header/168989-1629202510.jpg?lm=1,800000,"[0.05722753774126671, 0.16397730185907272, 0.061183608058608056, 0.2695914323046936, 0.0, 0.6473308112652376, 0.378998778998779, 0.535, 0.25953347051018244, 0.16556776556776556]"
Tim Skarke,1. FC Union Berlin,1114,0.1365350089766606,0.0904847396768402,0.6463195691202872,5.332136445242369,0.8078994614003591,72.01,1.5350089766606825,25.0,4.201077199281867,0.8078994614003591,07/09/1996 00:00,Germany,Attack,right,181.0,https://img.a.transfermarkt.technology/portrait/header/287920-1747224742.jpg?lm=1,1800000,"[0.14364326798154728, 0.17328448007883182, 0.23990125673249554, 0.15765229071390283, 0.12860954042853068, 0.5130306851618329, 0.22058647516457214, 0.2777777777777778, 0.4793614485455448, 0.1622980251346499]"
Marko Ivezic,Holstein Kiel,1657,0.0298732649366324,0.0141219070609535,0.0,2.172601086300543,0.2172601086300543,86.11,3.041641520820761,51.52,3.856366928183464,1.4665057332528666,02/12/2001 00:00,Serbia,Defender,right,191.0,https://img.a.transfermarkt.technology/portrait/header/706024-1756808564.jpg?lm=1,1500000,"[0.031428521028697996, 0.024300232856140087, 0.0, 0.053756153563407794, 0.03458564346104603, 0.8093736864228667, 0.4370951518809093, 0.5724444444444445, 0.43090186151542936, 0.2946047073023536]"
David Jurásek,TSG Hoffenheim,615,0.0160975609756097,0.128780487804878,0.2926829268292683,9.804878048780488,0.4390243902439024,73.7,1.7560975609756098,60.0,5.853658536585366,0.1463414634146341,07/08/2000 00:00,Czech Republic,Defender,left,183.0,https://img.a.transfermarkt.technology/portrait/header/500054-1701333965.jpg?lm=1,4500000,"[0.016935629055139033, 0.24799966561136194, 0.10863821138211384, 0.3047310609402808, 0.0698883063596991, 0.548549810844893, 0.25235772357723574, 0.6666666666666667, 0.7116823738380265, 0.029398373983739828]"
Lennard Maloney,1. FSV Mainz 05,800,0.037125,0.007875,0.0,2.475,0.1124999999999999,71.38,4.05,60.0,4.6125,1.4625,08/10/1999 00:00,United States,Midfield,right,188.0,https://img.a.transfermarkt.technology/portrait/header/392710-1752587852.jpg?lm=1,3500000,"[0.039057794508414526, 0.012112487665652592, 0.0, 0.06370004576355771, 0.017908878504672883, 0.4997898276586801, 0.582, 0.6666666666666667, 0.5371995250091344, 0.29379999999999995]"
Anthony Losilla,VfL Bochum 1848,1090,0.0107339449541284,0.0528440366972477,0.0,5.4495412844036695,0.0825688073394495,77.56,3.798165137614679,56.52,3.7155963302752295,1.4862385321100915,10/03/1986 00:00,France,Midfield,right,185.0,https://img.a.transfermarkt.technology/portrait/header/111266-1657283817.jpg?lm=1,500000,"[0.011292773502571853, 0.09984729072578989, 0.0, 0.16151295625040737, 0.013144131012603956, 0.6296763345943674, 0.5458103975535168, 0.6280000000000001, 0.41111224219576575, 0.29856880733944946]"
Koji Miyoshi,VfL Bochum 1848,453,0.2205298013245033,0.1271523178807947,0.9933774834437088,5.364238410596027,0.9933774834437088,64.1,1.9867549668874167,13.33,4.370860927152318,1.7880794701986755,26/03/1997 00:00,Japan,Midfield,left,167.0,https://img.a.transfermarkt.technology/portrait/header/295060-1753298404.jpg?lm=1,1000000,"[0.2320109808246177, 0.2448230983969117, 0.3687224061810156, 0.15870791118219252, 0.15813579253574306, 0.3467843631778058, 0.28550404709345095, 0.1481111111111111, 0.5032297519494977, 0.359205298013245]"
Stanley Nsoki,TSG Hoffenheim,1324,0.0067975830815709,0.0299093655589123,0.0679758308157099,4.962235649546828,0.7477341389728097,86.58,3.262839879154079,57.89,5.370090634441088,0.8157099697885197,09/04/1999 00:00,France,Defender,left,184.0,https://img.a.transfermarkt.technology/portrait/header/371141-1755624516.jpg?lm=1,1800000,"[0.007151477526030205, 0.05510163897617114, 0.02523130664652566, 0.14548870985923804, 0.11903182087698, 0.8192517864649012, 0.46888217522658615, 0.6432222222222223, 0.6437020935746588, 0.16386706948640484]"
Lukas Ullrich,Borussia M'gladbach,1916,0.040866388308977,0.090187891440501,0.0939457202505219,3.710855949895616,0.3757828810020877,77.65,2.2546972860125263,41.18,3.4290187891440502,1.033402922755741,16/03/2004 00:00,Germany,Defender,left,180.0,https://img.a.transfermarkt.technology/portrait/header/787151-1691248738.jpg?lm=1,7000000,"[0.04299396624574, 0.17270532776722441, 0.03487082463465553, 0.10433914128917748, 0.05982088853335415, 0.6315678856662463, 0.32400835073068895, 0.45755555555555555, 0.3708249909599056, 0.20759916492693106]"
Moritz Broschinski,VfL Bochum 1848,1309,0.2647058823529412,0.1003819709702062,0.7563025210084033,4.606569900687548,0.962566844919786,69.92,1.306340718105424,40.0,3.9877769289534,1.650114591291062,23/09/2000 00:00,Germany,Attack,right,190.0,https://img.a.transfermarkt.technology/portrait/header/406973-1691250658.jpg?lm=1,1500000,"[0.278486948366592, 0.1925940250933293, 0.28072478991596644, 0.1337932251675924, 0.1532310460292868, 0.46910466582597743, 0.18772599949070537, 0.4444444444444445, 0.4493755621935284, 0.3314896867838044]"
Jordy Makengo,SC Freiburg,753,0.0,0.0585657370517928,0.0,5.0199203187251,0.4780876494023904,84.43,2.749003984063745,45.45,3.1075697211155378,0.597609561752988,03/08/2001 00:00,France,Defender,left,191.0,https://img.a.transfermarkt.technology/portrait/header/815078-1753955122.jpg?lm=1,6000000,"[0.0, 0.11101035515064682, 0.0, 0.14738557557509882, 0.07610678780206277, 0.7740647330811266, 0.39504205400619735, 0.505, 0.3256354785086495, 0.12005312084993357]"
Merlin Röhl,SC Freiburg,966,0.0717391304347826,0.103416149068323,0.2795031055900621,6.242236024844721,1.1180124223602486,77.97,2.049689440993789,32.08,4.565217391304349,1.956521739130435,05/07/2002 00:00,Germany,Midfield,right,192.0,https://img.a.transfermarkt.technology/portrait/header/608832-1726649794.jpg?lm=1,16000000,"[0.07547399905007637, 0.19851372089824193, 0.10374611801242237, 0.18757942239653158, 0.1779764323445754, 0.6382934005884826, 0.2945479641131815, 0.35644444444444445, 0.5305525060972909, 0.39304347826086955]"
Carl Johansson,Holstein Kiel,578,0.0077854671280276,0.043598615916955,0.1557093425605536,1.7128027681660898,0.0,88.12,2.179930795847751,58.82,2.8027681660899653,0.7785467128027681,23/05/1994 00:00,Sweden,Defender,right,194.0,https://img.a.transfermarkt.technology/portrait/header/225043-1756808586.jpg?lm=1,450000,"[0.008190792599017326, 0.08180943110188724, 0.05779628027681661, 0.038636440157679884, 0.0, 0.8516183270281632, 0.3132641291810842, 0.6535555555555556, 0.28278628392094396, 0.15640138408304496]"
