player_id,team_id,name,dob,height_cm,preferred_foot,country,category,positions,transfermarkt_value,minutes_played,npxg_per_90,shots_per_90,sot_per_90,headed_shots_per_90,top_speed,distance_covered_per_90,running_distance_per_90,sprint_distance_per_90,sprints_per_90,xa_per_90,succ_pass_per_90,succ_pass_rate,acc_long_balls_per_90,succ_long_balls_rate,chances_created_per_90,big_chances_created_per_90,succ_crosses_per_90,succ_crosses_rate,succ_dribbles_per_90,succ_dribbles_rate,duels_won_per_90,duels_won_rate,aerials_won_per_90,aerials_won_rate,touches_per_90,touches_opp_box_per_90,dispossessed_per_90,fouls_won_per_90,defcon_per_90,tackles_per_90,interceptions_per_90,blocks_per_90,fouls_committed_per_90,recoveries_per_90,poss_won_final_3rd_per_90,succ_dribbles_def_per_90,clearances_per_90,main_role,npxg_percentile,shots_percentile,sot_percentile,headed_shots_percentile,xa_percentile,succ_pass_percentile,succ_pass_rate_percentile,acc_long_balls_percentile,succ_long_balls_rate_percentile,chances_created_percentile,big_chances_created_percentile,succ_crosses_percentile,succ_crosses_rate_percentile,succ_dribbles_percentile,succ_dribbles_rate_percentile,duels_won_percentile,duels_won_rate_percentile,aerials_won_percentile,aerials_won_rate_percentile,touches_percentile,touches_opp_box_percentile,dispossessed_percentile,fouls_won_percentile,defcon_percentile,tackles_percentile,interceptions_percentile,blocks_percentile,fouls_committed_percentile,recoveries_percentile,poss_won_final_3rd_percentile,succ_dribbles_def_percentile,clearances_percentile,stats_vector,umap_x,umap_y
209405,8650,Virgil van Dijk,1991-07-08,193.0,right,Netherlands,CB,,15000000.0,3420,0.099239474848697,0.7894736842105263,0.368421052631579,0.6052631578947368,,,,,,0.0354383117274234,65.39473684210526,89.00429799426934,3.605263157894737,45.97315436241611,0.3157894736842105,0.0,0.0,0.0,0.0526315789473684,100.0,5.684210526315789,73.46938775510205,4.578947368421052,74.35897435897436,85.8157894736842,1.868421052631579,0.0263157894736842,0.4736842105263157,9.236842105263158,0.5789473684210527,0.736842105263158,0.6842105263157895,0.5,2.289473684210526,0.0789473684210526,0.0526315789473684,7.236842105263157,Center Back,92.32715008431704,81.87183811129847,94.94097807757167,93.08600337268128,65.34569983136593,95.4468802698145,81.61888701517707,83.89544688026982,68.12816188870153,58.34738617200674,21.922428330522767,20.27824620573356,20.27824620573356,17.200674536256326,93.00168634064082,67.62225969645868,99.15682967959528,90.38785834738617,96.964586846543,94.43507588532883,90.51433389544688,89.54468802698145,27.782462057335582,56.787521079258006,2.1079258010118047,13.827993254637436,47.048903878583474,91.39966273187183,7.841483979763912,60.11804384485666,1.93929173693086,82.1247892074199,"[5.506535646824028, 2.5625808420518106, -0.8390433086748662, 4.354263965980564, 0.9678153625644559, 1.6197137567131712, -0.7179917545475833, 0.12595853815027536, 0.7840741810204709, 0.7465364275717064, -0.011863617295097181, -0.3601175684391299, 0.7396657109551421, -1.2558800355364026, -0.12719659998168667, 0.16893710198915815, -0.228920764433297]",-1.2685297,7.0693855
766611,10203,Nikola Milenkovic,1997-10-12,195.0,right,Serbia,CB,,28000000.0,3375,0.0225173330307006,0.4266666666666666,0.0266666666666666,0.2933333333333333,,,,,,0.0190767685572306,35.54666666666667,86.6146848602989,2.24,41.37931034482759,0.08,0.0266666666666666,0.0,0.0,0.08,100.0,3.8133333333333335,66.82242990654206,2.373333333333333,69.53125,52.8,0.9333333333333332,0.0533333333333333,0.5333333333333333,8.373333333333333,0.8266666666666667,0.7733333333333333,0.96,0.5599999999999999,2.88,0.0,0.2666666666666666,5.8133333333333335,Center Back,30.6070826306914,38.364249578414835,15.767284991568298,61.04553119730185,39.03878583473862,36.00337268128162,63.23777403035413,39.46037099494098,51.55986509274874,9.865092748735245,44.73018549747049,20.27824620573356,20.27824620573356,24.620573355817875,93.00168634064082,17.706576728499158,90.05059021922428,49.4097807757167,89.46037099494097,11.973018549747048,48.4822934232715,84.90725126475547,33.895446880269816,37.85834738617201,8.347386172006747,16.441821247892076,79.51096121416526,88.15345699831366,24.283305227655987,15.935919055649242,24.78920741989882,59.61214165261383,"[4.798960349062011, 2.1855264240138936, -1.692016790476529, 1.0397643015677305, 0.33809178719927807, 2.4049957830408935, -0.6208467325884263, 0.5287740207439359, 1.0347569028758674, -0.25504586256611494, -0.38532540132767895, -0.4380239324657833, 0.16698244354269826, -0.20618265230028543, -0.2907657099329798, -0.6191081642498647, 0.9435889517777243]",-1.0055265,7.4448795
1137407,10261,Malick Thiaw,2001-08-08,194.0,right,Germany,CB,,45000000.0,2964,0.1433502083365251,0.8502024291497976,0.4251012145748988,0.48582995951417,,,,,,0.0295365327282955,46.12348178137652,89.6165191740413,2.580971659919028,57.43243243243244,0.1821862348178137,0.0303643724696356,0.0303643724696356,12.5,0.242914979757085,100.0,5.34412955465587,64.46886446886447,3.4615384615384617,65.14285714285714,64.19028340080972,1.5182186234817814,0.0910931174089068,0.3340080971659919,8.866396761133604,1.3360323886639676,0.9412955465587044,1.0020242914979756,0.728744939271255,3.582995951417004,0.0,0.3643724696356275,5.587044534412955,Center Back,98.22934232715008,85.7504215851602,96.964586846543,84.48566610455312,56.74536256323778,65.85160202360876,84.31703204047217,55.64924114671164,94.43507588532883,28.246205733558178,46.964586846543,43.59190556492412,46.50084317032041,65.7672849915683,93.00168634064082,59.44350758853288,82.29342327150084,75.50590219224283,73.77740303541316,48.81956155143339,81.28161888701517,76.39123102866779,15.43001686340641,48.735244519392914,42.580101180438454,32.377740303541316,82.79932546374368,76.55986509274874,57.251264755480605,15.935919055649242,43.08600337268128,54.97470489038786,"[4.516840903062353, 1.9174566323550848, -0.610648328503512, 2.534754774928894, 1.2013370083217085, 1.2225752225226818, -0.816512400850062, 1.4244398282476045, 0.4643453792033444, -0.5444322256639856, -0.23614318966491732, -0.27461752957489877, -0.03274221480645225, -0.3572977131132686, -0.266369638928897, -0.018262336032951767, 0.28783001231751165]",-1.1684749,7.1393495
919435,9937,Sepp van den Berg,2001-12-20,189.0,right,Netherlands,CB,,32000000.0,2761,0.1018750430103317,0.7497283592901123,0.2281781963056863,0.5867439333574792,,,,,,0.0484542525449294,41.03947844983701,88.53727144866386,1.727634914885911,51.45631067961165,0.2281781963056863,0.1629844259326331,0.0,0.0,0.0325968851865266,100.0,5.704454907642159,64.57564575645756,4.563563926113726,66.35071090047393,59.16334661354581,1.792828685258964,0.1303875407461064,0.3585657370517928,8.801159000362187,0.7497283592901123,0.945309670409272,0.7497283592901123,0.4889532777978993,3.5530604853314016,0.0325968851865266,0.2281781963056863,6.356392611372692,Center Back,92.91736930860034,77.31871838111299,77.82462057335582,92.15851602023609,79.67959527824621,51.77065767284992,78.75210792580101,18.887015177065766,85.32883642495784,40.21922428330523,92.66441821247892,20.27824620573356,20.27824620573356,13.490725126475548,93.00168634064082,68.29679595278246,82.54637436762225,90.05059021922428,78.49915682967959,30.269814502529513,88.87015177065767,63.322091062394605,17.158516020236085,47.63912310286678,6.239460370994941,32.79932546374368,56.323777403035415,91.73693086003372,55.733558178752105,36.42495784148398,17.36930860033727,68.88701517706576,"[4.139775850455419, 2.626551330260954, -0.665896337808011, 2.76208529103648, 0.37754416706122235, 1.7267224840020476, -1.1342426335582776, 0.6037574431276306, 0.8910487670766095, -0.050767344938151895, -0.19016714528881476, -0.5745208247528879, -0.3123889482491613, -0.402513997345408, -1.0911300786124065, -0.8698264881178642, 0.18949129554149968]",-1.2166574,6.9868336
956682,10261,Sven Botman,2000-01-12,193.0,left,Netherlands,CB,,35000000.0,1838,0.0851278563189169,0.73449401523395,0.1958650707290533,0.5386289445048966,,,,,,0.0431622767474368,50.77801958650707,87.14285714285714,2.3014145810663766,43.11926605504587,0.3917301414581066,0.1468988030467899,0.0,0.0,0.1958650707290533,100.0,6.414581066376496,65.82914572864321,4.26006528835691,64.44444444444444,74.47769314472252,2.05658324265506,0.2448313384113166,0.9303590859630032,10.57671381936888,1.0772578890097932,1.32208922742111,1.2731229597388465,0.6365614798694232,4.309031556039173,0.0489662676822633,0.1468988030467899,6.90424374319913,Center Back,86.08768971332209,76.0539629005059,70.15177065767286,88.87015177065767,74.53625632377741,77.15008431703204,67.53794266441821,41.8212478920742,58.43170320404722,72.93423271500843,90.55649241146712,20.27824620573356,20.27824620573356,56.23946037099494,93.00168634064082,82.37774030354132,87.01517706576728,86.84654300168634,70.82630691399663,78.75210792580101,93.50758853288364,34.56998313659359,70.74198988195616,78.83642495784149,20.82630691399663,73.18718381112986,95.69983136593592,83.72681281618887,81.70320404721754,45.86846543001686,8.178752107925801,77.23440134907251,"[5.239532583413663, 2.0178599193609594, 0.4966658265005847, 3.2183754941012372, 0.5004406400072209, 1.8221158334480048, -1.2345154606166135, 0.328783767173043, 0.4455306231413689, -0.12640934067702467, 1.0035224946403651, 0.11338684095714693, 0.3598215253222522, 0.2191672868268412, -0.7560412724787541, -0.5015204980551378, 0.6091442397680018]",-1.2504371,6.914092
948555,10003,Ben Cabango,2000-05-30,188.0,right,Wales,CB,,9000000.0,4035,0.0582289961634072,0.5130111524163569,0.1115241635687732,0.4014869888475836,,,,,,0.0229636311087909,54.15613382899629,83.92671966816454,2.855018587360595,31.76178660049628,0.2453531598513011,0.0,0.0,0.0,0.0669144981412639,100.0,5.754646840148699,61.57517899761336,3.479553903345725,58.42696629213483,79.62825278810409,1.003717472118959,0.0446096654275093,0.6468401486988847,10.438661710037174,1.650557620817844,1.070631970260223,0.6914498141263941,0.5576208178438662,3.2788104089219328,0.0446096654275093,0.5353159851301115,7.026022304832714,Center Back,68.21247892074199,51.68634064080945,40.55649241146712,75.46374367622259,46.20573355817875,83.97976391231029,45.531197301854974,65.68296795952783,15.640809443507589,43.92917369308601,21.922428330522767,20.27824620573356,20.27824620573356,21.247892074198987,93.00168634064082,69.81450252951096,68.21247892074199,76.13827993254637,43.84485666104553,88.44856661045532,53.96290050590219,86.84654300168634,45.10961214165262,76.47554806070826,65.59865092748736,48.90387858347386,47.89207419898819,88.36424957841484,43.00168634064081,43.59190556492412,69.3929173693086,78.66779089376054,"[5.415943937907068, 1.5172352807409646, 0.039548280642551115, 1.6206923230450858, 0.3260390721792768, 1.559425540582173, -1.5059884807545092, 0.5600930271915623, 0.47663125903956116, 0.017326597699385833, 0.35735735228488064, -0.12130514995684512, 1.046485188850408, -0.9345570416944855, -0.5922355354982962, 0.3210212329600046, -0.2530078627165179]",-1.0904139,7.269953
205893,8197,Jannik Vestergaard,1992-08-03,199.0,left,Denmark,CB,,1000000.0,2605,0.1328510542519948,0.8982725527831095,0.3109404990403071,0.4836852207293666,,,,,,0.0413831428923213,51.44337811900192,86.72102504368084,2.9366602687140118,44.50261780104712,0.1727447216890595,0.0,0.0,0.0,0.2418426103646833,100.0,6.52975047984645,67.5,4.111324376199616,65.74585635359117,75.38579654510556,1.7274472168905948,0.0690978886756238,0.72552783109405,11.712092130518233,1.5547024952015356,0.9328214971209212,0.5873320537428023,0.6218809980806141,3.558541266794626,0.0,0.3109404990403071,8.637236084452976,Center Back,97.47048903878583,88.36424957841484,89.96627318718382,84.2327150084317,72.76559865092749,78.66779089376054,64.08094435075886,68.12816188870153,63.6593591905565,26.559865092748737,21.922428330522767,20.27824620573356,20.27824620573356,65.68296795952783,93.00168634064082,83.72681281618887,92.03204047217538,85.58178752107925,76.30691399662733,81.53456998313659,87.52107925801012,81.36593591905566,53.37268128161888,90.3035413153457,59.02192242833052,31.618887015177066,33.38954468802699,84.65430016863407,56.23946037099494,15.935919055649242,32.46205733558179,93.42327150084317,"[5.222306569753982, 2.1812997959333327, 0.5051781272910976, 2.9432110407928773, 0.6788953453221287, 1.6635020911303964, -1.3452224898500482, 0.5136581164033098, 0.2706039178030556, -0.29331719650755383, 0.0715085917866691, -0.18933821578108326, 0.49787988732775623, -0.6544777294034926, -0.6098605779797949, 0.4125022912971203, -0.5489691885622436]",-1.2400365,6.960373
1194286,10004,Caleb Taylor,2003-01-14,188.0,,England,CB,,5000000.0,2243,0.0973267965533613,1.243869817209095,0.3611234953187694,0.8426214890771289,,,,,,0.0702769422552386,29.25100312082033,78.47147470398278,2.2469906375390103,46.28099173553719,0.3209986625055729,0.0802496656263932,0.0,0.0,0.2407489968791796,75.0,7.302719572001783,69.20152091254752,5.296477931341952,72.1311475409836,54.449398127507806,2.447614801604993,0.0401248328131966,0.5617476593847526,11.35532768613464,1.2037449843958985,2.046366473473028,1.2037449843958985,0.6419973250111458,3.490860454748105,0.0,0.521622826571556,6.901471243869818,Center Back,91.48397976391232,97.47048903878583,94.5193929173693,98.22934232715008,91.14671163575042,18.296795952782464,23.861720067453625,39.79763912310287,69.3929173693086,59.696458684654296,73.35581787521079,20.27824620573356,20.27824620573356,65.43001686340641,76.01180438448567,92.0741989881956,95.53119730185497,95.19392917369308,94.18212478920742,16.61045531197302,97.80775716694772,87.77403035413154,36.17200674536256,87.35244519392917,30.86003372681282,97.5548060708263,93.50758853288364,83.30522765598651,52.86677908937606,15.935919055649242,67.95952782462057,77.15008431703204,"[4.734089492318759, 3.6283658661730454, 1.4227660061665213, 2.872777979617448, -0.6617028057021199, 0.5852740634894413, -1.9192360458380051, 0.36881050211973854, -0.2166285759295229, -1.1098543199978967, -0.3973472156686127, 0.3452595238687304, -0.2496212825933263, 0.8218434860089305, -0.3310710247700411, -1.4194419672285248, 0.12932170619693387]",-1.032853,6.3388324
445511,8411,Liam Lindsay,1995-10-12,193.0,right,Scotland,CB,,1000000.0,1584,0.0946022705598311,0.8522727272727273,0.2272727272727273,0.6818181818181819,,,,,,0.0661733407865871,26.079545454545457,73.67576243980739,2.4431818181818183,34.959349593495936,0.3977272727272727,0.0,0.0,0.0,0.0568181818181818,100.0,8.181818181818182,59.75103734439834,6.420454545454546,66.86390532544378,56.19318181818181,2.2727272727272725,0.1136363636363636,0.5681818181818181,15.681818181818183,1.193181818181818,2.2727272727272725,1.193181818181818,1.9318181818181817,2.784090909090909,0.0,0.3409090909090909,11.022727272727272,Center Back,90.38785834738617,85.91905564924114,77.52951096121417,95.23608768971332,90.13490725126475,12.984822934232715,13.02698145025295,48.735244519392914,24.70489038785835,73.86172006745363,21.922428330522767,20.27824620573356,20.27824620573356,18.50758853288364,93.00168634064082,96.45868465430016,55.05902192242833,98.56661045531197,81.23946037099495,20.741989881956155,96.20573355817875,69.60370994940978,37.268128161888704,99.49409780775717,30.185497470489036,98.8195615514334,93.04384485666105,2.6981450252951094,20.404721753794266,15.935919055649242,38.322091062394605,98.4822934232715,"[5.5926890635697655, 4.752786621863701, 2.583674825351224, 2.4213231953239953, -1.3492384557773156, 0.6165676894248737, -1.9948099738688359, 1.3710461997972614, 1.4045695096928743, -1.5077477965538129, 1.6902228360009666, 0.7310519313748318, -0.1694744647208829, 1.5408340021295828, -0.23375920762446004, -0.8127296638946183, -0.10750791589774586]",-1.1480187,5.988436
866163,8462,Conor Shaughnessy,1996-06-30,191.0,right,Ireland,CB,,800000.0,1133,0.065915269969526,0.8737864077669902,0.2383053839364519,0.4766107678729038,,,,,,0.0071309556870574,35.666372462488965,80.32200357781753,1.827007943512798,33.8235294117647,0.1588702559576346,0.0794351279788173,0.0794351279788173,100.0,0.0794351279788173,100.0,6.75198587819947,75.22123893805309,5.322153574580759,77.90697674418605,60.68843777581642,2.06531332744925,0.1588702559576346,0.3177405119152692,11.75639894086496,1.032656663724625,1.2709620476610768,1.1120917917034423,0.4766107678729038,3.495145631067961,0.0,0.0794351279788173,8.340688437775816,Center Back,74.87352445193929,86.84654300168634,79.76391231028668,83.47386172006746,13.827993254637436,36.50927487352445,29.42664418212479,23.69308600337268,21.79595278246206,23.27150084317032,72.84991568296796,63.153456998313665,98.18718381112986,24.283305227655987,93.00168634064082,86.76222596964587,99.83136593591905,95.4468802698145,99.15682967959528,36.25632377740304,93.67622259696459,53.79426644182125,13.743676222596966,90.64080944350759,17.36930860033727,67.95952782462057,89.62900505902192,92.83305227655987,53.246205733558185,15.935919055649242,3.1197301854974704,92.15851602023609,"[5.6185209469655835, 2.951942319279542, 0.6815944691514402, 3.216170540016885, -2.099449354566762, 1.157161502698715, 2.639813805689256, 4.124552523140321, -1.810335228161665, -0.0713703961569454, 0.24410795323151677, 0.09425294126452737, -0.6619149597315204, -0.051597893953275124, -0.36075439479939486, -0.4969474513843445, 0.8478096859021582]",-1.0475731,4.9518576
866688,8669,Luke Woolfenden,1998-10-21,193.0,right,England,CB,,2000000.0,1072,0.0609346996270009,0.5876865671641791,0.0,0.5876865671641791,,,,,,0.0417339462620108,43.82462686567164,88.3248730964467,1.9309701492537312,39.6551724137931,0.503731343283582,0.0,0.083955223880597,100.0,0.083955223880597,100.0,4.533582089552239,65.85365853658537,3.274253731343284,69.64285714285714,63.47014925373134,1.67910447761194,0.083955223880597,0.083955223880597,9.486940298507465,1.0914179104477613,0.9235074626865672,1.0914179104477613,0.6716417910447761,3.1902985074626864,0.0,0.251865671641791,6.380597014925373,Center Back,70.48903878583474,61.97301854974705,7.841483979763912,92.32715008431704,73.18718381112986,59.44350758853288,76.64418212478921,27.74030354131535,43.88701517706577,84.31703204047217,21.922428330522767,65.00843170320405,98.18718381112986,25.96964586846543,93.00168634064082,37.01517706576728,87.18381112984824,72.25969645868466,89.96627318718382,46.290050590219224,86.42495784148399,78.1618887015177,1.5177065767284992,61.63575042158516,21.585160202360875,30.6070826306914,88.61720067453625,80.69139966273187,38.44856661045531,15.935919055649242,21.75379426644182,69.30860033726813,"[5.06713450459346, 1.5528568078489684, -1.0629052788699311, 2.4676040553502796, -1.0651426454642996, 0.5477994243206465, 2.6650400360256388, 4.389631454868081, -1.2661504176633536, -0.18729132137835097, 0.6643925013035027, -0.5860680758581087, -0.29187476791506567, -0.756491460246647, -0.7209600261073111, -0.6021675032713539, 0.5453602054425217]",-1.1031209,4.8247743
798629,8462,Josh Knight,1997-09-07,192.0,right,England,CB,,800000.0,972,0.0377314813711025,0.3703703703703704,0.0,0.2777777777777778,,,,,,0.0205375047193633,29.814814814814813,79.11547911547912,2.037037037037037,37.93103448275862,0.0925925925925926,0.0,0.0925925925925926,100.0,0.3703703703703704,100.0,4.351851851851852,56.62650602409639,2.8703703703703702,51.66666666666666,51.2962962962963,1.3888888888888888,0.0,0.5555555555555556,9.537037037037038,0.5555555555555556,0.7407407407407408,0.6481481481481481,0.6481481481481481,3.7962962962962967,0.0,0.0,7.5925925925925934,Center Back,47.97639123102867,30.311973018549747,7.841483979763912,58.01011804384486,42.158516020236085,19.477234401349072,25.463743676222595,30.94435075885329,36.804384485666105,11.63575042158516,21.922428330522767,67.66441821247892,98.18718381112986,82.88364249578414,93.00168634064082,31.787521079258006,35.07588532883643,63.40640809443507,19.392917369308602,8.347386172006747,75.3372681281619,94.94097807757167,35.750421585160204,62.14165261382799,1.6441821247892074,14.376053962900507,41.39966273187184,82.71500843170321,65.7672849915683,15.935919055649242,0.8431703204047217,86.3406408094435,"[3.9587117793262685, 1.7550504040978274, -1.50512291721047, 0.9774906051763609, -1.433166234055269, 1.5786671895226514, 3.2723973568755826, 4.2018167996475935, -0.8607851123381004, -0.10742788192780285, 0.6969921793734523, 0.6734395315363642, -0.17900196757631687, 0.007881393948192148, -1.066056256680039, -0.15814476965217322, 0.013002060014350617]",-1.0879971,4.837556
765563,8655,Scott Wharton,1997-10-03,182.0,left,England,CB,,1300000.0,803,0.0650734770787905,0.7845579078455791,0.336239103362391,0.448318804483188,,,,,,0.0152117743216,29.36488169364882,77.51479289940828,1.457036114570361,31.70731707317073,0.224159402241594,0.0,0.112079701120797,100.0,0.112079701120797,100.0,6.612702366127024,61.458333333333336,4.931506849315069,60.273972602739725,53.013698630136986,1.681195516811955,0.0,0.6724782067247821,10.53549190535492,0.8966376089663761,1.457036114570361,0.7845579078455791,0.7845579078455791,3.1382316313823164,0.0,0.224159402241594,7.397260273972602,Center Back,74.03035413153457,81.1973018549747,92.58010118043845,80.6070826306914,29.848229342327148,18.465430016863408,20.06745362563238,10.708263069139965,15.3035413153457,38.61720067453626,21.922428330522767,72.17537942664418,98.18718381112986,34.48566610455312,93.00168634064082,84.65430016863407,67.28499156829679,93.00168634064082,51.30691399662732,12.647554806070826,86.50927487352446,94.94097807757167,47.89207419898819,77.82462057335582,10.708263069139965,82.20910623946037,60.70826306913997,70.48903878583474,35.83473861720067,15.935919055649242,16.863406408094438,84.06408094435076,"[4.271983672546561, 2.89365860787421, 0.43387988973347175, 1.76928334739337, -2.0199497819687795, 0.9311661131977638, 2.7813025247083427, 4.335502493797183, -1.324168245508873, -0.414225557451068, 0.42970537768001443, 0.18037451655132558, 0.011820715139074612, 0.2409516513192137, -0.5052300271462128, -0.5035861391097879, 0.1932030177477881]",-1.0823317,4.9480324
1117751,8483,Oliver Casey,2000-10-14,188.0,,England,CB,,750000.0,3807,0.0191985814002106,0.3546099290780141,0.1182033096926714,0.3309692671394799,,,,,,0.0334623491228613,31.67848699763593,81.50851581508516,2.0094562647754137,35.86497890295359,0.1891252955082742,0.0472813238770685,0.0,0.0,0.1654846335697399,87.5,6.122931442080379,61.08490566037736,3.971631205673759,63.1578947368421,56.45390070921986,0.9692671394799056,0.1654846335697399,0.4964539007092198,12.71867612293144,1.513002364066194,1.3711583924349882,1.0401891252955082,1.1347517730496457,2.293144208037825,0.0472813238770685,0.260047281323877,8.794326241134751,Center Back,26.30691399662732,27.99325463743676,43.25463743676223,66.3575042158516,62.563237774030355,24.873524451939293,33.97976391231028,30.016863406408095,28.246205733558178,30.101180438448566,59.527824620573355,20.27824620573356,20.27824620573356,49.4097807757167,85.03372681281618,77.40303541315345,64.92411467116358,83.6424957841484,65.21922428330524,21.66947723440135,51.264755480607086,51.85497470489039,29.932546374367625,95.19392917369308,55.1433389544688,77.15008431703204,85.58178752107925,36.42495784148398,8.094435075885329,45.10961214165262,23.440134907251263,94.2664418212479,"[5.251824735880102, 3.085376195855644, 0.33937372048997483, 1.0420915730434896, -0.7150907364148649, 1.5127975392254074, -1.187394303423848, 0.3898174960974068, 0.8224939512391545, -1.1480817527220275, 1.0210109079598206, 0.04879518852926603, -0.4678415659760384, 0.43162314898842113, -0.20549729890237178, -0.30796673976625005, 0.3753010820879626]",-1.092492,6.465978
199820,10253,Carl Piergianni,1992-05-03,185.0,,England,CB,,75000.0,3604,0.0516825775459789,1.0987791342952276,0.3496115427302997,0.9739178690344062,,,,,,0.0758613492222657,22.67480577136515,61.47596479350034,3.421198668146504,35.86387434554974,0.6243063263041065,0.1997780244173141,0.0,0.0,0.1997780244173141,100.0,9.714206437291898,69.09413854351688,7.916204217536071,72.37442922374429,53.81520532741399,3.446170921198668,0.099889012208657,0.749167591564928,11.562153163152054,0.9239733629300776,0.8990011098779135,0.6992230854605994,0.9988901220865704,3.071587125416204,0.0,0.374583795782464,9.039955604883462,Center Back,63.40640809443507,94.5193929173693,93.50758853288364,99.24114671163575,92.32715008431704,6.492411467116358,1.1804384485666104,80.94435075885329,28.161888701517707,91.90556492411467,96.45868465430016,20.27824620573356,20.27824620573356,57.08263069139966,93.00168634064082,99.49409780775717,95.27824620573357,100.0,94.43507588532883,14.502529510961216,99.49409780775717,74.03035413153457,55.902192242833046,88.87015177065767,11.804384485666104,28.583473861720066,48.861720067453625,49.83136593591905,32.54637436762226,15.935919055649242,45.27824620573356,94.8566610455312,"[3.748070540393683, 5.2034696729419725, 2.9590257905802555, 3.90816793733885, -2.2566795528048145, 1.32870735916254, -1.4749336956291228, 0.6525834008747935, 1.90903485923024, -0.19389808552693152, -0.6582327530827738, 1.2565711951272076, 0.005184997975617368, -0.7658702328967119, -1.0956636032355802, -0.4450101720892424, -0.5158966061815445]",-1.1461407,5.9246354
1247997,8401,Alexander Mitchell,2001-10-07,191.0,,England,CB,,800000.0,3499,0.1210794560600601,0.9002572163475279,0.3343812517862246,0.6687625035724493,,,,,,0.0324645932315587,23.61246070305802,73.67576243980739,2.160617319234067,35.744680851063826,0.2829379822806516,0.0771649042583595,0.0257216347527865,100.0,0.205773078022292,72.72727272727273,6.353243783938268,62.53164556962025,4.42412117747928,62.54545454545455,51.829094026864816,1.8262360674478424,0.2572163475278651,0.5658759645613032,13.63246641897685,1.208916833380966,1.0288653901114604,0.7202057730780222,0.4887110603029436,2.649328379537011,0.0257216347527865,0.3601028865390111,10.674478422406402,Center Back,96.62731871838112,88.61720067453625,92.4114671163575,95.02529510961214,60.79258010118044,7.588532883642496,13.02698145025295,36.34064080944351,27.74030354131535,52.27655986509275,72.00674536256324,41.14671163575042,98.18718381112986,58.43170320404722,73.27150084317033,81.61888701517707,73.10286677908938,88.53288364249579,62.22596964586846,10.03372681281619,89.62900505902192,31.787521079258006,36.930860033726816,97.04890387858347,31.534569983136596,44.35075885328836,52.27655986509275,91.8212478920742,15.935919055649242,32.54637436762226,41.989881956155145,98.1450252951096,"[4.107037737975821, 3.3248216022147354, 0.3824481260047223, 2.2627114806639193, -2.702321036571029, 0.07332473575246988, 2.342884734926249, 3.662517782661365, -2.1828656636512713, -1.4338580028726038, 0.45143972483136924, 0.9451098663697941, -0.4611811559459325, -0.3331555589504025, -1.0453815916349836, -0.3953667377689018, -0.1462921096591825]",-1.0553772,5.0122056
590619,9798,Paudie O'Connor,1997-07-14,191.0,right,Ireland,CB,LB,650000.0,3214,0.0507741131690546,0.4760423148724331,0.1680149346608587,0.3920348475420038,,,,,,0.0224717741214346,41.52769135034225,78.42411422527763,2.520224019912881,31.25,0.1960174237710019,0.0,0.0280024891101431,33.333333333333336,0.0560049782202862,100.0,7.868699439950218,68.7041564792176,5.29247044181705,72.6923076923077,71.65836963285625,1.7361543248288736,0.0840074673304293,1.400124455507156,12.937149968886123,1.2041070317361544,1.8761667703795888,0.6720597386434349,1.372121966397013,2.24019912881145,0.0,0.2800248911014312,9.184816428126943,Center Back,62.563237774030355,45.699831365935914,61.551433389544684,74.36762225969646,44.94097807757167,53.62563237774031,23.69308600337268,52.529510961214164,14.291736930860033,32.63069139966273,21.922428330522767,41.73693086003373,79.51096121416526,18.21247892074199,93.00168634064082,95.02529510961214,94.18212478920742,95.02529510961214,94.94097807757167,72.00674536256324,87.68971332209107,78.07757166947724,91.48397976391232,95.78414839797638,30.94435075885329,95.4468802698145,45.27824620573356,19.30860033726813,6.661045531197302,15.935919055649242,27.234401349072513,95.19392917369308,"[5.785862207324708, 3.201461642882767, 2.087169365524743, 2.3874121969123867, -0.9493472801802796, 1.2985640142212747, 0.6131469110043358, 1.312380748066313, 0.36506990388079325, -0.6195186942354177, 0.7241798833069988, -0.21571874923765966, 0.5301942600315926, 0.5114624886003805, 0.09911043516879185, -0.3009574514770334, -0.013642952032445612]",-1.0083,6.2122774
827248,8485,Daniel Happe,1998-09-28,195.0,left,England,CB,,300000.0,2781,0.0161877033394131,0.3236245954692556,0.0323624595469255,0.2588996763754045,,,,,,0.0188312599959882,31.715210355987058,72.16494845360825,2.459546925566343,24.35897435897436,0.1618122977346278,0.0323624595469255,0.0,0.0,0.1618122977346278,100.0,6.310679611650486,66.10169491525424,4.757281553398058,70.33492822966507,62.006472491909385,1.035598705501618,0.0,0.3559870550161813,14.498381877022654,1.035598705501618,0.9708737864077672,0.5501618122977346,1.1003236245954693,2.103559870550162,0.0,0.1294498381877022,11.941747572815537,Center Back,24.367622259696457,23.102866779089375,16.863406408094438,54.89038785834739,38.44856661045531,25.042158516020237,10.370994940978077,49.57841483979764,2.6138279932546373,24.367622259696457,48.988195615514336,20.27824620573356,20.27824620573356,48.06070826306914,93.00168634064082,80.94435075885329,87.77403035413154,91.90556492411467,91.48397976391232,40.89376053962901,56.40809443507588,94.94097807757167,17.03204047217538,98.56661045531197,17.537942664418214,36.50927487352445,28.161888701517707,39.16526138279933,4.1315345699831365,15.935919055649242,6.408094435075886,99.24114671163575,"[5.734557628637341, 3.8864199338896204, 0.4947965151608173, 1.4999860674999237, -1.782547869223987, 2.2816533951346036, -1.145040646871624, 0.532666018613901, 1.2989058161424278, -0.3467797187929726, 0.786104809310324, 0.3864330806085245, -0.19977799102652177, -0.15587800123315693, -0.22721687674803245, 0.05334140387302837, -0.19058461411901653]",-1.1813483,6.1441526
677988,9833,Jack Fitzwater,1997-09-23,188.0,right,England,CB,,300000.0,2556,0.0472640865285631,0.7746478873239436,0.0704225352112676,0.5633802816901409,,,,,,0.0176818249091296,45.95070422535211,87.34939759036145,3.2746478873239435,41.70403587443946,0.2112676056338028,0.0352112676056338,0.0,0.0,0.0352112676056338,100.0,5.035211267605634,60.59322033898305,3.133802816901409,59.73154362416108,72.00704225352112,1.3732394366197185,0.1408450704225352,0.7394366197183099,14.507042253521126,1.1619718309859155,1.3028169014084507,0.9859154929577464,0.7394366197183099,3.380281690140845,0.0704225352112676,0.352112676056338,11.056338028169014,Center Back,58.516020236087684,80.10118043844857,26.897133220910625,90.47217537942664,35.750421585160204,65.59865092748736,68.88701517706576,77.57166947723441,52.86677908937606,34.94940978077572,50.75885328836425,20.27824620573356,20.27824620573356,14.080944350758854,93.00168634064082,51.433389544688026,61.63575042158516,69.73018549747049,49.494097807757164,72.42833052276559,74.36762225969646,60.20236087689713,55.1433389544688,98.73524451939292,27.48735244519393,71.16357504215851,81.36593591905566,75.21079258010118,46.0370994940978,56.070826306914,40.3035413153457,98.65092748735245,"[6.089611092145011, 2.2622118876638795, -0.2593701445273645, 2.4118090815545474, 0.31976694478716605, 1.4367430105973185, -1.6360419352529, 0.745217695421118, 0.448896125311608, -1.2098033569504325, 1.3565080432738892, 0.8458998820690862, 0.765258296601341, 0.19498530097439398, -0.9021659557881079, -0.655617526828467, -0.13831265931256448]",-1.2167056,6.967774
1127293,8559,Chris Forino-Joseph,2000-04-26,191.0,right,Saint Lucia,CB,,,2374,0.1149376591615749,1.1373209772535806,0.2653748946925021,0.7582139848357202,,,,,,0.0266691725999242,46.6301600673968,87.91994281629735,1.7059814658803707,40.17857142857143,0.2653748946925021,0.075821398483572,0.0,0.0,0.151642796967144,80.0,8.491996630160068,74.4186046511628,5.648694187026115,74.12935323383084,72.48525695029487,1.8955349620893007,0.151642796967144,1.0994102780117945,13.30665543386689,1.6680707666385846,1.2889637742207245,0.8340353833192923,0.7582139848357202,2.767481044650379,0.075821398483572,0.113732097725358,9.51558550968829,Center Back,95.69983136593592,95.53119730185497,83.89544688026982,96.88026981450253,51.602023608768974,67.11635750421586,73.0185497470489,18.296795952782464,45.952782462057336,48.06070826306914,71.3743676222597,20.27824620573356,20.27824620573356,45.10961214165262,80.81787521079258,97.47048903878583,99.49409780775717,96.62731871838112,96.71163575042159,74.11467116357504,91.14671163575042,56.323777403035415,80.43844856661046,96.45868465430016,66.86340640809443,69.64586846543001,66.02023608768971,73.27150084317033,19.983136593591905,58.43170320404722,5.311973018549747,96.54300168634065,"[5.458793809304322, 3.6894655768430042, 1.986019505050734, 3.680231222165803, -0.11158140556981827, 1.260054262964311, -0.9553891647735369, -0.4657243929583667, -0.4441976879952851, -0.6284947464385625, 0.5491121187854894, -0.7765306259337373, 0.008136357759643822, -0.21668925676446052, -0.7195806514801436, -0.493965366454769, -0.36655043395090436]",-1.0359886,6.4193845
302785,9903,Matthew Pearson,1993-08-03,190.0,,England,CB,RB,550000.0,2307,0.0756475953348901,0.5071521456436932,0.1170351105331599,0.2730819245773732,,,,,,0.0359078796074201,30.195058517555267,75.73385518590997,3.355006501950585,39.26940639269407,0.3511053315994799,0.0390117035110533,0.0,0.0,0.0390117035110533,100.0,7.217165149544864,66.07142857142857,4.876462938881665,67.20430107526882,60.390117035110535,1.3654096228868662,0.2730819245773732,1.209362808842653,14.629388816644992,1.1703511053315994,1.248374512353706,0.6631989596879063,0.741222366710013,1.6384915474642392,0.0390117035110533,0.3120936280884265,11.547464239271784,Center Back,81.61888701517707,51.09612141652614,42.748735244519395,57.16694772344013,65.85160202360876,20.994940978077572,16.694772344013494,79.34232715008432,42.66441821247892,65.51433389544688,53.20404721753794,20.27824620573356,20.27824620573356,15.177065767284992,93.00168634064082,91.48397976391232,87.68971332209107,92.66441821247892,82.63069139966274,35.160202360876895,74.03035413153457,29.17369308600337,86.17200674536257,98.8195615514334,28.414839797639125,66.27318718381113,43.50758853288364,75.04215851602024,0.927487352445194,40.21922428330523,32.79932546374368,98.98819561551433,"[5.422383892375096, 3.572266352357027, 1.0641160764573323, 2.2758909492841393, -1.1292471588367023, 2.1460569660624844, -0.8555316507443704, 0.1262707128878607, 1.0867410919058242, -1.5839597835521757, 0.1884989378322429, 0.9441765859010787, 0.07863240270369888, 0.12722191249774675, -0.5269977953579655, 0.2125280764296968, 0.16222628169821396]",-1.1330585,6.090267
1125736,9796,Joseph Low,2002-02-20,196.0,,Wales,CB,,550000.0,2176,0.0787748171783545,0.4963235294117647,0.2895220588235294,0.4549632352941177,,,,,,0.0286917402135098,42.9733455882353,83.72280419016921,2.233455882352941,33.9622641509434,0.1654411764705882,0.041360294117647,0.0,0.0,0.1240808823529411,75.0,5.583639705882353,63.67924528301887,3.5569852941176467,69.35483870967742,66.1764705882353,0.9099264705882354,0.1240808823529411,1.0753676470588234,9.761029411764708,0.8685661764705883,0.8272058823529412,0.5790441176470588,1.3235294117647058,3.9705882352941178,0.0,0.2068014705882353,7.486213235294117,Center Back,83.13659359190557,49.156829679595276,87.09949409780776,81.45025295109612,55.1433389544688,57.251264755480605,44.435075885328835,39.12310286677909,22.17537942664418,25.379426644182125,54.76391231028668,20.27824620573356,20.27824620573356,37.09949409780776,76.01180438448567,65.09274873524453,79.00505902192243,77.74030354131534,88.87015177065767,55.1433389544688,46.711635750421586,65.97807757166947,79.0893760539629,65.93591905564924,9.612141652613827,22.09106239460371,32.419898819561546,22.344013490725125,72.42833052276559,15.935919055649242,15.008431703204048,84.90725126475547,"[4.391707239871344, 2.50427462341818, 0.10357022930478087, 1.5752342783415811, 0.2709416039986436, 1.0259257114800857, -0.44649650945379454, -0.31672893523867096, 0.7693106795409977, 0.5358298580796081, 0.5741178862792813, -0.3512409625290687, 0.7177813639918489, -0.14399396161961409, -0.33269592726895386, -0.37842689297977283, -0.051510644536859385]",-1.0465051,7.02251
601346,9818,Ryan Sweeney,1997-04-15,185.0,left,England,CB,,400000.0,2125,0.0855487094205968,0.6352941176470589,0.2964705882352941,0.3811764705882353,,,,,,0.0539291381835937,24.225882352941177,74.77124183006536,1.9905882352941175,33.098591549295776,0.3811764705882353,0.1270588235294117,0.0423529411764705,100.0,0.1270588235294117,75.0,7.835294117647058,65.37102473498233,5.421176470588235,66.32124352331606,50.01882352941176,1.7788235294117647,0.2117647058823529,0.6776470588235294,12.112941176470589,1.6941176470588233,1.143529411764706,0.9741176470588236,1.0164705882352942,3.4305882352941173,0.0423529411764705,0.2964705882352941,8.301176470588235,Center Back,86.42495784148399,66.98988195615514,87.94266441821247,72.84991568296796,84.06408094435076,8.431703204047219,14.839797639123104,29.51096121416526,19.561551433389546,71.07925801011804,87.09949409780776,49.0725126475548,98.18718381112986,38.53288364249578,76.01180438448567,94.60370994940978,85.32883642495784,95.86846543001685,78.1618887015177,6.57672849915683,88.53288364249579,40.767284991568296,48.988195615514336,92.7487352445194,68.46543001686341,55.98650927487352,80.18549747048904,47.97639123102867,48.988195615514336,41.73693086003373,30.101180438448566,91.73693086003372,"[4.29022306575225, 2.8041395812979935, 1.688931844677901, 1.9718192372268428, -2.7372342704554593, 0.001736342971018751, 2.698921525362294, 3.5086886386166882, -1.5138974132786247, -0.8262061861185263, 0.5160777189142207, 0.48810030756859896, -0.9801307180644389, 0.07499448045068857, -0.671057236290032, 0.2370966578126773, 0.7803279939840696]",-1.0352409,5.036317
791809,8676,Dan Casey,1997-10-29,186.0,right,Ireland,CB,,450000.0,2062,0.0981838037155995,0.7856450048496605,0.3928225024248302,0.4364694471387003,,,,,,0.0426557292993732,37.49272550921435,79.39001848428836,2.225994180407372,32.278481012658226,0.2618816682832202,0.08729388942774,0.04364694471387,20.0,0.1309408341416101,100.0,4.713870029097963,67.5,3.2298739088263817,67.27272727272727,64.07371483996121,1.6585838991270612,0.1309408341416101,0.3491755577109602,10.780795344325895,1.1348205625606207,0.9602327837051406,1.1348205625606207,0.3055286129970902,3.142580019398642,0.1309408341416101,0.2618816682832202,7.550921435499515,Center Back,91.90556492411467,81.36593591905566,96.03709949409782,79.59527824620574,73.9460370994941,41.231028667790895,26.559865092748737,38.61720067453626,17.79089376053963,47.30185497470489,75.71669477234401,49.915682967959526,58.72681281618887,39.54468802698145,93.00168634064082,42.66441821247892,92.03204047217538,71.16357504215851,82.9258010118044,48.397976391231026,85.41315345699832,62.900505902192236,16.27318718381113,81.87183811129847,25.042158516020237,34.90725126475548,90.55649241146712,98.4822934232715,36.08768971332209,78.07757166947724,23.988195615514336,85.7504215851602,"[4.752926209164008, 2.4288820488887595, -0.7410185667754176, 2.2941791885284357, -0.8417177846920442, 1.9552012382604473, -0.9732810698648533, 1.508759200316796, -0.2540081673877963, -0.309338593554833, 0.19674715855173272, 0.14484093322517347, 0.33854234962929297, -0.06750738156895754, -0.4081479609794402, -0.15139159381624875, 0.9570204610198545]",-1.1815355,7.001356
514802,8283,Eoghan O'Connell,1995-08-13,185.0,right,Ireland,CB,LB,400000.0,2045,0.0349349631656935,0.5281173594132029,0.0440097799511002,0.3080684596577017,,,,,,0.0394068312236907,38.28850855745721,80.63021316033364,3.65281173594132,44.86486486486486,0.2200488997555012,0.0440097799511002,0.0,0.0,0.2640586797066014,100.0,5.985330073349633,72.72727272727273,4.400977995110025,77.51937984496124,62.18581907090464,1.1442542787286063,0.0880195599022004,0.2640586797066014,9.990220048899756,1.0562347188264058,0.7921760391198044,0.7481662591687042,0.5281173594132029,4.224938875305623,0.0,0.3520782396088019,7.393643031784841,Center Back,44.772344013490724,53.87858347386172,19.05564924114671,62.563237774030355,70.57335581787521,43.76053962900506,30.86003372681282,85.16020236087691,64.88195615514334,37.01517706576728,56.82967959527825,20.27824620573356,20.27824620573356,69.56155143338954,93.00168634064082,75.21079258010118,98.98819561551433,88.11129848229342,98.73524451939292,41.56829679595278,63.91231028667791,77.15008431703204,9.865092748735245,69.3929173693086,19.477234401349072,17.706576728499158,55.902192242833046,90.21922428330524,79.76391231028668,15.935919055649242,40.21922428330523,83.97976391231029,"[5.523862128094096, 2.1286453207016183, 0.14812185273074574, 2.3565806864332393, -0.07733823747081324, 2.0295405104985282, -1.0864862619157607, 0.5850135310844145, 1.1504862299881848, 0.48701918501903524, -0.9823263969835901, 0.6283342411944942, -0.3422819941413714, -0.5717539412178739, -0.44223958539784275, -0.0219028812082606, 0.31681673815292777]",-1.1721741,6.828893
480791,8484,Joe Wright,1995-02-26,193.0,right,England,CB,,300000.0,1807,0.1335556149548697,0.54786939679026,0.3486441615938019,0.2988378527946873,,,,,,0.0124993641599476,18.079690094078583,60.80402010050251,1.4941892639734369,21.8978102189781,0.1992252351964582,0.0,0.0498063087991145,100.0,0.0996126175982291,66.66666666666667,9.164360819037078,67.3992673992674,6.275594908688433,65.96858638743456,50.45379081350305,1.4941892639734369,0.1494189263973436,1.5938018815716657,14.194798007747648,1.4941892639734369,0.9463198671831764,1.09573879358052,0.9463198671831764,1.942446043165468,0.0,0.1992252351964582,10.658550083010514,Center Back,97.63912310286678,56.74536256323778,93.42327150084317,61.677908937605395,24.620573355817875,2.1922428330522767,0.927487352445194,11.63575042158516,1.1804384485666104,33.010118043844855,21.922428330522767,52.824620573355816,98.18718381112986,31.281618887015178,65.64080944350759,98.73524451939292,91.8212478920742,98.06070826306915,77.23440134907251,6.829679595278246,80.86003372681282,56.91399662731872,95.19392917369308,98.06070826306915,53.87858347386172,32.96795952782462,88.87015177065767,55.81787521079258,2.360876897133221,15.935919055649242,13.99662731871838,98.06070826306915,"[4.435038329951966, 4.772148561880475, 2.5957810915464865, 1.6292196223120894, -3.8388102583858648, 0.6076070664808035, 3.471526035304906, 2.7029332764368332, -1.8778624417093548, -1.4282194993789437, 0.6222133327531152, 1.2030492036478992, -0.31183965722737983, -0.09541470680411172, -0.4628324671640135, 0.9205324339365053, 1.0871264774554439]",-1.0177761,5.119328
276734,9834,Patrick Bauer,1992-10-28,192.0,right,Germany,CB,,150000.0,1229,0.002358014732478,0.146460537021969,0.146460537021969,0.146460537021969,,,,,,0.0063391467533623,19.25956061838893,64.14634146341463,1.6110659072416598,25.0,0.0,0.0,0.0,0.0,0.0732302685109845,100.0,9.300244100895036,70.94972067039106,6.444263628966639,75.21367521367522,49.65012205044752,1.1716842961757523,0.3661513425549227,0.8787632221318145,14.133441822620018,1.9772172497965828,1.757526444263629,0.5126118795768918,1.0252237591537836,2.709519934906428,0.0732302685109845,0.2929210740439381,9.886086248982911,Center Back,11.045531197301855,5.860033726812816,54.300168634064086,34.31703204047217,12.900505902192243,2.6981450252951094,2.6981450252951094,15.092748735244518,3.1618887015177064,2.403035413153457,21.922428330522767,20.27824620573356,20.27824620573356,22.596964586846543,93.00168634064082,99.07251264755482,97.8920741989882,98.65092748735245,97.72344013490725,6.070826306913997,66.02023608768971,15.345699831365936,67.28499156829679,97.8920741989882,83.6424957841484,92.7487352445194,24.03035413153457,46.711635750421586,17.36930860033727,57.50421585160203,29.34232715008432,97.5548060708263,"[5.475001868969611, 4.398737728039989, 3.297146875443618, 0.6302837540174153, -2.199902078543895, 2.4579093655195106, -1.1057079532529888, 0.4437204034978067, 0.8195683343234789, -0.35921722582794957, -0.593251731605899, 0.2931758783395796, -0.8590002643690806, 0.810954291281127, -0.2957577003514876, 0.1337589678405667, -0.04740340744876298]",-1.1302428,5.939968
369752,8651,John Guthrie,1992-07-29,178.0,left,England,CB,,100000.0,1191,0.0690680126699452,0.5289672544080605,0.2267002518891687,0.4534005037783375,,,,,,0.0491624049635918,22.14105793450881,76.1038961038961,1.3602015113350123,28.125,0.2267002518891687,0.1511335012594458,0.0755667506297229,100.0,0.1511335012594458,100.0,5.969773299748111,67.52136752136752,4.005037783375316,62.35294117647059,45.94458438287153,1.2846347607052897,0.0,0.982367758186398,12.166246851385392,0.8312342569269522,0.982367758186398,1.738035264483627,0.1511335012594458,2.644836272040302,0.0,0.3022670025188916,8.614609571788414,Center Back,76.89713322091062,54.04721753794266,77.31871838111299,81.28161888701517,80.26981450252951,5.733558178752108,17.116357504215852,8.684654300168635,7.462057335581787,39.586846543001684,90.97807757166947,62.47892074198988,98.18718381112986,45.02529510961214,93.00168634064082,74.78920741989882,92.32715008431704,84.31703204047217,61.2141652613828,2.5295109612141653,70.9106239460371,94.94097807757167,74.36762225969646,92.91736930860034,8.768971332209107,38.195615514333895,99.6627318718381,99.74704890387859,15.682967959527824,15.935919055649242,30.775716694772342,93.17032040472175,"[4.926701421497192, 3.053836374874109, -0.11690720511070303, 2.235208965183696, -3.005712168713304, 1.7958513693200544, 2.6785696397706733, 3.964173086474288, -1.7249755711368018, -1.901067782168572, 0.8675340430075563, 0.7956707566482994, -0.051690954443120087, -0.021552836479475066, -1.0380867390554913, -0.5926479943655827, 2.3309016866592116]",-1.0859102,4.9125175
1401987,9792,Finn Delap,2005-06-10,190.0,right,England,CB,,125000.0,473,0.0231564474975331,0.5708245243128964,0.1902748414376321,0.5708245243128964,,,,,,0.0608678228255306,23.02325581395349,62.37113402061856,3.234672304439746,26.984126984126984,0.3805496828752643,0.1902748414376321,0.3805496828752643,33.333333333333336,0.3805496828752643,100.0,6.088794926004229,57.142857142857146,4.756871035940804,69.44444444444444,57.84355179704016,1.5221987315010572,0.0,0.1902748414376321,14.46088794926004,0.7610993657505286,1.9027484143763211,0.7610993657505286,1.9027484143763211,4.186046511627907,0.0,0.5708245243128964,11.035940803382664,Center Back,31.365935919055648,59.90725126475548,68.38111298482293,90.97807757166947,88.27993254637437,6.913996627318718,1.770657672849916,76.39123102866779,5.691399662731872,70.95278246205734,95.4468802698145,93.25463743676222,79.51096121416526,84.14839797639124,93.00168634064082,77.06576728499157,38.53288364249578,91.8212478920742,89.16526138279932,25.54806070826307,81.45025295109612,94.94097807757167,5.649241146711636,98.39797639123103,6.661045531197302,95.86846543001685,58.05227655986509,3.1197301854974704,79.00505902192243,15.935919055649242,73.56661045531197,98.56661045531197,"[4.965481634236174, 2.9237449548687704, 1.649612066474836, 1.7063001328575407, -2.787913945395872, 0.3354393304918217, -1.0808108049574838, 2.7946109827421473, 1.5241082131693366, -0.5179523319209375, 1.1842584355118533, 1.5368226049451394, 0.09566784642154941, 1.203762442173228, -0.044352677069230274, -1.2587172038889776, -0.3349369572842474]",-1.0141791,6.1050053
591751,45729,Omar Sowunmi,1995-11-07,198.0,right,England,CB,,500000.0,3465,0.2070701277101194,1.974025974025974,0.7012987012987013,1.5064935064935066,,,,,,0.0644868256209732,12.467532467532468,51.009564293305,1.6883116883116884,24.80916030534351,0.3636363636363636,0.1298701298701298,0.0,0.0,0.1558441558441558,54.54545454545455,9.142857142857142,67.95366795366796,6.935064935064935,69.35064935064935,44.80519480519481,4.0,0.2077922077922078,1.0909090909090908,12.64935064935065,1.0909090909090908,0.8051948051948052,0.9090909090909092,0.8571428571428572,2.233766233766234,0.0,0.1038961038961039,9.844155844155845,Center Back,99.6627318718381,99.91568296795953,99.74704890387859,100.0,89.54468802698145,0.16863406408094433,0.08431703204047217,18.12816188870152,2.782462057335582,68.00168634064082,87.81618887015176,20.27824620573356,20.27824620573356,46.290050590219224,46.24789207419899,98.65092748735245,93.17032040472175,99.32546374367622,88.7858347386172,1.6863406408094435,99.83136593591905,41.48397976391231,79.76391231028668,94.94097807757167,21.500843170320405,19.561551433389546,73.73524451939292,64.41821247892075,6.323777403035413,15.935919055649242,4.5531197301854975,97.3018549747049,"[2.1672749054148697, 7.522144210120355, 2.667814515094865, 3.601330399217143, -3.1126791892168653, 0.2970147720992937, -1.661547470469856, -0.28714296973598996, -0.2867877116748128, -0.859199493237098, -0.3077401507401963, 0.9072496251133964, 0.636340608404026, -0.1612331475174187, -1.215431991790266, -0.6128913038239194, -1.064786090069572]",-1.0404426,5.8906083
244451,9784,Mickey Demetriou,1990-03-12,188.0,left,England,CB,,50000.0,3167,0.0534771092501882,0.9093779602147142,0.312598673823808,0.5115251026207768,,,,,,0.0650573446805596,32.3965898326492,74.90144546649145,3.751184085885696,35.294117647058826,0.5967792863909062,0.1136722450268392,0.1989264287969687,26.923076923076923,0.1136722450268392,80.0,8.866435112093464,65.6842105263158,6.877170824123776,63.68421052631579,66.75402589201137,1.705083675402589,0.1136722450268392,0.7388695926744554,14.834227976002529,1.1651405115251026,0.8525418377012947,1.0514682664982633,0.3978528575939374,2.188190716766656,0.0568361225134196,0.2273444900536785,11.765077360277866,Center Back,64.75548060708263,89.29173693086003,90.3035413153457,87.52107925801012,89.79763912310287,26.39123102866779,15.092748735244518,86.93086003372682,26.011804384485664,90.55649241146712,84.2327150084317,84.56998313659359,71.3743676222597,34.90725126475548,80.81787521079258,98.39797639123103,86.6779089376054,99.24114671163575,67.70657672849916,57.251264755480605,87.01517706576728,69.47723440134908,54.97470489038786,98.98819561551433,28.077571669477237,24.283305227655987,86.50927487352446,95.61551433389545,5.227655986509275,49.747048903878586,17.116357504215852,99.15682967959528,"[5.381452321395324, 3.8731970047212183, 1.5409941482687672, 3.8141817401381166, -2.3897198438902234, 1.0764318840400966, -0.1796395136724713, 0.5537068524703493, 0.06990184271025668, -1.198134587090983, 0.7074072131306043, 1.9356640088093875, -0.2785080069430133, -0.8361276816544703, -0.7777211301032543, 0.5195704987230163, 0.16609727449437234]",-1.0353384,5.872761
1215976,282326,Adebola Oluwo,1999-11-19,191.0,,England,CB,,300000.0,2912,0.1656346154081952,1.112637362637363,0.4635989010989011,0.8653846153846154,,,,,,0.0325154509026925,21.449175824175825,74.22459893048128,1.607142857142857,33.12101910828026,0.2472527472527472,0.0618131868131868,0.0,0.0,0.154532967032967,71.42857142857143,8.80837912087912,62.5,6.490384615384615,63.06306306306306,50.84134615384615,1.9471153846153848,0.1854395604395604,0.834478021978022,15.669642857142856,1.35989010989011,1.112637362637363,0.9581043956043956,1.1744505494505495,2.4107142857142856,0.0309065934065934,0.1854395604395604,12.239010989010987,Center Back,99.4097807757167,94.8566610455312,98.1450252951096,98.31365935919055,61.04553119730185,5.311973018549747,13.91231028667791,14.924114671163574,19.645868465430016,44.266441821247895,66.52613827993254,20.27824620573356,20.27824620573356,45.86846543001686,72.3018549747049,98.22934232715008,72.59696458684655,98.73524451939292,64.88195615514334,7.33558178752108,92.0741989881956,46.50084317032041,63.57504215851601,99.4097807757167,44.18212478920742,52.86677908937606,79.00505902192243,32.96795952782462,10.87689713322091,35.24451939291737,12.478920741989882,99.4097807757167,"[4.328001897733329, 5.722603023598864, 2.166499307434877, 2.665726535639778, -1.7044090852364626, 0.7751727528418398, -1.4758297670808165, 0.10774371407079804, 0.029400351939069272, -1.6125580859855073, 1.1730601355848564, 0.6620153915397142, -0.2160481905168837, 0.14761827207756062, -1.0299696853231448, -0.40563237752316544, -0.44580886884459575]",-1.102202,5.9289327
352866,9786,Cheyenne Dunkley,1992-02-13,188.0,right,England,CB,,75000.0,2433,0.0630850797810772,0.7398273736128236,0.0739827373612823,0.7028360049321825,,,,,,0.0091405389267772,28.076448828606654,79.89473684210526,1.9235511713933413,32.704402515723274,0.1479654747225647,0.0,0.0,0.0,0.0739827373612823,100.0,7.953144266337854,63.23529411764706,6.584463625154131,71.7741935483871,54.85819975339087,1.442663378545006,0.1109741060419235,0.6288532675709002,14.500616522811344,0.7398273736128236,0.813810110974106,0.6288532675709002,1.4796547472256472,2.441430332922318,0.0,0.5548705302096177,12.318125770653516,Center Back,72.42833052276559,76.47554806070826,28.246205733558178,95.95278246205734,17.116357504215852,15.767284991568298,27.90893760539629,27.318718381112983,18.718381112984822,21.500843170320405,21.922428330522767,20.27824620573356,20.27824620573356,22.93423271500843,93.00168634064082,95.36256323777404,76.47554806070826,98.98819561551433,93.67622259696459,17.706576728499158,78.41483979763912,70.57335581787521,43.42327150084317,98.65092748735245,5.81787521079258,20.657672849915684,39.12310286677909,13.406408094435077,11.172006745362562,15.935919055649242,71.964586846543,99.57841483979763,"[5.151832536805413, 5.0361037675700535, 1.7214271981348392, 2.185514554695719, -1.0701334843748116, 1.3503423554056082, -1.133379741035998, 0.8856802039090566, 1.4824634937082855, -0.8522310327869556, 0.9152421124772582, 0.35123346792234017, 0.035262678416883145, -1.0940946126785946, -0.9689029035993223, -1.094329612713305, -0.22664304452516967]",-1.1633412,5.9870954
511985,9896,Thomas Anderson,1993-09-02,193.0,right,England,CB,,75000.0,2197,0.0590304955060122,0.6554392353208921,0.0819299044151115,0.4096495220755575,,,,,,0.0494195826768766,21.05598543468366,63.85093167701864,2.8675466545289034,29.914529914529915,0.327719617660446,0.0409649522075557,0.0,0.0,0.0409649522075557,100.0,8.029130632680928,68.53146853146853,6.021847974510697,72.41379310344827,50.878470641784254,1.4747382794720072,0.2457897132453345,0.5735093309057806,11.838871187983614,1.5157032316795631,1.2289485662266728,0.3686845698680018,0.7373691397360036,2.2530723714155667,0.0,0.4096495220755575,8.725534820209377,Center Back,68.71838111298483,69.30860033726813,30.775716694772342,76.64418212478921,80.6070826306914,4.63743676222597,2.5295109612141653,65.85160202360876,11.045531197301855,61.12984822934233,54.42664418212478,20.27824620573356,20.27824620573356,15.51433389544688,93.00168634064082,95.86846543001685,93.929173693086,97.47048903878583,94.60370994940978,7.504215851602024,80.01686340640809,33.97976391231028,38.195615514333895,91.14671163575042,55.31197301854974,64.16526138279932,9.865092748735245,75.54806070826307,6.829679595278246,15.935919055649242,51.85497470489039,93.929173693086,"[4.518088435295464, 4.144257442130023, 1.8596206957704187, 1.5325098151341328, -2.1303757705073494, 1.983321651986208, -1.3092829270723862, 0.610747246398288, 1.3610443602258255, -0.2917269268431894, -1.2163453460212186, 0.4764470365574148, -0.3240499994105085, -0.21416177383091856, -0.6080747731077025, 0.30738302028920217, -0.43907194981544845]",-1.1439468,5.982441
662956,8680,Robbie Cundy,1997-05-30,188.0,,England,CB,,200000.0,2153,0.0492011116539883,0.5852299117510451,0.0836042731072921,0.4180213655364608,,,,,,0.0256726670364861,32.438457965629354,77.98994974874371,2.3827217835578263,34.96932515337424,0.2926149558755225,0.1254064096609382,0.0,0.0,0.1672085462145843,100.0,8.193218764514631,65.55183946488295,6.144914073385973,66.5158371040724,60.02786809103577,1.4212726428239666,0.041802136553646,1.0450534138411518,14.045517882025084,0.8778448676265677,1.2958662331630284,0.6270320483046911,0.8360427310729216,2.090106827682304,0.0,0.5434277751973989,11.244774732930797,Center Back,60.79258010118044,61.63575042158516,31.281618887015178,78.07757166947724,49.83136593591905,26.644182124789207,22.09106239460371,45.952782462057336,24.78920741989882,54.89038785834739,86.6779089376054,20.27824620573356,20.27824620573356,49.83136593591905,93.00168634064082,96.54300168634065,85.83473861720068,97.72344013490725,79.25801011804384,34.232715008431704,77.23440134907251,87.43676222596964,77.99325463743676,97.80775716694772,9.949409780775717,70.48903878583474,38.785834738617204,66.18887015177066,3.87858347386172,15.935919055649242,70.23608768971332,98.8195615514334,"[5.300003433074188, 3.866532469419225, 1.6663172204146728, 2.396930805400051, -1.3457752953901057, 1.9857085804519794, -1.0761381757109898, 0.23838958700523313, 1.1322538832478837, -1.2835930441718388, 0.4326571509287547, 0.5771309278800835, 0.032969656765912736, -0.5235340843319517, -0.703324408931626, -0.6892622501510055, 0.16256422915405422]",-1.1815329,5.9955363
361772,7946,Anthony O'Connor,1992-10-25,188.0,right,Ireland,CB,,100000.0,2150,0.0341246499571689,0.5023255813953489,0.0837209302325581,0.3767441860465116,,,,,,0.0580882687901341,27.08372093023256,75.23255813953489,2.9720930232558143,40.57142857142857,0.2511627906976744,0.1255813953488372,0.0,0.0,0.1255813953488372,100.0,8.665116279069768,70.89041095890411,6.823255813953488,73.42342342342343,58.77209302325581,1.0883720930232557,0.0837209302325581,0.5441860465116278,17.288372093023256,1.213953488372093,1.2976744186046512,1.9255813953488368,0.7534883720930233,2.5953488372093023,0.0,0.2930232558139535,12.851162790697671,Center Back,43.3389544688027,50.379426644182125,31.408094435075885,72.42833052276559,86.76222596964587,14.080944350758854,15.598650927487354,69.35075885328837,47.72344013490725,45.10961214165262,86.76222596964587,20.27824620573356,20.27824620573356,37.68971332209106,93.00168634064082,97.97639123102867,97.80775716694772,99.15682967959528,95.95278246205734,28.752107925801013,60.03372681281619,78.24620573355818,34.48566610455312,99.91568296795953,31.91399662731872,70.65767284991568,100.0,73.77740303541316,14.080944350758854,15.935919055649242,29.468802698145026,99.74704890387859,"[7.21886885945251, 4.549411740455892, 2.056385419886715, 3.40923146750415, -1.995753721507666, 1.989919438446854, -1.5890691390684688, 0.5169304355039558, 0.9762548768742393, -2.154043992561569, 1.3311655898626344, 1.9782246033330166, -1.047254225708663, 0.21328461351888764, -0.6314580827895188, -0.09217415529406377, 1.8283317326401805]",-1.1719558,5.8817587
186087,9795,Ryan Tafazolli,1991-09-28,196.0,left,England,CB,,50000.0,1643,0.0376433359002167,0.3834449178332318,0.2191113816189896,0.273889227023737,,,,,,0.0196076351843153,27.55325623858795,69.57123098201936,2.6841144248326234,36.02941176470589,0.2191113816189896,0.0,0.0,0.0,0.2191113816189896,66.66666666666667,8.928788800973829,74.77064220183486,7.449786975045648,77.71428571428571,58.28362751065125,1.424223980523433,0.2191113816189896,0.3286670724284845,14.40657334144857,1.040779062690201,1.095556908094948,1.6981132075471697,0.3834449178332318,2.7388922702373706,0.0,0.1643335362142422,10.57212416311625,Center Back,47.72344013490725,32.04047217537943,75.54806070826307,57.335581787521086,40.21922428330523,14.67116357504216,6.913996627318718,59.94940978077572,29.17369308600337,36.59359190556493,21.922428330522767,20.27824620573356,20.27824620573356,60.62394603709949,65.64080944350759,98.56661045531197,99.57841483979763,99.83136593591905,98.90387858347385,26.812816188870155,77.40303541315345,39.29173693086003,14.924114671163574,98.22934232715008,18.043844856661046,51.34907251264755,99.57841483979763,96.45868465430016,18.718381112984822,15.935919055649242,9.865092748735245,97.8920741989882,"[6.501722254307849, 5.020987045160943, 1.7999878812098205, 2.7934317398431334, -2.1363418518981874, 1.6706168972901472, -1.014159531933205, -0.5703472742422747, -0.008672924672811737, -0.6811186872714309, 0.29815381378670924, 2.1678434040502097, -1.4357897216316133, -0.293372778310283, -0.0037142346368819823, 0.2936353167152216, 1.4260058878398532]",-1.1173484,5.8602448
1284082,9786,Alfie Pond,2004-03-01,188.0,right,England,CB,,250000.0,1504,0.0841954754705124,0.4787234042553191,0.1795212765957446,0.2992021276595745,,,,,,0.0094980828741446,31.71542553191489,78.7518573551263,1.9148936170212765,30.476190476190474,0.0598404255319148,0.0,0.0,0.0,0.0598404255319148,100.0,7.001329787234043,57.35294117647059,4.547872340425531,58.01526717557252,59.36170212765957,0.9574468085106382,0.4787234042553191,0.9574468085106382,13.164893617021276,1.4361702127659572,1.4361702127659572,0.598404255319149,1.1369680851063828,2.8125,0.0,0.3590425531914893,9.694148936170212,Center Back,85.58178752107925,46.45868465430017,65.21922428330524,61.804384485666105,17.959527824620576,25.126475548060707,24.367622259696457,26.68634064080944,13.069139966273188,6.408094435075886,21.922428330522767,20.27824620573356,20.27824620573356,19.30860033726813,93.00168634064082,89.46037099494097,40.43001686340641,89.79763912310287,42.24283305227656,31.618887015177066,50.337268128161895,7.040472175379427,72.76559865092749,96.29005059021922,49.28330522765599,80.98650927487353,35.07588532883643,36.34064080944351,21.205733558178753,15.935919055649242,41.77908937605396,96.964586846543,"[4.819353178445298, 3.2975068607911626, 1.1663121553353757, 0.8099145372728058, -0.5488401332640604, 1.876704155935606, -1.1803278514163453, 0.689675911970587, 0.8228865881027656, -0.875662007246666, 0.9248360409205736, 0.23209582162564663, 0.2601177994671587, 0.30554968126237386, -0.5786890697620686, -0.009275388410287437, -0.2942383730292134]",-1.0785204,6.3007374
718093,45729,Kyle Cameron,1997-01-15,190.0,left,Scotland,CB,,300000.0,1450,0.1031586244188506,1.3034482758620691,0.5586206896551724,0.9310344827586208,,,,,,0.0264199419268246,13.841379310344829,61.772853185595565,1.7379310344827588,26.666666666666668,0.3103448275862069,0.0620689655172413,0.1241379310344827,100.0,0.2482758620689654,80.0,6.268965517241379,59.06432748538012,3.5379310344827584,55.33980582524272,37.42758620689655,1.986206896551724,0.3103448275862069,1.0551724137931036,9.310344827586206,1.5517241379310345,0.6827586206896552,0.7448275862068966,0.7448275862068966,2.2344827586206897,0.0,0.3724137931034483,6.331034482758621,Center Back,93.59190556492412,98.06070826306915,99.07251264755482,98.90387858347385,51.34907251264755,0.42158516020236086,1.433389544688027,19.645868465430016,5.143338954468803,57.58853288364249,66.69477234401349,73.60876897133221,98.18718381112986,66.86340640809443,80.81787521079258,79.84822934232714,50.42158516020236,77.40303541315345,31.155143338954467,0.42158516020236086,92.58010118043845,23.18718381112985,78.41483979763912,58.09443507588533,58.72681281618887,10.87689713322091,55.22765598650927,74.36762225969646,6.408094435075886,15.935919055649242,44.772344013490724,68.12816188870153,"[1.9464713898107369, 3.8878227035973425, 0.5866429947175922, 1.1079262470631437, -2.9229619911366282, 0.32397216294950154, 2.6738513173461307, 4.06105191809156, -1.512801024328968, -1.219510138417155, -0.4588797645665185, 0.44820382510963885, 0.692868226100336, -0.38927052494393144, -0.9020048843365187, -0.17504412291533175, -0.3418358840181788]",-1.0364681,5.0497956
1531739,10005,Maldini Kacurri,2005-10-04,,right,Albania,CB,,450000.0,1435,0.0202641115371358,0.3763066202090592,0.0627177700348432,0.313588850174216,,,,,,0.0082433955802319,20.696864111498257,66.93711967545639,2.3832752613240418,31.932773109243698,0.0627177700348432,0.0,0.0627177700348432,100.0,0.313588850174216,83.33333333333333,6.961672473867596,60.0,4.327526132404181,60.526315789473685,48.22996515679443,0.5644599303135889,0.313588850174216,0.5017421602787456,12.229965156794425,1.818815331010453,1.6306620209059235,0.627177700348432,1.1916376306620209,2.9477351916376304,0.0,0.313588850174216,8.153310104529616,Center Back,27.82462057335582,30.94435075885329,24.367622259696457,63.61720067453626,15.851602023608768,4.215851602023609,5.227655986509275,46.0370994940978,16.441821247892076,7.082630691399664,21.922428330522767,58.26306913996627,98.18718381112986,76.47554806070826,83.09443507588533,88.87015177065767,56.66104553119731,87.60539629005059,52.27655986509275,4.4688026981450255,20.489038785834737,22.63912310286678,30.69139966273187,93.17032040472175,76.22259696458684,89.3760539629005,38.87015177065767,31.871838111298484,26.981450252951095,15.935919055649242,33.22091062394604,90.97807757166947,"[4.647226834606249, 2.6728393314228307, 1.390440929637869, 0.2546201681865234, -2.646035621791643, 0.31597759706147405, 2.707571369239517, 4.097916953216622, -1.0522779125241768, -0.7998966246506055, 0.21323434743045105, 0.8589642653206154, -0.8627468776556967, 0.6742102740292084, -0.3447388924033002, 0.17768560428203076, -0.4010088307862962]",-1.0135273,5.1217184
1315290,8313,Bobby Faulkner,2004-08-05,186.0,,England,CB,,125000.0,1231,0.0200178705997141,0.4386677497969131,0.1462225832656377,0.3655564581640942,,,,,,0.003031706732526,27.343623070674248,78.90295358649789,1.4622258326563768,28.571428571428573,0.2193338748984565,0.0731112916328188,0.0,0.0,0.0731112916328188,100.0,11.112916328188463,65.80086580086581,6.068237205523964,60.58394160583941,61.41348497156783,1.0966693744922826,0.2924451665312754,2.412672623883022,18.93582453290008,2.6320064987814784,1.2428919577579205,1.1697806661251016,1.0966693744922826,2.4857839155158405,0.0,0.5848903330625508,13.89114541023558,Center Back,27.5716694772344,40.80944350758853,54.21585160202361,70.65767284991568,9.27487352445194,14.502529510961216,24.873524451939293,10.87689713322091,8.642495784148398,36.677908937605395,70.78414839797638,20.27824620573356,20.27824620573356,22.4283305227656,93.00168634064082,99.91568296795953,86.84654300168634,97.63912310286678,52.61382799325464,38.53288364249578,61.04553119730185,26.22259696458685,99.6627318718381,100.0,96.54300168634065,65.59865092748736,92.53794266441821,39.62900505902192,11.973018549747048,15.935919055649242,75.71669477234401,100.0,"[6.265781655844015, 4.118568947168786, 4.686001714760531, 1.7326112996470329, -1.4270364339827855, 2.3059453320516927, -0.8109159930623088, -0.30085066239749775, 0.22379661279875854, -3.0717579244810698, 1.5641516220652947, 0.6418153490596241, 0.42930056908126685, -0.13319810111032532, -1.2795837756007842, 0.12820306805007153, 0.6622407074487644]",-1.1121819,5.910908
24382,9834,Michael Morrison,1988-03-03,183.0,right,England,CB,,0.0,1179,0.029374047090079,0.5343511450381679,0.1526717557251908,0.4580152671755725,,,,,,0.0383479631584109,20.763358778625957,70.64935064935065,1.6030534351145038,27.63157894736842,0.3053435114503817,0.1526717557251908,0.0,0.0,0.2290076335877862,100.0,9.389312977099236,63.402061855670105,5.877862595419847,57.03703703703704,45.80152671755725,1.3740458015267174,0.0763358778625954,1.8320610687022905,9.923664122137405,1.6030534351145038,0.9923664122137404,0.4580152671755725,0.6106870229007634,2.2900763358778624,0.0763358778625954,0.3053435114503817,6.870229007633588,Center Back,37.68971332209106,55.1433389544688,56.23946037099494,81.78752107925801,68.88701517706576,4.3844856661045535,8.178752107925801,14.839797639123104,6.829679595278246,56.492411467116355,91.06239460370995,20.27824620573356,20.27824620573356,62.47892074198988,93.00168634064082,99.24114671163575,77.65598650927488,97.13322091062395,38.53288364249578,2.2765598650927488,74.49409780775717,79.97470489038786,97.38617200674537,68.38111298482293,62.394603709949415,39.12310286677909,16.694772344013494,85.24451939291737,7.925801011804384,58.768971332209105,31.365935919055648,76.9814502529511,"[3.2889888690014795, 3.8878117495076867, 2.39648868738803, 1.181289917250791, -1.626669358149002, 2.7815701832467012, -0.33431370719021725, -0.22037730125707186, 1.2005971461006717, -0.7409483071229684, -0.7055473567173971, -0.11667329706359354, 0.3958368319826416, -0.27425860509303546, -1.3457811303228155, -0.002956911724923591, -0.01836776597398502]",-1.0383993,5.9558835
881523,10005,Douglas Tharme,1999-08-17,183.0,right,Wales,CB,,125000.0,941,0.0082061636112194,0.1912858660998937,0.0,0.0956429330499468,,,,,,0.0138822801244879,34.52709883103082,72.78225806451613,4.017003188097768,39.25233644859813,0.0,0.0,0.0,0.0,0.1912858660998937,100.0,6.695005313496281,66.0377358490566,5.260361317747077,68.75,63.98512221041445,0.3825717321997874,0.0956429330499468,0.2869287991498406,11.572794899043572,0.9564293304994688,0.7651434643995749,0.2869287991498406,0.6695005313496281,3.251859723698193,0.0,0.2869287991498406,9.564293304994688,Center Back,15.177065767284992,9.106239460370995,7.841483979763912,26.22259696458685,27.65598650927487,32.54637436762226,11.63575042158516,89.54468802698145,42.49578414839797,2.403035413153457,21.922428330522767,20.27824620573356,20.27824620573356,54.679595278246204,93.00168634064082,86.00337268128162,87.60539629005059,94.77234401349072,86.97301854974705,47.97639123102867,8.684654300168635,74.95784148397976,11.804384485666104,89.03878583473862,13.15345699831366,15.851602023608768,5.059021922428331,80.81787521079258,41.231028667790895,15.935919055649242,28.035413153457,96.71163575042159,"[5.606006306566081, 2.8166690000592784, 0.3406971696993126, 1.5053027969761559, -0.8051702393840404, 2.182635433835368, -0.8106089156223232, 0.44483092146975917, 1.691073978879032, 0.48822680123463835, -0.7480670834352916, 1.3527446566301886, -0.39403084245283837, -0.7256712990885376, -0.4489296931599614, 0.6972870145435768, -0.44033547762515224]",-1.0197895,6.3256593
564582,8313,Jordan Turnbull,1994-10-31,185.0,left,England,CB,,150000.0,754,0.0337679051752115,0.9549071618037136,0.1193633952254641,0.4774535809018567,,,,,,0.0213948749895121,23.03713527851459,72.28464419475655,2.984084880636605,40.98360655737705,0.8355437665782494,0.2387267904509283,0.1193633952254641,20.0,0.2387267904509283,100.0,7.9973474801061,69.0721649484536,5.4907161803713525,74.19354838709677,56.81697612732096,1.7904509283819627,0.1193633952254641,0.9549071618037136,15.9946949602122,1.6710875331564987,1.3129973474801062,0.9549071618037136,1.0742705570291775,2.8647214854111405,0.1193633952254641,0.4774535809018567,12.055702917771884,Center Back,42.580101180438454,91.06239460370995,43.84485666104553,83.55817875210792,43.25463743676223,6.99831365935919,10.708263069139965,69.81450252951096,49.70489038785835,97.38617200674537,98.31365935919055,73.18718381112986,58.72681281618887,64.83979763912309,93.00168634064082,95.78414839797638,95.19392917369308,96.12141652613828,96.88026981450253,22.765598650927487,88.70151770657672,67.58010118043845,72.42833052276559,99.6627318718381,67.11635750421586,72.34401349072512,78.58347386172007,42.03204047217538,23.355817875210793,75.46374367622259,61.12984822934233,99.32546374367622,"[5.330387523250274, 3.291991285076571, 2.511061202176807, 2.914943951601546, -2.1338794621155937, 1.353168919190951, -0.8360242842561184, 1.2441524662222139, 0.8942513515788718, -1.776150711645567, 0.32212430670061315, 1.1287182749590825, -0.4938581619201877, 0.41322005879228885, -0.5717067572699474, -0.6913442607682847, 0.507580839820607]",-1.141296,5.9725986
1005800,7946,Tom Bradbury,1998-02-27,190.0,left,England,CB,,100000.0,710,0.0338830998246098,0.380281690140845,0.1267605633802817,0.2535211267605634,,,,,,0.0019172877466804,21.422535211267604,70.12448132780084,1.3943661971830985,22.0,0.1267605633802817,0.0,0.0,0.0,0.1267605633802817,100.0,9.76056338028169,69.36936936936937,7.47887323943662,70.23809523809524,51.59154929577465,1.0140845070422535,0.2535211267605634,1.1408450704225352,15.211267605633802,1.0140845070422535,0.8873239436619719,0.380281690140845,0.6338028169014085,2.1549295774647885,0.0,0.2535211267605634,12.929577464788732,Center Back,42.91736930860034,31.534569983136596,47.13322091062395,54.131534569983145,8.937605396290051,5.143338954468803,7.504215851602024,9.359190556492411,1.2647554806070826,16.90556492411467,21.922428330522767,20.27824620573356,20.27824620573356,38.27993254637437,93.00168634064082,99.57841483979763,96.12141652613828,99.91568296795953,91.14671163575042,9.021922428330523,54.89038785834739,32.377740303541316,82.20910623946037,99.15682967959528,16.188870151770658,27.065767284991573,10.750421585160202,84.06408094435076,4.721753794266442,15.935919055649242,22.17537942664418,99.83136593591905,"[5.239882336965485, 5.297606669969377, 2.6050470082583095, 1.700406125739436, -2.413373204712004, 3.0568003098807854, -0.5744961899620263, -0.054112180818079544, 0.7638061458677947, -0.557843521808923, 0.04392320036038324, 0.7174144177902393, -0.39515253985066195, -0.7580714607932952, -0.995925723556886, -0.042689707892861764, -0.10958770644866653]",-1.1695712,5.931677
865152,10005,Sam Lavelle,1996-10-03,188.0,right,Scotland,CB,,125000.0,501,0.0725389240744585,0.5389221556886228,0.0,0.1796407185628742,,,,,,0.0091501887508495,31.796407185628745,78.31858407079646,3.0538922155688626,41.46341463414634,0.1796407185628742,0.0,0.0,0.0,0.1796407185628742,100.0,6.107784431137725,69.38775510204081,4.6706586826347305,66.66666666666667,59.46107784431138,0.5389221556886228,0.0,0.3592814371257484,13.652694610778443,1.0778443113772456,2.335329341317365,0.8982035928143712,0.3592814371257484,2.874251497005988,0.0,0.0,9.34131736526946,Center Back,78.66779089376054,55.64924114671164,7.841483979763912,40.38785834738617,17.284991568296796,25.379426644182125,23.18718381112985,72.17537942664418,51.85497470489039,27.74030354131535,21.922428330522767,20.27824620573356,20.27824620573356,52.61382799325464,93.00168634064082,77.15008431703204,96.24789207419899,91.06239460370995,80.18549747048904,32.04047217537943,17.622259696458684,94.94097807757167,17.284991568296796,97.13322091062395,20.9106239460371,99.24114671163575,72.93423271500843,97.63912310286678,23.69308600337268,15.935919055649242,0.8431703204047217,96.29005059021922,"[6.597533198467591, 2.986750054041226, 0.1941790417384835, 1.926783014273204, -0.8410737204984858, 2.3802584938864584, -1.443548130990468, 0.6317916792797407, 0.32957471073735717, -0.7865611761117963, -0.13775747159592006, 0.8411723331038083, -0.5743774961829954, 1.9032796261450602, -0.046328926628307544, -0.26964288355491134, -0.10940986721389218]",-1.177066,6.3849206
656491,9941,Rasmus Nicolaisen,1997-03-16,190.0,left,Denmark,CB,,5000000.0,2590,0.0294220081627599,0.5212355212355212,0.1737451737451737,0.4517374517374517,,,,,,0.0177321977136678,36.7992277992278,86.3080684596577,2.189189189189189,48.09160305343512,0.0694980694980695,0.0,0.0,0.0,0.1042471042471042,100.0,4.274131274131274,62.121212121212125,2.606177606177606,66.3716814159292,56.884169884169886,1.0772200772200773,0.0,0.7297297297297298,8.40926640926641,0.8687258687258687,1.494208494208494,0.7644787644787645,1.0077220077220077,3.1969111969111967,0.138996138996139,0.416988416988417,5.281853281853282,Center Back,37.77403035413153,52.86677908937606,63.40640809443507,81.070826306914,35.91905564924115,39.12310286677909,60.87689713322091,37.01517706576728,75.96964586846543,8.052276559865094,21.922428330522767,20.27824620573356,20.27824620573356,32.377740303541316,93.00168634064082,30.101180438448566,70.86846543001685,56.155143338954474,78.70994940978078,23.27150084317032,59.190556492411474,94.94097807757167,53.79426644182125,38.87015177065767,9.696458684654301,83.81112984822934,58.600337268128165,48.4822934232715,38.70151770657672,80.69139966273187,53.246205733558185,48.397976391231026,"[4.4686280088994375, 2.031821144915348, -0.8412587877259489, 1.0075991729395206, 0.9483251380704554, 1.5522948889204817, -0.9226767108826185, 0.8694446005301106, 1.1099911099317867, -0.26405172173866753, -0.30997842471344444, -0.4702359574384811, 0.44817411619916436, 0.6603995792757018, -0.2627878505419791, -1.253501716451236, 0.32568547716684737]",-1.0265054,7.381449
1186444,9941,Charlie Cresswell,2002-08-17,190.0,right,England,CB,,25000000.0,2533,0.1214378189767625,1.3146466640347414,0.4263718910382945,1.1014607185155942,,,,,,0.0315600699508703,42.88590604026845,85.66359119943222,2.84247927358863,43.24324324324324,0.3908409001184366,0.0355309909198578,0.0,0.0,0.0355309909198578,100.0,6.075799447295697,57.770270270270274,4.619028819581524,65.0,63.49388077378602,2.487169364390052,0.284247927358863,0.5329648637978681,9.131464666403474,0.9238057639163048,0.9948677457560204,1.0659297275957362,1.1014607185155942,2.629293328069483,0.0,0.7106198183971575,6.146861429135412,Center Back,96.71163575042159,98.22934232715008,97.13322091062395,99.57841483979763,59.527824620573355,56.82967959527825,55.31197301854974,64.83979763912309,59.06408094435076,72.76559865092749,51.01180438448567,20.27824620573356,20.27824620573356,14.418212478920742,93.00168634064082,76.81281618887014,42.748735244519395,90.80944350758853,73.27150084317033,46.711635750421586,98.1450252951096,27.65598650927487,33.81112984822934,54.04721753794266,11.720067453625632,39.29173693086003,87.09949409780776,38.87015177065767,14.924114671163574,15.935919055649242,86.25632377740303,65.34569983136593,"[3.863354362630504, 3.5703111502230302, 0.20959520013354344, 2.9898360687808814, 0.6918862200531961, 0.386958077176129, -1.729610992755132, 1.355360092712779, 1.1225873100410484, -0.7627447574748747, 0.42401493053681333, -0.03302832527034715, 1.173089273305483, -1.201466344649577, -0.583181858681715, -1.1562240107489692, -0.1681009058573754]",-1.1185019,6.9114256
1401205,10242,Michel Diaz,2003-07-23,193.0,right,Ivory Coast,CB,,,1560,0.0536653869427167,0.4038461538461538,0.0576923076923076,0.2884615384615384,,,,,,0.0163609660588778,31.78846153846154,85.82554517133957,2.884615384615384,57.47126436781609,0.0576923076923076,0.0,0.0576923076923076,100.0,0.173076923076923,75.0,4.269230769230769,64.34782608695652,1.903846153846154,55.0,50.94230769230769,0.9807692307692308,0.0576923076923076,0.6346153846153846,10.096153846153848,1.5576923076923077,1.3846153846153846,1.3846153846153846,0.4615384615384615,3.519230769230769,0.0576923076923076,0.2307692307692307,5.769230769230768,Center Back,65.09274873524453,35.32883642495784,22.51264755480607,59.86509274873525,32.715008431703204,25.29510961214165,57.251264755480605,66.61045531197301,94.5193929173693,6.155143338954469,21.922428330522767,56.070826306914,98.18718381112986,51.18043844856661,76.01180438448567,29.763912310286678,81.70320404721754,31.365935919055648,29.384485666104553,7.841483979763912,52.529510961214164,83.89544688026982,44.09780775716695,71.16357504215851,59.27487352445194,78.035413153457,97.21753794266442,93.38111298482293,53.87858347386172,50.252951096121414,17.706576728499158,58.68465430016864,"[5.113023813757695, 0.9496351149479253, -1.231362912036847, 1.1554743957005795, -0.5004132364402056, 0.23616274323034545, 3.074109738452284, 3.6050903365279092, -1.9196244083687062, -1.6433652416733295, 0.10332943204211352, 0.8555900466857559, -0.7173000694536912, 0.9496669202193448, -0.6016730284393677, -0.052073590505996456, 0.9860175027707065]",-1.0297141,4.7476006
1303501,9830,Ali Yousef Musrati,2001-07-09,193.0,right,Libya,CB,,,968,0.0376177680763331,0.5578512396694215,0.0929752066115702,0.371900826446281,,,,,,0.0201053663410923,31.51859504132232,83.08823529411765,2.789256198347108,45.45454545454545,0.2789256198347107,0.0,0.0,0.0,0.1859504132231405,100.0,4.276859504132232,68.65671641791045,2.0454545454545454,73.33333333333333,52.06611570247934,1.2086776859504134,0.0,1.0227272727272727,9.204545454545457,1.0227272727272727,1.859504132231405,0.4648760330578512,1.0227272727272727,3.2541322314049586,0.0929752066115702,0.371900826446281,5.857438016528926,Center Back,47.63912310286678,58.13659359190556,33.97976391231028,71.41652613827993,41.56829679595278,24.283305227655987,41.14671163575042,62.900505902192236,66.14671163575042,51.602023608768974,21.922428330522767,20.27824620573356,20.27824620573356,53.709949409780776,93.00168634064082,30.269814502529513,94.09780775716695,37.436762225969645,95.78414839797638,10.623946037099493,67.53794266441821,94.94097807757167,76.89713322091062,56.070826306914,16.779089376053964,95.1096121416526,17.959527824620576,47.25969645868465,41.48397976391231,66.86340640809443,44.64586846543001,60.79258010118044,"[4.635543015737133, 1.775966294540363, -0.31920662110357134, 0.9498267676307511, 0.5554784016378207, 1.8411912459257762, -0.8232751386146169, 0.679145105701113, 1.0315385509203523, -0.3548705004935444, -1.0339804737849356, -0.6130143339806144, 0.527008785965133, 1.4835062587263217, 0.03839990075479529, -1.2852118256145495, -0.03732383133466889]",-1.0429871,7.255829
1559204,293352,Axel Drouhin,2000-03-18,187.0,right,France,CB,,1200000.0,2262,0.0688448255827319,0.8355437665782494,0.0795755968169761,0.5570291777188329,,,,,,0.0104840708506202,30.47745358090186,79.29606625258799,2.506631299734748,40.64516129032258,0.1591511936339522,0.0795755968169761,0.0,0.0,0.1591511936339522,100.0,5.928381962864721,65.06550218340611,4.416445623342175,68.94409937888199,51.60477453580902,1.0742705570291775,0.0795755968169761,0.6763925729442971,8.355437665782494,0.6763925729442971,0.7957559681697614,0.4774535809018567,1.0742705570291775,3.938992042440318,0.0,0.1989389920424403,6.405835543766578,Center Back,76.81281618887014,85.07588532883642,29.763912310286678,90.21922428330524,20.57335581787521,21.66947723440135,26.22259696458685,51.9814502529511,48.22934232715008,23.440134907251263,73.10286677908938,20.27824620573356,20.27824620573356,47.217537942664414,93.00168634064082,73.27150084317033,84.06408094435076,88.27993254637437,87.60539629005059,9.106239460370995,59.02192242833052,79.17369308600337,48.735244519392914,37.268128161888704,3.87858347386172,18.21247892074199,20.02529510961214,42.03204047217538,71.50084317032041,15.935919055649242,13.91231028667791,70.23608768971332,"[3.9267097484436806, 3.147810189599253, 0.07004938204095809, 1.64098813245806, 0.006741739207768778, 1.8407262024503785, -0.6160802447365158, 0.7008728456978068, 1.6720333218202184, 0.6070350282890099, -0.6244228279332322, -0.08575688929470564, 0.2889674535743521, -0.11830638002249234, -0.7841810976368913, -0.6799295067892375, -0.2684665679478649]",-1.1691979,6.9764147
1078287,9855,Clément Vidal,2000-06-18,181.0,right,France,CB,,1000000.0,2006,0.0486565283977854,0.6729810568295115,0.3589232303090727,0.4935194416749751,,,,,,0.0042266255673596,40.42372881355932,85.3219696969697,4.710867397806581,51.98019801980198,0.044865403788634,0.0,0.044865403788634,100.0,0.044865403788634,100.0,4.845463609172482,65.45454545454545,2.647058823529412,68.6046511627907,62.3629112662014,0.8524426719840478,0.044865403788634,1.435692921236291,10.72283150548355,0.9870388833499502,0.8075772681954139,1.1216350947158524,0.8524426719840478,3.4546360917248253,0.0,0.5383848454636092,7.806580259222334,Center Back,60.11804384485666,71.33220910623946,94.35075885328837,86.00337268128162,10.202360876897133,50.0,52.78246205733558,94.94097807757167,86.00337268128162,5.059021922428331,21.922428330522767,50.84317032040472,98.18718381112986,15.935919055649242,93.00168634064082,47.048903878583474,85.6239460370995,57.377740303541316,86.08768971332209,42.24283305227656,42.83305227655986,86.6779089376054,92.32715008431704,80.77571669477234,14.586846543001686,19.645868465430016,90.3035413153457,65.09274873524453,50.674536256323776,15.935919055649242,69.64586846543001,88.1956155143339,"[5.429124806883144, 1.3527324442570987, -0.3334798977648376, 2.671201745004972, -0.05273135040334225, 0.22953597770080886, 3.361998065969147, 4.071275356970044, -0.7143344213822046, -1.348690871797783, -0.080592622486278, 1.3888150968185233, 1.110691801360549, -0.3670929540967358, -0.3836163075280043, -0.11329789618640304, 1.0703282124295208]",-1.0658759,4.81
290996,8481,Nicolas Saint-Ruf,1992-10-24,187.0,right,Guadeloupe,CB,,200000.0,1865,0.1315109889564821,1.061662198391421,0.4825737265415549,0.7238605898123325,,,,,,0.0224834408900693,27.84450402144772,81.72804532577904,3.715817694369973,48.125,0.2895442359249329,0.0482573726541555,0.0,0.0,0.0482573726541555,100.0,4.487935656836461,59.23566878980892,2.9919571045576405,68.88888888888889,48.6916890080429,2.219839142091153,0.0482573726541555,0.5308310991957105,9.989276139410189,0.9168900804289544,0.9168900804289544,0.9168900804289544,1.1581769436997318,2.798927613941019,0.0,0.5308310991957105,7.238605898123324,Center Back,97.3018549747049,93.67622259696459,98.31365935919055,96.29005059021922,45.02529510961214,15.177065767284992,35.160202360876895,86.17200674536257,76.0539629005059,54.04721753794266,60.03372681281619,20.27824620573356,20.27824620573356,16.694772344013494,93.00168634064082,35.66610455311973,51.51770657672849,66.3575042158516,87.52107925801012,4.806070826306914,95.53119730185497,85.83473861720068,33.38954468802699,69.30860033726813,11.298482293423271,30.016863406408095,74.36762225969646,34.232715008431704,20.741989881956155,15.935919055649242,68.97133220910624,82.20910623946037,"[3.8297158788446386, 3.2437982274493113, -0.75038590220264, 2.0834463031038544, 0.41603005602229115, 0.8504385762528637, -1.5234273282540094, 1.431418792158617, 1.4694231124795325, -1.1833041154436126, -0.3541107132665816, 0.4420904716504229, 0.7947672600858909, 0.05636224576297503, -0.12104859311836257, -0.6996801971913981, 0.2593123835475096]",-1.0686417,6.9669304
423624,94937,Patrick Mainka,1994-11-06,194.0,right,Germany,CB,,2500000.0,3060,0.1027470616733326,1.0882352941176472,0.2647058823529412,0.7941176470588235,,,,,,0.0399093137067907,34.6764705882353,87.07533234859675,1.2941176470588234,42.71844660194175,0.2941176470588235,0.088235294117647,0.0,0.0,0.1176470588235294,100.0,6.235294117647059,63.855421686746986,4.235294117647059,61.802575107296136,56.64705882352941,1.911764705882353,0.0294117647058823,0.5882352941176471,11.235294117647058,1.3235294117647058,1.0294117647058822,1.2058823529411764,0.3235294117647058,3.088235294117647,0.0588235294117647,0.5882352941176471,7.676470588235294,Center Back,93.42327150084317,94.09780775716695,83.81112984822934,97.47048903878583,70.99494097807757,33.05227655986509,66.94772344013491,7.082630691399664,56.82967959527825,54.97470489038786,76.34907251264755,20.27824620573356,20.27824620573356,35.83473861720067,93.00168634064082,79.42664418212479,79.93254637436762,86.6779089376054,58.93760539629005,22.17537942664418,91.31534569983137,89.29173693086003,39.62900505902192,86.42495784148399,41.357504215851606,44.51939291736931,93.59190556492412,98.31365935919055,33.305227655986506,50.63237774030354,76.0539629005059,86.59359190556492,"[4.483195604276782, 3.172365079549493, 0.1537256679905949, 2.428611875248655, -0.09171973381481589, 1.6888501874038404, -1.8391642224406106, 0.9326330784071335, 0.010992424936584777, -1.393640005055339, 0.2114759730802668, -0.2766177442839956, 0.3170307124718442, -0.6391319479591742, -1.2406512685644906, -1.1636162379612485, 0.5449994679449776]",-1.1833313,6.773852
1413996,10204,Luka Vuskovic,2007-02-24,193.0,right,Croatia,CB,,60000000.0,2441,0.126376071947122,1.1798443260958624,0.368701351904957,0.5530520278574356,,,,,,0.053790357942124,46.97255223269153,83.05084745762711,3.244571896763621,42.30769230769231,0.4055714870954526,0.0,0.0,0.0,0.2949610815239656,88.88888888888889,7.63211798443261,67.6470588235294,5.493650143383859,74.5,76.3211798443261,1.9172470299057764,0.5530520278574356,1.1798443260958624,12.498975829578043,0.8111429741909053,1.474805407619828,0.9586235149528882,1.0692339205243753,4.645637034002458,0.0368701351904957,0.2580909463334699,9.25440393281442,Center Back,97.13322091062395,96.71163575042159,95.02529510961214,89.96627318718382,83.97976391231029,67.79089376053963,40.97807757166947,76.64418212478921,54.97470489038786,74.95784148397976,21.922428330522767,20.27824620573356,20.27824620573356,73.77740303541316,85.37099494097808,93.59190556492412,92.58010118043845,96.20573355817875,97.13322091062395,83.05227655986509,91.39966273187183,4.8903878583473865,84.65430016863407,94.60370994940978,7.841483979763912,82.96795952782462,79.25801011804384,42.748735244519395,88.02698145025295,38.82799325463744,23.27150084317032,95.61551433389545,"[5.307937493945123, 2.805358737366606, 1.8955686528476179, 3.7058961099661607, 0.42326658542962226, 1.1419744335113506, -1.1404542091127146, 0.16329383210798634, 0.3428579958894538, 0.17328578364693323, 0.8218079371499002, 1.005323381368036, 0.4993170327644145, 0.2967546265664303, -0.2880495239603753, -0.34333698326532147, 0.013892321579901784]",-1.027221,6.5679135
1463271,8722,Jahmai Simpson-Pusey,2005-11-04,187.0,right,England,CB,,9000000.0,864,0.0426250013212363,0.625,0.3125,0.4166666666666666,,,,,,0.0174993649125099,48.54166666666666,86.61710037174721,2.2916666666666665,34.92063492063492,0.2083333333333333,0.0,0.0,0.0,0.3125,100.0,4.166666666666666,68.96551724137932,2.5,64.86486486486487,70.3125,0.8333333333333333,0.1041666666666666,0.4166666666666666,9.479166666666666,0.9375,1.3541666666666663,0.7291666666666666,0.4166666666666666,3.2291666666666665,0.0,0.1041666666666666,6.458333333333333,Center Back,53.541315345699836,65.51433389544688,90.21922428330524,77.61382799325463,35.32883642495784,72.17537942664418,63.322091062394605,41.48397976391231,24.494097807757168,34.654300168634066,21.922428330522767,20.27824620573356,20.27824620573356,76.22259696458684,93.00168634064082,26.559865092748737,94.64586846543001,53.20404721753794,72.80775716694772,67.95952782462057,41.526138279932546,72.51264755480608,22.849915682967957,61.2141652613828,12.225969645868465,75.71669477234401,53.37268128161888,95.1096121416526,40.38785834738617,15.935919055649242,4.63743676222597,71.58516020236088,"[5.230151312798008, 1.7911012830266424, -1.2561858507082333, 1.888336548401986, 0.476250373950129, 2.3927996655104344, -1.1913978182762248, 0.5692072939664287, 0.14411085340207636, 0.28884701187314726, 0.10037784056941843, -0.562501691613576, 0.6802804569599908, 0.2408918233043615, 0.04636057848512046, -0.5261615337539904, -0.2638763501506974]",-1.0923004,7.293015
733965,9912,Joel Felix,1998-01-13,190.0,left,Denmark,CB,,500000.0,1013,0.0789565654050444,0.9772951628825272,0.5330700888450148,0.7996051332675221,,,,,,0.0340642821988842,48.42053307008885,86.23417721518987,3.9091806515301086,53.65853658536585,0.2665350444225074,0.0,0.0,0.0,0.1776900296150049,100.0,5.597235932872656,50.4,3.8203356367226062,54.43037974683544,71.07601184600198,2.3988153998025665,0.1776900296150049,0.3553800592300098,8.706811451135241,1.243830207305035,1.5992102665350445,0.6219151036525173,1.5992102665350445,2.843040473840079,0.0,0.6219151036525173,5.2418558736426455,Center Back,83.38954468802699,91.8212478920742,98.90387858347385,97.72344013490725,63.40640809443507,71.8381112984823,59.94940978077572,88.61720067453625,89.46037099494097,48.4822934232715,21.922428330522767,20.27824620573356,20.27824620573356,52.02360876897133,93.00168634064082,65.43001686340641,9.106239460370995,81.36593591905566,27.150084317032043,70.23608768971332,97.38617200674537,48.566610455311974,16.947723440134908,45.952782462057336,34.73861720067454,88.1956155143339,38.27993254637437,9.27487352445194,22.344013490725125,15.935919055649242,79.84822934232714,47.30185497470489,"[3.900622968193571, 2.198230711732136, -0.010808643178848838, 2.190909825737241, 1.595500873708859, -0.12699871349253192, -1.738550578904663, 1.5417890765500921, 1.712262472527067, -0.6169738047649632, 0.531926746461782, 0.16160987359009066, 0.9292311275391255, -0.14926891539764336, 0.1574871928826791, -0.47243114673149994, -1.2286603702341075]",-1.1292061,7.1518884
484640,8150,Carl Johansson,1994-05-23,185.0,right,Sweden,CB,,400000.0,945,0.1156857127235049,0.9523809523809524,0.0952380952380952,0.761904761904762,,,,,,0.004519060963676,54.47619047619048,91.3738019169329,1.809523809523809,55.88235294117647,0.0,0.0,0.0,0.0,0.1904761904761905,100.0,5.523809523809524,68.23529411764706,4.095238095238095,67.1875,76.19047619047619,2.0,0.0,0.5714285714285714,12.476190476190476,0.6666666666666667,1.238095238095238,1.1428571428571428,0.4761904761904761,3.142857142857143,0.0952380952380952,0.0952380952380952,9.428571428571429,Center Back,95.86846543001685,90.89376053962901,35.07588532883643,97.04890387858347,10.539629005059021,84.82293423271501,92.58010118043845,23.0185497470489,93.12816188870153,2.403035413153457,21.922428330522767,20.27824620573356,20.27824620573356,54.55311973018549,93.00168634064082,63.57504215851601,93.84485666104553,85.49747048903879,82.54637436762225,82.71500843170321,92.7487352445194,94.94097807757167,37.68971332209106,94.43507588532883,3.625632377740304,65.00843170320405,91.27318718381113,92.91736930860034,36.17200674536256,67.70657672849916,4.0472175379426645,96.3743676222597,"[5.920094101834578, 3.1172090891383983, -0.5577200987626867, 3.675016997623435, 1.1484779378372212, 1.753916335878103, -1.1981741807099204, 0.5667687790439899, -0.03522150647255078, -0.6895866243462989, 0.9600841938896261, -0.07756388201366804, 0.14882569207421678, -0.12456929032485903, -0.9703436903485073, -1.1684530352714138, -0.06995101736209654]",-1.2904199,6.950551
1199713,8295,Marcel Beifus,2002-10-27,187.0,right,Germany,CB,,2000000.0,809,0.0926254632593822,1.112484548825711,0.4449938195302843,0.7787391841779975,,,,,,0.0167323061355996,50.06180469715698,89.46322067594433,4.338689740420272,61.90476190476191,0.111248454882571,0.111248454882571,0.0,0.0,0.3337453646477132,100.0,5.562422744128554,70.4225352112676,2.781211372064277,75.75757575757575,69.19653893695921,1.446229913473424,0.111248454882571,1.0012360939431395,7.23114956736712,1.446229913473424,1.112484548825711,0.2224969097651421,1.446229913473424,2.447466007416564,0.0,0.0,4.449938195302843,Center Back,89.62900505902192,94.77234401349072,97.72344013490725,97.3018549747049,33.642495784148394,76.30691399662733,83.81112984822934,92.4114671163575,97.47048903878583,14.249578414839798,83.93760539629005,20.27824620573356,20.27824620573356,78.70994940978078,93.00168634064082,64.83979763912309,97.63912310286678,61.2141652613828,98.22934232715008,65.09274873524453,78.66779089376054,70.32040472175379,76.01180438448567,17.45362563237774,50.084317032040474,52.78246205733558,3.0354131534569984,14.924114671163574,11.298482293423271,15.935919055649242,0.8431703204047217,29.42664418212479,"[4.067375673769008, 2.0238567268514527, -0.05733036946677475, 3.2924365915383476, 2.0602632766761744, 0.9680762034730901, -0.24087249699299138, 0.4405717461210707, 1.8117739129730888, 0.014483406186414747, -1.0752398972119384, -1.266472151435973, 0.6675428794622928, 0.25004827513254424, 0.34513510978015033, -0.13972099520799997, -1.3593768142699116]",-1.2322793,7.2457857
215179,8196,Florian Hübner,1991-03-01,187.0,right,Germany,CB,,100000.0,1501,0.0,0.5396402398401066,0.1798800799467022,0.4796802131912058,,,,,,0.0,41.97201865423051,88.83248730964468,2.218520986009327,43.02325581395349,0.5396402398401066,0.0,0.0,0.0,0.1798800799467022,100.0,5.276482345103264,60.689655172413794,2.278481012658228,58.46153846153846,61.27914723517655,1.9786808794137245,0.0599600266489007,1.1992005329780149,8.634243837441705,1.61892071952032,1.4990006662225184,0.4796802131912058,1.2591605596269155,2.638241172551632,0.0,0.5996002664890073,5.036642238507662,Center Back,5.101180438448567,55.733558178752105,65.51433389544688,83.89544688026982,4.4688026981450255,54.38448566610455,80.77571669477234,38.44856661045531,58.05227655986509,86.59359190556492,21.922428330522767,20.27824620573356,20.27824620573356,52.698145025295105,93.00168634064082,57.92580101180439,62.14165261382799,46.12141652613828,44.09780775716695,38.11129848229342,92.49578414839797,83.6424957841484,85.66610455311972,43.92917369308601,63.153456998313665,84.14839797639124,20.236087689713322,26.644182124789207,15.261382799325462,15.935919055649242,77.65598650927488,42.41146711635751,"[4.081070610437352, 1.4778986619295484, 0.14139375457630882, 0.7075719263983851, 1.103587025627382, 1.4148664366074928, -0.7859045578479377, 0.5848261932139506, 1.1222884864935665, -0.8607755965108957, -0.05831330814326623, -1.1273544656970875, 1.0233019626913737, 0.10665913349018614, 0.017821398717184196, -0.9682433627336409, -0.5436141607206284]",-1.0251651,7.351579
1574492,9888,Tiago Gabriel,2004-12-26,194.0,right,Portugal,CB,,15000000.0,3220,0.1007245319970646,0.5590062111801242,0.1118012422360248,0.4751552795031056,,,,,,0.0037925031892261,32.45031055900621,87.42469879518072,1.8447204968944095,47.48201438848921,0.0559006211180124,0.0,0.0,0.0,0.0279503105590062,100.0,6.344720496894411,67.15976331360947,3.46583850931677,66.31016042780749,51.84782608695652,0.7546583850931676,0.2515527950310559,1.1180124223602483,10.39751552795031,1.7608695652173914,1.2577639751552796,0.5869565217391304,0.81055900621118,2.4037267080745344,0.0,0.3633540372670807,6.79192546583851,Center Back,92.66441821247892,58.516020236087684,40.80944350758853,83.13659359190557,9.949409780775717,26.812816188870155,69.64586846543001,24.620573355817875,73.10286677908938,6.070826306913997,21.922428330522767,20.27824620573356,20.27824620573356,12.731871838111298,93.00168634064082,81.53456998313659,91.06239460370995,75.63237774030354,78.07757166947724,10.286677908937605,34.654300168634066,32.63069139966273,81.53456998313659,75.71669477234401,72.68128161888701,66.77908937605397,33.22091062394604,68.8026981450253,10.45531197301855,15.935919055649242,42.66441821247892,76.13827993254637,"[4.6221846410365846, 2.8187299966209722, 0.4896768614131994, 1.162900763969534, 0.5673643693067801, 1.9447487508060566, -0.6141793751805401, 0.4575670053956344, 0.6735774498909401, -1.2059254968742208, -0.6826568266776595, -1.041035856440408, 0.12640674021907514, 0.17031720217151575, -0.7453127680802663, -0.40805563185666227, -0.18608892710749425]",-1.0904568,7.0926547
740944,10233,Leo Østigard,1999-11-28,182.0,right,Norway,CB,,13000000.0,2623,0.1161490621068665,0.7548608463591308,0.4117422798322531,0.6176134197483797,,,,,,0.026076462629684,51.63934426229508,88.94799054373523,2.847884102173084,48.25581395348837,0.3431185665268776,0.0343118566526877,0.0,0.0,0.0343118566526877,100.0,5.386961494471978,64.87603305785125,3.7056805184902784,71.52317880794702,72.70682424704538,1.1666031261913838,0.0686237133053755,0.5146778497903165,10.568051849027832,1.2352268394967594,1.029355699580633,0.9264201296225696,1.3038505528021351,2.744948532215021,0.0686237133053755,0.2401829965688143,7.377049180327869,Center Back,95.95278246205734,77.99325463743676,96.54300168634065,93.59190556492412,50.505902192242836,79.25801011804384,81.28161888701517,65.34569983136593,76.47554806070826,63.91231028667791,50.12647554806071,20.27824620573356,20.27824620573356,13.91231028667791,93.00168634064082,60.20236087689713,83.47386172006746,80.18549747048904,93.17032040472175,74.78920741989882,65.7672849915683,81.45025295109612,32.29342327150084,78.58347386172007,33.726812816188875,44.435075885328835,75.46374367622259,23.77740303541315,19.05564924114671,55.438448566610454,19.477234401349072,83.81112984822934,"[5.127791991881484, 2.5469896380794, -0.20542109820808815, 2.9353731446874796, 1.0059494837488763, 0.8798381514765301, -1.1433615116725375, 0.8272125760657335, 1.1898910376808505, -0.3257838416140531, 0.6076367551240068, -0.6067059607934111, 0.4994267913722181, -0.2038229385242028, -0.0757170275898565, -0.22241202242693736, 0.08112585634618603]",-1.227572,7.075719
1189288,9885,Federico Gatti,1998-06-24,190.0,right,Italy,CB,,14000000.0,1089,0.1732975195262057,1.1570247933884297,0.4958677685950413,0.5785123966942148,,,,,,0.0103021179102669,48.34710743801653,90.69767441860463,2.56198347107438,53.44827586206897,0.2479338842975206,0.0,0.0,0.0,0.0826446280991735,100.0,3.8016528925619832,56.09756097560975,2.231404958677686,62.7906976744186,66.52892561983471,1.6528925619834711,0.0826446280991735,0.4958677685950413,7.768595041322313,0.9917355371900828,1.0743801652892562,0.4958677685950413,1.4049586776859504,3.8016528925619832,0.1652892561983471,0.2479338842975206,5.206611570247934,Center Back,99.49409780775717,96.03709949409782,98.56661045531197,91.65261382799326,19.81450252951096,71.50084317032041,90.26138279932546,54.468802698145026,89.03878583473862,44.51939291736931,21.922428330522767,20.27824620573356,20.27824620573356,25.21079258010118,93.00168634064082,17.36930860033727,31.745362563237773,44.51939291736931,63.27993254637436,56.40809443507588,85.24451939291737,78.41483979763912,29.679595278246207,26.39123102866779,14.924114671163574,49.4097807757167,22.51264755480607,17.116357504215852,66.10455311973018,87.09949409780776,21.079258010118043,46.45868465430017,"[3.424242192640956, 1.747514314415782, -1.2892190456928814, 1.9124834123307874, 2.0774292661005145, 0.6823478650117144, -1.2442564605043922, 1.2961859472907222, 1.127667367589087, 0.33521502777701345, 0.16021100265529595, -0.8275911913300416, 0.911774510593629, 0.42852324315770685, -0.14766424353141414, -0.4516847331153572, -0.4631700034863772]",-1.0460088,7.4348826
822789,10171,Alberto Dossena,1998-10-13,195.0,right,Italy,CB,,6000000.0,856,0.0817990651197522,0.6308411214953271,0.2102803738317757,0.4205607476635514,,,,,,0.0483597271910337,43.00233644859813,89.30131004366812,1.997663551401869,44.18604651162791,0.3154205607476635,0.2102803738317757,0.0,0.0,0.1051401869158878,100.0,4.521028037383178,60.563380281690144,1.892523364485981,62.06896551724138,60.771028037383175,1.1565420560747663,0.1051401869158878,0.8411214953271028,7.990654205607476,1.6822429906542056,0.9462616822429906,0.9462616822429906,1.1565420560747663,3.0490654205607477,0.0,0.5257009345794392,4.415887850467289,Center Back,84.82293423271501,66.3575042158516,73.10286677908938,78.33052276559866,79.51096121416526,57.41989881956155,82.88364249578414,29.763912310286678,62.05733558178752,58.26306913996627,96.964586846543,20.27824620573356,20.27824620573356,32.63069139966273,93.00168634064082,36.76222596964587,61.3406408094435,30.6070826306914,60.07588532883642,36.76222596964587,64.75548060708263,72.34401349072512,64.29173693086003,29.384485666104553,67.7487352445194,32.88364249578415,77.65598650927488,34.48566610455312,30.94435075885329,15.935919055649242,68.54974704890388,29.0893760539629,"[3.900403063810125, 1.1396092797112936, -0.6284445540466893, 1.2198899830401044, 0.8019527457759622, 1.3395660672877843, -1.136229647957074, 0.676038552768334, 1.3213150074602487, -0.9226291292972245, 0.28537183707113084, -1.3384645101921173, 0.5383838563734973, -0.16609553935359195, -0.2945572872572744, -0.36807964723626346, 0.8374211297831162]",-1.0404187,7.49133
244816,7801,Federico Ceccherini,1992-05-11,186.0,right,Italy,CB,,400000.0,480,0.038175000809133,0.9375,0.375,0.375,,,,,,0.0578354503959417,33.9375,80.08849557522124,1.6875,28.125,0.375,0.1875,0.0,0.0,0.1875,100.0,6.0,60.37735849056604,3.0,59.25925925925926,63.56250000000001,1.3125,0.1875,1.6875,8.25,1.3125,1.3125,0.9375,1.875,2.8125,0.1875,0.0,4.6875,Center Back,48.4822934232715,90.38785834738617,95.36256323777404,71.92242833052276,86.6779089376054,30.522765598650924,28.583473861720066,18.043844856661046,7.462057335581787,70.02529510961214,95.23608768971332,20.27824620573356,20.27824620573356,53.87858347386172,93.00168634064082,75.42158516020237,59.527824620573355,66.77908937605397,47.34401349072513,46.79595278246206,72.17537942664418,45.86846543001686,96.29005059021922,34.991568296795954,40.21922428330523,72.25969645868466,76.8549747048904,3.583473861720068,21.205733558178753,90.97807757166947,0.8431703204047217,34.991568296795954,"[3.234737916164268, 2.3059002389435452, 0.8612373308480907, 1.2694415563908055, -0.0013593642720962464, 1.819185486102287, -0.3828158507475937, 0.20279400220031898, 1.7462280888799304, -0.1139825748567097, 1.2451674843151619, -1.0564798889252587, 1.1241533673161506, 1.3015528272241432, 0.10660379406767978, -0.16026930178173332, 0.8436787756706798]",-1.0041595,7.2685575
813711,10168,Matias Antonini Lui,1998-04-09,192.0,right,Brazil,CB,,1500000.0,3051,0.0747787635938256,0.5014749262536874,0.1769911504424778,0.3539823008849557,,,,,,0.0391510841065803,48.43657817109144,91.32369299221357,0.9734513274336284,38.8235294117647,0.1474926253687315,0.0,0.0,0.0,0.1179941002949852,100.0,5.929203539823009,62.22910216718266,3.982300884955752,65.85365853658537,66.40117994100295,1.3569321533923304,0.0884955752212389,0.7669616519174041,8.997050147492626,1.1504424778761062,1.12094395280236,1.0324483775811208,1.5634218289085544,2.2713864306784664,0.0884955752212389,0.1769911504424778,5.693215339233039,Center Back,81.02866779089376,50.252951096121414,64.58684654300168,69.81450252951096,70.32040472175379,71.92242833052276,92.15851602023609,2.1922428330522767,41.526138279932546,21.163575042158516,21.922428330522767,20.27824620573356,20.27824620573356,35.91905564924115,93.00168634064082,73.52445193929174,71.16357504215851,83.89544688026982,76.55986509274874,55.81787521079258,73.86172006745363,76.89713322091062,57.757166947723434,51.51770657672849,26.559865092748737,53.87858347386172,85.07588532883642,10.792580101180437,7.588532883642496,64.33389544688028,11.08768971332209,56.91399662731872,"[4.618178238408384, 2.6962607975962842, -0.004584742212828485, 1.5931421099725973, 0.8148402944175129, 1.610321147395857, -0.525900293514749, 0.49630606550549006, 1.255850524955403, -0.16324894922331537, 1.3189263528021204, -1.5428043227298087, 0.11554670440077733, -0.1381762591498909, 0.01779305724312194, -0.31642092890735574, 0.783477752282454]",-1.1421915,7.22118
1396086,8534,Gabriele Guarino,2004-04-14,190.0,right,Italy,CB,DM,3500000.0,2897,0.0870859511852429,0.8387987573351743,0.2485329651363479,0.6834656541249569,,,,,,0.0796551378504918,42.28167069382119,83.70233702337023,3.634794615119089,45.88235294117647,0.3727994477045219,0.1553331032102174,0.0621332412840869,16.666666666666668,0.1553331032102174,100.0,6.710390058681394,65.85365853658537,4.473593372454263,70.2439024390244,66.42043493268899,1.2115982050396965,0.1242664825681739,0.7145322747670004,10.034518467380048,1.3979979288919573,0.8387987573351743,0.7145322747670004,1.2115982050396965,3.976527442181567,0.0310666206420434,0.3727994477045219,7.083189506385916,Center Back,86.93086003372682,85.32883642495784,80.94435075885329,95.4468802698145,93.42327150084317,55.4806070826307,44.35075885328836,84.73861720067454,67.66441821247892,69.64586846543001,91.90556492411467,57.84148397976391,52.48735244519393,46.12141652613828,93.00168634064082,86.08768971332209,87.18381112984824,88.95446880269814,91.2310286677909,55.902192242833046,67.70657672849916,65.85160202360876,52.1079258010118,69.98313659359191,46.54300168634064,23.27150084317032,51.77065767284992,30.775716694772342,72.51264755480608,35.32883642495784,44.8566610455312,80.01686340640809,"[4.57740333513271, 2.03923693509085, 0.946913321159369, 3.1234317667726716, 0.021478935737438972, 0.7480946358149632, -0.5554145815266999, 1.2678494587331486, 1.3252710544496082, -0.08928068940478515, -0.012406524377615925, -0.03578438653333369, 0.3356753975544526, -0.4817347301667861, -0.8887630747606825, -0.048510517297948606, -0.13556556492481855]",-1.1711864,6.9030037
834956,8540,Giangiacomo Magnani,1995-10-04,192.0,left,Italy,CB,,1200000.0,1286,0.0509276823901091,0.8398133748055988,0.2099533437013997,0.3499222395023328,,,,,,0.025381946220739,23.374805598755835,78.40375586854461,2.869362363919129,47.674418604651166,0.0699844479004665,0.0,0.0,0.0,0.3499222395023328,100.0,6.018662519440125,72.88135593220339,3.0793157076205286,74.57627118644068,46.60964230171073,0.8398133748055988,0.2799377916018662,1.6096423017107309,10.917573872472785,1.1897356143079316,1.6096423017107309,0.9097978227060654,1.0497667185069983,4.059097978227061,0.0,0.0,7.208398133748056,Center Back,62.731871838111296,85.49747048903879,72.93423271500843,68.54974704890388,49.325463743676224,7.419898819561552,23.608768971332207,66.10455311973018,74.19898819561551,8.263069139966273,21.922428330522767,20.27824620573356,20.27824620573356,80.26981450252951,93.00168634064082,75.88532883642496,99.07251264755482,68.12816188870153,97.38617200674537,3.1197301854974704,42.24283305227656,27.90893760539629,95.53119730185497,83.22091062394603,29.932546374367625,88.53288364249579,73.9460370994941,44.35075885328836,75.37942664418212,15.935919055649242,0.8431703204047217,81.45025295109612,"[4.898593311517044, 2.785440092942487, 1.0208407600415268, 1.5802741647416387, 0.28793634255827016, 2.5313818264564625, -0.28436471335789104, 0.3304907272572602, 0.9208079711767777, -0.7032805398326178, -0.7477617498725196, 0.32513008270008753, 0.2524112232030349, 2.008660176910347, -0.1548788086857482, -0.5785006348795924, 0.3637749674610436]",-1.0660468,6.9602532
308982,6500,Paolo Rozzio,1992-07-22,190.0,right,Italy,CB,,150000.0,972,0.0893333333509939,0.3703703703703704,0.0925925925925926,0.3703703703703704,,,,,,0.0121449692933647,30.0,86.8632707774799,1.3888888888888888,38.46153846153846,0.1851851851851852,0.0,0.0925925925925926,100.0,0.0925925925925926,100.0,4.444444444444445,64.0,2.9629629629629632,64.0,49.25925925925925,0.6481481481481481,0.0,0.7407407407407408,11.38888888888889,0.6481481481481481,0.5555555555555556,0.925925925925926,0.925925925925926,3.703703703703704,0.0925925925925926,0.1851851851851852,9.25925925925926,Center Back,88.27993254637437,30.311973018549747,33.642495784148394,71.24789207419899,23.77740303541315,20.36256323777403,65.26138279932546,9.06408094435076,40.05059021922428,29.047217537942664,21.922428330522767,67.66441821247892,98.18718381112986,29.17369308600337,93.00168634064082,34.44350758853288,80.64924114671163,65.55649241146712,68.97133220910624,5.649241146711636,25.96964586846543,94.94097807757167,55.396290050590224,87.85834738617201,3.1197301854974704,4.806070826306914,75.37942664418212,57.58853288364249,62.900505902192236,66.52613827993254,12.39460370994941,95.69983136593592,"[4.639723825322345, 2.14529211077792, -1.0126830505289073, 1.5164048679684494, -1.245513373941301, 1.1858627791331684, 3.2794535095381376, 4.225407348538799, -1.1063202759725352, -0.6345809316872185, 0.9171083743246546, 0.006677853754112297, -0.06329777674470335, -0.1443790758959501, -1.2501244889183494, -0.6919499476177322, 1.0589617119957284]",-1.0902783,4.8442397
1574191,607982,Filipe Bordon,2005-06-24,192.0,,Brazil,CB,,750000.0,458,0.0225196511984912,0.7860262008733624,0.1965065502183406,0.7860262008733624,,,,,,0.0087531036229633,12.576419213973798,58.18181818181818,1.3755458515283845,24.13793103448276,0.0,0.0,0.0,0.0,0.5895196506550218,100.0,8.646288209606986,56.41025641025641,4.716157205240174,55.81395348837209,41.26637554585153,1.3755458515283845,0.0,1.1790393013100435,12.96943231441048,2.554585152838428,1.7685589519650655,1.5720524017467248,2.554585152838428,1.7685589519650655,0.0,0.5895196506550218,7.074235807860262,Center Back,30.69139966273187,81.45025295109612,70.32040472175379,97.38617200674537,16.694772344013494,0.25295109612141653,0.33726812816188867,8.768971332209107,2.2765598650927488,2.403035413153457,21.922428330522767,20.27824620573356,20.27824620573356,94.01349072512647,93.00168634064082,97.8920741989882,33.38954468802699,91.56829679595279,33.136593591905566,0.927487352445194,74.62057335581788,94.94097807757167,84.56998313659359,95.95278246205734,95.4468802698145,93.25463743676222,98.90387858347385,0.33726812816188867,1.2647554806070826,15.935919055649242,76.30691399662733,79.80607082630692,"[4.174288399661327, 5.23932806881855, 3.752408718487734, -0.41438610877457766, -1.6252189534592487, 1.0309612287480248, -1.6006161963651173, 1.635736957486278, 1.9412933531903311, -2.361111958801541, 1.3104016662046523, 0.2173913746925291, 0.4248333960670382, 1.1790443854570662, 0.2045258770142457, -0.2927952288650532, 0.24056793827688816]",-1.1697496,6.0028906
1191407,8315,Aitor Paredes,2000-04-29,186.0,right,Spain,CB,,,1629,0.0611160209824367,0.7182320441988951,0.2209944751381215,0.5524861878453039,,,,,,0.0288060752067776,45.6353591160221,87.59278897136798,3.314917127071824,49.58677685950413,0.2209944751381215,0.0552486187845303,0.0,0.0,0.1657458563535911,100.0,3.3701657458563536,58.65384615384615,1.6574585635359118,62.5,63.14917127071823,0.8287292817679559,0.0552486187845303,0.3867403314917127,7.12707182320442,1.160220994475138,1.5469613259668509,0.2209944751381215,1.049723756906077,3.812154696132597,0.0,0.2762430939226519,4.198895027624309,Center Back,70.9106239460371,75.12647554806071,76.0539629005059,89.88195615514334,55.31197301854974,64.2495784148398,70.82630691399663,78.33052276559866,80.94435075885329,37.436762225969645,63.153456998313665,20.27824620573356,20.27824620573356,49.494097807757164,93.00168634064082,9.021922428330523,47.59696458684654,21.163575042158516,61.804384485666105,45.193929173693085,41.18887015177066,84.56998313659359,19.898819561551434,15.935919055649242,27.318718381112983,86.76222596964587,2.951096121416526,44.435075885328835,66.3575042158516,15.935919055649242,26.22259696458685,26.475548060708263,"[4.064641300328894, 0.9099702565048047, -1.491944718222531, 1.2084015203898288, 1.4511780343959328, 1.0523485949629359, -1.2292628568000108, 1.0778628173718745, 1.347600377068367, 0.39647423741742555, -0.6315082445492661, -0.855210420733748, 0.7591884864326466, 0.7470473653556924, -0.17272179883772137, -0.7372867322060316, -1.2022308977285947]",-1.0156248,7.5912695
863169,8696,Manu,1998-07-19,181.0,right,Spain,CB,,,1955,0.0756552463297343,0.782608695652174,0.2301790281329923,0.2762148337595908,,,,,,0.0226395521932245,33.0997442455243,85.18957345971565,1.1508951406649617,26.595744680851062,0.2762148337595908,0.1381074168797954,0.0460358056265984,100.0,0.0920716112531969,100.0,3.5907928388746804,63.41463414634146,2.71611253196931,67.816091954023,51.32992327365729,1.0127877237851663,0.0,0.0460358056265984,9.483375959079284,0.7365728900255754,1.0588235294117647,0.8746803069053708,0.690537084398977,1.9335038363171355,0.0,0.1381074168797954,6.813299232736573,Center Back,81.70320404721754,80.94435075885329,78.45699831365935,57.757166947723434,45.44688026981451,28.414839797639125,51.77065767284992,4.1315345699831365,5.059021922428331,50.674536256323776,89.62900505902192,51.68634064080945,98.18718381112986,28.667790893760543,93.00168634064082,12.731871838111298,77.74030354131534,59.02192242833052,84.73861720067454,8.51602023608769,54.80607082630692,94.94097807757167,1.2647554806070826,61.29848229342328,5.649241146711636,47.84991568296796,70.57335581787521,78.92074198988196,2.1922428330522767,15.935919055649242,7.33558178752108,76.22259696458684,"[4.2531273668969956, 2.0587979635667875, -1.9708296059178465, 1.4750033019323048, -2.054269680728222, 1.2301049745689965, 2.669292444974399, 4.371229483128603, -1.245232345413354, -0.4863448708539238, 0.7556165706358831, -1.0332289467169655, -0.31756156252908835, -0.05317938070660462, 0.1069867889455454, -0.6206327764819225, 1.179594858569056]",-1.0731034,4.827865
798736,4681,Jawad El Yamiq,1992-02-29,193.0,right,Morocco,CB,,,1035,0.1191565264826235,1.565217391304348,0.4347826086956521,0.9565217391304348,,,,,,0.0450533680293871,33.47826086956522,79.54545454545455,3.391304347826088,40.625,0.3478260869565217,0.1739130434782608,0.0,0.0,0.2608695652173913,100.0,5.739130434782608,72.52747252747253,2.782608695652174,69.56521739130434,56.78260869565217,2.1739130434782608,0.2608695652173913,1.4782608695652175,8.782608695652174,1.3043478260869563,1.565217391304348,0.4347826086956521,0.5217391304347826,4.08695652173913,0.0,0.2608695652173913,5.478260869565218,Center Back,96.29005059021922,99.32546374367622,97.3018549747049,98.98819561551433,76.13827993254637,29.679595278246207,26.981450252951095,80.26981450252951,48.06070826306914,64.75548060708263,93.929173693086,20.27824620573356,20.27824620573356,69.05564924114671,93.00168634064082,69.13996627318718,98.8195615514334,61.29848229342328,89.7133220910624,22.596964586846543,94.77234401349072,31.02866779089376,93.17032040472175,47.217537942664414,39.50252951096122,87.52107925801012,15.092748735244518,90.72512647554805,76.13827993254637,15.935919055649242,23.608768971332207,52.61382799325464,"[3.5454923982833546, 2.3173086205087663, 0.7625409066279831, 2.973982752131623, 0.3076484101857194, 1.769749148939722, -1.3029269374417256, 0.5432420674269267, 0.308215060513509, -0.29508250196484104, -1.3801022699040553, -0.4732734580395614, 1.5652328449640938, 1.0081064632960257, -0.7329776678904374, -1.0678101648318818, -0.9036986970335605]",-1.1573818,6.7898793
244963,9865,Rodrigo Ely,1993-11-03,188.0,right,Brazil,CB,,,872,0.0646823378057654,0.8256880733944955,0.2064220183486238,0.6192660550458716,,,,,,0.0112143289639588,49.12844036697247,88.64059590316573,3.19954128440367,46.26865671641791,0.1032110091743119,0.0,0.0,0.0,0.3096330275229358,100.0,4.850917431192661,66.19718309859155,2.7866972477064222,71.05263157894737,69.15137614678899,0.9288990825688074,0.0,0.4128440366972477,9.59862385321101,1.3417431192660552,1.2385321100917432,0.6192660550458716,1.0321100917431194,3.302752293577982,0.0,0.3096330275229358,6.39908256880734,Center Back,73.69308600337267,84.48566610455312,72.51264755480608,93.67622259696459,22.259696458684655,73.27150084317033,79.42664418212479,74.95784148397976,69.2664418212479,13.069139966273188,21.922428330522767,20.27824620573356,20.27824620573356,75.88532883642496,93.00168634064082,47.217537942664414,88.02698145025295,61.38279932546374,92.49578414839797,64.92411467116358,48.22934232715008,94.94097807757167,22.51264755480607,63.23777403035413,43.17032040472175,65.09274873524453,37.68971332209106,46.0370994940978,43.59190556492412,15.935919055649242,32.377740303541316,69.89881956155143,"[5.231128409128271, 1.9059032436239136, -0.439068606126904, 2.124835685916118, 1.1987999676961083, 1.2825611163613604, -1.2069573149591308, 0.9277477560706426, 0.9052361701686865, 0.00020907568851184725, -0.16757785381129123, -0.6369009488925442, 0.5764088677402278, -0.07826017486160322, -0.012072175826902317, -0.5572230648964053, -0.681415374636762]",-1.19413,7.1850643
303224,4032,Sergio Postigo,1988-11-04,185.0,right,Spain,CB,,,621,0.010797101734341,0.5797101449275363,0.144927536231884,0.4347826086956521,,,,,,0.0266163828580275,38.26086956521739,88.59060402684564,4.3478260869565215,69.76744186046511,0.144927536231884,0.0,0.144927536231884,100.0,0.144927536231884,100.0,3.333333333333333,63.888888888888886,1.7391304347826086,60.0,54.78260869565218,0.8695652173913043,0.144927536231884,0.7246376811594202,8.115942028985508,0.7246376811594202,1.0144927536231885,1.0144927536231885,0.4347826086956521,2.608695652173913,0.0,0.144927536231884,5.36231884057971,Center Back,17.622259696458684,61.2141652613828,53.79426644182125,79.30016863406408,51.51770657672849,43.676222596964585,79.17369308600337,92.58010118043845,99.49409780775717,20.82630691399663,21.922428330522767,77.23440134907251,98.18718381112986,43.50758853288364,93.00168634064082,8.600337268128163,80.18549747048904,24.367622259696457,50.252951096121414,17.537942664418214,43.676222596964585,59.10623946037099,53.20404721753794,31.787521079258006,5.480607082630692,41.90556492411467,84.02192242833053,94.35075885328837,14.586846543001686,15.935919055649242,7.925801011804384,50.16863406408094,"[4.7611837932423535, 0.7924818020621679, -2.391747291207186, 2.413608931579169, 0.303179047176711, 0.6995027113701408, 3.6799500497571316, 4.061081902894691, -0.4519580988409633, -1.3648883196884762, -0.5837244274056255, 0.9718814316038241, -0.12420230148254845, 0.23516972765297553, -0.4600870790435142, -0.27647935478341074, 0.3889539775922829]",-1.0738777,4.7724113
