player_id,team_id,name,dob,height_cm,preferred_foot,country,category,positions,transfermarkt_value,minutes_played,npxg_per_90,shots_per_90,sot_per_90,headed_shots_per_90,xa_per_90,succ_pass_per_90,succ_pass_rate,acc_long_balls_per_90,succ_long_balls_rate,chances_created_per_90,big_chances_created_per_90,succ_crosses_per_90,succ_crosses_rate,succ_dribbles_per_90,succ_dribbles_rate,duels_won_per_90,duels_won_rate,aerials_won_per_90,aerials_won_rate,touches_per_90,touches_opp_box_per_90,dispossessed_per_90,fouls_won_per_90,defcon_per_90,tackles_per_90,interceptions_per_90,blocks_per_90,fouls_committed_per_90,recoveries_per_90,poss_won_final_3rd_per_90,succ_dribbles_def_per_90,clearances_per_90,top_speed,distance_covered_per_90,running_distance_per_90,sprint_distance_per_90,sprints_per_90,main_role,npxg,shots,sot,headed_shots,xa,succ_pass,acc_long_balls,chances_created,big_chances_created,succ_crosses,succ_dribbles,duels_won,aerials_won,touches,touches_opp_box,dispossessed,fouls_won,defcon,tackles,interceptions,blocks,fouls_committed,recoveries,poss_won_final_3rd,succ_dribbles_def,clearances,main_role,npxg_per_90_percentile,shots_per_90_percentile,sot_per_90_percentile,headed_shots_per_90_percentile,xa_per_90_percentile,succ_pass_per_90_percentile,succ_pass_rate_percentile,acc_long_balls_per_90_percentile,succ_long_balls_rate_percentile,chances_created_per_90_percentile,big_chances_created_per_90_percentile,succ_crosses_per_90_percentile,succ_crosses_rate_percentile,succ_dribbles_per_90_percentile,succ_dribbles_rate_percentile,duels_won_per_90_percentile,duels_won_rate_percentile,aerials_won_per_90_percentile,aerials_won_rate_percentile,touches_per_90_percentile,touches_opp_box_per_90_percentile,dispossessed_per_90_percentile,fouls_won_per_90_percentile,defcon_per_90_percentile,tackles_per_90_percentile,interceptions_per_90_percentile,blocks_per_90_percentile,fouls_committed_per_90_percentile,recoveries_per_90_percentile,poss_won_final_3rd_per_90_percentile,succ_dribbles_def_per_90_percentile,clearances_per_90_percentile,npxg_percentile,shots_percentile,sot_percentile,headed_shots_percentile,xa_percentile,succ_pass_percentile,acc_long_balls_percentile,chances_created_percentile,big_chances_created_percentile,succ_crosses_percentile,succ_dribbles_percentile,duels_won_percentile,aerials_won_percentile,touches_percentile,touches_opp_box_percentile,dispossessed_percentile,fouls_won_percentile,defcon_percentile,tackles_percentile,interceptions_percentile,blocks_percentile,fouls_committed_percentile,recoveries_percentile,poss_won_final_3rd_percentile,succ_dribbles_def_percentile,clearances_percentile,stats_vector,umap_x,umap_y
177503,9808,Gabriel Paulista,1990-11-26,185.0,right,Brazil,CB,,500000.0,1440.0,0.02940625,0.9375,0.125,0.625,0.013232816,45.125,89.9128269,2.5625,55.40540541,0.25,0.0,0.0625,100.0,0.0,62.5,3.75,70.58823529,2.25,78.26086957,61.3125,0.875,0.0,0.625,8.1875,0.9375,0.9375,0.5,0.8125,2.9375,0.0,0.1875,5.8125,,,,,,Center Back,0.4705,15.0,2.0,10.0,0.211725056,722.0,41.0,4.0,0.0,1.0,0.0,60.0,36.0,981.0,14.0,0.0,10.0,131.0,15.0,15.0,8.0,13.0,47.0,0.0,3.0,93.0,Center Back,53.61596009975062,90.98681866761667,48.53936587103669,93.24902030637692,45.52903455646598,63.44852155325971,86.74741717135733,41.00463127894549,89.31243320270752,48.11186319914499,23.51264695404346,60.68756679729248,98.111863199145,5.985037406483791,49.946562166013535,25.382971143569648,97.55967224795154,51.852511578197365,98.75311720698254,43.391521197007485,48.966868542928395,94.40684004275026,51.21125757035981,39.882436765229784,17.901674385464908,34.324902030637695,23.815461346633416,65.01603135019593,28.09048806555041,22.728892055575347,14.57071606697542,63.75133594584966,50.765942287139296,77.3067331670823,42.69682935518347,84.46740292126826,43.78339864624154,48.30780192376202,33.87958674741717,41.895261845386536,23.51264695404346,57.018168863555395,5.985037406483791,25.988599928749558,42.572141075881724,36.480228001425004,41.093694335589596,94.40684004275026,43.177769861061634,35.74991093694336,18.72105450659067,29.782686141788382,22.37263982899893,70.82294264339151,27.342358389739935,22.728892055575347,13.893836836480228,50.071250445315286,"[4.732219675911721, -2.3514352775691894, -0.7096546468912127, 3.042348349129021, 0.10807608118214397, -1.2768482931931353, 1.603549251285923, 3.5485086536956945, 2.044986317756462, -0.045735771403407906, -1.6220846190687166, 0.7416677764298979, 0.8495703124485964, -0.9846083005894195, -0.01777680484860709, -0.0010980291822436361, 0.17723998388871767]",-2.0750864,4.844068
941735,197429,Miranda,2000-01-19,181.0,,Brazil,CB,,900000.0,1517.0,0.088706658,0.296638102,0.05932762,0.05932762,0.030761382,44.67369809,87.15277778,4.449571523,52.44755245,0.296638102,0.0,0.05932762,100.0,0.118655241,40.0,3.381674357,59.375,1.483190508,60.97560976,61.9380356,0.533948583,0.177982861,0.711931444,6.466710613,1.186552406,1.245880026,0.593276203,0.771259064,2.907053395,0.0,0.296638102,3.441001978,,,,,,Center Back,1.4952000020666665,5.000000008155555,0.9999999948888888,0.9999999948888888,0.5185001832666666,753.0000000281111,75.00000000434444,5.000000008155555,0.0,0.9999999948888888,2.000000006633333,56.999999995211105,25.000000007066667,1044.0000000577777,9.000000004566667,3.000000001522222,12.000000006088888,108.99999999912221,19.999999998911107,20.9999999938,9.999999999455554,13.000000000977776,49.00000000238889,0.0,5.000000008155555,58.00000000695555,Center Back,91.48557178482366,21.01888136800855,22.408265051656574,16.066975418596368,70.18168863555397,62.13038831492697,67.97292483078019,88.74242964018525,82.18738867117919,59.13786961168507,23.51264695404346,58.817242607766296,98.111863199145,37.085856786604914,11.453509084431778,15.96009975062344,55.36159600997507,19.950124688279303,55.86034912718204,45.52903455646598,18.667616672604204,43.3202707516922,59.707873174207336,10.438190238688993,37.76273601710011,66.0135375846099,35.090844317776984,68.86355539722123,26.932668329177055,22.728892055575347,33.1314570716067,13.07445671535447,82.75739223370147,25.50765942287139,18.13323833273958,14.588528678304238,64.83790523690773,52.048450302814395,74.7417171357321,56.50160313501959,23.51264695404346,50.017812611328814,39.508371927324546,22.230138938368366,23.085144282151763,42.643391521197,21.553259707873174,47.73779836123976,54.3640897755611,20.41325258282864,33.87958674741717,52.01282508015675,33.309583184894905,70.43106519415745,30.388314926968295,22.728892055575347,34.413965087281795,19.522622016387604,"[4.164976012160477, -0.629721915364682, -1.7816403835662162, 1.7054390710181675, 0.26685687035076805, -0.8541267466397457, 2.1813044362203757, 3.7438301374133722, 1.7924833575501533, -0.7363409463891224, -1.6143618502390433, 0.35536663355678066, 0.7853843260394396, 0.557116229702715, 0.36452751219442125, -0.9429209641486952, -0.4220680321974327]",-2.121857,4.7735434
166872,198135,Fabrício,1990-02-20,186.0,left,Brazil,CB,,0.0,959.0,0.068677791,1.032325339,0.281543274,0.375391032,0.032966128,50.58394161,84.48275862,4.504692388,42.85714286,0.844629823,0.093847758,0.093847758,100.0,0.093847758,50.0,3.566214807,58.46153846,1.97080292,70.0,72.35662148,0.563086548,0.093847758,0.281543274,9.197080292,1.220020855,0.844629823,1.032325339,1.313868613,3.284671533,0.0,0.281543274,6.100104275,,,,,,Center Back,0.7318000174333333,11.000000001122222,2.9999999974,3.999999996533333,0.3512724083555555,539.0000000443333,48.000000001022215,9.000000002855556,0.9999999991333333,0.9999999991333333,0.9999999991333333,37.999999999033335,21.000000003111108,770.9999999924444,5.9999999948,0.9999999991333333,2.9999999974,98.00000000031112,12.999999999388889,9.000000002855556,11.000000001122222,13.99999999852222,35.00000000163333,0.0,2.9999999974,64.99999999694444,Center Back,83.25614535090844,93.65871036693979,87.70929818311365,72.03420021375133,72.31920199501248,78.1617385108657,47.7734235838974,89.52618453865337,46.4018525115782,97.54185963662273,83.43427146419666,72.78232988956181,98.111863199145,31.350195938724617,23.815461346633416,20.59137869611685,48.73530459565372,40.862130388314924,89.6330602066263,76.6298539365871,21.41075881724261,69.75418596366228,12.290701816886356,63.02101888136801,40.82650516565728,25.2582828642679,85.74991093694335,20.021375133594585,43.99714998218739,22.728892055575347,29.88956180976131,69.50480940505878,61.31100819380121,61.20413252582828,57.107231920199496,44.994656216601356,53.68721054506591,27.360171001068757,44.38902743142145,80.12112575703598,60.723192019950126,55.43284645529034,18.346989668685428,5.3437833986462415,15.211970074812967,17.02885643035269,8.40755254720342,82.1161382258639,4.9519059494121835,13.644460277876735,12.718204488778055,7.267545422158888,39.43712148200926,67.22479515496971,10.366939793373708,22.728892055575347,11.845386533665836,25.080156750979693,"[4.776221755908614, -1.3763188996191964, -0.640529596379373, 2.849674258510787, 0.7256948848003848, -0.3889292852669752, 2.9905237500651474, 3.377082247302994, 1.7539643094299366, -0.0927998654386278, -0.5735873880980594, 0.8777753116320022, -0.7970065619609755, 0.5281551863703354, 0.17249051055447845, -0.3555732260997026, -0.8362029111340662]",-2.1008255,4.856444
128109,109708,Wallyson,1988-10-17,179.0,right,Brazil,CB,,0.0,2700.0,0.0,0.4,0.166666667,0.0,0.0,34.6,83.23977546,2.966666667,41.98113208,0.133333333,0.033333333,0.033333333,100.0,0.133333333,57.14285714,3.7,53.88349515,2.366666667,64.54545455,51.46666667,0.5,0.166666667,0.4,7.1,0.8,1.066666667,0.9,1.433333333,3.2,0.0,0.233333333,0.0,,,,,,Center Back,0.0,12.0,5.00000001,0.0,0.0,1038.0,89.00000001000001,3.99999999,0.99999999,0.99999999,3.99999999,111.0,71.00000001000001,1544.0000001,15.0,5.00000001,12.0,213.0,24.0,32.00000001,27.0,42.99999999,96.0,0.0,6.99999999,0.0,Center Back,16.084788029925186,36.83648022800142,62.789454934093335,6.359102244389027,15.995724973281083,32.312076950480936,39.93587459921625,55.78909868186677,42.394014962593516,20.039187744923407,50.837192732454575,47.880299251870326,98.111863199145,41.50338439615248,35.66084788029925,24.082650516565728,21.731385821161382,56.145350908443184,71.21482009262557,14.214463840399002,16.85073031706448,46.47310295689348,24.260776629853936,17.687923049519057,10.776629853936587,49.0559315995725,74.18952618453865,13.216957605985039,39.86462415390096,22.728892055575347,20.698254364089774,2.832205201282508,16.084788029925186,65.81759885999287,83.9864624153901,6.359102244389027,15.995724973281083,74.06483790523691,84.0755254720342,36.319914499465625,48.2899893124332,45.93872461702886,54.56002850017813,70.43106519415745,82.18738867117919,71.64232276451727,44.691841824011405,24.581403633772712,52.58282864267901,72.78232988956181,46.98966868542929,81.58175988599929,91.80619878874244,3.5625222657641613,79.42643391521197,22.728892055575347,43.21339508371928,2.832205201282508,"[3.5758202028546875, -1.5650161100170632, -1.3019222911630435, 0.561195892162447, 0.5511462272196136, -1.465703367386701, 2.4596394349922392, 3.5899098942624885, 2.6493000918899674, -0.4118381194211484, -0.34783424916557176, 1.2463296780052369, 0.7932092921295447, -0.060588336406892394, 0.46198539615926254, -0.45555262320444845, -0.9029207657373192]",-2.0868838,4.894934
1412955,4402,Jhon Gamboa,2001-03-20,,,Colombia,CB,,400000.0,996.0,0.0,0.361445783,0.090361446,0.271084337,0.0,21.5060241,74.8427673,2.530120482,36.36363636,0.271084337,0.0,0.090361446,100.0,0.090361446,100.0,2.710843373,56.60377358,1.536144578,62.96296296,39.57831325,0.813253012,0.0,0.271084337,8.222891566,0.813253012,0.271084337,1.174698795,1.084337349,2.530120482,0.0,0.180722892,5.963855422,,,,,,Center Back,0.0,3.9999999985333337,1.0000000024,2.9999999961333335,0.0,238.00000004,28.0000000008,2.9999999961333335,0.0,1.0000000024,1.0000000024,29.999999994533333,16.999999996533333,437.9999999666667,8.999999999466667,0.0,2.9999999961333335,90.99999999706665,8.999999999466667,2.9999999961333335,12.999999998,11.999999995599998,28.0000000008,0.0,2.0000000048,66.00000000346667,Center Back,16.084788029925186,30.81581759885999,36.74741717135732,55.397221232632695,15.995724973281083,4.275026718916993,10.15318845742786,39.43712148200926,19.112931955824724,53.54470965443534,23.51264695404346,71.33950837192732,98.111863199145,29.568934805842535,92.67901674385465,4.702529390808693,36.94335589597435,21.838261489134307,64.69540434627716,1.3537584609903812,43.836836480228,94.40684004275026,11.239757748485928,40.61275382971144,11.400071250445315,0.3562522265764161,92.51870324189527,37.976487353045954,13.145707160669753,22.728892055575347,13.466334164588527,67.04666904168151,16.084788029925186,14.748842180263628,27.467046669041682,33.84396152475953,15.995724973281083,1.2468827930174564,13.003206270039188,26.07766298539366,23.51264695404346,60.188813680085495,21.980762379764872,1.389383683648023,8.62130388314927,0.46312789454934095,19.807623797648734,94.40684004275026,4.613466334164588,9.796936230851443,4.114713216957606,0.17812611328820804,49.41218382614891,75.98859992874955,4.20377627360171,22.728892055575347,8.83505521909512,26.36266476665479,"[4.077884012702748, -3.319262237065551, -1.4585562820579974, 0.9521060190687904, 2.15672243218361, -1.495418125156324, 1.6092340985381615, 2.860823674178389, 4.63024529852414, 0.5283072072225853, 0.6272233330445486, 0.1441964967103496, 0.2770417309315478, 0.31672825819689154, -0.449616627225429, 0.3055012186125524, -0.3735778851548444]",-2.0708628,4.72004
1137665,194754,Joshué Quiñónez,2001-05-28,183.0,,Ecuador,CB,,300000.0,1934.0,0.0,0.232678387,0.093071355,0.186142709,0.0,43.92967942,91.65048544,1.721820062,42.04545455,0.139607032,0.046535677,0.046535677,100.0,0.046535677,100.0,3.117890383,66.33663366,1.721820062,64.9122807,58.63495346,0.558428128,0.139607032,0.418821096,7.678386763,0.930713547,0.837642192,0.791106515,0.372285419,2.699069286,0.0,0.139607032,5.118924509,,,,,,Center Back,0.0,5.000000005088888,2.000000006333333,3.999999991177777,0.0,943.9999999808888,36.99999999897777,2.999999998755555,0.999999992422222,0.999999992422222,0.999999992422222,67.00000000802223,36.99999999897777,1259.999999907111,11.99999999502222,2.999999998755555,8.999999996266666,164.9999999960222,19.999999998866663,17.999999992533333,17.000000000111108,8.000000003844445,57.99999999026666,0.0,2.999999998755555,110.00000000451111,Center Back,16.084788029925186,12.931955824723904,38.13680085500534,39.4727467046669,15.995724973281083,60.099750623441395,94.83434271464196,11.970074812967582,42.8037050231564,21.303883149269684,58.55005343783398,53.437833986462415,98.111863199145,15.336658354114713,92.67901674385465,10.438190238688993,90.06056287851798,29.64018525115782,72.74670466690417,34.200213751335944,20.912005700035625,55.325970787317424,26.433915211970078,28.71392946205914,17.634485215532596,24.688279301745634,61.916636978981124,96.72247951549697,17.88386177413609,22.728892055575347,8.158175988599929,46.59779123619522,16.084788029925186,24.670466690416816,49.928749554684714,42.28713929462059,15.995724973281083,67.79479871749199,26.647666547915925,28.072675454221592,50.24937655860349,47.70217313858212,13.05664410402565,34.34271464196651,44.31777698610616,57.107231920199496,30.708941930887068,50.57000356252227,36.408977556109726,54.18596366227288,33.84396152475953,40.114000712504456,68.29355183469896,89.27680798004988,42.785892411827575,22.728892055575347,12.664766654791592,62.48664054150338,"[5.1738005759924945, -1.765204318201894, -1.7180533964035867, 2.3470015863486693, 1.2557929108223265, -1.6052805910464134, 0.7082463635366755, 2.68591620344073, 4.229200036789437, -0.04296020102061529, -0.9740521736682645, 0.8232475869405211, 0.4471066879295633, -1.1737908751053507, -0.4331340893379695, 0.16655756155440357, 0.315386260540387]",-2.0637639,4.757083
921728,519457,Anthony Bedoya,1996-01-26,183.0,both,Ecuador,CB,,200000.0,1890.0,0.0,0.476190476,0.095238095,0.380952381,0.0,25.9047619,80.71216617,2.666666667,38.35616438,0.380952381,0.0,0.047619048,100.0,0.095238095,100.0,2.761904762,61.05263158,1.952380952,66.12903226,43.80952381,0.857142857,0.095238095,0.380952381,8.857142857,0.333333333,0.761904762,0.523809524,0.714285714,2.619047619,0.0,0.047619048,7.238095238,,,,,,Center Back,0.0,9.999999996,1.9999999949999998,8.000000001,0.0,543.9999999,56.000000007,8.000000001,0.0,1.000000008,1.9999999949999998,58.000000002,40.999999992,920.00000001,17.999999997,1.9999999949999998,8.000000001,185.99999999699997,6.999999993,16.000000002,11.000000004,14.999999994,54.999999998999996,0.0,1.000000008,151.999999998,Center Back,16.084788029925186,48.53936587103669,38.867117919487,72.6932668329177,15.995724973281083,10.331314570716067,26.897043106519412,45.19059494121838,27.057356608478806,74.06483790523691,23.51264695404346,53.5981474884218,98.111863199145,31.848949055931598,92.67901674385465,5.236907730673317,65.87103669397933,39.82899893124332,77.27110794442466,3.6693979337370863,47.55967224795155,69.21980762379765,21.980762379764872,55.78909868186677,0.3918774492340577,17.509796936230853,26.1132882080513,74.61702885643035,15.46134663341646,22.728892055575347,0.8906305664410403,87.95867474171713,16.084788029925186,54.16815105094407,36.62272889205557,76.79016743854649,15.995724973281083,28.001425008906306,56.127538297114356,76.0242251514072,23.51264695404346,66.08478802992519,29.800498753117203,24.064837905236907,50.017812611328814,30.317064481653013,54.7915924474528,70.87638047737799,32.54364089775561,62.34413965087282,1.6031350195938723,34.03990024937656,40.36337727110794,63.876024225151404,39.11649447809049,22.728892055575347,4.1681510509440685,81.86676166726042,"[4.334419544755771, -3.1974571875654965, -1.5063666626937435, 1.8061318783138283, 1.8529616246510425, -1.4021543152740874, 0.9666529309308767, 3.0404806336592434, 4.223483448660433, 0.739689234831135, 0.0706033923716502, 0.4831806226105283, 0.6629221805015147, -0.1436562415232026, 0.23033937589067727, 0.035742260474485, 0.14824040457951657]",-2.0592353,4.6901
1116948,4144,Patricio Boolsen,1998-01-28,185.0,right,Argentina,CB,RB,250000.0,1494.0,0.0,0.542168675,0.180722892,0.361445783,0.0,44.45783133,87.13105077,3.072289157,44.73684211,0.421686747,0.060240964,0.060240964,100.0,0.240963855,100.0,3.795180723,61.16504854,1.56626506,65.0,62.65060241,0.963855422,0.180722892,0.481927711,8.072289157,1.506024096,1.024096386,0.722891566,0.963855422,2.710843373,0.0,0.481927711,4.819277108,,,,,,Center Back,0.0,9.000000005,3.0000000072,5.999999997800001,0.0,738.000000078,51.000000006200004,7.0000000002,1.0000000024000002,1.0000000024000002,3.9999999930000003,63.000000001800004,25.999999996000003,1040.000000006,16.0000000052,3.0000000072,8.0000000026,134.00000000620003,24.999999993600003,17.000000007600004,11.999999995600001,16.0000000052,44.9999999918,0.0,8.0000000026,79.9999999928,Center Back,16.084788029925186,58.74599216245101,67.27823298895618,69.77199857499109,15.995724973281083,61.45350908443178,67.7235482721767,59.49412183826149,54.18596366227288,79.12361952262201,65.67509796936231,59.405058781617385,98.111863199145,66.0135375846099,92.67901674385465,26.55860349127182,66.67260420377627,23.19201995012469,73.04951905949412,48.12967581047381,56.145350908443184,42.679016743854646,34.09333808336302,37.513359458496616,62.326327039544,44.353402208763804,53.88314926968294,49.98218738867118,18.41824011400071,22.728892055575347,64.7310295689348,38.190238688991805,16.084788029925186,51.22907018168864,65.55040969006056,62.62914143213395,15.995724973281083,50.23156394727467,49.41218382614891,69.25543284645529,66.60135375846099,60.295689348058424,55.023156394727465,29.479871749198434,23.726398289989312,42.07338795867474,50.23156394727467,43.64089775561097,33.238332739579626,37.94086213038831,48.82436765229783,39.61524759529747,42.96401852511578,55.504096900605624,23.726398289989312,22.728892055575347,56.39472746704667,38.15461346633416,"[4.742555326938229, -1.2767668562387966, -0.6687148465222228, 2.2249101937772924, 0.5991529400968023, -1.6088468590137885, 1.8247560800683318, 2.703697519516631, 3.8341851333265975, 0.7490876060852619, -0.29984893634388826, 0.3022040962692943, -0.03196718851757237, -0.9058017984891011, -0.21386149378545813, -0.006855668456717721, 0.3648331742376469]",-2.0592,4.765791
1457645,8299,Mattias Edeland,1999-05-12,190.0,,Sweden,CB,,150000.0,1440.0,0.0,0.1875,0.0,0.1875,0.0,50.5,86.23265742,4.1875,47.5177305,0.0625,0.0,0.0625,100.0,0.1875,60.0,3.875,61.38613861,1.0,47.05882353,72.5625,0.4375,0.1875,1.3125,8.625,1.375,1.0625,0.8125,0.6875,4.1875,0.0,0.3125,5.375,,,,,,Center Back,0.0,3.0,0.0,3.0,0.0,808.0,67.0,1.0,0.0,1.0,3.0,62.0,16.0,1161.0,7.0,3.0,21.0,138.0,22.0,17.0,13.0,11.0,67.0,0.0,5.0,86.0,Center Back,16.084788029925186,8.62130388314927,7.249732810830068,39.900249376558605,15.995724973281083,77.94798717491985,61.06163163519772,85.76772354827217,65.10509440684005,5.985037406483791,23.51264695404346,60.68756679729248,98.111863199145,54.666904168151056,40.25650160313502,28.96330602066263,68.16886355539722,6.537228357677235,9.672247951549698,77.60954755967224,12.219451371571072,40.89775561097257,92.16245101531885,50.53437833986463,52.72532953330958,48.7174919843249,64.32133950837192,77.02173138582116,78.57142857142857,22.728892055575347,35.82116138225864,53.74064837905237,16.084788029925186,9.226932668329177,7.249732810830068,36.996793729960814,15.995724973281083,56.85785536159601,67.99073744210902,7.677235482721767,23.51264695404346,57.018168863555395,48.040612753829706,28.32205201282508,7.552547203420021,50.92625578909868,12.112575703598147,49.03811898824368,80.60206626291414,39.93587459921625,41.02244389027431,37.44210901318134,50.12468827930174,79.42643391521197,54.96971856074101,22.728892055575347,30.370502315639474,43.71214820092625,"[5.144140425485715, -0.17933543782275682, -1.1020459338016881, 1.6756223610447039, 0.0035282531296823624, -1.318308080878013, 1.4939507453317926, 3.311283593684181, 2.798678016113371, -0.5919106180823279, -1.5492553572691972, 0.62119312290809, -0.5880244798058003, 1.3035296685402058, 0.03293310904299728, -0.8935554384625064, 0.415056356847718]",-2.1143813,4.9117303
843546,6291,Sigurjón Rúnarsson,2000-10-02,,right,Iceland,CB,,200000.0,1434.0,0.0,0.564853556,0.251046025,0.188284519,0.0,29.49790795,83.92857143,1.757322176,40.57971014,0.188284519,0.0,0.062761506,100.0,0.50209205,66.66666667,3.70292887,53.15315315,1.882845188,57.69230769,47.32217573,1.255230126,0.062761506,0.50209205,6.841004184,0.815899582,0.878661088,0.878661088,1.066945607,3.389121339,0.0,0.564853556,4.267782427,,,,,,Center Back,0.0,8.999999992266666,3.9999999983333336,3.0000000027333336,0.0,470.0000000033333,28.000000004266667,3.0000000027333336,0.0,0.9999999956,7.999999996666667,58.99999999533333,29.999999995466666,753.9999999646667,20.0000000076,0.9999999956,7.999999996666667,108.9999999984,13.000000006533334,14.000000002133334,14.000000002133334,17.000000004866667,54.0000000014,0.0,8.999999992266666,68.00000000353334,Center Back,16.084788029925186,61.82757392233701,83.07801923762024,40.07837548984681,15.995724973281083,17.598859992874953,44.29996437477734,13.252582828642678,36.319914499465625,33.113644460277875,23.51264695404346,60.990381189882434,98.111863199145,91.6993231207695,62.57570359814749,24.189526184538654,18.09761311008194,36.408977556109726,41.96651229070182,7.356608478802992,74.34983968649804,81.510509440684,36.55147844674029,14.321339508371928,11.613822586391166,28.32205201282508,72.28357677235483,39.579622372639825,48.040612753829706,22.728892055575347,75.97078731742073,25.863911649447807,16.084788029925186,46.562166013537585,70.96544353402209,38.76024225151407,15.995724973281083,18.810117563234773,13.359458496615604,32.02707516921981,23.51264695404346,51.06875667972924,85.07303170644816,24.759529747060917,30.92269326683292,15.46134663341646,62.73601710010688,85.32240826505165,30.92269326683292,20.27075169219808,14.250089063056645,26.505165657285357,56.37691485571785,51.69219807623797,37.76273601710011,22.728892055575347,59.10224438902743,28.10830067687923,"[3.246992513884351, -1.8699396561832717, -1.1343036062550553, 0.5628172193130929, 0.8954250166800922, -1.3643086871961834, 2.099671343082031, 3.0981061941633716, 3.594153020105038, 0.2914299390938676, -1.0659909494571311, 0.7110594129585551, -0.06224153917598569, -0.1538080747980601, -0.29231879117121734, -0.10730068751233082, -0.8749649280809227]",-2.117875,4.818945
551281,6017,Gunnar Vatnhamar,1995-03-29,,,Faroe Islands,CB,,300000.0,1128.0,0.0,1.037234043,0.159574468,0.718085106,0.0,62.31382979,90.08073818,4.707446809,57.2815534,0.478723404,0.079787234,0.079787234,100.0,0.079787234,20.0,4.308510638,56.84210526,2.393617021,55.55555556,86.40957447,2.234042553,0.079787234,0.877659574,10.61170213,1.037234043,1.595744681,0.79787234,0.877659574,3.590425532,0.0,0.159574468,7.180851064,,,,,,Center Back,0.0,13.0000000056,1.9999999989333332,8.9999999952,0.0,781.0000000346666,59.000000006133334,5.999999996800001,0.9999999994666666,0.9999999994666666,0.9999999994666666,53.99999999626666,29.99999999653333,1083.000000024,27.9999999976,0.9999999994666666,10.999999994133335,133.00000002933334,13.0000000056,20.000000001866667,9.999999994666666,10.999999994133335,45.00000000106667,0.0,1.9999999989333332,90.00000000213333,Center Back,16.084788029925186,93.76558603491272,60.08193801211258,96.00997506234414,15.995724973281083,94.2643391521197,87.8517990737442,91.52119700748129,92.3762023512647,84.87709298183114,76.66547915924474,67.58104738154613,98.111863199145,25.133594584966158,1.0687566797292483,43.64089775561097,38.279301745635905,57.107231920199496,32.721767011043816,95.86747417171357,96.93623085144282,75.22265764161025,73.69077306733168,85.25115781973638,25.222657641610258,87.53117206982543,62.807267545422164,58.85286783042394,57.463484146775926,22.728892055575347,10.224438902743142,87.10366939793374,16.084788029925186,72.21232632703955,40.95119344495903,79.72924830780192,15.995724973281083,54.82721767011044,59.31599572497328,59.85037406483791,61.25757035981475,55.949412183826155,18.77449234057713,18.703241895261847,31.02956893480584,45.457784111150694,79.23049519059494,81.72426077662985,46.562166013537585,37.33523334520841,14.089775561097257,49.80406127538297,31.17206982543641,80.70894193088706,24.79515496971856,22.728892055575347,6.002850017812611,47.48842180263627,"[5.134792041759307, -1.1449435798838965, -0.36281531238908993, 3.5085619727665733, -0.23341832487791658, -0.8661188564469122, 3.1529307196769403, 3.4320441998653557, 0.259775582557033, -0.6421793528053293, -2.619435138943321, 1.283932190372267, -1.5954731423345367, 1.521175419657815, 0.5498602024569073, -0.5170900902958379, -0.28992537422034476]",-2.0706534,4.847281
1504813,8004,Baldvin Berndsen,2004-01-23,,,Iceland,CB,,75000.0,1078.0,0.0,0.918367347,0.250463822,0.333951763,0.0,48.58998145,79.94505495,4.341372913,34.66666667,0.250463822,0.083487941,0.083487941,100.0,0.083487941,100.0,4.174397032,58.13953488,2.504638219,69.76744186,79.23005566,0.667903525,0.166975881,0.333951763,13.85899814,1.252319109,2.421150278,1.502782931,1.252319109,4.591836735,0.0,0.500927644,8.682745826,,,,,,Center Back,0.0,11.000000000733333,3.000000001288889,4.000000005711112,0.0,582.0000000344445,52.000000002377774,3.000000001288889,1.0000000044222221,1.0000000044222221,1.0000000044222221,50.00000000551111,30.000000000911108,949.0000000164445,7.999999999444445,1.9999999968666666,4.000000005711112,165.99999994355557,14.999999994466668,28.99999999648889,17.999999995755555,14.999999994466668,55.00000000366667,0.0,6.000000002577778,104.00000000475555,Center Back,16.084788029925186,90.38118988243676,82.8820805130032,65.81759885999287,15.995724973281083,73.35233345208407,23.619522622016387,87.49554684716779,13.680085500534378,48.53936587103669,78.99893124332027,69.29105806911294,98.111863199145,27.324545778411114,92.67901674385465,38.83149269682936,46.366227288920555,61.06163163519772,89.16993231207695,88.88493053081582,29.747060919130746,46.24153900961881,17.367296045600288,98.89561809761311,43.65871036693979,99.28749554684717,98.64624153900962,23.70858567866049,87.31742073387959,22.728892055575347,68.489490559316,96.68685429283933,16.084788029925186,61.09725685785536,60.93694335589598,50.24937655860349,15.995724973281083,32.34770217313858,50.267189169932315,31.011756323477023,69.96793729960812,62.807267545422164,23.975774848592803,15.817598859992877,31.59957249732811,33.16708229426434,15.603847524047026,69.16636978981118,10.919130744567154,54.54221588884931,17.67011043819024,73.95796223726398,71.53544709654436,63.50195938724617,39.793373708585676,22.728892055575347,40.47025293908087,58.28286426790168,"[7.432182551430303, -1.289093401745644, 1.3019494316031384, 2.5021148724247877, 0.9945662454948608, -0.35502045746108335, 3.0809940105899742, 1.7742915764989873, 3.959960535515297, 1.256746066902252, -0.4158789506932561, 0.5595104491836059, -1.5579724241931203, 1.3270370834380136, 1.716464834026461, 0.48444608651106025, -0.6133097066851039]",-2.0003076,4.730351
1115157,4496,Yann Affi,1995-11-11,185.0,,Côte d'Ivoire,CB,,75000.0,1132.0,0.0,0.715547703,0.159010601,0.477031802,0.0,33.55123675,84.56913828,3.180212014,49.38271605,0.238515901,0.0795053,0.0795053,100.0,0.318021201,80.0,4.690812721,56.73076923,1.828621908,67.64705882,55.97173145,1.192579505,0.636042403,0.795053004,10.33568905,1.828621908,0.556537102,1.351590106,1.113074205,3.100706714,0.0,0.874558304,6.598939929,,,,,,Center Back,0.0,8.999999997733333,2.0000000036888888,5.999999998488889,0.0,422.0000000111111,39.99999999831111,2.9999999992444444,0.9999999955555555,0.9999999955555555,3.9999999947999996,59.00000000191111,22.9999999984,704.0000000155555,14.999999996222224,8.000000002177778,10.000000005866667,130.0000000511111,22.9999999984,6.999999994044444,16.99999999991111,14.000000000666667,39.000000002755556,0.0,11.000000001422222,82.99999999586667,Center Back,16.084788029925186,76.91485571784824,59.95724973281084,84.0755254720342,15.995724973281083,29.42643391521197,48.37905236907731,62.700391877449235,72.92483078019238,44.85215532597079,76.55860349127181,67.45635910224439,98.111863199145,78.14392589953687,79.42643391521197,54.47096544353403,37.620235126469545,34.200213751335944,82.93551834698967,26.540790879943,71.78482365514785,2.458140363377271,67.65229782686141,81.90238688991806,80.97613110081939,5.09440684004275,97.11435696473103,35.090844317776984,35.375846099038114,22.728892055575347,95.08371927324546,79.26612041325258,16.084788029925186,48.2899893124332,46.98966868542929,62.93195582472391,15.995724973281083,13.181332383327396,31.777698610616316,28.48236551478447,54.84503028143926,50.97969362308514,55.86034912718204,25.115781973637336,18.204488778054863,11.863199144994656,43.99714998218739,11.471321695760599,44.81653010331315,35.41147132169576,43.676522978268615,2.7075169219807624,68.00855005343783,66.40541503384397,16.17385108656929,22.728892055575347,74.10046312789454,40.93338083363021,"[4.545206161241106, -1.723315312807542, 0.6140541104797252, 1.7460094491950011, 0.7338327834208987, -1.7575691561326594, 2.686531555032202, 2.574610686649059, 3.528292033199446, 0.4917960657850836, -1.001197276503464, -0.47948223329939316, -0.6598382389553502, 0.42340295072162826, -1.4636065963978224, 0.3904507868199986, -0.6384547415052392]",-2.0772274,4.777822
1258853,59844,Agustín Da Silveira,2000-12-11,179.0,right,Uruguay,CB,,250000.0,1665.0,0.0,0.324324324,0.162162162,0.216216216,0.0,20.7027027,74.36893204,2.486486486,34.32835821,0.054054054,0.0,0.054054054,100.0,0.054054054,33.33333333,4.864864865,51.13636364,2.216216216,43.61702128,43.51351351,0.756756757,0.432432432,0.702702703,10.32432432,1.891891892,0.972972973,0.594594595,0.864864865,2.918918919,0.0,0.432432432,6.864864865,,,,,,Center Back,0.0,5.9999999939999995,2.9999999969999998,3.9999999959999997,0.0,382.99999995,45.999999991,0.9999999989999999,0.0,0.9999999989999999,0.9999999989999999,90.0000000025,40.999999996,804.999999935,14.0000000045,7.999999991999999,13.0000000055,190.99999992000002,35.000000002,18.0000000005,11.0000000075,16.000000002500002,54.0000000015,0.0,7.999999991999999,127.0000000025,Center Back,16.084788029925186,25.276095475596723,61.20413252582828,45.457784111150694,15.995724973281083,3.3131457071606696,9.120057000356251,37.83398646241539,13.07445671535447,4.9519059494121835,23.51264695404346,56.44816530103313,98.111863199145,16.81510509440684,6.7866049162807265,60.04631278945494,11.043819023868899,50.73031706448165,4.5600285001781256,3.4556465977912363,37.905236907730675,8.478802992518704,58.99536872105451,81.75988599928749,83.82614891343071,38.63555397221233,35.25115781973637,60.188813680085495,27.44923405771286,22.728892055575347,57.42785892411828,83.14926968293553,16.084788029925186,26.612041325258286,56.78660491628072,44.24652654079088,15.995724973281083,9.583184894905592,40.32775204845031,6.768792304951905,23.51264695404346,55.11221945137157,18.18667616672604,55.219095119344495,50.3384396152476,20.021375133594585,42.42964018525115,12.789454934093339,58.95974349839687,64.19665122907018,72.35482721767012,42.41182757392234,41.37869611685073,56.27003918774493,37.79836123975775,22.728892055575347,52.08407552547203,71.85607410046313,"[3.21652397258266, -2.2652592967689738, 0.019868608222274087, -0.7667636766017953, 1.8805692906257632, -0.7325470389485489, 2.4435335947417047, 3.676674367844117, 2.520387748487617, -0.30418775677886517, -2.1746672495176504, 0.2623363426375106, -0.1426969811312878, 1.437184743991084, -0.14755871670211698, -0.7606703280833167, -0.4194985528867803]",-2.0152318,4.807114
497341,1573140,Cristian Enciso,1991-05-12,184.0,,Paraguay,CB,,75000.0,1457.0,0.0,0.308853809,0.061770762,0.247083047,0.0,13.77487989,61.77285319,2.34728895,26.76056338,0.061770762,0.0,0.061770762,100.0,0.247083047,100.0,3.582704187,66.66666667,2.100205903,65.38461538,34.52985587,0.803019904,0.061770762,0.432395333,9.821551132,0.803019904,1.606039808,0.741249142,0.494166095,2.656142759,0.0,0.185312286,6.671242279,,,,,,Center Back,0.0,4.999999996811111,1.0000000026,3.9999999942111115,0.0,222.999999997,38.00000000166666,1.0000000026,0.0,1.0000000026,3.9999999942111115,58.000000005100006,34.000000007455554,559.0000000287778,13.000000001422222,1.0000000026,7.000000002011111,158.9999999924889,13.000000001422222,26.000000002844445,11.999999998822224,8.000000004611111,42.99999999847778,0.0,3.0000000078,108.0000000055889,Center Back,16.084788029925186,22.871392946205916,23.29889561809761,50.62344139650873,15.995724973281083,0.32062700391877447,0.6234413965087282,31.706448165301033,2.1375133594584965,5.771286070537941,23.51264695404346,60.11756323477022,98.111863199145,66.76166726042038,92.67901674385465,20.947630922693268,90.89775561097257,45.77841111506947,74.61702885643035,0.28500178126113285,42.768079800498754,81.90238688991806,28.001425008906306,74.06483790523691,10.972568578553615,88.06555040969006,55.61097256857855,91.02244389027432,16.7794798717492,22.728892055575347,14.214463840399002,80.65550409690061,16.084788029925186,20.484503028143926,27.752048450302812,43.3202707516922,15.995724973281083,0.8550053437833987,28.553615960099748,9.084431777698612,23.51264695404346,60.47381546134664,55.61097256857855,24.438902743142144,39.508371927324546,3.1706448165301033,37.03241895261846,78.01923762023513,26.576416102600643,51.193444959031,13.288208051300321,67.86604916280726,44.068400427502674,89.02743142144638,21.48200926255789,22.728892055575347,17.45635910224439,61.16850730317065,"[4.550366722169951, -3.604704130121641, 0.05723606745415996, 0.16611107536173159, 2.8502664779009597, -0.5577094279040102, 0.5036831431117862, 3.236374144662991, 4.847391302920173, 1.6029678086298162, -0.4135842225576763, -0.046699524636789044, 1.255729068464897, 0.7242709587077739, 1.2978991420746335, 0.04417486544496906, 0.0664430514639262]",-2.006376,4.5827355
675084,133895,Juan Ibiza,1995-08-17,187.0,left,Spain,CB,,400000.0,1701.0,0.123899475,0.952380952,0.423280423,0.634920635,0.02382897,66.13756614,90.38322487,2.962962963,43.41085271,0.264550265,0.0,0.052910053,100.0,0.211640212,100.0,5.502645503,59.42857143,3.968253968,61.98347107,84.6031746,1.322751323,0.211640212,0.529100529,7.566137566,0.793650794,1.058201058,0.582010582,1.005291005,3.915343915,0.0,0.158730159,5.132275132,,,,,,Center Back,2.3417000774999996,17.9999999928,7.9999999947,12.000000001499998,0.450367533,1250.000000046,56.00000000069999,5.0000000085,0.0,1.0000000017,4.0000000068,104.00000000669999,74.9999999952,1598.99999994,25.0000000047,4.0000000068,9.9999999981,142.99999999739998,15.0000000066,19.9999999962,10.9999999998,18.999999994499998,73.99999999349998,0.0,3.0000000051,96.99999999479999,Center Back,97.11435696473103,91.4321339508372,97.22123263270396,93.65871036693979,61.48913430708942,96.50872817955111,89.49055931599572,55.700035625222654,48.73530459565372,51.87032418952619,23.51264695404346,55.89597434983968,98.111863199145,60.59850374064838,92.67901674385465,75.09796936230852,55.842536515853226,90.8443177769861,60.42037762736017,94.58496615603848,77.734235838974,35.28678304239401,39.365871036693974,26.701104381902386,10.509440684004275,48.343427146419664,33.63021018881368,45.29747060919131,69.89668685429284,22.728892055575347,10.099750623441397,47.060919130744566,94.2643391521197,84.78802992518703,93.94371214820093,89.98931243320271,60.56287851799074,85.14428215176345,55.68222301389384,56.64410402565016,23.51264695404346,59.1556822230139,62.84289276807981,66.2629141432134,83.54114713216958,73.99358745992163,74.3142144638404,33.86177413608835,42.162451015318844,42.51870324189526,20.163876024225154,48.59280370502316,38.54649091556822,45.68934805842537,61.275382971143564,22.728892055575347,16.636978981118634,53.29533309583185,"[4.82528387521217, -1.9443673862850839, 0.30095488991088976, 4.216322900325621, -0.6069664370357796, -0.8674410704851832, 1.9690456312306994, 2.3102932064264006, 3.357377816673175, 0.17269444791429236, -0.21222101099160925, 1.8250549683435, -0.7643657915545958, -0.877499831421098, -0.22118827388292003, -1.5710908175025808, 0.8658436140193027]",-2.068661,4.8696427
431123,429440,Kim Young-Chan,1993-09-04,189.0,,Korea Republic,CB,,175000.0,968.0,0.071088841,0.55785124,0.185950413,0.371900826,0.019356067,32.44834711,82.7014218,2.603305785,44.44444444,0.371900826,0.0,0.092975207,100.0,0.092975207,33.33333333,4.462809917,53.33333333,2.510330579,50.0,53.64669421,1.394628099,0.0,1.022727273,9.855371901,0.83677686,1.301652893,1.394628099,0.743801653,1.580578512,0.092975207,0.464876033,6.32231405,,,,,,Center Back,0.7645999787555556,6.000000003555556,1.9999999976000002,3.9999999952000005,0.2081852539555556,349.0000000275556,27.999999998666667,3.9999999952000005,0.0,1.000000004177778,1.000000004177778,47.999999996177785,27.00000000524445,576.9999999475556,14.999999998133333,0.0,11.000000002933335,106.00000000186667,9.000000005333334,14.000000004711112,14.999999998133333,8.000000001155556,16.999999995733333,1.000000004177778,4.999999999377779,68.00000000444444,Center Back,84.43177769861062,60.84788029925187,68.81011756323477,71.41075881724261,55.11221945137157,25.863911649447807,37.12148200926256,42.82151763448522,52.79657997862487,72.56857855361596,23.51264695404346,72.49732810830068,98.111863199145,31.154257214107588,6.7866049162807265,48.040612753829706,18.988243676522977,61.15069469184182,15.425721410758817,19.843249020306377,80.69112931955826,94.40684004275026,82.63270395439972,74.67046669041682,12.860705379408621,71.17919486996793,97.6843605272533,71.76701104381902,0.6412540078375489,75.63234770217313,62.04132525828287,73.8867117919487,62.62914143213395,31.47488421802636,39.508371927324546,43.71214820092625,43.35589597434984,6.946918418240114,12.682579266120413,38.22586391164945,23.51264695404346,62.451015318845734,23.744210901318134,13.03883149269683,26.701104381902386,3.811898824367652,44.353402208763804,94.40684004275026,49.35874599216245,18.63199144994656,4.666904168151051,27.253295333095835,59.77912361952262,89.9002493765586,0.24937655860349126,62.005700035625225,29.836123975774846,28.215176344852154,"[3.910239902219108, -2.7838248364463136, -0.5090385548701776, 1.2435157860676342, 1.3134349841420854, -0.48573351390876957, 2.6131003960805352, 3.4424863285043372, 2.374713994824667, -1.033187201506736, -2.4842535956809653, -0.24123944230662017, -1.1499905503707308, 1.5889863746888762, -0.4306395392588083, 0.6948926307009863, -0.9315786364534406]",-2.0503595,4.7937245
828060,739803,Kim Hyun-Tae,1994-11-14,186.0,,Korea Republic,CB,,150000.0,1571.0,0.0,0.572883514,0.229153405,0.343730108,0.0,21.82686187,71.88679245,3.952896244,43.94904459,0.40101846,0.057288351,0.057288351,100.0,0.057288351,50.0,3.322724379,54.20560748,1.775938892,51.66666667,40.96117123,0.744748568,0.057288351,0.687460216,7.447485678,0.802036919,1.432208784,0.458306811,1.031190325,2.005092298,0.0,0.057288351,4.754933164,,,,,,Center Back,0.0,10.00000000548889,3.9999999917222224,5.999999996311111,0.0,380.9999999752222,68.9999999924889,7.000000007333334,0.9999999935666667,0.9999999935666667,0.9999999935666667,57.999999993433335,30.99999999257778,715.0000000258889,13.000000003644445,0.9999999935666667,11.999999992622222,130.00000000153332,13.99999999721111,24.999999996266666,8.0000000009,18.00000000638889,35.00000000175556,0.0,0.9999999935666667,83.00000000715555,Center Back,16.084788029925186,63.092269326683294,79.4442465265408,67.01104381902387,15.995724973281083,4.488778054862843,5.628785179907374,81.74207338795868,50.9440684004275,76.98610616316351,63.98289989312433,57.9622372639829,98.111863199145,17.563234770217313,23.815461346633416,14.82009262557891,23.619522622016387,31.92019950124688,19.558247239045244,1.7456359102244388,36.44460277876737,83.14926968293553,57.463484146775926,24.438902743142144,10.901318133238332,80.03206270039188,18.685429283933026,42.71464196651229,3.2775204845030284,22.728892055575347,1.3181332383327395,36.7296045600285,16.084788029925186,57.07160669754185,67.79479871749199,61.56038475240471,15.995724973281083,9.547559672247951,69.34449590309939,71.60669754185963,51.40719629497684,48.87780548628429,13.608835055219096,23.44139650872818,32.2764517278233,12.433202707516921,37.5846099038119,87.13929462059139,51.12219451371571,35.23334520840755,15.211970074812967,64.60634128963306,22.74670466690417,46.775917349483436,10.40256501603135,22.728892055575347,0.8906305664410403,41.43213395083719,"[2.994492351595044, -2.740778629951656, -1.316244395705563, 0.5037728221228296, 1.6078818581206835, -1.2185119208025033, 2.126663097412602, 4.050354698350703, 2.2890284132822956, 0.26961463515410145, -0.7524251988654007, 0.054425240872522644, 0.6314037242995605, 1.324304895001414, 1.3665621777598727, -0.3635715025079197, 0.02022375286822588]",-2.0615904,4.80461
735022,133897,Kim Hyeong-Jin,1993-12-20,185.0,,Korea Republic,CB,,225000.0,1175.0,0.0,0.842553191,0.153191489,0.306382979,0.0,45.34468085,88.22652757,2.45106383,50.79365079,0.306382979,0.076595745,0.076595745,100.0,0.076595745,33.33333333,2.910638298,47.5,2.144680851,60.86956522,60.12765957,1.14893617,0.076595745,0.153191489,5.89787234,0.536170213,0.612765957,0.612765957,1.455319149,1.455319149,0.0,0.153191489,4.136170213,,,,,,Center Back,0.0,10.99999999361111,1.9999999952777776,4.000000003611111,0.0,591.9999999861111,32.000000002777774,4.000000003611111,1.0000000041666668,1.0000000041666668,1.0000000041666668,38.00000000166666,27.999999999166665,784.9999999416666,14.999999997222222,1.0000000041666668,1.9999999952777776,76.99999999444445,7.000000003055556,7.999999994166667,7.999999994166667,19.00000000083333,19.00000000083333,0.0,1.9999999952777776,54.000000003055554,Center Back,16.084788029925186,86.10616316351977,57.76629853936587,61.40007125044532,15.995724973281083,64.3035268970431,76.09547559672248,36.26647666547916,77.53829711435696,61.31100819380121,74.84859280370503,66.13822586391164,98.111863199145,23.975774848592803,6.7866049162807265,7.053794086213038,3.99002493765586,47.63092269326683,55.29034556465978,39.971499821873884,69.46918418240115,76.70110438190238,3.3487709298183113,5.058781617385109,2.458140363377271,7.73067331670823,37.37085856786605,12.326327039543997,0.28500178126113285,22.728892055575347,9.244745279657998,23.726398289989312,16.084788029925186,58.924118275739225,36.996793729960814,49.03811898824368,15.995724973281083,33.594584966156035,19.344495903099396,43.89027431421446,69.70074812967582,62.36195226220163,23.583897399358747,5.486284289276807,27.965799786248663,17.88386177413609,44.10402565016031,76.84360527253295,1.6743854649091556,3.8831492696829355,2.2443890274314215,3.918774492340577,19.77199857499109,43.99714998218739,0.46312789454934095,22.728892055575347,4.791592447452796,16.245101531884572,"[2.9517418113032, -2.3231099226991736, -2.3461749078471317, 1.5769229202630384, 0.8708199113532709, -1.6426855501231925, 3.23917634958538, 3.6356394191740464, 1.27252926310113, -1.1158513357236008, -0.8278425626357772, 1.3559292373047398, -0.2877751062728174, -0.436274404191556, -0.4880796425026929, -0.22595927675824853, -1.038585489077881]",-2.1224608,4.918307
735012,429442,Jang Jun-Young,1993-02-04,184.0,,Korea Republic,CB,,100000.0,1131.0,0.0,0.477453581,0.159151194,0.318302387,0.0,46.79045093,88.28828829,2.864721485,51.42857143,0.23872679,0.0,0.159151194,100.0,0.0,62.5,4.456233422,57.73195876,2.705570292,64.1509434,62.78514589,0.954907162,0.0,0.716180371,6.127320955,1.034482759,0.636604775,0.795755968,1.193633952,2.546419098,0.318302387,0.397877984,3.660477454,,,,,,Center Back,0.0,6.000000001233333,2.0000000046,3.9999999966333335,0.0,588.0000000203333,35.99999999483333,2.9999999943333333,0.0,2.0000000046,0.0,56.00000000313334,34.0000000028,789.0000000176667,12.000000002466667,0.0,8.999999995566666,77.00000000116667,13.000000004766667,8.000000005833334,9.999999997866666,14.999999996800002,31.999999998199996,3.9999999966333335,4.999999998933333,46.00000000526666,Center Back,16.084788029925186,48.84218026362665,60.02850017812611,63.234770217313866,15.995724973281083,68.68542928393302,76.59422871392945,52.15532597078732,79.23049519059494,44.88778054862843,23.51264695404346,83.36302101888137,98.111863199145,5.985037406483791,49.946562166013535,47.70217313858212,44.086213038831495,67.61667260420377,69.59387246170289,48.6284289276808,55.36159600997507,94.40684004275026,60.206626291414324,6.483790523690773,25.04453152832205,9.04880655504097,62.593516209476306,28.28642679016744,13.466334164588527,98.82436765229782,51.442821517634485,15.746348414677591,16.084788029925186,30.156750979693626,48.21873886711792,45.03028143925899,15.995724973281083,32.98895618097613,24.403277520484504,24.688279301745634,23.51264695404346,76.13110081938012,5.985037406483791,21.553259707873174,39.04524403277521,18.489490559315996,32.703954399714995,94.40684004275026,36.26647666547916,4.132525828286427,13.911649447809049,5.628785179907374,32.34770217313858,63.074456715354465,7.08941930887068,92.26932668329178,29.44424652654079,11.435696473102958,"[3.8160459136938334, -1.76335761452124, -0.8645658294502339, 2.024778762317292, -0.14091113101487904, -1.349933498004682, 2.318224302404143, 3.4213043751477414, 2.4739685064144856, -0.5383001768847819, -0.6553597819035366, 1.2967344278346546, 0.3673920952204454, -0.07381525937647694, -1.1559270700025515, 0.30192052433575756, 0.012255034334378809]",-2.1965024,4.9702497
1315253,6194,Herman Magnusson,1998-02-21,183.0,,Sweden,CB,,400000.0,1241.0,0.026796939,0.652699436,0.07252216,0.0,0.038490698,46.41418211,83.55091384,3.771152297,41.26984127,0.290088638,0.07252216,0.362610798,83.33333333,0.362610798,71.42857143,4.206285254,57.42574257,1.377921031,50.0,76.07574537,0.580177276,0.145044319,0.580177276,9.71796938,1.885576148,2.465753425,0.362610798,1.087832393,5.439161966,0.145044319,0.362610798,5.004029009,,,,,,Center Back,0.36950001443333336,9.000000000844445,1.0000000062222223,0.0,0.5307439579777777,639.9999999834445,52.00000000641111,3.9999999973111113,1.0000000062222223,5.000000003533334,5.000000003533334,58.00000000237778,18.999999994122224,1049.0000000463335,7.999999994622223,1.9999999986555557,7.999999994622223,134.00000000644445,25.99999999631111,34.000000004722224,5.000000003533334,14.999999996811113,74.99999999784445,1.9999999986555557,5.000000003533334,69.00000000187778,Center Back,51.193444959031,71.3216957605985,28.69611685073032,6.359102244389027,78.55361596009975,67.7235482721767,41.43213395083719,78.37548984681155,39.25899536872105,57.5347345920912,73.49483434271464,94.58496615603848,96.18810117563234,82.97114356964731,69.75418596366228,40.00712504453153,42.10901318133239,16.280726754542215,15.425721410758817,84.43177769861062,22.657641610260065,53.61596009975062,46.02778767367296,71.99857499109369,83.6480228001425,99.35874599216245,9.422871392946206,37.72711079444247,96.86498040612754,86.85429283933026,44.88778054862843,42.572141075881724,46.4909155682223,49.80406127538297,31.118631991449945,6.359102244389027,65.83541147132169,39.18774492340577,50.552190951193445,39.971499821873884,72.0876380477378,90.63056644104026,69.57605985037407,24.225151407196293,11.186319914499466,43.070894193088705,14.535090844317777,67.296045600285,29.782686141788382,38.0121125757036,52.08407552547203,84.60990381189882,7.926612041325258,63.02101888136801,62.415390096188105,73.60171001068757,32.34770217313858,28.96330602066263,"[4.969167828673821, 1.1056214931173602, 0.11022334769758375, 0.9434186584832656, 0.1729200394572916, -0.08048795741462793, 1.977196943038609, 1.8595523564946872, 2.6484808136061804, 0.3922490153436057, -0.9880731888144639, 0.9797966835842647, 0.1201778341639632, 0.6491297328486054, 2.3543995216464633, -0.7104602601105493, 0.2848105497757011]",-2.0422804,4.964748
1245544,8248,Victor Eriksson,2000-09-17,192.0,right,Sweden,CB,,3000000.0,1168.0,0.134907535,0.693493151,0.154109589,0.539383562,0.024037755,64.26369863,91.95148842,1.078767123,48.27586207,0.077054795,0.0,0.077054795,100.0,0.077054795,100.0,5.779109589,63.55932203,3.852739726,71.42857143,82.44863014,1.078767123,0.077054795,0.693493151,8.476027397,1.155821918,1.926369863,0.616438356,1.464041096,2.773972603,0.0,0.231164384,4.77739726,,,,,,Center Back,1.7508000097777778,9.00000000408889,1.9999999994666666,7.000000004622223,0.3119566426666667,833.9999999982222,13.999999996266666,1.000000006222222,0.0,1.000000006222222,1.000000006222222,74.99999999946667,49.999999999644444,1070.0000000391112,13.999999996266666,1.000000006222222,9.00000000408889,109.99999999662221,15.000000002488889,24.999999999822222,7.9999999978666665,19.000000001422222,36.00000000337778,0.0,3.000000005688889,61.999999996444444,Center Back,98.111863199145,75.02671891699323,58.532240826505166,89.13430708941931,61.809761311008195,95.43997149982188,95.68934805842537,1.460634128963306,68.36480228001425,9.440684004275028,23.51264695404346,66.5301033131457,98.111863199145,24.438902743142144,92.67901674385465,80.86925543284646,79.37299608122551,89.38368364802281,92.01995012468828,92.34057712860705,65.47915924474528,76.41610260064125,57.92661204132526,46.59779123619522,35.12646954043463,96.22372639828998,37.691485571784824,12.005700035625223,21.01888136800855,22.728892055575347,20.163876024225154,37.228357677235486,87.63804773779836,50.87281795511222,41.62807267545422,71.89169932312078,51.12219451371571,58.88849305308158,0.7837548984681154,10.901318133238332,23.51264695404346,64.74884218026362,25.222657641610258,42.35838973993587,63.697898111863196,44.70965443534022,40.114000712504456,75.31172069825436,38.72461702885643,20.98325614535091,19.48699679372996,65.1585322408265,21.26825792661204,43.85464909155682,11.578197363733524,22.728892055575347,16.85073031706448,22.194513715710723,"[5.428236654191502, -2.0292850731300343, 1.0835334776941261, 3.3567156907981825, -0.7485608425359583, -0.9335968054212064, 2.3082245602891227, 2.3513556126413504, 3.497664646242962, -0.7282302530801538, -0.6708581126713965, 1.2231072390716855, -0.2046452175561448, -2.142555326960471, 0.5836825693184621, -0.33426039472140934, 0.609493589565963]",-2.0400457,4.7861857
1339608,8297,Oskar Ågren,1998-09-10,191.0,,Sweden,CB,,750000.0,936.0,0.001057692,0.096153846,0.0,0.0,0.040555298,63.55769231,91.04683196,3.942307692,51.25,0.288461538,0.096153846,0.096153846,100.0,0.096153846,33.33333333,3.942307692,63.07692308,1.25,72.22222222,83.36538462,0.192307692,0.192307692,0.480769231,10.09615385,2.115384615,1.634615385,1.153846154,1.442307692,4.326923077,0.096153846,0.096153846,5.192307692,,,,,,Center Back,0.010999996800000002,0.9999999984000001,0.0,0.0,0.4217750992,661.000000024,40.9999999968,2.9999999952000005,0.9999999984000001,0.9999999984000001,0.9999999984000001,40.9999999968,13.0,867.0000000480001,1.9999999968000002,1.9999999968000002,5.0000000024,105.00000004,21.999999996,17.000000004,12.0000000016,14.9999999968,45.0000000008,0.9999999984000001,0.9999999984000001,53.9999999968,Center Back,32.34770217313858,3.1350195938724617,7.249732810830068,6.359102244389027,80.44175276095476,95.01246882793018,92.51870324189527,81.65301033131456,78.53580334877093,57.28535803348771,84.20021375133595,73.44139650872819,98.111863199145,32.133950837192735,6.7866049162807265,31.24332027075169,76.82579266120413,12.80726754542216,93.39152119700748,93.55183469896687,2.582828642679017,39.41930887068044,33.915211970074814,78.35767723548273,90.73744210901317,89.24118275739224,91.55682223013893,13.003206270039188,82.5258282864268,76.89704310651942,4.577841111506946,48.80655504096901,32.24082650516566,1.4962593516209477,7.249732810830068,6.359102244389027,58.78161738510865,41.788386177413614,33.416458852867834,25.187032418952622,59.22693266832918,54.239401496259354,17.52760954755967,7.552547203420021,4.346277164232276,26.433915211970078,1.3359458496615604,69.29105806911294,15.425721410758817,18.168863555397223,40.06056287851799,38.582116138225864,45.03028143925899,63.12789454934094,24.759529747060917,54.275026718917,2.386889918061988,16.031350195938725,"[6.365209370579484, 0.6116493529030659, -0.2582937799720942, 2.194574107223886, 0.03430153364326696, -0.6156995727657633, 3.088139095068551, 3.177021802968756, 1.4104069879537653, -1.669052701612998, -1.722029026163131, 1.4787368395819278, -0.11753294970571532, 0.4844390794021565, 1.0032613154100245, 0.05027396726430409, -1.2967618034431538]",-2.074454,4.8462386
888046,1003206,Jordan Scarlett,1995-07-08,,,Jamaica,CB,,,1440.0,0.0,0.6875,0.1875,0.4375,0.0,27.625,81.5498155,3.0625,38.58267717,0.125,0.0,0.0625,100.0,0.0,62.5,2.5,54.05405405,1.0,55.17241379,46.1875,1.0625,0.125,0.75,8.375,0.75,0.6875,0.9375,0.5625,2.5625,0.0,0.625,6.0,,,,,,Center Back,0.0,11.0,3.0,7.0,0.0,442.0,49.0,2.0,0.0,1.0,0.0,40.0,16.0,739.0,17.0,2.0,12.0,134.0,12.0,11.0,15.0,9.0,41.0,0.0,10.0,96.0,Center Back,16.084788029925186,74.652654079088,69.20199501246883,79.65799786248664,15.995724973281083,13.430708941930888,30.53081581759886,59.1556822230139,28.268614178838618,17.93729960812255,23.51264695404346,60.68756679729248,98.111863199145,5.985037406483791,49.946562166013535,2.689704310651942,22.532953330958318,6.537228357677235,31.011756323477023,5.628785179907374,64.14321339508372,60.24225151407197,63.43070894193089,44.19308870680442,8.692554328464553,12.059137869611684,77.57392233701461,86.99679372996081,13.680085500534378,22.728892055575347,82.1161382258639,67.75917349483434,16.084788029925186,60.93694335589598,59.814748842180265,70.32418952618454,15.995724973281083,15.639472746704666,45.9743498396865,16.53010331314571,23.51264695404346,57.018168863555395,5.985037406483791,6.946918418240114,7.552547203420021,14.57071606697542,52.19095119344496,65.83541147132169,52.58282864267901,37.691485571784824,10.491628072675455,13.412896330602067,60.295689348058424,86.56929105806911,18.667616672604204,22.728892055575347,68.77449234057713,52.4759529747061,"[3.709289320131382, -2.404743216739413, -1.8612485533881578, 0.8653557196938045, 1.5361106507761766, -1.1259677200428715, 2.0567243134248265, 3.243148119045447, 3.1779580868673016, 0.5507516151767382, -1.4920360919453453, -0.07322170985507702, -0.5509246694510104, 0.7351184798704371, -0.6320692228768484, 0.09272121403691319, 0.04856076704215142]",-2.1097019,4.825277
1457380,1448561,Declan Watters,1999-03-01,196.0,,USA,CB,,,1575.0,0.0,0.4,0.114285714,0.4,0.0,40.8,82.16340621,4.057142857,39.88764045,0.285714286,0.057142857,0.057142857,100.0,0.0,62.5,4.057142857,52.59259259,2.4,58.33333333,59.54285714,1.2,0.057142857,0.171428571,7.542857143,1.485714286,0.342857143,0.685714286,1.485714286,3.657142857,0.0,0.457142857,5.028571429,,,,,,Center Back,0.0,7.0,1.999999995,7.0,0.0,714.0,70.9999999975,5.0000000049999995,0.9999999975,0.9999999975,0.0,70.9999999975,42.0,1041.99999995,21.0,0.9999999975,2.9999999925,132.0000000025,26.000000005,6.000000002499999,12.000000004999999,26.000000005,63.999999997500005,0.0,7.9999999975,88.0000000075,Center Back,16.084788029925186,36.83648022800142,44.65621660135376,75.45422158888493,15.995724973281083,50.73031706448165,33.915211970074814,83.68364802280014,33.66583541147132,56.50160313501959,63.91164944780905,57.85536159600998,98.111863199145,5.985037406483791,49.946562166013535,34.805842536515854,15.69291058069113,57.33879586747417,44.21090131813324,37.976487353045954,72.03420021375133,83.20270751692198,4.399714998218738,26.291414321339506,60.81225507659423,0.8193801211257571,47.84467402921268,11.204132525828287,59.97506234413965,22.728892055575347,60.794442465265405,43.53402208763805,16.084788029925186,36.55147844674029,36.74741717135732,70.32418952618454,15.995724973281083,47.31029568934806,71.1435696473103,55.23690773067331,58.21161382258639,53.5090844317777,5.985037406483791,37.86961168507303,52.137513359458495,42.32276451727823,64.01852511578198,83.4877092981831,3.99002493765586,36.51585322408265,53.259707873174214,2.386889918061988,45.99216245101532,24.278589241182758,50.89063056644104,22.728892055575347,54.275026718917,45.84966156038475,"[3.964856791665606, -1.7524022254274259, -0.6881601420967511, 1.2717862588416602, 0.6406616497749358, -1.1488211671334663, 3.0489714285918152, 3.2880869954248793, 2.392943692627063, 0.2884598005465227, 0.09381612824473608, 1.114645665446784, -0.21721318556306543, 0.2633811631108396, -0.8392779098936871, -1.0161215983180683, -0.07883745679157202]",-2.107181,4.890406
1296676,1701877,Luca Mastrantonio,1996-05-27,191.0,,Italy,CB,,,1563.0,0.0,0.518234165,0.115163148,0.287907869,0.0,53.89635317,85.16833485,5.124760077,46.35416667,0.230326296,0.0,0.057581574,100.0,0.115163148,66.66666667,4.606525912,62.99212598,3.224568138,64.36781609,73.81957774,1.094049904,0.0,0.575815739,6.79462572,0.690978887,0.748560461,0.690978887,0.863723608,3.512476008,0.0,0.115163148,4.664107486,,,,,,Center Back,0.0,8.999999998833333,2.0000000036000003,4.9999999916333335,0.0,936.0000000523333,89.00000000390001,4.000000007200001,0.0,1.0000000018000001,2.0000000036000003,80.00000000506668,55.9999999966,1282.0000000846667,18.999999999466667,0.0,10.000000000633335,118.000000004,12.000000004233334,13.000000006033332,12.000000004233334,14.999999992266668,61.00000000560001,0.0,2.0000000036000003,81.00000000686667,Center Back,16.084788029925186,55.325970787317424,45.065906661916635,58.28286426790168,15.995724973281083,84.03990024937656,52.9034556465978,95.04809405058782,60.24225151407197,43.03526897043107,23.51264695404346,58.17598859992875,98.111863199145,36.37335233345208,62.57570359814749,52.19095119344496,76.48735304595654,79.90737442109013,70.43106519415745,80.19237620235127,66.61916636978981,94.40684004275026,45.60028500178126,13.92946205913787,6.234413965087282,16.636978981118634,48.73530459565372,60.295689348058424,53.68721054506591,22.728892055575347,6.19878874242964,34.30708941930887,16.084788029925186,48.59280370502316,46.954043462771644,52.19095119344496,15.995724973281083,67.08229426433915,83.96864980406129,46.775917349483436,23.51264695404346,59.35162094763092,37.1571072319202,47.880299251870326,70.11043819023868,58.35411471321695,58.35411471321695,94.40684004275026,43.391521197007485,27.00391877449234,11.29319558247239,23.334520840755253,45.81403633772711,64.16102600641254,47.55967224795155,22.728892055575347,8.371927324545778,39.54399714998218,"[5.11682001453166, -1.6555375788858724, -0.7831424094809168, 3.0321987594151802, -0.0024133965845624292, -1.1702993350279824, 1.5613662339460541, 3.5785421218441416, 2.087170193735737, 0.07764286483260535, -0.20414376219014385, 1.4735579483065875, 0.09529751030917083, 0.7614479894033188, -0.4309386216724655, -1.3126054578177933, -0.07445396631179141]",-2.0916724,4.874669
1251760,1706430,Timofey Timchenko,2002-08-28,193.0,,Russia,CB,,,1170.0,0.0,0.230769231,0.0,0.076923077,0.0,44.61538462,89.36825886,4.538461538,55.66037736,0.230769231,0.153846154,0.076923077,100.0,0.076923077,33.33333333,2.153846154,44.44444444,0.692307692,40.90909091,60.69230769,0.153846154,0.153846154,0.461538462,8.153846154,0.923076923,1.307692308,0.846153846,0.769230769,2.846153846,0.0,0.692307692,5.076923077,,,,,,Center Back,0.0,3.000000003,0.0,1.000000001,0.0,580.00000006,58.999999994,3.000000003,2.000000002,1.000000001,1.000000001,28.000000002,8.999999996,788.99999997,2.000000002,2.000000002,6.000000006,106.00000000200001,11.999999999,17.000000004,10.999999998,9.999999997,36.999999998,0.0,8.999999996,66.000000001,Center Back,16.084788029925186,12.718204488778055,7.249732810830068,19.344495903099396,15.995724973281083,61.88101175632348,83.82614891343071,89.98931243320271,89.8111863199145,43.2312076950481,93.87246170288564,66.3519771998575,98.111863199145,24.242964018525115,6.7866049162807265,1.2468827930174564,1.3715710723192018,2.173138582116138,2.6184538653366585,41.895261845386536,1.7456359102244388,50.40969006056288,31.45707160669754,39.205557534734595,17.100106875667972,71.55325970787317,68.1510509440684,69.0951193444959,23.762023512646955,22.728892055575347,86.58710366939793,45.17278232988956,16.084788029925186,10.277876736729604,7.249732810830068,17.86604916280727,15.995724973281083,32.06270039187745,58.78161738510865,32.32988956180976,84.34271464196651,58.33630210188814,20.698254364089774,1.0687566797292483,1.4784467402921269,18.41824011400071,1.816886355539722,63.519771998574996,22.782329889561808,18.685429283933026,10.15318845742786,38.582116138225864,38.04773779836124,83.57677235482723,12.718204488778055,22.728892055575347,60.36693979337371,26.255789098681863,"[4.206176641699165, 0.0018218810730639653, -2.8732077247163583, 0.8973693852828737, 0.9794851932898213, -1.3822474696373048, 3.5812280401434573, 3.1134501887890593, 1.806811689010192, -0.4698544586699112, -1.800754731480185, -0.057947630281001895, -0.6928176604636885, 1.6440027425907078, -0.26529045706915544, -0.31274608603382886, -0.5696027275038059]",-2.037166,4.764554
1364461,267811,Sean Vinberg,1994-09-29,185.0,,USA,CB,,,975.0,0.0,0.276923077,0.184615385,0.184615385,0.0,29.07692308,80.76923077,2.307692308,38.46153846,0.369230769,0.0,0.092307692,100.0,0.092307692,50.0,4.153846154,54.87804878,1.661538462,52.94117647,52.24615385,0.553846154,0.276923077,0.923076923,8.215384615,1.476923077,0.830769231,0.923076923,1.2,2.769230769,0.0,0.369230769,4.984615385,,,,,,Center Back,0.0,3.000000000833334,2.0000000041666666,2.0000000041666666,0.0,315.0000000333334,25.000000003333334,3.9999999975000002,0.0,0.9999999966666667,0.9999999966666667,45.00000000166667,18.000000005,566.0000000416667,6.000000001666668,3.000000000833334,9.999999999166667,88.99999999583333,16.00000000083333,9.0000000025,9.999999999166667,13.0,29.9999999975,0.0,3.9999999975000002,54.000000004166665,Center Back,16.084788029925186,18.59636622728892,68.34698966868544,38.97399358745992,15.995724973281083,16.672604203776274,27.057356608478806,30.156750979693626,27.591734948343426,72.31920199501248,23.51264695404346,72.1767011043819,98.111863199145,30.81581759885999,23.815461346633416,37.994299964374775,27.057356608478806,27.28892055575347,22.62201638760242,16.351977199857497,20.60919130744567,23.726398289989312,77.02173138582116,40.505878161738515,60.24225151407197,23.940149625935163,76.2023512646954,27.71642322764517,20.76950480940506,22.728892055575347,46.45529034556466,42.00213751335946,16.084788029925186,9.583184894905592,47.666547915924475,29.105806911293197,15.995724973281083,4.346277164232276,9.476309226932669,40.07837548984681,23.51264695404346,52.68970431065194,16.38760242251514,10.936943355895973,11.008193801211258,3.4200213751335946,9.618810117563235,48.343427146419664,42.75026718916993,8.763804773779835,21.767011043819025,7.160669754185964,33.238332739579626,70.82294264339151,5.308158175988599,22.728892055575347,20.59137869611685,16.351977199857497,"[3.5412307882610237, -1.8249340612707483, -0.6394189880403447, 0.18367608804767116, 1.1091072822290993, -1.194621832557377, 2.156409330022786, 3.717047820184797, 2.837828025374581, -0.6610377527873362, -1.2514901267026035, 0.42586469410647126, -0.3891044008552739, 0.5387095801954201, -0.14861057563359767, -0.07690240933872221, -0.509539832768991]",-2.0554516,4.8273664
1555042,1209973,Nathan Paull,2003-08-21,193.0,left,Australia,CB,,325000.0,1148.0,0.016996516,0.235191638,0.078397213,0.156794425,0.007754016,42.33449477,84.63949843,2.273519164,35.80246914,0.156794425,0.0,0.156794425,100.0,0.0,62.5,4.31184669,55.0,2.195121951,57.14285714,66.32404181,0.391986063,0.235191638,0.391986063,12.22996516,1.724738676,1.724738676,0.940766551,0.862369338,2.743902439,0.078397213,0.783972125,7.839721254,,,,,,Center Back,0.2168000040888889,3.0000000047111115,1.0000000058222223,1.9999999988888888,0.09890678186666667,539.9999999551111,29.000000003022226,1.9999999988888888,0.0,1.9999999988888888,0.0,55.00000000133334,27.9999999972,845.9999999764444,5.0000000036,3.0000000047111115,5.0000000036,156.00000004088892,22.000000000533337,22.000000000533337,12.00000000608889,11.000000000266668,34.999999999688896,1.0000000058222223,9.999999994444446,99.99999999546667,Center Back,42.96401852511578,13.2703954399715,30.958318489490562,33.29177057356609,36.58710366939793,55.53972212326327,48.84218026362665,29.21268257926612,16.975418596366225,25.20484503028144,23.51264695404346,83.02458140363377,98.111863199145,5.985037406483791,49.946562166013535,43.78339864624154,27.73423583897399,49.98218738867118,39.579622372639825,59.74349839686498,9.494121838261488,31.136444602778766,23.459209120057,96.24153900961882,75.98859992874955,92.12682579266121,77.94798717491985,60.40256501603135,19.70074812967581,69.34449590309939,92.51870324189527,93.24902030637692,39.793373708585676,10.776629853936587,30.851442821517633,25.632347702173135,34.627716423227646,27.3957962237264,14.57071606697542,15.194157463484148,23.51264695404346,72.10545065906662,5.985037406483791,20.377627360171,27.680798004987533,24.403277520484504,7.249732810830068,45.1193444959031,15.781973637335234,49.732810830067685,41.32525828286427,56.89348058425365,46.4909155682223,79.1058069112932,10.15318845742786,63.680085500534375,66.83291770573567,55.504096900605624,"[5.615743835912303, -1.1890499575788798, 0.18943601339429464, 0.681639985238812, 1.4132058848676283, -0.2664749622361668, 2.9157606078071416, 2.616622421281517, 3.238653342816842, -0.04809990499110404, -1.9973232045262466, 0.2701899028058056, -0.8782162715048979, 0.33877346665062985, -0.18383634778597935, 0.34835256357383093, -0.5404740784407507]",-2.02999,4.768932
1295825,10015,Dominic Vincze,2004-03-01,188.0,right,Austria,CB,LWB,400000.0,2054.0,0.074274103,0.438169426,0.131450828,0.306718598,0.026856731,24.18695229,80.1161103,1.621226874,45.12195122,0.219084713,0.087633885,0.043816943,100.0,0.438169426,58.82352941,5.038948393,56.65024631,2.015579357,57.5,48.37390458,0.701071081,0.525803311,0.481986368,8.719571568,2.103213242,1.183057449,0.657254138,0.701071081,2.935735151,0.043816943,0.876338851,4.776046738,,,,,,Center Back,1.6951000840222221,10.000000011155555,3.000000007911111,7.000000003244445,0.6129302830444444,552.0000000406667,36.999999991066666,5.000000005577777,1.9999999976666667,1.0000000102444444,10.000000011155555,114.99999999135557,45.99999999197778,1104.0000000813334,16.000000004155556,12.000000008822223,10.999999998577778,199.00000000746667,47.999999989644444,27.000000002733337,14.99999999391111,16.000000004155556,67.00000000171111,1.0000000102444444,19.99999999948889,108.99999999835555,Center Back,86.07053794086214,42.42964018525115,51.050944068400426,61.45350908443178,65.37228357677235,7.231920199501247,24.260776629853936,9.618810117563235,55.34378339864624,40.292126825792664,80.60206626291414,52.29782686141788,98.111863199145,88.38617741360883,37.88742429640185,64.62415390096187,37.31742073387959,42.50089063056644,41.21838261489134,8.656929105806912,32.810830067687924,4.1681510509440685,34.12896330602066,53.045956537228356,90.4168151050944,60.58069112931956,43.676522978268615,75.73922337014606,28.001425008906306,53.66939793373709,95.15496971856075,37.1571072319202,86.56929105806911,57.92661204132526,65.79978624866405,71.46419665122907,70.11043819023868,28.96330602066263,25.935162094763093,55.646597791236196,81.04738154613467,67.1179194869968,92.55432846455291,72.39045244032776,57.5347345920912,46.954043462771644,49.946562166013535,3.4912718204488775,48.07623797648735,67.79479871749199,89.6330602066263,70.09262557890987,58.95974349839687,55.86034912718204,55.219095119344495,66.81510509440683,95.72497328108301,61.63163519771998,"[3.1672797007954117, -1.3395536122069915, 0.42450700803392327, 0.28072265242362576, 1.2405400001681357, -0.7711036860720871, 2.4398979029373704, 3.0518257476046617, 3.3020182272241443, 0.4271989864157514, -2.2328650809523607, -0.3137295637780214, 0.7026365298763003, -0.24715804790381293, -0.6581830423839536, -0.3685226540238117, -0.3093626799738637]",-2.0230038,4.866911
1122594,10001,Seiji Kimura,2001-08-24,186.0,right,Japan,CB,LB,1500000.0,1839.0,0.04247961,0.783034258,0.097879282,0.636215334,0.011380891,45.51386623,87.81869688,2.544861338,48.14814815,0.146818923,0.048939641,0.048939641,100.0,0.048939641,50.0,4.013050571,58.57142857,2.104404568,57.33333333,66.26427406,1.272430669,0.244698206,0.489396411,7.683523654,1.370309951,0.734094617,0.44045677,0.489396411,2.593800979,0.048939641,0.587275693,5.138662316,,,,,,Center Back,0.868000031,16.000000005133334,1.9999999955333334,12.9999999914,0.23254953943333334,929.9999999663333,52.00000000646667,2.9999999933,0.9999999977666667,0.9999999977666667,0.9999999977666667,82.00000000076666,43.000000006133334,1353.9999999593335,26.000000003233335,5.0000000092666665,9.9999999981,156.99999999673332,27.99999999876667,15.000000007366667,9.000000000333333,9.9999999981,53.000000004233335,0.9999999977666667,11.999999993633335,104.99999999026666,Center Back,65.40790879942999,82.08051300320626,40.00712504453153,93.72996081225507,42.42964018525115,64.87353045956537,73.10295689348058,39.93587459921625,67.77698610616316,22.693266832917704,59.796936230851436,54.221588884930526,98.111863199145,15.639472746704666,23.815461346633416,33.523334520840756,49.750623441396506,45.99216245101532,40.47025293908087,59.422871392946206,75.20484503028145,29.408621303883148,34.8414677591735,28.99893124332027,52.36907730673317,15.26540790879943,16.53010331314571,91.12931955824723,14.713216957605985,55.753473459209125,78.01923762023513,47.20342002137513,66.76166726042038,81.54613466334165,37.299608122550765,91.20057000356252,45.38653366583541,66.61916636978981,50.58781617385109,24.225151407196293,58.47880299251871,53.68721054506591,17.100106875667972,49.19843249020307,54.64909155682223,62.34413965087282,76.0242251514072,24.634841467759173,42.162451015318844,49.946562166013535,57.71286070537941,31.492696829355182,27.823298895618098,83.36302101888137,36.26647666547916,53.58033487709298,76.4517278232989,58.532240826505166,"[3.69409179337212, -1.710100851891733, -0.9716359575293189, 2.0711367659963487, 0.5791752572574321, -0.9334304838481272, 2.3244889160554307, 3.2696065668654595, 1.9702587887369387, 0.10014801295342927, -2.2261121982549166, 0.7749651327373385, -0.09641894046959883, -0.4737726476903995, -1.2012555385286376, -0.7484222070783798, 0.5979535047664298]",-2.1395931,4.92736
1110599,10000,Anton Tanghe,1999-01-28,194.0,right,Belgium,CB,,700000.0,1664.0,0.003364183,0.270432692,0.162259615,0.108173077,0.049653801,38.34735577,86.25304136,4.597355769,59.85915493,0.378605769,0.054086538,0.054086538,100.0,0.054086538,100.0,2.866586538,46.49122807,1.730769231,45.71428571,57.27764423,1.081730769,0.054086538,0.378605769,8.978365385,0.757211538,0.594951923,1.027644231,0.757211538,2.109375,0.0,0.486778846,6.598557692,,,,,,Center Back,0.062200005688888886,4.99999999431111,2.9999999928888887,2.0000000014222223,0.9180436095999999,709.0000000142221,84.99999999573332,6.999999995733332,0.9999999914666666,0.9999999914666666,0.9999999914666666,52.99999999146666,32.00000000426667,1058.9999999857778,19.99999999573333,0.9999999914666666,6.999999995733332,166.00000000711108,13.999999991466664,10.999999998577776,19.000000004266663,13.999999991466664,38.99999999999999,0.0,8.999999997155555,121.9999999943111,Center Back,33.38083363021019,17.52760954755967,61.275382971143564,24.759529747060917,86.39116494478091,43.85464909155682,61.275382971143564,90.63056644104026,95.58247239045244,73.63733523334521,62.43320270751692,56.519415746348415,98.111863199145,16.85073031706448,92.67901674385465,6.6975418596366225,2.7965799786248664,30.121125757035983,7.338795867474173,29.711435696473103,65.69291058069113,83.9864624153901,21.784823655147846,58.42536515853224,8.906305664410402,7.035981474884218,85.42928393302458,70.32418952618454,4.631278945493409,22.728892055575347,65.79978624866405,79.23049519059494,33.66583541147132,19.41574634841468,53.81189882436765,27.18204488778055,81.97363733523333,46.98966868542929,81.54613466334165,67.36729604560028,49.41218382614891,47.0074812967581,12.62914143213395,17.70573566084788,35.94584966156039,43.78339864624154,60.45600285001781,88.04773779836124,24.456715354470965,55.005343783398644,14.39258995368721,12.985393658710368,76.13110081938012,68.3291770573566,15.853224082650517,22.728892055575347,60.88350552190951,69.07730673316709,"[4.515691678591919, -1.502119297806685, -2.380620097643817, 2.456235601524036, 1.1260710680992896, -1.6531501010889262, 2.5583747035433735, 2.3003870641962747, 4.145158817086634, 0.2504086755234533, 0.43919689892445823, -0.9254034839428331, -0.44232130520424606, 1.3020913465051378, -1.1396070349992031, -0.07533056695266704, -0.43698111385913657]",-2.0851734,4.7760544
970288,8475,Viktor Boone,1998-01-25,191.0,right,Belgium,CB,,700000.0,2170.0,0.088548387,0.953917051,0.373271889,0.331797235,0.035679825,51.30414747,87.17406624,5.889400922,58.67768595,0.165898618,0.041474654,0.041474654,100.0,0.082949309,100.0,5.101382488,66.12903226,3.069124424,72.54901961,70.83870968,1.078341014,0.331797235,0.746543779,7.548387097,1.202764977,0.580645161,0.497695853,0.829493088,3.732718894,0.0,0.331797235,5.267281106,,,,,,Center Back,2.1349999976666667,23.000000007444445,8.999999990333334,7.999999999444445,0.8602802249999999,1237.00000011,142.00000000822223,4.000000011777778,0.9999999908888889,0.9999999908888889,2.000000005888889,122.99999998844443,74.00000000088889,1708.000000062222,26.000000004222223,7.999999999444445,18.000000004777778,182.00000000544443,29.000000001,13.999999993,12.000000011222223,20.000000010666668,89.99999999977777,0.0,7.999999999444445,127.00000000022223,Center Back,91.44994656216602,91.48557178482366,95.47559672247952,65.30103313145707,75.45422158888493,79.622372639829,68.11542572141076,98.14748842180263,93.94371214820093,27.769861061631634,55.53972212326327,51.157819736373355,98.111863199145,26.825792661204133,92.67901674385465,66.12041325258284,89.34805842536517,76.66547915924474,94.0149625935162,72.6754542215889,65.40790879942999,16.405415033843962,63.05664410402565,26.380477377983613,39.04524403277521,6.163163519771999,23.405771286070536,63.074456715354465,62.91414321339508,22.728892055575347,39.18774492340577,50.87281795511222,92.58995368721055,92.87495546847168,96.08122550765941,76.38047737798361,79.90737442109013,84.53865336658353,97.39935874599216,47.55967224795155,48.753117206982544,46.562166013537585,39.04524403277521,76.84360527253295,83.18489490559317,78.3398646241539,76.07766298539366,11.827573922337015,74.24296401852511,60.91913074456715,60.45600285001781,23.690773067331673,46.918418240114,39.294620591378695,75.66797292483078,22.728892055575347,55.130032062700394,71.78482365514785,"[4.958107410682053, -1.3709478089724254, -0.06803584044806693, 4.220988187496251, -0.6616301776086612, -1.421685929017219, 1.531180320969088, 2.91321430096252, 3.031249902264007, 0.8313353852543699, 0.2980397585218786, 0.15385506811397984, 0.8534288423120419, 0.31216317020892276, -0.573401650849242, -1.4788107993871398, 0.47258788362595866]",-2.0658197,4.890659
660132,8619,Pantelis Hatzidiakos,1997-01-18,181.0,right,Greece,CB,,22000000.0,2153.0,0.016616349,0.209010683,0.041802137,0.0,0.02471309,70.77101719,90.68023567,3.803994426,50.27624309,0.292614956,0.0,0.041802137,100.0,0.12540641,75.0,3.427775197,64.0625,1.379470506,62.26415094,88.78773804,0.543427775,0.041802137,0.334417092,7.691593126,1.588481189,0.794240595,0.418021366,0.836042731,3.427775197,0.041802137,0.209010683,0.0,,,,,,Center Back,0.39749999329999997,5.000000005544444,1.0000000106777778,0.0,0.5911920307777777,1693.0000001118888,90.99999999086666,7.000000002977777,0.0,1.0000000106777778,3.000000008111111,81.99999999045555,32.999999993533336,2124.000000001333,12.999999995277776,1.0000000106777778,7.999999989733333,184.00000000308887,37.99999999907777,19.0000000115,10.000000011088888,19.999999998255554,81.99999999045555,1.0000000106777778,5.000000005544444,0.0,Center Back,42.465265407908795,10.972568578553615,17.100106875667972,6.359102244389027,62.48664054150338,98.25436408977556,90.95119344495903,78.98111863199145,75.65016031350196,58.26505165657285,23.51264695404346,51.335945849661556,98.111863199145,38.83149269682936,73.99358745992163,17.02885643035269,81.77769861061631,16.351977199857497,61.524759529747065,96.90060562878517,19.344495903099396,86.94335589597435,17.52760954755967,29.35518346989669,67.97292483078019,20.092625578909868,13.92946205913787,62.54007837548985,49.519059494121834,52.40470252939081,17.206982543640898,2.832205201282508,47.5952974706092,24.902030637691485,32.810830067687924,6.359102244389027,68.82793017456359,95.90309939437121,84.60990381189882,70.377627360171,23.51264695404346,67.26042037762736,53.40220876380477,48.87780548628429,36.480228001425004,90.52369077306733,35.197719985749906,73.69077306733168,28.856430352689706,61.77413608835055,77.16423227645173,47.5952974706092,36.19522622016388,41.30744567153545,68.68542928393302,67.08229426433915,33.84396152475953,2.832205201282508,"[5.1030967979887105, 0.6812347907716415, -1.9367901839272672, 2.7385589680400044, -0.5128049715238356, -1.0886139418024423, 1.679090921441249, 3.201828921216567, 2.4494844055760616, -0.39733060861981445, -0.5067528606730174, 1.7638145689080384, 0.5420752258310598, -1.1358309537873035, -0.3146998114180357, -1.400199164226666, 0.3968391544619705]",-2.0754795,4.926581
1024169,8595,Frederik Alves Ibsen,1999-11-08,189.0,right,Denmark,CB,,2800000.0,1231.0,0.061091797,0.511779041,0.219333875,0.292445167,0.040778149,58.19658814,90.76396807,3.509341998,56.47058824,0.146222583,0.0,0.073111292,100.0,0.0,62.5,3.509341998,62.33766234,2.339561332,62.74509804,76.0357433,1.169780666,0.073111292,0.365556458,8.992688871,0.8773355,2.047116166,0.8773355,0.511779041,4.094232331,0.073111292,0.146222583,5.190901706,,,,,,Center Back,0.8356000234111112,6.999999994122223,3.000000001388889,4.000000006411111,0.5577544602111111,796.0000000037778,47.99999999486666,1.9999999963666664,0.0,1.0000000050222222,0.0,47.99999999486666,31.999999996577777,1040.0000000255554,15.999999998288889,1.0000000050222222,4.999999997755555,123.00000000223334,12.000000005555556,28.00000000384444,12.000000005555556,6.999999994122223,55.999999994011105,1.0000000050222222,1.9999999963666664,71.00000000095555,Center Back,79.15924474527965,54.3640897755611,77.43142144638404,59.06661916636979,80.69112931955826,90.2386889918062,91.34307089419309,72.21232632703955,91.20057000356252,22.657641610260065,23.51264695404346,64.94478090488064,98.111863199145,5.985037406483791,49.946562166013535,18.952618453865338,73.19201995012469,55.14784467402921,63.37727110794442,84.39615247595297,70.60919130744567,77.87673672960456,20.27075169219808,58.817242607766296,14.748842180263628,97.4349839686498,72.06982543640898,90.14962593516209,75.84609903811898,66.7794798717492,8.728179551122196,48.770929818311366,65.47915924474528,34.12896330602066,61.04381902386889,50.80156750979694,67.22479515496971,55.71784823655148,43.49839686498041,13.786961168507302,23.51264695404346,63.680085500534375,5.985037406483791,12.789454934093339,34.55646597791236,42.10901318133239,48.12967581047381,75.86391164944781,13.555397221232631,29.604560028500178,11.560384752404703,72.46170288564304,46.24153900961881,94.85215532597078,40.399002493765586,63.11008193801211,5.09440684004275,30.958318489490562,"[5.778425126526746, -0.7918130162099972, -1.0833907632903708, 3.273444684589907, 0.04576640117618078, -0.510464688294429, 2.380997684863087, 2.5584340219605743, 2.4278875970219698, -0.23880699000996347, -2.104971914559827, 1.0711853205829112, 0.22173285162768816, 0.48291394319372777, 1.1221316207910925, -0.33505835165309084, -0.20914361218736727]",-2.0765824,4.854124
1436878,8470,Cornelius Olsson,2006-02-27,190.0,,Denmark,CB,,700000.0,1457.0,0.0,0.432395333,0.123541524,0.370624571,0.0,65.84763212,91.34532991,3.335621139,48.64864865,0.308853809,0.123541524,0.061770762,100.0,0.061770762,33.33333333,4.632807138,59.52380952,2.717913521,59.45945946,86.17021277,0.803019904,0.185312286,0.494166095,8.956760467,1.35895676,0.741249142,0.864790666,0.617707618,3.644474949,0.0,0.370624571,5.991763898,,,,,,Center Back,0.0,7.000000002011111,2.0000000052,5.999999999411112,0.0,1065.999999987111,53.999999994700005,4.999999996811111,2.0000000052,1.0000000026,1.0000000026,75.00000000073335,44.00000000107778,1395.0000000654447,13.000000001422222,3.0000000078,8.000000004611111,145.00000000465556,21.999999992444447,11.999999998822224,14.000000004022223,9.999999993622222,59.00000000770001,0.0,5.999999999411112,96.9999999931778,Center Back,16.084788029925186,41.39650872817955,47.880299251870326,71.10794442465266,15.995724973281083,96.29497684360527,93.76558603491272,67.18916993231207,69.39793373708586,61.73851086569291,89.8111863199145,60.11756323477022,98.111863199145,18.988243676522977,6.7866049162807265,52.867830423940156,56.519415746348415,68.11542572141076,49.32312076950481,95.72497328108301,42.768079800498754,41.64588528678304,35.26897043106519,57.92661204132526,51.69219807623797,15.995724973281083,70.60919130744567,83.25614535090844,59.565372283576764,22.728892055575347,46.775917349483436,67.58104738154613,16.084788029925186,37.94086213038831,48.84218026362665,63.19914499465622,15.995724973281083,75.7748485928037,52.68970431065194,50.445315283220516,86.49804061275384,60.47381546134664,22.12326327039544,42.572141075881724,55.43284645529034,64.5529034556466,37.03241895261846,43.37370858567866,34.022087638047736,44.10402565016031,39.33024581403634,16.636978981118634,57.214107588172425,84.46740292126826,45.564659779123616,22.728892055575347,38.68899180619879,53.152832205201285,"[5.278762381737936, -0.6722642692955203, -0.6191567133153247, 2.901360204724571, 0.28584358521056713, -0.8055347573725214, 2.457362089401613, 3.3959748521009567, 1.0656159270393273, -0.7820764048055991, -2.2010299922124448, 1.7400132056552673, -1.0328931396675676, 0.3979411840979171, -1.259130234901547, -0.8935135148209349, -0.41210533813770067]",-2.0977962,4.8687882
1797218,205189,Mohamed Ragab,1999-04-13,,right,Egypt,CB,,350000.0,1429.0,0.001152554,0.062981106,0.0,0.062981106,0.026433549,26.89293212,73.87543253,3.904828551,39.24050633,0.125962211,0.0,0.062981106,100.0,0.188943317,100.0,3.77886634,68.18181818,1.637508747,59.09090909,45.91322603,0.44086774,0.125962211,0.566829951,6.172148355,1.385584325,0.503848845,0.503848845,0.503848845,2.897130861,0.062981106,0.0,3.77886634,,,,,,Center Back,0.01829999628888889,1.0000000052666667,0.0,1.0000000052666667,0.41970601690000003,426.99999999422226,61.999999993100005,1.9999999946555556,0.0,1.0000000052666667,2.999999999922222,59.999999998444444,25.999999994033335,728.9999999652222,7.0000000051111115,1.9999999946555556,8.999999999766667,97.99999999216666,22.00000000472222,7.999999994500001,7.999999994500001,7.999999994500001,46.0000000041,1.0000000052666667,0.0,59.999999998444444,Center Back,32.418952618453865,1.10438190238689,7.249732810830068,16.81510509440684,64.69540434627716,12.041325258282864,8.40755254720342,81.08300676879232,30.887068044175276,18.453865336658353,23.51264695404346,61.079444246526535,98.111863199145,54.934093338083365,92.67901674385465,26.184538653366584,94.70965443534021,26.14891343070894,47.61311008193802,5.450659066619166,12.646954043462772,59.83256145350908,44.03277520484503,6.804417527609548,53.259707873174214,3.4912718204488775,24.260776629853936,90.4168151050944,26.505165657285357,62.308514428215176,0.40969006056287854,17.563234770217313,32.34770217313858,2.7431421446384037,7.249732810830068,20.12825080156751,58.60349127182045,13.92946205913787,61.73851086569291,12.753829711435696,23.51264695404346,63.85821161382259,47.5952974706092,25.89953687210545,23.477021731385822,13.644460277876735,13.53758460990381,71.0545065906662,37.406483790523694,13.359458496615604,42.00213751335946,3.99002493765586,19.91449946562166,91.84182401140008,26.469540434627714,63.30602066262914,0.40969006056287854,20.55575347345921,"[4.10117960163833, -1.9478617569936503, -1.2261082315489447, 1.2542392084946634, 1.5290952961002253, -1.3005593785597986, 0.1425678650407609, 3.5132897486238805, 4.330145763101142, 0.6047618260477546, 0.3147947629512171, 0.31112455802606703, 1.8315175313701235, 0.3326298777768968, -0.06732366752157375, -0.9643650340534364, 0.6663200995264408]",-2.0496607,4.656164
660497,101762,Mohamed Hashem,1995-10-29,,,Egypt,CB,,250000.0,1222.0,0.04930851,0.294599018,0.0,0.220949264,0.015407405,36.82487725,82.23684211,3.240589198,39.28571429,0.220949264,0.0,0.073649755,100.0,0.220949264,100.0,4.713584288,60.95238095,2.577741408,54.6875,55.97381342,0.662847791,0.147299509,1.252045827,6.628477905,0.662847791,0.8101473,0.589198036,0.515548282,2.872340426,0.0,0.220949264,4.566284779,,,,,,Center Back,0.6694999913333333,3.9999999999555556,0.0,3.0000000067555557,0.20919832122222223,499.9999999944444,43.99999999951111,3.0000000067555557,0.0,1.0000000067777777,3.0000000067555557,63.99999999928889,35.0000000064,759.9999999915556,9.00000000668889,1.9999999999777778,17.000000006599997,89.999999999,9.00000000668889,11.000000006666667,7.999999999911111,7.000000006711112,39.000000006355556,0.0,3.0000000067555557,61.99999999931111,Center Back,71.3216957605985,20.8051300320627,7.249732810830068,45.99216245101532,48.69967937299608,39.25899536872105,34.59209120057,64.37477734235839,31.136444602778766,40.89775561097257,23.51264695404346,65.22978268614179,98.111863199145,62.20163876024225,92.67901674385465,55.325970787317424,65.37228357677235,63.41289633060207,28.660491628072677,26.576416102600643,29.070181688635554,52.58282864267901,90.91556822230139,11.827573922337015,5.023156394727467,21.517634485215535,34.413965087281795,89.84681154257214,24.902030637691485,22.728892055575347,18.863555397221234,31.848949055931598,59.06661916636979,15.354470965443534,7.249732810830068,40.64837905236908,43.462771642322764,22.479515496971857,38.0121125757036,35.05521909511934,23.51264695404346,65.33665835411472,52.867830423940156,30.28143925899537,41.36088350552191,15.995724973281083,21.980762379764872,66.24510153188457,72.21232632703955,9.262557890986818,4.809405058781618,15.158532240826506,22.194513715710723,92.48307801923762,16.458852867830423,22.728892055575347,17.189169932312076,22.408265051656574,"[4.131209364665918, -2.029108384264833, -0.7620812626735972, 1.8995398717693488, 0.654887707885952, -1.3296641237330735, 0.35678854939815224, 3.3829974184415152, 4.289227315400165, 0.061912577571855365, -0.09011931205506375, 0.3510242947369405, 0.35462532805769437, 0.24296746583232748, -0.45659633098209496, -0.9251289723490612, 0.7931963873815377]",-2.0936716,4.6803718
1201031,205190,Mohamed Ragab,1999-04-16,185.0,,Egypt,CB,,0.0,900.0,0.08161,1.0,0.2,0.6,0.035206561,42.3,80.41825095,4.0,36.69724771,0.3,0.0,0.1,100.0,0.0,62.5,4.0,54.05405405,2.9,61.70212766,61.9,1.4,0.0,0.5,5.8,0.6,1.2,0.4,1.5,2.2,0.0,0.1,3.6,,,,,,Center Back,0.8161,10.0,2.0,6.0,0.35206561,423.0,40.0,3.0,0.0,1.0,0.0,40.0,29.0,619.0,14.0,0.0,5.0,58.0,6.0,12.0,4.0,15.0,22.0,0.0,1.0,36.0,Center Back,89.02743142144638,92.82151763448522,72.88920555753474,92.30495190594942,74.9198432490203,55.397221232632695,25.6857855361596,82.54364089775561,20.30637691485572,60.08193801211258,23.51264695404346,74.7417171357321,98.111863199145,5.985037406483791,49.946562166013535,33.095831848949054,22.532953330958318,73.19201995012469,58.85286783042394,45.24403277520484,80.79800498753117,94.40684004275026,36.15960099750624,4.1681510509440685,3.526897043106519,62.005700035625225,12.272889205557535,10.491628072675455,6.074100463127895,22.728892055575347,5.023156394727467,15.069469184182402,64.83790523690773,55.7356608478803,42.69682935518347,63.73352333452084,53.75846099038119,13.288208051300321,31.938012112575702,29.622372639829,23.51264695404346,57.018168863555395,5.985037406483791,6.946918418240114,29.69362308514428,6.448165301033132,41.093694335589596,94.40684004275026,14.784467402921267,0.6768792304951906,1.193444959030994,17.22479515496972,4.257214107588172,62.094763092269325,1.086569291058069,22.728892055575347,2.725329533309583,7.4456715354470955,"[3.3031350376649944, -2.826839425369184, -0.7825527732733637, 2.04805009739388, 0.43071489778793826, -0.6848876091010028, 2.6580005291074653, 3.6345929008524225, 2.1054278589749305, -0.07730428614276737, 0.12066503915937943, 1.1827384082931647, -0.08352539479914331, -0.23760077274509556, 0.7672810374818473, -1.1586167989867078, 0.4925792220010943]",-2.1330798,4.930243
769895,10260,Matthijs de Ligt,1999-08-12,187.0,right,Netherlands,CB,,30000000.0,1170.0,0.111992304,0.846153846,0.230769231,0.461538462,0.058922791,41.30769231,87.74509804,1.615384615,47.72727273,0.230769231,0.153846154,0.307692308,80.0,0.076923077,50.0,5.692307692,62.71186441,3.846153846,61.72839506,60.84615385,1.384615385,0.076923077,0.384615385,8.384615385,1.461538462,1.153846154,0.538461538,0.461538462,3.076923077,0.076923077,0.461538462,5.230769231,,,,,,Center Back,1.455899952,10.999999998,3.000000003,6.000000006,0.765996283,537.00000003,20.999999995,3.000000003,2.000000002,4.000000004,1.000000001,73.999999996,49.999999998,791.00000005,18.000000005,1.000000001,5.0000000049999995,109.000000005,19.000000006,15.000000002,6.9999999939999995,6.000000006,40.000000001000004,1.000000001,6.000000006,68.000000003,Center Back,96.04560028500178,86.35553972212327,79.85393658710368,82.57926612041325,91.05806911293196,52.40470252939081,72.49732810830068,9.51193444959031,66.0135375846099,43.2312076950481,93.87246170288564,92.91058069112933,96.08122550765941,24.242964018525115,23.815461346633416,79.12361952262201,75.00890630566441,89.24118275739224,58.97755610972568,42.35838973993587,80.21018881368008,76.52297826861418,22.639828998931243,44.42465265407909,59.120057000356255,57.89098681866761,27.85892411827574,92.91058069112933,34.27146419665123,68.72105450659066,61.471321695760594,49.80406127538297,81.97363733523333,60.04631278945494,62.326327039544,65.79978624866405,76.70110438190238,27.00391877449234,4.987531172069826,32.32988956180976,84.34271464196651,87.95867474171713,20.698254364089774,40.91556822230139,63.55539722123263,18.738867117919487,56.038475240470255,79.74706091913075,16.423227645172783,20.59137869611685,31.973637335233345,30.370502315639474,13.822586391164945,95.40434627716424,17.43854649091557,57.9622372639829,41.699323120769506,28.001425008906306,"[3.557792245378755, -1.9212280594144369, 0.5333665308320049, 2.180097701590132, 0.8300354895139657, 0.051175745484117005, 1.526852425606393, 2.3088292916229562, 1.413632845767785, -0.2568958920471601, -2.1566126621203816, 0.472652309483997, 0.5399988050573851, -0.6520629640347402, -0.6884874031448605, -0.41714821316625966, 0.09081606870049405]",-2.0046284,4.76513
1203661,8535,Radu Dragusin,2002-02-03,191.0,right,Romania,CB,,9000000.0,1251.0,0.008928058,0.35971223,0.071942446,0.0,0.011208488,51.22302158,85.16746411,1.798561151,28.73563218,0.287769784,0.071942446,0.071942446,100.0,0.0,62.5,3.81294964,59.5505618,2.446043165,59.64912281,70.79136691,0.863309353,0.143884892,0.71942446,6.258992806,0.71942446,1.079136691,1.151079137,0.431654676,3.45323741,0.0,0.431654676,0.0,,,,,,Center Back,0.12410000619999999,4.999999997000001,0.9999999994,0.0,0.15579798320000002,711.9999999620001,24.999999998899998,3.9999999976,0.9999999994,0.9999999994,0.0,52.999999996,33.9999999935,984.0000000489999,12.0000000067,1.9999999988,9.999999994000001,87.0000000034,9.999999994000001,15.0000000049,16.0000000043,5.999999996400001,47.999999998999996,0.0,5.999999996400001,0.0,Center Back,36.65835411471321,30.495190594941217,28.37548984681154,6.359102244389027,42.10901318133239,79.26612041325258,52.867830423940156,14.214463840399002,3.918774492340577,57.214107588172425,73.24545778411114,64.58852867830423,98.111863199145,5.985037406483791,49.946562166013535,27.00391877449234,56.822230138938366,58.95974349839687,50.03562522265764,72.49732810830068,48.05842536515853,53.82971143569647,60.42037762736017,7.51692198076238,7.51692198076238,50.32062700391877,91.52119700748129,94.22871392946206,50.837192732454575,22.728892055575347,57.24973281083007,2.832205201282508,36.123975774848596,20.59137869611685,22.657641610260065,6.359102244389027,38.93836836480228,47.167794798717495,8.941930887068045,40.14962593516209,60.97256857855362,55.71784823655148,5.985037406483791,17.901674385464908,37.94086213038831,37.014606341289635,34.022087638047736,67.22479515496971,40.71962949768436,7.944424652654079,5.058781617385109,30.958318489490562,65.22978268614179,96.8293551834699,28.660491628072677,22.728892055575347,37.17491984324902,2.832205201282508,"[4.299386284047785, -0.8350641962149318, -1.3726440225022116, 1.2862752655220797, 0.848509046555404, -0.48142050845510737, 1.2234335765226303, 3.631239549975816, 2.992686429158761, -0.31473312480319837, -1.4368469364269403, 1.8637654602825893, -0.39491227511915084, -0.46896213915399226, -0.5441908806057978, -0.5567670325641659, -0.1945460222013951]",-2.1041594,4.9119496
1426170,8455,Mamadou Sarr,2005-08-29,194.0,right,Senegal,CB,,22000000.0,2368.0,0.029607263,0.190033784,0.0,0.0,0.011703458,60.39273649,93.85705848,2.052364865,54.0,0.190033784,0.038006757,0.038006757,100.0,0.380067568,52.63157895,3.344594595,51.4619883,1.140202703,50.0,76.01351351,0.494087838,0.380067568,0.418074324,7.525337838,1.40625,0.950168919,0.760135135,1.102195946,3.724662162,0.038006757,0.304054054,0.0,,,,,,Center Back,0.7789999864888889,5.000000005688889,0.0,0.0,0.3079309838222222,1589.0000000924442,54.00000000355555,5.000000005688889,1.0000000064,1.0000000064,10.000000011377779,88.00000001066665,30.00000000782222,1999.9999999075553,13.000000004266667,10.000000011377779,10.999999991466666,198.00000000426664,37.0,25.000000002133334,19.999999996444444,29.00000000142222,97.99999999573333,1.0000000064,7.999999998577778,0.0,Center Back,53.90096188101175,8.799429996437476,7.249732810830068,6.359102244389027,43.070894193088705,92.41182757392234,99.10936943355895,21.125757035981472,85.82116138225864,33.594584966156035,53.40220876380477,49.519059494121834,98.111863199145,84.71677947987175,30.851442821517633,15.247595297470609,11.987887424296401,9.903811898824367,15.425721410758817,84.36052725329533,16.066975418596368,12.005700035625223,26.36266476665479,25.935162094763093,55.04096900605629,35.62522265764161,58.35411471321695,36.15960099750624,62.55789098681866,50.445315283220516,34.27146419665123,2.832205201282508,63.19914499465622,24.93765586034913,7.249732810830068,6.359102244389027,50.73031706448165,94.15746348414677,53.437833986462415,55.68222301389384,72.24795154969719,64.94478090488064,92.58995368721055,53.97221232632704,32.133950837192735,87.4242964018525,37.76273601710011,5.771286070537941,46.09903811898825,67.36729604560028,75.82828642679017,65.65728535803349,77.734235838974,18.09761311008194,80.65550409690061,64.19665122907018,54.613466334164585,2.832205201282508,"[3.8849754480198655, 0.6052457480935945, -2.138594600242422, 1.4441687681890354, -0.25891269852754595, -1.6239827021817868, 2.7291163707619295, 2.811878552929397, 2.5490372741229104, -1.3605604447777468, -1.4680062759243193, 1.7000437630072653, -0.021419848543353028, -0.672662298857174, -0.3165039923215766, -0.9476798003331793, -0.4523255996946223]",-2.081154,4.9221554
1290962,8586,Ashley Phillips,2005-06-26,192.0,right,Wales,CB,,35000000.0,3342.0,0.051401256,0.430879713,0.13464991,0.403949731,0.021807505,40.44883303,85.53530752,1.885098743,39.5480226,0.161579892,0.053859964,0.026929982,100.0,0.0,62.5,4.174147217,62.24899598,3.500897666,67.01030928,59.94614004,1.31956912,0.0,0.188509874,9.048473968,0.511669659,0.861759425,0.888689408,0.700179533,1.831238779,0.026929982,0.053859964,6.786355476,,,,,,Center Back,1.9086999728,16.0000000094,4.9999999913333335,15.000000011133332,0.8097853523333334,1501.9999998473334,69.99999999006667,5.9999999896,1.9999999965333335,0.9999999982666667,0.0,154.99999999126666,129.99999999746666,2226.000000152,48.99999998933333,0.0,6.9999999878666666,336.00000001173333,19.0000000042,31.99999998166667,33.00000001706667,25.999999992066666,67.99999999353334,0.9999999982666667,1.9999999965333335,252.0000000088,Center Back,73.20983256145351,41.075881724260775,52.08407552547203,75.91734948343426,58.67474171713574,49.732810830067685,55.753473459209125,16.56572853580335,32.205201282508014,26.487353045956535,62.05913786961168,45.457784111150694,98.111863199145,5.985037406483791,49.946562166013535,38.795867474171715,72.74670466690417,84.78802992518703,81.04738154613467,39.33024581403634,77.44923405771286,94.40684004275026,5.415033843961525,60.010687566797294,2.3156394727467045,26.825792661204133,73.24545778411114,75.84609903811898,1.7456359102244388,45.885286783042396,1.2825080156750979,82.29426433915212,89.95368721054507,81.75988599928749,77.94798717491985,95.43997149982188,77.94798717491985,92.16245101531885,70.11043819023868,57.9622372639829,80.60206626291414,54.132525828286425,5.985037406483791,88.49305308158176,96.36622728892056,92.94620591378695,94.65621660135376,94.40684004275026,23.44139650872818,95.58247239045244,31.59957249732811,79.76487353045957,97.2568578553616,25.47203420021375,55.753473459209125,53.95439971499821,5.1300320627003915,97.11435696473103,"[4.69385159026227, -3.4541409134793626, -0.6707050644648224, 2.4564527619298127, 1.6885449036732576, -0.647279613936563, 1.728052003190616, 3.1513353404967948, 2.73146162017103, -0.6713738077714723, -1.3089363250106418, 1.0823239195789789, -0.024730432614356077, -0.30554686795678776, -0.615201654177292, 0.03346946567252926, -0.6010566272052583]",-2.0498586,4.782459
798629,8462,Josh Knight,1997-09-07,192.0,right,England,CB,,800000.0,972.0,0.037731481,0.37037037,0.0,0.277777778,0.020537505,29.81481481,79.11547912,2.037037037,37.93103448,0.092592593,0.0,0.092592593,100.0,0.37037037,100.0,4.351851852,56.62650602,2.87037037,51.66666667,51.2962963,1.388888889,0.0,0.555555556,9.537037037,0.555555556,0.740740741,0.648148148,0.648148148,3.796296296,0.0,0.0,7.592592593,,,,,,Center Back,0.4074999948,3.999999996,0.0,3.0000000023999998,0.22180505400000003,321.99999994800004,21.999999999600004,1.0000000044000001,0.0,1.0000000044000001,3.999999996,47.00000000160001,30.999999996,554.00000004,15.0000000012,0.0,6.0000000047999995,102.99999999959999,6.0000000047999995,8.0000000028,6.9999999984,6.9999999984,40.9999999968,0.0,0.0,82.00000000440001,Center Back,61.63163519771998,32.04488778054863,7.249732810830068,56.69754185963662,56.679729248307794,18.38261489134307,20.55575347345921,20.59137869611685,25.276095475596723,12.718204488778055,23.51264695404346,72.39045244032776,98.111863199145,83.82614891343071,92.67901674385465,44.780904880655505,37.05023156394727,72.53295333095832,19.558247239045244,13.715710723192021,80.37050231563947,94.40684004275026,42.661204132525825,69.45137157107231,2.7609547559672247,15.924474527965799,42.50089063056644,80.49519059494122,65.26540790879943,22.728892055575347,0.40969006056287854,91.44994656216602,48.236551478446735,13.53758460990381,7.249732810830068,38.61774136088351,44.67402921268258,4.738154613466334,6.1275382971143575,10.010687566797293,23.51264695404346,62.75382971143569,56.80441752760955,12.504453152832204,32.59707873174207,2.8856430352689704,44.994656216601356,94.40684004275026,22.212326327039545,16.690416815105095,1.460634128963306,5.272532953330958,15.354470965443534,93.92589953687211,18.275739223370145,22.728892055575347,0.40969006056287854,40.47025293908087,"[4.272119324524611, -2.8458791356204056, -0.5771875639764134, 1.6763328857491824, 1.5843458938874972, -1.0550509795500824, 0.9089560249053737, 2.61147294768268, 4.776984562238179, 0.17334325784597465, -0.199992082135588, 0.832236590677415, 0.1902928487230298, 0.5540353609170179, -0.108356103506229, -0.7854472778050563, -0.0054566732371570245]",-2.0635138,4.7113433
1405016,9819,Matthew Baker,2003-02-06,186.0,right,Wales,CB,,275000.0,3689.0,0.029120088,0.292762266,0.121984278,0.0,0.016020828,34.98509081,84.20434527,2.317701274,44.39252336,0.195174844,0.048793711,0.024396856,100.0,0.243968555,58.82352941,5.245323936,57.33333333,2.83003524,52.25225225,57.45459474,0.609921388,0.073190567,0.634318243,10.61263215,1.561398753,1.341827053,1.049064787,0.756302521,4.318243426,0.073190567,0.341555977,0.0,,,,,,Center Back,1.1936000514666665,11.999999991933333,5.000000017133333,0.0,0.6566759388,1433.9999999787779,94.99999999762223,7.999999994622221,1.9999999986555552,1.0000000198222223,9.999999993277777,214.99999999893333,116.00000000399999,2354.9999999539996,25.000000003688886,3.0000000184777775,25.99999998252222,435.00000001499996,63.99999999796666,54.99999998352222,42.999999991588886,30.999999999655554,176.9999999834889,3.0000000184777775,13.999999990588888,0.0,Center Back,53.18845742785893,20.520128250801566,47.381546134663346,6.359102244389027,49.661560384752406,33.808336302101885,46.348414677591734,30.637691485571782,52.4759529747061,35.019593872461705,59.74349839686498,45.279657997862486,98.111863199145,66.47666547915925,37.88742429640185,69.50480940505878,41.699323120769506,71.17919486996793,20.98325614535091,30.174563591022448,24.902030637691485,77.84111150694692,52.01282508015675,85.286783042394,66.0135375846099,73.81546134663341,86.99679372996081,70.48450302814393,82.32988956180976,66.90416815105095,40.93338083363021,2.832205201282508,75.56109725685786,64.16102600641254,84.82365514784468,6.359102244389027,72.14107588172426,90.77306733167082,86.74741717135733,74.10046312789454,81.79551122194513,68.00855005343783,90.70181688635553,96.68685429283933,95.08371927324546,94.97684360527253,74.20733879586747,42.32276451727823,86.92554328464553,98.7174919843249,97.75561097256858,98.85999287495547,99.25187032418953,14.018525115781975,99.60812255076594,90.73744210901317,82.82864267901674,2.832205201282508,"[4.126473323264063, -0.7327427375516278, -0.08550861068877186, 0.720502546182656, 0.4465067877629974, -0.811984007129548, 2.020290607810486, 3.196289169768529, 3.2326693557612565, -0.3343684799131831, -1.7924021171639326, 0.9488935167446976, 0.6691880343036523, 0.5507319258710766, 0.22173968072858782, -0.5102964841955755, -0.5205256136904403]",-2.0747492,4.8771114
920384,10198,Joy Mukena,1999-07-03,179.0,right,Belgium,CB,,0.0,1464.0,0.011680328,0.12295082,0.0,0.0,0.029931692,54.15983607,86.71259843,2.950819672,42.10526316,0.06147541,0.06147541,0.06147541,100.0,0.245901639,66.66666667,4.733606557,50.99337748,2.950819672,51.06382979,75.67622951,0.430327869,0.18442623,0.614754098,8.114754098,1.045081967,0.676229508,1.045081967,0.983606557,3.56557377,0.0,0.430327869,0.0,,,,,,Center Back,0.19000000213333332,2.0000000053333333,0.0,0.0,0.4868888565333333,881.0000000719999,47.99999999786667,1.0000000026666667,1.0000000026666667,1.0000000026666667,3.9999999944,76.99999999386667,47.99999999786667,1231.0000000293333,7.000000002399999,3.0000000079999998,9.999999994133333,131.99999999413333,16.999999996533333,10.9999999968,16.999999996533333,15.999999993866666,57.99999999199999,0.0,7.000000002399999,0.0,Center Back,38.51086569291058,4.328464552903456,7.249732810830068,6.359102244389027,69.29105806911294,84.60990381189882,64.65977912361951,55.36159600997507,43.10651941574635,5.682223013893837,66.5122907018169,60.02850017812611,98.111863199145,66.6904168151051,62.57570359814749,56.038475240470255,10.723192019950124,74.38546490915569,17.759173494834343,83.82614891343071,11.72069825436409,41.895261845386536,50.017812611328814,38.582116138225864,25.89953687210545,11.328820805130032,86.53366583541147,48.2009262557891,56.39472746704667,22.728892055575347,57.107231920199496,2.832205201282508,38.65336658354115,5.878161738510865,7.249732810830068,6.359102244389027,62.91414321339508,63.05664410402565,43.60527253295333,9.173494834342714,66.99323120769505,60.723192019950126,55.700035625222654,44.03277520484503,60.74100463127895,55.04096900605629,13.03883149269683,43.03526897043107,40.77306733167082,36.08835055219095,23.67296045600285,12.540078375489847,67.43854649091557,58.56786604916281,42.857142857142854,22.728892055575347,48.11186319914499,2.832205201282508,"[4.288509441983479, -0.45660897209026335, -1.0012057911597931, 1.4700301720937194, 0.1661981022300863, -1.0838953917013274, 2.2319747018032006, 3.136199279260338, 2.9781570585027324, -0.8556036653374005, -0.4412316360224804, 1.5157375607715737, -0.37024088828953206, 0.161651549387906, -1.2030771418143067, -1.3040527309958172, -0.4061022944250426]",-2.1109297,4.901828
1527074,1113567,Tommy Dobson-Ventura,2006-09-03,,,England,CB,,0.0,1695.0,0.0,0.637168142,0.265486726,0.477876106,0.0,59.62831858,89.33969769,3.185840708,47.61904762,0.212389381,0.053097345,0.053097345,100.0,0.10619469,100.0,3.451327434,67.70833333,1.85840708,72.91666667,79.96460177,1.327433628,0.265486726,0.530973451,9.079646018,0.955752212,0.796460177,1.380530973,0.318584071,3.345132743,0.0,0.371681416,5.946902655,,,,,,Center Back,0.0,12.000000007666667,5.000000006333333,8.999999996333333,0.0,1122.9999999233332,60.00000000066667,4.000000008833333,0.9999999974999999,0.9999999974999999,1.9999999949999998,65.000000007,35.00000000666667,1506.0000000016666,24.999999994,5.000000006333333,9.999999993833333,171.00000000566666,17.999999992666666,15.000000000166667,25.999999991499998,6.000000003833334,62.99999999316667,0.0,7.0000000013333326,112.00000000249999,Center Back,16.084788029925186,69.8610616316352,85.53615960099751,84.11115069469184,15.995724973281083,91.59244745279658,83.57677235482723,62.807267545422164,65.55040969006056,38.97399358745992,61.75632347702174,55.9850374064838,98.111863199145,34.34271464196651,92.67901674385465,17.598859992874953,93.836836480228,35.66084788029925,94.46027787673673,89.88243676522978,77.9123619522622,25.133594584966158,39.75774848592803,60.59850374064838,19.095119344495902,20.30637691485572,97.39935874599216,98.2899893124332,46.13466334164589,22.728892055575347,46.847167794798715,66.79729248307802,16.084788029925186,68.22230138938369,82.93551834698967,79.94299964374777,15.995724973281083,79.23049519059494,59.992874955468466,47.20342002137513,58.15817598859992,53.4200213751336,29.800498753117203,31.848949055931598,41.39650872817955,69.54043462771642,73.49483434271464,25.774848592803707,40.6661916636979,57.035981474884224,26.23797648735305,29.996437477734233,89.88243676522978,95.68934805842537,49.234057712860704,22.728892055575347,47.48842180263627,63.66227288920556,"[6.227160126652003, -1.5320824361973593, -0.8031954574671218, 4.045303326050529, 0.5825613026240151, -1.3545869982702832, 1.30072516065499, 2.2646128221774324, 3.620599511301629, 0.6133613214989703, -1.068648669697458, 0.8597091412528887, -0.8135484599616836, -0.24354412114649113, -0.9569104953456545, 0.166915448013318, 0.08426765022123436]",-2.077151,4.8136888
1441892,860801,Sam Amissah,2007-03-07,184.0,both,England,CB,,,1560.0,0.0,0.461538462,0.057692308,0.288461538,0.0,75.17307692,88.10006761,5.019230769,44.61538462,0.115384615,0.0,0.057692308,100.0,0.057692308,100.0,3.807692308,63.46153846,1.730769231,60.0,96.05769231,0.75,0.173076923,0.980769231,7.153846154,1.038461538,1.211538462,0.865384615,0.576923077,4.788461538,0.0,0.346153846,4.038461538,,,,,,Center Back,0.0,8.000000007999999,1.0000000053333333,4.999999992,0.0,1302.9999999466665,86.999999996,1.9999999933333332,0.0,1.0000000053333333,1.0000000053333333,66.00000000533333,30.000000003999997,1665.0000000399998,13.0,2.9999999986666666,17.000000004,124.00000000266665,17.999999992,21.000000008,14.999999993333331,10.000000001333333,82.999999992,0.0,5.999999997333333,69.999999992,Center Back,16.084788029925186,45.671535447096545,21.428571428571427,58.40755254720342,15.995724973281083,99.00249376558602,74.9198432490203,94.33558959743499,53.56252226576416,16.102600641254007,23.51264695404346,58.22942643391521,98.111863199145,17.634485215532596,92.67901674385465,26.79016743854649,78.82080513003207,30.121125757035983,51.549697185607414,99.32312076950481,36.92554328464553,44.85215532597079,80.40612753829711,18.703241895261847,25.329533309583184,62.73601710010688,70.7160669754186,85.92803705023157,90.52369077306733,22.728892055575347,41.71713573209833,22.087638047737798,16.084788029925186,45.58247239045244,30.53081581759886,52.38688991806198,15.995724973281083,87.13929462059139,82.7930174563591,12.14820092625579,23.51264695404346,64.01852511578198,24.77734235838974,33.16708229426434,31.848949055931598,76.77235482721767,36.65835411471321,50.69469184182401,71.42857142857143,30.423940149625935,26.14891343070894,54.666904168151056,58.88849305308158,82.22301389383684,69.57605985037407,22.728892055575347,37.79836123975775,29.177057356608476,"[6.443806350984365, 0.2946855381468033, -1.007052055451222, 3.649527303912384, -0.7858515393073856, -1.1392954139331362, 1.322581956741617, 2.643582180045061, 3.2528554586450062, 0.5114963885067675, -0.2031220293566874, 1.634909491855203, -0.8979036622917106, 0.3750016560697982, -0.12498669299685826, -1.4213481092231701, 1.1058617676855165]",-2.0783427,4.952108
1800345,9830,Tylel Tati,2008-01-19,,left,France,CB,,25000000.0,1724.0,0.014084687,0.156612529,0.0,0.104408353,0.008898218,43.64269142,88.0,1.618329466,33.33333333,0.052204176,0.0,0.052204176,100.0,0.417633411,72.72727273,2.819025522,56.25,0.678654292,48.14814815,60.40023202,0.313225058,0.104408353,0.783062645,6.786542923,0.99187935,0.887470998,0.783062645,1.200696056,3.027842227,0.0,0.208816705,4.12412993,,,,,,Center Back,0.2698000043111111,2.9999999999555556,0.0,2.000000006355555,0.17045030924444443,836.0000000897777,30.999999993155555,0.9999999935999999,0.0,0.9999999935999999,8.000000006266667,53.9999999992,12.999999993422223,1157.0000000275554,5.999999999911111,2.000000006355555,14.999999999777778,129.9999999916889,18.999999993333333,17.00000000613333,14.999999999777778,23.00000000604444,57.99999999275555,0.0,3.9999999935555555,78.99999999244443,Center Back,40.25650160313502,6.412540078375489,7.249732810830068,24.225151407196293,38.15461346633416,59.28037050231564,74.24296401852511,9.583184894905592,11.07944424652654,4.595653722835768,23.51264695404346,55.504096900605624,98.111863199145,87.13929462059139,70.94763092269328,6.163163519771999,34.627716423227646,2.0662629141432136,11.364446027787674,40.755254720342,5.415033843961525,66.47666547915925,66.58354114713218,13.858211613822585,21.695760598503743,29.21268257926612,60.84788029925187,27.573922337014604,31.635197719985754,22.728892055575347,17.171357320983255,23.583897399358747,42.07338795867474,9.013181332383327,7.249732810830068,30.352689704310652,40.14962593516209,59.28037050231564,16.494478090488066,4.239401496259352,23.51264695404346,48.949055931599574,86.85429283933026,19.02386889918062,3.8831492696829355,50.69469184182401,9.120057000356251,58.95974349839687,64.26790167438547,34.805842536515854,29.24830780192376,39.365871036693974,60.13537584609904,31.59957249732811,42.8927680798005,22.728892055575347,18.13323833273958,37.19273245457784,"[4.017933609881402, -1.0252125918619424, -1.955229910789631, 0.5973974576282063, 0.9108682052263515, -1.4432186407959398, 1.6272235846083696, 2.965079289186328, 3.9330226534690516, -1.0808823103384264, -0.7762978764241709, 1.1751175975046084, -0.6476285185871768, -0.6059453175139274, 0.15116614532532438, -0.35015394239775166, 0.028358747771941865]",-2.1149633,4.8896694
1401205,10242,Michel Diaz,2003-07-23,193.0,right,Ivory Coast,CB,,50000.0,1560.0,0.053665387,0.403846154,0.057692308,0.288461538,0.016360966,31.78846154,85.82554517,2.884615385,57.47126437,0.057692308,0.0,0.057692308,100.0,0.173076923,75.0,4.269230769,64.34782609,1.903846154,55.0,50.94230769,0.980769231,0.057692308,0.634615385,10.09615385,1.557692308,1.384615385,1.384615385,0.461538462,3.519230769,0.057692308,0.230769231,5.769230769,,,,,,Center Back,0.9302000413333333,7.000000002666666,1.0000000053333333,4.999999992,0.28359007733333336,551.0000000266666,50.00000000666667,1.0000000053333333,0.0,1.0000000053333333,2.9999999986666666,73.999999996,33.00000000266667,882.99999996,17.000000004,1.0000000053333333,11.000000006666667,175.00000006666667,27.00000000533333,24.000000006666667,24.000000006666667,8.000000007999999,60.99999999599999,1.0000000053333333,4.000000003999999,99.999999996,Center Back,74.7417171357321,37.513359458496616,21.428571428571427,58.40755254720342,50.267189169932315,24.29640185251158,58.17598859992875,53.045956537228356,92.643391521197,5.165657285358034,23.51264695404346,58.22942643391521,98.111863199145,51.58532240826506,73.99358745992163,42.394014962593516,82.8820805130032,37.54898468115426,30.156750979693626,13.003206270039188,57.71286070537941,83.0423940149626,52.08407552547203,78.35767723548273,65.69291058069113,77.19985749910937,97.47060919130745,92.91058069112933,54.00783754898468,59.60099750623441,20.092625578909868,62.700391877449235,68.82793017456359,38.24367652297827,30.53081581759886,52.38688991806198,49.26968293551835,28.820805130032063,48.236551478446735,10.687566797292483,23.51264695404346,64.01852511578198,46.633416458852864,40.91556822230139,37.44210901318134,27.431421446384043,53.01033131457071,75.65016031350196,50.017812611328814,58.71036693979338,56.28785179907374,63.44852155325971,87.63804773779836,88.70680441752761,47.02529390808692,63.34164588528678,23.86889918061988,55.57534734592091,"[5.264398348472317, -1.8146658476602413, -0.43472554759370297, 2.004520179251282, 0.9032996491265582, -1.292145543028562, 1.856232885922878, 2.4436694006233632, 3.810282440878803, -0.22401359410453053, -2.131455194341836, -0.44322949187153404, 0.5374031409079083, 1.1469936965132317, 0.21015926527869802, 0.4433559734066083, -0.3333699913713649]",-2.0617766,4.7787056
1078287,9855,Clément Vidal,2000-06-18,181.0,right,France,CB,,1000000.0,2006.0,0.048656528,0.672981057,0.35892323,0.493519442,0.004226626,40.42372881,85.3219697,4.710867398,51.98019802,0.044865404,0.0,0.044865404,100.0,0.044865404,100.0,4.845463609,65.45454545,2.647058824,68.60465116,62.36291127,0.852442672,0.044865404,1.435692921,10.72283151,0.987038883,0.807577268,1.121635095,0.852442672,3.454636092,0.0,0.538384845,7.806580259,,,,,,Center Back,1.084499946311111,15.000000003799999,7.9999999931111105,11.000000007244443,0.09420679728888888,900.9999999206666,105.00000000431112,1.000000004711111,0.0,1.000000004711111,1.000000004711111,107.99999999615555,59.00000001048889,1390.0000000846665,19.000000000355556,1.000000004711111,31.999999994733333,239.00000010066668,21.9999999922,17.999999995644444,25.000000006333334,19.000000000355556,77.00000000613333,0.0,11.999999989666664,173.99999999504445,Center Back,70.75169219807623,73.24545778411114,94.70965443534021,86.07053794086214,32.703954399714995,49.62593516209476,54.18596366227288,91.59244745279658,80.94050587816174,3.9543997149982193,23.51264695404346,52.77876736729604,98.111863199145,14.944780904880655,92.67901674385465,59.36943355895974,87.10366939793374,66.06697541859636,85.67866049162808,46.954043462771644,47.31029568934806,86.35553972212327,94.2643391521197,86.39116494478091,21.125757035981472,21.161382258639115,90.2386889918062,61.48913430708942,50.9440684004275,22.728892055575347,72.49732810830068,92.87495546847168,73.35233345208407,77.69861061631636,93.78339864624154,88.49305308158176,34.27146419665123,64.58852867830423,90.52369077306733,10.260064125400783,23.51264695404346,63.14570716066975,24.15390096188101,68.1510509440684,73.26327039543997,64.19665122907018,58.532240826505166,76.27360171001068,93.30245814036337,80.72675454221589,39.294620591378695,40.91556822230139,89.06305664410402,44.05058781617385,64.83790523690773,22.728892055575347,76.13110081938012,88.24367652297826,"[5.703674587127492, -2.3481254881139924, 0.498875582881654, 3.2237872041955744, -0.13713788885592543, -1.475213964628529, 1.469608998581009, 2.807101621311379, 3.78753241396554, 0.5953962268068923, -0.43137260357300383, -0.6538410845110173, -0.4633054416376577, 1.089668063607541, -0.6098113044305898, 0.04672526307223786, 0.36598382484268205]",-2.0426419,4.7577724
751762,9723,Dylan Batubinsika,1996-02-15,185.0,right,DR Congo,CB,,4500000.0,2017.0,0.036263264,0.312345067,0.089241448,0.0,0.017485561,49.30589985,91.6252073,1.561725335,46.05263158,0.178482895,0.0,0.044620724,100.0,0.267724343,75.0,4.015865146,62.5,2.007932573,70.3125,67.60039663,0.446207238,0.089241448,0.58006941,9.771938523,1.16013882,1.74020823,0.624690134,1.070897372,3.391175012,0.0,0.401586515,0.0,,,,,,Center Back,0.8127000387555556,7.000000001544444,2.0000000068444446,0.0,0.39187085041111114,1104.9999999716667,35.00000000772222,3.999999991277778,0.0,1.0000000034222223,5.999999998122222,89.99999999424445,44.999999997122224,1515.0000000301113,9.999999989400001,2.0000000068444446,12.999999999666667,219.0000000099,25.999999999333333,38.999999998999996,14.000000003088887,23.99999999248889,75.99999999115556,0.0,9.000000008388888,0.0,Center Back,60.13537584609904,23.405771286070536,36.23085144282152,6.359102244389027,52.119700748129674,75.06234413965088,94.6918418240114,8.371927324545778,59.17349483434271,30.459565372283574,23.51264695404346,52.671891699323126,98.111863199145,70.57356608478803,73.99358745992163,33.5589597434984,73.8867117919487,42.251514071962944,90.14962593516209,63.80477377983612,12.967581047381547,71.25044531528322,45.99216245101532,73.20983256145351,35.34022087638048,92.48307801923762,38.65336658354115,39.40149625935162,48.165301033131456,22.728892055575347,52.511578197363725,2.832205201282508,64.51727823298896,37.47773423583897,50.552190951193445,6.359102244389027,56.822230138938366,78.09048806555042,23.86889918061988,36.58710366939793,23.51264695404346,61.40007125044532,75.1692198076238,54.7915924474528,56.57285358033488,70.03918774492341,22.30138938368365,58.46099038118988,57.463484146775926,74.81296758104739,52.440327752048454,90.80869255432846,56.64410402565016,30.60206626291414,63.19914499465622,22.728892055575347,65.1585322408265,2.832205201282508,"[4.784076901544145, -0.3417923743539509, -0.7343856245570692, 1.4015570176362244, -0.16074016048687192, -1.0783525890891004, 1.8723588723677023, 3.0837510610495427, 3.267133780978137, -0.4235259191960357, -1.3739905293198365, 1.121186420964784, 0.8392037532601613, -1.6377584430305832, 0.820004568040141, -0.13802324089013368, -0.3997322572233794]",-2.064431,4.8956676
894802,8721,Moritz Jenz,1999-04-30,190.0,right,Germany,CB,,5000000.0,1789.0,0.027392398,0.251537172,0.050307434,0.201229737,0.010629135,45.7294578,89.03036239,1.307993292,35.61643836,0.100614869,0.0,0.050307434,100.0,0.0,62.5,5.131358301,61.07784431,3.169368362,67.74193548,63.89044159,0.553381778,0.050307434,0.35215204,9.65902739,1.609837898,0.603689212,1.006148686,1.559530464,2.817216322,0.050307434,0.301844606,6.439351593,,,,,,Center Back,0.5445000002444443,5.0000000078666655,0.9999999936222221,3.999999994366666,0.21128358349999998,909.0000000466666,25.999999993199996,2.000000007122222,0.0,0.9999999936222221,0.0,102.00000000543332,62.99999999575555,1270.000000050111,11.000000009355555,0.9999999936222221,6.999999995111111,192.00000000788887,31.99999999468889,12.000000002977778,19.99999999171111,31.000000001066667,56.00000000064444,0.9999999936222221,6.000000001488889,127.99999999863331,Center Back,51.47844674029213,15.568222301389383,19.41574634841468,42.53651585322408,40.755254720342,65.5860349127182,81.6886355539722,4.310651941574635,16.298539365871036,14.250089063056645,23.51264695404346,54.64909155682223,98.111863199145,5.985037406483791,49.946562166013535,67.15354470965444,66.19166369789811,78.9454934093338,83.25614535090844,51.90594941218383,20.55575347345921,85.2689704310652,18.863555397221234,71.25044531528322,69.36230851442822,7.4812967581047385,83.93302458140364,8.906305664410402,22.479515496971857,56.2522265764161,33.93302458140363,76.77235482721767,53.794086213038824,25.365158532240827,16.993231207695047,43.391521197007485,43.71214820092625,65.19415746348415,9.832561453509085,22.016387602422515,23.51264695404346,49.12718204488778,5.985037406483791,64.94478090488064,76.09547559672248,57.78411115069469,30.103313145707162,87.01460634128964,24.34983968649804,64.94478090488064,66.13822586391164,17.972924830780194,77.34235838973994,13.822586391164945,41.00463127894549,48.753117206982544,39.45493409333808,72.24795154969719,"[5.067551098379928, -2.281953760392777, 0.3753363817280705, 1.291639511232385, 0.7880510013855043, -0.8471504259472308, 2.4395120895167515, 3.077027421409846, 2.9942341426727523, -1.29726158806922, -0.8522696775766826, 1.3455979311749602, -0.4005437097052257, -0.9060558804753284, -0.9774695745746028, 0.12267263258660742, -0.8378191087140693]",-2.0523672,4.797183
1199391,8722,Rav van den Berg,2004-07-07,190.0,right,Netherlands,CB,,7000000.0,1132.0,0.0,0.0,0.0,0.0,0.009723845,52.39399293,93.3427762,0.636042403,32.0,0.0795053,0.0795053,0.0795053,100.0,0.0,62.5,3.418727915,53.75,2.067137809,53.06122449,68.4540636,0.477031802,0.0795053,0.238515901,8.825088339,1.113074205,1.113074205,0.954063604,0.795053004,2.862190813,0.0795053,0.318021201,5.644876325,,,,,,Center Back,0.0,0.0,0.0,0.0,0.12230436155555556,658.999999964,8.000000002177778,0.9999999955555555,0.9999999955555555,0.9999999955555555,0.0,42.999999997555555,25.999999997644444,860.9999999466667,5.999999998488889,0.9999999955555555,2.9999999992444444,110.9999999972,14.000000000666667,14.000000000666667,11.999999996977778,10.000000005866667,36.000000003511104,0.9999999955555555,3.9999999947999996,70.9999999988889,Center Back,16.084788029925186,0.3562522265764161,7.249732810830068,6.359102244389027,39.22337014606342,81.72426077662985,98.61061631635198,0.07125044531528321,8.63911649447809,9.975062344139651,76.55860349127181,67.45635910224439,98.111863199145,5.985037406483791,49.946562166013535,16.708229426433917,20.929818311364446,44.478090488065554,23.120769504809406,66.58354114713218,15.03384396152476,75.347345920912,8.229426433915211,55.325970787317424,31.350195938724617,53.61596009975062,79.15924474527965,66.40541503384397,24.474527965799787,69.93231207695048,37.014606341289635,59.77912361952262,16.084788029925186,0.3562522265764161,7.249732810830068,6.359102244389027,36.800855005343784,41.289633060206626,0.07125044531528321,5.165657285358034,54.84503028143926,50.97969362308514,5.985037406483791,9.013181332383327,24.011400071250446,25.757035981474885,8.87068044175276,85.39365871036694,5.486284289276807,21.838261489134307,16.13822586391165,25.988599928749558,43.462771642322764,81.22550765942287,11.613822586391166,51.08656929105807,18.738867117919487,30.708941930887068,"[5.026643214589938, -1.069798345151196, -1.546106110903115, 1.0216614088507283, 1.5033202688643907, -0.7273989297060108, 2.1978836700933413, 2.6535414639279153, 3.402498766336265, -1.3015122937794357, -1.7211504514212557, 1.7303383971712827, -0.9113227694791578, -0.8085719183016444, -0.6440014088371665, 0.21989483137385338, -0.5346454577586682]",-2.16326,4.941723
1843898,8480,Friedrich Müller,2006-02-14,,,Germany,CB,,1000000.0,1100.0,0.046096366,0.490909091,0.081818182,0.245454545,0.031436665,52.69090909,90.06993007,1.554545455,32.75862069,0.163636364,0.081818182,0.081818182,100.0,0.163636364,50.0,3.436363636,53.16455696,1.718181818,44.68085106,71.01818182,0.818181818,0.163636364,0.327272727,7.118181818,1.309090909,0.818181818,0.654545455,0.163636364,4.336363636,0.0,0.409090909,4.336363636,,,,,,Center Back,0.5634000288888888,6.000000001111111,1.0000000022222222,2.999999994444444,0.3842259055555556,643.9999999888888,19.000000005555552,2.0000000044444444,1.0000000022222222,1.0000000022222222,2.0000000044444444,41.99999999555555,20.999999997777774,868.0000000222221,9.999999997777778,2.0000000044444444,3.9999999966666664,86.99999999777778,15.999999998888889,9.999999997777778,8.000000005555556,2.0000000044444444,52.99999999555555,0.0,4.999999998888889,52.99999999555555,Center Back,68.50730317064482,51.157819736373355,32.828642679016745,50.356252226576416,70.75169219807623,82.1161382258639,87.74492340577129,8.265051656572854,10.010687566797293,27.19985749910937,77.80548628428927,68.43605272532953,98.111863199145,49.48343427146419,23.815461346633416,17.349483434271466,18.204488778054863,29.568934805842535,5.913786961168507,73.24545778411114,44.40684004275027,47.452796579978624,16.60135375846099,18.09761311008194,48.11186319914499,22.62201638760242,43.42714641966513,99.75062344139651,82.72176701104382,22.728892055575347,53.56252226576416,27.146419665122906,54.720342002137514,30.103313145707162,27.19985749910937,32.86426790167439,56.0741004631279,39.4727467046669,4.1681510509440685,20.55575347345921,66.38760242251514,59.921624510153194,38.1011756323477,8.19380121125757,14.499465621660136,26.540790879943,23.63733523334521,60.68756679729248,8.158175988599929,7.6594228713929455,21.143569647310294,9.120057000356251,24.581403633772712,99.71499821873887,35.4470965443534,22.728892055575347,29.33737085856787,14.82009262557891,"[3.9308294317096464, -0.41405228943588857, -1.8359538825523825, 1.4188881739796222, 1.157202963440056, -0.28323168994191306, 1.91114886483496, 2.924884063918567, 2.798715955745033, -0.3721415631745231, -2.478019702932031, 1.8824449659632043, -0.7649865275951102, -0.31043778245194753, -0.776173476782153, -1.35685670688462, 0.29426014858550675]",-2.20732,4.9947796
1406447,8319,Tristan Zobel,2003-10-04,192.0,left,Germany,CB,,225000.0,3207.0,0.0,0.533208606,0.140318054,0.420954163,0.0,42.26379794,89.42992874,2.273152479,45.76271186,0.224508887,0.084190833,0.028063611,100.0,0.252572498,64.28571429,4.434050514,52.14521452,2.30121609,51.25,60.64546305,1.431244153,0.364826941,0.420954163,7.57717493,1.459307764,0.505144995,0.954162769,0.869971936,4.63049579,0.056127222,0.533208606,4.658559401,,,,,,Center Back,0.0,18.9999999938,4.999999990866667,15.000000008233332,0.0,1505.9999999286667,81.0000000017,8.000000006766665,3.0000000159,1.0000000053,9.000000012066666,157.9999999822,82.000000007,2161.000000015,50.99999998523333,12.999999997633333,15.000000008233332,270.00000000566666,51.99999999053333,17.9999999885,34.00000000203333,30.999999986133332,164.99999998366667,2.0000000106,18.9999999938,165.99999998896666,Center Back,16.084788029925186,57.499109369433555,54.043462771642325,78.21517634485215,15.995724973281083,55.219095119344495,84.21802636266477,29.14143213395084,57.80192376202351,41.895261845386536,79.1948699679373,45.671535447096545,98.111863199145,68.07980049875312,57.73067331670823,47.13216957605985,14.17883861774136,53.86533665835411,18.43605272532953,41.53900961881012,82.18738867117919,13.430708941930888,26.665479159244743,26.968293551834698,58.817242607766296,3.526897043106519,79.1948699679373,59.74349839686498,87.8517990737442,58.817242607766296,71.92732454577842,34.1645885286783,16.084788029925186,86.76522978268613,77.84111150694692,95.3687210545066,15.995724973281083,92.30495190594942,78.83861774136088,77.19985749910937,95.51122194513717,63.94727467046669,89.98931243320271,89.34805842536517,87.0680441752761,91.48557178482366,95.1905949412184,2.9925187032418954,66.102600641254,87.21054506590666,92.48307801923762,39.900249376558605,97.4349839686498,15.069469184182402,98.78874242964018,81.43925899536872,94.29996437477735,86.2130388314927,"[3.735780016385409, -1.0978969207161047, -0.6540454262025313, 1.595897021951357, 0.4168903965475731, -1.4207643334120112, 2.5864922673114714, 2.673675361746116, 3.078583695331308, 0.05677499607911176, -1.421732472642614, 1.3300606172391083, -0.4745542229014465, 0.18804687538067763, -1.218456647825685, -0.6707562858921319, -0.12892782918941492]",-2.108869,4.8806963
1552926,8458,Tim Köhler,2005-05-02,191.0,right,Germany,CB,,350000.0,1455.0,0.0,0.24742268,0.06185567,0.18556701,0.0,53.01030928,92.15053763,1.298969072,42.0,0.24742268,0.0,0.06185567,100.0,0.06185567,100.0,2.969072165,48.0,1.237113402,45.45454545,68.16494845,0.804123711,0.06185567,0.18556701,7.051546392,1.484536082,0.804123711,0.371134021,1.237113402,2.969072165,0.06185567,0.494845361,4.391752577,,,,,,Center Back,0.0,3.9999999933333337,0.9999999983333334,2.9999999950000005,0.0,857.0000000266667,20.999999997333337,3.9999999933333337,0.0,0.9999999983333334,0.9999999983333334,48.00000000083334,19.999999999000003,1101.9999999416666,12.999999994500001,0.9999999983333334,2.9999999950000005,114.000000004,23.999999992333336,12.999999994500001,6.000000006166667,19.999999999000003,48.00000000083334,0.9999999983333334,8.000000002833334,70.99999999483335,Center Back,16.084788029925186,14.891343070894191,23.334520840755253,39.33024581403634,15.995724973281083,82.65051656572854,96.43747773423584,4.061275382971143,42.50089063056644,47.14998218738867,23.51264695404346,60.206626291414324,98.111863199145,19.05949412183826,92.67901674385465,8.300676879230496,4.64909155682223,12.39757748485928,6.893480584253651,65.62166013537585,42.857142857142854,81.86676166726042,5.236907730673317,16.993231207695047,60.634128963306026,20.912005700035625,10.260064125400783,25.080156750979693,29.533309583184895,61.471321695760594,67.08229426433915,28.072675454221592,16.084788029925186,12.18382614891343,21.303883149269684,33.1314570716067,15.995724973281083,61.23975774848592,5.023156394727467,37.03241895261846,23.51264695404346,54.18596366227288,17.385108656929106,13.53758460990381,13.181332383327396,46.66904168151051,34.98396864980406,83.0423940149626,4.239401496259352,24.242964018525115,45.350908443177765,19.558247239045244,13.181332383327396,41.00463127894549,28.96330602066263,54.06127538297114,56.43035268970431,30.317064481653013,"[3.9985970983491077, -0.5809970520800304, -2.093314496130777, 1.1350912865441358, 0.4184295267705235, -1.5954348366449627, 2.5999773101203574, 2.2192815074005026, 4.26057099051543, -0.10015608612296625, -0.07008402277035335, 1.2364750446092203, -0.5825850866040206, -1.6411374982766234, -0.6664903670867862, -0.4483168225529554, 0.7315842909156405]",-2.101958,4.884624
553557,8396,Gideon Jung,1994-09-12,180.0,right,Germany,CB,,300000.0,1430.0,0.077198605,0.629370629,0.125874126,0.0,0.014038026,45.75524476,88.55054811,2.454545455,40.625,0.251748252,0.125874126,0.125874126,100.0,0.0,62.5,3.65034965,60.41666667,1.321678322,60.0,64.13286713,0.755244755,0.062937063,1.573426573,7.804195804,0.818181818,1.321678322,0.755244755,1.447552448,2.517482517,0.0,0.251748252,0.0,,,,,,Center Back,1.2266000572222222,9.99999999411111,2.000000002,0.0,0.22304863533333336,727.0000000755555,39.00000000722222,4.000000004,2.000000002,2.000000002,0.0,57.999999994444444,21.00000000511111,1018.9999999544443,11.99999999611111,1.000000001,24.999999993222225,123.99999999688889,12.99999999711111,21.00000000511111,11.99999999611111,23.00000000711111,39.999999992333336,0.0,4.000000004,0.0,Center Back,87.53117206982543,69.05949412183826,49.12718204488778,6.359102244389027,46.70466690416815,65.76416102600642,78.90986818667616,36.37335233345208,36.46241539009619,48.84218026362665,90.38118988243676,78.23298895618098,98.111863199145,5.985037406483791,49.946562166013535,22.907018168863555,62.43320270751692,14.748842180263628,51.549697185607414,52.618453865336654,37.72711079444247,81.45707160669754,96.1524759529747,32.45457784111151,11.774136088350552,72.46170288564304,57.58817242607767,12.682579266120413,12.985393658710368,22.728892055575347,24.421090131813326,2.832205201282508,76.2023512646954,53.5090844317777,44.88778054862843,6.359102244389027,44.780904880655505,48.87780548628429,30.958318489490562,44.51371571072319,84.34271464196651,74.54577841111507,5.985037406483791,23.548272176701104,15.4969718560741,40.07837548984681,30.97613110081938,79.74706091913075,85.96366227288921,30.210188813680084,12.290701816886356,53.97221232632704,43.05308158175988,31.45707160669754,16.619166369789813,22.728892055575347,24.242964018525115,2.832205201282508,"[3.589441538052312, -0.7625335596822517, -1.1662619580721385, 1.2360848886733937, -0.13671136126616393, -1.3014514750600268, 1.659666202087627, 3.919603812897508, 2.8503242424891524, -1.4351554944762082, -0.7909574852995547, 0.6286347918949488, -0.20667252390653026, -0.7386956768416802, 0.94239399055386, 0.05130967262883936, 0.17710728969106884]",-2.030633,4.9661384
181877,8590,Vassilios Lambropoulos,1990-03-31,185.0,right,Greece,CB,,0.0,2100.0,0.044867144,0.471428571,0.085714286,0.171428571,0.005185006,32.01428571,82.26872247,2.357142857,36.91275168,0.171428571,0.0,0.042857143,100.0,0.085714286,50.0,2.785714286,54.62184874,1.585714286,58.73015873,50.48571429,0.728571429,0.128571429,0.385714286,8.014285714,0.814285714,0.557142857,0.9,0.642857143,1.8,0.0,0.428571429,5.742857143,,,,,,Center Back,1.0469000266666666,10.99999999,2.0000000066666668,3.99999999,0.12098347333333333,746.9999999,54.99999999666666,3.99999999,0.0,1.0000000033333334,2.0000000066666668,65.00000000666667,37.00000000666667,1178.0000000999999,17.00000001,3.0000000099999995,9.000000006666667,186.99999999333332,18.999999993333333,12.999999996666666,21.0,15.000000003333332,42.0,0.0,10.000000009999999,134.00000000333333,Center Back,67.54542215888848,47.52404702529391,34.77021731385821,36.391164944780904,33.594584966156035,24.688279301745634,34.805842536515854,32.205201282508014,20.82294264339152,29.266120413252583,23.51264695404346,51.727823298895615,98.111863199145,28.28642679016744,23.815461346633416,5.575347345920912,25.632347702173135,23.940149625935163,46.15247595297471,11.827573922337015,34.98396864980406,58.99536872105451,22.76451727823299,36.44460277876737,11.471321695760599,5.1300320627003915,74.18952618453865,81.17206982543641,1.4962593516209477,22.728892055575347,56.733167082294266,62.094763092269325,72.24795154969719,58.389739935874594,50.30281439258996,42.07338795867474,36.693979337370855,51.40719629497684,54.00783754898468,36.319914499465625,23.51264695404346,61.328820805130036,39.579622372639825,31.777698610616316,44.976843605272535,52.048450302814395,53.86533665835411,42.71464196651229,39.43712148200926,62.73601710010688,29.24830780192376,20.235126469540436,81.02956893480584,61.275382971143564,20.199501246882793,22.728892055575347,70.62700391877449,75.18703241895261,"[3.7351250124651147, -2.4723143624683477, -1.9707599978181598, 0.7696822830248394, 1.9227770928546237, -0.8370099930023811, 2.0302437492877363, 3.3833855421331513, 2.828832071466635, -0.3912050559609764, -1.5323160161220266, 0.39957959462710096, -0.19383561068030897, 0.24837128552480153, -0.8833731552112272, -0.12293523057079395, -0.7452373598728033]",-2.1125116,4.8275146
888907,488099,Alex Petkov,1999-07-25,191.0,right,Bulgaria,CB,,600000.0,1693.0,0.016437095,0.159480213,0.053160071,0.106320142,0.010252734,44.1760189,90.81967213,2.44536326,59.74025974,0.106320142,0.0,0.053160071,100.0,0.106320142,66.66666667,4.040165387,62.80991736,2.285883048,71.66666667,61.18724158,0.691080921,0.053160071,0.478440638,8.718251624,1.22268163,0.58476078,0.637920851,1.169521559,2.711163615,0.0,0.265800354,6.272888364,,,,,,Center Back,0.30920002038888883,3.000000006766667,1.0000000022555555,2.000000004511111,0.19286531846666666,830.9999999744444,45.99999999088889,2.000000004511111,0.0,1.0000000022555555,2.000000004511111,76.00000000212222,43.000000002933334,1150.9999999437778,12.9999999917,1.0000000022555555,9.000000001488887,163.9999999936889,22.999999995444444,11.000000005999999,12.000000008255554,21.99999999318889,51.00000000216666,0.0,4.999999992466667,118.0000000028,Center Back,42.28713929462059,6.626291414321339,20.163876024225154,24.36765229782686,39.75774848592803,60.66975418596366,91.59244745279658,35.910224438902745,95.43997149982188,14.962593516209477,23.51264695404346,56.10972568578554,98.111863199145,34.413965087281795,62.57570359814749,34.34271464196651,75.5076594228714,53.437833986462415,92.48307801923762,43.070894193088705,31.92019950124688,84.21802636266477,33.45208407552548,52.97470609191307,41.04025650160313,6.376914855717848,40.505878161738515,30.245814036337727,18.453865336658353,22.728892055575347,27.431421446384043,73.20983256145351,43.961524759529745,11.471321695760599,27.28892055575347,29.372996081225505,42.07338795867474,58.67474171713574,40.292126825792664,20.680441752760956,23.51264695404346,60.02850017812611,38.208051300320626,43.462771642322764,54.3640897755611,50.12468827930174,34.59209120057,78.19736373352335,38.15461346633416,53.68721054506591,43.177769861061634,15.03384396152476,46.81154257214107,35.8745992162451,33.16708229426434,22.728892055575347,26.718916993231208,67.22479515496971,"[4.878493034310155, -1.6762045196556334, -0.9887572549990631, 2.1217315853163736, 0.26311106087158226, -1.6866619646909697, 1.9937364150053174, 3.21586555432541, 2.6779698323063137, -0.882678565979671, -0.8695618895440669, 0.4525241850089333, 0.8589845945779208, -0.6107559662114467, -0.8078424022350512, -0.007056654682058784, -0.9231363724570263]",-2.103672,4.8817525
793290,578650,Pol Moreno,1994-05-09,188.0,right,Spain,CB,,275000.0,1170.0,0.141969231,1.307692308,0.307692308,0.692307692,0.046229995,50.46153846,90.85872576,2.692307692,56.4516129,0.538461538,0.0,0.076923077,100.0,0.076923077,33.33333333,3.692307692,69.56521739,2.0,78.78787879,66.69230769,1.692307692,0.076923077,0.153846154,6.846153846,1.461538462,1.076923077,0.615384615,0.538461538,4.769230769,0.0,0.307692308,3.692307692,,,,,,Center Back,1.845600003,17.000000004,4.000000004,8.999999996,0.6009899350000001,655.99999998,34.999999996,6.9999999939999995,0.0,1.000000001,1.000000001,47.999999996,26.0,866.9999999700001,21.999999996,1.000000001,2.000000002,88.99999999799999,19.000000006,14.000000001,7.999999995,6.9999999939999995,61.999999997,0.0,4.000000004,47.999999996,Center Back,98.5393658710367,97.96936230851443,91.34307089419309,95.3687210545066,84.28927680798004,77.734235838974,91.77057356608479,46.24153900961881,91.12931955824723,88.83149269682934,23.51264695404346,66.3519771998575,98.111863199145,24.242964018525115,6.7866049162807265,23.86889918061988,96.75810473815461,41.84182401140007,98.91343070894193,60.95475596722479,90.06056287851798,76.52297826861418,3.4200213751335946,14.35696473102957,59.120057000356255,50.0890630566441,37.5846099038119,88.4396152475953,90.0783754898468,22.728892055575347,35.12646954043463,16.38760242251514,89.06305664410402,83.6480228001425,73.95796223726398,79.90737442109013,69.54043462771642,40.96900605628785,22.942643391521198,66.60135375846099,23.51264695404346,58.33630210188814,20.698254364089774,13.003206270039188,24.385464909155683,26.36266476665479,66.33416458852868,79.74706091913075,2.9390808692554327,8.799429996437476,31.973637335233345,26.14891343070894,20.163876024225154,94.92340577128607,48.18311364446028,22.728892055575347,24.242964018525115,12.076950480940505,"[3.968230210354598, -1.258580733343143, -0.7453916384189706, 3.42695785710191, -0.3178567572531693, -0.14413768030725577, 2.465637637521396, 3.4354610792334475, 1.0713100114220881, 0.2994097688311958, -2.996730097883955, 1.3176158169835515, 1.038895779494711, -0.9538784246973159, 0.3888997274281635, -0.8880512402142959, -0.13995293967911007]",-2.0304985,4.80708
1837662,165187,Pukhrambam Meitei,2005-04-01,,,India,CB,RB,50000.0,1139.0,0.02056014,0.395083406,0.0,0.237050044,0.011935324,22.75680421,81.58640227,2.133450395,38.57142857,0.158033363,0.0,0.079016681,100.0,0.0,62.5,1.659350307,48.8372093,1.027216857,59.09090909,38.48112379,0.790166813,0.079016681,0.316066725,7.980684811,0.316066725,0.63213345,0.474100088,0.553116769,1.422300263,0.0,0.395083406,6.558384548,,,,,,Center Back,0.260199994,4.9999999937111115,0.0,3.0000000012888886,0.15104815595555557,287.99999994655553,26.999999998944446,2.0000000050777778,0.0,0.9999999962111111,0.0,20.999999996366665,13.000000001366665,486.9999999645555,10.000000000077778,0.9999999962111111,3.9999999975,100.99999999698888,3.9999999975,7.999999995,6.000000002577777,6.999999998788888,17.999999995077776,0.0,4.9999999937111115,83.0000000019111,Center Back,45.564659779123616,36.123975774848596,7.249732810830068,48.80655504096901,43.42714641966513,5.5219095119344495,30.81581759885999,24.047025293908085,28.197363733523336,25.650160313501956,23.51264695404346,67.1179194869968,98.111863199145,5.985037406483791,49.946562166013535,0.24937655860349126,5.895974349839687,7.196294976843605,47.61311008193802,0.8550053437833987,41.467759173494834,75.5967224795155,15.354470965443534,35.76772354827218,0.24937655860349126,8.692554328464553,20.41325258282864,87.56679729248307,0.21375133594584966,22.728892055575347,50.9440684004275,78.62486640541503,41.57463484146776,19.166369789811185,7.249732810830068,37.976487353045954,38.795867474171715,2.7075169219807624,11.578197363733524,20.98325614535091,23.51264695404346,51.977199857499116,5.985037406483791,0.24937655860349126,4.524403277520485,1.1400071250445314,24.36765229782686,84.89490559315995,8.42536515853224,15.211970074812967,0.32062700391877447,4.132525828286427,11.845386533665836,93.80121125757036,0.28500178126113285,22.728892055575347,26.897043106519412,41.11150694691842,"[3.1841327866805567, -2.8986777730702094, -2.9425144072665215, 0.387540579177909, 2.3857991836854695, -1.0935645436601933, 1.9604016962276476, 3.3371402906415875, 3.275164063811408, 0.03730653207147687, -1.0578046666581185, 0.0787036938345013, 0.360210859043944, -0.02535574970037648, -0.5347101827203634, 0.05221092475122252, -0.396348507823997]",-2.1225562,4.7817607
860913,9857,Jhon Lucumí,1998-06-26,185.0,left,Colombia,CB,,22000000.0,2287.0,0.037664625,0.314822912,0.078705728,0.236117184,0.01589038,57.10100568,89.56790123,4.525579362,61.4973262,0.275470048,0.039352864,0.039352864,100.0,0.19676432,100.0,4.210756449,59.1160221,1.652820289,58.33333333,75.79361609,0.39352864,0.314822912,0.747704416,7.398338435,1.613467425,1.259291648,0.550940096,0.905115872,5.233930914,0.078705728,0.550940096,3.974639265,,,,,,Center Back,0.9570999708333333,7.999999997155556,1.999999999288889,5.999999997866667,0.40379221177777774,1450.9999998906667,115.00000000993334,6.999999997511112,0.9999999996444445,0.9999999996444445,4.999999998222222,106.99999998736666,42.000000010477784,1925.9999999758888,9.999999996444444,7.999999997155556,18.999999993244444,188.0000000093889,41.00000001083333,31.999999988622225,13.999999995022224,22.99999999182222,133.00000000353333,1.999999999288889,13.999999995022224,100.9999999895,Center Back,61.524759529747065,23.90452440327752,31.065194157463484,48.52155325970787,49.48343427146419,88.74242964018525,84.6811542572141,89.77556109725685,96.75810473815461,54.47096544353403,54.07908799429997,50.0890630566441,98.111863199145,57.035981474884224,92.67901674385465,40.25650160313502,53.5090844317777,26.897043106519412,44.21090131813324,84.03990024937656,9.654435340220877,18.240114000712502,63.19914499465622,23.51264695404346,69.64731029568935,67.33167082294264,29.24830780192376,56.537228357677236,95.58247239045244,69.57605985037407,74.3142144638404,21.054506590666193,69.682935518347,42.35838973993587,41.53900961881012,62.66476665479159,57.67723548272177,91.16494478090488,93.23120769504808,68.00855005343783,61.73851086569291,56.145350908443184,67.40292126825793,67.40292126825793,52.9034556465978,85.42928393302458,23.19201995012469,12.18382614891343,75.38297114356965,63.41289633060207,82.50801567509797,79.90737442109013,54.221588884930526,33.416458852867834,94.2643391521197,74.13608835055219,83.36302101888137,56.0741004631279,"[5.227868533064192, 0.6485040834830254, -0.6928360421229246, 2.828757460325459, -1.0459788430832633, -1.5562038615911762, 2.196836687031662, 2.440735110621482, 3.569225170489156, 0.6938700036780955, -0.2343650345652321, 0.6064529619907528, 0.6283359201137854, 0.22216865640435468, 0.0006516131225336847, -1.1291409849929128, 0.8084284584114185]",-2.0799038,4.939026
1520184,10167,Mariano Troilo,2003-06-28,191.0,both,Argentina,CB,,10000000.0,1628.0,0.041185504,0.497542998,0.110565111,0.276412776,0.039037414,42.01474201,89.306698,2.432432432,50.57471264,0.386977887,0.055282555,0.055282555,100.0,0.276412776,71.42857143,4.92014742,58.55263158,2.156019656,62.90322581,62.02702703,1.271498771,0.165847666,1.105651106,10.11670762,1.547911548,0.995085995,0.995085995,1.492628993,3.482800983,0.110565111,0.552825553,6.578624079,,,,,,Center Back,0.7450000056888888,9.000000008266667,2.0000000078666664,4.999999992533334,0.7061434443555555,759.9999999142221,43.99999999217778,7.0000000004,0.9999999948888888,0.9999999948888888,4.999999992533334,88.99999999733333,38.99999999964444,1122.0000000537777,22.99999999097778,3.000000002755556,20.00000000631111,183.00000005955556,28.0000000016,17.999999998444444,17.999999998444444,27.00000000671111,63.0000000036,2.0000000078666664,10.000000003155556,119.0000000068,Center Back,64.44602778767367,52.01282508015675,43.69433558959743,56.57285358033488,79.01674385464909,54.328464552903455,83.39864624153901,35.46490915568222,76.6298539365871,74.95546847167795,62.91414321339508,56.94691841824011,98.111863199145,72.21232632703955,69.75418596366228,61.275382971143564,49.59030993943712,48.165301033131456,64.3925899536872,45.84966156038475,75.1692198076238,46.79372996081225,86.12397577484859,78.58924118275739,64.90915568222302,40.61275382971144,82.47239045244032,10.901318133238332,52.26220163876024,80.54862842892769,74.47452796579978,78.83861774136088,61.84538653366584,52.19095119344496,51.06875667972924,52.58282864267901,74.27858924118276,52.6540790879943,37.45992162451015,69.36230851442822,53.5981474884218,50.017812611328814,64.83790523690773,54.29283933024581,47.41717135732098,48.12967581047381,68.7566797292483,46.758104738154614,79.30174563591022,61.45350908443178,58.21161382258639,41.82401140007125,72.14107588172426,21.553259707873174,50.23156394727467,80.51300320627004,69.39793373708586,68.00855005343783,"[4.495634395077213, -1.1969165936086417, 0.46868094727214465, 1.8656356554064597, -0.05919979783019556, -1.0994101071996873, 2.4922150575311446, 2.940408718356787, 3.3888342864035392, -0.7895891182595469, -0.9213397097260494, 0.13061971427930608, -0.4995496364021918, 0.033904408917286744, -0.4033796545078273, 0.5146742437438429, -0.6269150175681144]",-2.0389218,4.7705317
308982,6500,Paolo Rozzio,1992-07-22,190.0,right,Italy,CB,,150000.0,972.0,0.089333333,0.37037037,0.092592593,0.37037037,0.012144969,30.0,86.86327078,1.388888889,38.46153846,0.185185185,0.0,0.092592593,100.0,0.092592593,100.0,4.444444444,64.0,2.962962963,64.0,49.25925926,0.648148148,0.0,0.740740741,11.38888889,0.648148148,0.555555556,0.925925926,0.925925926,3.703703704,0.092592593,0.185185185,9.259259259,,,,,,Center Back,0.9647999964,3.999999996,1.0000000044000001,3.999999996,0.1311656652,324.0,15.0000000012,1.999999998,0.0,1.0000000044000001,1.0000000044000001,47.99999999520001,32.0000000004,532.000000008,6.9999999984,0.0,8.0000000028,123.00000001200002,6.9999999984,6.0000000047999995,10.0000000008,10.0000000008,40.0000000032,1.0000000044000001,1.999999998,99.9999999972,Center Back,91.66369789811186,32.04488778054863,37.86961168507303,71.0545065906662,43.64089775561097,18.952618453865338,65.72853580334878,5.272532953330958,27.591734948343426,32.294264339152114,23.51264695404346,72.39045244032776,98.111863199145,31.065194157463484,92.67901674385465,47.452796579978624,81.27894549340934,74.7417171357321,69.0060562878518,9.583184894905592,28.072675454221592,94.40684004275026,62.593516209476306,92.09120057000356,4.702529390808693,5.040969006056288,76.57641610260065,54.07908799429997,61.97007481296758,75.45422158888493,14.17883861774136,98.00498753117208,69.78981118631992,13.53758460990381,29.64018525115782,44.478090488065554,37.299608122550765,5.058781617385109,1.4962593516209477,14.748842180263628,23.51264695404346,62.75382971143569,23.92233701460634,12.825080156750978,35.23334520840755,2.0662629141432136,11.649447809048805,94.40684004275026,33.39864624153901,29.960812255076597,1.9593872461702886,2.5650160313501957,33.84396152475953,82.54364089775561,17.52760954755967,62.219451371571076,5.664410402565016,55.68222301389384,"[5.035703195558088, -3.210271821559898, 0.07297124835776585, 2.1187919554488124, 1.2546204900837574, -0.9202197976307501, 1.175410177250225, 2.5081913281573147, 4.8255195627627465, -0.3297374893561448, -0.5527868709493182, 0.4759446943033878, 0.011783011267342686, -0.029514619080321887, -0.579207836871768, 0.3838946797257225, -0.054834569328888694]",-2.0259027,4.7169094
922815,6224,Taichi Yamasaki,2001-01-08,183.0,right,Japan,CB,DM,250000.0,1176.0,0.07571939,0.68877551,0.153061224,0.153061224,0.009957797,33.67346939,75.60137457,1.913265306,26.88172043,0.076530612,0.0,0.076530612,100.0,0.382653061,62.5,5.12755102,51.9379845,2.908163265,52.05479452,60.68877551,0.994897959,0.382653061,0.459183673,8.418367347,1.37755102,1.301020408,0.535714286,1.147959184,3.75,0.076530612,0.306122449,5.204081633,,,,,,Center Back,0.9894000293333333,8.999999997333333,1.9999999936,1.9999999936,0.13011521413333332,440.00000002933336,24.9999999984,0.9999999968,0.0,0.9999999968,4.999999997066666,66.99999999466667,37.999999996,792.9999999973334,12.9999999976,4.999999997066666,5.999999993866667,110.0000000008,17.999999994666666,16.999999997866666,7.000000003733334,15.000000004266667,49.0,0.9999999968,4.000000000266667,68.00000000453333,Center Back,86.92554328464553,74.77734235838975,57.57035981474884,32.45457784111151,39.4727467046669,29.711435696473103,11.685073031706448,17.06448165301033,2.20876380477378,9.262557890986818,23.51264695404346,66.08478802992519,98.111863199145,84.96615603847523,49.946562166013535,66.99323120769505,13.53758460990381,73.459209120057,20.484503028143926,41.85963662272889,58.78161738510865,11.827573922337015,31.100819380121123,45.279657997862486,52.83220520128251,71.10794442465266,27.520484503028143,32.00926255789099,63.35945849661561,68.45386533665835,34.64552903455647,49.162807267545425,70.64481653010331,48.00498753117207,35.518346989668686,22.426077662985396,37.228357677235486,15.390096188101177,8.906305664410402,5.878161738510865,23.51264695404346,52.76095475596723,66.61916636978981,33.48770929818311,45.43997149982187,18.881368008550055,35.785536159601,29.996437477734233,18.38261489134307,21.26825792661204,26.34485215532597,36.92554328464553,17.49198432490203,60.705379408621305,30.06768792304952,52.511578197363725,22.052012825080155,28.250801567509797,"[3.4085018503483133, -1.8760388887830375, 0.4116383403267678, 0.2611097131120371, 1.2160101080563435, -0.3151383136991755, 2.190954243302173, 3.0210914815485257, 3.4587151949073602, -0.058333143367961644, -1.0326348675311856, 1.5662270776139209, -0.14660265518007895, 0.3100216924854757, 0.48588682769787395, -1.2608574975254687, -0.31155465413613]",-2.051129,4.8459225
486835,9791,Damon Mirani,1996-05-13,183.0,right,Netherlands,CB,DM,450000.0,2933.0,0.044671669,0.460279577,0.153426526,0.337538357,0.011039405,38.60211388,86.34179822,2.669621548,45.54973822,0.153426526,0.030685305,0.030685305,100.0,0.245482441,88.88888889,4.357313331,57.95918367,2.638936243,56.20915033,58.05659734,0.797817934,0.122741221,0.398908967,8.929423798,1.07398568,0.859188544,1.104670985,0.613706103,2.853733379,0.030685305,0.460279577,5.891578588,,,,,,Center Back,1.455800057522222,14.999999992677777,5.000000008422222,11.000000012011112,0.35976194294444447,1258.0000001115554,87.00000000315555,5.000000008422222,0.9999999951666666,0.9999999951666666,7.999999993922222,141.99999999803333,86.00000000798889,1891.9999999802224,26.00000000468889,4.000000013255556,13.000000002344445,290.99999999482225,34.99999999377778,27.999999995022222,35.999999988944445,20.0000000011,93.00000000674444,0.9999999951666666,14.999999992677777,191.99999998448888,Center Back,67.40292126825793,45.457784111150694,57.92661204132526,66.40541503384397,41.75276095475597,44.74527965799786,62.20163876024225,45.38653366583541,57.08941930887068,24.33202707516922,49.21624510153188,46.775917349483436,98.111863199145,66.54791592447454,84.78802992518703,45.137157107231914,45.2084075525472,65.44353402208763,35.4470965443534,31.88457427858924,42.251514071962944,61.09725685785536,24.082650516565728,57.107231920199496,28.428927680798004,26.55860349127182,89.45493409333808,83.61239757748486,24.15390096188101,47.20342002137513,61.20413252582828,65.44353402208763,81.9380121125757,76.13110081938012,83.50552190951194,88.84930530815818,54.39971499821874,85.42928393302458,82.89989312433202,56.60847880299252,54.38190238688991,50.552190951193445,84.57427858924117,84.75240470252939,88.45742785892412,84.46740292126826,76.13110081938012,32.418952618453865,58.14036337727111,90.70181688635553,71.64232276451727,71.55325970787317,98.00498753117208,40.47025293908087,77.3067331670823,50.58781617385109,85.92803705023157,92.01995012468828,"[4.775300888936383, -2.141726252678231, -0.6076224160277073, 2.1484851060826795, 1.0627894144252048, -1.2211303644085407, 1.911146910125288, 2.424421188495459, 4.01206367522669, 0.2413166246519124, -0.965047999100892, 0.20172683255142795, -0.2201722831510863, 0.24247273120489077, -0.9466874327085392, -0.12807518471196483, -0.13522163345172805]",-2.0693626,4.7660213
1562023,8614,Nick Verschuren,2005-01-13,,right,Netherlands,CB,,250000.0,2676.0,0.027420403,0.403587444,0.100896861,0.302690583,0.01054781,40.42600897,89.63460104,1.917040359,50.89285714,0.235426009,0.0,0.067264574,100.0,0.168161435,83.33333333,3.834080717,54.80769231,2.286995516,57.14285714,59.32735426,0.941704036,0.100896861,0.437219731,9.719730942,0.941704036,1.34529148,1.782511211,1.109865471,2.455156951,0.0,0.302690583,5.650224215,,,,,,Center Back,0.8152999825333334,12.0000000016,3.0000000004,9.0000000012,0.31362155066666664,1202.0000000413334,57.0000000076,7.000000000933333,0.0,2.0000000002666667,5.000000000666667,113.99999998546667,68.00000000906667,1763.9999999973334,28.000000003733334,3.0000000004,13.000000001733333,289.0000000088,28.000000003733334,40.000000005333334,53.000000007066674,33.0000000044,73.00000000973334,0.0,9.0000000012,167.99999999266666,Center Back,51.51407196294977,37.47773423583897,41.289633060206626,60.84788029925187,40.577128607053794,49.661560384752406,85.03740648379052,17.27823298895618,77.75204845030281,44.175276095475596,23.51264695404346,62.94976843605272,98.111863199145,50.837192732454575,81.99144994656217,27.64517278232989,26.612041325258286,53.47345920912006,39.579622372639825,37.085856786604914,54.29283933024581,67.33167082294264,28.535803348770926,72.06982543640898,18.204488778054863,74.20733879586747,99.71499821873887,35.48272176701104,11.257570359814748,22.728892055575347,34.12896330602066,59.95724973281084,64.7310295689348,66.47666547915925,60.31350195938725,80.95831848949055,51.193444959031,82.72176701104382,57.24973281083007,69.54043462771642,23.51264695404346,73.29889561809762,68.5785536159601,71.85607410046313,80.15675097969363,80.33487709298183,79.65799786248664,48.61061631635198,58.03348770929818,90.34556465977911,58.35411471321695,92.48307801923762,99.89312433202707,10.509440684004275,61.09725685785536,22.728892055575347,62.878517990737436,86.78304239401497,"[5.391815300201754, -2.3016788805116866, -0.7419201645948045, 2.08143081965886, 1.010148509550292, -1.5483150407423374, 2.7444292833613435, 2.088082547944453, 4.033114694409241, -0.786342792115652, -1.0757312100065652, 0.029881243458754397, -0.9558694534186697, 0.40064972795608716, -0.20658869164174845, 1.0550964717571272, -1.0366916578795122]",-2.0945554,4.817884
1459965,9791,Stijn Bultman,2005-01-29,185.0,right,Netherlands,CB,,175000.0,1882.0,0.0,0.526036132,0.239107333,0.286928799,0.0,54.61211477,90.20537125,3.156216791,48.88888889,0.191285866,0.0,0.047821467,100.0,0.286928799,66.66666667,3.825717322,52.63157895,2.19978746,55.42168675,73.02337938,0.430393199,0.1434644,0.191285866,8.703506908,1.147715197,0.430393199,1.147715197,1.09989373,2.34325186,0.0,0.430393199,5.977683316,,,,,,Center Back,0.0,11.000000004711112,5.000000007844444,5.999999996866667,0.0,1141.9999999682223,66.00000000735555,3.999999997911111,0.0,1.0000000099333333,5.999999996866667,80.00000000004445,45.99999999688889,1526.999999924,9.000000005755556,3.0000000088888887,3.999999997911111,182.0000000095111,24.000000008377775,9.000000005755556,24.000000008377775,22.999999998444444,49.00000000577778,0.0,9.000000005755556,125.00000000791111,Center Back,16.084788029925186,56.50160313501959,81.18988243676523,58.17598859992875,15.995724973281083,85.32240826505165,88.88493053081582,61.9878874242964,70.75169219807623,34.09333808336302,23.51264695404346,53.75846099038119,98.111863199145,73.94014962593516,62.57570359814749,27.360171001068757,15.871036693979338,50.23156394727467,32.18738867117919,78.58924118275739,11.75632347702173,54.00783754898468,5.557534734592092,52.511578197363725,34.59209120057,1.7812611328820807,91.41432133950838,36.62272889205557,9.04880655504097,22.728892055575347,57.14285714285714,67.26042037762736,16.084788029925186,62.37976487353046,83.29177057356608,62.07695048094051,15.995724973281083,80.29925187032418,67.22479515496971,40.64837905236908,23.51264695404346,67.01104381902387,74.86640541503384,47.48842180263627,58.015675097969364,70.75169219807623,21.90951193444959,42.874955468471676,8.692554328464553,60.95475596722479,48.09405058781617,7.801923762023513,87.78054862842892,32.75739223370146,30.708941930887068,22.728892055575347,64.80228001425009,71.00106875667973,"[4.893751326306283, -1.5833226442701085, -1.3534762254145978, 2.3748300233797326, 0.6486793726386949, -1.558719384852214, 2.838917028306158, 2.5391648882080053, 2.7905137066727357, -0.5260651014227655, -0.7290068420342275, 0.8452406760114326, -1.210680661149711, 0.17991186635537929, -1.4797155682436087, -0.3400742731325802, -0.774528445158577]",-2.098486,4.8571653
1685076,9839,Tijn Joosten,2006-08-15,,,Netherlands,CB,,175000.0,1266.0,0.0,0.497630332,0.0,0.213270142,0.0,49.97630332,86.36363636,4.052132701,55.33980583,0.497630332,0.0,0.071090047,100.0,0.639810427,90.0,3.696682464,55.31914894,1.208530806,47.22222222,70.59241706,0.924170616,0.213270142,0.639810427,7.393364929,1.208530806,1.421800948,0.497630332,0.995260664,5.473933649,0.142180095,0.355450237,4.265402844,,,,,,Center Back,0.0,7.000000003466667,0.0,2.9999999974666665,0.0,703.0000000346666,56.99999999406666,7.000000003466667,0.0,0.9999999944666667,9.000000006466667,51.9999999936,17.0000000044,992.9999999773333,12.9999999984,2.9999999974666665,9.000000006466667,104.00000000126666,17.0000000044,20.000000001866667,7.000000003466667,14.000000006933334,76.99999999593334,2.0000000030000002,5.000000000466667,60.00000000559999,Center Back,16.084788029925186,52.048450302814395,7.249732810830068,44.65621660135376,15.995724973281083,76.48735304595654,62.397577484859276,83.54114713216958,89.2055575347346,86.42679016743855,23.51264695404346,64.05415033843963,98.111863199145,95.51122194513717,85.05521909511936,23.975774848592803,29.24830780192376,11.72069825436409,9.992874955468471,72.06982543640898,53.01033131457071,34.91271820448878,52.529390808692554,23.370146063412896,39.61524759529747,79.39080869255433,23.370146063412896,46.81154257214107,97.11435696473103,86.40897755610972,43.58745992162451,25.70359814748842,16.084788029925186,38.51086569291058,7.249732810830068,34.805842536515854,15.995724973281083,46.24153900961881,56.537228357677236,70.57356608478803,23.51264695404346,49.76843605272533,89.59743498396865,16.7794798717492,9.618810117563235,37.94086213038831,35.98147488421803,51.923762023512644,39.383683648022796,17.206982543640898,25.43640897755611,49.80406127538297,17.385108656929106,64.94478090488064,64.33915211970074,77.23548272176701,30.83363021018881,21.143569647310294,"[4.448156435233927, 0.5520383618902766, -1.1443266403309753, 2.0787680437874587, -0.5517465184509563, -1.5568714024818782, 2.0587072437990166, 2.472560437636032, 3.803496677904615, 0.7279872548627322, -0.33523614536307234, 1.2085548873537044, 0.23894528312022809, 0.7844869042803592, 0.74754371753446, -1.0068294258860442, 0.3710761194394052]",-2.0989661,4.9531493
490868,9773,Jan Bednarek,1996-04-12,189.0,right,Poland,CB,,11000000.0,2680.0,0.032007088,0.436567164,0.134328358,0.402985075,0.039986284,74.31716418,92.24676949,2.854477612,59.02777778,0.235074627,0.0,0.03358209,100.0,0.0,62.5,5.742537313,65.01901141,4.701492537,72.91666667,92.85447761,1.041044776,0.167910448,0.537313433,8.697761194,0.570895522,1.47761194,0.805970149,1.242537313,5.104477612,0.067164179,0.134328358,5.843283582,,,,,,Center Back,0.9530999537777779,12.999999994666668,3.999999993777778,12.000000011111112,1.190702679111111,2213.000000026667,85.00000000177778,7.000000004,0.0,1.0000000133333333,0.0,170.9999999871111,139.99999999066668,2764.9999999422225,30.99999999644444,5.000000007111111,16.00000000488889,258.99999999911114,16.999999988444447,43.99999999111112,23.999999992444444,36.99999998711111,152.00000000177778,1.999999996888889,3.999999993777778,173.99999999733333,Center Back,56.18097613110082,42.10901318133239,51.90594941218383,75.81047381546135,79.97862486640541,98.82436765229782,96.65122907018169,51.76344852155326,94.58496615603848,43.89027431421446,23.51264695404346,47.98717491984325,98.111863199145,5.985037406483791,49.946562166013535,80.0498753117207,85.64303526897044,95.90309939437121,94.46027787673673,98.39686498040614,62.62914143213395,46.063412896330604,40.47025293908087,52.333452084075525,3.0637691485571787,82.72176701104382,63.84039900249376,24.51015318845743,94.29996437477735,64.37477734235839,7.766298539365871,64.48165301033131,69.43355895974351,69.77199857499109,68.36480228001425,90.80869255432846,88.06555040969006,99.25187032418953,81.83113644460278,70.73387958674742,23.51264695404346,67.7235482721767,5.985037406483791,92.44745279657998,97.0074812967581,98.18311364446028,82.89989312433202,25.418596366227288,68.86355539722123,85.1086569291058,23.15639472746705,94.6918418240114,86.40897755610972,7.4456715354470955,97.32810830067687,72.31920199501248,18.346989668685428,88.2793017456359,"[6.162088275449243, -1.117432355322903, 0.6981742654063515, 4.16796063000269, -1.2815069303991211, -0.5831280716084714, 2.44912586462259, 3.0054198902999656, 1.7415763755198828, -0.8891160933676682, -0.9286569265077821, 2.424211266382117, -0.07821610592128887, -0.04320992630615135, -0.12011109174005405, -0.9194670030864195, -0.5785262521780105]",-2.0819478,4.7744203
280459,6050,Milan Mitrovic,1988-07-02,189.0,left,Serbia,CB,,1000000.0,1344.0,0.0,0.133928571,0.0,0.133928571,0.0,50.95982143,86.18346546,3.482142857,46.84684685,0.334821429,0.066964286,0.066964286,100.0,0.0,62.5,4.084821429,55.96330275,2.946428571,66.66666667,68.03571429,0.401785714,0.066964286,0.46875,5.892857143,0.669642857,0.9375,0.803571429,1.071428571,4.21875,0.0,0.602678571,3.482142857,,,,,,Center Back,0.0,1.9999999936,0.0,1.9999999936,0.0,761.0000000213333,51.99999999786667,5.0000000064000005,1.0000000042666666,1.0000000042666666,0.0,61.0000000064,43.99999999360001,1016.000000064,5.999999995733334,1.0000000042666666,7.0,88.00000000213333,9.999999997866666,14.0,12.0000000064,15.9999999936,63.0,0.0,8.9999999936,51.99999999786667,Center Back,16.084788029925186,4.916280726754542,7.249732810830068,28.99893124332027,15.995724973281083,78.83861774136088,60.705379408621305,71.571072319202,62.451015318845734,66.9397933737086,70.2885643035269,62.62914143213395,98.111863199145,5.985037406483791,49.946562166013535,35.83897399358746,33.20270751692198,74.27858924118276,79.55112219451371,65.12290701816886,10.081938012112577,79.97862486640541,32.3655147844674,4.987531172069826,5.397221232632704,34.324902030637695,63.43070894193089,39.34805842536516,79.55112219451371,22.728892055575347,79.622372639829,13.50195938724617,16.084788029925186,3.09939437121482,7.249732810830068,22.426077662985396,15.995724973281083,52.9034556465978,50.12468827930174,55.78909868186677,69.89668685429284,62.55789098681866,5.985037406483791,28.001425008906306,55.04096900605629,39.86462415390096,8.550053437833986,76.73672960456003,25.863911649447807,8.44317776986106,5.682223013893837,25.50765942287139,46.5799786248664,58.71036693979338,49.946562166013535,22.728892055575347,59.44068400427503,14.285714285714285,"[4.707034687245159, -0.825167570977901, -1.0254046101859577, 1.7016361605584922, -0.024380800135187147, -1.009260101869119, 2.395728283606196, 3.5864169366366765, 2.281677980222263, 0.10974547125965826, -0.32088277741038207, 1.418464944129335, 0.28410218089519057, 0.11832931603751122, -0.7974782493267766, -0.8248082496090607, -0.48265338990947765]",-2.1232986,4.876267
1392232,10268,Marc Aguado,2000-02-22,178.0,left,Spain,CM,DM,,2514.0,0.007639618,0.107398568,0.071599045,0.0,0.020619865,43.13842482,90.80633007,1.07398568,45.45454545,0.393794749,0.035799523,0.071599045,100.0,0.0,50.0,2.828162291,57.66423358,0.322195704,34.61538462,57.85202864,0.178997613,0.214797136,0.823389021,5.978520286,1.718377088,1.539379475,0.751789976,0.894988067,3.472553699,0.393794749,0.357995227,1.968973747,,,,,,Central Midfielder,0.21339999613333333,2.9999999994666666,1.9999999903333334,0.0,0.5759815623333334,1204.9999999719998,29.99999999466667,10.999999988733334,1.0000000091333334,1.9999999903333334,0.0,78.99999999526666,8.999999998400002,1616.0000000106668,4.9999999898,5.999999998933333,22.9999999866,166.99999998893335,47.999999991466666,43.00000000166667,20.999999996266666,25.000000004866667,96.99999999206668,10.999999988733334,10.000000007533334,54.99999999953333,Central Midfielder,31.678486997635936,0.6304176516942475,10.717100078802206,21.82821118991332,33.018124507486206,76.43814026792751,96.33569739952719,11.89913317572892,28.112687155240344,10.08668242710796,22.77383766745469,24.62568951930654,99.74389282899921,0.43341213553979513,47.57683215130024,5.279747832939322,86.72182821118992,8.077226162332545,13.750985027580773,48.7391646966115,3.821907013396375,95.8628841607565,28.881008668242707,76.24113475177306,39.63750985027581,87.43104806934593,97.39952718676122,81.75728920409772,9.535066981875492,62.49014972419228,5.319148936170213,75.88652482269504,33.687943262411345,1.8518518518518516,14.657210401891252,21.82821118991332,40.14972419227739,90.5043341213554,38.49487785657998,27.85657998423956,41.52876280535855,29.196217494089833,0.43341213553979513,48.226950354609926,23.128447596532702,82.54531126871552,7.289204097714736,85.38219070133964,58.6682427107959,89.91331757289204,74.42868400315209,95.58707643814027,99.09377462568952,44.05043341213554,61.66272655634357,78.56579984239559,28.881008668242707,89.55870764381403,"[3.2543912944072972, 0.4355018112301011, -2.1869478607321358, 0.12061984986287326, 0.3837732114905375, -0.9189063706832538, 2.2553815854116386, 3.1285927039264503, 3.3606467791946657, -1.2967246743155965, -2.3268494646146896, 1.2241604238423278, 0.18395644355306956, -0.04532569023965265, 0.5165967599039832, 0.6934453363176024, 0.6516842412881403]",-2.0548239,4.951102
872396,8370,Pathé Ciss,1994-03-16,183.0,right,Senegal,DM,"CB,CM",,1995.0,0.149372933,0.902255639,0.360902256,0.406015038,0.016360331,47.95488722,89.17785235,4.105263158,65.0,0.541353383,0.045112782,0.045112782,100.0,0.406015038,69.23076923,4.962406015,56.70103093,1.533834586,54.83870968,67.93984962,0.766917293,0.496240602,0.586466165,8.30075188,2.436090226,1.62406015,0.721804511,1.353383459,5.187969925,0.090225564,0.496240602,3.518796992,,,,,,Central Midfielder,3.311100014833334,19.999999997833335,8.000000008,9.000000009,0.36265400383333335,1063.0000000433336,91.00000000233334,11.999999989833334,1.000000001,1.000000001,9.000000009,109.99999999916668,33.99999998966667,1505.9999999100003,16.999999994833335,11.000000011000001,12.999999990833334,184.00000000666668,54.00000000966667,35.99999999166667,15.999999993833335,30.000000007833336,115.00000000416668,2.000000002,11.000000011000001,77.99999998933333,Central Midfielder,92.63199369582348,45.09456264775414,68.36091410559496,95.07486209613869,31.954294720252168,85.85500394011032,90.85894405043341,93.42001576044129,86.9779353821907,21.513002364066196,25.256107171000785,18.006304176516945,99.74389282899921,36.13081166272656,90.20882584712372,57.30890464933018,82.95902285263988,80.575256107171,71.59180457052797,79.19621749408984,32.82111899133176,71.8676122931442,13.238770685579196,95.35066981875492,77.62017336485421,90.62253743104807,96.88731284475965,47.93144208037825,64.30260047281324,20.724980299448383,14.775413711583923,98.06934594168636,93.93223010244287,59.33806146572104,77.77777777777779,96.71000788022064,34.39716312056738,85.26398739164696,93.49881796690308,32.702915681639084,32.702915681639084,22.5177304964539,52.4822695035461,70.44917257683215,84.20015760441292,78.4869976359338,42.00157604412924,54.84633569739953,24.192277383766744,93.36091410559496,82.19070133963751,91.09535066981876,96.02048857368007,29.82663514578408,73.60126083530338,24.62568951930654,34.909377462568955,96.84791174152876,"[4.007386959403933, 0.3834100629726094, 0.32905927857803235, 2.4769543451880205, -1.1281791373533212, -1.3093424369211546, 3.526766666916182, 2.2906447994003174, 2.8148560264392355, 0.27710013384684257, -1.486625028510808, 0.19712339194793246, 0.48452817225030026, 0.37607273902996813, 1.0733928412719245, -0.964211205977752, 0.2673310822298921]",-2.02953,4.9269857
705484,9804,Eray Cömert,1998-02-04,183.0,right,Switzerland,CB,,15000000.0,1339.0,0.0799649,0.73935773,0.201643017,0.336071695,0.035012447,46.10903659,85.85732165,2.755787901,39.80582524,0.403286034,0.067214339,0.067214339,100.0,0.0,62.5,3.764002987,63.63636364,1.142643764,54.83870968,67.14712472,1.008215086,0.067214339,0.873786408,9.410007468,1.747572816,1.344286781,0.403286034,0.604929052,3.091859597,0.067214339,0.537714712,5.914861837,,,,,,Center Back,1.1897000122222223,11.000000005222223,2.999999997366667,4.999999995611112,0.5209074059222223,685.9999999334445,40.99999999376667,5.999999994733334,0.9999999991222223,0.9999999991222223,0.0,55.99999999547778,16.999999999955556,999.0000000008888,15.000000001711113,0.9999999991222223,13.000000003466667,139.99999999613334,26.000000006933334,19.999999997322224,5.999999994733334,9.000000006977778,46.000000004255554,0.9999999991222223,7.999999992977778,87.99999999714444,Center Back,88.31492696829355,78.53580334877093,73.38795867474171,66.17385108656929,74.7417171357321,66.90416815105095,58.49661560384752,48.2009262557891,33.238332739579626,77.16423227645173,70.53794086213038,62.896330602066264,98.111863199145,5.985037406483791,49.946562166013535,25.6857855361596,79.72924830780192,10.046312789454934,29.497684360527256,62.34413965087282,60.491628072675454,79.76487353045957,73.44139650872819,67.40292126825793,77.18204488778055,73.99358745992163,12.540078375489847,84.32490203063769,35.019593872461705,64.42821517634485,72.39045244032776,65.97791236195226,75.41859636622729,62.52226576416102,57.07160669754185,53.74064837905237,65.01603135019593,44.03277520484503,33.06020662629142,59.13786961168507,60.66975418596366,55.37940862130388,5.985037406483791,21.054506590666193,9.084431777698612,38.33273957962237,45.137157107231914,82.16957605985037,58.49661560384752,40.790879942999645,53.54470965443534,48.69967937299608,9.29818311364446,84.96615603847523,26.505165657285357,55.45065906661917,52.35126469540434,45.279657997862486,"[4.300794736345589, -0.7304196984333036, -0.6334472540537606, 1.7514256393442542, 0.6465625234400042, -0.21795326031719175, 1.8371261821372575, 3.280724506367323, 2.8549693961968328, 0.09020820617945816, -2.0873113621257233, 0.2686922483698934, -0.33223310377197407, -0.3656178840090207, 0.3233305859841339, -0.3296409431080185, 0.7740123615302363]",-2.1166055,4.90509
833219,10205,Juan Foyth,1998-01-12,179.0,right,Argentina,CB,RB,,936.0,0.012,0.192307692,0.0,0.192307692,0.017086306,48.75,89.73451327,2.980769231,52.54237288,0.0,0.0,0.096153846,100.0,0.288461538,75.0,3.173076923,64.70588235,0.865384615,56.25,66.53846154,0.192307692,0.096153846,0.096153846,9.807692308,1.923076923,1.538461538,0.961538462,0.769230769,4.423076923,0.096153846,0.096153846,5.384615385,,,,,,Center Back,0.12480000000000001,1.9999999968000002,0.0,1.9999999968000002,0.1776975824,507.0,31.0000000024,0.0,0.0,0.9999999984000001,2.9999999952000005,32.9999999992,8.999999996,692.0000000160001,1.9999999968000002,0.9999999984000001,0.9999999984000001,102.0000000032,19.9999999992,15.9999999952,10.0000000048,7.9999999976,45.9999999992,0.9999999984000001,0.9999999984000001,56.000000004,Center Back,39.04524403277521,9.120057000356251,7.249732810830068,40.862130388314924,51.40719629497684,73.74421090131813,85.71428571428571,56.18097613110082,82.49020306376916,1.7100106875667973,23.51264695404346,73.44139650872819,98.111863199145,74.06483790523691,73.99358745992163,11.75632347702173,84.30708941930887,4.1681510509440685,35.67866049162807,60.349127182044896,2.582828642679017,68.72105450659066,1.3181332383327395,73.92233701460634,85.03740648379052,85.21553259707873,80.19237620235127,69.0951193444959,84.46740292126826,76.89704310651942,4.577841111506946,54.11471321695761,36.15960099750624,3.4556465977912363,7.249732810830068,24.10046312789455,40.790879942999645,23.102956893480584,17.74136088350552,1.7100106875667973,23.51264695404346,54.239401496259354,43.56964731029569,2.6006412540078374,1.4784467402921269,11.221945137157107,1.3359458496615604,82.89989312433202,0.6768792304951906,16.209476309226932,34.05771286070538,32.24082650516566,35.179907374421084,90.8443177769861,25.89953687210545,54.275026718917,2.386889918061988,17.91948699679373,"[5.944466242484401, -0.22151615742879918, -1.1280634248938155, 1.9691062078374986, 0.6593396493773755, -1.2226155029169443, 2.238058268562406, 2.126871142641499, 3.526323937404699, -0.3105286278744897, -1.7572210725276867, 0.8741783719301022, 0.5693063129153915, 0.19805545640532382, 0.9057422529597244, -0.12874583024451203, -0.043073275901763394]",-2.0620008,4.898624
863169,8696,Manu,1998-07-19,181.0,right,Spain,CB,,,1955.0,0.075655246,0.782608696,0.230179028,0.276214834,0.022639552,33.09974425,85.18957346,1.150895141,26.59574468,0.276214834,0.138107417,0.046035806,100.0,0.092071611,100.0,3.590792839,63.41463415,2.716112532,67.81609195,51.32992327,1.012787724,0.0,0.046035806,9.483375959,0.73657289,1.058823529,0.874680307,0.690537084,1.933503836,0.0,0.138107417,6.813299233,,,,,,Center Back,1.6434000658888888,17.000000007555556,4.999999997111111,6.000000005222223,0.49178137955555556,719.0000000972223,25.000000007277773,6.000000005222223,3.0000000026111113,1.0000000081111111,1.9999999944999998,78.00000000272222,59.00000000066666,1114.9999999205556,22.000000004666667,0.0,1.0000000081111111,205.99999999827776,15.999999999444444,22.999999991055557,19.000000002055554,14.999999991333333,41.99999999311111,0.0,3.0000000026111113,148.00000000572223,Center Back,86.88991806198788,82.04488778054862,79.67581047381546,56.50160313501959,59.992874955468466,27.823298895618098,53.01033131457071,1.9593872461702886,2.0306376914855715,54.862842892768086,92.34057712860705,53.330958318489486,98.111863199145,30.60206626291414,92.67901674385465,21.197007481296758,78.60705379408621,68.07980049875312,83.55895974349839,13.96508728179551,60.84788029925187,94.40684004275026,0.3562522265764161,68.54292839330246,8.051300320627004,48.450302814392586,71.7491984324902,76.70110438190238,2.2443890274314215,22.728892055575347,8.051300320627004,82.50801567509797,85.64303526897044,84.00427502671891,79.622372639829,65.47915924474528,63.234770217313866,48.12967581047381,9.761311008193802,63.34164588528678,93.44495903099394,66.29853936587104,29.42643391521197,45.74278589241183,72.88920555753474,47.63092269326683,67.58104738154613,94.40684004275026,1.2825080156750979,70.35981474884217,21.232632703954398,58.532240826505166,75.70359814748842,64.23227645172783,19.629497684360526,22.728892055575347,15.318845742785891,80.40612753829711,"[4.675538085633894, -3.24061681272306, -0.6136231952154197, 2.112786551304855, 2.4208199259887957, -0.6102723856264411, 1.2562707563434796, 2.5199269115740615, 4.5443913215645955, 0.22731798265229675, -0.6500983458332308, 0.6646858454835394, -0.098100154860544, -1.2717488599003013, 0.1144305043249137, 0.47203546821632875, -0.1537676095731323]",-2.0629175,4.6867237
769334,9777,Yoan Severin,1997-01-24,188.0,left,France,CB,,,1057.0,0.020690634,0.255439924,0.170293283,0.085146641,0.012064863,45.46830653,90.35532995,2.043519395,36.92307692,0.170293283,0.085146641,0.085146641,100.0,0.170293283,66.66666667,3.916745506,54.76190476,2.043519395,60.0,62.49763482,0.510879849,0.0,0.59602649,8.259224219,1.106906339,1.021759697,1.021759697,1.106906339,3.405865658,0.0,0.681173132,5.108798486,,,,,,Center Back,0.24300000153333332,2.999999996311111,2.0000000014555552,0.9999999948555555,0.14169511323333334,534.0000000245556,24.00000000572222,2.0000000014555552,0.9999999948555555,0.9999999948555555,2.0000000014555552,45.99999999824444,24.00000000572222,734.0000000526667,6.000000004366667,0.0,6.999999999222221,96.99999999425555,13.000000003588887,11.999999996988889,11.999999996988889,13.000000003588887,40.00000000562222,0.0,8.000000005822221,59.99999999668889,Center Back,45.671535447096545,15.746348414677591,64.19665122907018,21.03669397933737,43.56964731029569,64.62415390096187,89.41930887068044,20.840755254720342,20.929818311364446,28.99893124332027,79.49768436052726,69.8610616316352,98.111863199145,51.050944068400426,62.57570359814749,30.317064481653013,26.469540434627714,43.64089775561097,51.549697185607414,47.70217313858212,17.49198432490203,94.40684004275026,47.84467402921268,41.6102600641254,30.780192376202354,43.99714998218739,84.93053081581759,35.910224438902745,48.91343070894193,22.728892055575347,85.82116138225864,46.3127894549341,40.61275382971144,7.410046312789455,43.961524759529745,14.517278232988955,38.190238688991805,26.433915211970078,8.44317776986106,17.598859992874953,53.5090844317777,49.91093694335589,34.98396864980406,11.471321695760599,21.339508371927323,14.14321339508372,10.064125400783755,94.40684004275026,25.47203420021375,12.718204488778055,13.573209832561453,16.102600641254007,43.53402208763805,69.61168507303171,17.91948699679373,22.728892055575347,57.24973281083007,20.41325258282864,"[4.671728553782686, -0.9924112483048126, -0.8360780675171503, 1.0942777697238621, 0.7199389882540276, -0.894848316387195, 2.425391277416497, 2.969301017756556, 3.3213780684582153, -0.3988244923996194, -1.1308174197604626, 0.7940497939803394, -0.7781011238695237, -0.41682842100639933, -0.6367738174292092, 0.061542414882701284, -0.6487730289592037]",-2.0830145,4.8468113
189980,9824,Denis Simani,1991-10-13,187.0,both,Albania,CB,,,1598.0,0.0,0.506883605,0.168961202,0.394242804,0.0,63.97997497,92.28269699,2.421777222,65.15151515,0.225281602,0.056320401,0.056320401,100.0,0.112640801,50.0,7.096370463,59.71563981,4.111389237,68.22429907,84.48060075,1.182728411,0.281602003,0.563204005,10.25031289,2.309136421,1.745932416,0.957446809,1.971214018,4.899874844,0.0,0.506883605,5.237797247,,,,,,Center Back,0.0,9.000000008777777,3.0000000088444447,7.000000008800001,0.0,1136.000000022889,43.0000000084,3.9999999999555556,1.0000000088666667,1.0000000088666667,1.9999999999777778,125.99999999860002,73.00000000806666,1499.9999999833333,21.000000008644445,5.000000008822222,9.999999999888889,181.99999998022224,41.00000000842222,31.000000008533334,17.00000000868889,35.00000000848889,87.00000000791111,0.0,9.000000008777777,93.00000000784445,Center Back,16.084788029925186,53.58033487709298,63.76914855717848,74.652654079088,15.995724973281083,95.29747060919131,96.75810473815461,35.05521909511934,98.05842536515853,41.96651229070182,63.50195938724617,57.39223370146064,98.111863199145,35.589597434983965,23.815461346633416,94.62059137869612,57.78411115069469,91.948699679373,84.59209120057001,94.51371571072319,71.39294620591379,23.085144282151763,43.462771642322764,80.65550409690061,94.05058781617385,92.8037050231564,79.622372639829,1.4250089063056643,91.91307445671535,22.728892055575347,69.14855717848236,49.98218738867118,16.084788029925186,52.26220163876024,66.12041325258284,73.19201995012469,15.995724973281083,79.83612397577485,37.33523334520841,41.681510509440685,74.54577841111507,66.70822942643392,33.505521909511934,78.58924118275739,83.0602066262914,69.32668329177058,65.30103313145707,24.723904524403277,42.94620591378696,60.66975418596366,82.40114000712504,79.47987174919842,69.89668685429284,8.514428215176345,73.53045956537228,22.728892055575347,65.26540790879943,50.58781617385109,"[5.703128767585667, -0.4325768342506871, 2.2541062835024683, 2.4947702211596123, -1.578834843908751, -1.381902818031499, 3.9422049205576104, 2.851599678862084, 1.4833646991226754, -0.8791340169678932, -1.5395133618294592, 1.375448770155031, -0.30116176037021314, -0.3005498003889007, 0.07786425944977365, -0.3265880739675199, -0.9520535024987529]",-2.0374897,4.8492045
607885,658811,Ali Aytemur,1996-04-03,184.0,left,Turkiye,CB,,,3050.0,0.0,0.354098361,0.08852459,0.26557377,0.0,40.57377049,84.04645477,4.190163934,44.375,0.206557377,0.029508197,0.029508197,100.0,0.08852459,50.0,2.950819672,59.88023952,1.475409836,58.13953488,59.07540984,0.678688525,0.0,0.796721311,7.613114754,0.590163934,0.855737705,0.767213115,0.708196721,2.567213115,0.029508197,0.324590164,5.4,,,,,,Center Back,0.0,12.000000011666664,2.999999994444444,8.999999983333332,0.0,1374.9999999388888,141.99999998555555,6.999999998333332,1.0000000094444443,1.0000000094444443,2.999999994444444,99.99999999555556,49.99999999777778,2002.000000133333,23.000000013888886,0.0,26.999999983888888,257.99999999666665,19.999999985555554,29.000000002777774,26.00000000833333,23.99999998944444,87.00000000833332,1.0000000094444443,11.000000002222222,183.0,Center Back,16.084788029925186,29.497684360527256,35.98147488421803,54.29283933024581,15.995724973281083,50.19593872461703,45.31528322052013,85.82116138225864,52.440327752048454,37.76273601710011,48.343427146419664,46.3127894549341,98.111863199145,29.21268257926612,23.815461346633416,7.890986818667617,58.924118275739225,19.540434627716426,43.480584253651585,35.696473102956894,30.673316708229425,94.40684004275026,67.79479871749199,27.573922337014604,3.4200213751335946,26.220163876024227,59.31599572497328,75.06234413965088,13.822586391164945,46.4909155682223,38.0121125757036,54.25721410758817,16.084788029925186,68.54292839330246,54.47096544353403,78.58924118275739,15.995724973281083,89.34805842536517,97.29248307801925,68.29355183469896,74.9198432490203,66.83291770573567,43.070894193088705,63.27039543997151,63.519771998574996,87.60242251514072,70.64481653010331,94.40684004275026,88.42180263626648,84.78802992518703,32.34770217313858,74.52796579978624,90.87994299964375,30.81581759885999,73.56608478802993,66.36978981118632,74.24296401852511,90.20306376914856,"[4.413371980424888, -1.7222938866076103, -1.8836226076623908, 1.650011367863035, 0.9186690522229918, -1.1278749923069993, 1.757108551311726, 3.723873275843372, 2.2300985420305826, -0.2275034808374338, -1.2109118509446677, 0.5263651070707506, -0.13457978885899505, 0.9520124491921199, -0.2543193084707346, -0.30215016052346555, -0.17535440061021043]",-2.1591923,4.7991934
1575685,863838,Onur Ulaş,1997-03-13,185.0,left,Turkiye,CB,,,2006.0,0.0,0.35892323,0.134596211,0.224327019,0.0,60.16450648,89.0438247,5.024925224,51.14155251,0.224327019,0.0,0.044865404,100.0,0.224327019,83.33333333,3.678963111,61.19402985,1.480558325,55.93220339,78.24526421,0.583250249,0.134596211,0.897308076,6.505483549,1.121635095,1.435692921,0.269192423,0.762711864,3.723828514,0.044865404,0.269192423,3.678963111,,,,,,Center Back,0.0,7.9999999931111105,2.999999991844444,5.000000001266666,0.0,1340.9999999875554,111.99999999271111,5.000000001266666,0.0,1.000000004711111,5.000000001266666,82.00000000739999,32.99999999944444,1744.0000000584444,12.999999994377777,2.999999991844444,20.000000005066664,144.99999999215555,25.000000006333334,31.999999994733333,6.000000005977777,16.999999990933333,82.99999998982221,1.000000004711111,6.000000005977777,82.00000000739999,Center Back,16.084788029925186,30.388314926968295,52.048450302814395,46.59779123619522,15.995724973281083,92.16245101531885,81.86676166726042,94.4424652654079,78.1617385108657,41.85963662272889,23.51264695404346,52.77876736729604,98.111863199145,62.77164232276452,81.99144994656217,23.65514784467403,66.9397933737086,19.77199857499109,34.413965087281795,87.74492340577129,22.80014250089063,57.16066975418597,75.31172069825436,10.936943355895973,31.955824723904524,80.24581403633772,4.061275382971143,69.89668685429284,62.52226576416102,54.25721410758817,28.072675454221592,16.066975418596368,16.084788029925186,40.82650516565728,53.29533309583185,56.2522265764161,15.995724973281083,88.38617741360883,92.44745279657998,53.18845742785893,23.51264695404346,63.14570716066975,68.72105450659066,49.62593516209476,37.014606341289635,79.65799786248664,34.87709298183114,55.52190951193445,79.05236907730672,43.81902386889918,50.837192732454575,80.33487709298183,12.860705379408621,54.738154613466335,69.50480940505878,62.71820448877805,41.6102600641254,40.54150338439616,"[5.071887717531376, 0.09296988524000034, -1.4727986955227237, 2.7114319384801413, -0.6168330647425101, -1.5160436534392772, 1.528824592088415, 3.1361501262543543, 2.7845408377154857, 0.3466045410782214, -0.48537715240896734, 1.0604879618604568, 0.20164131814640557, 0.14869636130532862, 0.5768773557526894, -1.2641296273430778, 0.9760088231682448]",-2.0785172,4.9544697
1599450,1559140,Caner Kaban,2006-03-20,176.0,right,Türkiye,DM,"CB,CM",,1259.0,0.0,0.214455917,0.142970612,0.071485306,0.0,23.66163622,80.92909535,0.929308975,36.11111111,0.285941223,0.071485306,0.071485306,100.0,0.357426529,45.45454545,2.287529786,43.24324324,0.643367752,47.36842105,40.17474186,0.428911835,0.643367752,0.357426529,5.718824464,0.929308975,0.428911835,0.714853058,0.643367752,3.359809373,0.214455917,0.571882446,3.645750596,,,,,,Central Midfielder,0.0,2.9999999944777778,2.0000000056444445,1.0000000028222222,0.0,331.00000001088887,12.999999994722222,3.9999999973,1.0000000028222222,1.0000000028222222,5.000000000122222,32.000000006377775,8.999999997422222,562.0000000193334,6.000000002944445,8.999999997422222,5.000000000122222,80.00000000195556,12.999999994722222,6.000000002944445,10.000000000244444,8.999999997422222,47.00000000674444,2.9999999944777778,7.9999999946,51.000000004044445,Central Midfielder,15.149724192277384,2.2852639873916467,25.354609929078016,58.175728920409775,15.189125295508275,10.795902285263988,34.47596532702916,7.880220646178094,8.313632781717887,4.0189125295508275,36.13081166272656,24.58628841607565,99.74389282899921,30.260047281323878,34.21985815602837,1.69424743892829,10.835303388494879,31.16627265563436,46.82821118991332,2.7580772261623325,14.144996059889678,55.04334121355397,3.8613081166272654,71.31599684791175,3.8613081166272654,5.279747832939322,96.61150512214341,93.69582348305752,7.5650118203309695,33.8849487785658,21.749408983451538,98.50275807722616,15.149724192277384,1.615445232466509,24.70449172576832,56.40267927501969,15.189125295508275,10.559495665878645,6.107171000788022,3.6249014972419227,35.38219070133964,24.074074074074073,23.995271867612296,1.8912529550827424,22.93144208037825,6.619385342789598,11.78092986603625,69.34594168636721,3.467297084318361,45.981087470449175,3.5066981875492518,5.476753349093775,84.20015760441292,95.58707643814027,10.520094562647754,27.89598108747045,14.49960598896769,87.43104806934593,"[1.763274821654311, -1.197588591979348, -2.601147112443367, -0.7141639867122622, 1.9810878481032945, -1.1930230638351726, 2.3367738140000025, 3.193127189667993, 3.3937359684299175, -0.2001756420283222, -1.6909889854507034, 1.3068877917768742, 0.2860724517948514, 0.3594359408742335, -0.9784890289060347, -0.19366544714714723, -0.6262407842441774]",-2.0621731,4.7432084
1368339,149993,Kayque Campos,2003-02-20,177.0,,Brazil,CB,,,1720.0,0.0,0.36627907,0.156976744,0.209302326,0.0,35.11046512,86.13607189,4.081395349,54.54545455,0.261627907,0.104651163,0.156976744,100.0,0.104651163,28.57142857,3.453488372,54.09836066,1.674418605,57.14285714,52.48255814,0.523255814,0.104651163,0.627906977,7.953488372,1.098837209,0.889534884,0.889534884,0.680232558,3.244186047,0.052325581,0.680232558,5.075581395,,,,,,Center Back,0.0,7.000000004444444,2.9999999964444446,4.000000008,0.0,671.0000000711111,78.00000000311111,5.0000000004444445,2.000000004,2.9999999964444446,2.000000004,65.99999999822222,32.00000000666667,1003.000000008889,10.000000000888889,2.000000004,12.000000004888888,151.99999999822222,20.99999999422222,17.000000005333334,17.000000005333334,12.999999997333333,62.00000000933333,0.9999999924444445,12.999999997333333,96.99999999333333,Center Back,16.084788029925186,31.27894549340933,59.209120057000355,43.9258995368721,15.995724973281083,34.30708941930887,60.31350195938725,84.36052725329533,87.01460634128964,50.99750623441397,86.49804061275384,83.07801923762024,98.111863199145,34.022087638047736,3.7940862130388315,17.634485215532596,22.889205557534734,27.85892411827574,39.579622372639825,16.85073031706448,18.18667616672604,66.40541503384397,51.58532240826506,35.12646954043463,30.138938368364805,29.568934805842535,73.38795867474171,77.98361239757749,42.07338795867474,56.929105806911295,85.74991093694335,45.10153188457428,16.084788029925186,38.97399358745992,56.0741004631279,51.22907018168864,15.995724973281083,42.50089063056644,76.91485571784824,52.9034556465978,85.4470965443534,80.78019237620235,37.5846099038119,32.59707873174207,36.213038831492696,38.582116138225864,24.617028856430352,61.15069469184182,53.936587103669396,47.80904880655504,36.7296045600285,39.02743142144639,69.32668329177058,71.51763448521552,49.09155682223014,47.70217313858212,80.9048806555041,53.18845742785893,"[3.8959699700591033, -1.009649109749587, -1.5301988025266835, 1.1234220835271118, 0.820869746478175, -1.178487968202822, 2.812512743647359, 3.7221528250373486, 1.5519024669018155, -0.08748546177328884, -2.0983203630671547, 0.09012888353422882, 0.18865193788636167, 1.3854008832404725, -0.7405322683646066, -0.13442665743993285, -0.7954727540953895]",-2.1028252,4.825259
463265,102111,Sasa Ivkovic,1993-05-13,192.0,right,United Arab Emirates,CB,,,1664.0,0.0,0.324519231,0.054086538,0.216346154,0.0,46.89302885,92.03821656,1.298076923,46.15384615,0.162259615,0.054086538,0.054086538,100.0,0.0,62.5,3.461538462,56.63716814,2.650240385,64.47368421,59.87379808,0.594951923,0.054086538,0.378605769,6.436298077,0.432692308,0.594951923,0.486778846,0.919471154,3.353365385,0.0,0.216346154,4.921875,,,,,,Center Back,0.0,6.000000004266666,0.9999999914666666,4.000000002844445,0.0,867.000000071111,23.999999998577774,2.9999999928888887,0.9999999914666666,0.9999999914666666,0.0,64.00000000853333,49.000000007111105,1107.000000056889,10.999999998577776,0.9999999914666666,6.999999995733332,119.00000000142221,8.00000000568889,10.999999998577776,8.999999997155555,17.000000002844445,62.000000007111105,0.0,4.000000002844445,90.99999999999999,Center Back,16.084788029925186,25.329533309583184,20.431065194157462,45.49340933380834,15.995724973281083,68.93480584253652,96.00997506234414,3.9543997149982193,59.565372283576764,26.718916993231208,62.43320270751692,56.519415746348415,98.111863199145,5.985037406483791,49.946562166013535,17.972924830780194,37.13929462059138,66.22728892055575,70.78731742073387,38.93836836480228,23.548272176701104,83.9864624153901,21.784823655147846,10.010687566797293,1.1756323477021733,7.035981474884218,21.980762379764872,54.96971856074101,46.41966512290702,22.728892055575347,18.257926612041324,40.47025293908087,16.084788029925186,31.706448165301033,15.568222301389383,48.770929818311366,15.995724973281083,62.13038831492697,7.908799429996439,24.047025293908085,49.41218382614891,47.0074812967581,5.985037406483791,30.92269326683292,62.84289276807981,47.13216957605985,27.787673672960455,88.04773779836124,24.456715354470965,27.3957962237264,3.526897043106519,12.985393658710368,26.576416102600643,52.40470252939081,49.02030637691486,22.728892055575347,23.387958674741718,48.32561453509084,"[4.019811783147379, -1.8545738191038268, -1.8325701784158386, 1.7598543521970058, 0.5940500689318775, -1.421999284780024, 1.8133767766353375, 3.3889647160012664, 2.631653933703207, -0.7059556214861353, -0.968045800193153, 1.7439707552446566, 0.37324584270921823, -1.0242073970291468, -0.8046781210679209, -0.42920654103858874, -0.3532467252755443]",-2.1480496,4.940676
