fotmob_id,team_id,name,dob,height_cm,preferred_foot,country,category,positions,transfermarkt_value,season_type
215168,9879,Bernd Leno,1992-03-04T00:00:00.000Z,190,right,Germany,GK,,6000000,2
209405,8650,Virgil van Dijk,1991-07-08T00:00:00.000Z,193,right,Netherlands,CB,,15000000,2
523825,8654,Jarrod Bowen,1996-12-20T00:00:00.000Z,174,left,England,RW,"RM,AM,ST",32000000,2
1177358,8678,Adrien Truffert,2001-11-20T00:00:00.000Z,176,left,France,LB,,30000000,2
1089691,8456,Elliot Anderson,2002-11-06T00:00:00.000Z,179,right,England,DM,CM,75000000,2
1067256,8678,Djordje Petrovic,1999-10-08T00:00:00.000Z,194,right,Serbia,GK,,28000000,2
776689,9937,Caoimhín Kelleher,1998-11-23T00:00:00.000Z,188,right,Ireland,GK,,28000000,2
562727,9825,David Raya,1995-09-15T00:00:00.000Z,183,right,Spain,GK,,30000000,2
719330,9826,Dean Henderson,1997-03-12T00:00:00.000Z,188,right,England,GK,,28000000,2
883080,10252,Morgan Rogers,2002-07-26T00:00:00.000Z,187,right,England,AM,"RW,LW",90000000,2
785411,8586,Marcos Senesi,1997-05-10T00:00:00.000Z,184,left,Argentina,CB,,25000000,2
243138,8668,James Tarkowski,1992-11-19T00:00:00.000Z,185,right,England,CB,,5000000,2
1429912,9937,Michael Kayode,2004-07-10T00:00:00.000Z,179,right,Italy,RB,RWB,40000000,2
1302005,9937,Igor Thiago,2001-06-26T00:00:00.000Z,191,right,Brazil,ST,,65000000,2
1120224,9826,Tyrick Mitchell,1999-09-01T00:00:00.000Z,174,left,England,LWB,LM,25000000,2
362694,10260,Luke Shaw,1995-07-12T00:00:00.000Z,178,left,England,CB,LB,700000,2
846005,8650,Dominik Szoboszlai,2000-10-25T00:00:00.000Z,185,right,Hungary,AM,"RB,DM,CM,RW,LW",100000000,2
950474,8668,James Garner,2001-03-13T00:00:00.000Z,182,right,England,DM,"RB,LB,CM",45000000,2
303919,8668,Jordan Pickford,1994-03-07T00:00:00.000Z,185,left,England,GK,,13000000,2
974618,8586,Jan Paul van Hecke,2000-06-08T00:00:00.000Z,189,right,Netherlands,CB,,,2
766611,10203,Nikola Milenkovic,1997-10-12T00:00:00.000Z,195,right,Serbia,CB,,28000000,2
933576,8456,Antoine Semenyo,2000-01-07T00:00:00.000Z,185,right,Ghana,RW,"RM,LW,ST",80000000,2
1078788,10203,Neco Williams,2001-04-13T00:00:00.000Z,188,right,Wales,LB,"RB,RWB,LWB,LM",,2
844425,8456,Marc Guéhi,2000-07-13T00:00:00.000Z,182,right,England,CB,,70000000,2
72241,8586,Martin Dúbravka,1989-01-15T00:00:00.000Z,190,right,Slovakia,GK,,500000,2
1125720,8472,Robin Roefs,2003-01-17T00:00:00.000Z,193,left,Netherlands,GK,,28000000,2
780432,8463,Ethan Ampadu,2000-09-14T00:00:00.000Z,183,right,Wales,CM,"CB,DM",30000000,2
774448,10204,Ferdi Kadioglu,1999-10-07T00:00:00.000Z,173,right,Turkiye,LB,"RB,RWB,RW",35000000,2
1137705,8455,Enzo Fernández,2001-01-17T00:00:00.000Z,178,right,Argentina,AM,"DM,CM,LW",90000000,2
1098607,8668,Jake O'Brien,2001-05-15T00:00:00.000Z,197,right,Ireland,RB,CB,18000000,2
820140,8633,Ibrahima Konaté,1999-05-25T00:00:00.000Z,192,right,France,CB,,,2
789502,10203,Morgan Gibbs-White,2000-01-27T00:00:00.000Z,171,right,England,AM,"CM,LM,RW,ST",70000000,2
654096,9825,Declan Rice,1999-01-14T00:00:00.000Z,185,right,England,DM,CM,120000000,2
159833,8191,Kyle Walker,1990-05-28T00:00:00.000Z,183,right,England,RB,"CB,RWB,RM",4000000,2
950485,9826,Maxence Lacroix,2000-04-06T00:00:00.000Z,190,right,France,CB,,50000000,2
422685,10260,Bruno Fernandes,1994-09-08T00:00:00.000Z,179,right,Portugal,AM,DM,900000,2
1097466,8586,Micky van de Ven,2001-04-19T00:00:00.000Z,193,left,Netherlands,CB,LB,,2
618878,8456,Gianluigi Donnarumma,1999-02-25T00:00:00.000Z,196,right,Italy,GK,,45000000,2
789571,8455,Robert Sánchez,1997-11-18T00:00:00.000Z,197,left,Spain,GK,,22000000,2
1067763,8472,Trai Hume,2002-03-18T00:00:00.000Z,180,right,Northern Ireland,RB,"CB,LB,RWB,RM,RW",22000000,2
710159,10252,Ezri Konsa,1997-10-23T00:00:00.000Z,183,right,England,CB,RB,40000000,2
1356312,8586,Mateus Fernandes,2004-07-10T00:00:00.000Z,178,right,Portugal,CM,"DM,AM,LW",,2
1131987,10204,Bart Verbruggen,2002-08-18T00:00:00.000Z,193,right,Netherlands,GK,,40000000,2
729731,10252,Matty Cash,1997-08-07T00:00:00.000Z,185,right,Poland,RB,"RWB,RM",22000000,2
1031325,9825,Martín Zubimendi,1999-02-02T00:00:00.000Z,180,right,Spain,CM,DM,75000000,2
956683,8650,Ryan Gravenberch,2002-05-16T00:00:00.000Z,190,right,Netherlands,DM,"CB,CM",80000000,2
961306,9937,Nathan Collins,2001-04-30T00:00:00.000Z,193,right,Ireland,CB,,30000000,2
1137407,10261,Malick Thiaw,2001-08-08T00:00:00.000Z,194,right,Germany,CB,,45000000,2
737066,8456,Erling Haaland,2000-07-21T00:00:00.000Z,194,left,Norway,ST,,200000000,2
1250443,8191,Maxime Estève,2002-05-26T00:00:00.000Z,193,left,France,CB,,15000000,2
874025,8668,Vitaliy Mykolenko,1999-05-29T00:00:00.000Z,180,left,Ukraine,LB,,25000000,2
796974,10204,Pascal Struijk,1999-08-11T00:00:00.000Z,190,left,Netherlands,CB,,22000000,2
1049999,8472,Enzo Le Fée,2000-02-03T00:00:00.000Z,170,right,France,AM,"CM,LM,LW",28000000,2
540963,9879,Sander Berge,1998-02-14T00:00:00.000Z,193,right,Norway,DM,CM,25000000,2
717174,8463,Joe Rodon,1997-10-22T00:00:00.000Z,193,right,Wales,CB,,18000000,2
207236,8472,Granit Xhaka,1992-09-27T00:00:00.000Z,185,left,Switzerland,DM,CM,8000000,2
1359649,8472,Noah Sadiki,2004-12-17T00:00:00.000Z,173,right,DR Congo,CM,"DM,AM",35000000,2
488139,8633,Bernardo Silva,1994-08-10T00:00:00.000Z,173,left,Portugal,AM,"DM,CM,RW",,2
1178602,10260,Senne Lammens,2002-07-07T00:00:00.000Z,193,right,Belgium,GK,,25000000,2
503659,9879,Joachim Andersen,1996-05-31T00:00:00.000Z,188,right,Denmark,CB,,20000000,2
540088,10252,Ollie Watkins,1995-12-30T00:00:00.000Z,180,right,England,ST,,25000000,2
201690,10204,Lewis Dunk,1991-11-21T00:00:00.000Z,192,right,England,CB,,3500000,2
955529,8456,Matheus Nunes,1998-08-27T00:00:00.000Z,183,right,Portugal,RB,,50000000,2
1233655,8678,Alex Scott,2003-08-21T00:00:00.000Z,178,right,England,DM,AM,50000000,2
1174672,8602,João Gomes,2001-02-12T00:00:00.000Z,176,right,Brazil,CM,DM,8000000,2
268375,10252,Emiliano Martínez,1992-09-02T00:00:00.000Z,195,right,Argentina,GK,,12000000,2
789646,8463,Jayden Bogle,2000-07-27T00:00:00.000Z,178,right,England,RB,"RWB,RM",15000000,2
950829,9826,Chris Richards,2000-03-28T00:00:00.000Z,188,right,USA,CB,,28000000,2
1137668,8455,Moisés Caicedo,2001-11-02T00:00:00.000Z,178,right,Ecuador,DM,CM,100000000,2
751998,8472,Omar Alderete,1996-12-26T00:00:00.000Z,188,left,Paraguay,CB,,13000000,2
965764,8668,Iliman Ndiaye,2000-03-06T00:00:00.000Z,180,right,Senegal,RW,"AM,LW",55000000,2
793907,8455,Trevoh Chalobah,1999-07-05T00:00:00.000Z,190,right,England,CB,,40000000,2
538501,8586,Guglielmo Vicario,1996-10-07T00:00:00.000Z,194,right,Italy,GK,,,2
1174296,8602,André,2001-07-16T00:00:00.000Z,176,right,Brazil,DM,CM,15000000,2
919435,9937,Sepp van den Berg,2001-12-20T00:00:00.000Z,189,right,Netherlands,CB,,32000000,2
1098096,8678,Evanilson,1999-10-06T00:00:00.000Z,183,both,Brazil,ST,,35000000,2
1083796,9937,Kevin Schade,2001-11-27T00:00:00.000Z,183,right,Germany,LW,ST,35000000,2
795179,9825,Gabriel,1997-12-19T00:00:00.000Z,190,left,Brazil,CB,,75000000,2
1451265,8654,Malick Diouf,2004-12-28T00:00:00.000Z,183,left,Senegal,LB,"LWB,LM,LW",28000000,2
612150,8463,Dominic Calvert-Lewin,1997-03-16T00:00:00.000Z,189,right,England,ST,,22000000,2
806552,8650,Cody Gakpo,1999-05-07T00:00:00.000Z,193,right,Netherlands,LW,"LM,ST",60000000,2
1171140,9937,Jaidon Anthony,1999-12-01T00:00:00.000Z,183,right,England,LW,"LM,AM,RW",20000000,2
873289,8633,Marc Cucurella,1998-07-22T00:00:00.000Z,177,left,Spain,LB,"LWB,LM",,2
494417,8463,Harry Wilson,1997-03-22T00:00:00.000Z,173,left,Wales,RW,AM,25000000,2
1021382,8455,João Pedro,2001-09-26T00:00:00.000Z,186,right,Brazil,ST,AM,80000000,2
941573,8586,Pedro Porro,1999-09-13T00:00:00.000Z,176,right,Spain,RB,"RWB,RM",,2
602304,8472,Nordi Mukiele,1997-11-01T00:00:00.000Z,187,right,France,CB,RB,16000000,2
831489,8650,Alexis Mac Allister,1998-12-24T00:00:00.000Z,174,right,Argentina,DM,"CM,AM",70000000,2
1157236,9937,Yehor Yarmoliuk,2004-03-01T00:00:00.000Z,176,both,Ukraine,DM,"CM,AM",32000000,2
1300526,8456,Nico O'Reilly,2005-03-21T00:00:00.000Z,193,left,England,LB,"DM,LW",70000000,2
843040,8455,Pedro Neto,2000-03-09T00:00:00.000Z,172,left,Portugal,RW,"AM,LW",60000000,2
181069,10203,Matz Sels,1992-02-26T00:00:00.000Z,188,right,Belgium,GK,,3500000,2
744494,8463,Gabriel Gudmundsson,1999-04-29T00:00:00.000Z,181,left,Sweden,LWB,"CB,LB,LM",20000000,2
886016,8668,Kiernan Dewsbury-Hall,1998-09-06T00:00:00.000Z,177,left,England,AM,"DM,LW",35000000,2
923312,10260,Bryan Mbeumo,1999-08-07T00:00:00.000Z,171,left,Cameroon,AM,"RW,ST",1500000,2
751550,10260,Diogo Dalot,1999-03-18T00:00:00.000Z,183,right,Portugal,RB,"LB,RWB,LWB",500000,2
789630,8678,Marcus Tavernier,1999-03-22T00:00:00.000Z,178,left,England,AM,"DM,RW,LW",25000000,2
955406,9825,William Saliba,2001-03-24T00:00:00.000Z,193,right,France,CB,,100000000,2
1296650,9826,Adam Wharton,2004-02-06T00:00:00.000Z,182,left,England,DM,CM,70000000,2
290410,8668,Michael Keane,1993-01-11T00:00:00.000Z,191,right,England,CB,,3000000,2
848034,8602,Santiago Bueno,1998-11-09T00:00:00.000Z,189,right,Uruguay,CB,,5000000,2
867414,8586,Sandro Tonali,2000-05-08T00:00:00.000Z,182,right,Italy,CM,DM,,2
877401,9879,Calvin Bassey,1999-12-31T00:00:00.000Z,185,left,Nigeria,CB,LB,28000000,2
719219,8654,Konstantinos Mavropanos,1997-12-11T00:00:00.000Z,194,right,Greece,CB,,28000000,2
863098,10260,Matheus Cunha,1999-05-27T00:00:00.000Z,184,right,Brazil,ST,"AM,LW",30000000,2
941213,8654,Crysencio Summerville,2001-10-30T00:00:00.000Z,174,right,Netherlands,LW,"LM,RW,AM,ST",18000000,2
952322,8463,Brenden Aaronson,2000-10-22T00:00:00.000Z,178,right,USA,RW,"CM,LM,AM,ST",22000000,2
850354,10261,Bruno Guimarães,1997-11-16T00:00:00.000Z,182,right,Brazil,CM,DM,70000000,2
604785,9879,Alex Iwobi,1996-05-03T00:00:00.000Z,180,right,Nigeria,DM,"AM,LW",20000000,2
859282,9826,Daniel Muñoz,1996-05-26T00:00:00.000Z,183,right,Colombia,RWB,"RB,RM",22000000,2
280484,10261,Nick Pope,1992-04-19T00:00:00.000Z,191,right,England,GK,,5000000,2
942381,9825,Jurriën Timber,2001-06-17T00:00:00.000Z,179,right,Netherlands,RB,"CB,LB",70000000,2
1400227,10204,Yankuba Minteh,2004-07-22T00:00:00.000Z,180,left,Gambia,RW,LW,45000000,2
881735,8463,Anton Stach,1998-11-15T00:00:00.000Z,194,both,Germany,CM,"DM,RM,AM",28000000,2
1152455,8650,Florian Wirtz,2003-05-03T00:00:00.000Z,175,right,Germany,LW,"AM,ST",100000000,2
1116391,8602,Hugo Bueno,2002-09-18T00:00:00.000Z,180,left,Spain,LWB,"LB,LM",6000000,2
798029,8602,Ladislav Krejcí,1999-04-20T00:00:00.000Z,191,left,Czechia,CB,"DM,CM",4000000,2
1200631,8191,Lesley Ugochukwu,2004-03-26T00:00:00.000Z,188,right,France,DM,"CM,AM",13000000,2
1070052,10260,Amad Diallo,2002-07-11T00:00:00.000Z,174,left,Ivory Coast,RW,"RWB,AM",28000000,2
319784,8650,Alisson Becker,1992-10-02T00:00:00.000Z,193,right,Brazil,GK,,15000000,2
1526689,8678,Álex Jiménez,2005-05-08T00:00:00.000Z,177,right,Spain,RB,RW,22000000,2
821100,9826,Jørgen Strand Larsen,2000-02-06T00:00:00.000Z,193,right,Norway,ST,,40000000,2
1250253,9937,Dango Ouattara,2002-02-11T00:00:00.000Z,177,left,Burkina Faso,RW,"RM,LW,ST",35000000,2
1197250,8455,Malo Gusto,2003-05-19T00:00:00.000Z,179,right,France,RB,"LB,RWB,DM",35000000,2
1082102,10203,Igor Jesus,2001-02-25T00:00:00.000Z,180,right,Brazil,ST,AM,25000000,2
113836,10204,Danny Welbeck,1990-11-26T00:00:00.000Z,185,right,England,ST,,3000000,2
1195281,8650,Milos Kerkez,2003-11-07T00:00:00.000Z,180,left,Hungary,LB,,35000000,2
664500,9825,Viktor Gyökeres,1998-06-04T00:00:00.000Z,187,right,Sweden,ST,,65000000,2
650616,9937,Mathias Jensen,1996-01-01T00:00:00.000Z,173,right,Denmark,DM,"CM,RW,AM",10000000,2
961995,9825,Bukayo Saka,2001-09-05T00:00:00.000Z,178,left,England,RW,AM,110000000,2
706297,9826,Jean-Philippe Mateta,1997-06-28T00:00:00.000Z,192,right,France,ST,,30000000,2
524437,8654,Tomás Soucek,1995-02-27T00:00:00.000Z,190,right,Czechia,DM,"CM,AM",35000000,2
188058,10261,Daniel Burn,1992-05-09T00:00:00.000Z,201,left,England,CB,LB,4000000,2
292313,8602,Raul Jiménez,1991-05-05T00:00:00.000Z,188,right,Mexico,ST,,3000000,2
524434,9823,João Palhinha,1995-07-09T00:00:00.000Z,190,right,Portugal,DM,"CB,CM",,2
1197655,10261,Lewis Hall,2004-09-08T00:00:00.000Z,179,left,England,LB,LWB,40000000,2
771294,9826,Ismaïla Sarr,1998-02-25T00:00:00.000Z,185,right,Senegal,AM,"RW,LW,ST",40000000,2
356406,10252,John McGinn,1994-10-18T00:00:00.000Z,175,left,Scotland,RW,"DM,RM,AM,LW",13000000,2
974268,8472,Daniel Ballard,1999-09-22T00:00:00.000Z,187,right,Northern Ireland,CB,,20000000,2
1200657,8602,Yerson Mosquera,2001-05-02T00:00:00.000Z,187,right,Colombia,CB,RB,2000000,2
1354561,10204,Diego Gómez,2003-03-27T00:00:00.000Z,183,right,Paraguay,AM,"DM,RM,CM,RW,LW",25000000,2
614006,8456,Rúben Dias,1997-05-14T00:00:00.000Z,187,right,Portugal,CB,,55000000,2
959407,8678,James Hill,2002-01-10T00:00:00.000Z,184,right,England,CB,RB,23000000,2
793255,8191,Florentino,1999-08-19T00:00:00.000Z,184,right,Portugal,CM,DM,3500000,2
1458711,10203,Murillo,2002-07-04T00:00:00.000Z,182,left,Brazil,CB,LB,50000000,2
179410,8668,Idrissa Gueye,1989-09-26T00:00:00.000Z,174,right,Senegal,DM,CM,500000,2
760320,8654,Aaron Wan-Bissaka,1997-11-26T00:00:00.000Z,183,right,DR Congo,RB,"RWB,RM",15000000,2
815006,8456,Phil Foden,2000-05-28T00:00:00.000Z,171,left,England,AM,"RW,LW,ST",70000000,2
1047676,9826,Yéremi Pino,2002-10-20T00:00:00.000Z,172,right,Spain,AM,"RM,LM,RW,LW",30000000,2
795371,10203,Ibrahim Sangaré,1997-12-02T00:00:00.000Z,191,right,Ivory Coast,DM,CM,20000000,2
888912,9937,Mikkel Damsgaard,2000-07-03T00:00:00.000Z,180,right,Denmark,AM,"CM,LM,LW",30000000,2
416175,8602,José Sá,1993-01-17T00:00:00.000Z,192,right,Portugal,GK,,4000000,2
318615,10188,Leandro Trossard,1994-12-04T00:00:00.000Z,172,right,Belgium,LW,"RW,ST",,2
894803,8586,Djed Spence,2000-08-09T00:00:00.000Z,184,right,England,LB,"RB,LWB,LM",,2
163604,10260,Karl Darlow,1990-10-08T00:00:00.000Z,190,right,Wales,GK,,28000000,2
1096353,8455,Cole Palmer,2002-05-06T00:00:00.000Z,185,left,England,AM,RW,100000000,2
1010426,9937,Keane Lewis-Potter,2001-02-22T00:00:00.000Z,170,right,England,LB,"LWB,LM,RW,LW",25000000,2
600524,8472,Reinildo,1994-01-21T00:00:00.000Z,178,left,Mozambique,LB,"CB,LWB",,2
760359,10261,Harvey Barnes,1997-12-09T00:00:00.000Z,174,right,England,LW,"LM,RW",32000000,2
807729,8455,Reece James,1999-12-08T00:00:00.000Z,182,right,England,RB,DM,60000000,2
654908,8586,Richarlison,1997-05-10T00:00:00.000Z,184,right,Brazil,ST,LW,,2
535936,10261,Joelinton,1996-08-14T00:00:00.000Z,186,right,Brazil,CM,"AM,LW",25000000,2
940446,8472,Brian Brobbey,2002-02-01T00:00:00.000Z,180,right,Netherlands,ST,,30000000,2
933768,8650,Curtis Jones,2001-01-30T00:00:00.000Z,182,right,England,DM,"RB,CM,AM",35000000,2
1168311,10204,Yasin Ayari,2003-10-06T00:00:00.000Z,172,right,Sweden,DM,CM,35000000,2
889534,9879,Emile Smith Rowe,2000-07-28T00:00:00.000Z,182,right,England,AM,LW,20000000,2
621515,9826,Daichi Kamada,1996-08-05T00:00:00.000Z,184,right,Japan,DM,"CM,AM",10000000,2
1398392,8668,Thierno Barry,2002-10-21T00:00:00.000Z,195,right,France,ST,,30000000,2
156008,9937,Jordan Henderson,1990-06-17T00:00:00.000Z,182,right,England,DM,CM,1200000,2
1106563,10261,Nick Woltemade,2002-02-14T00:00:00.000Z,198,right,Germany,ST,AM,55000000,2
970243,10204,Mats Wieffer,1999-11-16T00:00:00.000Z,188,right,Netherlands,RB,,25000000,2
818975,9825,Eberechi Eze,1998-06-29T00:00:00.000Z,178,right,England,AM,"CM,LW",65000000,2
861805,8463,Jaka Bijol,1999-02-05T00:00:00.000Z,190,right,Slovenia,CB,,20000000,2
710158,8463,James Justin,1998-02-23T00:00:00.000Z,183,right,England,CB,"RB,LB,RWB,LWB,RM,LM",12000000,2
620618,8586,Rodrigo Bentancur,1997-06-25T00:00:00.000Z,187,right,Uruguay,DM,CM,,2
789066,8586,Cristian Romero,1998-04-27T00:00:00.000Z,185,right,Argentina,CB,,,2
465750,9879,Timothy Castagne,1995-12-05T00:00:00.000Z,185,right,Belgium,RB,"LB,RWB,RW",8000000,2
210111,10252,Lucas Digne,1993-07-20T00:00:00.000Z,178,left,France,LB,,6000000,2
846383,10203,Callum Hudson-Odoi,2000-11-07T00:00:00.000Z,182,right,England,LW,"LM,RW",30000000,2
465960,10260,Youri Tielemans,1997-05-07T00:00:00.000Z,177,right,Belgium,DM,"CM,AM",3500000,2
956682,10261,Sven Botman,2000-01-12T00:00:00.000Z,193,left,Netherlands,CB,,35000000,2
1210943,8602,Jackson Tchatchoua,2001-09-14T00:00:00.000Z,186,right,Cameroon,RM,"RB,RWB",4000000,2
1393669,8558,Quilindschy Hartman,2001-11-14T00:00:00.000Z,183,left,Netherlands,LB,LWB,,2
955214,8654,Jean-Clair Todibo,1999-12-30T00:00:00.000Z,190,right,France,CB,,12000000,2
773991,9879,Ryan Sessegnon,2000-05-18T00:00:00.000Z,178,left,England,LB,,22000000,2
906937,8634,Anthony Gordon,2001-02-24T00:00:00.000Z,182,right,England,LW,ST,,2
1197030,8650,Hugo Ekitiké,2002-06-20T00:00:00.000Z,190,right,France,ST,LW,80000000,2
552718,9937,Kristoffer Ajer,1998-04-17T00:00:00.000Z,196,right,Norway,CB,LB,18000000,2
469804,9879,Kenny Tete,1995-10-09T00:00:00.000Z,180,right,Netherlands,RB,,8000000,2
210164,8654,Alphonse Areola,1993-02-27T00:00:00.000Z,195,right,France,GK,,3000000,2
1137667,9825,Piero Hincapié,2002-01-09T00:00:00.000Z,184,left,Ecuador,LB,CB,50000000,2
956925,10204,Georginio Rutter,2002-04-20T00:00:00.000Z,182,left,France,AM,"RW,ST",30000000,2
1609213,8602,Mateus Mané,2007-09-16T00:00:00.000Z,,right,England,AM,"CM,ST",7000000,2
1104053,8456,Rayan Cherki,2003-08-17T00:00:00.000Z,177,both,France,AM,"RW,LW",90000000,2
942368,8456,Jérémy Doku,2002-05-27T00:00:00.000Z,171,right,Belgium,LW,"RW,AM",75000000,2
729769,8678,Tyler Adams,1999-02-14T00:00:00.000Z,175,right,USA,DM,CM,25000000,2
873559,8191,Zian Flemming,1998-08-01T00:00:00.000Z,185,right,Netherlands,ST,,12000000,2
1173787,8586,Xavi Simons,2003-04-21T00:00:00.000Z,179,right,Netherlands,AM,"CM,LM,RW,LW",,2
1185748,10252,Amadou Onana,2001-08-16T00:00:00.000Z,195,right,Belgium,DM,,45000000,2
523193,8191,Josh Laurent,1995-05-06T00:00:00.000Z,175,right,England,CB,"RWB,DM,CM",10000000,2
610184,10252,Emiliano Buendía,1996-12-25T00:00:00.000Z,170,right,Argentina,LW,"LM,AM",16000000,2
1251334,10204,Jack Hinshelwood,2005-04-11T00:00:00.000Z,180,right,England,AM,"DM,CM",28000000,2
1358581,10260,Leny Yoro,2005-11-13T00:00:00.000Z,190,right,France,CB,,3000000,2
917802,8455,Wesley Fofana,2000-12-17T00:00:00.000Z,185,right,France,CB,,28000000,2
466672,9826,Jefferson Lerma,1994-10-25T00:00:00.000Z,179,right,Colombia,DM,"CB,CM",6000000,2
556972,9879,Sasa Lukic,1996-08-13T00:00:00.000Z,183,right,Serbia,DM,CM,10000000,2
1076756,9826,Brennan Johnson,2001-05-23T00:00:00.000Z,186,right,Wales,RW,"RWB,AM,LW",30000000,2
1460534,8678,Junior Kroupi,2006-06-23T00:00:00.000Z,179,right,France,AM,ST,70000000,2
862608,10204,Kaoru Mitoma,1997-05-20T00:00:00.000Z,178,right,Japan,LW,,22000000,2
823825,9847,Randal Kolo Muani,1998-12-05T00:00:00.000Z,187,right,France,ST,"RW,AM,LW",,2
1105912,9825,Riccardo Calafiori,2002-05-19T00:00:00.000Z,188,left,Italy,LB,CB,55000000,2
255610,10260,Harry Maguire,1993-03-05T00:00:00.000Z,194,right,England,CB,,16000000,2
1352713,10204,Carlos Baleba,2004-01-03T00:00:00.000Z,179,left,Cameroon,DM,CM,55000000,2
1292810,10260,Kobbie Mainoo,2005-04-19T00:00:00.000Z,184,right,England,DM,,600000,2
881640,178475,Lutsharel Geertruida,2000-07-18T00:00:00.000Z,184,right,Netherlands,RB,"CB,DM",,2
868344,8456,Tijjani Reijnders,1998-07-29T00:00:00.000Z,185,right,Netherlands,AM,"DM,CM",50000000,2
167008,10204,Pascal Groß,1991-06-15T00:00:00.000Z,181,right,Germany,DM,CM,2500000,2
1073977,10260,Benjamin Sesko,2003-05-31T00:00:00.000Z,195,right,Slovenia,ST,,5000000,2
312765,8456,Jack Grealish,1995-09-10T00:00:00.000Z,180,right,England,LW,,20000000,2
521148,10261,Jacob Murphy,1995-02-24T00:00:00.000Z,179,right,England,RW,RM,12000000,2
967941,8654,Mads Hermansen,2000-07-11T00:00:00.000Z,187,right,Denmark,GK,,20000000,2
966026,10252,Ian Maatsen,2002-03-10T00:00:00.000Z,178,left,Netherlands,LB,,30000000,2
191869,8602,Kieran Trippier,1990-09-19T00:00:00.000Z,178,right,England,RB,RWB,150000,2
682548,10203,Ola Aina,1996-10-08T00:00:00.000Z,184,right,Nigeria,RB,"LB,RWB",18000000,2
1238058,8191,Bashir Humphreys,2003-03-15T00:00:00.000Z,187,left,England,CB,"RB,LWB",5000000,2
1215652,10203,Omari Hutchinson,2003-10-30T00:00:00.000Z,174,left,England,RW,"RM,AM,LW",30000000,2
792645,10252,Pau Torres,1997-01-16T00:00:00.000Z,192,left,Spain,CB,,20000000,2
295067,9826,Will Hughes,1995-04-17T00:00:00.000Z,185,left,England,DM,CM,5000000,2
1368654,8472,Chemsdine Talbi,2005-05-09T00:00:00.000Z,175,right,Morocco,RW,"LM,LW",25000000,2
1280132,8456,Nico González,2002-01-03T00:00:00.000Z,188,right,Spain,DM,CM,40000000,2
865931,8654,Max Kilman,1997-05-23T00:00:00.000Z,192,left,England,CB,,1500000,2
915797,8463,Noah Okafor,2000-05-24T00:00:00.000Z,185,right,Switzerland,LW,"AM,ST",25000000,2
1079485,8668,Beto,1998-01-31T00:00:00.000Z,194,right,Guinea-Bissau,ST,,18000000,2
891743,8586,Mohammed Kudus,2000-08-02T00:00:00.000Z,175,left,Ghana,RW,"RM,AM,LW",,2
831044,8191,Hjalmar Ekdal,1998-10-21T00:00:00.000Z,187,right,Sweden,CB,,17000000,2
623716,8191,Josh Cullen,1996-04-07T00:00:00.000Z,178,right,Ireland,CM,DM,18000000,2
766435,9770,Lucas Paquetá,1997-08-27T00:00:00.000Z,183,left,Brazil,AM,"DM,RM,CM,RW,ST",,2
675088,8456,Rodri,1996-06-22T00:00:00.000Z,190,right,Spain,DM,CM,50000000,2
1296763,10261,Lewis Miley,2006-05-01T00:00:00.000Z,185,right,England,CM,"RB,DM",25000000,2
754126,8586,Kevin Danso,1998-09-19T00:00:00.000Z,190,right,Austria,CB,,,2
662428,9879,Antonee Robinson,1997-08-08T00:00:00.000Z,183,left,USA,LB,"LWB,LM",22000000,2
1203512,8668,Tim Iroegbunam,2003-06-30T00:00:00.000Z,183,right,England,DM,CM,18000000,2
1526560,10260,Patrick Dorgu,2004-10-26T00:00:00.000Z,185,left,Denmark,LWB,"LB,LW",5000000,2
1323305,8586,Archie Gray,2006-03-12T00:00:00.000Z,187,right,England,DM,"RB,LB,RWB,CM",,2
620026,8602,Hwang Hee-Chan,1996-01-26T00:00:00.000Z,177,right,Korea Republic,ST,"AM,LW",2000000,2
1021929,10261,Jacob Ramsey,2001-05-28T00:00:00.000Z,180,right,England,CM,"DM,LW",35000000,2
637656,8463,Lucas Perri,1997-12-10T00:00:00.000Z,196,right,Brazil,GK,,10000000,2
688273,9937,Vitaly Janelt,1998-05-10T00:00:00.000Z,184,left,Germany,DM,CM,16000000,2
1362998,8456,Abdukodir Khusanov,2004-02-29T00:00:00.000Z,186,right,Uzbekistan,CB,RB,50000000,2
1013277,8602,Toti Gomes,1999-01-16T00:00:00.000Z,188,left,Portugal,CB,,1000000,2
816325,10252,Boubacar Kamara,1999-11-23T00:00:00.000Z,178,right,France,DM,CM,40000000,2
1134871,10204,Maxim De Cuyper,2000-12-22T00:00:00.000Z,183,left,Belgium,LB,"LWB,LW",22000000,2
1072864,8602,Tolu Arokodare,2000-11-23T00:00:00.000Z,197,right,Nigeria,ST,,6000000,2
1291325,8191,Lucas Pires,2001-03-24T00:00:00.000Z,182,left,Brazil,LB,"LWB,LM",3000000,2
1285866,8472,Habib Diarra,2004-01-03T00:00:00.000Z,179,right,Senegal,CM,"RM,AM",35000000,2
1107280,8586,Pape Sarr,2002-09-14T00:00:00.000Z,184,right,Senegal,DM,"CM,AM",30000000,2
823658,8654,Valentín Castellanos,1998-10-03T00:00:00.000Z,178,right,Argentina,ST,,28000000,2
734042,8654,Kyle Walker-Peters,1997-04-13T00:00:00.000Z,173,right,England,RB,,7000000,2
1070712,8456,Josko Gvardiol,2002-01-23T00:00:00.000Z,185,left,Croatia,CB,LB,70000000,2
881500,8191,Lyle Foster,2000-09-03T00:00:00.000Z,185,right,South Africa,ST,RW,6000000,2
534670,9825,Martin Ødegaard,1998-12-17T00:00:00.000Z,176,left,Norway,CM,AM,65000000,2
1288111,8586,Mathys Tel,2005-04-27T00:00:00.000Z,183,right,France,LW,"LM,ST",50000000,2
1053838,10203,Morato,2001-06-30T00:00:00.000Z,192,left,Brazil,CB,LB,14000000,2
1052898,8586,Destiny Udogie,2002-11-28T00:00:00.000Z,188,left,Italy,LB,LWB,50000000,2
1664722,9826,Jaydee Canvot,2006-07-29T00:00:00.000Z,188,right,France,CB,RB,28000000,2
562892,9937,Rico Henry,1997-07-08T00:00:00.000Z,170,left,Jamaica,LB,LWB,13000000,2
419664,10252,Tyrone Mings,1993-03-13T00:00:00.000Z,191,left,England,CB,,3000000,2
1107910,10261,Valentino Livramento,2002-11-12T00:00:00.000Z,182,right,England,RB,"LB,LWB",45000000,2
935728,8463,Ao Tanaka,1998-09-10T00:00:00.000Z,180,right,Japan,DM,"CM,AM",13000000,2
1080983,8463,Ilia Gruev,2000-05-06T00:00:00.000Z,185,left,Bulgaria,CM,DM,12000000,2
1050166,10261,Anthony Elanga,2002-04-27T00:00:00.000Z,178,right,Sweden,RW,"AM,ST",32000000,2
979752,8678,Bafodé Diakité,2001-01-06T00:00:00.000Z,184,right,France,CB,,25000000,2
1422593,9879,Joshua King,2007-01-03T00:00:00.000Z,173,right,England,AM,,1200000,2
1283034,8669,Loum Tchaouna,2003-09-08T00:00:00.000Z,180,left,France,RW,"RM,LW",20000000,2
1372921,10260,Andrey Santos,2004-05-03T00:00:00.000Z,180,right,Brazil,DM,CM,40000000,2
1203665,8455,Alejandro Garnacho,2004-07-01T00:00:00.000Z,180,right,Argentina,LW,,28000000,2
696646,8455,Axel Disasi,1998-03-11T00:00:00.000Z,191,right,France,CB,,15000000,2
769166,8602,Jean-Ricner Bellegarde,1998-06-27T00:00:00.000Z,170,right,Haiti,CM,"DM,AM,LW",40000000,2
847983,10260,Lisandro Martínez,1998-01-18T00:00:00.000Z,178,left,Argentina,CB,,40000000,2
1113785,8191,Hannibal Mejbri,2003-01-21T00:00:00.000Z,177,right,Tunisia,AM,"DM,CM",2000000,2
1084981,9825,Noni Madueke,2002-03-10T00:00:00.000Z,182,left,England,RW,LW,50000000,2
690149,8191,Axel Tuanzebe,1997-11-14T00:00:00.000Z,183,right,DR Congo,CB,,1800000,2
184321,9937,Callum Wilson,1992-02-27T00:00:00.000Z,180,both,England,ST,,4000000,2
674014,8678,David Brooks,1997-07-08T00:00:00.000Z,173,left,Wales,RW,"AM,LW,ST",12000000,2
966027,8586,Conor Gallagher,2000-02-06T00:00:00.000Z,182,right,England,CM,"DM,AM",18000000,2
1022649,10203,Dan Ndoye,2000-10-25T00:00:00.000Z,184,right,Switzerland,RW,"RM,AM,LW,ST",32000000,2
827315,10203,Nicolás Dominguez,1998-06-28T00:00:00.000Z,179,right,Argentina,DM,"CM,AM,LW",15000000,2
357880,8586,Andrew Robertson,1994-03-11T00:00:00.000Z,178,left,Scotland,LB,CB,35000000,2
939542,8668,Dwight McNeil,1999-11-22T00:00:00.000Z,183,left,England,RW,LW,18000000,2
769895,10260,Matthijs de Ligt,1999-08-12T00:00:00.000Z,187,right,Netherlands,CB,,30000000,2
887703,8472,Wilson Isidor,2000-08-27T00:00:00.000Z,180,right,Haiti,ST,AM,18000000,2
1206287,8654,Freddie Potts,2003-09-12T00:00:00.000Z,183,right,England,DM,CM,7000000,2
519835,8602,Adam Armstrong,1997-02-10T00:00:00.000Z,173,right,England,ST,"RM,AM,LW",25000000,2
1023030,10283,Jhon Arias,1997-09-21T00:00:00.000Z,168,right,Colombia,LW,"RM,CM,LM,RW,AM",,2
1478295,8678,Rayan,2006-08-03T00:00:00.000Z,186,left,Brazil,RW,"RM,ST",60000000,2
1413846,8455,Jorrel Hato,2006-03-07T00:00:00.000Z,182,left,Netherlands,LB,CB,40000000,2
1113903,8455,Liam Delap,2003-02-08T00:00:00.000Z,186,right,England,ST,,28000000,2
1114979,10188,Emmanuel Agbadou,1997-06-17T00:00:00.000Z,192,right,Ivory Coast,CB,,,2
189982,10261,Fabian Schär,1991-12-20T00:00:00.000Z,188,right,Switzerland,CB,,4000000,2
279490,8654,James Ward-Prowse,1994-11-01T00:00:00.000Z,177,right,England,DM,CM,3000000,2
1079557,8678,Amine Adli,2000-05-10T00:00:00.000Z,180,left,Morocco,LW,RW,20000000,2
280287,8602,Sam Johnstone,1993-03-25T00:00:00.000Z,193,right,England,GK,,10000000,2
160447,8678,Adam Smith,1991-04-29T00:00:00.000Z,180,right,England,RB,,300000,2
861197,8463,Lukas Nmecha,1998-12-14T00:00:00.000Z,185,right,Germany,ST,,10000000,2
688300,8564,Samuel Chukwueze,1999-05-22T00:00:00.000Z,172,left,Nigeria,LW,"RM,RW",,2
1021586,9825,Gabriel Martinelli,2001-06-18T00:00:00.000Z,180,right,Brazil,LW,,45000000,2
637744,8191,Marcus Edwards,1998-12-03T00:00:00.000Z,168,left,England,RW,"RM,AM",900000,2
1049679,8602,David Møller Wolfe,2002-04-23T00:00:00.000Z,185,left,Norway,LB,"LWB,LM",12000000,2
1190033,10252,Lamare Bogarde,2004-01-05T00:00:00.000Z,183,right,Netherlands,DM,"RB,CB",18000000,2
1318400,9879,Kevin,2003-01-04T00:00:00.000Z,176,right,Brazil,LW,,25000000,2
1113790,9879,Oscar Bobb,2003-07-12T00:00:00.000Z,174,left,Norway,RW,"RM,LW",28000000,2
966018,8650,Jeremie Frimpong,2000-12-10T00:00:00.000Z,171,right,Netherlands,RB,RW,35000000,2
655575,8191,Jacob Bruun Larsen,1998-09-19T00:00:00.000Z,183,right,Denmark,RW,LW,1500000,2
574645,9825,Mikel Merino,1996-06-22T00:00:00.000Z,187,left,Spain,CM,"DM,ST",25000000,2
1622290,10203,Nicolò Savona,2003-03-19T00:00:00.000Z,192,right,Italy,RB,,15000000,2
750032,10260,Mason Mount,1999-01-10T00:00:00.000Z,181,right,England,AM,"DM,ST",25000000,2
820024,8463,Sean Longstaff,1997-10-30T00:00:00.000Z,181,right,England,CM,"DM,AM",15000000,2
746395,8466,Aaron Ramsdale,1998-05-14T00:00:00.000Z,188,right,England,GK,,1800000,2
591734,8586,Dominic Solanke,1997-09-14T00:00:00.000Z,187,right,England,ST,,80000000,2
1128945,9879,Rodrigo Muniz,2001-05-04T00:00:00.000Z,186,right,Brazil,ST,,20000000,2
1298907,9825,Cristhian Mosquera,2004-06-27T00:00:00.000Z,191,right,Spain,CB,RB,40000000,2
439369,8678,Ryan Christie,1995-02-22T00:00:00.000Z,178,left,Scotland,DM,"LM,AM",8000000,2
775539,10260,Noussair Mazraoui,1997-11-14T00:00:00.000Z,183,right,Morocco,LB,"RB,CB,RWB",18000000,2
1341387,8586,Wilson Odobert,2004-11-28T00:00:00.000Z,182,right,France,LW,"RW,AM",30000000,2
1385894,8654,Soungoutou Magassa,2003-10-08T00:00:00.000Z,188,right,France,DM,CM,30000000,2
860975,10261,Joseph Willock,1999-08-20T00:00:00.000Z,186,right,England,CM,"DM,AM,LW",14000000,2
933845,8456,Rayan Aït-Nouri,2001-06-06T00:00:00.000Z,180,left,Algeria,LB,LW,40000000,2
1386775,8586,Lucas Bergvall,2006-02-02T00:00:00.000Z,186,right,Sweden,CM,"DM,LM,AM,LW",25000000,2
1192166,8602,Rodrigo Gomes,2003-07-07T00:00:00.000Z,171,right,Portugal,RWB,"RW,LW",22000000,2
794253,8678,Justin Kluivert,1999-05-05T00:00:00.000Z,175,both,Netherlands,AM,,25000000,2
258269,10252,Victor Nilsson Lindelöf,1994-07-17T00:00:00.000Z,187,right,Sweden,CB,"RB,DM",5000000,2
821728,9879,Jorge Cuenca,1999-11-17T00:00:00.000Z,190,left,Spain,CB,,8000000,2
1113690,8650,Conor Bradley,2003-07-09T00:00:00.000Z,181,right,Northern Ireland,RB,RM,25000000,2
1559639,10260,Ayden Heaven,2006-09-22T00:00:00.000Z,189,left,England,CB,,30000000,2
787350,9885,Douglas Luiz,1998-05-09T00:00:00.000Z,177,right,Brazil,DM,"CM,AM",,2
1087966,10252,Evann Guessand,2001-07-01T00:00:00.000Z,185,right,Ivory Coast,RW,"AM,LW,ST",25000000,2
169719,10203,Chris Wood,1991-12-07T00:00:00.000Z,191,right,New Zealand,ST,,5000000,2
562724,8678,Lewis Cook,1997-02-03T00:00:00.000Z,175,right,England,DM,,11000000,2
786580,8602,Marshall Munetsi,1996-06-22T00:00:00.000Z,187,right,Zimbabwe,CM,"DM,AM,RW",16000000,2
948800,8650,Giorgi Mamardashvili,2000-09-29T00:00:00.000Z,197,left,Georgia,GK,,28000000,2
1035614,10260,Manuel Ugarte,2001-04-11T00:00:00.000Z,182,right,Uruguay,DM,CM,25000000,2
215384,10252,Ross Barkley,1993-12-05T00:00:00.000Z,189,right,England,AM,DM,4000000,2
1580774,8455,Estêvão,2007-04-24T00:00:00.000Z,176,left,Brazil,RW,LW,80000000,2
1077975,8191,Armando Broja,2001-09-10T00:00:00.000Z,191,right,Albania,ST,RW,28000000,2
1227326,8654,Pablo,2004-01-02T00:00:00.000Z,184,right,Brazil,ST,"AM,LW",28000000,2
1174337,8456,Savinho,2004-04-10T00:00:00.000Z,176,left,Brazil,LW,RW,35000000,2
1258092,10261,William Osula,2003-08-04T00:00:00.000Z,192,right,Denmark,ST,,28000000,2
613715,10204,Olivier Boscagli,1997-11-18T00:00:00.000Z,181,left,France,CB,,15000000,2
696443,9879,Issa Diop,1997-01-09T00:00:00.000Z,194,right,Morocco,CB,,8000000,2
683402,8455,Tosin Adarabioyo,1997-09-24T00:00:00.000Z,197,right,England,CB,,16000000,2
1327319,8472,Chris Rigg,2007-06-18T00:00:00.000Z,175,left,England,RW,AM,25000000,2
182962,9879,Tom Cairney,1991-01-20T00:00:00.000Z,185,left,Scotland,DM,,500000,2
1336751,9826,Justin Devenny,2003-10-11T00:00:00.000Z,177,left,Northern Ireland,AM,"LWB,RWB,LM",12000000,2
1391052,9851,Eliezer Mayenda,2005-05-08T00:00:00.000Z,180,left,Spain,ST,RW,,2
1430151,10204,Brajan Gruda,2004-05-31T00:00:00.000Z,178,left,Germany,RW,"CM,AM",28000000,2
839204,8456,Omar Marmoush,1999-02-07T00:00:00.000Z,183,right,Egypt,ST,LW,50000000,2
690107,8650,Alexander Isak,1999-09-21T00:00:00.000Z,192,right,Sweden,ST,,85000000,2
776151,9825,Ben White,1997-10-08T00:00:00.000Z,186,right,England,RB,,30000000,2
1406436,9825,Myles Lewis-Skelly,2006-09-26T00:00:00.000Z,178,left,England,LB,DM,45000000,2
417068,8695,Nathan Aké,1995-02-18T00:00:00.000Z,180,left,Netherlands,CB,LB,,2
1002039,9937,Aaron Hickey,2002-06-10T00:00:00.000Z,185,both,Scotland,RB,LB,16000000,2
1030829,8668,Jarrad Branthwaite,2002-06-27T00:00:00.000Z,195,left,England,CB,LB,40000000,2
1128965,8668,Charly Alcaraz,2002-11-30T00:00:00.000Z,183,right,Argentina,AM,RW,15000000,2
1210384,8668,Merlin Röhl,2002-07-05T00:00:00.000Z,192,right,Germany,RW,DM,16000000,2
1400216,8455,Josh Acheampong,2006-05-05T00:00:00.000Z,185,right,England,CB,RB,25000000,2
1315319,773649,Ollie Scarles,2005-12-12T00:00:00.000Z,182,left,England,LB,,10000000,2
660301,8686,Donyell Malen,1999-01-19T00:00:00.000Z,179,right,Netherlands,ST,RW,,2
1227012,8472,Simon Adingra,2002-01-01T00:00:00.000Z,175,right,Ivory Coast,LW,"LWB,LM,ST",22000000,2
1341475,8586,Antonín Kinsky,2003-03-13T00:00:00.000Z,190,right,Czechia,GK,,20000000,2
775614,10203,Ryan Yates,1997-11-21T00:00:00.000Z,190,right,England,DM,CM,7000000,2
568571,8650,Joseph Gomez,1997-05-23T00:00:00.000Z,191,right,England,CB,RB,13000000,2
950830,10260,Joshua Zirkzee,2001-05-22T00:00:00.000Z,193,right,Netherlands,ST,,20000000,2
157838,9826,Nathaniel Clyne,1991-04-05T00:00:00.000Z,175,right,England,RWB,CB,300000,2
195782,10252,Marco Bizot,1991-03-10T00:00:00.000Z,193,right,Netherlands,GK,,1500000,2
480253,8472,Luke O'Nien,1994-11-21T00:00:00.000Z,183,right,England,CB,,700000,2
749736,9825,Kai Havertz,1999-06-11T00:00:00.000Z,193,left,Germany,ST,AM,55000000,2
717176,8463,Daniel James,1997-11-10T00:00:00.000Z,170,right,Wales,RW,RWB,10000000,2
1187506,9826,Chadi Riad,2003-06-17T00:00:00.000Z,187,left,Morocco,CB,,15000000,2
1597668,8650,Rio Ngumoha,2008-08-29T00:00:00.000Z,,right,England,LW,,30000000,2
1079539,10203,Dilane Bakwa,2002-08-26T00:00:00.000Z,180,right,France,RW,"LM,AM",28000000,2
866967,10260,Altay Bayindir,1998-04-14T00:00:00.000Z,198,right,Turkiye,GK,,5000000,2
1559637,8668,Harrison Armstrong,2007-01-19T00:00:00.000Z,185,right,England,CM,"DM,RW,AM",12000000,2
1107286,8463,Wilfried Gnonto,2003-11-05T00:00:00.000Z,170,right,Italy,LW,RWB,16000000,2
1391209,10203,Jair Cunha,2005-03-07T00:00:00.000Z,198,both,Brazil,CB,RB,15000000,2
666857,10261,Yoane Wissa,1996-09-03T00:00:00.000Z,176,right,DR Congo,ST,LW,25000000,2
1113692,8455,Jamie Gittens,2004-08-08T00:00:00.000Z,175,right,England,LW,RW,30000000,2
716687,8191,Joe Worrall,1997-01-10T00:00:00.000Z,191,right,England,CB,,22000000,2
1203661,8535,Radu Dragusin,2002-02-03T00:00:00.000Z,191,right,Romania,CB,,,2
955376,8455,Benoît Badiashile,2001-03-26T00:00:00.000Z,194,left,France,CB,,15000000,2
671331,10252,Leon Bailey,1997-08-09T00:00:00.000Z,181,left,Jamaica,RW,AM,14000000,2
848667,8592,Angel Gomes,2000-08-31T00:00:00.000Z,168,right,England,AM,"DM,CM",,2
643717,10203,Taiwo Awoniyi,1997-08-12T00:00:00.000Z,183,right,Nigeria,ST,,8000000,2
749834,10203,John Victor,1996-02-13T00:00:00.000Z,196,,Brazil,GK,,5000000,2
922892,8463,Sebastiaan Bornauw,1999-03-22T00:00:00.000Z,191,right,Belgium,CB,,8000000,2
576165,9825,Gabriel Jesus,1997-04-03T00:00:00.000Z,175,right,Brazil,ST,,17000000,2
1010733,8602,Ki-Jana Hoever,2002-01-18T00:00:00.000Z,180,right,Netherlands,RB,"RWB,RM",12000000,2
860920,9826,Edward Nketiah,1999-05-30T00:00:00.000Z,175,right,England,AM,ST,10000000,2
276791,8654,Niclas Füllkrug,1993-02-09T00:00:00.000Z,188,right,Germany,ST,,3500000,2
1288450,8456,Rico Lewis,2004-11-21T00:00:00.000Z,169,right,England,RB,"LB,DM,CM",28000000,2
1123947,8472,Romaine Mundle,2003-04-24T00:00:00.000Z,172,right,England,LW,,7000000,2
1200984,8455,Filip Jörgensen,2002-04-16T00:00:00.000Z,190,right,Denmark,GK,,15000000,2
1287010,8472,Nilson Angulo,2003-06-19T00:00:00.000Z,182,right,Ecuador,LW,"LWB,LM,RW",17000000,2
1190867,8455,Roméo Lavia,2004-01-06T00:00:00.000Z,181,right,Belgium,DM,CM,22000000,2
493647,8654,Adama Traoré,1996-01-25T00:00:00.000Z,178,right,Spain,RW,,35000000,2
1666977,8678,Veljko Milosavljevic,2007-06-28T00:00:00.000Z,192,right,Serbia,CB,,20000000,2
1187213,8456,James Trafford,2002-10-10T00:00:00.000Z,197,right,England,GK,,25000000,2
1155130,10203,Luca Netz,2003-05-15T00:00:00.000Z,184,left,Germany,LWB,LB,8000000,2
1424875,8668,Tyrique George,2006-02-04T00:00:00.000Z,181,right,England,ST,"RW,LW",20000000,2
1561249,10204,Charalampos Kostoulas,2007-05-30T00:00:00.000Z,185,right,Greece,ST,LW,25000000,2
711357,9937,Ethan Pinnock,1993-05-29T00:00:00.000Z,187,left,Jamaica,CB,,3000000,2
1292833,8668,Tyler Dibling,2006-02-17T00:00:00.000Z,178,left,England,RW,,17000000,2
1107648,10203,James McAtee,2002-10-18T00:00:00.000Z,180,left,England,AM,"DM,RW,LW",18000000,2
784510,8650,Federico Chiesa,1997-10-25T00:00:00.000Z,175,right,Italy,RW,ST,13000000,2
189103,8602,Daniel Bentley,1993-07-13T00:00:00.000Z,188,right,England,GK,,3500000,2
749661,10252,Tammy Abraham,1997-10-02T00:00:00.000Z,194,right,England,ST,,18000000,2
1307639,8191,Max Weiss,2004-06-15T00:00:00.000Z,190,right,Germany,GK,,16000000,2
1186615,8472,Melker Ellborg,2003-05-22T00:00:00.000Z,191,,Sweden,GK,,3000000,2
1412137,8455,Marc Guiu,2006-01-04T00:00:00.000Z,187,left,Spain,ST,,12000000,2
751649,8463,Jack Harrison,1996-11-20T00:00:00.000Z,175,left,England,RW,LW,6500000,2
1610952,8602,Pedro Lima,2006-07-01T00:00:00.000Z,174,right,Brazil,RB,RWB,12000000,2
1112684,8668,Nathan Patterson,2001-10-16T00:00:00.000Z,189,right,Scotland,RB,,10000000,2
792540,8463,Joël Piroe,1999-08-02T00:00:00.000Z,181,left,Suriname,ST,AM,10000000,2
1573122,8602,Fer López,2004-05-24T00:00:00.000Z,,left,Spain,AM,"DM,CM,RW,ST",16000000,2
464486,8678,Enes Ünal,1997-05-10T00:00:00.000Z,185,right,Turkiye,forward,,7000000,2
1096400,8455,Levi Colwill,2003-02-26T00:00:00.000Z,187,left,England,CB,,50000000,2
582276,8650,Freddie Woodman,1997-03-04T00:00:00.000Z,188,right,England,GK,,3000000,2
866686,10204,Matthew O'Riley,2000-11-21T00:00:00.000Z,187,left,Denmark,DM,"CM,AM",18000000,2
1321562,10204,Diego Coppola,2003-12-28T00:00:00.000Z,192,right,Italy,CB,,18000000,2
586768,10267,Guido Rodríguez,1994-04-12T00:00:00.000Z,185,right,Argentina,CM,DM,,2
617310,8592,Nayef Aguerd,1996-03-30T00:00:00.000Z,190,left,Morocco,CB,,,2
1254234,9825,Ethan Nwaneri,2007-03-21T00:00:00.000Z,176,left,England,CM,"RW,AM",35000000,2
1060617,8191,Oliver Sonne,2000-11-10T00:00:00.000Z,184,right,Peru,RB,RWB,12000000,2
1580704,8305,Christantus Uche,2003-05-19T00:00:00.000Z,190,both,Nigeria,ST,,,2
202643,8650,Wataru Endo,1993-02-09T00:00:00.000Z,178,right,Japan,DM,CB,4000000,2
1296769,1389162,Zach Abbott,2006-05-13T00:00:00.000Z,180,right,England,CB,"RB,DM",4000000,2
1636513,8586,Souza,2006-06-16T00:00:00.000Z,183,,Brazil,LB,LWB,45000000,2
863359,10247,Andy Irving,2000-05-13T00:00:00.000Z,190,left,Scotland,DM,CM,,2
1635773,9825,Max Dowman,2009-12-31T00:00:00.000Z,183,left,England,CM,"RW,AM",30000000,2
276121,8586,Ben Davies,1993-04-24T00:00:00.000Z,181,left,Wales,LB,CB,40000000,2
1449690,8678,Alex Tóth,2005-10-23T00:00:00.000Z,181,right,Hungary,CM,"DM,AM",12000000,2
1414691,8456,Max Alleyne,2005-07-21T00:00:00.000Z,185,both,England,CB,,8000000,2
1203192,8472,Jenson Seelt,2003-05-23T00:00:00.000Z,195,right,Netherlands,CB,,5000000,2
1212630,9875,Lorenzo Lucca,2000-09-10T00:00:00.000Z,201,right,Italy,ST,,,2
1423616,10204,Stefanos Tzimas,2006-01-06T00:00:00.000Z,184,both,Greece,ST,,18000000,2
418137,8472,Arthur Masuaku,1993-11-07T00:00:00.000Z,179,left,DR Congo,LB,"CB,LWB",2000000,2
239219,8456,Mateo Kovacic,1994-05-06T00:00:00.000Z,178,right,Croatia,DM,,10000000,2
1458757,9768,Luis Guilherme,2006-02-09T00:00:00.000Z,175,left,Brazil,LW,RW,,2
748382,9825,Reiss Nelson,1999-12-10T00:00:00.000Z,175,right,England,LW,,8000000,2
1575707,1070257,Jack Fletcher,2007-03-19T00:00:00.000Z,180,left,England,AM,"LB,DM,CM",1500000,2
1624950,773649,Ezra Mayers,2007-01-16T00:00:00.000Z,183,left,England,CB,,2000000,2
963964,8650,Harvey Elliott,2003-04-04T00:00:00.000Z,170,left,England,AM,CM,20000000,2
1324871,8678,Ben Gannon-Doak,2005-11-11T00:00:00.000Z,176,right,Scotland,RW,RM,15000000,2
768331,10204,Igor Julio,1998-02-07T00:00:00.000Z,188,left,Brazil,defender,,10000000,2
266520,9825,Christian Nørgaard,1994-03-10T00:00:00.000Z,185,right,Denmark,DM,"CB,CM",5000000,2
963965,9937,Fábio Carvalho,2002-08-30T00:00:00.000Z,170,right,Portugal,RM,ST,8000000,2
1426170,8455,Mamadou Sarr,2005-08-29T00:00:00.000Z,194,right,Senegal,CB,,22000000,2
622091,9826,Borna Sosa,1998-01-21T00:00:00.000Z,187,left,Croatia,LWB,LM,3000000,2
850962,9937,Hákon Rafn Valdimarsson,2001-10-13T00:00:00.000Z,188,right,Iceland,GK,,2500000,2
1446616,773678,Harry Howell,2008-04-20T00:00:00.000Z,180,left,England,AM,"RM,RW",8000000,2
317564,9825,Kepa Arrizabalaga,1994-10-03T00:00:00.000Z,189,right,Spain,GK,,5000000,2
1422586,1267874,Rio Cardines,2006-07-01T00:00:00.000Z,175,left,Trinidad and Tobago,RWB,"RB,LWB,RM,CM,RW",300000,2
856685,8669,Frank Onyeka,1998-01-01T00:00:00.000Z,183,right,Nigeria,DM,CM,16000000,2
1095445,10203,Arnaud Kalimuendo-Muinga,2002-01-20T00:00:00.000Z,175,right,France,ST,"RW,LW",25000000,2
448897,9826,Walter Benítez,1993-01-19T00:00:00.000Z,191,right,Argentina,GK,,4000000,2
502420,9879,Harrison Reed,1995-01-27T00:00:00.000Z,181,right,England,DM,,2000000,2
1430406,10252,Andrés García,2003-02-07T00:00:00.000Z,183,right,Spain,forward,,6000000,2
1336566,10204,Facundo Buonanotte,2004-12-23T00:00:00.000Z,174,left,Argentina,AM,,12000000,2
1067168,8191,Zeki Amdouni,2000-12-04T00:00:00.000Z,185,both,Switzerland,forward,,1500000,2
1529203,773649,Mohamadou Kanté,2005-09-20T00:00:00.000Z,178,right,France,DM,CM,1000000,2
1310131,10204,Tom Watson,2006-04-08T00:00:00.000Z,190,right,England,LW,,0,2
1656860,10252,Alysson Edward,2006-05-05T00:00:00.000Z,184,,Brazil,RW,"AM,LW",10000000,2
760746,6603,Angus Gunn,1996-01-22T00:00:00.000Z,196,right,Scotland,GK,,,2
1276312,9937,Antoni Milambo,2005-04-03T00:00:00.000Z,175,right,Netherlands,CM,AM,15000000,2
1327325,8654,Callum Marshall,2004-11-28T00:00:00.000Z,172,left,Northern Ireland,ST,AM,10000000,2
1532672,9879,Jonah Kusi-Asare,2007-07-04T00:00:00.000Z,196,right,Sweden,ST,,3000000,2
1526704,9768,Jesse Derry,2007-06-30T00:00:00.000Z,,,England,LW,RW,,2
107280,8191,Ashley Barnes,1989-10-30T00:00:00.000Z,186,right,England,ST,,12000000,2
1436260,1070257,Shea Lacey,2007-04-14T00:00:00.000Z,167,left,England,RW,,5000000,2
1690655,8472,Jocelin Ta Bi,2005-02-09T00:00:00.000Z,175,left,Ivory Coast,RW,,2500000,2
1433230,8657,Romelle Donovan,2006-11-30T00:00:00.000Z,,left,England,RW,,3500000,2
1428401,9826,Romain Esse,2005-05-13T00:00:00.000Z,178,left,England,RW,"AM,LW",10000000,2
963983,8191,Mike Trésor,1999-05-28T00:00:00.000Z,175,right,Belgium,midfielder,,5000000,2
493165,8586,James Maddison,1996-11-23T00:00:00.000Z,175,right,England,midfielder,,50000000,2
1358655,8678,Julio Soler,2005-02-16T00:00:00.000Z,175,left,Argentina,LB,"LWB,LM",8000000,2
1239595,8455,Dário Essugo,2005-03-14T00:00:00.000Z,178,right,Portugal,midfielder,,15000000,2
527549,8658,Patrick Roberts,1997-02-05T00:00:00.000Z,167,left,England,RW,RM,4000000,2
1607333,1070261,George Hemmings,2007-03-04T00:00:00.000Z,,,England,DM,"CM,AM",800000,2
1463282,860800,Divine Mukasa,2007-08-22T00:00:00.000Z,180,left,England,AM,"CM,ST",5000000,2
1111392,8602,Tawanda Chirewa,2003-10-11T00:00:00.000Z,181,right,Zimbabwe,LW,"AM,ST",1500000,2
279489,8197,Jamaal Lascelles,1993-11-11T00:00:00.000Z,188,right,England,CB,,800000,2
1436258,1070259,Trey Nyoni,2007-06-30T00:00:00.000Z,180,right,England,DM,"CB,CM",8000000,2
1676985,1070257,Tyler Fletcher,2007-03-19T00:00:00.000Z,183,right,Scotland,DM,"CM,AM",1500000,2
1639163,1070261,Bradley Burrowes,2008-03-04T00:00:00.000Z,169,right,England,ST,"RB,RW",2000000,2
875672,8592,Hamed Traorè,2000-02-16T00:00:00.000Z,184,right,Ivory Coast,AM,"DM,LW",,2
1838455,1113554,Jerome Abbey,2009-09-16T00:00:00.000Z,,,Netherlands,midfielder,,,2
1607328,1113551,Bendito Mantato,2008-01-25T00:00:00.000Z,180,left,England,LB,"RW,LW",,2
1431275,860802,Callum Olusesi,2007-03-11T00:00:00.000Z,175,right,England,DM,CM,5000000,2
1469210,773683,Tom Edozie,2006-05-18T00:00:00.000Z,178,right,England,AM,ST,200000,2
982246,8548,Dan Neil,2001-12-13T00:00:00.000Z,185,left,England,DM,CM,,2
1114798,8638,Jota Silva,1999-08-01T00:00:00.000Z,179,right,Portugal,LW,,,2
858198,8602,Sasa Kalajdzic,1997-07-07T00:00:00.000Z,200,right,Austria,ST,AM,6000000,2
1443841,860798,Sean Neave,2007-05-27T00:00:00.000Z,184,,England,ST,AM,0,2
1327789,8191,Jaydon Banel,2004-10-19T00:00:00.000Z,172,right,Netherlands,LW,,4000000,2
1557236,1070261,Jamaldeen Jimoh-Aloba,2006-10-02T00:00:00.000Z,183,right,England,AM,"LM,LW",500000,2
363318,8463,Sam Byram,1993-09-16T00:00:00.000Z,180,right,England,defender,,400000,2
1211806,8654,George Earthy,2004-09-05T00:00:00.000Z,180,right,England,RW,AM,15000000,2
1362341,860798,Alex Murphy,2004-06-25T00:00:00.000Z,188,left,Republic of Ireland,LB,CB,1500000,2
1700817,9826,Joél Drakes-Thomas,2009-06-09T00:00:00.000Z,,,England,RWB,,1500000,2
1113753,8586,Dane Scarlett,2004-03-24T00:00:00.000Z,179,right,England,ST,,20000000,2
1244376,9826,Kaden Rodney,2004-10-07T00:00:00.000Z,,right,England,DM,"CB,CM",200000,2
759566,9937,Joshua Dasilva,1998-10-23T00:00:00.000Z,184,left,England,midfielder,,1500000,2
637746,8588,Odsonne Édouard,1998-01-16T00:00:00.000Z,187,right,France,ST,,,2
1697214,8678,Ben Winterburn,2004-09-04T00:00:00.000Z,185,right,England,AM,"DM,CM",350000,2
1531854,860802,James Rowswell,2006-07-13T00:00:00.000Z,188,right,England,RB,"CB,LB",1000000,2
1403351,1070257,Tyler Fredricson,2005-02-23T00:00:00.000Z,184,right,England,CB,,3000000,2
1416710,10253,Joe Knight,2005-09-21T00:00:00.000Z,,right,England,CM,DM,100000,2
1113813,8549,Myles Peart-Harris,2002-09-18T00:00:00.000Z,187,right,England,LW,AM,900000,2
1526697,773678,Nehemiah Oriola,2007-06-11T00:00:00.000Z,,right,England,LW,"LM,RW,AM,ST",200000,2
1413853,9937,Kaye Furo,2007-02-06T00:00:00.000Z,,right,Belgium,ST,,8000000,2
564842,10003,Cameron Burgess,1995-10-21T00:00:00.000Z,194,left,Australia,CB,,1500000,2
1693398,8586,Junai Byfield,2008-12-06T00:00:00.000Z,,right,England,CB,,35000000,2
1346113,773652,Shumaira Mheuka,2007-10-20T00:00:00.000Z,182,right,England,ST,,3000000,2
1187236,10204,Carl Rushworth,2001-07-02T00:00:00.000Z,191,left,England,GK,,16000000,2
801477,8653,Jamie Cumming,1999-09-04T00:00:00.000Z,186,right,England,GK,,1200000,2
789578,9902,Dara O'Shea,1999-03-04T00:00:00.000Z,185,right,Ireland,CB,,16000000,2
1123524,8549,Solomon Brynn,2000-10-30T00:00:00.000Z,184,right,England,GK,,9000000,2
1130766,10004,Tristan Crama,2001-11-08T00:00:00.000Z,192,right,France,RB,CB,3000000,2
478357,8669,Matt Grimes,1995-07-15T00:00:00.000Z,178,left,England,DM,CM,6000000,2
568577,10004,Jake Cooper,1995-02-03T00:00:00.000Z,193,left,England,CB,,10000000,2
1077684,8548,Ivor Pandur,2000-03-25T00:00:00.000Z,187,right,Croatia,GK,,,2
501380,10003,Lawrence Vigouroux,1993-11-19T00:00:00.000Z,194,left,Chile,GK,,450000,2
857434,9850,Vladan Kovacevic,1998-04-11T00:00:00.000Z,193,right,Bosnia and Herzegovina,GK,,2500000,2
568573,10170,Matthew Clarke,1996-09-22T00:00:00.000Z,180,left,England,CB,,2000000,2
948555,10003,Ben Cabango,2000-05-30T00:00:00.000Z,188,right,Wales,CB,,9000000,2
722741,10003,Josh Tymon,1999-05-22T00:00:00.000Z,178,left,England,LB,LWB,10000000,2
694558,9841,Dominic Hyam,1995-12-20T00:00:00.000Z,188,right,Scotland,CB,,2000000,2
447418,8451,Lloyd Jones,1995-10-07T00:00:00.000Z,190,right,England,CB,,1200000,2
812982,10194,Sorba Thomas,1999-01-25T00:00:00.000Z,185,right,Wales,LW,"RB,RWB,RM,RW",14000000,2
864266,8655,Sean McLoughlin,1996-11-13T00:00:00.000Z,191,left,Ireland,CB,,750000,2
797594,9902,Azor Matusiwa,1998-04-28T00:00:00.000Z,173,right,Netherlands,DM,,4500000,2
877701,8658,Christoph Klarer,2000-06-14T00:00:00.000Z,191,right,Austria,CB,,7000000,2
648393,8658,Tomoki Iwata,1997-04-07T00:00:00.000Z,176,right,Japan,RB,"DM,CM",2000000,2
1074750,8669,Milan van Ewijk,2000-09-08T00:00:00.000Z,175,right,Netherlands,RB,RW,2000000,2
609733,9902,Darnell Furlong,1995-10-31T00:00:00.000Z,183,right,England,RB,,14000000,2
195673,10163,Liam Palmer,1991-09-19T00:00:00.000Z,180,right,Scotland,CB,"RB,LWB,RWB,RM,CM",100000,2
488960,8653,Michal Helik,1995-09-09T00:00:00.000Z,191,right,Poland,CB,,1000000,2
600812,8411,Ben Whiteman,1996-06-17T00:00:00.000Z,185,right,England,CM,"DM,AM",2000000,2
873018,8657,Japhet Tanganga,1999-03-31T00:00:00.000Z,186,right,England,CB,RB,6000000,2
1265626,8197,Abdul Fatawu,2004-03-08T00:00:00.000Z,177,left,Ghana,RW,,20000000,2
768325,8411,Jordan Storey,1997-09-02T00:00:00.000Z,188,right,England,CB,,4500000,2
1360352,1070257,Radek Vítek,2003-10-24T00:00:00.000Z,198,right,Czechia,GK,,6000000,2
1246270,8659,Isaac Price,2003-09-26T00:00:00.000Z,178,right,Northern Ireland,AM,"RWB,RM,LM,RW,LW,ST",12000000,2
966021,8466,Taylor Harwood-Bellis,2002-01-30T00:00:00.000Z,188,right,England,CB,,3000000,2
716852,8549,Callum Brittain,1998-03-12T00:00:00.000Z,178,right,England,RB,"RWB,RM",7000000,2
982599,8427,Adam Randell,2000-10-01T00:00:00.000Z,175,,England,DM,CM,3000000,2
748856,8659,Callum Styles,2000-03-27T00:00:00.000Z,167,left,Hungary,LB,"LWB,DM,CM",3000000,2
582414,8462,Regan Poole,1998-06-18T00:00:00.000Z,178,right,Wales,CB,,1000000,2
190851,9850,Kenny McLean,1992-01-08T00:00:00.000Z,183,left,Scotland,DM,"LB,CM,RW",400000,2
1127480,8549,Tommy Conway,2002-08-06T00:00:00.000Z,178,right,Scotland,ST,"AM,LW",14000000,2
1112701,9841,Max Cleworth,2002-08-09T00:00:00.000Z,191,right,Wales,CB,,10000000,2
993022,9817,Imrân Louza,1999-05-01T00:00:00.000Z,178,left,Morocco,CM,"DM,AM,ST",14000000,2
916332,8197,Luke Thomas,2001-06-10T00:00:00.000Z,181,left,England,LB,,5000000,2
759814,8669,Jay Dasilva,1998-04-22T00:00:00.000Z,170,left,Wales,LB,,8000000,2
767173,10172,Jimmy Dunne,1997-10-19T00:00:00.000Z,191,right,Ireland,CB,RB,5000000,2
190666,8549,Luke Ayling,1991-08-25T00:00:00.000Z,185,right,England,CB,"RB,LB",350000,2
631757,9817,Egil Selvik,1997-07-30T00:00:00.000Z,192,left,Norway,GK,,1500000,2
759801,8657,Callum O'Hare,1998-05-01T00:00:00.000Z,175,right,England,AM,"CM,LM,LW",5000000,2
948567,8659,Nathaniel Phillips,1997-03-21T00:00:00.000Z,188,right,England,CB,,2500000,2
1395694,9850,Kellen Fisher,2004-05-05T00:00:00.000Z,182,right,England,RB,"LB,RWB,RM",3000000,2
961994,9841,Arthur Okonkwo,2001-09-09T00:00:00.000Z,199,right,Nigeria,GK,,5000000,2
295062,8667,John Egan,1992-10-20T00:00:00.000Z,185,right,Ireland,CB,,1000000,2
1081081,8451,Sonny Carey,2001-01-20T00:00:00.000Z,184,,England,CM,"RW,AM,LW,ST",4000000,2
988074,8655,Yuki Ohashi,1996-07-27T00:00:00.000Z,180,right,Japan,ST,AM,1700000,2
1198007,9902,Anis Mehmeti,2001-01-09T00:00:00.000Z,180,right,Albania,AM,"CM,LW,ST",20000000,2
848102,8658,Seung-Ho Paik,1997-03-17T00:00:00.000Z,180,right,South Korea,DM,"CM,AM",2000000,2
517663,8462,Colby Bishop,1996-11-04T00:00:00.000Z,180,right,England,ST,,1200000,2
1290962,8586,Ashley Phillips,2005-06-26T00:00:00.000Z,192,right,Wales,CB,,28000000,2
914399,8669,Liam Kitching,1999-09-25T00:00:00.000Z,190,left,England,CB,,15000000,2
1601917,10172,Richard Kone,2003-07-15T00:00:00.000Z,185,right,Ivory Coast,ST,AM,8000000,2
668793,10194,Svante Ingelsson,1998-06-14T00:00:00.000Z,189,left,Sweden,CM,"DM,AM",1000000,2
746406,8427,Scott Twine,1999-07-14T00:00:00.000Z,174,right,England,AM,"CM,RW,LW,ST",14000000,2
131408,8451,Thomas Kaminski,1992-10-23T00:00:00.000Z,187,right,Belgium,GK,,1000000,2
982394,8668,Hayden Hackney,2002-06-26T00:00:00.000Z,178,right,England,DM,"CM,AM,LW",32000000,2
1113816,8658,Jay Stansfield,2002-11-24T00:00:00.000Z,187,right,England,AM,ST,18000000,2
816368,8653,Ciaron Brown,1998-01-14T00:00:00.000Z,185,left,Northern Ireland,CB,LB,1500000,2
512013,9902,Christian Walton,1995-11-09T00:00:00.000Z,196,left,England,GK,,16000000,2
1203447,10004,Camiel Neghli,2001-11-06T00:00:00.000Z,179,left,Netherlands,AM,"DM,RM,LM,RW,LW",14000000,2
212304,8411,Andrew Hughes,1992-06-05T00:00:00.000Z,183,left,Wales,CB,,300000,2
1052977,10003,Gonçalo Franco,2000-11-17T00:00:00.000Z,176,right,Portugal,DM,"CM,AM",4000000,2
1420818,8657,Sydie Peck,2004-09-13T00:00:00.000Z,173,right,England,DM,CM,14000000,2
435513,8466,Ryan Manning,1996-06-14T00:00:00.000Z,172,right,Ireland,LB,"LWB,LM",1000000,2
369754,10163,Jamal Lowe,1994-07-21T00:00:00.000Z,183,right,Jamaica,ST,"AM,LW",500000,2
1136097,8549,Aidan Morris,2001-11-16T00:00:00.000Z,177,right,USA,DM,CM,10000000,2
1096327,8197,Jakub Stolarczyk,2000-12-19T00:00:00.000Z,194,right,Poland,GK,,1800000,2
1187285,8655,Ryan Alebiosu,2001-12-17T00:00:00.000Z,188,right,Nigeria,RWB,"RB,RM",1500000,2
617763,8411,Daniel Iversen,1997-07-19T00:00:00.000Z,191,right,Denmark,GK,,2500000,2
709148,8667,Lewie Coyle,1995-10-15T00:00:00.000Z,173,right,England,RB,"LB,RWB",1200000,2
1331703,8667,Charlie Hughes,2003-10-16T00:00:00.000Z,185,right,England,CB,,10000000,2
1070973,10170,Dion Sanderson,1999-12-15T00:00:00.000Z,188,right,England,CB,,2800000,2
980381,9902,Leif Davis,1999-12-31T00:00:00.000Z,183,left,England,LB,,12000000,2
935502,8659,Aune Selland Heggebø,2001-07-29T00:00:00.000Z,185,,Norway,ST,,7000000,2
729733,6602,Andre Dozzell,1999-05-02T00:00:00.000Z,178,left,England,DM,,,2
807930,8667,Regan Slater,1999-09-11T00:00:00.000Z,173,right,England,DM,"CM,AM",5500000,2
1431281,10204,James Beadle,2004-07-16T00:00:00.000Z,198,,England,GK,,6000000,2
1292335,10172,Amadou Salif Mbengue,2002-01-05T00:00:00.000Z,180,,Senegal,RB,CB,2500000,2
539939,8466,James Bree,1997-12-11T00:00:00.000Z,182,right,England,RB,"CB,RWB,RW",7000000,2
1178263,8411,Alfie Devine,2004-08-01T00:00:00.000Z,179,right,England,CM,"LM,AM",8000000,2
1260020,10003,Ronald Pereira,2001-06-14T00:00:00.000Z,177,right,Brazil,RW,RM,3000000,2
1077926,10194,Ethan Galbraith,2001-05-11T00:00:00.000Z,175,right,Northern Ireland,RB,"DM,CM,AM",2500000,2
562593,8653,Cameron Brannagan,1996-05-09T00:00:00.000Z,180,right,England,DM,"CM,AM",800000,2
1047586,8659,George Campbell,2001-06-22T00:00:00.000Z,188,,USA,RB,CB,2000000,2
439691,8653,Sam Long,1995-01-16T00:00:00.000Z,180,right,England,RB,"CB,RWB",300000,2
820581,8466,Ben Brereton,1999-04-18T00:00:00.000Z,186,right,Chile,RW,"RM,LM,AM,LW,ST",5000000,2
883079,8466,Finn Azaz,2000-09-07T00:00:00.000Z,185,right,Ireland,AM,"CM,LW,RW,ST",5000000,2
861001,8655,Balázs Tóth,1997-09-04T00:00:00.000Z,189,,Hungary,GK,,1000000,2
798641,9850,Harry Darling,1999-08-08T00:00:00.000Z,180,right,England,CB,,4000000,2
876161,8657,Michael Cooper,1999-10-08T00:00:00.000Z,185,,England,GK,,10000000,2
914132,8657,Rhys Norrington-Davies,1999-04-22T00:00:00.000Z,181,left,Wales,LB,CB,2500000,2
798654,8669,Ephron Mason-Clark,1999-08-25T00:00:00.000Z,177,right,Jamaica,LW,LM,15000000,2
962012,8451,Kayne Ramsay,2000-10-10T00:00:00.000Z,179,right,England,CB,RB,1000000,2
658770,8462,Nicolas Schmid,1997-02-22T00:00:00.000Z,195,both,Austria,GK,,2000000,2
161415,10163,Barry Bannan,1989-12-01T00:00:00.000Z,170,left,Scotland,CM,"DM,AM",200000,2
1439831,10004,Mihailo Ivanovic,2004-11-29T00:00:00.000Z,187,right,Serbia,ST,,20000000,2
877697,8657,Harrison Burrows,2002-01-12T00:00:00.000Z,168,left,England,LB,LWB,10000000,2
798603,10194,Ben Wilmot,1999-11-04T00:00:00.000Z,188,right,England,CB,RB,5500000,2
430429,8451,Greg Docherty,1996-09-10T00:00:00.000Z,177,right,Scotland,CM,"DM,AM",800000,2
1249531,10003,Zan Vipotnik,2002-03-18T00:00:00.000Z,185,both,Slovenia,ST,,22000000,2
1296625,10170,Bobby Clark,2005-02-07T00:00:00.000Z,178,right,England,DM,"CM,AM,LW",8000000,2
613892,10170,Joe Ward,1995-08-22T00:00:00.000Z,167,right,England,RB,"RWB,RM",600000,2
917830,10172,Nicolas Madsen,2000-03-17T00:00:00.000Z,190,right,Denmark,DM,CM,5000000,2
1386482,10194,Jun-Ho Bae,2003-08-21T00:00:00.000Z,180,right,South Korea,AM,CM,4000000,2
1338978,8451,Tyreece Campbell,2003-09-14T00:00:00.000Z,177,right,Jamaica,LW,"RW,AM,ST",1500000,2
1161885,8669,Bobby Thomas,2001-01-30T00:00:00.000Z,186,right,England,CB,,3500000,2
789645,8427,Emil Riis Jakobsen,1998-06-24T00:00:00.000Z,190,right,Denmark,ST,,6000000,2
1183512,10194,Million Manhoef,2002-01-03T00:00:00.000Z,179,left,Netherlands,RW,AM,7000000,2
770256,8451,Conor Coventry,2000-03-25T00:00:00.000Z,175,right,Ireland,DM,CM,2000000,2
660170,9841,George Dobson,1997-11-15T00:00:00.000Z,185,right,England,CM,"DM,AM",1500000,2
509151,8667,Oli McBurnie,1996-06-04T00:00:00.000Z,188,right,Scotland,ST,,5000000,2
789574,8659,Jayson Molumby,1999-08-06T00:00:00.000Z,176,right,Ireland,DM,"RM,CM",3500000,2
759563,9817,Marc Bola,1997-12-09T00:00:00.000Z,185,left,England,LB,"LWB,LM",1500000,2
968936,9817,Matthew Pollock,2001-09-28T00:00:00.000Z,190,right,England,CB,,2000000,2
1417094,8586,Will Lankshear,2005-04-20T00:00:00.000Z,179,right,England,ST,AM,22000000,2
1014602,10170,Jacob Widell Zetterström,1998-07-11T00:00:00.000Z,195,right,Sweden,GK,,2500000,2
1207954,9841,Callum Doyle,2003-10-03T00:00:00.000Z,185,left,England,CB,,12000000,2
306128,8197,Ricardo Pereira,1993-10-06T00:00:00.000Z,175,right,Portugal,RB,,1500000,2
700683,8548,Ross McCrorie,1998-03-18T00:00:00.000Z,190,right,Scotland,RWB,"RB,LWB,RM",,2
1381571,8600,Luca Kjerrumgaard,2003-02-09T00:00:00.000Z,190,,Denmark,ST,,,2
956161,8463,Joe Gelhardt,2002-05-04T00:00:00.000Z,179,left,England,AM,"RW,ST",14000000,2
1190030,8411,Odel Offiah,2002-10-26T00:00:00.000Z,181,right,England,CB,"RB,RWB,RM,RW",2500000,2
1083185,10004,Femi Azeez,2001-06-05T00:00:00.000Z,181,left,Nigeria,RW,"RM,LW,ST",3500000,2
768169,8658,Phil Neumann,1997-07-08T00:00:00.000Z,190,right,Germany,CB,,2500000,2
488624,8659,Alex Mowatt,1995-02-13T00:00:00.000Z,177,left,England,DM,CM,1300000,2
1051415,8427,Jason Knight,2001-02-13T00:00:00.000Z,179,right,Ireland,DM,"RB,CB,CM",7000000,2
1439800,10170,Patrick Agyemang,2000-11-07T00:00:00.000Z,193,right,USA,ST,"AM,LW",10000000,2
917628,8549,Neto Borges,1996-09-13T00:00:00.000Z,183,left,Brazil,CB,"LB,LWB,LM",2500000,2
538329,8462,Ebou Adams,1996-01-15T00:00:00.000Z,181,right,Gambia,DM,"CM,AM,ST",700000,2
1328857,8466,Caspar Jander,2003-03-23T00:00:00.000Z,176,right,Germany,DM,"CM,AM",3200000,2
719581,9841,Zak Vyner,1997-05-14T00:00:00.000Z,187,right,Kenya,CB,"DM,CM",3000000,2
621182,8427,Rob Dickie,1996-03-03T00:00:00.000Z,191,right,England,CB,,1500000,2
1026833,9850,Pelle Mattsson,2001-08-04T00:00:00.000Z,181,right,Denmark,DM,CM,4000000,2
215387,8466,Jack Stephens,1994-01-27T00:00:00.000Z,185,right,England,CB,,1000000,2
1081288,8549,Morgan Whittaker,2001-01-07T00:00:00.000Z,183,left,England,RW,"RM,AM,LW,ST",18000000,2
469202,9841,Kieffer Moore,1992-08-08T00:00:00.000Z,195,right,Wales,ST,,1300000,2
471271,8451,Amari'i Bell,1994-05-05T00:00:00.000Z,180,left,Jamaica,CB,"LWB,LM",800000,2
759580,8197,Stephy Mavididi,1998-05-31T00:00:00.000Z,180,right,England,LW,,5000000,2
914134,9841,Lewis O'Brien,1998-10-14T00:00:00.000Z,173,left,England,AM,"DM,CM",6000000,2
1055136,8655,Ryoya Morishita,1997-04-11T00:00:00.000Z,170,right,Japan,AM,"DM,CM,RW,LW,ST",2000000,2
528214,10163,Dominic Iorfa,1995-06-24T00:00:00.000Z,188,right,England,CB,,250000,2
873014,8197,Oliver Skipp,2000-09-16T00:00:00.000Z,185,right,England,DM,,4000000,2
844943,8466,Flynn Downes,1999-01-20T00:00:00.000Z,172,right,England,DM,CM,400000,2
1098752,10252,Lewis Dobbin,2003-01-03T00:00:00.000Z,175,left,England,ST,AM,7000000,2
982624,9817,Jeremy Ngakia,2000-09-07T00:00:00.000Z,182,right,DR Congo,RB,"RWB,RM",3000000,2
528436,8462,Connor Ogilvie,1996-02-14T00:00:00.000Z,184,left,England,LB,CB,500000,2
205893,8197,Jannik Vestergaard,1992-08-03T00:00:00.000Z,199,left,Denmark,CB,,1000000,2
1269329,8600,James Abankwah,2004-01-16T00:00:00.000Z,188,right,Ireland,CB,"RB,LB",,2
760398,9902,Cédric Kipré,1996-12-09T00:00:00.000Z,196,right,Ivory Coast,CB,,9000000,2
848268,8669,Haji Wright,1998-03-27T00:00:00.000Z,193,right,USA,ST,,800000,2
528453,8197,Harry Winks,1996-02-02T00:00:00.000Z,178,right,England,DM,,2500000,2
1124212,9841,George Thomason,2001-01-12T00:00:00.000Z,177,left,England,LWB,"CM,LM",2500000,2
1367703,8462,Terry Devlin,2003-11-06T00:00:00.000Z,180,right,Northern Ireland,RB,"RWB,RM",4000000,2
997560,8657,Femi Seriki,2002-04-28T00:00:00.000Z,180,right,England,RB,,5000000,2
1134508,10194,Tatsuki Seko,1997-12-22T00:00:00.000Z,175,right,Japan,DM,,1000000,2
1668969,10163,Gabriel Otegbayo,2005-02-11T00:00:00.000Z,193,right,Ireland,CB,,800000,2
1254762,8653,Stanley Mills,2003-10-25T00:00:00.000Z,180,,England,RW,"RM,AM,LW",1000000,2
280507,8667,Matt Crooks,1994-01-20T00:00:00.000Z,183,right,England,DM,"CM,AM,ST",700000,2
1209597,10003,Marko Stamenic,2002-02-19T00:00:00.000Z,188,right,New Zealand,DM,CM,3000000,2
909803,9817,Edo Kayembe,1998-06-03T00:00:00.000Z,183,left,DR Congo,CM,"DM,AM,ST",4000000,2
775355,8657,Gustavo Hamer,1997-06-24T00:00:00.000Z,169,right,Netherlands,LW,"CM,LM,AM",14000000,2
1077922,8427,George Tanner,1999-11-16T00:00:00.000Z,181,right,England,CB,"RB,RWB",2500000,2
1195277,8411,Thierry Small,2004-08-01T00:00:00.000Z,177,,England,LM,"LWB,RM",7000000,2
1025603,8669,Tatsuhiro Sakamoto,1996-10-22T00:00:00.000Z,170,right,Japan,RW,RM,4000000,2
933635,8667,Ryan Giles,2000-01-26T00:00:00.000Z,179,left,England,LB,LWB,12000000,2
953859,8466,Nathan Wood,2002-05-31T00:00:00.000Z,188,right,England,CB,,1500000,2
434498,8472,Alan Browne,1995-04-15T00:00:00.000Z,179,right,Ireland,DM,"RB,RM,CM,AM",2000000,2
1107283,10003,Ji-Sung Eom,2002-05-09T00:00:00.000Z,174,right,South Korea,LW,"LM,RW",1800000,2
1396784,9850,Andre Brooks,2003-08-20T00:00:00.000Z,180,left,Jamaica,RW,"RM,AM",6000000,2
1118483,8466,Tom Fellows,2003-07-25T00:00:00.000Z,181,right,England,RW,"RWB,RM,LW",300000,2
951953,8659,Ousmane Diakité,2000-07-25T00:00:00.000Z,189,right,Mali,DM,CM,1200000,2
465909,9841,Josh Windass,1994-01-09T00:00:00.000Z,175,right,England,AM,ST,1000000,2
1202769,8466,Léo Scienza,1998-09-13T00:00:00.000Z,175,both,Brazil,LW,"LM,AM",500000,2
492589,10163,Max Lowe,1997-05-11T00:00:00.000Z,175,left,England,CB,,1800000,2
310785,8655,Sondre Tronstad,1995-08-26T00:00:00.000Z,168,right,Norway,DM,,1000000,2
1421813,10004,Zak Sturge,2004-06-15T00:00:00.000Z,188,left,England,LB,,2500000,2
914402,9902,Jack Clarke,2000-11-23T00:00:00.000Z,181,right,England,LW,RW,3000000,2
1250510,10172,Jonathan Varane,2001-09-09T00:00:00.000Z,175,,Martinique,DM,CM,2500000,2
1006676,8197,Memeh Caleb Okoli,2001-07-13T00:00:00.000Z,191,right,Italy,CB,RB,9000000,2
1184465,8549,Kyle Joseph,2001-09-10T00:00:00.000Z,186,right,Scotland,ST,"RW,LW",6000000,2
845985,8669,Victor Torp,1999-07-30T00:00:00.000Z,184,right,Denmark,DM,"CM,AM",600000,2
766622,8659,Michael Johnston,1999-04-19T00:00:00.000Z,179,left,Ireland,LW,"RM,RW,AM",4000000,2
1265460,8462,Adrian Segecic,2004-06-01T00:00:00.000Z,173,left,Croatia,RW,"AM,LW",4500000,2
154280,8197,Jordan Ayew,1991-09-11T00:00:00.000Z,182,right,Ghana,ST,LW,1000000,2
492586,8658,Demarai Gray,1996-06-28T00:00:00.000Z,180,right,Jamaica,LW,"LM,RW",3500000,2
1099974,8456,Issa Kaboré,2001-05-12T00:00:00.000Z,180,right,Burkina Faso,RWB,"RB,RM",4000000,2
1223132,9850,José Córdoba,2001-06-03T00:00:00.000Z,187,left,Panama,CB,,5000000,2
1194286,10004,Caleb Taylor,2003-01-14T00:00:00.000Z,188,,England,CB,,15000000,2
1437876,10163,Sean Fusire,2005-05-31T00:00:00.000Z,181,right,Zimbabwe,RWB,"RM,CM,AM",900000,2
546252,10194,Viktor Johansson,1998-09-14T00:00:00.000Z,186,right,Sweden,GK,,12000000,2
939390,8466,Gavin Bazunu,2002-02-20T00:00:00.000Z,189,right,Ireland,GK,,700000,2
1086713,8462,Zak Swanson,2000-09-28T00:00:00.000Z,189,right,England,LB,"RB,CB",1200000,2
173408,9841,Matthew James,1991-07-22T00:00:00.000Z,181,right,England,DM,CM,200000,2
688991,10004,Casper de Norre,1997-02-07T00:00:00.000Z,175,right,Belgium,DM,,10000000,2
1129081,9902,Marcelino Núñez,2000-03-01T00:00:00.000Z,173,right,Chile,AM,DM,2000000,2
789556,10170,Lewis Travis,1997-10-16T00:00:00.000Z,183,right,England,DM,CM,1800000,2
1121314,10172,Ronnie Edwards,2003-03-28T00:00:00.000Z,180,right,England,CB,RB,5000000,2
610270,8430,Callum Elder,1995-01-27T00:00:00.000Z,180,left,Australia,LWB,"LB,LM",400000,2
1220583,8653,Jack Currie,2001-12-16T00:00:00.000Z,175,,England,LB,LWB,900000,2
872974,8411,Lewis Gibson,2000-07-19T00:00:00.000Z,185,left,England,CB,,2500000,2
183420,8462,Marlon Pack,1991-03-25T00:00:00.000Z,188,right,England,DM,,100000,2
1029024,8655,Lewis Miller,2000-08-24T00:00:00.000Z,189,right,Australia,CB,"RB,RWB",1200000,2
1355258,9850,Ruairi McConville,2005-05-01T00:00:00.000Z,193,right,Northern Ireland,CB,,3000000,2
789507,9902,Jack Taylor,1998-06-23T00:00:00.000Z,185,right,Ireland,DM,,3000000,2
1180500,10172,Harvey Vale,2003-09-11T00:00:00.000Z,181,left,Ireland,RM,"RW,AM,ST",4000000,2
156013,8676,Steve Cook,1991-04-19T00:00:00.000Z,185,right,England,CB,,200000,2
1039566,8653,Brian De Keersmaecker,2000-05-06T00:00:00.000Z,182,right,Belgium,DM,"CM,AM",2500000,2
552569,10004,Mark Sykes,1997-08-04T00:00:00.000Z,182,right,Ireland,RWB,"RM,RW",3500000,2
1367702,8653,Brodie Spencer,2004-05-06T00:00:00.000Z,182,right,Northern Ireland,RB,"CB,LB,RWB,LWB",1500000,2
1420266,9841,Bailey Cadamarteri,2005-05-09T00:00:00.000Z,185,,Jamaica,ST,LW,2000000,2
639558,10188,Amir Hadziahmetovic,1997-03-08T00:00:00.000Z,179,right,Bosnia and Herzegovina,DM,AM,,2
1310975,9851,Jordan James,2004-07-02T00:00:00.000Z,182,right,Wales,DM,"CM,AM",,2
750033,9902,George Hirst,1999-02-15T00:00:00.000Z,191,right,Scotland,ST,,600000,2
1030830,8669,Jack Rudoni,2001-06-14T00:00:00.000Z,185,left,England,AM,DM,450000,2
1276045,10194,Bosun Lawal,2003-05-30T00:00:00.000Z,180,right,Ireland,CB,"RB,LB,DM,RW",3000000,2
562725,10170,Carlton Morris,1995-12-16T00:00:00.000Z,185,right,England,ST,AM,4500000,2
1045656,10004,Billy Mitchell,2001-04-07T00:00:00.000Z,178,right,England,DM,CM,4000000,2
1281452,8466,Shea Charles,2003-11-05T00:00:00.000Z,189,right,Northern Ireland,DM,CM,500000,2
969252,10194,Joshua Griffiths,2001-09-05T00:00:00.000Z,198,right,England,GK,,2000000,2
1235431,9817,Kévin Keben,2004-01-26T00:00:00.000Z,187,right,Cameroon,CB,LB,3500000,2
644459,8197,Patson Daka,1998-10-09T00:00:00.000Z,183,right,Zambia,ST,,3000000,2
315201,10004,Max Crocombe,1993-08-12T00:00:00.000Z,194,right,New Zealand,GK,,1000000,2
789593,8655,Todd Cantwell,1998-02-27T00:00:00.000Z,177,right,England,AM,,2500000,2
1076693,8528,Joe Walsh,2002-04-01T00:00:00.000Z,180,right,England,GK,,1500000,2
1375019,9850,Oscar Schwartau,2006-05-17T00:00:00.000Z,186,right,Denmark,LW,"RW,AM",7000000,2
1137393,10163,Charlie McNeill,2003-09-09T00:00:00.000Z,182,right,England,AM,"CM,RW,ST",800000,2
789596,10192,Yan Valery,1999-02-22T00:00:00.000Z,180,right,Tunisia,RB,"CB,RWB,DM,RM,CM",,2
1079103,9902,Jacob Greaves,2000-09-12T00:00:00.000Z,193,left,England,CB,LB,1000000,2
1213403,10194,Junior Tchamadeu,2003-12-22T00:00:00.000Z,180,right,Cameroon,RB,RM,2500000,2
877763,10003,Josh Key,1999-11-19T00:00:00.000Z,178,right,England,RB,RWB,1200000,2
886155,9841,Ryan Longman,2000-11-06T00:00:00.000Z,177,right,England,RWB,"LWB,RM,LM,RW",2500000,2
1327214,9817,Nestory Irankunda,2006-02-09T00:00:00.000Z,175,right,Australia,ST,"RM,LM,LW",8000000,2
1389994,8451,Miles Leaburn,2003-11-28T00:00:00.000Z,195,,England,ST,,800000,2
1524716,10203,Tyler Bindon,2005-01-27T00:00:00.000Z,188,right,New Zealand,CB,,3500000,2
564794,9850,Jack Stacey,1996-04-06T00:00:00.000Z,180,right,England,RB,RWB,1800000,2
1253827,8678,Daniel Jebbison,2003-08-13T00:00:00.000Z,190,right,Canada,ST,,6000000,2
886874,8411,Pol Valentín,1997-02-21T00:00:00.000Z,181,right,Spain,RM,"RWB,RW",600000,2
968935,10172,Rumarn Burrell,2000-12-16T00:00:00.000Z,184,,Jamaica,ST,AM,6000000,2
155782,10194,Aaron Cresswell,1989-12-15T00:00:00.000Z,170,left,England,LB,CB,300000,2
1089645,9902,Jaden Philogene-Bidace,2002-02-08T00:00:00.000Z,181,right,England,LW,,500000,2
950861,10172,Koki Saito,2001-08-10T00:00:00.000Z,170,both,Japan,LM,"RW,AM,LW",3200000,2
982361,8655,Taylor Gardner-Hickman,2001-12-30T00:00:00.000Z,188,,England,DM,RWB,2000000,2
679315,8484,Macaulay Gillesphey,1995-11-24T00:00:00.000Z,180,left,England,CB,,400000,2
1127585,10170,Sondre Klingen Langås,2001-02-02T00:00:00.000Z,190,right,Norway,CB,RB,4000000,2
343757,8658,Marvin Ducksch,1994-03-07T00:00:00.000Z,186,right,Germany,ST,AM,1500000,2
1127305,10204,Eiran Cashin,2001-11-09T00:00:00.000Z,184,left,Ireland,CB,LB,5000000,2
848011,56453,Josh Sargent,2000-02-20T00:00:00.000Z,185,right,USA,ST,,,2
433956,8653,Will Vaulks,1993-09-13T00:00:00.000Z,180,right,Wales,DM,,400000,2
768635,8451,Lyndon Dykes,1995-10-07T00:00:00.000Z,188,right,Scotland,ST,,800000,2
819762,8659,Chris Mepham,1997-11-05T00:00:00.000Z,191,right,Wales,CB,,3000000,2
760329,9841,Nathan Broadhead,1998-04-05T00:00:00.000Z,178,right,Wales,AM,"CM,ST",7000000,2
1330872,9826,David Ozoh,2005-05-06T00:00:00.000Z,183,right,England,DM,,2200000,2
1076138,9817,Hector Kyprianou,2001-05-27T00:00:00.000Z,189,right,Cyprus,CM,"CB,DM",1500000,2
1187317,8197,Ben Nelson,2004-03-18T00:00:00.000Z,187,right,England,CB,LB,1500000,2
940442,8602,Tommy Doyle,2001-10-17T00:00:00.000Z,172,right,England,DM,,18000000,2
789598,8549,Alfie Jones,1997-10-07T00:00:00.000Z,191,right,Canada,CB,,6000000,2
807728,8657,Tyrese Campbell,1999-12-28T00:00:00.000Z,185,left,England,ST,,7000000,2
610267,10194,Ben Pearson,1995-01-04T00:00:00.000Z,166,right,England,DM,CM,700000,2
1430832,10260,Harry Amass,2007-03-16T00:00:00.000Z,181,left,England,LM,LWB,7000000,2
496732,8659,Max O'Leary,1996-10-10T00:00:00.000Z,189,right,Ireland,GK,,2000000,2
776184,8669,Brandon Thomas-Asante,1998-12-29T00:00:00.000Z,180,right,Ghana,LW,"RW,AM,ST",4000000,2
712737,10172,Paul Smyth,1997-09-10T00:00:00.000Z,175,right,Northern Ireland,LM,"RM,LW",800000,2
689302,9841,Ben Sheaf,1998-02-05T00:00:00.000Z,185,right,England,DM,CM,7000000,2
932308,8667,Liam Millar,1999-09-27T00:00:00.000Z,185,right,Canada,LW,"LWB,LM,AM",3000000,2
894804,8427,Robert Atkinson,1998-07-13T00:00:00.000Z,193,left,England,CB,,2500000,2
940594,8549,David Strelec,2001-04-04T00:00:00.000Z,185,left,Slovakia,ST,,8000000,2
1096389,9853,Thierno Ballo,2002-01-02T00:00:00.000Z,173,right,Austria,LW,"LM,RW,AM,ST",,2
1218243,8549,Adilson Malanda,2001-10-29T00:00:00.000Z,194,right,France,CB,,8000000,2
664826,8658,Dael Fry,1997-08-30T00:00:00.000Z,181,right,England,CB,,4000000,2
302241,8657,Patrick Bamford,1993-09-05T00:00:00.000Z,185,left,England,ST,,1000000,2
1123949,10194,Eric Bocat,1999-07-16T00:00:00.000Z,168,left,France,LB,LWB,2200000,2
1109477,8657,Mark McGuinness,2001-01-05T00:00:00.000Z,194,right,Ireland,CB,,7000000,2
262550,8197,Bobby Reid,1993-02-02T00:00:00.000Z,170,right,Jamaica,AM,"DM,LW",700000,2
949321,8466,Daniel Peretz,2000-07-10T00:00:00.000Z,187,right,Israel,GK,,12000000,2
491827,9902,Sammie Szmodics,1995-09-24T00:00:00.000Z,168,right,Ireland,AM,,3500000,2
936603,8411,Milutin Osmajic,1999-07-25T00:00:00.000Z,186,both,Montenegro,ST,,3000000,2
1203946,10171,Iván Azon,2002-12-24T00:00:00.000Z,182,right,Spain,ST,,,2
768697,8462,Jordan Williams,1999-10-22T00:00:00.000Z,179,right,England,RB,LB,800000,2
837847,8600,Giorgi Chakvetadze,1999-08-29T00:00:00.000Z,184,right,Georgia,LM,"AM,LW,ST",,2
1113907,10004,Josh Coburn,2002-12-06T00:00:00.000Z,193,right,England,ST,AM,6000000,2
1662406,6447,Moussa Baradji,2000-11-20T00:00:00.000Z,,,Mali,DM,"CM,AM",,2
928440,8411,Alistair McCann,1999-12-04T00:00:00.000Z,176,right,Northern Ireland,CM,"DM,AM",2200000,2
872996,10003,Liam Cullen,1999-04-23T00:00:00.000Z,178,left,Wales,AM,"RM,CM,ST",3200000,2
1113736,8657,Thomas Cannon,2002-12-28T00:00:00.000Z,180,right,Ireland,ST,RW,7000000,2
1406475,8456,Jaden Heskey,2005-12-17T00:00:00.000Z,180,left,England,DM,"CM,AM",7000000,2
1248057,8653,Aidomo Emakhu,2003-10-26T00:00:00.000Z,180,right,Ireland,LW,"RM,LM,RW",1000000,2
1152435,10194,Tomás Rigo,2002-07-03T00:00:00.000Z,184,right,Slovakia,DM,"CM,AM",4000000,2
1252072,10194,Lamine Cissé,2003-02-15T00:00:00.000Z,178,right,France,ST,"RW,LW",3000000,2
1579845,9817,Mamadou Doumbia,2006-02-18T00:00:00.000Z,192,left,Mali,ST,AM,4000000,2
1420144,10172,Pierce Charles,2005-07-21T00:00:00.000Z,186,right,Northern Ireland,GK,,900000,2
289137,10170,Charlie Taylor,1993-09-18T00:00:00.000Z,176,left,England,CB,LB,1200000,2
410836,8667,Semi Ajayi,1993-11-09T00:00:00.000Z,193,right,Nigeria,CB,,700000,2
541822,8462,John Swift,1995-06-23T00:00:00.000Z,182,right,England,AM,"DM,RW",800000,2
1203658,860800,Divin Mubama,2004-10-25T00:00:00.000Z,182,left,England,ST,,6000000,2
1579894,9817,Othmane Maamma,2005-10-06T00:00:00.000Z,182,right,Morocco,RW,"RM,LM,LW",8000000,2
1286796,9850,Jovon Makama,2004-02-01T00:00:00.000Z,184,,England,RW,ST,8000000,2
1307663,1925,Sinclair Armstrong,2003-06-22T00:00:00.000Z,182,right,Ireland,ST,,,2
904710,8549,Delano Burgzorg,1998-11-07T00:00:00.000Z,186,right,Suriname,LW,"AM,ST",3000000,2
586467,8659,Karlan Grant,1997-09-18T00:00:00.000Z,183,right,England,LW,LM,1800000,2
982284,8669,Ellis Simms,2001-01-05T00:00:00.000Z,191,right,England,ST,,7000000,2
611489,8655,Ryan Hedges,1995-07-08T00:00:00.000Z,185,left,Wales,LWB,"RW,LW",700000,2
445511,8411,Liam Lindsay,1995-10-12T00:00:00.000Z,193,right,Scotland,CB,,1000000,2
1119806,8346,Millenic Alli,2000-02-06T00:00:00.000Z,,right,Ireland,LW,"LWB,RW,AM",1500000,2
1050161,8655,Andri Gudjohnsen,2002-01-29T00:00:00.000Z,188,right,Iceland,ST,,2800000,2
1052689,10172,Karamoko Dembélé,2003-02-22T00:00:00.000Z,160,left,England,RW,"RM,LW",2000000,2
1351566,10003,Melker Widell,2002-04-19T00:00:00.000Z,181,right,Sweden,AM,LW,1800000,2
791416,9841,Sam Smith,1998-03-08T00:00:00.000Z,185,right,England,ST,,1200000,2
877690,8658,Alexander Cochrane,2000-04-21T00:00:00.000Z,175,left,England,LB,,2500000,2
618718,8658,Bright Osayi-Samuel,1997-12-31T00:00:00.000Z,175,right,Nigeria,RB,,4000000,2
429955,9752,John Lundstram,1994-02-18T00:00:00.000Z,181,right,England,DM,,,2
210128,9817,Nampalys Mendy,1992-06-23T00:00:00.000Z,167,right,Senegal,CM,DM,700000,2
791805,8659,Josh Maja,1998-12-27T00:00:00.000Z,180,right,Nigeria,ST,,4500000,2
982745,8451,Charlie Kelman,2001-11-02T00:00:00.000Z,180,right,England,ST,,2500000,2
1086712,9902,Harry Clarke,2001-03-02T00:00:00.000Z,180,right,England,RM,"RB,RWB,AM",16000000,2
890346,8427,Cameron Pring,1998-01-22T00:00:00.000Z,185,left,England,LB,"CB,LWB",2000000,2
962000,8669,Josh Eccles,2000-04-06T00:00:00.000Z,181,right,England,AM,"DM,CM",13000000,2
291643,10172,Paul Nardi,1994-05-18T00:00:00.000Z,186,right,France,GK,,1200000,2
733486,8549,Riley McGree,1998-11-02T00:00:00.000Z,178,left,Australia,AM,"DM,LM,RW,LW",3500000,2
728123,8197,Hamza Choudhury,1997-10-01T00:00:00.000Z,178,right,Bangladesh,RB,DM,4000000,2
496563,8657,Jairo Riedewald,1996-09-09T00:00:00.000Z,182,left,Netherlands,DM,CM,1800000,2
489627,8351,Isaac Hayden,1995-03-22T00:00:00.000Z,185,right,Jamaica,CM,DM,400000,2
1307961,9902,Sindre Walle Egeli,2006-06-21T00:00:00.000Z,,left,Norway,RW,ST,12000000,2
748456,9850,Sam Field,1998-05-08T00:00:00.000Z,191,left,England,DM,LB,2500000,2
608535,8346,Jerry Yates,1996-11-10T00:00:00.000Z,175,right,England,ST,,1300000,2
199276,9818,Michael Smith,1991-10-17T00:00:00.000Z,193,right,England,ST,,150000,2
962046,8667,Cody Drameh,2001-12-08T00:00:00.000Z,175,right,England,RB,"RWB,RW",3000000,2
841150,10170,Rhian Brewster,2000-04-01T00:00:00.000Z,180,right,England,LW,"AM,ST",2500000,2
862284,8658,Kai Wagner,1997-02-15T00:00:00.000Z,182,left,Germany,LB,,2200000,2
1592161,10172,Kieran Morgan,2006-03-17T00:00:00.000Z,185,,England,CM,"RB,DM,AM",1500000,2
198265,10004,Ryan Leonard,1992-05-24T00:00:00.000Z,185,right,England,RB,,1500000,2
956169,10004,Alfie Doughty,1999-12-21T00:00:00.000Z,183,left,England,LB,DM,5000000,2
1364042,1070259,Lewis Koumas,2005-09-19T00:00:00.000Z,,right,Wales,LW,"AM,ST",4000000,2
614956,8655,Yuri Ribeiro,1997-01-24T00:00:00.000Z,174,left,Portugal,LWB,"LB,LM",800000,2
823127,282326,Macaulay Langstaff,1997-02-03T00:00:00.000Z,179,right,England,AM,"RW,ST",700000,2
202181,8658,Jack Robinson,1993-09-01T00:00:00.000Z,180,left,England,CB,LB,350000,2
1520401,9903,Tommy Simkin,2004-12-08T00:00:00.000Z,,,England,GK,,1000000,2
1197626,9826,Tayo Adaramola,2003-11-14T00:00:00.000Z,177,left,Republic of Ireland,LB,"LWB,LM,LW",800000,2
1081241,9850,Benjamin Chrisene,2004-01-12T00:00:00.000Z,183,left,England,LB,CB,2000000,2
693575,9841,Dan Scarr,1994-12-24T00:00:00.000Z,188,right,England,CB,,350000,2
1359536,9850,Ali Ahmed,2000-10-10T00:00:00.000Z,180,right,Canada,LW,LM,5000000,2
247761,9841,Conor Coady,1993-02-25T00:00:00.000Z,185,right,England,CB,"DM,CM",1000000,2
1368061,10252,Samuel Iling-Junior,2003-10-04T00:00:00.000Z,182,left,England,RW,LWB,6500000,2
863822,8669,Joel Latibeaudiere,2000-01-06T00:00:00.000Z,180,right,Jamaica,CB,RB,8000000,2
1113915,9902,Kasey McAteer,2001-11-22T00:00:00.000Z,179,right,Ireland,RW,,2500000,2
1231794,8427,Noah Eile,2002-07-19T00:00:00.000Z,195,,Sweden,CB,,4000000,2
538499,10270,Lewis Baker,1995-04-25T00:00:00.000Z,178,right,England,DM,"CM,AM",,2
551961,8411,Andrija Vukcevic,1996-10-11T00:00:00.000Z,180,left,Montenegro,LB,"CB,LWB,LM,LW",500000,2
471274,6514,Ethan Horvath,1995-06-09T00:00:00.000Z,195,right,USA,GK,,,2
968912,8472,Anthony Patterson,2000-05-10T00:00:00.000Z,189,right,England,GK,,8000000,2
1460176,9850,Jacob Wright,2005-09-21T00:00:00.000Z,178,right,England,DM,AM,3000000,2
259809,10003,Jay Fulton,1993-04-04T00:00:00.000Z,178,right,Scotland,DM,CM,450000,2
240538,8657,Ben Mee,1989-09-21T00:00:00.000Z,180,left,England,CB,,0,2
1249634,1070259,Luke Chambers,2004-06-24T00:00:00.000Z,181,left,England,LM,"LB,LWB,LW",1000000,2
1055316,9850,Anis Ben Slimane,2001-03-16T00:00:00.000Z,188,both,Tunisia,AM,,4000000,2
824717,9850,Jakov Medic,1998-09-07T00:00:00.000Z,191,right,Croatia,CB,,1500000,2
801120,9875,Jens-Lys Cajuste,1999-08-10T00:00:00.000Z,188,right,Sweden,DM,,,2
1075463,10194,Maksym Talovierov,2000-06-28T00:00:00.000Z,196,right,Ukraine,RB,CB,2000000,2
962002,8657,Sam McCallum,2000-09-02T00:00:00.000Z,184,left,England,LB,LWB,2000000,2
1111391,9850,Liam Gibbs,2002-12-16T00:00:00.000Z,178,right,England,RW,"DM,AM,LW",1500000,2
1186446,1957,Nik Prelec,2001-06-10T00:00:00.000Z,187,left,Slovenia,ST,,,2
761834,9841,Oliver Rathbone,1996-10-10T00:00:00.000Z,176,right,England,AM,CM,800000,2
110911,10170,Craig Forsyth,1989-02-24T00:00:00.000Z,191,left,Scotland,LB,"CB,LWB",50000,2
191175,8655,Adam Forshaw,1991-10-08T00:00:00.000Z,185,right,England,DM,CM,150000,2
866163,8462,Conor Shaughnessy,1996-06-30T00:00:00.000Z,191,right,Ireland,CB,,800000,2
401932,8657,Adam Davies,1992-07-17T00:00:00.000Z,185,right,Wales,GK,,200000,2
862717,1218886,Przemyslaw Placheta,1998-03-23T00:00:00.000Z,177,left,Poland,RW,"RM,AM",,2
1132342,9826,Danny Imray,2003-07-27T00:00:00.000Z,178,right,England,RB,"RWB,RW",800000,2
492045,8462,Josh Murphy,1995-02-24T00:00:00.000Z,173,right,England,LW,AM,1500000,2
1165457,9850,Mathias Kvistgaarden,2002-04-15T00:00:00.000Z,174,right,Denmark,ST,AM,6000000,2
1288332,1113543,Joel Ndala,2006-05-31T00:00:00.000Z,178,right,England,LW,ST,,2
930184,8655,Mathias Jørgensen,2000-09-20T00:00:00.000Z,185,right,Denmark,ST,RW,3500000,2
1443861,773685,Tom Atcheson,2006-09-22T00:00:00.000Z,,,Northern Ireland,CB,,800000,2
1184745,10003,Zeidane Inoussa,2002-05-13T00:00:00.000Z,177,right,Sweden,LW,RW,4500000,2
1433032,8658,Jhon Solís,2004-10-03T00:00:00.000Z,186,right,Colombia,DM,,4500000,2
1518436,10194,Djibril Soumaré,2003-01-07T00:00:00.000Z,185,left,Senegal,CM,DM,2000000,2
185326,8427,Sam Morsy,1991-09-10T00:00:00.000Z,175,right,Egypt,DM,CM,300000,2
807752,8655,Aynsley Pears,1998-04-23T00:00:00.000Z,186,right,England,GK,,1000000,2
968944,10004,Luke Cundle,2002-04-26T00:00:00.000Z,178,right,England,AM,"DM,CM",12000000,2
866688,8669,Luke Woolfenden,1998-10-21T00:00:00.000Z,193,right,England,CB,,5000000,2
1526543,10172,Rayan Kolli,2005-02-10T00:00:00.000Z,180,right,Algeria,ST,,2000000,2
1420934,10172,Liam Morrison,2003-04-07T00:00:00.000Z,183,right,Scotland,CB,,1000000,2
1116942,9850,Mirko Topic,2001-02-05T00:00:00.000Z,190,right,Serbia,DM,CM,4000000,2
662728,8411,Jordan Thompson,1997-01-03T00:00:00.000Z,175,left,Northern Ireland,CM,DM,700000,2
1336906,8466,Kuryu Matsuki,2003-04-30T00:00:00.000Z,178,left,Japan,RW,AM,20000000,2
1086842,8549,Samuel Silvera,2000-10-25T00:00:00.000Z,173,right,Australia,LWB,RW,1500000,2
1123933,10170,Liam Thompson,2002-04-29T00:00:00.000Z,173,right,England,DM,CM,1500000,2
819872,8653,Mark Harris,1998-12-29T00:00:00.000Z,182,right,Wales,ST,,600000,2
1602352,10204,Malick Junior Yalcouyé,2005-11-18T00:00:00.000Z,169,right,Mali,AM,DM,,2
212714,9817,Thomas Ince,1992-01-30T00:00:00.000Z,178,left,England,RM,"LM,RW",300000,2
1086647,8466,Cameron Archer,2001-12-09T00:00:00.000Z,181,right,Jamaica,ST,"RW,AM",2800000,2
826089,8658,Kyogo Furuhashi,1995-01-20T00:00:00.000Z,170,right,Japan,ST,,2000000,2
1799263,10163,Jarvis Thornton,2006-01-10T00:00:00.000Z,,,England,CM,"DM,AM",500000,2
287892,8427,Jed Wallace,1994-03-26T00:00:00.000Z,178,right,England,RM,RW,1200000,2
1229177,8658,Carlos Vicente,1999-04-23T00:00:00.000Z,179,right,Spain,RW,RM,7000000,2
1285497,10004,Derek Mazou-Sacko,2004-10-06T00:00:00.000Z,186,right,France,DM,CM,1800000,2
1215410,10204,Ibrahim Osman,2004-11-29T00:00:00.000Z,179,right,Ghana,LW,LM,7000000,2
956736,10170,Derry Murkin,1999-07-27T00:00:00.000Z,183,left,England,LB,LW,1500000,2
776159,8466,Ross Stewart,1996-07-11T00:00:00.000Z,188,right,Scotland,ST,,2500000,2
172284,8658,Ryan Allsop,1992-06-17T00:00:00.000Z,186,right,England,GK,,600000,2
1118192,8466,Welington,2001-02-19T00:00:00.000Z,177,left,Brazil,LWB,LB,5000000,2
614176,8462,Keshi Anderson,1995-04-06T00:00:00.000Z,175,right,England,LW,RW,500000,2
798629,8462,Josh Knight,1997-09-07T00:00:00.000Z,192,right,England,CB,,800000,2
1280022,8655,Dion De Neve,2001-06-12T00:00:00.000Z,180,left,Belgium,LWB,LW,800000,2
1174648,10170,Max Johnston,2003-12-26T00:00:00.000Z,185,right,Scotland,RB,"LB,RWB",3000000,2
570760,8451,Reece Burke,1996-09-02T00:00:00.000Z,189,right,England,CB,,1000000,2
46518,8197,Asmir Begovic,1987-06-20T00:00:00.000Z,199,right,Bosnia and Herzegovina,GK,,150000,2
676504,10172,Ilias Chair,1997-10-30T00:00:00.000Z,164,right,Morocco,LW,"LM,AM",5000000,2
1419287,8466,Joshua Quarshie,2004-07-26T00:00:00.000Z,196,right,Germany,CB,,4000000,2
556952,8659,Krystian Bielik,1998-01-04T00:00:00.000Z,189,right,Poland,CB,CM,2200000,2
1231090,8667,Mohamed Belloumi,2002-06-01T00:00:00.000Z,177,left,Algeria,RW,"RM,AM",6000000,2
1677188,8456,Jeremy Monga,2009-07-10T00:00:00.000Z,179,,England,LW,RW,4000000,2
1507697,8600,Saba Goglichidze,2004-06-25T00:00:00.000Z,193,right,Georgia,CB,,,2
175947,8338,James McClean,1989-04-22T00:00:00.000Z,180,left,Ireland,LM,"DM,LWB,CM,LW",,2
150591,10163,Liam Cooper,1991-08-30T00:00:00.000Z,180,left,Scotland,CB,,200000,2
1311533,8658,August Priske,2004-03-23T00:00:00.000Z,187,right,Denmark,ST,,7000000,2
1211646,1113562,Jamie Donley,2005-01-03T00:00:00.000Z,183,left,Northern Ireland,AM,ST,,2
1344572,8657,Ollie Arblaster,2004-01-08T00:00:00.000Z,175,right,England,DM,CM,1500000,2
1002682,9817,Jeremy Petris,1998-01-28T00:00:00.000Z,183,right,France,RB,"CB,LB,RWB,RM",1500000,2
1524063,8653,Yunus Emre Konak,2006-01-10T00:00:00.000Z,181,right,Turkiye,DM,,3500000,2
488197,8653,Gregory Leigh,1994-09-30T00:00:00.000Z,181,left,Jamaica,LB,LWB,150000,2
413158,9902,Chuba Akpom,1995-10-09T00:00:00.000Z,183,right,England,AM,ST,15000000,2
1453338,773645,Jay Robinson,2007-03-15T00:00:00.000Z,176,right,England,AM,,8000000,2
882401,203826,Boubakary Soumaré,1999-02-27T00:00:00.000Z,188,right,France,DM,"CM,AM",,2
674009,9902,Chiedozie Ogbene,1997-05-01T00:00:00.000Z,181,right,Ireland,AM,"RWB,RM,RW",2500000,2
1113678,8549,Alex Gilbert,2001-12-28T00:00:00.000Z,183,right,Ireland,DM,"CM,LW",1000000,2
230916,323834,Ryan Fraser,1994-02-24T00:00:00.000Z,163,right,Scotland,LW,"RWB,LM,RW,AM",,2
1077905,8658,Ethan Laird,2001-08-05T00:00:00.000Z,177,right,England,LB,RB,2500000,2
939625,6702,Filip Krastev,2001-10-15T00:00:00.000Z,178,right,Bulgaria,AM,"DM,CM,LM,LW",,2
978170,8427,Tomi Horvat,1999-03-24T00:00:00.000Z,175,left,Slovenia,AM,"DM,RM,CM,RW",4000000,2
693678,8197,Wout Faes,1998-04-03T00:00:00.000Z,187,right,Belgium,CB,,10000000,2
643228,9902,Alex Palmer,1996-08-10T00:00:00.000Z,183,right,England,GK,,20000000,2
544312,8466,Cyle Larin,1995-04-17T00:00:00.000Z,187,right,Canada,ST,AM,2500000,2
770267,9902,Ben Johnson,2000-01-24T00:00:00.000Z,175,right,England,LB,RB,2000000,2
886150,9850,Edmond-Paris Maghoma,2001-05-08T00:00:00.000Z,184,right,England,AM,RW,1500000,2
846009,10003,Adam Idah,2001-02-11T00:00:00.000Z,190,right,Ireland,ST,,4500000,2
922622,10194,Róbert Bozeník,1999-11-18T00:00:00.000Z,188,right,Slovakia,ST,,2500000,2
1097753,9817,Kwadwo Baah,2003-01-27T00:00:00.000Z,182,right,England,RW,LM,3000000,2
839242,8462,Josef Bursik,2000-07-12T00:00:00.000Z,190,left,England,GK,,800000,2
789547,8451,Joe Rankin-Costello,1999-07-26T00:00:00.000Z,183,right,England,CM,"DM,AM",1000000,2
767738,8411,Callum Lang,1998-09-08T00:00:00.000Z,183,right,England,RW,"AM,ST",2500000,2
1683733,773685,George Pratt,2003-09-17T00:00:00.000Z,,,England,CB,,800000,2
763952,8451,Will Mannion,1998-05-05T00:00:00.000Z,191,right,England,GK,,400000,2
765563,8655,Scott Wharton,1997-10-03T00:00:00.000Z,182,left,England,CB,,1300000,2
1226789,9826,Jesurun Rak-Sakyi,2002-10-05T00:00:00.000Z,178,left,Ghana,RW,"AM,LW",6000000,2
421768,9902,Wes Burns,1994-11-23T00:00:00.000Z,173,right,Wales,RW,,20000000,2
1254270,8655,Kristi Montgomery,2004-05-31T00:00:00.000Z,,right,Scotland,DM,CM,800000,2
1133564,8655,Hayden Carter,1999-12-17T00:00:00.000Z,188,right,England,CB,,2000000,2
1319774,8427,Yu Hirakawa,2001-01-03T00:00:00.000Z,171,right,Japan,LWB,AM,1000000,2
1574548,8462,Hayden Matthews,2004-06-19T00:00:00.000Z,188,,Australia,CB,,1300000,2
1347933,8514,Gustavo Caballero,2001-09-21T00:00:00.000Z,186,right,Paraguay,RW,LW,,2
1130805,8462,Ibane Bowat,2002-09-15T00:00:00.000Z,190,left,England,CB,LB,600000,2
1353561,9850,Ante Crnac,2003-12-17T00:00:00.000Z,189,left,Croatia,AM,"RW,LW",4500000,2
363345,8411,Brad Potts,1994-07-03T00:00:00.000Z,188,right,England,RWB,CM,600000,2
1239553,8655,Axel Henriksson,2002-04-16T00:00:00.000Z,189,,Sweden,AM,"CM,ST",1000000,2
729721,10172,Jake Clarke-Salter,1997-09-22T00:00:00.000Z,188,right,England,CB,,800000,2
94550,10200,Moussa Sissoko,1989-08-16T00:00:00.000Z,187,right,France,CM,"DM,AM",,2
298676,10004,Joe Bryan,1993-09-17T00:00:00.000Z,170,left,England,LB,,5500000,2
919671,9841,Liberato Cacace,2000-09-27T00:00:00.000Z,184,left,New Zealand,LWB,"LB,LM",2500000,2
201738,10194,Ben Gibson,1993-01-15T00:00:00.000Z,185,left,England,CB,LB,500000,2
1335694,8401,Murphy Cooper,2001-12-27T00:00:00.000Z,188,right,England,GK,,400000,2
1136396,8659,Daryl Dike,2000-06-03T00:00:00.000Z,187,right,USA,ST,,1000000,2
254472,9841,Danny Ward,1993-06-22T00:00:00.000Z,191,right,Wales,GK,,600000,2
827247,8655,Harry Pickering,1998-12-29T00:00:00.000Z,173,left,England,LWB,LB,2000000,2
1402324,9817,Vivaldo Semedo,2005-01-28T00:00:00.000Z,192,left,Portugal,ST,,1800000,2
575780,8667,Paddy McNair,1995-04-27T00:00:00.000Z,189,right,Northern Ireland,CB,LB,1500000,2
1178350,8549,Kaly Sène,2001-05-28T00:00:00.000Z,188,right,Senegal,ST,,2000000,2
1609329,8586,Min-Hyeok Yang,2006-04-16T00:00:00.000Z,176,right,South Korea,LW,RW,30000000,2
1310115,773645,Cameron Bragg,2005-04-10T00:00:00.000Z,177,right,Scotland,DM,CM,2000000,2
780818,8559,Akin Famewo,1998-11-09T00:00:00.000Z,188,left,England,LB,CB,800000,2
1109757,8658,Marc Leonard,2001-12-19T00:00:00.000Z,180,right,Scotland,DM,CM,2000000,2
1125874,8667,Darko Gyabi,2004-02-18T00:00:00.000Z,196,right,England,AM,CM,2000000,2
1086653,8653,Tyler Goodrham,2003-08-07T00:00:00.000Z,170,,England,LW,AM,1500000,2
184360,10170,Andreas Weimann,1991-08-05T00:00:00.000Z,188,right,Austria,ST,"RW,AM,LW",400000,2
1613300,860800,Stephen Mfuni,2008-02-12T00:00:00.000Z,180,left,England,CB,LB,1500000,2
165518,8411,David Cornell,1991-03-28T00:00:00.000Z,180,right,Wales,GK,,50000,2
751066,8657,Tahith Chong,1999-12-04T00:00:00.000Z,185,left,Curacao,RM,RW,3500000,2
1135408,8451,Tanto Olaofe,1999-11-21T00:00:00.000Z,181,right,England,ST,"AM,RW",550000,2
1056689,8451,Harvey Knibbs,1999-04-26T00:00:00.000Z,187,left,England,AM,CM,1500000,2
574234,8653,Hidde ter Avest,1997-05-20T00:00:00.000Z,182,right,Netherlands,RB,"RWB,RW",800000,2
933069,8462,Luke Le Roux,2000-03-10T00:00:00.000Z,184,right,South Africa,DM,,800000,2
1226756,8659,Alfie Gilchrist,2003-11-28T00:00:00.000Z,183,right,England,RB,CB,3500000,2
502421,10194,Sam Gallagher,1995-09-15T00:00:00.000Z,194,right,Scotland,AM,ST,900000,2
343316,9850,Emiliano Marcondes,1995-03-09T00:00:00.000Z,171,right,Denmark,AM,,600000,2
424609,8559,Ben Davies,1995-08-11T00:00:00.000Z,183,left,England,CB,,800000,2
865184,8653,Siriki Dembélé,1996-09-07T00:00:00.000Z,173,right,Scotland,LW,LM,800000,2
1565859,10172,Daniel Bennie,2006-04-13T00:00:00.000Z,181,both,Australia,ST,RM,400000,2
1050813,8462,Márk Kosznovszky,2002-04-17T00:00:00.000Z,179,,Hungary,DM,RW,1000000,2
46268,10170,Richard O'Donnell,1988-09-12T00:00:00.000Z,188,left,England,GK,,50000,2
562799,8659,Joe Wildsmith,1995-12-28T00:00:00.000Z,189,right,England,GK,,300000,2
119079,8466,Alex McCarthy,1989-12-03T00:00:00.000Z,193,right,England,GK,,200000,2
600818,10170,Josh Vickers,1995-12-01T00:00:00.000Z,183,right,England,GK,,150000,2
1199712,9879,Luke Harris,2005-03-04T00:00:00.000Z,177,right,Wales,AM,"DM,LW",900000,2
759823,10163,Iké Ugbo,1998-09-21T00:00:00.000Z,185,right,Canada,ST,,1200000,2
1355509,6702,Sverre Nypan,2006-12-19T00:00:00.000Z,182,both,Norway,AM,CM,,2
1480132,10172,Esquerdinha,2006-02-28T00:00:00.000Z,,left,Brazil,LB,,3000000,2
185008,10170,Danny Batth,1990-09-21T00:00:00.000Z,191,right,England,CB,,100000,2
214426,8657,Danny Ings,1992-07-23T00:00:00.000Z,178,right,England,ST,,1200000,2
864983,8411,Jamal Lewis,1998-01-25T00:00:00.000Z,178,left,Northern Ireland,LW,LM,1500000,2
1229526,9850,Forson Amankwah,2002-12-31T00:00:00.000Z,173,left,Ghana,RW,,3000000,2
1206308,8451,Rob Apter,2003-04-23T00:00:00.000Z,175,,Scotland,RW,AM,2000000,2
1720299,10163,Cole McGhee,2006-01-28T00:00:00.000Z,,,England,CB,,300000,2
1132069,9850,Mohamed Touré,2004-03-26T00:00:00.000Z,186,right,Australia,ST,,8000000,2
774332,8351,Nathan Baxter,1998-11-08T00:00:00.000Z,190,right,England,GK,,700000,2
1017196,10004,Dan McNamara,1998-12-27T00:00:00.000Z,180,right,England,RB,,9000000,2
982272,8655,Sidnei Tavares,2001-09-29T00:00:00.000Z,188,right,Cape Verde,DM,,1800000,2
215658,10163,Nathaniel Chalobah,1994-12-12T00:00:00.000Z,185,right,England,DM,CM,500000,2
1137404,8411,Andrew Moran,2003-10-15T00:00:00.000Z,177,right,Ireland,CM,,1500000,2
305219,10004,Massimo Luongo,1992-09-25T00:00:00.000Z,176,right,Australia,CM,DM,15000000,2
1113727,9850,Tony Springett,2002-09-22T00:00:00.000Z,174,left,Ireland,RW,LB,800000,2
881558,8427,Max Bird,2000-09-18T00:00:00.000Z,183,left,England,DM,LW,2500000,2
955366,8658,Jonathan Panzo,2000-10-25T00:00:00.000Z,188,left,England,CB,,1500000,2
45571,10172,Ben Hamer,1987-11-20T00:00:00.000Z,192,right,England,GK,,50000,2
1516030,9937,Gustavo Nunes,2005-11-20T00:00:00.000Z,173,right,Brazil,LW,,8000000,2
876196,8451,Joshua Edwards,2000-05-27T00:00:00.000Z,176,left,Scotland,LB,,600000,2
1089592,9841,Lewis Brunt,2000-11-06T00:00:00.000Z,187,,England,CB,,800000,2
1004976,8549,Alex Bangura,1999-07-13T00:00:00.000Z,183,left,Sierra Leone,LB,,700000,2
1692116,773642,Louis Page,2008-07-10T00:00:00.000Z,183,,England,DM,"CM,AM",4000000,2
1089686,8669,Kaine Kesler-Hayden,2002-10-23T00:00:00.000Z,175,right,England,RB,,22000000,2
1298925,8549,Jeremy Sarmiento,2002-06-16T00:00:00.000Z,178,right,Ecuador,LW,,5000000,2
1435441,9850,Papa Diallo,2004-06-25T00:00:00.000Z,182,right,Senegal,LWB,,4000000,2
1422736,8451,Karoy Anderson,2004-10-01T00:00:00.000Z,180,right,Jamaica,AM,CM,375000,2
1358339,8653,Jamie McDonnell,2004-02-16T00:00:00.000Z,,,Northern Ireland,DM,CM,1000000,2
1394402,9817,Rocco Vata,2005-04-18T00:00:00.000Z,175,right,Ireland,LW,LM,1800000,2
745912,9904,Stefán Thórdarson,1998-10-16T00:00:00.000Z,189,right,Iceland,CM,"DM,AM",,2
1353053,10194,Milan Smit,2003-02-13T00:00:00.000Z,180,both,Netherlands,ST,,2000000,2
1187449,10003,Florian Bianchini,2001-06-25T00:00:00.000Z,182,right,France,RW,,1000000,2
656495,8667,Babajide David,1996-01-13T00:00:00.000Z,178,right,Nigeria,RW,,1000000,2
1195742,10007,Jayden Fevrier,2003-04-14T00:00:00.000Z,175,left,England,RWB,"LWB,RW,AM",500000,2
1050160,8549,Sontje Hansen,2002-05-18T00:00:00.000Z,172,right,Curacao,RW,"AM,LW",3500000,2
949266,8595,Mads Frøkjær-Jensen,1999-07-29T00:00:00.000Z,186,right,Denmark,AM,"RM,RW",,2
1202883,9850,Matej Jurásek,2003-08-30T00:00:00.000Z,181,left,Czechia,RW,,4500000,2
1090202,10172,Kwame Poku,2001-08-11T00:00:00.000Z,179,left,Ghana,RW,,1000000,2
185349,8451,Luke Berry,1992-07-12T00:00:00.000Z,177,right,England,AM,,200000,2
802245,9798,Jacob Brown,1998-04-10T00:00:00.000Z,178,right,Scotland,ST,AM,1000000,2
1216005,8462,Harvey Blair,2003-09-14T00:00:00.000Z,178,right,England,LW,,300000,2
574841,10170,Lars-Jørgen Salvesen,1996-02-19T00:00:00.000Z,186,,Norway,ST,,500000,2
1289121,8243,Olaf Kobacki,2001-07-10T00:00:00.000Z,178,right,Poland,LWB,LW,,2
1474555,8346,Christ Makosso,2004-05-09T00:00:00.000Z,192,right,Congo,CB,RB,800000,2
1273294,10170,Oscar Fraulo,2003-12-06T00:00:00.000Z,180,right,Denmark,DM,,2500000,2
1702428,10004,Raees Bangura-Williams,2004-07-02T00:00:00.000Z,,,England,AM,,4000000,2
803343,8466,Mads Roerslev,1999-06-24T00:00:00.000Z,184,right,Denmark,RM,RB,4000000,2
1293092,8462,Makenzie Kirk,2004-02-06T00:00:00.000Z,184,right,Northern Ireland,ST,,400000,2
146830,10003,Joel Ward,1989-10-29T00:00:00.000Z,188,right,England,RB,,200000,2
1797874,10163,Reece Johnson,2006-01-31T00:00:00.000Z,,,England,LB,"LWB,LM",200000,2
969256,10163,Louie Barry,2003-06-21T00:00:00.000Z,174,right,England,LW,RW,2500000,2
1014981,8655,Augustus Kargbo,1999-08-24T00:00:00.000Z,172,right,Sierra Leone,RW,LM,1000000,2
1197548,8667,Enis Destan,2002-06-15T00:00:00.000Z,185,right,Turkiye,ST,,2000000,2
613182,8657,Joe Rothwell,1995-01-11T00:00:00.000Z,185,right,England,CM,DM,600000,2
191174,8669,Jake Bidwell,1993-03-21T00:00:00.000Z,183,left,England,LB,CB,9000000,2
214570,9850,Jeffrey Schlupp,1992-12-23T00:00:00.000Z,178,both,Ghana,LM,,800000,2
817098,9841,Ryan Barnett,1999-09-23T00:00:00.000Z,178,right,England,RM,RWB,700000,2
1562733,8462,Madiodio Dia,2004-01-15T00:00:00.000Z,192,,Senegal,CB,,500000,2
1086650,9798,Haydon Roberts,2002-05-10T00:00:00.000Z,184,left,England,CB,"LB,LWB,LW",1000000,2
612180,8484,Kayden Jackson,1994-02-22T00:00:00.000Z,181,right,England,ST,"RM,AM",200000,2
774237,8464,Willum Willumsson,1998-10-23T00:00:00.000Z,194,left,Iceland,AM,RM,,2
1378819,8451,Collins Sichenje,2003-09-19T00:00:00.000Z,188,,Kenya,CB,,450000,2
915365,6422,Ole Romeny,2000-06-20T00:00:00.000Z,185,right,Indonesia,ST,AM,,2
1421810,10260,Toby Collyer,2004-01-03T00:00:00.000Z,180,right,England,DM,,5000000,2
1751615,8451,Ibrahim Fullah,2007-04-05T00:00:00.000Z,,,England,LM,,400000,2
1122563,8427,Sam Bell,2002-05-23T00:00:00.000Z,178,right,England,LW,"RW,AM,ST",1000000,2
1799262,10163,Ernie Weaver,2006-09-08T00:00:00.000Z,,,England,CB,,200000,2
742405,8657,Tom Davies,1998-06-30T00:00:00.000Z,180,right,England,DM,,2000000,2
1586395,10004,Daniel Kelly,2005-10-03T00:00:00.000Z,180,right,Scotland,DM,,5000000,2
1318728,8655,Connor O'Riordan,2003-10-19T00:00:00.000Z,193,right,Ireland,CB,,600000,2
1329523,773685,Matty Litherland,2005-10-31T00:00:00.000Z,,,England,RWB,CB,300000,2
1305787,8637,Elias Jelert,2003-06-12T00:00:00.000Z,182,right,Denmark,RWB,RB,,2
1202031,1925,Alex Matos,2004-10-03T00:00:00.000Z,175,right,England,DM,,,2
789590,8462,Ben Killip,1995-11-24T00:00:00.000Z,188,right,England,GK,,100000,2
662936,8548,Ben Godfrey,1998-01-15T00:00:00.000Z,184,right,England,CB,RB,,2
1276686,10003,Leo Walta,2003-06-24T00:00:00.000Z,170,right,Finland,AM,"CM,ST",3000000,2
874618,1842,Julián Carranza,2000-05-22T00:00:00.000Z,176,right,Argentina,ST,,,2
304860,9956,Michael Frey,1994-07-19T00:00:00.000Z,188,right,Switzerland,ST,,,2
1800413,10163,George Brown,0001-01-01T00:00:00.000Z,,,England,ST,,75000,2
184367,8451,Matt Godden,1991-07-29T00:00:00.000Z,185,right,England,midfielder,,100000,2
1130774,8466,Samuel Edozie,2003-01-28T00:00:00.000Z,179,right,England,LW,,4000000,2
1302814,8654,Kaelan Casey,2004-10-28T00:00:00.000Z,185,right,England,CB,,22000000,2
1113670,8191,Aaron Ramsey,2003-01-21T00:00:00.000Z,181,right,England,AM,,4000000,2
1363536,8466,Damion Downs,2004-07-06T00:00:00.000Z,192,right,USA,ST,,4000000,2
1113784,9853,Pierre Ekwah,2002-01-15T00:00:00.000Z,189,left,France,CM,,,2
1226849,8549,Leo Castledine,2005-08-20T00:00:00.000Z,175,,England,CM,"RW,AM,LW",2000000,2
1203652,8197,Silko Thomas,2004-06-25T00:00:00.000Z,,left,England,LW,,500000,2
627016,9938,Jack Walton,1998-04-23T00:00:00.000Z,183,right,England,GK,,,2
490413,8549,Seny Dieng,1994-11-23T00:00:00.000Z,191,right,Senegal,GK,,1000000,2
1212866,9817,Edoardo Bove,2002-05-16T00:00:00.000Z,179,right,Italy,midfielder,,4000000,2
672487,10170,Corey Blackett-Taylor,1997-09-23T00:00:00.000Z,170,right,England,LW,LM,450000,2
629924,10170,Ryan Nyambe,1997-12-04T00:00:00.000Z,183,right,Namibia,RB,RWB,800000,2
127133,10253,Matthew Phillips,1991-03-13T00:00:00.000Z,183,right,Scotland,ST,RWB,100000,2
174325,9850,Shane Duffy,1992-01-01T00:00:00.000Z,193,right,Ireland,CB,,350000,2
605262,8667,Kieran Dowell,1997-10-10T00:00:00.000Z,175,left,England,RW,,600000,2
1578415,9828,Sydney Agina,2007-08-31T00:00:00.000Z,,,England,RB,LB,200000,2
1573605,10003,Sam Parker,2006-07-07T00:00:00.000Z,178,right,Wales,RB,,300000,2
740171,8346,Kasey Palmer,1996-11-09T00:00:00.000Z,182,right,Jamaica,AM,DM,900000,2
1683723,8667,Cathal McCarthy,2006-08-31T00:00:00.000Z,,,Ireland,CB,CM,300000,2
1580235,773658,Errol Mundle-Smith,2006-03-19T00:00:00.000Z,189,,England,RW,RM,400000,2
922539,8653,Jin-Woo Jeon,1999-09-09T00:00:00.000Z,181,right,South Korea,RW,LW,700000,2
1170744,8455,Caleb Wiley,2004-12-22T00:00:00.000Z,180,left,USA,LWB,,8000000,2
1603284,10172,Kealey Adamson,2003-03-09T00:00:00.000Z,185,right,Australia,defender,,450000,2
662604,8549,George Edmundson,1997-08-15T00:00:00.000Z,190,right,England,CB,,600000,2
1419974,8455,Ishé Samuels-Smith,2006-06-05T00:00:00.000Z,186,left,England,LB,CB,700000,2
635947,6433,Alfons Sampsted,1998-04-06T00:00:00.000Z,179,right,Iceland,RB,,,2
229711,9799,Onel Hernández,1993-02-01T00:00:00.000Z,172,both,Cuba,LW,RM,250000,2
1455322,9850,Lucien Mahovo,2005-06-07T00:00:00.000Z,,left,England,LB,,400000,2
1467048,773656,Oliver Bostock,2007-02-20T00:00:00.000Z,,right,Wales,LM,"AM,LW,ST",200000,2
865934,8401,Wes Harding,1996-10-20T00:00:00.000Z,181,right,Jamaica,LB,"RB,LWB",800000,2
1358582,8669,Miguel Ángel Brau,2001-12-27T00:00:00.000Z,183,left,Spain,LB,,14000000,2
574448,10163,Joe Lumley,1995-02-15T00:00:00.000Z,190,right,England,GK,,400000,2
1222770,8472,Leo Hjelde,2003-08-26T00:00:00.000Z,188,left,Norway,defender,,1500000,2
584825,9841,Ryan Hardie,1997-03-17T00:00:00.000Z,188,right,Scotland,ST,,800000,2
949483,6628,Makhtar Gueye,1997-12-04T00:00:00.000Z,186,right,Senegal,ST,,,2
1074758,9796,Ruben Roosken,2000-03-02T00:00:00.000Z,183,left,Netherlands,LB,"LWB,LW",500000,2
1053675,8689,Formose Mendy,2001-01-02T00:00:00.000Z,191,right,Senegal,CB,,,2
671518,8197,Harry Souttar,1998-10-22T00:00:00.000Z,198,right,Australia,CB,,3500000,2
1692751,773650,Raphael-Pijus Otegbayo,2007-08-22T00:00:00.000Z,,,Republic of Ireland,CB,,200000,2
1187308,8667,Matty Jacob,2001-06-03T00:00:00.000Z,180,left,England,LB,,400000,2
1211437,10200,Victor Kristiansen,2002-12-16T00:00:00.000Z,181,left,Denmark,LB,,,2
1580249,773642,Olabade Aluko,2006-11-30T00:00:00.000Z,,right,England,RB,CB,300000,2
823592,8655,Oladapo Afolayan,1997-09-11T00:00:00.000Z,180,right,England,ST,,1300000,2
609755,8456,Kalvin Phillips,1995-12-02T00:00:00.000Z,179,right,England,midfielder,,8000000,2
760400,8651,Elliott Moore,1997-03-16T00:00:00.000Z,196,right,England,CB,,400000,2
201664,8655,Nathan Redmond,1994-03-06T00:00:00.000Z,173,right,England,forward,,600000,2
1805495,8451,Keenan Gough,2006-02-28T00:00:00.000Z,,,England,CB,,100000,2
536457,10185,Manuel Benson,1997-03-28T00:00:00.000Z,166,left,Angola,RW,RM,,2
1340895,10269,Bilal El Khannouss,2004-05-10T00:00:00.000Z,180,right,Morocco,AM,"CM,RW,LW,ST",,2
1286192,158085,Fally Mayulu,2002-07-15T00:00:00.000Z,193,right,France,forward,,,2
1390003,8657,Ryan Oné,2006-06-26T00:00:00.000Z,188,right,Scotland,ST,"RW,LW",900000,2
541330,10163,Marvelous Nakamba,1994-01-19T00:00:00.000Z,175,left,Zimbabwe,CM,DM,700000,2
1799270,10163,William Grainger,2008-11-20T00:00:00.000Z,,right,Wales,forward,,100000,2
1136450,8667,Abu Kamara,2003-07-21T00:00:00.000Z,183,left,England,RW,,2500000,2
929665,10170,Kenzo Goudmijn,2001-12-18T00:00:00.000Z,173,right,Netherlands,AM,"DM,CM,RW",700000,2
1609716,357210,Amin Nabizada,2007-06-21T00:00:00.000Z,,,Afghanistan,forward,,,2
524651,8549,Darragh Lenihan,1994-03-16T00:00:00.000Z,178,right,Ireland,CB,,500000,2
231801,8411,Robert Brady,1992-01-14T00:00:00.000Z,176,left,Ireland,midfielder,,100000,2
789558,10003,Andrew Fisher,1998-02-12T00:00:00.000Z,189,right,England,GK,,600000,2
862590,9850,Daniel Grimshaw,1998-01-16T00:00:00.000Z,185,right,England,GK,,500000,2
518500,8667,Dillon Phillips,1995-06-11T00:00:00.000Z,188,right,England,GK,,200000,2
1431456,8462,Thomas Waddingham,2005-04-05T00:00:00.000Z,181,,Australia,forward,,500000,2
1512798,773685,Aodhan Doherty,2006-05-03T00:00:00.000Z,,left,Northern Ireland,RW,"RM,LW",100000,2
935550,9857,Torbjørn Heggem,1999-01-12T00:00:00.000Z,192,left,Norway,CB,,,2
1516829,8549,Abdoulaye Kanté,2005-07-09T00:00:00.000Z,180,right,France,DM,CM,5000000,2
847221,9841,Davis Keillor-Dunn,1997-11-02T00:00:00.000Z,180,,England,ST,LW,1000000,2
752558,10172,Zan Celar,1999-03-14T00:00:00.000Z,186,right,Slovenia,ST,,800000,2
1680964,10172,Tylon Smith,2005-05-09T00:00:00.000Z,,right,South Africa,CB,,200000,2
1446731,773685,Brandon Powell,2005-10-17T00:00:00.000Z,,,England,LW,"LB,LWB,LM,AM",50000,2
1365254,9817,Jack Grieves,2004-12-05T00:00:00.000Z,,right,England,forward,,200000,2
212470,8270,Oriol Romeu,1991-09-24T00:00:00.000Z,183,right,Spain,midfielder,,,2
924610,8466,Yukinari Sugawara,2000-06-28T00:00:00.000Z,179,right,Japan,RB,"RWB,RM",5500000,2
1799269,1113552,Yisa Alao,2008-11-17T00:00:00.000Z,,,England,LWB,,,2
1799261,10163,Joe Emery,2006-12-27T00:00:00.000Z,,,England,CB,,100000,2
1214556,8659,Tammer Bany Odeh,2003-10-19T00:00:00.000Z,177,,Denmark,forward,,250000,2
169225,8653,Tom Bradshaw,1992-07-27T00:00:00.000Z,178,right,Wales,ST,,200000,2
1331697,8549,Finley Munroe,2005-02-08T00:00:00.000Z,181,,England,LWB,"CB,LB,LM",250000,2
1207956,773660,Micah Hamilton,2003-11-13T00:00:00.000Z,177,right,England,LW,"LM,AM",1800000,2
1609714,575017,Mackenzie Maltby,2004-12-04T00:00:00.000Z,,,England,defender,,,2
201787,8645,Curtis Nelson,1993-05-21T00:00:00.000Z,183,right,England,CB,,275000,2
1526413,8669,Kai Andrews,2006-08-06T00:00:00.000Z,185,right,Wales,CM,DM,16000000,2
924315,8658,Kanya Fujimoto,1999-07-01T00:00:00.000Z,176,left,Japan,midfielder,,2000000,2
1667837,584611,Leo Pecover,2008-08-07T00:00:00.000Z,,right,England,forward,,,2
1334842,8669,Jahnoah Markelo,2003-01-04T00:00:00.000Z,171,left,Suriname,RW,LW,16000000,2
1370590,9848,Milos Lukovic,2005-11-18T00:00:00.000Z,184,right,Serbia,ST,,,2
1797467,773645,Barnaby Williams,2006-11-12T00:00:00.000Z,,,England,DM,CM,200000,2
1469339,773680,Owen Eames,2006-11-01T00:00:00.000Z,,,England,AM,ST,100000,2
1879530,10163,Devlan Moses,2005-10-17T00:00:00.000Z,,,Northern Ireland,forward,,100000,2
1418089,8351,Favour Fawunmi,2006-04-26T00:00:00.000Z,,,England,AM,RW,100000,2
1101043,8669,Raphael Borges Rodrigues,2003-09-11T00:00:00.000Z,173,right,Australia,RWB,"LWB,RM,LM,RW,LW",,2
1448527,773645,Nicholas Oyekunle,2007-01-09T00:00:00.000Z,,,England,ST,,200000,2
605260,8427,Joe Williams,1996-12-08T00:00:00.000Z,185,right,England,midfielder,,800000,2
1469816,773660,George McCormick,2005-01-27T00:00:00.000Z,176,left,England,CB,"LWB,LM",100000,2
1448524,8655,Nathan Dlamini,0001-01-01T00:00:00.000Z,,,England,LW,,100000,2
1430830,10192,Ryan Andrews,2004-08-26T00:00:00.000Z,170,right,England,RB,,,2
1420268,161801,Rio Shipston,2004-11-07T00:00:00.000Z,,,England,CM,,0,2
1498722,357211,Dujuan Richards,2005-11-10T00:00:00.000Z,189,left,Jamaica,RW,,,2
1394403,10003,Bobby Wales,2005-06-23T00:00:00.000Z,,,Scotland,forward,,350000,2
290409,8411,Will Keane,1993-01-11T00:00:00.000Z,188,right,Ireland,ST,AM,300000,2
962706,10003,Oliver Cooper,1999-12-14T00:00:00.000Z,176,right,Wales,AM,,1500000,2
398992,10163,Ricardo Santos,1995-06-18T00:00:00.000Z,182,right,Cape Verde,defender,,350000,2
955379,8657,Jamie Shackleton,1999-10-08T00:00:00.000Z,168,right,England,defender,,1000000,2
1668970,10163,Favour Onukwuli,2005-04-09T00:00:00.000Z,,,England,midfielder,,100000,2
1816323,9817,Jonathan Lawson,2005-10-16T00:00:00.000Z,,,England,forward,,0,2
109491,9841,Jay Rodriguez,1989-07-29T00:00:00.000Z,185,right,England,forward,,200000,2
1435832,8427,Olly Thomas,2005-07-28T00:00:00.000Z,182,right,England,ST,,100000,2
1081285,8653,Louie Sibley,2001-09-01T00:00:00.000Z,180,,England,midfielder,,1200000,2
620134,8485,Kevin Nisbet,1997-03-08T00:00:00.000Z,180,right,Scotland,ST,,,2
1704877,8462,Olutayo Singerr,2007-09-22T00:00:00.000Z,,,England,forward,,0,2
1797866,10163,Bruno Fernandes,2006-01-09T00:00:00.000Z,,,Portugal,forward,,100000,2
1967934,773655,Thomas Woodward,2006-12-09T00:00:00.000Z,,,Wales,midfielder,,,2
1113688,9902,Ali Al Hamadi,2002-03-01T00:00:00.000Z,187,right,Iraq,ST,,,2
1287056,9902,Cameron Humphreys,2003-10-30T00:00:00.000Z,178,,England,DM,AM,600000,2
1178514,8667,Eliot Matazo,2002-02-15T00:00:00.000Z,174,right,Belgium,midfielder,,1500000,2
1414866,10172,Isak Alemayehu Mulugeta,2006-10-11T00:00:00.000Z,177,,Sweden,midfielder,,,2
1315434,8462,Jacob Farrell,2002-11-19T00:00:00.000Z,180,left,Australia,CB,,450000,2
1469204,773680,Cruz Allen,2007-02-25T00:00:00.000Z,,,Wales,DM,CM,100000,2
488622,8427,Harry Cornick,1995-04-09T00:00:00.000Z,180,right,England,forward,,450000,2
1469618,9800,Eseosa Sule,2006-04-01T00:00:00.000Z,,right,Nigeria,ST,,,2
553798,8658,Scott Wright,1997-08-08T00:00:00.000Z,175,right,Scotland,forward,,400000,2
1077907,8667,Brandon Williams,2000-09-03T00:00:00.000Z,171,right,England,defender,,0,2
1948406,10172,Leon Scarlett,2009-08-16T00:00:00.000Z,,,Wales,forward,,0,2
1360349,8659,Harry Whitwell,2005-11-16T00:00:00.000Z,,right,England,AM,"DM,CM",100000,2
1109490,8351,James Morris,2001-11-23T00:00:00.000Z,183,left,England,LB,LWB,500000,2
963940,8472,Ajibola Alese,2001-01-17T00:00:00.000Z,192,right,England,CB,,700000,2
872963,9817,Tom Dele-Bashiru,1999-09-17T00:00:00.000Z,179,right,Nigeria,DM,CM,1800000,2
1215525,8653,Gatlin O'Donkor,2004-10-14T00:00:00.000Z,178,,England,forward,,200000,2
1664013,9841,Harry Ashfield,2006-03-23T00:00:00.000Z,184,,Wales,CM,AM,150000,2
1209408,773656,Alex Williams,2005-01-02T00:00:00.000Z,,right,Wales,RB,,100000,2
1456394,773642,Kevon Gray,2007-01-28T00:00:00.000Z,,,England,CB,,0,2
1477502,8451,Josh Laqeretabua,2005-09-26T00:00:00.000Z,185,,Fiji,midfielder,,0,2
1325368,10004,Zak Lovelace,2006-01-23T00:00:00.000Z,,right,England,forward,,2000000,2
1621132,8549,Archie Baptiste,2005-10-28T00:00:00.000Z,,,England,CB,,0,2
1746498,8549,Cruz Ibeh,2008-10-16T00:00:00.000Z,,,England,ST,,0,2
1332788,10170,Dajaune Brown,2005-10-16T00:00:00.000Z,182,right,Jamaica,ST,RW,400000,2
1407241,8528,Hindolo Mustapha,2006-07-29T00:00:00.000Z,,,Sierra Leone,ST,AM,100000,2
1437781,8462,Franco Umeh-Chibueze,2005-01-26T00:00:00.000Z,,left,Ireland,forward,,500000,2
1604505,584590,Nathan Tinsdale,2004-12-20T00:00:00.000Z,,right,England,LW,,,2
1388067,8411,Noah Mawene,2005-02-01T00:00:00.000Z,186,right,England,midfielder,,200000,2
1562715,773656,Souleyman Mandey,2006-02-06T00:00:00.000Z,,,Austria,AM,"DM,CM,RW",0,2
789585,8549,Marcus Forss,1999-06-18T00:00:00.000Z,182,right,Finland,ST,"RW,AM",1500000,2
1173017,9817,Pierre Dwomoh,2004-06-21T00:00:00.000Z,185,right,Belgium,midfielder,,1500000,2
1524210,9941,Guillaume Restes,2005-03-11T00:00:00.000Z,188,left,France,GK,,18000000,2
492116,8121,Jordan Lefort,1993-08-09T00:00:00.000Z,183,left,Mauritania,CB,,1000000,2
660326,8588,Matthieu Udol,1996-03-20T00:00:00.000Z,178,left,France,LWB,"CB,LM",8000000,2
1103837,9851,Issa Soumaré,2000-10-10T00:00:00.000Z,184,right,Senegal,ST,LW,8000000,2
1319972,8455,Mike Penders,2005-07-31T00:00:00.000Z,200,left,Belgium,GK,,,2
815912,8639,Berke Özer,2000-05-25T00:00:00.000Z,190,right,Turkiye,GK,,10000000,2
471153,8521,Ludovic Ajorque,1994-02-25T00:00:00.000Z,197,left,France,ST,,3000000,2
167035,8121,Anthony Lopes,1990-10-01T00:00:00.000Z,184,left,Portugal,GK,,900000,2
279461,8521,Kenny Lala,1991-10-03T00:00:00.000Z,180,right,France,RB,,1500000,2
1305543,8583,Kévin Danois,2004-06-28T00:00:00.000Z,183,right,France,CM,DM,20000000,2
274787,8689,Yvon Mvogo,1994-06-06T00:00:00.000Z,186,right,Switzerland,GK,,2500000,2
266105,9748,Clinton Mata,1992-11-07T00:00:00.000Z,180,right,Angola,CB,RB,2500000,2
279714,9851,Brice Samba,1994-04-25T00:00:00.000Z,186,left,France,GK,,7000000,2
561869,8121,Haris Belkebla,1994-01-28T00:00:00.000Z,177,right,Algeria,DM,CM,1800000,2
923196,8583,Lassine Sinayoko,1999-12-08T00:00:00.000Z,185,right,Mali,ST,"RM,RW,LW",10000000,2
1079548,8521,Joris Chotard,2001-09-24T00:00:00.000Z,179,right,France,DM,CM,7000000,2
562719,9851,Valentin Rongier,1994-12-07T00:00:00.000Z,172,right,France,CM,DM,8000000,2
1178325,8121,Ousmane Camara,2003-03-06T00:00:00.000Z,197,left,Mali,CB,,8000000,2
592102,9748,Moussa Niakhaté,1996-03-08T00:00:00.000Z,180,left,Senegal,CB,,15000000,2
1390336,8588,Robin Risser,2004-12-02T00:00:00.000Z,193,right,France,GK,,30000000,2
266523,8592,Pierre-Emile Højbjerg,1995-08-05T00:00:00.000Z,185,right,Denmark,DM,CM,15000000,2
812415,8521,Hugo Magnetti,1998-05-30T00:00:00.000Z,173,right,France,DM,"CM,AM",6000000,2
1280225,9851,Estéban Lepaul,2000-04-18T00:00:00.000Z,181,right,France,ST,,35000000,2
1053678,6379,Mamadou Mbow,2000-03-08T00:00:00.000Z,187,right,Senegal,CB,,9000000,2
317062,9851,Adrien Thomasson,1993-12-10T00:00:00.000Z,177,right,France,DM,CM,4000000,2
770321,9851,Mahdi Camara,1998-06-30T00:00:00.000Z,178,right,France,CM,"DM,RM",12000000,2
695405,8588,Hervé Koffi,1996-10-16T00:00:00.000Z,186,right,Burkina Faso,GK,,6000000,2
466436,9746,Mory Diaw,1993-06-22T00:00:00.000Z,197,right,Senegal,GK,,900000,2
955411,9941,Yann Gboho,2001-01-14T00:00:00.000Z,178,right,Ivory Coast,LW,AM,18000000,2
1640832,8689,Arsène Kouassi,2004-09-11T00:00:00.000Z,178,left,Burkina Faso,LWB,"LB,LM",15000000,2
696263,8521,Romain Del Castillo,1996-03-29T00:00:00.000Z,172,left,France,RW,AM,7000000,2
651910,9748,Dominik Greif,1997-04-06T00:00:00.000Z,197,right,Slovakia,GK,,9000000,2
245555,8592,Gerónimo Rulli,1992-05-20T00:00:00.000Z,189,right,Argentina,GK,,6000000,2
656491,9941,Rasmus Nicolaisen,1997-03-16T00:00:00.000Z,190,left,Denmark,CB,,5000000,2
846392,8689,Montassar Talbi,1998-05-26T00:00:00.000Z,190,right,Tunisia,CB,,8000000,2
857120,9746,Ayumu Seko,2000-06-07T00:00:00.000Z,183,right,Japan,CB,"DM,CM",5000000,2
1073905,9746,Rassoul Ndiaye,2001-12-11T00:00:00.000Z,179,right,Senegal,AM,"DM,CM,LW",8000000,2
448865,8521,Brendan Chardonnet,1994-12-22T00:00:00.000Z,181,right,France,CB,,4000000,2
1186444,9941,Charlie Cresswell,2002-08-17T00:00:00.000Z,190,right,England,CB,,25000000,2
715301,9831,Jonathan Clauss,1992-09-25T00:00:00.000Z,185,right,France,RWB,"RB,RM",4000000,2
817724,8583,Danny Namaso,2000-08-28T00:00:00.000Z,182,right,Cameroon,AM,"CM,LM,LW,ST",6000000,2
1113724,9748,Tyler Morton,2002-10-31T00:00:00.000Z,176,right,England,DM,CM,30000000,2
1250492,9830,Matthis Abline,2003-03-28T00:00:00.000Z,176,right,France,LW,"RW,AM,ST",20000000,2
845943,9941,Cristian Cásseres,2000-01-20T00:00:00.000Z,176,right,Venezuela,DM,CM,9000000,2
445226,10144,Jean-Philippe Gbamin,1995-09-25T00:00:00.000Z,186,right,Ivory Coast,CB,"DM,CM",,2
604089,9748,Ainsley Maitland-Niles,1997-08-29T00:00:00.000Z,177,right,England,RB,"RWB,RW",10000000,2
890263,9829,Jordan Teze,1999-09-30T00:00:00.000Z,183,right,Netherlands,DM,"RB,CB,RWB,RM,CM",15000000,2
1044470,8639,Hákon Arnar Haraldsson,2003-04-10T00:00:00.000Z,180,right,Iceland,AM,"DM,CM,RW,ST",25000000,2
1233931,9851,Quentin Merlin,2002-05-16T00:00:00.000Z,173,left,France,LB,"LWB,RM,CM,LM",15000000,2
950473,8695,Mason Greenwood,2001-10-01T00:00:00.000Z,181,both,England,RW,"AM,ST",,2
279866,8583,Donovan Léon,1992-11-03T00:00:00.000Z,186,right,French Guiana,GK,,800000,2
254308,8588,Florian Thauvin,1993-01-26T00:00:00.000Z,180,left,France,AM,RW,5000000,2
1367615,9847,Warren Zaïre-Emery,2006-03-08T00:00:00.000Z,178,right,France,CM,"RB,DM",80000000,2
924485,9941,Mark McKenzie,1999-02-25T00:00:00.000Z,184,right,USA,CB,,7000000,2
210683,8639,Aïssa Mandi,1991-10-22T00:00:00.000Z,186,right,Algeria,CB,RB,1000000,2
1252070,8639,Nathan Ngoy,2003-06-10T00:00:00.000Z,183,right,Belgium,CB,,25000000,2
1305618,9829,Maghnes Akliouche,2002-02-25T00:00:00.000Z,183,left,France,RW,"RM,AM,ST",50000000,2
420731,9746,Gautier Lloris,1995-07-18T00:00:00.000Z,185,left,France,CB,,3000000,2
823293,9941,Aron Dønnum,1998-04-20T00:00:00.000Z,179,left,Norway,RM,"RWB,LWB,LM,AM,RW",5000000,2
1092403,9831,Melvin Bard,2000-11-06T00:00:00.000Z,173,left,France,LWB,"CB,LB,LM",10000000,2
1429607,9831,Kojo Peprah Oppong,2004-06-04T00:00:00.000Z,188,right,Ghana,CB,RB,10000000,2
1140003,9847,Ilya Zabarnyi,2002-09-01T00:00:00.000Z,189,right,Ukraine,CB,RB,40000000,2
1444231,8639,Matias Fernandez-Pardo,2005-02-03T00:00:00.000Z,183,right,Belgium,ST,"RW,LW",35000000,2
604088,9829,Thilo Kehrer,1996-09-21T00:00:00.000Z,186,right,Germany,CB,,12000000,2
763974,8550,Gauthier Hein,1996-08-07T00:00:00.000Z,170,left,France,AM,RW,5000000,2
1075429,8550,Jonathan Fischer,2001-11-09T00:00:00.000Z,197,left,Denmark,GK,,2000000,2
883823,8583,Elisha Owusu,1997-11-07T00:00:00.000Z,182,right,Ghana,CM,"DM,AM",4000000,2
1244272,8302,Arouna Sangante,2002-04-12T00:00:00.000Z,189,right,Senegal,CB,RB,,2
1098243,9746,Yanis Zouaoui,1998-04-28T00:00:00.000Z,183,left,France,LB,LWB,2500000,2
179873,8044,Loïc Négo,1991-01-15T00:00:00.000Z,181,right,Hungary,RB,RWB,,2
771630,8722,Gideon Mensah,1998-07-18T00:00:00.000Z,178,left,Ghana,LB,"CB,LWB,LM",,2
766574,9831,Yehvann Diouf,1999-11-16T00:00:00.000Z,190,right,Senegal,GK,,7000000,2
1561552,8639,Ayyoub Bouaddi,2007-10-02T00:00:00.000Z,185,right,Morocco,DM,"RB,CM",50000000,2
148830,8639,Benjamin André,1990-08-03T00:00:00.000Z,180,right,France,DM,CM,3000000,2
413525,9831,Laurent Abergel,1993-02-01T00:00:00.000Z,170,right,France,DM,CM,1800000,2
473852,9748,Corentin Tolisso,1994-08-03T00:00:00.000Z,180,right,France,AM,"DM,CM",10000000,2
1185211,8588,Mamadou Sangaré,2002-06-26T00:00:00.000Z,178,left,Mali,DM,"RM,CM,RW",40000000,2
820712,8550,Koffi Kouao,1998-05-20T00:00:00.000Z,173,right,Ivory Coast,RB,RWB,2500000,2
666954,9830,Chidozie Awaziem,1997-01-01T00:00:00.000Z,192,right,Nigeria,CB,,2500000,2
1073941,9851,Lilian Brassier,1999-11-02T00:00:00.000Z,184,left,France,CB,,12000000,2
889536,8592,Timothy Weah,2000-02-22T00:00:00.000Z,183,right,USA,RWB,"RB,RM,LW",20000000,2
982677,9829,Folarin Balogun,2001-07-03T00:00:00.000Z,179,right,USA,ST,,40000000,2
815465,8639,Romain Perraud,1997-09-22T00:00:00.000Z,173,left,France,LB,LWB,7000000,2
1327156,8121,Jacques Ekomié,2003-08-19T00:00:00.000Z,179,right,Gabon,LB,"LWB,LM",9000000,2
813055,9851,Mousa Tamari,1997-06-10T00:00:00.000Z,178,left,Jordan,LM,"RM,RW,ST",10000000,2
999690,6379,Ilan Kebbal,1998-07-10T00:00:00.000Z,169,left,Algeria,RW,"RM,AM",12000000,2
1408580,9848,Joaquín Panichelli,2002-10-07T00:00:00.000Z,187,,Argentina,ST,,35000000,2
1180481,9830,Johann Lepenant,2002-10-22T00:00:00.000Z,176,right,France,CM,"DM,AM",7000000,2
1513317,6379,Adama Camara,1996-10-18T00:00:00.000Z,180,right,France,CM,RB,3000000,2
1060604,9748,Abner,2000-05-27T00:00:00.000Z,181,left,Brazil,LB,"LWB,DM,CM,LW",10000000,2
242156,9941,Djibril Sidibé,1992-07-29T00:00:00.000Z,184,right,France,RWB,"CB,RM,LM",1000000,2
864145,8521,Grégoire Coudert,1999-04-03T00:00:00.000Z,191,left,France,GK,,4000000,2
1347791,8121,Yassin Belkhdim,2002-02-14T00:00:00.000Z,175,right,France,RW,"DM,CM",7000000,2
1272440,9848,Valentín Barco,2004-07-23T00:00:00.000Z,170,left,Argentina,DM,"CM,AM",40000000,2
953812,9831,Sofiane Diop,2000-06-09T00:00:00.000Z,175,right,Morocco,AM,"CM,LM,LW,ST",15000000,2
1133081,8583,Sinaly Diomandé,2001-04-09T00:00:00.000Z,184,right,Ivory Coast,CB,,6000000,2
1061249,9847,Vitinha,2000-02-13T00:00:00.000Z,172,right,Portugal,CM,DM,140000000,2
267371,8592,Emerson,1994-08-03T00:00:00.000Z,176,left,Italy,LB,"CB,LWB",9000000,2
1565010,8689,Arthur Avom,2004-12-15T00:00:00.000Z,185,right,Cameroon,DM,"CM,AM",20000000,2
1178332,9848,Ismaël Doukouré,2003-07-24T00:00:00.000Z,183,right,France,CB,DM,20000000,2
942358,8639,Félix Correia,2001-01-22T00:00:00.000Z,178,right,Portugal,LW,"RM,LM,RW",10000000,2
1395704,9848,Guéla Doué,2002-10-17T00:00:00.000Z,187,right,Ivory Coast,RB,"CB,RWB",20000000,2
1598170,9848,Samir El Mourabet,2005-10-06T00:00:00.000Z,187,left,Morocco,DM,CM,22000000,2
150565,8592,Pierre-Emerick Aubameyang,1989-06-18T00:00:00.000Z,187,right,Gabon,ST,,2500000,2
634110,8121,Carlens Arcus,1996-06-28T00:00:00.000Z,180,right,Haiti,RB,CB,1800000,2
1254147,9831,Antoine Mendy,2004-05-27T00:00:00.000Z,187,right,Senegal,CB,RB,10000000,2
598355,9829,Denis Zakaria,1996-11-20T00:00:00.000Z,189,right,Switzerland,CB,"RB,DM,CM",25000000,2
1406645,8588,Ismaëlo Ganiou,2005-03-14T00:00:00.000Z,185,right,France,CB,,20000000,2
445856,8588,Wesley Saïd,1995-04-19T00:00:00.000Z,171,right,France,AM,LW,5000000,2
882400,8550,Jessy Deminguet,1998-01-07T00:00:00.000Z,178,left,France,DM,"CM,AM",2000000,2
1265963,8592,Igor Paixão,2000-06-28T00:00:00.000Z,168,right,Brazil,LW,"LWB,AM",35000000,2
958464,8592,Leonardo Balerdi,1999-01-26T00:00:00.000Z,187,right,Argentina,CB,,18000000,2
467486,6379,Moses Simon,1995-07-12T00:00:00.000Z,168,right,Nigeria,LW,LM,7000000,2
1342754,9848,Diego Moreira,2004-08-06T00:00:00.000Z,179,left,Belgium,RW,"LWB,RM,LM,AM,LW",25000000,2
1287489,8592,Bamo Meité,2001-12-03T00:00:00.000Z,183,right,Ivory Coast,CB,,7000000,2
145550,6379,Kevin Trapp,1990-07-08T00:00:00.000Z,189,right,Germany,GK,,1800000,2
1431818,8121,Lilian Rao-Lisoa,2000-06-16T00:00:00.000Z,178,right,France,RW,"RB,RWB,RM,LW",4000000,2
1539619,8456,Juma Bah,2006-04-11T00:00:00.000Z,,right,Sierra Leone,CB,,,2
1375810,2182,Terry Yegbe,2001-01-25T00:00:00.000Z,195,left,Ghana,CB,LB,,2
683473,9830,Kelvin Amian,1998-02-08T00:00:00.000Z,179,right,France,RB,CB,2000000,2
1523208,9829,Sadibou Sané,2004-06-10T00:00:00.000Z,185,right,Senegal,CB,,7000000,2
614207,6379,Maxime Lopez,1997-12-04T00:00:00.000Z,167,right,France,CM,"DM,AM",5000000,2
1137670,9847,Willian Pacho,2001-10-16T00:00:00.000Z,188,left,Ecuador,CB,,80000000,2
611223,8636,Benjamin Pavard,1996-03-28T00:00:00.000Z,186,right,France,CB,RB,,2
1329255,8121,Louis Mouton,2002-06-03T00:00:00.000Z,180,right,France,AM,CM,4000000,2
1388678,8583,Clément Akpa,2001-11-24T00:00:00.000Z,183,left,Ivory Coast,CB,LB,9000000,2
660462,6379,Pierre Lees-Melou,1993-05-25T00:00:00.000Z,185,right,France,CM,DM,4500000,2
1664716,9941,Dayann Methalie,2006-02-15T00:00:00.000Z,,left,France,LWB,"LB,LM",18000000,2
601145,8550,Habibou Mouhamadou Diallo,1995-06-18T00:00:00.000Z,185,right,Senegal,ST,,50000,2
1190113,6379,Otávio,2002-04-21T00:00:00.000Z,187,left,Brazil,CB,,10000000,2
1073742,9848,Julio Enciso,2004-01-23T00:00:00.000Z,173,right,Paraguay,AM,ST,25000000,2
1292354,8689,Théo Le Bris,2002-10-01T00:00:00.000Z,165,right,France,RWB,,5000000,2
1097446,8689,Noah Cadiou,1998-10-26T00:00:00.000Z,191,right,Guadeloupe,DM,CM,3000000,2
527103,9851,Breel Embolo,1997-02-14T00:00:00.000Z,187,right,Switzerland,ST,,15000000,2
1057433,9748,Tanner Tessmann,2001-09-24T00:00:00.000Z,191,right,USA,DM,"CB,CM",10000000,2
1436305,9829,Lamine Camara,2004-01-01T00:00:00.000Z,173,right,Senegal,DM,"CM,AM",40000000,2
1276626,8588,Samson Baidoo,2004-03-31T00:00:00.000Z,187,right,Austria,CB,,25000000,2
637746,8588,Odsonne Édouard,1998-01-16T00:00:00.000Z,187,right,France,ST,,12000000,2
1436942,9848,Lucas Høgsberg,2006-06-23T00:00:00.000Z,,right,Denmark,CB,"RB,LB",18000000,2
699461,8689,Jean-Victor Makengo,1998-06-12T00:00:00.000Z,177,left,France,AM,RW,6000000,2
1201760,8583,Marvin Senaya,2001-01-28T00:00:00.000Z,179,right,Ghana,RB,"CB,RWB",3000000,2
355901,9831,Morgan Sanson,1994-08-18T00:00:00.000Z,182,right,France,CM,"DM,LM,AM",3500000,2
952057,10235,Charles Vanhoutte,1998-09-16T00:00:00.000Z,182,right,Belgium,DM,CM,,2
1331097,8689,Pablo Pagis,2002-12-29T00:00:00.000Z,181,both,France,AM,LW,15000000,2
1242587,8121,Amine Sbaï,2000-11-05T00:00:00.000Z,175,right,Morocco,LW,ST,4000000,2
1343053,9848,Abdoul Ouattara,2005-10-22T00:00:00.000Z,,right,France,RB,"LB,LWB,RWB,DM",15000000,2
1310270,8521,Kamory Doumbia,2003-02-18T00:00:00.000Z,170,right,Mali,AM,"CM,LW",9000000,2
1297165,9847,Bradley Barcola,2002-09-02T00:00:00.000Z,182,right,France,LW,"RW,ST",70000000,2
1487894,6379,Nhoa Sangui,2006-02-27T00:00:00.000Z,178,left,France,LB,"RB,RWB,LWB",10000000,2
504606,9847,Lucas Hernández,1996-02-14T00:00:00.000Z,183,left,France,LB,CB,18000000,2
1469758,9746,Simon Ebonog,2004-08-16T00:00:00.000Z,180,right,France,DM,"CM,AM",4500000,2
1079554,9851,Anthony Rouault,2001-05-29T00:00:00.000Z,186,right,France,CB,,12000000,2
561046,8588,Ruben Aguilar,1993-04-26T00:00:00.000Z,172,right,France,RWB,RM,2500000,2
1800345,9830,Tylel Tati,2008-01-19T00:00:00.000Z,,left,France,CB,,25000000,2
1230286,8521,Daouda Guindo,2002-10-14T00:00:00.000Z,183,left,Mali,LB,,4500000,2
1367047,8178,Afonso Moreira,2005-03-19T00:00:00.000Z,176,right,Portugal,LW,"LM,ST",,2
210389,8550,Maxime Colin,1991-11-15T00:00:00.000Z,179,right,France,LB,"RB,CB",250000,2
1033099,9831,Hicham Boudaoui,1999-09-23T00:00:00.000Z,173,right,Algeria,CM,DM,12000000,2
1574189,9847,Senny Mayulu,2006-05-17T00:00:00.000Z,183,both,France,CM,"RB,ST,LW",40000000,2
1473534,8650,Jérémy Jacquet,2005-07-13T00:00:00.000Z,188,right,France,CB,,,2
1180718,9831,Mohamed-Ali Cho,2004-01-19T00:00:00.000Z,182,left,France,RW,"RM,AM,ST",15000000,2
1362622,9848,Junior Mwanga,2003-05-11T00:00:00.000Z,184,both,France,CM,"RB,CB,DM",6000000,2
46469,8639,Olivier Giroud,1986-09-30T00:00:00.000Z,192,left,France,ST,,900000,2
872934,9829,Philipp Köhn,1998-04-02T00:00:00.000Z,191,right,Switzerland,GK,,3500000,2
586388,9829,Aleksandr Golovin,1996-05-30T00:00:00.000Z,178,right,Russia,AM,"DM,LW",18000000,2
672469,9848,Ben Chilwell,1996-12-21T00:00:00.000Z,180,left,England,LB,"CB,LWB",10000000,2
1302715,9848,Martial Godo,2003-03-14T00:00:00.000Z,169,right,Ivory Coast,LW,"LM,AM",22000000,2
1255209,9847,Lucas Beraldo,2003-11-24T00:00:00.000Z,186,left,Brazil,CB,CM,22000000,2
1536998,8550,Alpha Touré,2006-01-25T00:00:00.000Z,,left,Senegal,DM,"CM,AM",5000000,2
1401205,10242,Michel Diaz,2003-07-23T00:00:00.000Z,193,right,Ivory Coast,CB,,6000000,2
437329,9746,Mbwana Samatta,1992-12-23T00:00:00.000Z,179,right,Tanzania,ST,LW,700000,2
1037539,9748,Pavel Sulc,2000-12-29T00:00:00.000Z,177,right,Czechia,AM,"RW,ST,LW",20000000,2
693171,9851,Ludovic Blas,1997-12-31T00:00:00.000Z,180,left,France,RM,"CM,LW",10000000,2
1428153,8639,Ngal Ayel Mukau,2004-11-03T00:00:00.000Z,188,left,DR Congo,RW,"DM,CM,AM",15000000,2
1320949,9902,Emersonn,2004-07-16T00:00:00.000Z,186,right,Brazil,ST,,,2
1177131,9847,Lucas Chevalier,2001-11-06T00:00:00.000Z,189,right,France,GK,,25000000,2
1334805,8583,Lamine Sy,2002-08-10T00:00:00.000Z,171,right,France,RB,RWB,2500000,2
769525,8593,Caio Henrique,1997-07-31T00:00:00.000Z,179,left,Brazil,LB,"CB,LWB,LM",,2
940976,9847,Kang-In Lee,2001-02-19T00:00:00.000Z,173,left,South Korea,CM,"RM,RW,AM,ST",28000000,2
900433,9847,Khvicha Kvaratskhelia,2001-02-12T00:00:00.000Z,183,both,Georgia,LW,"RW,ST",140000000,2
1199382,8583,Josué Casimir,2001-09-24T00:00:00.000Z,178,right,Haiti,RM,"RWB,RW,AM",3000000,2
1555492,8178,Abdoulaye Faye,2004-09-22T00:00:00.000Z,191,,Senegal,CB,,,2
66757,9829,Lukás Hrádecky,1989-11-24T00:00:00.000Z,187,right,Finland,GK,,1500000,2
1622889,9830,Louis Leroux,2006-01-23T00:00:00.000Z,,left,France,CM,LB,10000000,2
617310,8592,Nayef Aguerd,1996-03-30T00:00:00.000Z,190,left,Morocco,CB,,15000000,2
770881,9847,Achraf Hakimi,1998-11-04T00:00:00.000Z,181,right,Morocco,RB,,80000000,2
1054122,8602,Boubacar Traoré,2001-08-20T00:00:00.000Z,183,right,Mali,DM,CM,,2
1581722,9851,Abdelhamid Aït Boudlal,2006-04-16T00:00:00.000Z,190,right,Morocco,CB,,12000000,2
1524548,9829,Mamadou Coulibaly,2004-04-21T00:00:00.000Z,,left,France,DM,"CM,AM",15000000,2
1276315,6702,Dermane Karim,2003-12-26T00:00:00.000Z,193,,Togo,AM,,,2
812652,8592,Facundo Medina,1999-05-28T00:00:00.000Z,184,left,Argentina,CB,LB,18000000,2
1463448,9831,Tom Louchet,2003-05-04T00:00:00.000Z,176,both,France,CM,"RWB,DM,RM,RW,AM,LW",7000000,2
1339208,9847,Désiré Doué,2005-06-03T00:00:00.000Z,178,right,France,RW,"CM,LW,ST",120000000,2
1050822,9848,Andrew Omobamidele,2002-06-23T00:00:00.000Z,188,right,Ireland,CB,,8000000,2
800880,9847,Matvey Safonov,1999-02-25T00:00:00.000Z,192,right,Russia,GK,,30000000,2
1002617,8588,Saud Abdulhamid,1999-07-18T00:00:00.000Z,171,right,Saudi Arabia,RWB,"RB,RM",9000000,2
1738340,6379,Rudy Matondo,2008-03-13T00:00:00.000Z,,left,France,CM,DM,20000000,2
1255855,7854,Yassine Kechta,2002-02-25T00:00:00.000Z,174,left,Morocco,AM,"DM,CM,LW",,2
1282000,8521,Soumaïla Coulibaly,2003-10-14T00:00:00.000Z,190,left,France,CB,,6000000,2
844437,8592,Amine Gouiri,2000-02-16T00:00:00.000Z,180,right,Algeria,ST,AM,28000000,2
1362516,9941,Santiago Hidalgo,2005-02-17T00:00:00.000Z,174,left,Argentina,AM,"RW,ST",6000000,2
195750,9748,Nicolás Tagliafico,1992-08-31T00:00:00.000Z,169,left,Argentina,LB,CB,4000000,2
1342757,9847,João Neves,2004-09-27T00:00:00.000Z,174,right,Portugal,CM,DM,140000000,2
940087,8564,Gonçalo Ramos,2001-06-20T00:00:00.000Z,185,right,Portugal,ST,,,2
1285784,8521,Bradley Locko,2002-05-06T00:00:00.000Z,180,left,France,LB,,6000000,2
1426170,8455,Mamadou Sarr,2005-08-29T00:00:00.000Z,194,right,Senegal,CB,,,2
500520,8639,Nabil Bentaleb,1994-11-24T00:00:00.000Z,187,left,Algeria,DM,"CB,CM",4500000,2
1748405,8121,Prosper Peter,2007-08-09T00:00:00.000Z,,,France,ST,,15000000,2
1324358,9941,Frank Magri,1999-09-04T00:00:00.000Z,178,right,Cameroon,ST,"AM,RW",3000000,2
1137106,10013,Lucas Gourna-Douath,2003-08-05T00:00:00.000Z,185,right,France,DM,CM,,2
1607493,9830,Dehmaine Tabibou,2005-04-17T00:00:00.000Z,183,left,France,RW,"CM,AM",5000000,2
1180696,9746,Fodé Doucouré,2001-02-03T00:00:00.000Z,172,right,Mali,RW,RB,2000000,2
505059,8121,Branco van den Boomen,1995-07-21T00:00:00.000Z,189,right,Netherlands,CM,DM,2500000,2
1203189,8583,Fredrik Oppegård,2002-08-07T00:00:00.000Z,175,left,Norway,LWB,"LB,LM,LW",1500000,2
1158945,9847,Nuno Mendes,2002-06-19T00:00:00.000Z,184,left,Portugal,LB,,80000000,2
402419,8637,Przemyslaw Frankowski,1995-04-12T00:00:00.000Z,175,right,Poland,RM,"RB,RWB",,2
723564,8689,Igor Silva,1996-08-21T00:00:00.000Z,173,right,Brazil,CB,,1200000,2
1417802,9848,Pape Demba Diop,2003-09-04T00:00:00.000Z,182,,Senegal,DM,"CM,AM",9000000,2
1401248,8588,Rémy Lascary,2003-03-03T00:00:00.000Z,176,right,Guadeloupe,LW,ST,4000000,2
1230848,8689,Bamba Dieng,2000-03-23T00:00:00.000Z,178,right,Senegal,ST,,15000000,2
1406428,9829,Christian Mawissa,2005-04-18T00:00:00.000Z,180,left,France,CB,"RB,LWB",15000000,2
1406729,9748,Endrick,2006-07-21T00:00:00.000Z,173,left,Brazil,RW,ST,40000000,2
578756,9830,Deiver Machado,1993-09-02T00:00:00.000Z,172,left,Colombia,LB,"LWB,LM",1800000,2
1321562,10204,Diego Coppola,2003-12-28T00:00:00.000Z,192,right,Italy,CB,,,2
566187,9831,Ali Abdi,1993-12-20T00:00:00.000Z,177,left,Tunisia,LB,"LWB,LM",2000000,2
1177312,9848,Sékou Mara,2002-07-30T00:00:00.000Z,183,right,France,ST,,4000000,2
1040889,9810,Junior Dina Ebimbe,2000-11-21T00:00:00.000Z,184,right,Cameroon,LW,"RW,AM",,2
1524069,8695,Sidiki Cherif,2006-12-15T00:00:00.000Z,185,right,France,ST,LW,,2
1177779,9851,Alidu Seidu,2000-06-04T00:00:00.000Z,173,right,Ghana,CB,RB,6000000,2
426892,6379,Hamari Traoré,1992-01-27T00:00:00.000Z,175,right,Mali,RB,RWB,1500000,2
817500,9830,Mostafa Mohamed,1997-11-28T00:00:00.000Z,185,right,Egypt,ST,,3500000,2
784448,6379,Thibault De Smet,1998-06-05T00:00:00.000Z,176,left,Belgium,LB,LWB,1800000,2
693678,8197,Wout Faes,1998-04-03T00:00:00.000Z,187,right,Belgium,CB,,,2
1039219,6379,Samir Chergui,1999-02-06T00:00:00.000Z,180,right,Algeria,RB,CB,3000000,2
605654,9847,Fabián Ruiz,1996-04-03T00:00:00.000Z,189,left,Spain,CM,DM,30000000,2
1791727,9941,Alexis Vossah,2008-03-11T00:00:00.000Z,,,France,DM,CM,15000000,2
637745,6379,Jonathan Ikoné,1998-05-02T00:00:00.000Z,175,left,France,RW,RM,4000000,2
1793640,9748,Khalis Merah,2007-02-24T00:00:00.000Z,,,France,AM,"CM,ST",15000000,2
853108,6379,Jean-Philippe Krasso,1997-07-17T00:00:00.000Z,187,left,Ivory Coast,ST,,3500000,2
1086012,9829,Ansu Fati,2002-10-31T00:00:00.000Z,178,right,Spain,AM,"RW,ST,LW",15000000,2
970563,8592,Quinten Timber,2001-06-17T00:00:00.000Z,179,right,Netherlands,DM,"CM,AM",25000000,2
956659,8592,Himad Abdelli,1999-11-17T00:00:00.000Z,185,left,Algeria,DM,"CM,AM",5000000,2
1127125,6379,Obed Nkambadio,2003-02-07T00:00:00.000Z,190,right,France,GK,,5000000,2
938247,9829,Mohammed Salisu,1999-04-17T00:00:00.000Z,191,left,Ghana,CB,,10000000,2
841395,8689,Aiyegun Tosin,1998-06-26T00:00:00.000Z,179,right,Benin,ST,"RW,AM",1800000,2
1113809,9829,Mika Biereth,2003-02-08T00:00:00.000Z,187,right,Denmark,ST,,15000000,2
692984,9847,Ousmane Dembélé,1997-05-15T00:00:00.000Z,178,both,France,ST,"RW,AM",100000000,2
1514456,8521,Pathé Mboup,2003-10-19T00:00:00.000Z,175,right,Senegal,LW,ST,2500000,2
365672,9746,Sofiane Boufal,1993-09-17T00:00:00.000Z,170,right,Morocco,AM,"ST,LW",1800000,2
267365,9847,Marquinhos,1994-05-14T00:00:00.000Z,183,right,Brazil,CB,,28000000,2
883824,6379,Willem Geubbels,2001-08-16T00:00:00.000Z,185,right,France,ST,,5000000,2
1073979,8583,Bryan Okoh,2003-05-16T00:00:00.000Z,191,left,Switzerland,CB,,4000000,2
1418073,9848,Samuel Amo-Ameyaw,2006-07-18T00:00:00.000Z,166,left,England,RW,"RWB,RM,AM",8000000,2
1156569,9848,Sebastian Nanasi,2002-05-16T00:00:00.000Z,178,right,Sweden,AM,"CM,LW",15000000,2
837061,9829,Krépin Diatta,1999-02-25T00:00:00.000Z,173,right,Senegal,RB,"RWB,AM",6000000,2
1593857,9847,Ibrahim Mbaye,2008-01-24T00:00:00.000Z,175,right,Senegal,RW,LW,30000000,2
643635,10188,Amir Murillo,1996-02-11T00:00:00.000Z,183,right,Panama,RB,"CB,RWB,RM",,2
1553515,9851,Djaoui Cissé,2004-01-31T00:00:00.000Z,188,right,France,CM,,10000000,2
765158,6379,Alimami Gory,1996-08-30T00:00:00.000Z,182,right,France,LM,RWB,1500000,2
1387194,10188,Kassoum Ouattara,2004-10-14T00:00:00.000Z,176,left,France,LM,"RB,LB,LWB",,2
786580,8602,Marshall Munetsi,1996-06-22T00:00:00.000Z,187,right,Zimbabwe,CM,"DM,AM,RW",,2
1303501,9830,Ali Yousef Musrati,2001-07-09T00:00:00.000Z,193,right,Libya,CB,,2500000,2
950967,307691,Cheikh Sabaly,1999-03-04T00:00:00.000Z,168,right,Senegal,RW,"AM,LW",,2
408943,9829,Takumi Minamino,1995-01-16T00:00:00.000Z,174,right,Japan,AM,"LM,RW,LW",10000000,2
277761,8639,Chancel Mbemba,1994-08-08T00:00:00.000Z,182,right,DR Congo,CB,,2000000,2
1299869,9888,Mohamed Kaba,2001-10-27T00:00:00.000Z,185,,France,CM,AM,,2
161291,9830,Youssef El Arabi,1987-02-03T00:00:00.000Z,183,right,Morocco,ST,,100000,2
1135655,10247,Adam Karabec,2003-07-02T00:00:00.000Z,186,left,Czechia,RW,,,2
1213430,9810,Elye Wahi,2003-01-02T00:00:00.000Z,184,right,Ivory Coast,ST,,,2
1123587,9837,Sambou Soumano,2001-01-13T00:00:00.000Z,182,right,France,ST,,3500000,2
278341,8550,Bouna Sarr,1992-01-31T00:00:00.000Z,178,right,Senegal,RW,RB,350000,2
1074642,9831,Salis Abdul Samed,2000-03-26T00:00:00.000Z,179,right,Ghana,DM,CM,4000000,2
863708,9830,Ignatius Ganago,1999-02-16T00:00:00.000Z,176,right,Cameroon,ST,"LM,LW",2000000,2
632305,8583,Francisco Sierralta,1997-05-06T00:00:00.000Z,190,right,Chile,CB,,1200000,2
724909,9829,Radoslaw Majecki,1999-11-16T00:00:00.000Z,191,right,Poland,GK,,2500000,2
1166344,9831,Kevin Carlos,2001-04-10T00:00:00.000Z,186,,Spain,ST,,4000000,2
210423,8121,Florent Hanin,1990-02-04T00:00:00.000Z,177,left,France,LB,LM,200000,2
1145717,9941,Warren Kamanzi,2000-11-11T00:00:00.000Z,177,right,Norway,RM,LM,1200000,2
38432,9831,Dante,1983-10-18T00:00:00.000Z,187,left,Brazil,CB,,0,2
612277,8521,Lucas Tousart,1997-04-29T00:00:00.000Z,185,right,France,AM,DM,2000000,2
660327,9830,Ibrahima Sissoko,1997-10-27T00:00:00.000Z,193,right,Mali,DM,"CB,CM",2000000,2
1351065,8689,Nathaniel Adjei,2002-08-21T00:00:00.000Z,,right,Ghana,CB,,1500000,2
848667,8592,Angel Gomes,2000-08-31T00:00:00.000Z,168,right,England,AM,"DM,CM",10000000,2
640292,6379,Vincent Marchetti,1997-07-04T00:00:00.000Z,181,left,France,CM,DM,1500000,2
1227012,8472,Simon Adingra,2002-01-01T00:00:00.000Z,175,right,Ivory Coast,LW,"LWB,LM,ST",,2
1670132,9830,Bahereba Guirassy,2006-08-29T00:00:00.000Z,177,left,France,LW,RW,7000000,2
1695681,9829,Aladji Bamba,2006-07-14T00:00:00.000Z,,right,France,DM,CM,18000000,2
513072,8588,Jonathan Gradit,1992-11-24T00:00:00.000Z,180,right,France,CB,,2500000,2
1387389,178475,Arthur Vermeeren,2005-02-07T00:00:00.000Z,180,right,Belgium,DM,"CM,AM",,2
1553514,9851,Mahamadou Nagida,2005-06-28T00:00:00.000Z,176,left,Cameroon,RB,LB,7000000,2
1586559,8588,Rayan Fofana,2006-02-12T00:00:00.000Z,,right,France,ST,,8000000,2
1283469,9857,Oussama El Azzouzi,2001-05-29T00:00:00.000Z,189,right,Morocco,CM,,,2
765466,9851,Sebastian Szymanski,1999-05-10T00:00:00.000Z,174,left,Poland,AM,"DM,RM,CM,RW",12000000,2
485047,9851,Hans Hateboer,1994-01-09T00:00:00.000Z,180,right,Netherlands,RB,CB,1800000,2
622137,8639,Calvin Verdonk,1997-04-26T00:00:00.000Z,174,left,Indonesia,LB,"CB,CM",2500000,2
1125076,9748,Ruben Kluivert,2001-05-21T00:00:00.000Z,187,right,Netherlands,CB,"RB,LB",8000000,2
1085809,8295,Hyeok-Kyu Kwon,2001-03-13T00:00:00.000Z,192,right,South Korea,CM,DM,,2
1634789,8588,Andrija Bulatovic,2006-12-27T00:00:00.000Z,180,,Montenegro,DM,CM,8000000,2
1469819,8550,Urie-Michel Mboula,2003-04-30T00:00:00.000Z,185,left,Gabon,CB,LB,900000,2
1427808,8689,Panos Katseris,2001-07-05T00:00:00.000Z,175,right,Greece,RWB,RM,2000000,2
866686,10204,Matthew O'Riley,2000-11-21T00:00:00.000Z,187,left,Denmark,DM,"CM,AM",,2
439366,9746,Abdoulaye Touré,1994-03-03T00:00:00.000Z,187,right,Guinea,DM,"RW,AM",2500000,2
1189856,8588,Abdallah Sima,2001-06-17T00:00:00.000Z,188,right,Senegal,AM,,5000000,2
660887,9830,Fabien Centonze,1996-01-16T00:00:00.000Z,182,right,France,RWB,RM,1000000,2
541933,8521,Mama Baldé,1995-11-06T00:00:00.000Z,176,right,Guinea-Bissau,LW,"RW,ST",3000000,2
263511,9830,Maxime Dupé,1993-03-04T00:00:00.000Z,186,right,France,GK,,700000,2
161660,6379,Ciro Immobile,1990-02-20T00:00:00.000Z,185,right,Italy,ST,,1800000,2
1364069,9748,Malick Fofana,2005-03-31T00:00:00.000Z,175,left,Belgium,LW,,30000000,2
1397857,8639,Tiago Santos,2002-07-23T00:00:00.000Z,175,right,Portugal,RB,,10000000,2
1067265,2218,Giorgi Abuashvili,2003-02-08T00:00:00.000Z,175,right,Georgia,LW,,,2
1682313,9847,Dro Fernández,2008-01-12T00:00:00.000Z,180,right,Spain,CM,AM,10000000,2
361315,9829,Eric Dier,1994-01-15T00:00:00.000Z,188,right,England,CB,,4000000,2
1536963,8550,Pape Sy,1997-05-02T00:00:00.000Z,195,right,Senegal,GK,,600000,2
1192854,8583,Naouirou Ahamada,2002-03-29T00:00:00.000Z,183,right,France,CM,,3000000,2
1202239,8689,Mohamed Bamba,2001-12-10T00:00:00.000Z,,right,Ivory Coast,ST,,2000000,2
864154,8588,Goduine Koyalipou,2000-02-15T00:00:00.000Z,184,right,Central African Rep.,ST,,2500000,2
150869,6379,Timothée Kolodziejczak,1991-10-01T00:00:00.000Z,185,left,France,CB,,150000,2
159594,7853,Francis Coquelin,1991-05-13T00:00:00.000Z,178,right,France,DM,CM,700000,2
1197039,8305,Martín Satriano,2001-02-20T00:00:00.000Z,187,right,Uruguay,ST,LM,,2
643229,9885,Jérémie Boga,1997-01-03T00:00:00.000Z,173,right,Ivory Coast,ST,"AM,LW",,2
310836,8121,Pierrick Capelle,1987-04-15T00:00:00.000Z,180,left,France,CM,DM,0,2
1256224,9941,Mário Sauer,2004-05-15T00:00:00.000Z,180,right,Slovakia,CM,DM,1500000,2
602211,9851,Seko Fofana,1995-05-07T00:00:00.000Z,183,right,Ivory Coast,CM,,8000000,2
944385,9831,Isak Jansson,2002-01-31T00:00:00.000Z,175,,Sweden,LW,"AM,ST",4000000,2
1187227,8592,CJ Egan-Riley,2003-01-02T00:00:00.000Z,185,right,England,CB,,9000000,2
875672,8592,Hamed Traorè,2000-02-16T00:00:00.000Z,184,right,Ivory Coast,AM,"DM,LW",15000000,2
1215410,10204,Ibrahim Osman,2004-11-29T00:00:00.000Z,179,right,Ghana,LW,LM,,2
1657810,8588,Nidal Celik,2006-07-17T00:00:00.000Z,192,right,Bosnia and Herzegovina,CB,,7000000,2
1207992,9829,Vanderson,2001-06-21T00:00:00.000Z,180,right,Brazil,RB,"RWB,RM",18000000,2
612747,9830,Frédéric Guilbert,1994-12-24T00:00:00.000Z,178,right,France,RB,,800000,2
1218841,8583,Théo De Percin,2001-02-02T00:00:00.000Z,186,right,Martinique,GK,,400000,2
214972,8592,Geoffrey Kondogbia,1993-02-15T00:00:00.000Z,188,left,Central African Rep.,DM,CM,3000000,2
199834,8638,Rémy Cabella,1990-03-08T00:00:00.000Z,171,right,France,LW,"DM,RW,AM",,2
1526822,338302,Rafael Luís,2005-02-18T00:00:00.000Z,188,left,Portugal,DM,CM,,2
904021,8678,Romain Faivre,1998-07-14T00:00:00.000Z,180,left,France,RW,,,2
770340,9851,Arnaud Nordin,1998-06-17T00:00:00.000Z,170,left,France,LW,"AM,ST",4000000,2
643690,8638,Roman Yaremchuk,1995-11-27T00:00:00.000Z,191,right,Ukraine,ST,,,2
1426809,8639,Ethan Mbappé,2006-12-29T00:00:00.000Z,176,left,France,RW,,8000000,2
1368318,8191,Luca Koleosho,2004-09-15T00:00:00.000Z,175,right,Italy,LW,,,2
1284071,8342,Félix Lemaréchal,2003-08-07T00:00:00.000Z,181,right,France,AM,CM,,2
1368710,9748,Noah Nartey,2005-10-05T00:00:00.000Z,180,right,Denmark,CM,"DM,AM,RW,ST",15000000,2
1688980,8121,Marius Louër,2007-03-11T00:00:00.000Z,,right,France,CB,RB,2000000,2
1066264,9941,Abu Francis,2001-04-27T00:00:00.000Z,182,right,Ghana,DM,CM,2000000,2
1523209,8550,Ibou Sané,2005-03-28T00:00:00.000Z,180,right,Senegal,ST,,900000,2
1693546,2529,Mohamed Meïté,2007-10-11T00:00:00.000Z,,right,France,ST,,,2
942354,9746,Felix Mambimbi,2001-01-18T00:00:00.000Z,171,right,Switzerland,ST,AM,500000,2
1896949,9748,Kail Boudache,2006-06-15T00:00:00.000Z,,left,France,AM,,5000000,2
1049665,8689,Joel Mvuka,2002-11-12T00:00:00.000Z,173,right,Norway,RWB,RM,1500000,2
1072317,9772,Tiago Gouveia,2001-06-18T00:00:00.000Z,176,right,Portugal,RW,RWB,,2
1603755,9848,Gessime Yassine,2005-11-22T00:00:00.000Z,172,left,Morocco,RW,"LM,LW",12000000,2
1186553,8639,Alexsandro Ribeiro,1999-08-09T00:00:00.000Z,192,left,Brazil,CB,,15000000,2
1752228,8121,Lanroy Machine,2005-10-13T00:00:00.000Z,,,France,ST,,1500000,2
1640973,9941,Rafik Messali,2003-04-28T00:00:00.000Z,,right,Algeria,RWB,,1500000,2
1729826,9746,Stephan Zagadou,2008-10-24T00:00:00.000Z,,,France,CB,,4000000,2
988160,8639,Osame Sahraoui,2001-06-11T00:00:00.000Z,164,right,Morocco,LW,LM,9000000,2
449277,8150,Giorgi Kvilitaia,1993-10-01T00:00:00.000Z,193,right,Georgia,ST,,,2
612699,8588,Florian Sotoca,1990-10-25T00:00:00.000Z,187,right,France,AM,,1200000,2
1178331,9830,Yassine Benhattab,2002-11-18T00:00:00.000Z,170,right,France,RW,RM,2000000,2
1092680,6606,Morgan Guilavogui,1998-03-10T00:00:00.000Z,188,right,Guinea,LW,"RM,AM",,2
1791729,9941,Seny Koumbassa,2007-06-20T00:00:00.000Z,,right,France,CB,,5000000,2
1106866,9941,Jacen Russell-Rowe,2002-09-13T00:00:00.000Z,183,right,Canada,ST,,3000000,2
687868,8592,Jeffrey De Lange,1998-04-01T00:00:00.000Z,191,both,Netherlands,GK,,2500000,2
767014,9748,Rémy Descamps,1996-06-25T00:00:00.000Z,194,left,France,GK,,1500000,2
1355526,9848,Maxi Oyedele,2004-11-07T00:00:00.000Z,183,right,Poland,DM,,5000000,2
1183148,8455,Emanuel Emegha,2003-02-03T00:00:00.000Z,195,both,Netherlands,ST,,,2
1797446,8550,Nathan Mbala,2008-02-19T00:00:00.000Z,,,DR Congo,RW,,4500000,2
885005,9831,Terem Moffi,1999-05-25T00:00:00.000Z,188,left,Nigeria,ST,,8000000,2
1421275,8639,Hamza Igamane,2002-11-02T00:00:00.000Z,181,both,Morocco,ST,,18000000,2
1168520,10229,Mayckel Lahdo,2002-12-30T00:00:00.000Z,171,right,Sweden,RW,,,2
1443464,10076,Kendry Páez,2007-05-04T00:00:00.000Z,178,left,Ecuador,RW,"AM,LW,ST",,2
1839135,8550,Believe Munongo,2009-11-23T00:00:00.000Z,,,France,CM,"DM,AM",10000000,2
1337979,9746,Étienne Youté Kinkoué,2002-01-14T00:00:00.000Z,196,right,France,CB,,2500000,2
466482,1323940,Allan Saint-Maximin,1997-03-12T00:00:00.000Z,173,right,France,LW,"LM,AM",,2
1428420,8121,Emmanuel Biumla,2005-05-08T00:00:00.000Z,185,right,France,CB,,2500000,2
765693,9748,Orel Mangala,1998-03-18T00:00:00.000Z,180,right,Belgium,DM,,9000000,2
1581053,9848,Mathis Amougou,2006-01-18T00:00:00.000Z,177,right,France,CM,DM,9000000,2
1816726,9746,Enzo Koffi,2006-03-04T00:00:00.000Z,,right,France,LB,,1800000,2
1431516,8577,George Ilenikhena,2006-08-16T00:00:00.000Z,185,left,France,ST,,,2
1019583,9746,Godson Kyeremeh,2000-06-14T00:00:00.000Z,175,right,France,RW,,500000,2
1705134,8686,Robinio Vaz,2007-02-17T00:00:00.000Z,,right,France,ST,,,2
1108603,8472,Timothée Pembélé,2002-09-09T00:00:00.000Z,182,right,France,defender,,,2
1869761,8697,Kenny Quetant,2006-07-17T00:00:00.000Z,,,France,ST,,,2
1699556,8521,Raphaël Le Guen,2006-09-01T00:00:00.000Z,,right,France,CB,,800000,2
1699549,9847,Quentin Ndjantou,2007-07-23T00:00:00.000Z,,right,France,CM,ST,8000000,2
1514645,8121,Marius Courcoul,2007-01-01T00:00:00.000Z,182,right,France,DM,,2500000,2
1603990,8639,Noah Edjouma,2005-10-04T00:00:00.000Z,182,right,France,RW,AM,5000000,2
1353104,8592,Tochukwu Nnadi,2003-06-30T00:00:00.000Z,176,right,Nigeria,DM,CM,4500000,2
708435,8639,Gaëtan Perrin,1996-06-07T00:00:00.000Z,169,right,France,RW,"LW,ST",5000000,2
1581744,8521,Hamidou Makalou,2006-07-15T00:00:00.000Z,164,right,Mali,DM,,1000000,2
1832893,8121,Harouna Djibirin,2006-11-05T00:00:00.000Z,,,Cameroon,forward,,1500000,2
912342,9853,Julien Le Cardinal,1997-08-03T00:00:00.000Z,184,right,France,CB,,1800000,2
1254234,9825,Ethan Nwaneri,2007-03-21T00:00:00.000Z,176,left,England,CM,"RW,AM",,2
320672,6413,Younes Namli,1994-06-20T00:00:00.000Z,180,left,Denmark,RW,,,2
912286,9746,Lionel Mpasi-Nzau,1994-08-01T00:00:00.000Z,182,right,DR Congo,GK,,400000,2
1744576,8583,Telli Siwe,2004-12-14T00:00:00.000Z,,right,France,CB,,1000000,2
1276685,8583,Lasso Coulibaly,2002-10-19T00:00:00.000Z,176,right,Ivory Coast,midfielder,,800000,2
965666,6379,Tuomas Ollila,2000-04-25T00:00:00.000Z,173,left,Finland,LB,,400000,2
1473606,10000,Malick Mbaye,2004-04-06T00:00:00.000Z,183,right,Senegal,RW,,,2
1438316,10154,Mathieu Acapandié,2004-12-14T00:00:00.000Z,182,right,Madagascar,RB,,,2
1592417,8521,Luck Zogbé,2005-03-24T00:00:00.000Z,178,right,Ivory Coast,RB,,1200000,2
925345,9905,Hyun-Seok Hong,1999-06-16T00:00:00.000Z,177,left,South Korea,AM,"CM,RW,ST",,2
1739906,9748,Mathys de Carvalho,2005-05-01T00:00:00.000Z,,right,Portugal,DM,,3000000,2
773189,9831,Tanguy Ndombélé,1996-12-28T00:00:00.000Z,181,right,France,CM,AM,2500000,2
1276934,8639,Marius Broholm,2004-12-26T00:00:00.000Z,175,,Norway,RW,,5000000,2
564571,8689,Bingourou Kamara,1996-10-21T00:00:00.000Z,195,right,Senegal,GK,,600000,2
1607371,9829,Lucas Michal,2005-06-22T00:00:00.000Z,185,right,France,ST,,3500000,2
688830,8588,Amadou Haidara,1998-01-31T00:00:00.000Z,178,right,Mali,DM,,5000000,2
210400,8121,Abdoulaye Bamba,1990-04-25T00:00:00.000Z,182,right,Ivory Coast,CB,,0,2
841705,8639,Arnaud Bodart,1998-03-11T00:00:00.000Z,184,right,Belgium,GK,,1500000,2
1457823,8661,Justin Kalumba,2004-12-25T00:00:00.000Z,182,right,France,LW,,,2
418137,8472,Arthur Masuaku,1993-11-07T00:00:00.000Z,179,left,DR Congo,LB,"CB,LWB",,2
1783428,9830,Bahmed Deuff,2006-03-10T00:00:00.000Z,194,right,France,CM,,1200000,2
1089922,9837,Reda Khadra,2001-07-04T00:00:00.000Z,175,right,Germany,midfielder,,1200000,2
748381,9802,Joel Asoro,1999-04-27T00:00:00.000Z,175,right,Sweden,ST,,,2
1609234,8550,Morgan Bokele,2004-03-13T00:00:00.000Z,,right,France,RW,LW,900000,2
1177482,8121,Melvin Zinga,2002-03-16T00:00:00.000Z,187,left,Congo,GK,,300000,2
210120,9748,Rachid Ghezzal,1992-05-09T00:00:00.000Z,182,left,Algeria,forward,,600000,2
520979,8592,Ulisses Garcia,1996-01-11T00:00:00.000Z,182,left,Switzerland,LB,LWB,3000000,2
612212,8583,Assane Dioussé,1997-09-20T00:00:00.000Z,183,left,Senegal,midfielder,,500000,2
1611220,9941,Julián Vignolo,2006-12-07T00:00:00.000Z,185,right,Argentina,RW,,1500000,2
1685514,8588,Kyllian Antonio,2008-01-04T00:00:00.000Z,,right,France,CB,,3000000,2
271031,9830,Patrik Carlgren,1992-01-08T00:00:00.000Z,188,right,Sweden,GK,,400000,2
1664722,9826,Jaydee Canvot,2006-07-29T00:00:00.000Z,188,right,France,CB,RB,,2
1553510,2517,Mathys Silistrie,2005-09-16T00:00:00.000Z,188,,France,GK,,200000,2
1602252,8304,Renato Marin,2006-07-10T00:00:00.000Z,190,left,Italy,GK,,,2
1117069,10205,Georges Mikautadze,2000-10-31T00:00:00.000Z,175,right,Georgia,ST,,,2
1207581,8455,David Datro Fofana,2002-12-22T00:00:00.000Z,181,right,Ivory Coast,ST,,,2
1607778,8121,Oumar Pona,2006-06-21T00:00:00.000Z,189,right,France,GK,,200000,2
1366936,9829,Stanis Idumbo,2005-06-29T00:00:00.000Z,170,right,Belgium,AM,,4000000,2
1684579,8639,Soriba Diaoune,2007-08-14T00:00:00.000Z,,right,Guinea,forward,,4000000,2
1515220,10014,Amady Camara,2005-05-28T00:00:00.000Z,180,left,Mali,forward,,,2
1975804,9848,Yaya Dieme,2007-10-16T00:00:00.000Z,,,Senegal,ST,,300000,2
683476,6379,Mathieu Cafaro,1997-03-25T00:00:00.000Z,172,right,France,LW,,1500000,2
1729841,10252,Brian Madjo,2009-01-12T00:00:00.000Z,186,right,Luxembourg,ST,,,2
1440009,9831,Moïse Bombito,2000-03-30T00:00:00.000Z,191,right,Canada,CB,,7000000,2
1696775,465658,Everton,2007-04-12T00:00:00.000Z,,right,France,DM,,,2
1053675,8689,Formose Mendy,2001-01-02T00:00:00.000Z,191,right,Senegal,CB,,1500000,2
1161211,8406,Fabian Rieder,2002-02-16T00:00:00.000Z,179,left,Switzerland,AM,"DM,LWB,CM,RW",,2
1700518,9985,Bernard Nguene,2006-08-04T00:00:00.000Z,,right,Cameroon,forward,,,2
789509,8344,Gabriel Osho,1998-08-14T00:00:00.000Z,185,right,Nigeria,CB,,,2
1793704,9748,Rémi Himbert,2008-02-29T00:00:00.000Z,,,France,RW,ST,10000000,2
1011026,8121,Jim Allevinah,1995-02-27T00:00:00.000Z,172,right,Gabon,RW,LW,1000000,2
1327518,7844,Lohann Doucet,2002-09-14T00:00:00.000Z,180,right,Burkina Faso,DM,,,2
1412956,9829,Paris Brunner,2006-02-15T00:00:00.000Z,185,right,Germany,ST,,1500000,2
248453,9829,Paul Pogba,1993-03-15T00:00:00.000Z,191,both,France,midfielder,,2500000,2
1532261,8600,Idrissa Gueye,2006-09-16T00:00:00.000Z,185,right,Senegal,ST,,,2
1079539,10203,Dilane Bakwa,2002-08-26T00:00:00.000Z,180,right,France,RW,"LM,AM",,2
1667649,9746,Daren Mosengo,2006-08-11T00:00:00.000Z,,right,France,midfielder,,300000,2
1667650,9746,Noam Jacquet,2006-03-15T00:00:00.000Z,,right,France,forward,,1000000,2
1438611,10179,Fodé Sylla,2006-04-16T00:00:00.000Z,189,right,France,CM,DM,,2
1573544,8121,Anthony Bermont,2005-02-10T00:00:00.000Z,,right,France,LW,,1000000,2
1668294,8689,Gabin Bernardeau,2006-01-24T00:00:00.000Z,,left,France,RW,,1200000,2
364855,9830,Uros Radakovic,1994-03-31T00:00:00.000Z,194,right,Serbia,CB,,400000,2
1388070,10269,Badredine Bouanani,2004-12-08T00:00:00.000Z,177,left,Algeria,RW,AM,,2
1804654,9851,Nordan Mukiele,2006-02-12T00:00:00.000Z,,right,France,forward,,1000000,2
1697247,685223,Amadou Cissé,2006-02-27T00:00:00.000Z,,right,Guinea,defender,,,2
352879,8564,Adrien Rabiot,1995-04-03T00:00:00.000Z,191,left,France,CM,DM,,2
1842657,9831,Brad-Hamilton Mantsounga,2007-09-06T00:00:00.000Z,,,Congo,CB,LB,2500000,2
1254297,8636,Andy Diouf,2003-05-17T00:00:00.000Z,181,left,France,CM,RM,,2
186811,8588,Mathieu Gorgelin,1990-08-05T00:00:00.000Z,187,left,France,keeper,,200000,2
1487859,9746,Paul Argney,2006-05-23T00:00:00.000Z,186,right,France,GK,,200000,2
1928651,8550,Jahyann Pandore,2007-11-25T00:00:00.000Z,,right,France,midfielder,,200000,2
150021,9848,Karl-Johan Johnsson,1990-01-28T00:00:00.000Z,187,right,Sweden,GK,,200000,2
690119,6379,Pierre-Yves Hamel,1994-02-03T00:00:00.000Z,183,right,France,forward,,300000,2
1791739,585094,Pape Cabral,2007-01-20T00:00:00.000Z,,right,France,CM,,,2
1922172,9748,Steeve Kango,2006-12-09T00:00:00.000Z,,,France,RB,,1000000,2
1057703,9831,Youssouf Ndayishimiye,1998-10-27T00:00:00.000Z,183,right,Burundi,midfielder,,7000000,2
1641041,7943,Darryl Bakola,2007-11-30T00:00:00.000Z,178,right,France,midfielder,,,2
1685496,9830,Sékou Doucouré,2005-04-26T00:00:00.000Z,,right,France,defender,,150000,2
281020,1112866,Nouha Dicko,1992-05-14T00:00:00.000Z,173,right,Mali,ST,,,2
1359613,9848,Abakar Sylla,2002-12-25T00:00:00.000Z,188,left,Ivory Coast,defender,,2500000,2
1327298,8721,Saël Kumbedi,2005-03-26T00:00:00.000Z,175,right,France,RB,"RWB,RM,AM",,2
987142,8643,Christopher Wooh,2001-09-18T00:00:00.000Z,191,right,Cameroon,CB,,,2
1113694,9857,Jonathan Rowe,2003-04-30T00:00:00.000Z,173,left,England,LW,RW,,2
1830648,394203,Dimitri Lucea,2007-01-20T00:00:00.000Z,,,France,CB,,,2
604783,9851,Glen Kamara,1995-10-28T00:00:00.000Z,181,right,Finland,CM,,2000000,2
1966243,685223,Idrissa Sabaly,2007-11-23T00:00:00.000Z,,,France,midfielder,,,2
847629,8592,Derek Cornelius,1997-11-25T00:00:00.000Z,187,left,Canada,CB,,2500000,2
1900030,9848,Tyrese Noubissie,2009-05-13T00:00:00.000Z,,left,France,midfielder,,1000000,2
1526224,8639,Ousmane Touré,2005-02-18T00:00:00.000Z,187,right,France,defender,,500000,2
1609064,9848,Rabby Nzingoula,2005-11-25T00:00:00.000Z,183,right,France,CM,"RM,AM",2000000,2
1843478,8592,Ange Lago,2004-12-27T00:00:00.000Z,,right,Ivory Coast,forward,,100000,2
1858591,9851,Elías Legendre,2008-04-22T00:00:00.000Z,179,,Ecuador,forward,,1500000,2
1814264,583382,Tadjidine Mmadi,2007-03-03T00:00:00.000Z,,both,France,LW,,,2
1640985,9851,Yassir Zabiri,2005-02-23T00:00:00.000Z,182,left,Morocco,ST,,9000000,2
1815791,585094,Ilane Touré,2006-08-04T00:00:00.000Z,180,right,France,DM,"RB,RW",,2
1793784,8639,Maxima Goffi,2008-01-23T00:00:00.000Z,,,France,CB,,1000000,2
354477,7826,Julien Lopez,1992-03-01T00:00:00.000Z,173,right,Spain,AM,,,2
1387741,9931,Ibrahim Salah,2001-08-30T00:00:00.000Z,186,right,Morocco,RW,"RM,LW",,2
1487966,8121,Dan Sinaté,2006-06-09T00:00:00.000Z,,left,France,defender,,150000,2
1393439,8178,Eliesse Ben Seghir,2005-02-16T00:00:00.000Z,178,right,Morocco,AM,"LM,LW",,2
760747,6433,Kjetil Haug,1998-06-12T00:00:00.000Z,187,right,Norway,GK,,,2
1797449,8550,Cleo Mélières,2005-04-13T00:00:00.000Z,,right,France,defender,,200000,2
1338390,9748,Ernest Nuamah,2003-11-01T00:00:00.000Z,178,left,Ghana,forward,,10000000,2
664226,9773,Pablo Rosario,1997-01-07T00:00:00.000Z,188,right,Dominican Republic,CM,"RB,CB",,2
1180547,8689,Souleymane Touré,2003-03-28T00:00:00.000Z,206,right,France,defender,,1200000,2
1751857,9941,Ilyas Azizi,2008-04-13T00:00:00.000Z,,right,France,forward,,250000,2
769335,9876,Pol Lirola,1997-08-13T00:00:00.000Z,175,right,Spain,RM,,,2
1755824,10012,Ismaël Guerti,2004-07-30T00:00:00.000Z,,right,Morocco,midfielder,,,2
1853988,9748,Adil Hamdani,2009-01-21T00:00:00.000Z,,,France,midfielder,,1000000,2
1335154,10080,Damián Pizarro,2005-03-28T00:00:00.000Z,187,right,Chile,ST,,,2
1692895,8583,Ryan Rodin,2006-02-03T00:00:00.000Z,,right,France,forward,,300000,2
1640211,4170,Vincent Burlet,2005-09-23T00:00:00.000Z,180,,Belgium,LW,"LB,LM",800000,2
1494947,8455,Aaron Anselmino,2005-04-29T00:00:00.000Z,186,right,Argentina,CB,,,2
1698484,8592,Nouhoum Kamissoko,2004-12-27T00:00:00.000Z,,right,Mali,midfielder,,200000,2
1668289,8521,Justin Bourgault,2005-09-14T00:00:00.000Z,185,left,France,LB,LWB,1000000,2
1820043,394202,Ugo El Kadmiri,2007-07-25T00:00:00.000Z,,,Sweden,ST,,,2
1814611,8688,Pierre Mounguengue,2008-01-03T00:00:00.000Z,182,right,France,ST,,,2
1763598,9831,Djibril Coulibaly,2008-11-18T00:00:00.000Z,,right,France,DM,,1000000,2
1980586,8588,Mezian Soares,2009-08-11T00:00:00.000Z,,,France,midfielder,,500000,2
1289641,8521,Axel Camblan,2003-08-30T00:00:00.000Z,174,right,France,RW,ST,600000,2
1676711,9805,Saliou Diop,2005-05-12T00:00:00.000Z,187,right,Senegal,forward,,,2
1819218,1634,Mathis Jangéal,2008-06-24T00:00:00.000Z,,,France,CM,,,2
1366618,9831,Zoumana Diallo,2005-02-02T00:00:00.000Z,,right,France,ST,,800000,2
942893,8583,Thelonius Bair,1999-08-27T00:00:00.000Z,193,right,Canada,ST,,1500000,2
1647188,9748,Enzo Molébé,2007-09-18T00:00:00.000Z,,right,France,LW,,800000,2
1669616,8521,Ibrahim Kanté,2007-03-18T00:00:00.000Z,,right,France,forward,,50000,2
1882686,213373,Daniel Semedo,2003-10-25T00:00:00.000Z,,,Portugal,midfielder,,,2
1813437,8583,Tidiane Devernois,2007-10-18T00:00:00.000Z,,right,France,midfielder,,300000,2
1664718,9941,Mathis Saka,2006-09-20T00:00:00.000Z,172,right,France,CM,,500000,2
1518451,9851,Mikayil Faye,2004-07-14T00:00:00.000Z,186,left,Senegal,defender,,4500000,2
361770,6001,André Gomes,1993-07-30T00:00:00.000Z,188,right,Portugal,CM,DM,,2
1830685,394203,Noah Nsoki,2007-02-20T00:00:00.000Z,,,France,RW,LW,,2
1744188,9748,Noham Kamara,2007-01-22T00:00:00.000Z,185,right,France,CB,,3000000,2
1642840,8588,Erawan Garnier,2006-01-05T00:00:00.000Z,,right,Thailand,midfielder,,200000,2
1390045,6004,Joseph Nduquidi,2004-10-31T00:00:00.000Z,187,right,Angola,CM,"RB,DM",,2
1841201,213375,Lucas Rosier,2007-03-12T00:00:00.000Z,,left,France,forward,,,2
1707955,213375,Henrick Do Marcolino,2006-03-21T00:00:00.000Z,,right,France,forward,,,2
1958964,8121,Bane Diatta,2008-06-27T00:00:00.000Z,,,France,midfielder,,0,2
1863770,8583,Mamoudou Cissokho,2007-12-20T00:00:00.000Z,,right,France,forward,,200000,2
1282765,1933,Bertug Yildirim,2002-07-12T00:00:00.000Z,186,right,Turkiye,ST,,,2
1335102,8639,Ugo Raghouber,2003-07-13T00:00:00.000Z,180,left,France,DM,,3000000,2
1827754,8592,Hilan Hamzaoui Slimani,2006-02-15T00:00:00.000Z,,,France,defender,,50000,2
961770,8682,Billal Brahimi,2000-03-14T00:00:00.000Z,183,both,Algeria,forward,,1000000,2
1800495,9746,Georges Gomis,2008-01-01T00:00:00.000Z,,,Senegal,defender,,100000,2
1796096,9831,Hamza Koutoune,2006-09-17T00:00:00.000Z,177,right,Morocco,RM,,150000,2
1813118,213373,Martin Bley,2006-01-23T00:00:00.000Z,,,Burkina Faso,midfielder,,,2
1873054,9848,Jean-Baptiste Bosey,2008-02-15T00:00:00.000Z,,right,France,forward,,0,2
391064,8302,Neal Maupay,1996-08-14T00:00:00.000Z,171,right,France,ST,,,2
1692036,585094,Samuel Nibombé,2007-08-15T00:00:00.000Z,198,right,Belgium,midfielder,,,2
1623827,583301,Mohamed Dao,2007-02-02T00:00:00.000Z,,,France,forward,,,2
1841152,8583,Yvan Zaddy,2006-05-01T00:00:00.000Z,,,Ivory Coast,forward,,0,2
700670,4120,Quentin Braat,1997-07-06T00:00:00.000Z,195,right,France,GK,,1200000,2
1438300,4120,Raphaël Lipinski,2002-07-30T00:00:00.000Z,181,left,France,CB,,1500000,2
1438570,10261,Ewen Jaouen,2005-12-29T00:00:00.000Z,197,right,France,GK,,,2
713924,9837,Sergio Akieme,1997-12-16T00:00:00.000Z,175,left,Equatorial Guinea,LB,LWB,4000000,2
120917,293352,Ahmed Kashi,1988-11-18T00:00:00.000Z,178,right,Algeria,CM,DM,100000,2
1387323,6390,Dylan Durivaux,2001-06-18T00:00:00.000Z,175,right,France,CB,,1500000,2
156664,7853,Mamadou Samassa,1990-02-16T00:00:00.000Z,197,right,Mali,GK,,150000,2
1210664,4120,Mathis Magnin,2001-09-24T00:00:00.000Z,190,right,Switzerland,CB,,1500000,2
560900,10249,Alexandre Mendy,1994-03-20T00:00:00.000Z,184,right,Guinea-Bissau,ST,,900000,2
770271,9853,Mickaël Nadé,1999-03-04T00:00:00.000Z,186,left,France,CB,,3000000,2
465719,10242,Adrien Monfray,1990-12-20T00:00:00.000Z,185,right,France,CB,,200000,2
1332540,8581,Enzo Bardeli,2001-04-11T00:00:00.000Z,173,right,France,AM,,,2
1342983,10242,Antoine Mille,1997-08-14T00:00:00.000Z,181,left,France,AM,"DM,CM",2500000,2
663034,8311,Theo Guivarch,1995-11-17T00:00:00.000Z,195,right,France,GK,,500000,2
1079558,7853,Sam Sanna,1999-03-08T00:00:00.000Z,186,right,France,CM,"LB,RWB,DM,RW",800000,2
1610106,6355,Joseph Kalulu,2004-11-29T00:00:00.000Z,,right,France,LB,"CB,LWB,LM",2000000,2
749549,6390,Gaëtan Poussin,1999-01-13T00:00:00.000Z,184,right,France,GK,,1200000,2
807955,8682,Louis Mafouta,1994-07-02T00:00:00.000Z,181,right,Central African Rep.,ST,,1000000,2
561204,9747,Dylan Louiserre,1995-02-02T00:00:00.000Z,172,right,France,CM,DM,900000,2
722531,8682,Nicolas Kocik,1998-08-04T00:00:00.000Z,,right,France,GK,,1500000,2
660565,8682,Samuel Yohou,1991-08-06T00:00:00.000Z,190,right,France,CB,,200000,2
1603757,2166,Siaka Bakayoko,2005-05-26T00:00:00.000Z,,left,France,CB,,,2
1321149,10242,Mouhamed Diop,2000-09-30T00:00:00.000Z,182,right,Senegal,DM,CM,4000000,2
420866,8481,Enzo Basilio,1994-10-03T00:00:00.000Z,187,right,Italy,GK,,500000,2
673050,9853,Gautier Larsonneur,1997-02-23T00:00:00.000Z,181,right,France,GK,,3000000,2
1387237,8583,Mamadou Diop,2000-01-03T00:00:00.000Z,204,left,Mauritania,GK,,1500000,2
1523344,293352,Julien Kouadio,1999-09-22T00:00:00.000Z,175,right,France,CB,LB,1000000,2
1079544,10249,Simon Ngapandouetnbu,2003-04-12T00:00:00.000Z,187,right,Cameroon,GK,,2500000,2
917831,4170,Julien Boyer,1998-04-10T00:00:00.000Z,176,,France,LB,"CB,LWB",600000,2
466499,4170,Demba Thiam,1989-12-02T00:00:00.000Z,179,left,France,RB,"CB,RWB",100000,2
688285,8689,Alec Georgen,1998-09-17T00:00:00.000Z,172,right,France,RB,"LB,DM",1500000,2
562994,293352,Florian Escales,1996-02-03T00:00:00.000Z,182,right,France,GK,,500000,2
1791942,4170,Nolan Binet,2004-03-21T00:00:00.000Z,,,France,CM,"DM,AM",1200000,2
593612,8311,Yoann Salmier,1992-11-21T00:00:00.000Z,188,right,France,CB,,600000,2
491907,9855,Gaëtan Paquiez,1994-02-15T00:00:00.000Z,182,right,France,CB,RB,350000,2
934870,293352,Clément Billemaz,1998-09-22T00:00:00.000Z,175,left,France,LM,"LWB,CM,AM,LW",1000000,2
1666481,47214,Anto Sekongo,2004-06-13T00:00:00.000Z,178,,Ivory Coast,AM,RW,4000000,2
1523325,6390,Ryad Hachem,1998-05-26T00:00:00.000Z,173,left,France,AM,"CB,DM,CM",1000000,2
1003255,4120,Evans Jean-Lambert,1998-12-17T00:00:00.000Z,180,left,France,LWB,CB,1000000,2
604349,10249,Julien Laporte,1993-11-04T00:00:00.000Z,185,right,France,CB,,800000,2
1669437,6355,Rayan Touzghar,2003-10-27T00:00:00.000Z,182,left,Morocco,CM,AM,1800000,2
1473605,4120,Nolan Galves,2003-07-23T00:00:00.000Z,180,right,France,RWB,,1800000,2
560940,9855,Jessy Benet,1995-06-24T00:00:00.000Z,186,right,France,CM,"DM,AM",1000000,2
1211610,9853,Augustine Boakye,2000-11-03T00:00:00.000Z,173,left,Ghana,RW,"DM,CM,AM,LW,ST",6000000,2
1520544,8481,Walid Bouabdeli,2000-08-02T00:00:00.000Z,182,,France,RW,"RM,CM,AM,ST",700000,2
1179026,6390,Damien Durand,1995-09-16T00:00:00.000Z,173,right,France,ST,"LM,LW",800000,2
1324082,9790,Martin Adeline,2003-12-02T00:00:00.000Z,180,right,France,AM,"CM,ST",,2
492128,7853,Cyril Mandouki,1991-08-21T00:00:00.000Z,180,right,Martinique,CM,"CB,DM",150000,2
1073858,8222,Nathan Zohoré,2000-11-17T00:00:00.000Z,,left,France,CB,,,2
619289,47214,Thomas Robinet,1996-08-18T00:00:00.000Z,180,right,France,ST,,800000,2
1190059,9837,Théo Leoni,2000-04-21T00:00:00.000Z,174,left,Belgium,DM,"CM,AM",4000000,2
882978,9747,Nelson Sissoko,1997-03-07T00:00:00.000Z,178,right,Mali,RB,CB,1200000,2
1387200,8587,Ibrahim Fofana,2003-10-02T00:00:00.000Z,178,right,Ivory Coast,CM,DM,3000000,2
1234653,10004,Taïryk Arconte,2003-11-12T00:00:00.000Z,181,right,Guadeloupe,ST,,,2
1559202,2166,Zakaria Ariss,2004-06-17T00:00:00.000Z,178,left,France,LB,"CB,LWB,LW",,2
866713,7853,William Bianda,2000-04-30T00:00:00.000Z,185,left,France,CB,,700000,2
1529032,4120,Jordan Correia,2004-03-07T00:00:00.000Z,,right,Cape Verde,CM,,2000000,2
1217044,9855,Loris Mouyokolo,2001-05-22T00:00:00.000Z,194,right,France,CB,,1200000,2
1002031,7794,Félix Tomi,2000-08-31T00:00:00.000Z,181,right,France,ST,"RW,AM,LW",600000,2
766586,8550,Jean Ruiz,1998-04-06T00:00:00.000Z,185,right,France,CB,,1200000,2
887704,9837,Keito Nakamura,2000-07-28T00:00:00.000Z,180,right,Japan,LW,"LWB,LM,ST",10000000,2
913560,9747,Donatien Gomis,1994-11-07T00:00:00.000Z,188,right,France,CB,,600000,2
1332850,10249,Enzo Tchato,2002-11-23T00:00:00.000Z,182,right,Cameroon,RB,RWB,2500000,2
1255850,9855,Matthéo Xantippe,2002-04-11T00:00:00.000Z,183,left,France,LWB,"LB,CM",1200000,2
1273752,8481,Nehemiah Fernandez,2004-12-11T00:00:00.000Z,184,right,France,CB,,1000000,2
1412700,1218969,Siad Gourville,2000-05-25T00:00:00.000Z,184,right,France,CB,"RB,LB",,2
1610103,10249,Nicolas Pays,2003-07-07T00:00:00.000Z,,left,France,RW,RM,2000000,2
1167473,7853,Mamadou Camara,2001-02-07T00:00:00.000Z,184,right,Mali,ST,"RM,LW",1200000,2
1317318,8682,Lucas Calodat,2002-02-06T00:00:00.000Z,171,left,France,LWB,"LM,LW",2500000,2
1579220,6355,Tom Pouilly,2003-06-18T00:00:00.000Z,,right,France,RB,"CB,RWB,RM",1200000,2
1559204,293352,Axel Drouhin,2000-03-18T00:00:00.000Z,187,right,France,CB,,1200000,2
1398377,9853,Lucas Stassin,2004-11-29T00:00:00.000Z,183,right,Belgium,ST,,15000000,2
1442496,10252,Triston Rowe,2006-10-02T00:00:00.000Z,183,right,England,RB,"CB,RWB,RM,RW",,2
842424,6390,Bradley Danger,1998-01-29T00:00:00.000Z,183,right,France,CB,CM,800000,2
1643776,9837,Abdoul Koné,2005-04-22T00:00:00.000Z,192,right,France,CB,,15000000,2
1487879,9941,Mathys Niflore,2007-03-02T00:00:00.000Z,,right,France,GK,,2500000,2
1177359,10242,Ismaël Boura,2000-08-14T00:00:00.000Z,173,left,Comoros,LB,CB,4000000,2
561868,6390,Pierre Lemonnier,1993-07-06T00:00:00.000Z,182,right,France,CB,,300000,2
1397981,8481,Zakaria Fdaouch,1997-03-11T00:00:00.000Z,171,,France,LM,"AM,LW",600000,2
1670190,10249,Théo Chennahi,2005-02-06T00:00:00.000Z,,right,France,DM,AM,2500000,2
210443,9746,Vincent Sasso,1991-02-16T00:00:00.000Z,190,right,France,CB,,150000,2
1317338,9855,Yadaly Diaby,2000-08-09T00:00:00.000Z,184,right,Guinea,ST,"LM,LW",1200000,2
980424,8587,Kylian Kaiboué,1998-08-20T00:00:00.000Z,179,right,France,CB,"DM,CM",800000,2
1632348,8311,Ivan M'Bahia,2005-04-19T00:00:00.000Z,,right,Ivory Coast,CB,,2500000,2
1668236,8587,Teddy Averlant,1999-10-02T00:00:00.000Z,180,right,Gabon,RM,"RWB,LM,RW,ST",800000,2
795285,9837,Antoine Léautey,1996-04-14T00:00:00.000Z,172,left,France,LM,"RB,RWB,LWB,RM,RW,LW",800000,2
1049799,8406,Nathanaël Mbuku,2002-03-16T00:00:00.000Z,170,left,DR Congo,LW,"RM,LM,RW,AM",,2
913394,4170,Amine El Farissi,1998-11-18T00:00:00.000Z,,right,France,RW,"LM,LW,ST",600000,2
1441955,6355,Giovani Versini,2004-03-18T00:00:00.000Z,167,,France,ST,"RM,RW",5000000,2
874319,8682,Lucas Buadés,1997-12-28T00:00:00.000Z,181,right,France,RWB,"AM,LW",1500000,2
1244809,7853,Teddy Bouriaud,1997-01-03T00:00:00.000Z,175,left,France,CM,"DM,AM",500000,2
966146,9853,Zuriko Davitashvili,2001-02-15T00:00:00.000Z,175,right,Georgia,LW,"AM,RW",12000000,2
1020807,7794,Tom Ducrocq,1999-08-25T00:00:00.000Z,176,right,France,DM,CM,800000,2
1399999,8689,Dembo Sylla,2002-11-10T00:00:00.000Z,175,right,Guinea,RW,"RB,RWB,RM",1500000,2
864840,866109,Maxence Carlier,1997-03-15T00:00:00.000Z,186,right,France,DM,"CB,CM",,2
1586536,8311,Abdellah Baallal,2004-11-07T00:00:00.000Z,,right,Morocco,CM,"DM,AM",1800000,2
1645514,8587,Amine Chabane,2006-08-15T00:00:00.000Z,,right,France,RB,CB,2000000,2
1074657,6355,Daylam Meddah,2002-10-06T00:00:00.000Z,,right,France,CB,"RB,DM",1500000,2
1420942,8682,Théo Eyoum,2002-01-07T00:00:00.000Z,,,France,CB,,900000,2
103468,7794,Johny Placide,1988-01-29T00:00:00.000Z,181,right,Haiti,GK,,150000,2
820734,6355,Steeve Beusnard,1992-06-27T00:00:00.000Z,170,left,France,CM,DM,250000,2
987139,8194,Giovanni Haag,2000-05-30T00:00:00.000Z,187,right,France,DM,CM,,2
957440,584663,Peter Ouaneh,1998-04-04T00:00:00.000Z,184,right,France,CB,,,2
1740657,8311,Ibrahim Coulibaly,2005-12-07T00:00:00.000Z,,right,France,RB,"CB,LB,RWB",1000000,2
1679978,47214,Aristide Zossou,2005-06-14T00:00:00.000Z,,both,Ivory Coast,LW,RW,2500000,2
560896,10242,Hillel Konaté,1994-12-28T00:00:00.000Z,182,right,Burkina Faso,GK,,400000,2
1078287,9855,Clément Vidal,2000-06-18T00:00:00.000Z,181,right,France,CB,,1000000,2
815353,9747,Abdel Hakim Abdallah,1997-08-18T00:00:00.000Z,170,left,Comoros,LB,LWB,600000,2
1668201,4120,Clément Jolibois,1997-09-03T00:00:00.000Z,192,,France,CB,,400000,2
769931,9853,Irvin Cardona,1997-08-08T00:00:00.000Z,180,right,Malta,RW,ST,2500000,2
1523321,10242,Merwan Ifnaou,1998-10-22T00:00:00.000Z,180,left,France,RW,RM,2500000,2
319305,9853,Florian Tardieu,1992-04-22T00:00:00.000Z,184,right,France,CM,"DM,AM",400000,2
1230595,7853,Malik Sellouki,2000-03-21T00:00:00.000Z,177,right,France,RM,"CM,LM,RW,AM,ST",900000,2
1709473,9829,Mathys Detourbet,2007-04-29T00:00:00.000Z,,,France,LW,"LM,RW",15000000,2
640291,293352,Francois Lajugie,1996-01-31T00:00:00.000Z,190,right,France,CB,,400000,2
1610383,1841,Juan Guevara,2001-06-27T00:00:00.000Z,180,right,Colombia,CB,,,2
972117,9747,Kalidou Sidibé,1999-01-28T00:00:00.000Z,199,right,Mali,CM,AM,2000000,2
949647,9931,Becir Omeragic,2002-01-20T00:00:00.000Z,187,right,Switzerland,CB,"DM,CM",,2
1419962,6390,Kémo Cissé,1996-12-15T00:00:00.000Z,172,right,France,LW,"RWB,LWB,LM",500000,2
1436306,320835,Tawfik Bentayeb,2002-01-14T00:00:00.000Z,,left,Morocco,ST,RW,,2
956661,8682,Edwin Quarshie,1995-10-20T00:00:00.000Z,179,,Ghana,CM,"DM,AM",500000,2
1389988,9780,Noah Raveyre,2005-06-22T00:00:00.000Z,,right,France,GK,,,2
288319,9747,Adrián Ortolá,1993-08-20T00:00:00.000Z,182,left,Spain,GK,,300000,2
880618,10249,Théo Sainte-Luce,1998-10-20T00:00:00.000Z,181,left,France,LB,CB,1000000,2
1039807,8682,Alexandre Lauray,1997-03-18T00:00:00.000Z,175,,France,CM,DM,600000,2
725256,8682,Dame Guèye,1995-08-12T00:00:00.000Z,,,Senegal,ST,,600000,2
260563,8587,Thomas Monconduit,1991-02-10T00:00:00.000Z,178,right,France,CM,"CB,DM",150000,2
290996,8481,Nicolas Saint-Ruf,1992-10-24T00:00:00.000Z,187,right,Guadeloupe,CB,,200000,2
1019589,7794,Amine Boutrah,2000-10-26T00:00:00.000Z,173,right,France,LW,"CM,LM,ST",1200000,2
1642084,10188,Ilhan Fakili,2006-01-20T00:00:00.000Z,176,right,Turkiye,LW,"LM,RW",,2
1282665,4120,Ibrahima Baldé,2003-01-17T00:00:00.000Z,185,right,France,ST,,2000000,2
1072860,1218969,Shaquil Delos,1999-06-16T00:00:00.000Z,183,both,France,RWB,"RB,CB,ST",,2
1123541,4170,Joffrey Bultel,2000-03-14T00:00:00.000Z,184,,France,CM,"DM,AM",400000,2
1180279,7853,Aboubacar Lô,2000-01-02T00:00:00.000Z,183,right,Senegal,CB,,700000,2
1226622,4170,Adrien Pinot,2001-05-06T00:00:00.000Z,194,,France,CB,,500000,2
1791800,293352,Paul Venot,2001-10-07T00:00:00.000Z,,,France,CM,DM,600000,2
1311670,8682,Harold Voyer,1997-03-26T00:00:00.000Z,182,left,France,CB,,700000,2
1019588,7794,Anthony Roncaglia,2000-08-30T00:00:00.000Z,180,right,France,CB,,500000,2
1257745,9853,Benjamin Old,2002-08-13T00:00:00.000Z,173,left,New Zealand,LB,"LM,LW",1800000,2
1524075,293352,Thibault Delphis,2002-10-05T00:00:00.000Z,183,right,France,CB,"LB,RM",600000,2
1668300,8481,Elydjah Mendy,2000-03-14T00:00:00.000Z,193,left,France,CB,,800000,2
1330942,10242,Lucas Maronnier,2000-03-09T00:00:00.000Z,172,right,France,RB,,800000,2
1309372,9837,Mory Gbane,2000-12-25T00:00:00.000Z,188,right,Ivory Coast,DM,CM,4000000,2
473851,7794,Joachim Eickmayer,1993-01-11T00:00:00.000Z,178,right,France,CM,"DM,AM",200000,2
605107,47214,Opa Sanganté,1991-02-01T00:00:00.000Z,188,left,Guinea-Bissau,CB,,200000,2
952259,9837,Maxime Busi,1999-10-14T00:00:00.000Z,182,right,Belgium,RB,RWB,1500000,2
1120443,7853,Thibaut Vargas,2000-05-22T00:00:00.000Z,175,both,France,RWB,"RB,AM",800000,2
1669907,47214,Victor Mayela,2004-04-22T00:00:00.000Z,187,,France,CB,LB,2000000,2
1274116,9747,Albin Demouchy,2002-05-31T00:00:00.000Z,178,right,France,CB,,600000,2
1053677,2095,Amadou Sagna,1999-06-10T00:00:00.000Z,172,right,Senegal,RM,,,2
1239681,4170,Noah Fatar,2002-02-15T00:00:00.000Z,170,left,France,LW,"RM,RW,ST",600000,2
542775,6355,Anthony Briançon,1994-11-28T00:00:00.000Z,174,right,France,CB,,350000,2
1276328,9855,Nesta Zahui,2003-03-05T00:00:00.000Z,,right,France,RM,"RWB,ST",700000,2
1523246,7794,Tom Meynadier,2000-01-27T00:00:00.000Z,176,right,France,RWB,"RB,AM",500000,2
717270,8682,Antoine Rabillard,1995-09-22T00:00:00.000Z,175,right,France,ST,,600000,2
625581,7794,Florian Bohnert,1997-11-09T00:00:00.000Z,183,right,Luxembourg,LB,"RB,RWB,LWB,LM",400000,2
119434,8311,Johan Gastien,1988-01-25T00:00:00.000Z,179,right,France,DM,CM,0,2
314437,10249,Christopher Jullien,1993-03-22T00:00:00.000Z,195,right,Guadeloupe,CB,,600000,2
1400764,6390,Jovany Ikanga A Ngele,2002-03-24T00:00:00.000Z,181,right,France,ST,,1200000,2
1359270,8682,Milan Robin,1999-11-24T00:00:00.000Z,186,right,France,CM,"RW,AM",1000000,2
1709839,6379,Patrick Zabi,2006-09-24T00:00:00.000Z,191,right,Ivory Coast,DM,"CM,AM",20000000,2
1177376,4120,Samy Benchamma,2000-06-25T00:00:00.000Z,185,right,France,CM,,600000,2
1508706,9984,Geoffrey Kondo,2002-05-02T00:00:00.000Z,180,left,France,CB,LB,,2
1529945,10249,Everson Junior,2003-11-07T00:00:00.000Z,178,right,France,DM,CM,1200000,2
1074752,293352,Thibault Rambaud,1997-04-19T00:00:00.000Z,,right,France,ST,RW,500000,2
913198,7794,Dominique Guidi,1996-02-06T00:00:00.000Z,177,right,France,CB,,350000,2
1584084,9837,Ange Martial Tia,2006-11-20T00:00:00.000Z,178,right,Mali,AM,"DM,RW,ST",7000000,2
1078251,238687,Titouan Thomas,2002-01-12T00:00:00.000Z,183,right,France,CM,DM,600000,2
1173790,4120,Kenny Nagera,2002-02-21T00:00:00.000Z,177,right,France,ST,,600000,2
492129,8582,Malik Tchokounté,1988-09-11T00:00:00.000Z,186,right,France,ST,,100000,2
1578104,7794,Jérémy Sebas,2003-04-14T00:00:00.000Z,187,right,France,ST,"RW,LW",500000,2
1616868,8481,Enzo Tacafred,2005-04-08T00:00:00.000Z,185,,France,RB,"RWB,RM",1500000,2
816982,4170,Sonny Duflos,1995-06-08T00:00:00.000Z,176,,France,AM,CM,250000,2
1050005,9855,Stone Muzalimoja Mambo,1999-03-25T00:00:00.000Z,183,left,France,CB,,500000,2
1393660,8559,Kyliane Dong,2004-09-27T00:00:00.000Z,178,right,France,ST,"CM,LM,LW",,2
568543,1123073,Théo Valls,1995-12-18T00:00:00.000Z,179,left,France,CM,,,2
820104,293352,Antoine Larose,1993-01-28T00:00:00.000Z,180,left,France,RW,AM,250000,2
1669649,9853,Kévin Pedro,2006-02-21T00:00:00.000Z,,right,France,RB,CB,7000000,2
1668298,4120,Octave Joly,2002-09-16T00:00:00.000Z,,,France,CM,,600000,2
1514681,9747,Sohaib Nair,2002-04-23T00:00:00.000Z,183,right,Algeria,CB,,2000000,2
1541976,357259,Omar Sadik,2004-03-22T00:00:00.000Z,185,left,Morocco,ST,LW,,2
1536974,9848,Pape Diong,2006-06-15T00:00:00.000Z,193,right,Senegal,DM,,2500000,2
1072905,6390,Matthieu Huard,1998-05-09T00:00:00.000Z,,left,France,CB,LWB,500000,2
1603720,4170,Aurélien Platret,2003-02-20T00:00:00.000Z,,right,France,RM,"RWB,CM,RW",500000,2
591531,6355,Antonin Bobichon,1995-09-14T00:00:00.000Z,170,right,France,ST,"CM,AM",400000,2
987134,47214,Allan Linguet,1999-08-17T00:00:00.000Z,176,right,France,RB,,600000,2
1438609,8682,Erwan Colas,1997-04-22T00:00:00.000Z,,,France,ST,,600000,2
1680590,585026,Isaac Cossier,2006-11-30T00:00:00.000Z,186,right,France,CB,,,2
1135808,9853,Mahmoud Jaber,1999-10-05T00:00:00.000Z,182,right,Israel,CM,DM,1800000,2
481044,6390,Saîf-Eddine Khaoui,1995-04-27T00:00:00.000Z,180,right,Tunisia,AM,,600000,2
1543415,8150,Hiroki Sekine,2002-08-11T00:00:00.000Z,187,right,Japan,RB,CB,,2
1367955,7794,Jocelyn Janneh,2002-12-06T00:00:00.000Z,184,right,Guinea,DM,CM,800000,2
1487935,10242,Yvann Titi,2006-05-05T00:00:00.000Z,,right,France,RB,,2500000,2
957442,8481,Adrien Julloux,1996-10-05T00:00:00.000Z,,,France,CB,"RB,RWB",250000,2
1643774,10249,Yaël Mouanga,2005-07-23T00:00:00.000Z,,right,France,CB,"DM,CM",2000000,2
586199,9747,Erwin Koffi,1995-01-10T00:00:00.000Z,179,right,France,RB,RM,400000,2
1185205,4120,Wilitty Younoussa,2001-09-09T00:00:00.000Z,174,right,Cameroon,CM,,900000,2
1514624,8587,Rayan Lutin,2003-01-16T00:00:00.000Z,170,left,Comoros,RM,"LW,ST",800000,2
1242562,8481,Brandon Bokangu,1999-12-10T00:00:00.000Z,,,France,ST,,500000,2
1124453,9853,Aïmen Moueffek,2001-04-09T00:00:00.000Z,179,right,France,CM,"DM,AM",2000000,2
1603751,9931,Coleen Louis,2005-06-30T00:00:00.000Z,,right,France,LB,LWB,,2
1123648,7794,Gustave Akueson,1995-12-20T00:00:00.000Z,190,right,Togo,CB,,350000,2
1632788,9851,Rayan Bamba,2004-05-14T00:00:00.000Z,,right,France,RM,"RWB,AM",1000000,2
1097376,4170,Corentin Fatou,1999-01-17T00:00:00.000Z,,,France,ST,,350000,2
1350982,9837,Samuel Kotto,2003-09-03T00:00:00.000Z,190,left,Cameroon,CB,,4000000,2
1392758,9853,Igor Miladinovic,2003-06-08T00:00:00.000Z,178,right,Serbia,CM,"DM,AM",2500000,2
198277,9837,Nicolas Pallois,1987-09-19T00:00:00.000Z,190,left,France,CB,,250000,2
1120479,293352,Abdel Hbouch,1999-01-25T00:00:00.000Z,,,France,ST,"AM,LW",400000,2
1167456,4170,Blondy Nna Noukeu,2001-05-31T00:00:00.000Z,196,right,Cameroon,GK,,700000,2
1039458,10242,Paolo Gozzi,2001-04-25T00:00:00.000Z,180,left,Italy,CB,,1200000,2
1233684,9853,Ebenezer Annan,2002-08-21T00:00:00.000Z,178,left,Ghana,LB,,1800000,2
1526773,10249,Lucas Mincarelli Davin,2004-01-05T00:00:00.000Z,179,left,France,LB,,800000,2
1280182,7788,Ilyès Hamache,2003-02-11T00:00:00.000Z,178,right,France,LM,LW,,2
1540435,9837,Thiemoko Diarra,2003-04-19T00:00:00.000Z,176,right,Mali,RW,"RM,LW",1500000,2
1523255,4120,Loni Quenabio,2001-04-17T00:00:00.000Z,184,right,France,CB,,800000,2
291799,7794,Christophe Vincent,1992-11-08T00:00:00.000Z,178,right,France,CM,"DM,RM,AM",0,2
1668288,9747,Stanislas Kielt,2001-11-27T00:00:00.000Z,184,,France,ST,AM,700000,2
1482273,9837,Elie,2004-04-22T00:00:00.000Z,188,right,Ivory Coast,CB,LWB,2000000,2
979761,9747,Teddy Bartouche,1997-06-05T00:00:00.000Z,178,right,Guadeloupe,GK,,250000,2
1668195,7853,Mattéo Commaret,2002-01-02T00:00:00.000Z,184,,France,CB,"RB,LB,LWB",500000,2
913159,8587,Victor Lobry,1995-06-16T00:00:00.000Z,181,left,France,ST,AM,350000,2
1682404,8689,Jérémy Hatchi,2005-06-13T00:00:00.000Z,178,right,Guadeloupe,LM,"RM,CM,RW",700000,2
164221,7853,Yohan Tavares,1988-03-02T00:00:00.000Z,188,right,Portugal,CB,,75000,2
921067,9837,Yohan Demoncy,1996-04-07T00:00:00.000Z,181,right,France,ST,RM,400000,2
967089,6390,Kévin Cabral,1999-07-10T00:00:00.000Z,185,right,France,ST,"AM,RW",1000000,2
938542,9853,Maxime Bernauer,1998-07-01T00:00:00.000Z,186,right,France,CB,"RB,LB",1200000,2
1791917,7794,Alexandre Zaouai,2005-04-01T00:00:00.000Z,,,Ivory Coast,AM,"CM,LW,ST",1500000,2
1177973,9991,Hugo Gambor,2002-12-30T00:00:00.000Z,186,right,Central African Rep.,CB,CM,,2
1079550,9985,Alexis Trouillet,2000-12-23T00:00:00.000Z,175,right,France,CM,,,2
1514682,9750,Kouadou Assoumou,2002-10-17T00:00:00.000Z,182,right,Ivory Coast,LW,"LM,RW",,2
1688523,10001,Dylan Ourega,2004-10-06T00:00:00.000Z,183,left,France,LB,LM,,2
1383394,9855,Samba Diba,2003-12-24T00:00:00.000Z,195,right,Senegal,CM,,400000,2
1323829,9747,Amine Hemia,1998-01-22T00:00:00.000Z,178,right,France,ST,LW,1800000,2
1562396,8020,Yvan Ikia Dimi,2004-09-26T00:00:00.000Z,175,left,France,RW,"LM,ST",,2
1125446,6390,Balthazar Pierret,2000-05-15T00:00:00.000Z,186,right,France,CM,"DM,RW",1500000,2
1697720,9847,Naoufel El Hannach,2006-12-07T00:00:00.000Z,183,right,Morocco,RB,"CB,LB",1500000,2
1108006,9780,Marco Essimi,1999-02-18T00:00:00.000Z,182,right,France,RW,AM,,2
1703386,9837,Hafiz Ibrahim,2005-12-20T00:00:00.000Z,,both,Nigeria,ST,,3000000,2
1460253,10167,Nesta Elphege,2001-01-09T00:00:00.000Z,196,left,France,ST,,,2
1473888,293352,Ben Touré,2003-08-21T00:00:00.000Z,185,right,Ivory Coast,ST,RW,600000,2
564859,8682,Anthony Ribelin,1996-04-08T00:00:00.000Z,177,right,France,AM,"RWB,RM",200000,2
1669433,10242,Sankhoun Diawara,2006-01-13T00:00:00.000Z,188,left,France,CB,LB,2000000,2
1516829,8549,Abdoulaye Kanté,2005-07-09T00:00:00.000Z,180,right,France,DM,CM,,2
1531397,8311,Allan Ackra,2004-02-21T00:00:00.000Z,,right,France,AM,CM,600000,2
874527,6355,Ousmane Kanté,1989-09-21T00:00:00.000Z,185,right,Guinea,CB,,0,2
1188585,9853,Chico Lamba,2003-03-10T00:00:00.000Z,189,right,Portugal,CB,,3500000,2
1439465,8311,Cheick Oumar Konaté,2004-04-02T00:00:00.000Z,173,right,Mali,RB,"LB,DM",1200000,2
210142,4170,Jonas Martin,1990-04-09T00:00:00.000Z,184,right,France,DM,CM,250000,2
720733,9985,Teddy Teuma,1993-09-30T00:00:00.000Z,176,left,Malta,AM,"DM,CM,ST",,2
1327300,4170,Azamat Uriev,2004-11-27T00:00:00.000Z,,,France,GK,,250000,2
1406676,9986,Freddy Mbemba,2002-12-16T00:00:00.000Z,175,,France,LM,,,2
1189644,7853,Julien Maggiotti,1995-09-09T00:00:00.000Z,182,right,France,AM,"LM,ST",300000,2
942356,9865,Arvin Appiah,2001-01-05T00:00:00.000Z,175,right,England,LB,,,2
1483957,4170,Martin Lecolier,2003-06-24T00:00:00.000Z,188,,France,ST,,500000,2
1698483,8311,El Hadj Koné,2006-05-04T00:00:00.000Z,,right,France,LWB,LB,900000,2
1669931,9831,Victor Orakpo,2006-01-14T00:00:00.000Z,194,right,Nigeria,LW,ST,400000,2
1059686,9855,Mathieu Mion,2000-09-02T00:00:00.000Z,,left,France,LB,LWB,300000,2
1292334,8587,Nordine Kandil,2001-10-31T00:00:00.000Z,166,left,France,LM,"RM,AM,ST",1000000,2
1136758,9747,Gauthier Ott,2002-01-07T00:00:00.000Z,,both,France,LM,,500000,2
1479744,10249,Yanis Issoufou,2006-10-28T00:00:00.000Z,,left,France,LW,,1000000,2
537997,6355,Esteban Salles,1994-03-02T00:00:00.000Z,187,right,France,GK,,200000,2
1072257,9853,João Ferreira,2001-03-22T00:00:00.000Z,185,right,Portugal,RB,CB,2000000,2
1170864,9855,Lucas Bernadou,2000-09-24T00:00:00.000Z,178,right,France,CM,"CB,DM",500000,2
1367269,8682,Martin Rossignol,2003-11-03T00:00:00.000Z,,,France,CM,AM,400000,2
1709475,7787,Neil Glossoa,2004-09-10T00:00:00.000Z,,right,France,RWB,,,2
684937,8481,Jérémy Gelin,1997-04-24T00:00:00.000Z,182,right,France,CM,DM,800000,2
864138,6355,Julien Anziani,1999-06-23T00:00:00.000Z,176,right,France,AM,"DM,CM,ST",800000,2
1391048,583706,Setigui Karamoko,1999-10-10T00:00:00.000Z,192,left,France,CB,LB,,2
1357639,8481,Yannis Nahounou,2004-05-16T00:00:00.000Z,193,,France,CB,,400000,2
1488528,6355,Cheikh Fall,2004-02-25T00:00:00.000Z,177,right,Senegal,DM,CM,350000,2
512723,585808,Théo Pellenard,1994-03-04T00:00:00.000Z,185,left,France,CB,,,2
1244902,9855,Mamady Bangré,2001-06-15T00:00:00.000Z,171,left,Burkina Faso,CM,"AM,ST",350000,2
1668295,8682,Noa Boissé,2006-01-20T00:00:00.000Z,,,France,CB,,1500000,2
1201593,293352,Matteo Veillon,2002-03-01T00:00:00.000Z,,right,France,CB,,300000,2
1180730,9848,Saïdou Sow,2002-07-04T00:00:00.000Z,187,right,Guinea,CB,,2500000,2
1669441,9888,Christ-Owen Kouassi,2003-04-15T00:00:00.000Z,184,right,France,RB,"RWB,LWB",,2
1022702,6413,Dylan Mbayo,2001-10-11T00:00:00.000Z,175,left,Belgium,RW,"RM,ST",,2
1713570,9747,Tanguy Ahile,2004-09-07T00:00:00.000Z,,,France,CM,,400000,2
1108031,10242,Kandet Diawara,2000-02-10T00:00:00.000Z,180,right,Guinea,LW,RW,1200000,2
1428672,9941,Ylies Aradj,2005-06-05T00:00:00.000Z,179,left,France,LWB,"LB,LM",250000,2
1529204,6379,Omar Sissoko,2006-08-18T00:00:00.000Z,,right,France,ST,,1000000,2
965349,9837,Mohamed Daramy,2002-01-07T00:00:00.000Z,180,right,Denmark,ST,LW,2500000,2
1523244,289334,Loïc Socka,1998-09-05T00:00:00.000Z,193,right,France,ST,,,2
1435443,8481,Patrick Ouotro,2005-09-13T00:00:00.000Z,182,right,Ivory Coast,ST,,300000,2
1523312,8682,Lucas Bretelle,2002-04-17T00:00:00.000Z,172,,France,DM,"CM,AM",1200000,2
210126,9853,Dennis Appiah,1992-06-09T00:00:00.000Z,179,right,France,RB,,500000,2
1310262,9855,Baptiste Mouazan,2001-09-27T00:00:00.000Z,,right,France,AM,"CM,LM,ST",400000,2
625422,9851,Nicolas Lemaître,1997-01-12T00:00:00.000Z,180,right,France,GK,,500000,2
1791877,7853,Ethan Clavreul,2006-06-29T00:00:00.000Z,,,France,LM,,400000,2
348420,10242,Renaud Ripart,1993-03-14T00:00:00.000Z,181,right,France,ST,RW,350000,2
609634,8311,Vital N'Simba,1993-07-08T00:00:00.000Z,167,left,DR Congo,LB,LWB,300000,2
1342778,9853,Joshua Duffus,2004-12-15T00:00:00.000Z,187,,England,ST,LW,2500000,2
1435842,8028,Samuel Ntamack,2001-04-27T00:00:00.000Z,178,right,France,ST,,,2
1592418,8639,Lisandru Olmeta,2005-07-21T00:00:00.000Z,190,right,France,GK,,500000,2
493727,47214,Felipe Abner,1996-05-30T00:00:00.000Z,175,left,Brazil,LB,,400000,2
1695007,293352,Alexis Casadei,2004-12-23T00:00:00.000Z,189,,France,DM,CM,400000,2
873853,1786,Marcos Lavín,1996-09-02T00:00:00.000Z,190,right,Spain,GK,,,2
1676541,293352,Quentin Paris,2006-10-23T00:00:00.000Z,,,France,ST,,300000,2
1478147,9837,Adama Bojang,2004-05-28T00:00:00.000Z,191,,Gambia,ST,RW,1200000,2
815766,9855,Ugo Bonnet,1993-09-17T00:00:00.000Z,,right,France,ST,AM,200000,2
568542,8311,Kenji Van Boto,1996-03-07T00:00:00.000Z,183,left,Madagascar,LB,RB,250000,2
1283024,6379,Yoan Koré,2004-11-16T00:00:00.000Z,187,right,France,RB,CB,600000,2
1214011,6390,Hacène Benali,1999-10-14T00:00:00.000Z,180,right,Algeria,ST,,350000,2
1797479,8311,Enzo Cantero,2005-05-15T00:00:00.000Z,165,,France,RW,RM,1000000,2
1388749,10249,Khalil Fayad,2004-06-09T00:00:00.000Z,172,right,France,DM,AM,1500000,2
1526610,7853,William Benard,2003-04-27T00:00:00.000Z,,,France,CM,DM,250000,2
1244864,8682,Jean Vercruysse,2000-07-03T00:00:00.000Z,183,,France,CM,AM,400000,2
1332549,9837,Amine Salama,2000-07-18T00:00:00.000Z,192,right,France,ST,RW,1000000,2
165528,4170,Ibrahim Koné,1989-12-05T00:00:00.000Z,190,right,Guinea,GK,,50000,2
1635507,9848,Rayane Messi,2007-05-23T00:00:00.000Z,175,right,France,ST,"RM,LM,RW,LW",2800000,2
1299499,9855,Evans Maurin,2001-03-30T00:00:00.000Z,177,left,France,RM,,300000,2
1791882,8682,William Harhouz,1999-12-30T00:00:00.000Z,,,France,ST,,400000,2
357224,8481,Adrian Dabasse,1993-07-27T00:00:00.000Z,180,right,France,ST,,200000,2
1211445,9837,John Patrick,2003-09-24T00:00:00.000Z,192,right,Ireland,CM,DM,800000,2
447107,8311,Adrien Hunou,1994-01-19T00:00:00.000Z,178,right,France,DM,AM,250000,2
1384870,7853,Sidi Bane,2004-01-14T00:00:00.000Z,184,right,Senegal,CB,RB,900000,2
210390,293352,Vincent Pajot,1990-08-19T00:00:00.000Z,180,right,France,CM,,0,2
1483959,47214,Alex Daho,2003-10-04T00:00:00.000Z,175,right,France,RW,,250000,2
1328918,47214,Bram Lagae,2004-01-14T00:00:00.000Z,183,left,Belgium,CB,LB,600000,2
1792248,7853,Layousse Samb,2000-10-25T00:00:00.000Z,183,left,Senegal,LB,LWB,300000,2
1244850,293352,Cédric Makutungu,1997-10-03T00:00:00.000Z,175,left,France,CB,,250000,2
1078166,465382,Hiang'a Mbock,1999-12-28T00:00:00.000Z,186,right,France,DM,"CM,AM",,2
949712,9855,Moussa Djitté,1999-10-04T00:00:00.000Z,180,right,Senegal,ST,,400000,2
1900516,8682,Adil Bourabaa,2004-11-30T00:00:00.000Z,,,France,AM,CM,500000,2
1797588,9853,Nadir El Jamali,2007-04-17T00:00:00.000Z,,,France,RW,,800000,2
1797614,10242,Anis Ouzenadji,2006-11-04T00:00:00.000Z,,,France,LB,,500000,2
1703571,8588,Gabin Capuano,2006-04-26T00:00:00.000Z,,right,France,ST,,250000,2
1671488,568569,Josué Tiendrébéogo,2002-11-21T00:00:00.000Z,169,both,Burkina Faso,CM,LW,,2
1079490,8024,Pape Meïssa Ba,1997-07-04T00:00:00.000Z,187,right,Senegal,ST,,,2
603533,8481,Cazim Suljic,1996-10-29T00:00:00.000Z,178,left,Bosnia and Herzegovina,DM,CM,250000,2
593362,47214,Aboubakary Kanté,1994-08-11T00:00:00.000Z,184,left,Gambia,ST,,250000,2
822534,8340,Jan Mlakar,1998-10-23T00:00:00.000Z,183,right,Slovenia,ST,RM,,2
299736,8587,Alexis Sauvage,1991-10-30T00:00:00.000Z,186,right,France,GK,,100000,2
1526207,9855,Arthur Lallias,2003-06-21T00:00:00.000Z,,,France,ST,"RM,AM",350000,2
1243913,293352,Dion Sahi,2001-12-20T00:00:00.000Z,175,left,Ivory Coast,AM,,900000,2
1603531,9748,Alejandro Rodríguez,2008-03-11T00:00:00.000Z,,right,England,ST,LW,800000,2
1602154,7794,Issiaka Karamoko,2001-07-15T00:00:00.000Z,182,,France,AM,ST,200000,2
1438302,6379,Mathys Tourraine,2001-01-14T00:00:00.000Z,,right,France,RWB,,600000,2
979749,210132,Eddy Sylvestre,1999-08-29T00:00:00.000Z,173,left,France,RW,,,2
1668280,6390,Abdelsamad Hachem,2002-06-28T00:00:00.000Z,188,right,France,midfielder,,300000,2
1697802,7794,Maxime Blé,2002-07-26T00:00:00.000Z,,right,France,ST,,150000,2
1246653,6390,Guillaume Trani,1997-12-17T00:00:00.000Z,178,,France,ST,,200000,2
1429122,9839,Edhy Zuliani,2004-08-11T00:00:00.000Z,,left,Algeria,forward,,,2
1387248,161694,Loïc Etoga,2003-04-01T00:00:00.000Z,186,right,Cameroon,CM,DM,250000,2
1173254,9747,Darly N'Landu,2000-07-14T00:00:00.000Z,173,left,France,CM,,250000,2
1393480,8697,Skelly Alvero,2002-05-04T00:00:00.000Z,202,right,France,CM,,,2
1315086,238671,Exaucé Mpembele,2002-05-15T00:00:00.000Z,,,France,LM,ST,150000,2
1797606,8481,Zakaria Ztouti,2006-10-20T00:00:00.000Z,,,France,AM,ST,250000,2
953926,293352,Thomas Callens,1998-09-06T00:00:00.000Z,182,left,France,GK,,150000,2
1332814,6390,Théo Magnin,2003-08-09T00:00:00.000Z,171,right,Switzerland,RB,"RM,RW",900000,2
1292100,8669,Norman Bassette,2004-11-09T00:00:00.000Z,185,left,Belgium,ST,,,2
1367621,7794,Ayman Aiki,2005-06-25T00:00:00.000Z,,right,France,AM,,250000,2
574185,47214,Íñigo Eguaras,1992-03-07T00:00:00.000Z,182,right,Spain,DM,,100000,2
1523017,4170,Zoran Moco,2003-06-27T00:00:00.000Z,,right,Guadeloupe,RB,CM,400000,2
1797477,8311,Julien Astic,2005-03-20T00:00:00.000Z,,,France,DM,AM,250000,2
1797585,9853,Luan Gadegbeku,2007-03-13T00:00:00.000Z,,left,France,DM,CM,800000,2
1315952,8481,Oumar Sidibe,2001-01-12T00:00:00.000Z,,,France,midfielder,,250000,2
1124761,4120,Ryan Ponti,1998-06-22T00:00:00.000Z,185,left,Madagascar,LWB,,250000,2
1668296,9747,Jérémie Matumona,2006-06-03T00:00:00.000Z,,,France,LB,RB,300000,2
780589,9938,Mehdi Merghem,1997-07-19T00:00:00.000Z,178,left,Algeria,RM,CM,,2
244558,8587,Jérome Roussillon,1993-01-06T00:00:00.000Z,175,left,Guadeloupe,LB,,400000,2
427000,9855,Bobby Allain,1991-11-28T00:00:00.000Z,185,right,France,GK,,100000,2
1390047,4120,Mehdi Baaloudj,2001-02-02T00:00:00.000Z,183,right,Algeria,ST,,250000,2
186806,9853,Brice Maubleu,1989-12-01T00:00:00.000Z,191,right,France,GK,,150000,2
1344543,9855,Efe Sarikaya,2005-11-30T00:00:00.000Z,185,left,Turkiye,CB,,250000,2
1436712,6390,Josué Escartin,2003-03-21T00:00:00.000Z,193,right,France,CB,,300000,2
1868401,8481,Hugo Barbier,2004-09-22T00:00:00.000Z,,,France,CM,,200000,2
1487907,773645,Joachim Kayi-Sanda,2006-11-29T00:00:00.000Z,186,right,France,CB,,,2
992082,10242,Alexandre Phliponeau,2000-01-26T00:00:00.000Z,180,right,France,DM,CM,350000,2
1832290,7794,Matteo Petrignani,2005-09-09T00:00:00.000Z,,left,France,DM,,100000,2
1671490,8311,Ousmane Diop,2005-06-10T00:00:00.000Z,,right,Senegal,ST,,250000,2
961355,8583,Eros Maddy,2001-02-05T00:00:00.000Z,177,right,Netherlands,RM,,150000,2
1874169,7853,Mathis Houdayer,2005-04-30T00:00:00.000Z,,,France,midfielder,,300000,2
1514638,7853,Noa Mupemba,2002-07-27T00:00:00.000Z,,,France,ST,,200000,2
1311801,9747,Amadou Samoura,2003-11-21T00:00:00.000Z,,,France,forward,,400000,2
1520538,6355,Kyllian Gasnier,2002-06-30T00:00:00.000Z,178,right,France,midfielder,,150000,2
1327487,7794,Noah Zilliox,2003-03-17T00:00:00.000Z,,,France,CB,,150000,2
1428851,4170,Lilian Raillot,2004-05-19T00:00:00.000Z,193,,France,CM,,200000,2
1072913,9750,Tanguy Coulibaly,2001-02-18T00:00:00.000Z,175,left,France,RW,LW,,2
1897196,7794,Ruben Beliandjou,2005-07-08T00:00:00.000Z,186,,France,ST,,250000,2
1614832,7853,Trevis Dago,2005-01-21T00:00:00.000Z,185,right,France,ST,,350000,2
1717064,8587,Yanis Rafii,2005-06-26T00:00:00.000Z,,right,France,ST,,200000,2
1065453,102050,Mohamed Bouchouari,2000-11-15T00:00:00.000Z,170,right,Belgium,RB,RWB,,2
1690111,9750,Zaid Seha,2007-01-25T00:00:00.000Z,,,France,LW,,,2
1425683,7794,Nicolas Parravicini,1997-08-05T00:00:00.000Z,194,right,Italy,ST,,100000,2
1720268,7853,Enzo Montet,2003-05-10T00:00:00.000Z,,left,France,CM,,150000,2
982245,9904,William Kokolo,2000-06-09T00:00:00.000Z,181,left,France,LM,LWB,,2
1862293,8481,Mattheo Guendez,2005-10-16T00:00:00.000Z,,left,France,RM,,200000,2
1285497,10004,Derek Mazou-Sacko,2004-10-06T00:00:00.000Z,186,right,France,DM,CM,,2
1813111,4170,Emmanuel Kouassi,2003-02-23T00:00:00.000Z,,right,Ivory Coast,defender,,100000,2
1804383,213357,Kenzo Noel,2006-07-28T00:00:00.000Z,,,France,GK,,,2
919739,6414,Kay Tejan,1997-02-03T00:00:00.000Z,180,left,Netherlands,ST,AM,,2
1387313,9732,Taylor Luvambo,1999-07-05T00:00:00.000Z,180,right,France,ST,,,2
1344654,8682,Mathis Hamdi,2003-10-18T00:00:00.000Z,180,left,France,LWB,LB,200000,2
1242194,1070261,Travis Patterson,2005-10-06T00:00:00.000Z,178,right,England,LB,,,2
916916,8311,Andy Pelmard,2000-03-12T00:00:00.000Z,180,right,Madagascar,CB,LB,2000000,2
1245179,1569,Habib Keïta,2002-02-05T00:00:00.000Z,182,left,France,DM,"CM,AM",,2
1899709,47214,Maedine Makhloufi,2005-02-18T00:00:00.000Z,,,France,LB,,250000,2
1791940,9873,Luka Boiteau,2006-01-02T00:00:00.000Z,,right,Canada,midfielder,,150000,2
1791938,4170,Zanga Koné,2004-11-12T00:00:00.000Z,,right,Ivory Coast,midfielder,,75000,2
1166569,9855,Alan Kérouédan,2000-01-12T00:00:00.000Z,173,right,France,ST,,250000,2
1366624,10249,Axel Guéguin,2005-03-24T00:00:00.000Z,170,left,France,AM,,250000,2
1114371,8682,Ewan Hatfout,2000-04-01T00:00:00.000Z,193,,France,GK,,150000,2
1536429,9824,Ranjan Neelakandan,2005-01-20T00:00:00.000Z,180,right,Switzerland,LW,,,2
1133599,885256,Leroy Abanda,2000-06-07T00:00:00.000Z,178,left,France,LWB,"RB,LB,LM",,2
1540376,1123073,Tao Paradowski,2005-02-27T00:00:00.000Z,180,right,France,GK,,,2
312565,7826,Quentin Beunardeau,1994-02-27T00:00:00.000Z,184,right,France,GK,,,2
1797603,10249,Viktor Dzodic,2006-11-15T00:00:00.000Z,,,Serbia,GK,,150000,2
210682,10242,Zacharie Boucher,1992-03-07T00:00:00.000Z,178,right,France,GK,,100000,2
1791943,4170,Louis Siliadin,2001-10-21T00:00:00.000Z,,,France,midfielder,,75000,2
613714,9837,Jordan Pefok,1996-04-26T00:00:00.000Z,190,right,USA,ST,,1500000,2
1797597,6355,Salif Lebouath,2001-11-14T00:00:00.000Z,,,France,forward,,150000,2
1796073,47214,Théna Massock,2007-09-18T00:00:00.000Z,192,,France,midfielder,,200000,2
824637,1115133,Diogo Queirós,1999-01-05T00:00:00.000Z,185,right,Portugal,DM,,,2
1328919,10141,Mohamed Achi Bouakline,2002-01-16T00:00:00.000Z,181,left,France,midfielder,,,2
1243190,8692,Hervé Touré,2000-05-20T00:00:00.000Z,,,Côte d'Ivoire,CM,AM,,2
1602137,9855,Mohamed Bechikh,2005-07-13T00:00:00.000Z,183,right,France,forward,,100000,2
1508735,9851,Ayanda Sishuba,2005-02-02T00:00:00.000Z,168,right,Belgium,midfielder,,800000,2
1863032,9853,Paul Eymard,2008-01-05T00:00:00.000Z,,,France,midfielder,,500000,2
1348484,8587,Ange Chibozo,2003-07-01T00:00:00.000Z,175,right,Benin,forward,,150000,2
1245978,8683,Jacques Siwe,2001-07-29T00:00:00.000Z,187,right,France,ST,,,2
1478003,6355,Souleymane Basse,2003-11-06T00:00:00.000Z,182,left,Senegal,defender,,250000,2
1703178,293352,Kilyan Jusseron-Veniere,2006-08-18T00:00:00.000Z,,left,France,midfielder,,100000,2
1683521,10017,Niama Sissoko,2005-12-16T00:00:00.000Z,,right,Mali,forward,,,2
1814305,7794,David Djédjé,2007-01-30T00:00:00.000Z,,,France,midfielder,,100000,2
1779437,10242,Elijah Odede,2007-01-12T00:00:00.000Z,175,,Nigeria,RW,,600000,2
1755843,8587,Nathan Talbot,2007-09-12T00:00:00.000Z,,right,France,defender,,75000,2
1616116,9830,Malang Gomes,2005-05-28T00:00:00.000Z,175,,France,midfielder,,75000,2
1800256,4170,Florian Boulet,2003-03-22T00:00:00.000Z,,,France,forward,,50000,2
1131254,9853,Yvann Maçon,1998-10-01T00:00:00.000Z,176,right,Guadeloupe,RB,"LB,RWB,RM",800000,2
1436328,1218969,Mohamed Guindo,2003-08-01T00:00:00.000Z,182,right,Mali,ST,,,2
1900951,8587,Enzo Somon,2008-04-15T00:00:00.000Z,,,France,midfielder,,50000,2
1481521,4120,Mathis Touho,2004-11-24T00:00:00.000Z,185,left,France,ST,,400000,2
1893956,8587,Oscar Aïssat,2007-02-15T00:00:00.000Z,,right,Algeria,midfielder,,100000,2
1110336,6390,Samuel Renel,2001-11-03T00:00:00.000Z,178,right,Martinique,CM,,350000,2
1668291,8682,Brice Oggad,1997-05-22T00:00:00.000Z,182,,France,forward,,0,2
1791883,293293,Izhak Hammoudi,2004-11-07T00:00:00.000Z,,,France,CM,,,2
1688540,4120,Corentin Roubiou,2005-06-13T00:00:00.000Z,,right,France,forward,,75000,2
751762,8120,Dylan Batubinsika,1996-02-15T00:00:00.000Z,185,right,DR Congo,CB,,,2
820310,8481,Bakari Camara,1994-01-04T00:00:00.000Z,189,right,Mauritania,midfielder,,75000,2
1334806,8311,Massamba Ndiaye,2001-10-08T00:00:00.000Z,202,right,Senegal,keeper,,125000,2
968952,9855,Allan Tchaptchet,2001-12-21T00:00:00.000Z,193,right,France,defender,,300000,2
1484998,8342,Mamadou Diakhon,2005-09-22T00:00:00.000Z,180,left,France,LW,,,2
195260,7853,Maxime Hautbois,1991-01-03T00:00:00.000Z,181,right,France,GK,,75000,2
561045,4170,Xavier Lenogue,1996-12-27T00:00:00.000Z,194,right,Martinique,keeper,,0,2
348411,10249,Mathieu Michel,1991-09-04T00:00:00.000Z,188,right,France,GK,,100000,2
1329301,8311,Maïdine Douane,2002-08-23T00:00:00.000Z,,right,France,forward,,500000,2
1751144,47214,Souleymane Keita,2005-12-23T00:00:00.000Z,,,France,midfielder,,150000,2
728413,7853,Moise Adiléhou,1995-11-01T00:00:00.000Z,190,right,Benin,defender,,100000,2
1688527,7794,Yahya Bathily,2003-06-08T00:00:00.000Z,,,France,midfielder,,100000,2
154867,293352,Fabrice N'Sakala,1990-07-21T00:00:00.000Z,178,left,DR Congo,defender,,50000,2
1358583,8311,Yuliwes Bellache,2002-09-29T00:00:00.000Z,169,,Algeria,midfielder,,75000,2
1526613,9855,Ange-Loïc N’Gatta,2003-12-11T00:00:00.000Z,181,right,France,forward,,100000,2
1747807,8587,Iliès Abdelkrim,2006-12-05T00:00:00.000Z,,,France,midfielder,,75000,2
1791803,9747,Youssef Njoya,2004-04-18T00:00:00.000Z,,,France,forward,,50000,2
1609215,10249,Junior Ndiaye,2005-03-29T00:00:00.000Z,180,left,UAE,midfielder,,400000,2
1700199,7853,Aymeric Faurand-Tournaire,2004-04-14T00:00:00.000Z,181,,France,forward,,100000,2
1842538,8587,Aly Traoré,2009-02-02T00:00:00.000Z,,,France,forward,,100000,2
1900953,10249,Nabil Homssa,2002-04-24T00:00:00.000Z,,,France,midfielder,,100000,2
120090,8481,Geoffrey Lembet,1988-09-23T00:00:00.000Z,186,right,Central African Rep.,GK,,50000,2
1791885,8481,Chafik El Hansar,2005-04-13T00:00:00.000Z,,right,France,midfielder,,50000,2
1791944,4170,Jonathan Kapenga,2004-01-16T00:00:00.000Z,,,France,defender,,0,2
1401227,9837,Yaya Fofana,2004-06-12T00:00:00.000Z,180,right,Mali,midfielder,,1500000,2
1643784,6390,Vincent Kany,2002-02-06T00:00:00.000Z,191,right,France,defender,,50000,2
1712888,47214,Malick Diop,2006-02-05T00:00:00.000Z,,,Senegal,midfielder,,100000,2
1695868,212820,Mohamed Ali Diadie,2004-10-22T00:00:00.000Z,,right,Mauritania,CB,,,2
1804848,10249,Fayssal El Mahboub,2007-07-22T00:00:00.000Z,,,France,forward,,100000,2
289000,8481,Martin Sourzac,1992-03-25T00:00:00.000Z,184,right,France,keeper,,100000,2
1703371,9853,Djylian N'Guessan,2008-08-30T00:00:00.000Z,,right,France,ST,,4000000,2
1900308,9747,Trésor Matondo,2003-07-24T00:00:00.000Z,169,,France,midfielder,,50000,2
1797598,6355,Titouan Nihouarn,2004-07-28T00:00:00.000Z,,,France,forward,,25000,2
1945735,47214,Marco Decherf,2006-10-23T00:00:00.000Z,,right,France,midfielder,,50000,2
1676681,8587,Messy Manitu,2006-01-05T00:00:00.000Z,,left,DR Congo,midfielder,,25000,2
1797489,47214,Lenny Dziki Loussilaho,2005-05-05T00:00:00.000Z,165,,Congo,defender,,100000,2
1751147,7794,Donovan Basset,2004-01-05T00:00:00.000Z,,,France,defender,,50000,2
1744012,8587,Patrick Carraro Injai,2006-06-03T00:00:00.000Z,,,France,midfielder,,25000,2
1791933,10242,Amadou Diakité,2005-05-31T00:00:00.000Z,,,France,forward,,50000,2
1862278,8587,Peterson Paul,2006-11-05T00:00:00.000Z,,left,France,forward,,25000,2
1970632,9747,Ibrahima Diakite,2007-06-03T00:00:00.000Z,,,France,midfielder,,50000,2
1883172,10249,Robin Thiland-Herard,2008-01-10T00:00:00.000Z,,,France,forward,,50000,2
1797608,10242,Roman Murcy,2006-02-23T00:00:00.000Z,,,France,midfielder,,50000,2
1669601,6355,Robin Verhaeghe,2004-02-02T00:00:00.000Z,,right,France,defender,,50000,2
1844131,10242,Noah Donkor,2006-11-25T00:00:00.000Z,,,France,defender,,25000,2
1696415,9853,Strahinja Stojkovic,2007-03-08T00:00:00.000Z,188,right,Serbia,RB,,700000,2
1669435,4120,Morgan Corredor,2004-08-04T00:00:00.000Z,,right,France,defender,,50000,2
1331443,7794,Victor Lebas,2004-09-14T00:00:00.000Z,,,Portugal,defender,,50000,2
1248041,4120,Hermann Tebily,2002-01-24T00:00:00.000Z,182,right,France,forward,,100000,2
1813963,10249,Isyak Mohamed,2008-02-21T00:00:00.000Z,,,France,RB,,50000,2
1970636,9747,Nathan Fondja,2005-10-30T00:00:00.000Z,,,France,defender,,25000,2
726442,9837,Joseph Okumu,1997-05-26T00:00:00.000Z,193,right,Kenya,defender,,3000000,2
1328540,9837,Oumar Diakité,2003-12-20T00:00:00.000Z,188,right,Ivory Coast,ST,,5000000,2
1927654,10249,Noah Vidal-Cartoux,2008-03-27T00:00:00.000Z,,,France,midfielder,,50000,2
1740655,8311,Matys Donavin,2006-11-22T00:00:00.000Z,,left,France,defender,,25000,2
1791941,4170,Sohan Paillard,2003-11-02T00:00:00.000Z,,,France,midfielder,,25000,2
1729331,293352,Adam Yahi,2004-10-16T00:00:00.000Z,,,France,defender,,0,2
1755842,8587,Ilan Daf,2007-05-24T00:00:00.000Z,,right,France,midfielder,,25000,2
1615834,8682,Titouan Caro,2004-11-30T00:00:00.000Z,,,France,forward,,0,2
1899708,10242,Fred Onambele,2007-06-26T00:00:00.000Z,,left,France,defender,,25000,2
1797599,293352,Ibrahim Raache,2006-02-24T00:00:00.000Z,,,France,midfielder,,0,2
1643788,10242,Ibrahim Traoré,2006-03-12T00:00:00.000Z,,right,France,forward,,50000,2
1818972,7853,Aristide Mateta,2003-01-03T00:00:00.000Z,,,Congo,forward,,0,2
1735031,6390,Mohafidh Ahamada,2004-03-16T00:00:00.000Z,,,Comoros,defender,,0,2
1791799,9853,Lassana Traoré,2007-05-06T00:00:00.000Z,,,Senegal,defender,,100000,2
1797616,9855,Charlie Dressel,2005-09-30T00:00:00.000Z,,,England,midfielder,,0,2
