player_id,club_id,minutes_played,npxg_per_90,shots_per_90,sot_per_90,headed_shots_per_90,xa_per_90,succ_pass_per_90,succ_pass_rate,acc_long_balls_per_90,succ_long_balls_rate,chances_created_per_90,big_chances_created_per_90,succ_crosses_per_90,succ_crosses_rate,succ_dribbles_per_90,succ_dribbles_rate,duels_won_per_90,duels_won_rate,aerials_won_per_90,aerials_won_rate,touches_per_90,touches_opp_box_per_90,dispossessed_per_90,fouls_won_per_90,defcon_per_90,tackles_per_90,interceptions_per_90,blocks_per_90,fouls_committed_per_90,recoveries_per_90,poss_won_final_3rd_per_90,succ_dribbles_def_per_90,clearances_per_90
523825,8654,3405,0.171079291,2.088105727,0.740088106,0.185022026,0.13856679,15.46255507,73.7704918,0.422907489,35.55555556,1.189427313,0.422907489,0.713656388,18.24324324,1.400881057,44.91525424,4.889867841,43.32552693,0.872246696,36.66666667,42.71365639,4.36123348,2.035242291,1.295154185,7.453744493,1.321585903,0.713656388,0.185022026,0.502202643,4.202643172,0.68722467,0.68722467,1.030837004
1177358,8678,3380,0.036252959,0.426035503,0.159763314,,0.079301271,34.66863905,83.46153846,1.01183432,31.66666667,0.852071006,0.106508876,0.905325444,23.77622378,0.878698225,45.20547945,5.644970414,53.13283208,1.171597633,44.89795918,69.15088757,1.411242604,0.639053254,0.852071006,8.094674556,2.74260355,1.278106509,0.266272189,1.038461538,5.00591716,0.213017751,0.798816568,3.807692308
243138,8668,3330,0.074318918,0.567567568,0.27027027,0.540540541,0.055963536,33.97297297,80.62860808,2.702702703,41.15226337,0.486486486,0.054054054,0.054054054,28.57142857,0.108108108,50,6.324324324,67.82608696,3.972972973,69.66824645,56.56756757,2.27027027,0.027027027,0.945945946,10.18918919,1.378378378,0.864864865,1.405405405,0.864864865,,,,
1429912,9937,3264,0.032418197,0.248161765,0.082720588,0.055147059,0.077219949,26.74632353,85.01314636,1.047794118,44.70588235,0.9375,0.110294118,0.386029412,25,1.516544118,51.40186916,5.873161765,57.72357724,1.130514706,60.29411765,60.02757353,0.965073529,0.854779412,1.378676471,6.038602941,1.847426471,1.047794118,0.413602941,0.716911765,,,,
785411,8586,3290,0.041629788,0.465045593,0.136778116,0.164133739,0.127676267,49.2674772,77.66278568,4.978723404,38.15513627,0.656534954,0.191489362,0.218844985,30.76923077,0.164133739,66.66666667,5.361702128,52.40641711,2.516717325,47.91666667,81.79331307,1.449848024,0.382978723,1.012158055,11.43465046,1.696048632,1.531914894,1.285714286,0.930091185,4.212765957,0.054711246,0.79331307,6.920972644
1120224,9826,3253,0.044490933,0.525668614,0.193667384,0.083000307,0.069829149,22.38241623,73.08039747,1.079003996,26.71232877,0.802336305,0.110667077,0.608668921,21.15384615,0.415001537,34.88372093,4.703350753,55.55555556,0.719335998,38.80597015,56.0252075,1.521672302,0.719335998,0.774669536,6.833691977,2.794343683,0.940670151,0.33200123,0.63633569,5.173685828,0.166000615,0.581002152,2.766676914
362694,10260,3231,0.019668523,0.278551532,0.08356546,0.027855153,0.055071115,41.39275766,86.79906542,1.643454039,49.57983193,0.445682451,0.027855153,0.250696379,16.98113208,0.278551532,50,4.679665738,55.44554455,1.782729805,54.23728814,64.87465181,0.807799443,0.167130919,0.557103064,6.239554318,2.061281337,1.281337047,0.250696379,1.364902507,2.980501393,0.139275766,0.473537604,2.646239554
1302005,9937,3284,0.369265837,2.302070646,1.178440926,0.493300853,0.051599775,11.94884287,69.20634921,0.356272838,52,0.65773447,0.164433618,0.19183922,36.84210526,0.794762485,54.71698113,5.563337393,38.66666667,3.069427527,38.48797251,33.29780755,4.631546894,1.151035323,0.712545676,5.892204629,1.041412911,0.328867235,0.219244823,2.000609013,2.548721072,0.411084044,0.411084044,1.753958587
950474,8668,3414,0.053591391,1.18629174,0.369068541,,0.156952828,41.23022847,87.22810931,1.58172232,45.80152672,1.476274165,0.316344464,1.397188049,25.60386473,0.474516696,52.94117647,5.509666081,61.29032258,0.79086116,63.82978723,69.96485062,0.711775044,0.39543058,1.107205624,12.07381371,3.16344464,1.555360281,0.263620387,1.028119508,4.850615114,0.39543058,1.212653779,2.240773286
883080,10252,3285,0.185808221,2.301369863,0.876712329,0.109589041,0.11792533,21.83561644,74.62546816,1.01369863,61.66666667,1.287671233,0.356164384,0.082191781,6,1.150684932,35.59322034,4.328767123,35.74660633,0.712328767,29.54545455,49.45205479,4.95890411,2.191780822,1.342465753,6.273972603,1.150684932,0.356164384,0.082191781,1.260273973,,,,
1089691,8456,3334,0.056972108,1.187762448,0.269946011,0.053989202,0.129192782,55.014997,85.52245069,3.212357528,53.3632287,1.457708458,0.24295141,1.376724655,28.97727273,1.349730054,54.34782609,8.017396521,54.79704797,1.781643671,58.92857143,89.08218356,1.673665267,1.673665267,2.159568086,13.92921416,2.807438512,1.106778644,0.431913617,1.538692262,,,,
766611,10203,3375,0.022517333,0.426666667,0.026666667,0.293333333,0.019076769,35.54666667,86.61468486,2.24,41.37931034,0.08,0.026666667,,,0.08,100,3.813333333,66.82242991,2.373333333,69.53125,52.8,0.933333333,0.053333333,0.533333333,8.373333333,0.826666667,0.773333333,0.96,0.56,2.88,,0.266666667,5.813333333
846005,8650,2496,0.264789668,2.415865385,0.829326923,,0.212131595,38.4375,85.76025744,1.947115385,65.06024096,2.019230769,0.432692308,0.46875,31.70731707,0.757211538,55.26315789,3.677884615,43.22033898,0.685096154,45.23809524,59.89182692,3.894230769,0.829326923,0.865384615,2.379807692,1.370192308,0.324519231,0.180288462,1.586538462,4.795673077,0.576923077,1.009615385,
974618,8586,3211,0.092438489,0.644658985,0.280286515,0.280286515,0.04530749,61.60697602,87.18762396,3.727810651,47.16312057,0.36437247,0.056057303,0.280286515,43.47826087,0.084085955,60,5.857988166,61.11111111,3.195266272,58.7628866,85.23512924,1.401432576,0.168171909,1.205232015,8.885082529,1.48551853,1.317346621,0.784802242,0.756773591,,,,
933576,8456,3200,0.267645943,2.334375,1.153125,0.05625,0.087745457,21.065625,80.02136752,0.73125,50,1.096875,0.225,0.225,16.32653061,1.659375,44.36090226,5.175,40.43956044,1.659375,49.16666667,47.86875,4.95,1.771875,0.590625,6.665625,1.265625,0.365625,0.196875,1.575,,,,
844425,8456,3150,0.117731435,0.914285714,0.257142857,0.628571429,0.06627356,59.14285714,89.64919879,2.2,40.95744681,0.514285714,0.142857143,0.085714286,17.64705882,0.2,63.63636364,5.542857143,63.39869281,2.942857143,65.18987342,80.22857143,1.771428571,0.514285714,1.085714286,8.085714286,1.314285714,1.428571429,0.657142857,0.714285714,3.942857143,0.142857143,0.314285714,4.685714286
1078788,10203,2590,0.079950582,1.285714286,0.243243243,,0.053116375,24.04633205,81.41176471,1.007722008,32.22222222,0.625482625,0.069498069,0.451737452,22.03389831,0.625482625,48.64864865,6.637065637,60.44303797,1.38996139,57.14285714,57.92664093,1.633204633,0.72972973,1.494208494,8.722007722,3.127413127,1.077220077,0.347490347,0.833976834,3.822393822,0.173745174,1.146718147,
1137705,8455,3121,0.279957375,2.07625761,0.893944249,0.259532201,0.209137954,50.60877924,86.02941176,2.739506568,60.12658228,1.960909965,0.317206024,0.46139058,17.97752809,0.374879846,27.08333333,3.950656841,44.19354839,0.749759692,50,75.20666453,2.941364947,1.182313361,1.297661006,7.036206344,1.528356296,0.605575136,0.057673822,1.038128805,4.037167574,0.432553669,1.038128805,0.807433515
789502,10203,3110,0.290856276,2.40192926,0.926045016,0.376205788,0.084414351,28.36012862,81.12582781,1.215434084,56,1.418006431,0.144694534,0.260450161,20.93023256,0.868167203,47.61904762,3.762057878,40.37267081,1.186495177,35.04273504,50.46945338,3.646302251,1.07073955,1.186495177,5.151125402,0.578778135,0.376205788,0.08681672,0.752411576,3.183279743,0.578778135,0.636655949,0.926045016
209405,8650,3420,0.099239475,0.789473684,0.368421053,0.605263158,0.035438312,65.39473684,89.00429799,3.605263158,45.97315436,0.315789474,,,,0.052631579,100,5.684210526,73.46938776,4.578947368,74.35897436,85.81578947,1.868421053,0.026315789,0.473684211,9.236842105,0.578947368,0.736842105,0.684210526,0.5,,,,
780432,8463,2286,0.022519686,0.433070866,0.078740157,,0.055899883,78.18897638,90.43715847,3.661417323,53.75722543,0.551181102,0.157480315,0.078740157,40,0.157480315,80,5.826771654,62.9787234,2.401574803,70.93023256,100.3937008,0.551181102,0.433070866,1.417322835,6.850393701,1.850393701,0.984251969,0.590551181,1.496062992,5.078740157,0.236220472,0.511811024,
774448,10204,3134,0.058255902,0.804084237,0.373324825,0.028717294,0.095601961,33.59923421,85.58888076,1.263560944,47.31182796,0.603063178,0.057434588,0.660497766,21.2962963,0.34460753,54.54545455,3.90555201,53.96825397,0.918953414,50,59.30121251,1.665603063,0.516911295,1.033822591,4.910657307,1.636885769,0.746649649,0.201021059,0.631780472,3.733248245,0.34460753,1.062539885,2.32610083
159833,8191,3097,0.004594446,0.116241524,,0.029060381,0.038914923,32.40232483,77.37682165,2.731675815,39.66244726,0.377784953,0.087181143,0.203422667,18.91891892,0.377784953,48.14814815,4.01033258,52.87356322,1.365837908,51.08695652,64.86277042,0.29060381,0.406845334,0.639328382,6.189861156,1.627381337,1.307717146,0.29060381,0.929932192,4.504359057,0.145301905,0.552147239,2.964158863
1098607,8668,1569,0.044747609,0.34416826,0.17208413,0.229445507,0.01850608,28.22179732,81.32231405,1.950286807,47.22222222,0.34416826,0.057361377,0.34416826,33.33333333,0.229445507,44.44444444,4.359464627,55.47445255,2.40917782,57.53424658,52.54302103,1.319311663,0.286806883,0.286806883,7.055449331,1.491395793,0.229445507,0.229445507,0.745697897,2.982791587,0.229445507,0.458891013,5.105162524
654096,9825,3099,0.092198452,1.161665053,0.377541142,0.058083253,0.202006611,54.16263311,87.31273408,2.555663117,48.08743169,1.829622459,0.493707648,1.364956438,26.40449438,0.406582769,50,4.211035818,60.1659751,1.452081317,67.56756757,80.41626331,1.626331075,0.522749274,0.31945789,10.94869313,2.032913843,1.074540174,0.348499516,0.755082285,5.22749274,0.348499516,0.406582769,2.265246854
950485,9826,3087,0.069411079,0.699708455,0.204081633,0.437317784,0.026011314,42.56559767,88.16425121,2.448979592,49.12280702,0.204081633,0.087463557,0.058309038,40,0.204081633,63.63636364,5.947521866,61.26126126,3.469387755,61.34020619,64.83965015,2.157434402,0.174927114,0.55393586,10.93294461,1.749271137,1.311953353,0.524781341,0.991253644,,,,
422685,10260,3066,0.179189829,2.495107632,0.704500978,0.058708415,0.361579972,48.11154599,82.19658977,4.050880626,60,3.992172211,0.968688845,1.614481409,30.05464481,0.440313112,41.66666667,3.639921722,45.58823529,0.616438356,38.88888889,77.70058708,2.671232877,0.880626223,1.02739726,8.454011742,1.585127202,0.587084149,0.146771037,0.733855186,,,,
729731,10252,3020,0.035329471,0.894039735,0.298013245,,0.087858609,35.49337748,85.49892319,1.668874172,42.42424242,0.894039735,0.119205298,0.774834437,19.84732824,0.32781457,55,4.082781457,51.5037594,0.953642384,54.23728814,64.5794702,1.221854305,0.506622517,0.894039735,5.543046358,1.966887417,0.655629139,0.417218543,1.221854305,2.622516556,0.089403974,1.043046358,2.503311258
1097466,8586,3043,0.074738743,0.47321722,0.177456457,0.23660861,0.010977997,47.35129806,90.4519774,2.011173184,44.73684211,0.177456457,0.029576076,,,0.325336839,73.33333333,3.519553073,54.33789954,1.390075583,46.53465347,63.47025961,0.976010516,0.147880381,0.650673677,6.329280315,1.153466973,0.650673677,0.650673677,0.828130135,,,,
820140,8633,3100,0.035187097,0.348387097,0.116129032,0.261290323,0.028418653,56.40967742,89.62177122,1.916129032,45.83333333,0.232258065,0.058064516,0.029032258,33.33333333,0.14516129,71.42857143,6.387096774,68.96551724,3.6,71.26436782,76.58709677,0.551612903,0.14516129,1.190322581,8.593548387,1.538709677,0.841935484,0.696774194,0.958064516,,,,
710159,10252,3036,0.037099803,0.326086957,0.059288538,0.23715415,0.017141561,59.37747036,95.47187798,1.808300395,61,0.148221344,0.029644269,0.029644269,20,0.23715415,66.66666667,2.964426877,67.11409396,0.948616601,57.14285714,72.30237154,0.770750988,0.177865613,1.185770751,5.81027668,0.652173913,0.681818182,0.859683794,0.326086957,3.201581028,0.088932806,0.118577075,3.616600791
1031325,9825,2962,0.0844183,0.729237002,0.243079001,,0.038664211,44.93923025,84.41780822,2.795408508,52.87356322,0.577312627,0.030384875,0.06076975,16.66666667,0.577312627,67.85714286,4.983119514,58.15602837,1.640783255,62.06896552,66.75557056,1.91424713,0.516542876,0.577312627,6.380823768,2.218095881,1.336934504,0.486158001,1.336934504,4.253882512,0.303848751,0.486158001,
1356312,8586,2919,0.12365056,1.294964029,0.431654676,,0.112171499,32.21993834,84.54692557,1.788283659,65.16853933,1.048304214,0.184994861,0.98663926,28.31858407,1.510791367,50,6.41315519,53.88601036,0.462487153,62.5,59.16752312,1.541623844,1.109969168,1.695786228,4.779033916,2.744090442,0.863309353,0.246659815,1.418293936,5.519013361,0.49331963,1.202466598,
1250443,8191,2937,0.022143003,0.306435138,0.030643514,0.183861083,0.020159068,35.85291113,86.8596882,1.593462717,37.95620438,0.214504597,0.030643514,0.061287028,33.33333333,0.091930541,60,4.259448417,66.19047619,2.451481103,67.79661017,54.75995914,0.919305414,0.091930541,0.367722165,10.26557712,1.348314607,1.13381001,1.011235955,0.398365679,3.493360572,0.061287028,0.459652707,6.772216547
1067763,8472,3810,0.047007874,0.68503937,0.212598425,0.023622047,0.174781052,36.8503937,78.86754297,1.984251969,38.88888889,1.346456693,0.307086614,0.968503937,29.49640288,0.283464567,38.70967742,6.118110236,57.04845815,2.267716535,57.48502994,72.25984252,1.795275591,0.307086614,0.755905512,7.440944882,2.811023622,1.062992126,0.42519685,1.015748031,4.086614173,0.047244094,1.181102362,3.141732283
737066,8456,2958,0.67786002,3.8336714,1.795131846,0.973630832,0.086814579,7.667342799,65.625,0.121703854,28.57142857,0.760649087,0.273833671,0.030425963,33.33333333,0.517241379,53.125,3.955375254,53.94190871,2.221095335,61.86440678,23.67139959,6.480730223,0.69979716,0.760649087,3.164300203,0.456389452,0.152129817,0.030425963,0.730223124,1.247464503,0.395537525,0.182555781,1.277890467
1049999,8472,2934,0.061392638,1.104294479,0.36809816,0.061349693,0.181447714,27.79141104,81.40161725,1.012269939,56.89655172,1.625766871,0.398773006,0.766871166,25,0.398773006,28.26086957,4.81595092,45.90643275,0.552147239,26.08695652,53.6196319,1.901840491,0.950920245,1.134969325,9.81595092,2.73006135,0.889570552,0.36809816,0.950920245,4.72392638,0.705521472,1.196319018,1.104294479
961306,9937,3420,0.065805266,0.447368421,0.157894737,,0.041476962,44.55263158,86.33350331,2.105263158,43.47826087,0.263157895,0.105263158,0.052631579,25,0.157894737,54.54545455,5.105263158,61.00628931,3.131578947,62.96296296,65.68421053,1.868421053,0.210526316,0.815789474,9.236842105,1.052631579,0.894736842,1.5,0.763157895,4.263157895,0.105263158,0.368421053,
956683,8650,2996,0.057034045,1.141522029,0.390520694,,0.067798623,49.65620828,88.87096774,0.690921228,31.50684932,0.871161549,0.120160214,,,0.961281709,58.18181818,4.806408545,56.33802817,0.811081442,55.10204082,71.10480641,0.931241656,0.781041389,1.261682243,9.012016021,1.772363151,1.441922563,0.360480641,1.141522029,3.845126836,0.270360481,0.510680908,1.59212283
874025,8668,3084,0.014343385,0.408560311,0.029182879,,0.064628644,22.29571984,78.60082305,1.459143969,42.37288136,0.700389105,0.116731518,0.846303502,28.71287129,0.233463035,47.05882353,4.435797665,58.91472868,1.429961089,56.32183908,50.89494163,0.963035019,0.321011673,0.992217899,7.354085603,1.838521401,1.284046693,0.291828794,0.642023346,,,,
796974,10204,2821,0.113257709,0.893300248,0.350939383,0.669975186,0.035865259,76.79191776,90.45471627,2.20134704,44.51612903,0.350939383,,,,0.03190358,20,5.359801489,59.15492958,3.637008153,61.62162162,97.1144984,1.435661113,0.287132223,0.669975186,6.795462602,1.05281815,0.893300248,0.414746544,0.829493088,3.956043956,0.095710741,0.319035803,4.43459766
717174,8463,4136,0.027178435,0.45696325,0.043520309,0.41344294,0.046377381,75.15957447,92.47657296,2.741779497,58.33333333,0.304642166,0.043520309,,,0.087040619,80,4.352030948,62.69592476,2.676499033,60,92.26305609,0.848646035,0.065280464,0.739845261,7.006769826,0.913926499,0.631044487,0.435203095,0.631044487,,,,
488139,8633,2886,0.079955301,0.935550936,0.218295218,0.031185031,0.127198552,62.02702703,90.20408163,2.151767152,57.5,1.465696466,0.218295218,0.592515593,26.38888889,0.654885655,42.85714286,3.14968815,41.05691057,0.124740125,16,82.98336798,2.931392931,1.06029106,0.686070686,8.17047817,1.683991684,0.686070686,0.187110187,1.153846154,4.553014553,0.592515593,0.841995842,1.06029106
1137407,10261,2964,0.143350208,0.850202429,0.425101215,0.48582996,0.029536533,46.12348178,89.61651917,2.58097166,57.43243243,0.182186235,0.030364372,0.030364372,12.5,0.24291498,100,5.344129555,64.46886447,3.461538462,65.14285714,64.1902834,1.518218623,0.091093117,0.334008097,8.866396761,1.336032389,0.941295547,1.002024291,0.728744939,,,,
540963,9879,2911,0.047507386,0.463758159,0.092751632,0.092751632,0.046479599,48.01442803,89.82070561,1.669529371,62.79069767,0.649261422,0.092751632,0.092751632,23.07692308,0.278254895,42.85714286,4.019237375,54.39330544,1.545860529,61.72839506,64.15321195,0.834764686,0.618344212,0.432840948,8.687736173,1.762281003,0.772930265,0.494675369,1.08210237,,,,
201690,10204,2837,0.054104688,0.761367642,0.095170955,0.475854776,0.018181257,72.99612266,92.33547352,2.601339443,47.6744186,0.222065562,0.031723652,0.031723652,20,0.126894607,100,4.028903772,58.52534562,2.410997533,60.31746032,90.79309129,1.364117025,0.158618259,0.380683821,7.423334508,1.110327811,0.951709552,0.856538597,0.475854776,,,,
207236,8472,2903,0.031520152,0.651050637,0.155012056,0.031002411,0.114925156,46.87564588,83.67459878,4.278332759,54.98007968,1.054081984,0.279021702,0.71305546,23.23232323,0.341026524,45.83333333,4.805373751,60.31128405,1.736135033,61.53846154,71.15053393,0.496038581,0.527040992,1.271098863,11.2538753,1.550120565,0.899069928,0.620048226,0.71305546,5.549431622,0.279021702,0.496038581,2.63520496
1359649,8472,2894,0.045255009,0.559778853,0.155494126,0.031098825,0.044924417,29.35729095,85.35262206,1.181755356,46.34146341,0.590877678,,0.124395301,19.04761905,0.839668279,61.36363636,3.825155494,53.47826087,0.342087077,36.66666667,48.20317899,1.119557706,0.777470629,1.243953006,7.743607464,1.430545957,1.057360055,0.342087077,0.995162405,3.545266068,0.497581202,0.528680028,1.368348307
503659,9879,2663,0.036141944,0.675929403,0.202778821,,0.01848183,57.58918513,82.9600779,6.99586932,46.62162162,0.135185881,0.03379647,0.10138941,23.07692308,0.135185881,100,4.156965828,62.75510204,2.568531731,65.51724138,83.34209538,0.743522343,0.135185881,0.642132933,9.564401051,0.946301164,1.149079985,0.946301164,0.675929403,,,,
1174672,8602,2833,0.040609603,0.603600424,0.222379103,,0.06606843,39.55171197,85.56701031,1.238969291,54.16666667,0.508295094,0.063536887,0.349452877,34.375,1.366043064,64.17910448,7.179668196,50.44642857,0.85774797,50,65.12530886,1.14366396,1.747264384,1.556653724,12.32615602,3.399223438,1.14366396,0.19061066,2.192022591,6.163078009,0.38122132,1.556653724,1.429579951
789646,8463,2802,0.067859743,0.578158458,0.128479657,,0.10143544,21.64882227,76.24434389,1.059957173,36.66666667,0.674518201,0.2248394,0.51391863,23.88059701,0.610278373,33.33333333,4.43254818,45.54455446,0.770877944,45.28301887,49.68950749,2.248394004,1.092077088,0.931477516,5.717344754,2.119914347,1.092077088,0.160599572,1.25267666,4.304068522,0.51391863,0.835117773,2.344753747
540088,10252,2852,0.477893055,2.619214586,1.199158485,0.441795231,0.041110774,10.91865358,72.68907563,0.126227209,50,0.725806452,0.126227209,0.063113604,28.57142857,0.820476858,46.42857143,3.66058906,41.13475177,1.136044881,38.70967742,27.99088359,5.585553997,1.356942496,1.009817672,2.966339411,0.694249649,0.189340813,0.063113604,1.104488079,1.54628331,0.504908836,0.126227209,0.473352034
1174296,8602,2766,0.016984816,0.488069414,0.032537961,,0.032287891,38.98047722,91.38062548,1.919739696,68.60465116,0.585683297,0.032537961,0.32537961,25,0.618221258,55.88235294,4.815618221,50.85910653,0.130151844,21.05263158,57.36442516,0.195227766,0.976138829,1.399132321,12.59219089,2.668112798,0.976138829,0.422993492,1.529284165,6.898047722,0.32537961,1.203904555,1.626898048
1233655,8678,751,0.090359522,1.797603196,0.838881491,,0.121595785,33.91478029,85.24096386,1.797603196,65.2173913,1.438082557,0.119840213,0.239680426,28.57142857,0.719041278,31.57894737,7.909454061,49.25373134,0.838881491,50,62.67643142,2.037283622,0.958721704,3.115845539,6.231691079,3.235685752,1.19840213,0.479360852,2.037283622,6.231691079,1.078561917,2.7563249,
919435,9937,2761,0.101875043,0.749728359,0.228178196,0.586743933,0.048454253,41.03947845,88.53727145,1.727634915,51.45631068,0.228178196,0.162984426,,,0.032596885,100,5.704454908,64.57564576,4.563563926,66.3507109,59.16334661,1.792828685,0.130387541,0.358565737,8.801159,0.749728359,0.94530967,0.749728359,0.488953278,3.553060485,0.032596885,0.228178196,6.356392611
950829,9826,2826,0.075031845,0.477707006,0.063694268,0.382165605,0.04399789,39.55414013,83.97565923,2.101910828,37.93103448,0.286624204,0.031847134,0.159235669,38.46153846,0.127388535,66.66666667,5.414012739,56.47840532,3.407643312,56.61375661,66.27388535,1.401273885,0.350318471,0.159235669,9.968152866,1.751592357,1.369426752,0.605095541,0.573248408,2.070063694,,0.573248408,6.242038217
955529,8456,2865,0.010928796,0.219895288,0.062827225,,0.070369855,60.37696335,89.10523876,1.916230366,51.69491525,0.879581152,0.188481675,0.502617801,24.24242424,0.879581152,49.12280702,4.931937173,58.80149813,1.319371728,60.86956522,90.65968586,1.256544503,0.565445026,0.942408377,6.12565445,1.790575916,0.942408377,0.251308901,0.534031414,,,,
1098096,8678,2759,0.345386019,2.283436028,0.717651323,0.782892352,0.04853267,11.61290323,76.55913978,0.130482059,50,1.011235955,0.097861544,,,0.521928235,50,3.686118159,39.78873239,1.53316419,35.60606061,27.36861182,4.566872055,1.272200072,1.206959043,4.436389996,0.424066691,0.260964117,0.195723088,0.848133382,2.609641174,0.619789779,0.260964117,0.945994926
965764,8668,2786,0.165714999,1.389088299,0.710696339,0.064608758,0.142603222,25.52045944,83.95324123,0.193826274,31.57894737,0.969131371,0.226130653,0.226130653,12.72727273,2.35821967,54.47761194,6.170136396,46.6992665,0.355348169,23.40425532,50.91170136,3.295046662,2.067480258,1.195262024,9.206748026,2.261306533,0.516870065,0.064608758,0.969131371,5.750179469,0.839913855,0.872218234,0.613783202
751998,8472,2802,0.052805141,0.770877944,0.289079229,0.353319058,0.029520574,33.95074946,81.05828221,2.505353319,40,0.289079229,0.032119914,0.096359743,27.27272727,0.546038544,80.95238095,4.689507495,54.27509294,2.826552463,57.51633987,57.23768737,1.509635974,0.385438972,0.321199143,10.0856531,1.027837259,1.156316916,0.931477516,1.092077088,3.308351178,0.096359743,0.256959315,6.970021413
1137668,8455,2802,0.046120984,0.867237687,0.2248394,,0.076437849,60.48179872,91.71943497,2.087794433,64.35643564,0.578158458,0.128479657,0.064239829,28.57142857,0.481798715,53.57142857,5.524625268,55.66343042,0.481798715,34.09090909,80.17130621,0.51391863,0.610278373,1.766595289,11.75588865,2.794432548,1.895074946,0.481798715,1.734475375,,,,
1083796,9937,2757,0.371810666,1.860718172,0.783460283,0.84874864,0.068061269,11.65397171,67.74193548,0.228509249,38.88888889,0.914036997,0.228509249,0.163220892,22.72727273,0.652883569,26.66666667,6.202393906,44.08352668,2.840043526,50.28901734,35.51686616,4.602829162,1.46898803,1.403699674,6.104461371,1.338411317,0.587595212,0.097932535,1.632208923,3.068552775,0.326441785,0.293797606,1.011969532
612150,8463,2726,0.391902798,2.443140132,1.122523844,0.924431401,0.035968734,8.881144534,58.47826087,0.165077036,50,0.660308144,0.066030814,0.033015407,10,0.264123258,26.66666667,6.074834923,39.48497854,4.22597212,40.3785489,29.48275862,4.457079971,0.957446809,1.254585473,3.466617755,0.330154072,0.132061629,0.297138665,1.485693324,1.518708731,0.594277329,0.132061629,1.188554659
795179,9825,2751,0.095764452,0.883315158,0.229007634,0.490730643,0.059488081,49.98909487,88.17080208,2.551799346,44.57142857,0.229007634,0.163576881,0.032715376,20,0.032715376,50,5.594329335,65.26717557,3.238822246,62.26415094,70.5997819,1.504907306,0.130861505,1.112322792,9.062159215,1.243184297,0.752453653,1.112322792,0.687022901,2.093784079,0.065430752,0.229007634,5.954198473
1451265,8654,2711,0.018846552,0.597565474,0.132792328,0.066396164,0.08260903,25.62891922,74.37379576,1.892290668,30.64516129,0.962744375,0.165990409,0.962744375,26.85185185,0.763555883,48.93617021,4.548137219,53.7254902,1.493913685,54.87804878,60.45370712,0.995942457,0.630763556,0.829952047,6.838804869,1.460715603,1.095536702,0.431575065,0.929546293,,,,
1021382,8455,2674,0.503384084,2.456993269,0.942408377,0.706806283,0.067257697,17.56918474,75.32467532,0.370231862,50,0.976065819,0.201944652,0.033657442,5.555555556,1.346297681,51.28205128,6.596858639,48.27586207,2.490650711,48.05194805,41.93717277,4.880329095,1.851159312,1.884816754,4.644727001,0.908750935,0.235602094,0.16828721,1.278982797,2.423335826,0.538519073,0.134629768,0.908750935
602304,8472,2787,0.06085899,0.839612487,0.129171152,0.193756728,0.080251209,30.19375673,78.63751051,1.485468245,38.01652893,0.775026911,0.226049516,0.452099031,16.27906977,0.419806243,48.14814815,5.909580194,58.28025478,2.551130248,59.84848485,65.23143165,1.872981701,0.484391819,0.839612487,8.880516685,2.228202368,1.291711518,0.322927879,1.130247578,4.230355221,0.096878364,0.452099031,5.037674919
793907,8455,1974,0.091645902,0.820668693,0.319148936,,0.028962735,43.03951368,86.28884826,2.279635258,40.98360656,0.364741641,0.227963526,0.045592705,10,0.364741641,72.72727273,4.832826748,58.88888889,2.051671733,59.21052632,64.69604863,1.185410334,0.410334347,1.003039514,8.024316109,1.41337386,1.32218845,0.547112462,0.866261398,3.875379939,0.227963526,0.547112462,
806552,8650,2747,0.277096457,2.850382235,0.688023298,0.327630142,0.153784176,19.29741536,78.53333333,0.491445213,57.69230769,1.769202767,0.327630142,0.360393156,12.64367816,1.113942483,49.27536232,5.3076083,48.50299401,1.834728795,50.90909091,43.11612668,6.126683655,0.917364398,1.441572625,5.012741172,0.917364398,0.425919185,0.131052057,1.376046596,2.850382235,0.655260284,0.458682199,0.688023298
941573,8586,2798,0.033716226,1.029306648,0.257326662,0.032165833,0.143983633,35.44674768,74.96598639,4.310221587,45.57823129,1.704789135,0.257326662,1.962115797,25.73839662,0.611150822,42.22222222,4.503216583,51.85185185,0.611150822,43.18181818,78.13080772,1.254467477,0.289492495,0.836311651,7.04431737,2.444603288,0.997140815,0.321658327,1.029306648,4.278055754,0.289492495,1.222301644,3.280914939
1171140,9937,3672,0.230014698,2.37745098,0.833333333,,0.199379243,26.59313725,80.01474926,0.931372549,42.69662921,1.985294118,0.318627451,1.397058824,22.70916335,1.568627451,42.95302013,4.338235294,41.84397163,0.490196078,36.36363636,58.1127451,5.049019608,1.397058824,0.906862745,3.235294118,1.37254902,0.759803922,0.12254902,0.931372549,4.044117647,0.637254902,0.759803922,
1157236,9937,2665,0.040586116,0.540337711,0.135084428,0.067542214,0.046882968,38.36397749,84.3355605,2.262664165,47.5177305,0.472795497,0.033771107,0.270168856,26.66666667,0.506566604,35.71428571,4.356472795,45.74468085,1.080675422,55.17241379,60.18011257,0.607879925,0.77673546,0.405253283,11.48217636,2.363977486,0.945590994,0.472795497,1.249530957,6.315196998,0.472795497,1.350844278,1.384615385
831489,8650,2662,0.131558229,1.758076634,0.405709992,0.473328325,0.056865519,42.09241172,86.57858136,1.62283997,50.52631579,1.183320811,0.135236664,0.304282494,45,0.371900826,40.74074074,3.820435763,45.2,0.574755823,45.94594595,62.95266717,2.197595793,0.980465815,1.081893313,7.776108189,1.7918858,0.709992487,0.304282494,1.183320811,3.786626597,0.405709992,1.352366642,1.183320811
1300526,8456,2648,0.204906345,1.393504532,0.509818731,0.4418429,0.091278814,39.66389728,86.18906942,0.577794562,31.48148148,0.781722054,0.203927492,0.305891239,23.68421053,0.81570997,40.6779661,5.472054381,46.93877551,1.733383686,52.57731959,70.28700906,3.500755287,1.155589124,0.611782477,5.84592145,2.311178248,0.679758308,0.407854985,1.529456193,3.704682779,0.373867069,0.747734139,2.447129909
873289,8633,2710,0.077924724,0.664206642,0.199261993,0.132841328,0.106732583,42.11070111,87.75086505,1.42804428,47.77777778,1.295202952,0.199261993,0.431734317,30.23255814,0.033210332,33.33333333,3.985239852,52.63157895,1.195571956,52.17391304,67.38376384,2.789667897,0.232472325,0.963099631,6.044280443,1.826568266,1.062730627,0.265682657,1.494464945,3.752767528,0.166051661,0.730627306,2.889298893
886016,8668,2635,0.147367742,1.332068311,0.512333966,0.034155598,0.18382453,28.89563567,82.45614035,0.785578748,34.32835821,1.263757116,0.341555977,0.717267552,18.75,0.922201139,54,5.020872865,50.51546392,0.717267552,45.65217391,53.9658444,2.869070209,1.673624288,1.639468691,7.855787476,1.776091082,0.409867173,0.136622391,1.092979127,,,,
843040,8455,2643,0.157150957,1.566401816,0.442678774,0.10215664,0.23257426,27.68444949,87.3254565,1.021566402,66.66666667,1.80476731,0.408626561,1.293984109,20.32085561,1.60045403,45.19230769,3.405221339,40.32258065,0.306469921,27.27272727,51.41884222,3.643586833,0.851305335,0.851305335,4.154370034,0.646992054,0.20431328,,0.544835414,2.860385925,0.442678774,0.885357548,0.442678774
494417,8463,1157,0.327531539,3.34485739,1.32238548,,0.091015331,24.19187554,77.94486216,1.166810717,41.66666667,1.555747623,0.155574762,0.855661193,26.82926829,0.70008643,47.36842105,4.356093345,51.37614679,0.388936906,20,49.39498704,5.289541919,0.466724287,1.711322385,2.878133103,1.555747623,0.544511668,0.077787381,0.933448574,4.278305964,0.70008643,0.466724287,
789630,8678,2738,0.24596823,2.300949598,0.788897005,0.065741417,0.152587231,30.99707816,83.59929078,0.986121256,38.96103896,1.775018262,0.295836377,0.624543462,16.66666667,1.281957633,43.82022472,4.536157779,43.26018809,0.788897005,38.70967742,58.80569759,3.747260774,1.446311176,1.150474799,8.283418554,1.314828342,0.558802045,0.197224251,0.986121256,4.930606282,0.854638422,0.690284879,1.281957633
1296650,9826,2562,0.053437941,1.12412178,0.210772834,0.035128806,0.25910918,34.32084309,79.30194805,2.388758782,48.22695035,1.545667447,0.491803279,0.983606557,31.46067416,0.526932084,51.72413793,4.918032787,48.61111111,0.843091335,43.63636364,59.71896956,1.018735363,0.948477752,1.088992974,10.78454333,2.459016393,0.948477752,0.105386417,1.229508197,,,,
923312,10260,2621,0.41867342,2.506676841,1.098817245,0.274704311,0.173057214,21.59862648,79.0201005,0.515070584,53.57142857,1.613887829,0.206028233,1.201831362,33.01886792,0.6180847,33.33333333,2.953071347,32.45283019,0.515070584,16.30434783,45.5322396,5.150705837,0.995803129,0.96146509,4.772987409,0.858450973,0.274704311,0.034338039,0.789774895,3.124761541,0.686760778,0.480732545,0.480732545
290410,8668,2590,0.080826254,0.903474903,0.243243243,0.451737452,0.017652481,32.73359073,85.48094374,2.11969112,47.65625,0.069498069,,,,0.208494208,54.54545455,5.55984556,61.53846154,3.891891892,63.63636364,53.40926641,2.258687259,0.173745174,0.208494208,10.52895753,1.250965251,1.285714286,0.938223938,0.555984556,3.057915058,0.034749035,0.416988417,7.054054054
955406,9825,2615,0.029512427,0.17208413,0.034416826,0.137667304,0.049020552,67.25047801,92.87072243,2.030592734,50.86206897,0.34416826,0.034416826,0.137667304,44.44444444,0.240917782,70,4.508604207,56.70995671,2.512428298,55.3030303,83.01338432,0.757170172,0.309751434,0.550669216,6.608030593,1.20458891,0.585086042,0.240917782,0.757170172,3.889101338,0.068833652,0.240917782,4.577437859
744494,8463,2637,0.037675766,0.614334471,0.102389078,0.034129693,0.093833074,24.91467577,76.2800418,1.023890785,28.57142857,0.716723549,0.136518771,0.819112628,26.37362637,1.33105802,52.7027027,6.075085324,53.61445783,0.614334471,36,59.0443686,1.740614334,0.887372014,1.911262799,6.211604096,2.218430034,0.921501706,0.23890785,1.058020478,3.822525597,0.307167235,1.023890785,2.832764505
941213,8654,2480,0.187689912,1.959677419,0.544354839,0.036290323,0.124209907,19.19758065,82.7856025,0.326612903,56.25,1.016129032,0.14516129,0.508064516,23.72881356,1.850806452,48.57142857,6.169354839,50.29585799,0.254032258,30.43478261,44.31048387,4.209677419,1.415322581,2.431451613,7.802419355,1.633064516,0.580645161,0.14516129,1.778225806,4.35483871,0.508064516,0.471774194,1.088709677
848034,8602,1682,0.022885256,0.321046373,0.160523187,,0.006284643,39.4351962,88.0525687,1.551724138,40.27777778,,,,,,,4.33412604,54.72972973,1.872770511,52.23880597,55.96908442,0.374554102,0.107015458,0.267538644,7.865636147,2.193816885,0.802615933,1.123662307,1.391200951,2.300832342,0.107015458,0.267538644,
751550,10260,2616,0.068852068,0.825688073,0.206422018,0.03440367,0.088346642,33.09633028,84.98233216,1.410550459,61.19402985,0.997706422,0.172018349,0.584862385,29.8245614,0.619266055,66.66666667,4.644495413,59.47136564,1.788990826,71.23287671,61.41055046,1.616972477,0.550458716,0.481651376,6.22706422,1.823394495,0.928899083,0.309633028,0.860091743,4.644495413,0.309633028,0.722477064,3.165137615
863098,10260,2503,0.253769078,3.23611666,1.258489812,0.215741111,0.118020351,25.45745106,80.45454545,0.791050739,52.38095238,1.22253296,0.143827407,0.39552537,22,1.582101478,48.35164835,5.896923692,46.45892351,1.00679185,37.83783784,54.47463044,4.926088694,1.905713144,1.941669996,7.622852577,1.402317219,0.755093887,0.107870555,0.970834998,4.566520176,0.719137036,0.647223332,0.791050739
877401,9879,3074,0.029986336,0.409889395,0.117111256,,0.01297985,56.38906962,90.12634534,2.605725439,48.63387978,0.087833442,,0.029277814,12.5,0.439167209,57.69230769,4.216005205,62.33766234,1.288223813,57.14285714,74.24853611,0.556278465,0.234222511,0.936890046,5.97267404,1.581001952,0.585556278,0.497722837,0.761223162,4.918672739,0.087833442,0.263500325,
719219,8654,2037,0.074063331,0.795287187,0.220913108,0.486008837,0.018391463,47.76141384,86.89710611,2.871870398,44.82758621,0.220913108,0.088365243,0.044182622,50,0.397643594,64.28571429,5.169366716,67.24137931,2.606774669,69.41176471,69.58762887,1.060382916,0,0.706921944,9.543446244,1.546391753,1.76730486,0.795287187,0.751104566,3.402061856,0.044182622,0.486008837,5.434462445
850354,10261,2455,0.147460689,1.539714868,0.843177189,0.183299389,0.182664836,45.82484725,86.14748449,2.969450102,60.44776119,1.649694501,0.256619145,0.769857434,25.6097561,0.6598778,37.5,6.15885947,50.45045045,0.476578411,37.14285714,74.56619145,2.016293279,1.686354379,2.749490835,9.201629328,2.272912424,0.549898167,0.109979633,1.649694501,4.949083503,0.6598778,0.953156823,1.319755601
952322,8463,2465,0.166180522,1.716024341,0.620689655,0.036511156,0.132451829,19.78904665,81.13772455,0.255578093,29.16666667,1.24137931,0.328600406,0.365111562,27.77777778,1.131845842,36.9047619,5.695740365,40.10282776,0.876267748,33.33333333,46.62474645,3.578093306,2.701825558,1.862068966,7.886409736,1.825557809,0.547667343,0.146044625,0.730223124,,,,
867414,8586,2631,0.15048232,1.197263398,0.410490308,,0.094490078,42.99885975,85.91934381,1.744583808,53.68421053,0.957810718,0.136830103,0.54732041,29.62962963,0.684150513,58.82352941,4.515393387,54.09836066,0.410490308,48,65.78107184,1.57354618,0.78677309,1.676168757,4.310148233,1.744583808,1.163055872,0.376282782,1.265678449,6.054732041,0.444697834,0.889395667,
1400227,10204,2398,0.1427352,1.538782319,0.412844037,0.075062552,0.192232341,16.06338616,67.93650794,0.562969141,48.38709677,1.651376147,0.412844037,1.388657214,23.27044025,2.439532944,53.71900826,6.080066722,48.21428571,0.713094245,37.25490196,48.94078399,6.943286072,1.276063386,0.825688073,6.905754796,2.10175146,0.638031693,,1.201000834,3.565471226,0.713094245,0.788156797,0.600500417
604785,9879,2994,0.129087177,2.044088176,0.871743487,,0.20982857,33.09619238,80.01453488,1.713426854,53.77358491,1.773547094,0.360721443,0.751503006,19.84126984,1.442885772,53.33333333,3.517034068,45,0.210420842,18.42105263,59.60921844,3.577154309,1.20240481,0.541082164,2.615230461,1.322645291,0.420841683,0.03006012,0.571142285,4.208416834,0.511022044,0.360721443,
1116391,8602,2364,0.032687818,0.609137056,0.228426396,0.038071066,0.133796292,26.00253807,80.54245283,0.95177665,33.78378378,1.446700508,0.228426396,2.208121827,34.73053892,1.180203046,40.25974026,5.368020305,48.12286689,0.723350254,45.23809524,64.41624365,1.789340102,1.218274112,0.913705584,6.700507614,2.550761421,1.446700508,0.152284264,0.685279188,,,,
1200631,8191,2350,0.095798298,0.880851064,0.306382979,0.153191489,0.015912252,25.16170213,83.37563452,0.957446809,53.19148936,0.382978723,,0.038297872,14.28571429,0.612765957,50,4.672340426,49.59349593,0.995744681,45.61403509,44.19574468,1.531914894,1.187234043,1.14893617,8.195744681,1.953191489,0.689361702,0.804255319,1.072340426,,,,
881735,8463,2378,0.110683347,2.081581161,0.529857023,0.07569386,0.170757484,27.47687132,77.31629393,1.589571068,53.84615385,2.384356602,0.340622372,1.703111859,28.66242038,0.756938604,47.61904762,5.86627418,53.08219178,1.816652649,62.33766234,57.71656854,2.081581161,0.984020185,0.908326325,10.0294365,2.460050463,0.756938604,0.340622372,1.362489487,,,,
1526689,8678,2323,0.04380284,0.813603099,0.154972019,,0.062442736,26.9651313,80.1843318,1.588463194,46.59090909,0.542402066,0.077486009,0.426173052,21.56862745,1.510977185,52,5.462763668,50.90252708,0.503659062,37.14285714,56.87473095,1.588463194,0.774860095,0.774860095,5.733964701,2.673267327,1.046061128,0.426173052,1.356005166,,,,
859282,9826,2403,0.091453188,1.011235955,0.486891386,0.149812734,0.148555938,24.45692884,79.24757282,0.973782772,37.14285714,1.011235955,0.299625468,0.524344569,22.22222222,0.074906367,13.33333333,5.168539326,51.87969925,1.647940075,44.89795918,52.88389513,2.808988764,0.262172285,0.674157303,7.415730337,2.771535581,0.973782772,0.037453184,1.310861423,3.632958801,0.224719101,0.786516854,3.632958801
1082102,10203,2314,0.227749785,2.722558341,0.816767502,1.011235955,0.049251849,12.95159896,72.70742358,0.505617978,81.25,0.583405359,0.194468453,0.116681072,30,0.427830596,28.20512821,6.02852204,39.24050633,3.150388937,39.13043478,34.34312878,4.822817632,1.672428695,1.555747623,4.783923941,0.933448574,0.116681072,0.194468453,1.633535004,2.372515125,0.738980121,0.311149525,1.166810717
798029,8602,2361,0.084747144,0.800508259,0.381194409,0.571791614,0.056717281,41.43583227,82.53606682,3.354510801,42.30769231,0.343074968,0.076238882,0.152477764,23.52941176,0.076238882,50,3.964421855,50.24154589,2.439644219,56.63716814,63.65946633,1.791613723,0.304955527,0.266836086,7.471410419,1.219822109,1.219822109,0.571791614,1.25794155,3.011435832,0.038119441,0.495552732,4.459974587
1152455,8650,2388,0.26476131,1.922110553,0.67839196,0.037688442,0.1948899,45.2638191,84.51794511,1.507537688,57.97101449,2.261306533,0.188442211,0.188442211,15.625,1.469849246,52.7027027,3.731155779,39.91935484,0.263819095,14.89361702,70.66582915,6.067839196,1.35678392,0.716080402,6.595477387,1.281407035,0.414572864,0.075376884,0.829145729,4.334170854,0.791457286,0.67839196,0.489949749
942381,9825,2422,0.043483897,0.520231214,0.14863749,0.14863749,0.047190161,38.60858794,87.90186125,0.445912469,30.76923077,0.631709331,0.037159372,0.14863749,14.28571429,0.891824938,50,4.942196532,55.41666667,0.817506193,52.38095238,65.10322048,2.601156069,0.891824938,1.0776218,4.644921552,2.1552436,0.817506193,0.14863749,1.151940545,3.492981007,0.222956235,0.334434352,1.523534269
113836,10204,2263,0.400867888,2.227132125,1.113566063,0.596553248,0.055755263,15.35130358,79.42386831,0.198851083,55.55555556,0.795404331,0.159080866,,,0.437472382,40.74074074,2.545293858,35.95505618,0.755634114,33.92857143,31.06053911,4.533804684,0.795404331,0.397702165,4.533804684,0.954485197,0.357931949,,1.193106496,2.028281043,0.556783031,0.517012815,1.193106496
1250253,9937,2006,0.375281165,2.781655035,0.897308076,,0.147402152,14.62612164,65.85858586,0.403788634,24.32432432,1.570289133,0.448654038,0.762711864,19.31818182,1.749750748,53.42465753,6.191425723,45.09803922,2.063808574,41.81818182,47.15353938,6.28115653,1.435692921,0.852442672,4.666001994,1.570289133,0.493519442,0.448654038,0.717846461,4.127617149,1.166500499,1.076769691,
1070052,10260,2344,0.213730791,2.034982935,0.883105802,0.191979522,0.18370455,30.52474403,87.94247788,0.883105802,69.6969697,1.574232082,0.268771331,0.422354949,24.44444444,1.497440273,49.36708861,4.914675768,50.39370079,0.499146758,40.625,54.33020478,5.337030717,0.959897611,1.459044369,7.679180887,1.459044369,0.652730375,0.115187713,0.883105802,4.338737201,0.383959044,0.767918089,1.113481229
821100,9826,2316,0.145573832,1.70984456,0.544041451,0.310880829,0.043084875,12.35751295,64.5030426,0.349740933,47.36842105,0.388601036,0.038860104,,,0.42746114,40.74074074,4.702072539,34.375,3.10880829,39.21568627,32.21502591,3.769430052,1.049222798,0.816062176,3.691709845,0.349740933,0.155440415,0.272020725,2.020725389,1.437823834,0.272020725,0.544041451,1.476683938
961995,9825,2225,0.273591916,2.871910112,1.092134831,0.202247191,0.289646402,23.98651685,76.71410091,0.566292135,35.8974359,2.46741573,0.485393258,1.617977528,32.78688525,2.02247191,49.5049505,6.75505618,51.07033639,0.88988764,42.30769231,55.9011236,7.483146067,1.294382022,2.184269663,7.523595506,1.658426966,0.647191011,0.040449438,1.334831461,4.73258427,1.092134831,0.647191011,0.44494382
1197250,8455,2267,0.061789151,0.476400529,0.238200265,0.039700044,0.118528461,43.55094839,86.78797468,1.627701809,49.39759036,1.071901191,0.158800176,0.476400529,20.68965517,0.516100573,52,4.009704455,53.72340426,0.595500662,45.45454545,71.73797971,1.905602117,0.635200706,0.794000882,5.081605646,2.104102338,1.230701367,0.198500221,0.794000882,,,,
1195281,8650,3342,0.015799821,0.511669659,0.13464991,,0.069379036,29.2459605,80.44444444,1.18491921,29.53020134,0.969479354,0.215439856,1.0502693,27.46478873,0.592459605,56.41025641,4.093357271,53.52112676,0.754039497,36.36363636,60.96947935,1.912028725,0.592459605,1.346499102,5.574506284,1.400359066,1.211849192,0.296229803,0.807899461,4.551166966,0.296229803,0.377019749,
664500,9825,2230,0.404903155,2.219730942,0.887892377,0.605381166,0.078207711,8.031390135,62.38244514,0.040358744,33.33333333,0.807174888,0.161434978,0.121076233,37.5,0.282511211,18.91891892,2.986547085,31.62393162,1.210762332,30.92783505,26.31390135,5.730941704,1.00896861,1.251121076,3.430493274,0.282511211,0.040358744,0.121076233,1.412556054,2.219730942,0.807174888,0.322869955,0.766816143
650616,9937,852,0.025616196,0.633802817,0.105633803,,0.184429208,34.96478873,81.72839506,3.591549296,65.38461538,1.690140845,0.528169014,1.161971831,33.33333333,0.950704225,60,4.330985915,55.40540541,0.845070423,61.53846154,63.48591549,0.950704225,0.73943662,1.056338028,4.11971831,1.478873239,0.845070423,0.422535211,0.73943662,5.070422535,0.73943662,0.845070423,
1197655,10261,2179,0.041691602,1.032583754,0.247820101,,0.113764698,44.40110142,85.24980174,1.941257458,41.96428571,1.032583754,0.206516751,0.826067003,19.60784314,1.528223956,54.41176471,6.525929325,54.29553265,1.073887104,44.82758621,83.47407067,2.065167508,1.569527306,1.693437357,7.145479578,2.230380909,1.156493804,0.578246902,0.702156953,5.534648922,0.495640202,0.660853603,3.180357962
974268,8472,2148,0.103051679,1.089385475,0.377094972,0.837988827,0.027584592,37.96089385,82.13961922,2.430167598,37.17948718,0.62849162,0.125698324,,,0.125698324,60,7.039106145,58.94736842,4.441340782,57.92349727,62.55586592,3.016759777,0.251396648,1.25698324,10.97765363,1.382681564,0.837988827,1.005586592,1.215083799,2.891061453,0.041899441,0.251396648,7.751396648
706297,9826,2222,0.460174631,2.551755176,1.296129613,0.607560756,0.052972508,7.938793879,62.22222222,0.445544554,61.11111111,0.364536454,0.081008101,0.202520252,45.45454545,0.567056706,45.16129032,4.455445545,37.67123288,2.713771377,40.60606061,27.70477048,3.564356436,1.660666067,0.769576958,5.063006301,0.405040504,0.243024302,0.243024302,0.850585059,2.308730873,0.526552655,0.364536454,1.863186319
188058,10261,2199,0.043256481,0.409276944,0.122783083,0.36834925,0.016345893,34.21555252,79.31688805,1.186903138,28.15533981,0.286493861,,0.040927694,7.142857143,0.081855389,66.66666667,6.180081855,54.71014493,4.010914052,60.49382716,61.59618008,1.841746248,0.245566166,0.532060027,9.208731241,1.637107776,0.859481583,0.491132333,1.473396999,,,,
1200657,8602,2142,0.105810927,1.260504202,0.25210084,0.798319328,0.028832127,26.93277311,80.52763819,0.924369748,27.5,0.462184874,0.042016807,0.084033613,10.52631579,0.378151261,39.13043478,6.722689076,56.33802817,1.974789916,44.76190476,58.61344538,2.268907563,0.210084034,1.848739496,9.369747899,2.605042017,1.260504202,0.714285714,1.428571429,,,,
292313,8602,2199,0.341431122,3.028649386,0.777626194,0.900409277,0.038216126,13.46521146,63.51351351,0.654843111,61.53846154,1.02319236,0.081855389,0.081855389,28.57142857,0.409276944,37.03703704,6.671214188,41.90231362,3.478854025,40.09433962,37.85811733,4.338335607,1.145975443,1.39154161,5.361527967,1.432469304,0.327421555,0.122783083,1.882673943,2.251023192,0.36834925,0.777626194,1.227830832
524437,8654,2198,0.232525937,1.064604186,0.573248408,0.327570519,0.021690197,28.58052775,77.72828508,1.392174704,45.33333333,0.450409463,0.040946315,,,0.163785259,36.36363636,5.568698817,51.71102662,2.784349409,55.73770492,50.36396724,2.333939945,0.327570519,0.900818926,9.131028207,1.760691538,0.655141037,0.614194722,1.515013649,2.702456779,0.122838944,0.982711556,3.398544131
771294,9826,2176,0.353390623,1.985294118,0.868566176,0.165441176,0.046808211,13.97977941,71.30801688,0.330882353,36.36363636,0.785845588,0.124080882,0.124080882,12.5,0.454963235,35.48387097,3.929227941,39.41908714,0.992647059,26.96629213,35.69393382,4.094669118,1.778492647,1.737132353,5.707720588,0.744485294,0.330882353,0.165441176,0.496323529,3.308823529,0.372242647,0.413602941,1.158088235
524434,9823,667,0.09111994,1.349325337,0.404797601,0.404797601,0.062397129,68.8155922,92.89617486,2.833583208,67.74193548,0.539730135,,,,0.269865067,50,7.016491754,58.42696629,2.698650675,64.51612903,87.97601199,1.754122939,0.944527736,1.349325337,4.587706147,2.698650675,0.539730135,0.134932534,1.754122939,,,,
959407,8678,2104,0.038211502,0.513307985,0.085551331,0.342205323,0.049516832,34.47718631,77.72420444,2.267110266,30.28571429,0.55608365,0.085551331,0.085551331,18.18181818,0.085551331,100,7.100760456,63.84615385,4.876425856,65.51724138,63.94961977,0.941064639,0.213878327,0.55608365,11.16444867,1.668250951,1.668250951,0.641634981,0.727186312,3.208174905,0.042775665,0.55608365,7.186311787
356406,10252,2157,0.123534077,1.168289291,0.50069541,0.041724618,0.166326076,25.91098748,82.36074271,1.794158554,60.56338028,1.710709318,0.292072323,0.876216968,25.30120482,0.792767733,48.71794872,4.464534075,44.76987448,0.458970793,34.375,49.02642559,2.294853964,1.919332406,2.002781641,6.258692629,1.210013908,0.50069541,0.208623088,1.293463143,3.71349096,0.876216968,0.584144645,0.625869263
793255,8191,2112,0.028235795,0.553977273,0.085227273,0.085227273,0.023521,37.96875,85.50863724,2.002840909,65.27777778,0.553977273,,0.042613636,9.090909091,0.298295455,33.33333333,5.497159091,49.23664122,1.022727273,47.05882353,60.98011364,0.340909091,0.724431818,0.340909091,13.38068182,3.835227273,1.747159091,0.596590909,1.704545455,,,,
1458711,10203,2133,0.031206751,0.464135021,0.168776371,0.126582278,0.020336518,39.91561181,83.56890459,3.459915612,48.80952381,0.337552743,0.042194093,,,0.379746835,64.28571429,3.122362869,53.62318841,1.012658228,52.17391304,62.57383966,0.421940928,0.379746835,0.29535865,9.4092827,1.476793249,1.434599156,1.012658228,0.970464135,4.303797468,0.126582278,0.253164557,5.485232068
815006,8456,2084,0.277298465,2.375239923,0.820537428,0.086372361,0.205912887,46.07965451,88.18181818,2.159309021,63.29113924,2.332053743,0.475047985,1.727447217,33.61344538,1.079654511,53.19148936,4.145873321,48,0.259117083,25,71.77543186,4.05950096,1.425143954,1.338771593,6.909788868,1.468330134,0.388675624,0.129558541,0.777351248,4.404990403,0.431861804,0.604606526,0.518234165
1354561,10204,2136,0.265188197,1.769662921,0.58988764,0.168539326,0.07215311,24.73314607,77.95484728,0.716292135,41.46341463,0.884831461,0.168539326,0.252808989,28.57142857,0.800561798,46.34146341,6.825842697,49.84615385,2.31741573,59.7826087,50.85674157,3.370786517,1.221910112,0.463483146,10.07022472,3.286516854,0.758426966,0.126404494,2.02247191,,,,
888912,9937,2057,0.114497325,1.268838114,0.481283422,0.175012154,0.238103885,31.76470588,76.34069401,1.618862421,40.2173913,1.837627613,0.525036461,1.225085075,28.86597938,0.787554691,35.29411765,5.075352455,42.80442804,0.83130773,41.30434783,62.12931454,3.500243072,1.443850267,1.006319883,10.54448226,2.493923189,1.09382596,0.175012154,0.83130773,6.081672338,1.137578999,1.968886728,0.700048614
614006,8456,2140,0.023736449,0.420560748,0.168224299,0.210280374,0.026826392,68.50934579,92.97945205,2.228971963,51.96078431,0.294392523,,0.126168224,33.33333333,0.126168224,50,3.448598131,60.29411765,2.439252336,65.16853933,84.61682243,0.336448598,0.126168224,0.378504673,7.14953271,0.546728972,0.96728972,0.714953271,0.630841121,3.070093458,0.08411215,0.08411215,4.920560748
760320,8654,2084,,0,,,0.043198366,24.44337812,76.69376694,1.03646833,33.8028169,0.777351248,0.086372361,0.690978887,38.0952381,0.690978887,48.48484848,3.584452975,50.3030303,0.950095969,47.82608696,58.38771593,0.647792706,0.647792706,0.518234165,7.514395393,1.425143954,1.727447217,0.302303263,0.99328215,3.238963532,0.129558541,0.302303263,4.05950096
179410,8668,2101,0.085643503,1.242265588,0.299857211,,0.075941377,39.8381723,87.32394366,0.856734888,45.45454545,0.556877677,0.085673489,0.171346978,21.05263158,0.299857211,33.33333333,4.026653974,55.95238095,0.556877677,52,58.42931937,1.45644931,0.3855307,1.327939077,9.252736792,1.84198001,1.199428843,0.299857211,0.899571633,4.883388862,0.171346978,0.813898144,1.028081866
1096353,8455,1965,0.267096192,2.93129771,1.145038168,,0.113233239,32.19847328,85.73170732,1.603053435,66.03773585,1.099236641,0.13740458,0.229007634,13.88888889,1.007633588,32.8358209,3.847328244,44.21052632,,,55.96946565,4.259541985,1.603053435,1.694656489,6.183206107,1.145038168,0.687022901,,0.595419847,3.801526718,0.961832061,0.458015267,0.549618321
795371,10203,2080,0.049603845,0.692307692,0.216346154,0.043269231,0.077683865,35.91346154,86.82008368,1.644230769,55.88235294,0.519230769,0.086538462,,,0.475961538,47.82608696,4.802884615,48.26086957,1.038461538,47.05882353,55.99038462,0.778846154,0.649038462,0.778846154,11.55288462,2.552884615,1.081730769,0.822115385,1.817307692,,,,
1010426,9937,1968,0.138923784,1.417682927,0.411585366,0.274390244,0.114446566,20.16768293,77.64084507,1.097560976,30,0.868902439,0.274390244,1.006097561,31.88405797,0.731707317,36.36363636,3.932926829,46.99453552,0.50304878,28.20512821,45.41158537,3.384146341,0.68597561,1.646341463,3.384146341,1.051829268,0.548780488,0.091463415,0.68597561,4.390243902,0.320121951,0.50304878,1.692073171
318615,10188,2006,0.245638081,2.377866401,0.672981057,0.179461615,0.159827171,26.15653041,77.01453104,1.390827517,41.89189189,1.615154536,0.35892323,0.628115653,24.13793103,1.121635095,44.64285714,4.307078764,45.93301435,0.269192423,31.57894737,53.56929212,5.114656032,1.749750748,1.749750748,5.967098704,1.211365902,0.403788634,0.134596211,0.583250249,3.589232303,0.448654038,0.807577268,0.628115653
760359,10261,1961,0.324628756,2.66190719,0.963793983,0.183579806,0.126399071,21.66241713,80.68376068,0.367159612,50,1.055583886,0.183579806,0.688424273,20,0.59663437,28.88888889,2.570117287,35.8974359,0.321264661,30.43478261,43.37072922,6.471188169,1.101478837,1.055583886,4.589495156,0.59663437,0.137684855,0.045894952,0.780214176,3.074961754,0.504844467,0.642529322,0.734319225
933768,8650,1929,0.129032658,1.073094868,0.32659409,0.046656299,0.130103228,70.40435459,91.62112933,2.892690513,68.13186813,0.979782271,0.186625194,0.046656299,6.666666667,1.026438569,64.70588235,4.758942457,50.74626866,0.513219285,28.94736842,93.91912908,2.379471229,1.073094868,1.353032659,11.05754277,1.866251944,0.839813375,0.279937792,0.793157076,6.718506998,0.419906687,0.979782271,1.353032659
654908,8586,1957,0.37226059,2.805314257,1.195707716,1.057741441,0.067356784,9.059785386,62.14511041,0.459887583,58.82352941,0.919775166,0.229943792,,,0.5518651,37.5,6.392437404,42.37804878,3.173224323,39.88439306,33.38783853,5.748594788,1.379662749,1.517629024,6.760347471,1.241696474,0.229943792,0.137966275,1.057741441,2.805314257,0.689831375,0.5518651,2.345426673
535936,10261,1953,0.110345623,1.474654378,0.506912442,0.552995392,0.062088576,31.98156682,82.71752086,1.013824885,64.70588235,0.783410138,0.138248848,0.092165899,20,0.737327189,53.33333333,6.866359447,50.33783784,2.903225806,57.27272727,55.20737327,2.534562212,1.198156682,1.244239631,10.87557604,1.98156682,1.382488479,0.138248848,2.165898618,5.529953917,0.506912442,0.921658986,1.843317972
807729,8455,1961,0.04754717,1.009688934,0.321264661,,0.146188724,54.06425293,88.97280967,2.616012239,55.33980583,1.239163692,0.367159612,1.376848547,23.80952381,0.504844467,50,5.140234574,59.25925926,1.422743498,65.95744681,84.67618562,0.734319225,0.59663437,1.009688934,5.874553799,2.202957675,1.514533401,0.275369709,1.239163692,4.681285059,0.321264661,0.458949516,1.881693014
600524,8472,1969,0.008140681,0.182833926,,0.045708481,0.031968861,31.95022854,85.87223587,1.097003555,35.82089552,0.274250889,,0.182833926,17.39130435,0.685627222,55.55555556,5.530726257,55,1.55408837,54.83870968,57.82122905,0.685627222,0.594210259,1.599796851,7.541899441,1.782630777,1.416962925,0.63991874,1.462671407,,,,
1047676,9826,2091,0.194212333,1.93687231,0.473457676,0.086083214,0.26278504,26.68579627,74.60890493,1.635581062,52.05479452,2.065997131,0.645624103,0.68866571,20.25316456,0.774748924,40.90909091,4.304160689,38.91050584,0.946915352,36.06557377,54.18938307,3.615494978,1.463414634,1.032998565,7.230989957,1.549497848,0.387374462,0.043041607,1.291248207,4.347202296,0.817790531,1.420373027,0.903873745
1398392,8668,1915,0.382897111,1.785900783,0.657963446,0.610966057,0.021863903,10.2924282,60.49723757,0.046997389,33.33333333,0.563968668,0.093994778,0.046997389,25,0.422976501,30,7.190600522,38.25,6.109660574,45.77464789,31.86422977,4.417754569,1.080939948,0.375979112,3.524804178,0.281984334,0.234986945,0.187989556,2.208877285,1.644908616,0.422976501,0.46997389,1.174934726
894803,8586,2056,0.039440662,0.569066148,0.350194553,0.043774319,0.077966191,31.21108949,80.83900227,1.488326848,40.47619048,0.437743191,0.175097276,0.437743191,19.60784314,1.444552529,43.42105263,5.296692607,47.63779528,1.006809339,46.93877551,65.00486381,1.663424125,1.269455253,0.9192607,5.121595331,1.926070039,0.787937743,0.131322957,1.225680934,4.858949416,0.437743191,0.437743191,2.276264591
940446,8472,1931,0.276837396,1.677887105,0.838943553,0.279647851,0.031667174,9.228379078,72,0.186431901,57.14285714,0.699119627,0.09321595,,,0.09321595,12.5,5.220093216,42.7480916,3.029518384,46.76258993,25.07509063,4.334541688,1.351631279,1.72449508,3.448990161,0.419471776,,0.279647851,1.491455205,,,,
889534,9879,1928,0.2226613,1.680497925,0.513485477,0.140041494,0.051695427,39.11825726,91.08695652,0.420124481,64.28571429,0.840248963,0.046680498,0.046680498,7.692307692,0.653526971,48.27586207,3.360995851,49.65517241,0.326763485,35,57.09024896,3.547717842,1.447095436,0.793568465,6.862033195,1.633817427,1.026970954,0.046680498,0.466804979,3.314315353,0.326763485,0.280082988,0.840248963
1168311,10204,1924,0.126748439,1.917879418,0.467775468,0.046777547,0.053368861,38.77858628,86.08515057,1.871101871,58.82352941,0.701663202,0.093555094,0.233887734,20.83333333,0.841995842,37.5,4.771309771,47.44186047,0.420997921,34.61538462,61.83991684,1.777546778,0.888773389,1.30977131,10.52494802,2.198544699,1.216216216,0.187110187,1.122661123,5.8004158,0.654885655,1.122661123,1.122661123
621515,9826,1908,0.077905661,0.896226415,0.188679245,0.094339623,0.152912927,32.68867925,84,1.462264151,54.38596491,0.943396226,0.235849057,0.518867925,26.19047619,0.566037736,50,5.471698113,54.97630332,0.660377358,48.27586207,54.43396226,1.745283019,0.754716981,1.320754717,9.858490566,2.971698113,0.660377358,0.047169811,1.41509434,5.094339623,0.613207547,1.132075472,1.08490566
710158,8463,1896,0.079471522,1.139240506,0.284810127,0.379746835,0.055654009,25.58544304,76.022567,1.613924051,39.53488372,0.569620253,0.237341772,0.284810127,15.78947368,0.142405063,18.75,6.028481013,61.05769231,1.898734177,54.05405405,58.24367089,1.898734177,0.474683544,1.424050633,8.78164557,2.658227848,1.329113924,0.522151899,0.617088608,3.32278481,0.094936709,0.522151899,4.272151899
970243,10204,1008,0.067392859,0.803571429,0.357142857,0.357142857,0.089973456,49.91071429,86.39876352,1.785714286,64.51612903,1.428571429,0.089285714,0.267857143,23.07692308,0.625,50,9.553571429,57.52688172,3.035714286,57.62711864,80.98214286,2.142857143,0.803571429,0.892857143,9.107142857,5.178571429,1.517857143,0.178571429,2.053571429,,,,
156008,9937,1922,0.015541623,0.280957336,0.046826223,,0.114840501,42.23725286,77.89291883,3.324661811,37.36842105,0.889698231,0.374609781,0.796045786,34.69387755,0.140478668,37.5,2.247658689,48.48484848,0.608740895,41.93548387,64.71383975,0.608740895,0.280957336,0.327783559,8.569198751,1.264308012,0.796045786,0.327783559,0.608740895,4.588969823,0.280957336,0.421436004,1.592091571
861805,8463,2964,0.061029355,0.576923077,0.182186235,,0.022341201,43.29959514,83.83303939,4.220647773,49.46619217,0.36437247,,0.060728745,66.66666667,0.060728745,66.66666667,4.91902834,57.04225352,3.340080972,67.07317073,64.31174089,1.487854251,0.060728745,0.24291498,8.532388664,1.305668016,1.153846154,0.546558704,1.487854251,,,,
846383,10203,1844,0.136805856,1.464208243,0.488069414,,0.145656738,28.60086768,89.19330289,1.171366594,64.86486486,2.147505423,0.244034707,0.634490239,14.28571429,1.464208243,51.72413793,2.879609544,43.06569343,0.146420824,25,49.05097614,3.221258134,1.073752711,0.585683297,5.173535792,0.68329718,0.390455531,0.097613883,0.585683297,3.318872017,0.390455531,0.439262473,0.68329718
789066,8586,1872,0.062995192,0.817307692,0.288461538,0.576923077,0.060407559,47.35576923,87.32269504,2.259615385,48.95833333,0.528846154,0.192307692,,,0.384615385,80,7.451923077,66.23931624,3.509615385,71.56862745,69.51923077,2.067307692,0.288461538,0.769230769,9.423076923,2.788461538,1.442307692,0.673076923,1.538461538,4.230769231,0.096153846,0.528846154,4.519230769
620618,8586,1892,0.035020083,0.618393235,0.142706131,0.142706131,0.039719438,41.52748414,85.75638507,0.903805497,43.18181818,0.475687104,0.04756871,0.04756871,14.28571429,0.951374207,62.5,5.470401691,54.76190476,1.474630021,40.78947368,63.59936575,1.3794926,0.380549683,0.380549683,13.12896406,2.66384778,1.664904863,0.332980973,0.903805497,,,,
818975,9825,1900,0.239404739,2.984210526,0.947368421,0.094736842,0.125960782,26.76315789,84.83483483,0.757894737,42.10526316,0.757894737,0.189473684,0.094736842,16.66666667,1.373684211,59.18367347,4.642105263,52.12765957,0.473684211,28.57142857,46.08947368,3.078947368,1.136842105,1.894736842,5.684210526,0.9,0.521052632,0.047368421,0.757894737,3.742105263,0.805263158,0.331578947,0.473684211
1106563,10261,1912,0.273318513,1.506276151,0.611924686,0.564853556,0.072128798,13.791841,76.30208333,0.376569038,53.33333333,1.035564854,0.235355649,,,0.611924686,37.14285714,4.330543933,38.17427386,1.64748954,38.46153846,32.0083682,4.048117155,1.976987448,0.941422594,4.942468619,1.129707113,0.235355649,0.094142259,0.941422594,2.494769874,0.611924686,0.517782427,0.988493724
956682,10261,1838,0.085127856,0.734494015,0.195865071,0.538628945,0.043162277,50.77801959,87.14285714,2.301414581,43.11926606,0.391730141,0.146898803,,,0.195865071,100,6.414581066,65.82914573,4.260065288,64.44444444,74.47769314,2.056583243,0.244831338,0.930359086,10.57671382,1.077257889,1.322089227,1.27312296,0.63656148,,,,
210111,10252,1852,0.035037798,0.680345572,0.242980562,,0.158249915,28.72030238,80.84815321,0.583153348,21.42857143,1.26349892,0.194384449,1.603671706,31.13207547,0.194384449,36.36363636,4.227861771,55.41401274,1.700863931,57.37704918,59.57883369,1.312095032,0.534557235,0.583153348,5.637149028,1.749460043,0.728941685,0.194384449,0.680345572,3.061555076,0.048596112,0.583153348,2.964362851
1210943,8602,1837,0.016226456,0.097985846,0.048992923,,0.08275226,20.2340773,76.19926199,0.685900925,40,1.028851388,0.14697877,1.077844311,24.17582418,0.244964616,35.71428571,3.233532934,49.25373134,1.126837235,42.59259259,46.10234077,1.224823081,0.342950463,0.440936309,5.340228634,1.420794774,0.734893849,0.391943386,0.391943386,3.037561241,0.195971693,0.685900925,2.792596625
465750,9879,1842,0.069180781,0.684039088,0.293159609,0.293159609,0.071350522,33.56677524,86.30653266,1.61237785,55.93220339,0.879478827,0.146579805,0.732899023,31.25,0.146579805,50,3.957654723,57.44680851,1.319218241,45.76271186,59.41368078,2.003257329,0.09771987,0.537459283,7.133550489,1.954397394,1.51465798,0.488599349,0.879478827,2.736156352,0.09771987,0.244299674,3.175895765
465960,10260,1862,0.05641192,1.160042965,0.338345865,0.241675618,0.160796178,46.35338346,84.94242693,2.900107411,63.15789474,1.546723953,0.241675618,0.676691729,30.43478261,0.435016112,52.94117647,6.235230934,60.28037383,1.063372718,56.41025641,71.72932331,1.6433942,0.628356606,1.981740064,9.812030075,2.803437164,0.870032223,0.676691729,1.208378088,4.543501611,0.435016112,1.111707841,0.918367347
955214,8654,1817,0.012095763,0.099064392,,,0.016557608,33.83048982,87.34015345,1.238304898,38.46153846,0.24766098,,,,0.198128784,44.44444444,3.417721519,60,1.238304898,50,51.16675839,0.445789763,0.049532196,0.148596588,8.222344524,1.882223445,0.842047331,0.643918547,0.396257567,4.408365438,0.049532196,0.346725371,4.854155201
1197030,8650,1810,0.490773475,3.232044199,0.944751381,0.64640884,0.132905205,15.26519337,76.75,0.149171271,60,1.044198895,0.149171271,0.049723757,12.5,1.889502762,52.77777778,4.574585635,38.49372385,1.541436464,37.80487805,37.0441989,6.762430939,1.29281768,0.596685083,4.226519337,0.546961326,0.149171271,0.099447514,1.740331492,2.08839779,0.696132597,0.149171271,1.342541436
773991,9879,1822,0.079399564,0.790340285,0.197585071,0.049396268,0.089461958,25.63666301,76.4359352,1.037321625,36.20689655,0.69154775,0.148188804,0.296377607,10.71428571,0.444566411,36,3.902305159,43.64640884,0.938529089,42.22222222,61.59714599,3.408342481,0.889132821,0.148188804,10.81778266,2.371020856,1.234906696,0.395170143,1.630076839,,,,
469804,9879,1794,0.048065218,0.802675585,0.150501672,0.100334448,0.071276323,37.52508361,84.42437923,1.806020067,46.75324675,0.551839465,0.050167224,0.652173913,38.23529412,0.401337793,36.36363636,6.571906355,60.09174312,1.35451505,60,70.58528428,1.204013378,0.802675585,1.555183946,8.327759197,3.260869565,1.35451505,0.301003344,1.35451505,4.113712375,0.100334448,0.652173913,3.411371237
906937,8634,1814,0.320551811,2.381477398,0.992282249,0.19845645,0.167064384,20.98676957,81.81818182,0.843439912,65.38461538,1.289966924,0.248070562,0.744211687,21.42857143,1.637265711,47.14285714,4.961411246,46.94835681,0.3969129,23.52941176,46.48842337,4.167585447,1.289966924,1.984564498,4.564498346,0.942668137,0.148842337,,0.644983462,2.82800441,0.496141125,0.59536935,0.644983462
956925,10204,1790,0.151632402,2.111731844,0.703910615,0.351955307,0.147139681,15.23463687,69.49541284,0.804469274,57.14285714,1.25698324,0.402234637,0.150837989,14.28571429,1.407821229,43.07692308,5.681564246,39.92932862,0.955307263,38,46.50837989,5.027932961,2.966480447,1.709497207,6.536312849,1.608938547,0.553072626,0.05027933,1.508379888,3.016759777,0.955307263,0.754189944,1.30726257
1609213,8602,1790,0.101242464,2.111731844,0.854748603,0.05027933,0.185561681,14.37988827,76.26666667,0.603351955,35.29411765,1.508379888,0.351955307,1.709497207,36.55913978,1.558659218,36.9047619,5.731843575,40.28268551,0.402234637,17.39130435,45.10055866,2.162011173,2.061452514,2.363128492,6.888268156,1.407821229,0.251396648,0.05027933,1.25698324,,,,
552718,9937,1807,0.038873824,0.498063088,0.149418926,0.298837853,0.035951466,28.14056447,80.02832861,1.195351411,28.23529412,0.199225235,0.049806309,0.049806309,14.28571429,0.149418926,27.27272727,5.229662424,54.12371134,2.988378528,57.14285714,51.10127283,2.340896514,0.298837853,0.249031544,9.463198672,1.842833426,0.896513558,0.796900941,1.145545102,,,,
1393669,8558,644,0.029920808,0.559006211,0.139751553,,0.161158729,47.3757764,80.52256532,1.816770186,34.21052632,1.537267081,0.139751553,0.559006211,26.66666667,0.419254658,50,3.913043478,54.90196078,1.537267081,57.89473684,78.68012422,1.257763975,0.139751553,0.419254658,5.170807453,1.537267081,0.838509317,0.559006211,0.838509317,6.288819876,,0.698757764,
1173787,8586,1757,0.157881619,2.151394422,0.512236767,0.15367103,0.197667563,34.06374502,82.91770574,1.844052362,62.06896552,1.741605009,0.358565737,0.717131474,26.92307692,1.434262948,42.42424242,6.044393853,48.16326531,0.614684121,32.43243243,64.28571429,2.612407513,1.536710302,2.253841776,7.632327832,1.741605009,0.768355151,0.051223677,1.075697211,4.456459875,1.075697211,0.922026181,0.614684121
873559,8191,1776,0.319114875,2.685810811,1.064189189,0.912162162,0.021406875,9.121621622,64.98194946,0.506756757,58.82352941,0.506756757,,0.050675676,16.66666667,0.202702703,36.36363636,5.777027027,41.60583942,3.445945946,44.73684211,29.84797297,3.597972973,0.861486486,1.317567568,5.016891892,0.861486486,0.35472973,0.253378378,2.533783784,1.672297297,0.152027027,0.253378378,1.875
942368,8456,1784,0.13851121,1.967488789,0.756726457,,0.311885244,32.28699552,82.9015544,0.706278027,63.63636364,2.976457399,0.655829596,0.807174888,27.11864407,4.237668161,56.75675676,8.626681614,52.77777778,0.201793722,33.33333333,66.54147982,9.786995516,2.471973094,3.07735426,6.356502242,1.160313901,0.655829596,,1.160313901,4.439461883,1.00896861,0.504484305,0.100896861
610184,10252,1759,0.175083003,2.50710631,0.665150654,0.255827175,0.116991693,27.42467311,81.45896657,1.227970438,61.53846154,1.534963047,0.255827175,,,0.460488914,31.03448276,6.344513928,44.92753623,1.074474133,36.20689655,53.77487209,3.735076748,1.790790222,2.302444571,10.07959068,2.50710631,0.767481524,0.20466174,2.097782831,5.577032405,0.716316089,1.125639568,1.023308698
523193,8191,1759,0.043598068,0.716316089,0.20466174,0.051165435,0.024954355,25.68504832,78.07153966,0.818646958,27.5862069,0.613985219,,0.20466174,26.66666667,0.460488914,47.36842105,4.809550881,48.20512821,1.330301308,52,47.32802729,1.176805003,0.767481524,0.562819784,9.516770893,2.455940875,1.381466742,0.409323479,1.586128482,,,,
729769,8678,1778,0.030517999,0.506186727,0.303712036,,0.03099234,44.54443195,87.12871287,1.670416198,48.52941176,0.354330709,0.101237345,0.101237345,66.66666667,0.303712036,50,4.859392576,51.3368984,1.366704162,55.10204082,66.31046119,0.506186727,0.556805399,0.658042745,11.79415073,2.682789651,1.670416198,0.455568054,1.771653543,4.859392576,0.404949381,0.911136108,2.125984252
1251334,10204,1750,0.252786852,1.902857143,0.771428571,0.617142857,0.120500695,26.84571429,82.59493671,0.462857143,37.5,0.771428571,0.102857143,,,0.154285714,33.33333333,2.365714286,35.9375,0.617142857,34.28571429,43.30285714,3.291428571,0.462857143,0.617142857,5.914285714,0.977142857,0.257142857,0.257142857,1.697142857,3.137142857,0.462857143,0.668571429,1.285714286
1104053,8456,1786,0.208229575,2.771556551,0.655095185,,0.435976069,55.63269877,86.45262334,1.562150056,48.4375,3.023516237,0.957446809,1.209406495,30,2.569988802,48.11320755,5.643896976,45.90163934,0.050391937,12.5,88.58902576,7.458006719,1.713325868,1.713325868,6.651735722,1.31019037,0.352743561,0.050391937,0.856662934,4.585666293,0.806270997,0.957446809,0.352743561
1137667,9825,1792,0.017909599,0.150669643,0.100446429,,0.08204381,37.36607143,88.88888889,1.104910714,33.84615385,0.652901786,0.100446429,0.200892857,12.12121212,0.3515625,50,5.022321429,58.13953488,1.607142857,50.79365079,62.9296875,1.305803571,0.251116071,0.703125,8.588169643,2.410714286,1.305803571,0.452008929,0.904017857,3.1640625,0.150669643,0.703125,4.419642857
1358581,10260,1739,0.071694648,0.465784934,0.155261645,0.362277171,0.03274065,45.18113859,88.44984802,1.863139735,48,0.207015526,,0.051753882,33.33333333,0.103507763,66.66666667,4.295572168,56.08108108,2.277170788,56.41025641,64.17481311,1.138585394,0.258769408,0.258769408,8.228867165,1.656124209,1.604370328,0.569292697,0.879815986,,,,
917802,8455,1726,0.037616452,0.417149479,0.052143685,0.312862109,0.03222134,60.17381228,92.09896249,1.564310545,50,0.156431054,0.052143685,0.052143685,50,0.521436848,71.42857143,5.94438007,60.63829787,3.597914253,66.99029126,81.81344148,0.834298957,0.260718424,0.886442642,10.79374276,0.990730012,2.085747393,0.990730012,1.40787949,4.22363847,0.10428737,0.208574739,6.726535342
556972,9879,1734,0.117430798,0.934256055,0.311418685,0.311418685,0.098981797,32.43944637,85.61643836,0.467128028,52.94117647,1.453287197,0.155709343,0.98615917,27.94117647,0.311418685,54.54545455,5.346020761,48.58490566,1.193771626,40.35087719,54.8615917,1.816608997,0.467128028,1.297577855,9.498269896,2.543252595,0.934256055,0.467128028,2.750865052,3.685121107,0.259515571,0.519031142,1.868512111
1460534,8678,1683,0.362197856,2.780748663,1.176470588,0.160427807,0.081762458,18.98395722,76.01713062,0.855614973,64,1.176470588,0.160427807,0.053475936,9.090909091,0.802139037,40.54054054,2.352941176,30.98591549,0.427807487,26.66666667,39.67914439,4.49197861,1.069518717,0.64171123,5.989304813,0.481283422,0.481283422,,1.443850267,3.262032086,1.069518717,0.427807487,1.764705882
862608,10204,1721,0.212391629,1.673445671,0.679837304,0.104590354,0.148496081,24.73561883,82.40418118,0.627542127,63.15789474,1.568855317,0.209180709,0.418361418,17.39130435,1.464264962,44.44444444,4.288204532,40,0.784427658,41.66666667,48.37303893,4.758861127,1.202789076,1.098198722,5.595583963,0.94131319,0.470656595,0.052295177,1.621150494,3.242300988,0.575246949,0.889018013,0.889018013
1185748,10252,1764,0.08747959,0.969387755,0.357142857,0.255102041,0.035909794,37.85714286,87.39693757,2.142857143,64.61538462,0.357142857,,,,0.357142857,53.84615385,6.224489796,63.87434555,2.295918367,66.17647059,58.62244898,1.275510204,0.510204082,1.275510204,11.2755102,2.448979592,1.275510204,0.867346939,1.020408163,3.673469388,0.255102041,0.56122449,3.010204082
255610,10260,1655,0.06044411,0.761329305,0.217522659,0.652567976,0.028329096,39.86102719,86.13396005,2.555891239,42.72727273,0.217522659,0.108761329,0.054380665,25,0.054380665,50,5.329305136,70,3.208459215,74.6835443,58.02416918,1.468277946,0.108761329,0.870090634,8.211480363,1.196374622,0.70694864,0.598187311,0.870090634,,,,
1105912,9825,1707,0.176003507,1.687170475,0.421792619,0.579964851,0.039903367,34.11247803,85.58201058,1.054481547,47.61904762,0.474516696,,0.158172232,14.28571429,0.843585237,66.66666667,5.483304042,56.52173913,2.530755712,62.33766234,61.1599297,2.95254833,0.527240773,0.527240773,5.377855888,1.687170475,0.79086116,0.263620387,1.370826011,3.848857645,0.263620387,0.421792619,2.636203866
1352713,10204,1662,0.04053249,1.083032491,0.108303249,,0.040933389,34.87364621,86.09625668,1.841155235,56.66666667,0.487364621,0.054151625,,,0.649819495,48,5.523465704,50,1.570397112,58,56.58844765,0.216606498,1.028880866,1.299638989,11.31768953,2.003610108,1.570397112,0.324909747,1.678700361,,,,
1076756,9826,2179,0.429414401,2.230380909,0.826067003,,0.084627247,17.88435062,75.83187391,0.165213401,23.52941176,0.784763653,0.165213401,0.247820101,11.32075472,0.784763653,46.34146341,3.758604865,47.39583333,0.289123451,25.92592593,37.83386875,5.575952272,0.702156953,1.073887104,2.312987609,1.610830656,0.165213401,0.12391005,1.115190454,2.60211106,0.619550252,0.743460303,
1073977,10260,1635,0.506190816,3.357798165,1.871559633,1.211009174,0.015589197,11.6146789,68.95424837,0.220183486,66.66666667,0.495412844,,,,0.550458716,33.33333333,4.678899083,40.66985646,3.52293578,52.89256198,30.60550459,5.229357798,1.651376147,0.330275229,3.467889908,0.275229358,0.165137615,0.110091743,0.935779817,2.091743119,0.330275229,0.165137615,0.825688073
466672,9826,1724,0.095095132,0.99187935,0.365429234,0.365429234,0.077168522,36.12529002,79.4489093,2.296983759,44.89795918,0.678654292,0.156612529,0.261020882,41.66666667,0.156612529,42.85714286,6.368909513,54.46428571,3.393271462,57.52212389,62.27958237,2.662412993,0.469837587,1.305104408,11.53712297,1.513921114,1.305104408,0.208816705,1.305104408,5.324825986,0.261020882,0.835266821,3.184454756
823825,9847,350,1.034408528,4.114285714,1.8,2.057142857,0.15619297,14.65714286,73.07692308,0.514285714,66.66666667,1.285714286,0.514285714,,,1.8,50,6.942857143,48.21428571,2.314285714,75,40.11428571,9.257142857,2.571428571,1.8,2.314285714,1.028571429,,,1.8,2.057142857,1.028571429,0.514285714,1.285714286
1292810,10260,1656,0.041907608,0.815217391,0.108695652,,0.097462211,38.85869565,87.40831296,1.195652174,64.70588235,0.760869565,0.217391304,0.108695652,28.57142857,1.25,47.91666667,5.923913043,45.04132231,1.032608696,38,62.5,2.391304348,1.956521739,1.141304348,4.293478261,2.5,1.032608696,0.108695652,1.467391304,4.782608696,0.760869565,0.869565217,
868344,8456,1636,0.244897933,2.695599022,0.880195599,0.11002445,0.128487859,39.11369193,89.09774436,0.715158924,50,0.935207824,0.2200489,0.550122249,23.25581395,1.100244499,43.47826087,2.640586797,40.33613445,0.165036675,37.5,60.40342298,3.960880196,0.880195599,0.825183374,5.446210269,0.550122249,0.550122249,0.055012225,1.045232274,3.190709046,0.825183374,0.33007335,1.100244499
521148,10261,1618,0.175010511,2.336217553,0.723114957,,0.152439679,20.35846724,73.34669339,1.112484549,52.63157895,1.279357231,0.556242274,1.334981459,19.2,1.112484549,50,3.114956737,40.28776978,0.389369592,36.84210526,50.50679852,3.170580964,1.056860321,0.723114957,5.00618047,0.889987639,0.333745365,0.22249691,0.500618047,,,,
881640,178475,1557,0.063231212,0.462427746,0.115606936,,0.092175055,50.23121387,88.40284842,2.25433526,52.7027027,0.63583815,0.057803468,0.289017341,38.46153846,0.404624277,50,3.468208092,55.04587156,0.693641618,66.66666667,75.31791908,1.156069364,0.231213873,0.346820809,6.531791908,2.023121387,0.924855491,0.231213873,0.98265896,,,,
682548,10203,1590,0.0228,0.679245283,0.056603774,0.056603774,0.04669155,30.16981132,84.73767886,2.037735849,53.73134328,0.509433962,,0.396226415,18.42105263,0.849056604,44.11764706,4.811320755,53.79746835,1.41509434,64.1025641,61.86792453,0.566037736,0.849056604,0.849056604,7.358490566,1.754716981,1.41509434,0.169811321,0.735849057,4.58490566,0.169811321,0.735849057,4.018867925
1238058,8191,1578,0.023697718,0.513307985,0.171102662,0.171102662,0.038912118,39.75285171,81.90364277,2.794676806,40.16393443,0.513307985,0.057034221,0.171102662,16.66666667,0.342205323,50,3.935361217,47.91666667,1.482889734,44.82758621,66.21673004,1.368821293,0.342205323,0.570342205,8.041825095,1.539923954,0.627376426,1.08365019,0.798479087,3.935361217,0.057034221,0.969581749,4.790874525
1215652,10203,1684,0.103564136,1.336104513,0.587885986,,0.20900671,23.88954869,83.08550186,0.641330166,44.44444444,1.763657957,0.427553444,1.496437055,20.74074074,2.191211401,51.89873418,4.863420428,40.80717489,0.267220903,17.24137931,53.87173397,4.489311164,1.549881235,1.282660333,6.894299287,1.175771971,0.641330166,,1.229216152,4.649643705,0.748218527,1.01543943,0.427553444
312765,8456,715,0.141986017,1.888111888,0.629370629,,0.212389989,47.2027972,91.01941748,1.258741259,83.33333333,3.020979021,0.251748252,0.377622378,15,1.636363636,59.09090909,6.041958042,55.17241379,0.125874126,12.5,71.74825175,9.440559441,2.013986014,3.146853147,2.265734266,1.132867133,0.251748252,0.251748252,0.629370629,3.272727273,0.881118881,0.377622378,0.629370629
295067,9826,1568,0.062598215,0.975765306,,,0.108755673,31.62627551,81.26843658,1.37755102,43.63636364,1.205357143,0.057397959,0.68877551,26.66666667,0.631377551,61.11111111,4.534438776,49.375,0.975765306,41.46341463,54.29846939,1.607142857,0.803571429,1.43494898,8.265306122,1.549744898,0.860969388,0.459183673,1.320153061,,,,
792645,10252,1676,0.068171242,0.483293556,0.053699284,0.26849642,0.020090387,55.84725537,89.04109589,2.846062053,42.74193548,0.053699284,,,,0.375894988,63.63636364,3.168257757,55.66037736,1.3424821,52.08333333,72.49403341,0.859188544,0.214797136,0.26849642,6.014319809,1.181384248,0.590692124,0.966587112,0.375894988,4.295942721,0.161097852,0.483293556,3.275656325
191869,8602,1308,0.008538991,0.275229358,,,0.100106012,60.96330275,85.35645472,2.339449541,44.15584416,1.513761468,0.137614679,1.651376147,29.26829268,0.275229358,50,5.160550459,56.81818182,1.513761468,57.89473684,98.18807339,0.894495413,0.550458716,0.756880734,6.536697248,2.614678899,0.825688073,0.206422018,1.100917431,4.678899083,0.206422018,0.963302752,
966026,10252,1128,0.068625002,1.515957447,0.39893617,,0.193785245,42.68617021,86.85064935,0.718085106,40.90909091,1.515957447,0.319148936,0.79787234,19.60784314,1.037234043,44.82758621,4.867021277,48.41269841,0.79787234,62.5,77.87234043,4.069148936,1.994680851,0.718085106,5.664893617,2.313829787,1.196808511,,0.877659574,,,,
865931,8654,1559,0.032801796,0.404105196,0.057729314,0.288646568,0.017848601,34.86850545,87.91848617,1.558691469,35.52631579,0.230917255,,0.057729314,33.33333333,0.230917255,80,3.983322643,52.27272727,2.713277742,57.31707317,52.88005131,0.750481078,0.288646568,0.115458627,9.236690186,0.923669019,0.519563823,1.385503528,0.923669019,,,,
167008,10204,1636,0.079866748,0.990220049,0.495110024,0.055012225,0.210758606,50.72127139,85.92730662,1.980440098,47.36842105,2.145476773,0.275061125,2.200488998,33.61344538,0.385085575,43.75,3.355745721,46.5648855,0.715158924,43.33333333,76.68704156,2.530562347,0.550122249,0.660146699,7.976772616,1.595354523,0.660146699,0.2200489,0.935207824,4.180929095,0.935207824,0.990220049,1.320293399
1280132,8456,1567,0.040031906,0.804084237,0.114869177,,0.064029577,68.28972559,90.34954407,2.010210593,57.37704918,0.631780472,0.057434588,0.057434588,33.33333333,0.689215061,70.58823529,6.03063178,55.26315789,1.895341417,54.09836066,90.22973835,0.976388003,0.861518826,1.033822591,11.83152521,2.412252712,1.378430121,0.34460753,1.723037652,5.169112955,0.746649649,0.574345884,2.527121889
891743,8586,1545,0.112433008,1.514563107,0.524271845,0.058252427,0.139894717,22.13592233,85.58558559,1.106796117,70.37037037,1.339805825,0.174757282,1.631067961,22.95081967,3.029126214,50.98039216,6.233009709,40.68441065,0.640776699,37.93103448,54.23300971,3.32038835,3.145631068,0.873786408,7.747572816,1.689320388,0.174757282,,1.339805825,5.533980583,0.699029126,0.699029126,0.349514563
623716,8191,1519,0.053348258,0.651744569,0.355497038,,0.080137844,43.13364055,84.06466513,2.488479263,43.75,0.770243581,0.236998025,0.059249506,8.333333333,0.118499013,33.33333333,3.910467413,54.54545455,1.007241606,51.51515152,64.22646478,0.414746544,0.592495063,1.066491113,10.19091508,1.836734694,1.303489138,0.651744569,0.9479921,,,,
1368654,8472,1561,0.123048052,1.441383728,0.576553491,,0.068403072,18.85329917,81.34328358,0.749519539,56.52173913,0.69186419,,0.403587444,14.28571429,0.922485586,44.44444444,1.672005125,31.86813187,0.057655349,7.142857143,36.7264574,2.767456758,0.63420884,0.057655349,5.30429212,0.63420884,0.115310698,0.057655349,0.288276746,3.516976297,0.230621397,0.749519539,0.980140935
1079485,8668,1565,0.512189122,2.47284345,0.977635783,1.03514377,0.012907845,7.418530351,62.01923077,0.057507987,100,0.690095847,0.057507987,,,0.805111821,34.14634146,7.6485623,39.46587537,5.290734824,44.44444444,32.26198083,5.463258786,1.725239617,0.690095847,5.17571885,0.862619808,0.057507987,0.287539936,1.897763578,1.495207668,0.460063898,0.172523962,2.47284345
1296763,10261,1493,0.080734764,0.723375754,0.241125251,0.241125251,0.127292789,45.45210985,89.76190476,1.265907569,61.76470588,0.904219692,0.180843938,0.361687877,14.28571429,0.723375754,85.71428571,5.365036839,66.41791045,2.712659076,72.58064516,67.57535164,1.50703282,0.542531815,0.241125251,9.343603483,1.748158071,1.205626256,0.180843938,0.301406564,4.159410583,0.120562626,0.723375754,2.049564635
831044,8191,1241,0.019501209,0.217566479,0.07252216,,0.010093853,46.26913779,86.21621622,1.66800967,35.38461538,0.07252216,,,,0.290088638,57.14285714,6.164383562,57.43243243,3.408541499,55.29411765,68.38839645,0.797743755,0.145044319,0.652699436,10.2256245,1.813053989,1.305398872,0.362610798,1.232876712,3.408541499,0.07252216,0.290088638,
1203512,8668,1485,0.03658182,0.727272727,0.060606061,,0.042795315,24.18181818,81.42857143,0.545454545,52.94117647,0.484848485,0.181818182,,,0.909090909,37.5,7.575757576,54.58515284,1.333333333,57.89473684,48.12121212,1.454545455,1.696969697,1.212121212,11.45454545,4.121212121,1.333333333,0.727272727,1.757575758,4.727272727,0.242424242,0.424242424,0.545454545
675088,8456,1513,0.067092532,0.951751487,0.178453404,0.29742234,0.153918137,86.72835426,90.11124845,5.353602115,68.70229008,1.487111699,0.118968936,0.059484468,16.66666667,0.416391276,46.66666667,7.019167217,66.66666667,2.31989425,78,111.1764706,1.546596167,0.654329147,1.844018506,12.2538004,2.438863186,0.832782551,0.178453404,0.832782551,6.36483807,0.594844679,0.892267019,2.438863186
1323305,8586,1479,0.089780931,0.669371197,0.304259635,0.182555781,0.071585181,27.26166329,83.11688312,1.277890467,40.38461538,0.486815416,0.182555781,0.243407708,33.33333333,0.425963489,43.75,1.764705882,34.52380952,0.547667343,36,46.61257606,1.582150101,1.034482759,0.121703854,8.093306288,0.669371197,1.034482759,0.243407708,0.730223124,3.468559838,0.121703854,0.060851927,2.677484787
915797,8463,1568,0.302102675,2.008928571,0.860969388,0.057397959,0.075852139,14.52168367,76.20481928,1.262755102,78.57142857,1.147959184,0.229591837,0.401785714,18.91891892,2.238520408,42.39130435,5.051020408,39.63963964,0.68877551,37.5,40.6377551,4.419642857,1.779336735,0.803571429,6.485969388,1.320153061,0.68877551,0.057397959,1.033163265,3.50127551,0.631377551,0.746173469,0.918367347
662428,9879,1492,0.016793566,0.361930295,0.060321716,,0.094719745,38.60589812,80,1.990616622,43.42105263,1.327077748,0.060321716,0.844504021,18.18181818,0.72386059,57.14285714,5.247989276,57.23684211,1.085790885,60,77.93565684,1.689008043,0.422252011,0.542895442,8.143431635,2.895442359,1.749329759,0.180965147,0.904825737,5.91152815,0.060321716,1.387399464,3.31769437
754126,8586,1491,0.035450704,0.663983903,0.120724346,0.543259557,0.016578302,50.04024145,86.89727463,2.112676056,36.08247423,0.181086519,0.060362173,,,0.120724346,66.66666667,7.243460765,60.30150754,4.76861167,64.22764228,78.77263581,1.267605634,0.241448692,0.784708249,11.95171026,1.629778672,1.509054326,0.663983903,1.267605634,2.716297787,,0.543259557,8.14889336
1021929,10261,1444,0.073969529,0.997229917,0.249307479,0.06232687,0.089310576,39.57756233,89.81612447,0.997229917,69.56521739,1.371191136,0.12465374,0.249307479,44.44444444,0.934903047,50,4.923822715,54.86111111,0.560941828,42.85714286,57.15373961,2.991689751,0.810249307,0.872576177,9.286703601,2.555401662,0.560941828,0.249307479,0.997229917,,,,
766435,9770,1521,0.073313607,1.360946746,0.650887574,0.059171598,0.124640507,35.97633136,77.05956907,1.479289941,51.02040816,1.360946746,0.355029586,0.414201183,20,0.946745562,38.0952381,7.278106509,46.41509434,2.24852071,42.69662921,67.5147929,1.479289941,1.597633136,1.775147929,8.639053254,2.307692308,0.473372781,0.355029586,1.656804734,,,,
688273,9937,1437,0.05687474,0.751565762,0.187891441,0.250521921,0.142284301,44.34237996,87.29963009,2.693110647,50.58823529,1.315240084,0.438413361,1.189979123,31.14754098,0.313152401,45.45454545,4.133611691,50,1.440501044,60.52631579,67.70354906,1.377870564,0.375782881,0.814196242,11.52400835,1.691022965,1.878914405,0.501043841,1.252609603,5.323590814,0.375782881,1.252609603,2.129436326
1526560,10260,842,0.04602613,1.06888361,0.213776722,,0.135510411,35.80760095,86.11825193,0.641330166,66.66666667,1.282660333,0.106888361,0.320665083,7.692307692,0.320665083,33.33333333,8.2304038,61.6,1.710213777,64,69.26365796,3.527315914,1.06888361,2.992874109,5.771971496,3.313539192,0.427553444,,1.817102138,3.954869359,0.213776722,0.748218527,
1072864,8602,1407,0.298842204,3.006396588,1.023454158,1.855010661,0.028656609,10.42643923,60.37037037,0.063965885,14.28571429,0.767590618,0.063965885,,,1.151385928,56.25,9.019189765,49.47368421,6.332622601,51.83246073,38.31556503,6.460554371,1.407249467,1.087420043,5.309168443,0.447761194,0.319829424,0.12793177,1.087420043,1.663113006,0.511727079,0.063965885,2.750533049
816325,10252,1418,0.03112553,0.444287729,0.253878702,0.190409027,0.054613839,45.82510578,88.26405868,1.967559944,67.39130435,0.952045134,,,,0.888575458,45.16129032,7.36248237,56.8627451,2.284908322,64.28571429,66.51622003,0.698166432,0.952045134,1.904090268,9.393511989,2.348377997,1.142454161,0.507757405,1.078984485,4.125528914,0.317348378,1.205923836,1.269393512
1291325,8191,1406,0.037376247,1.024182077,0.256045519,,0.094632218,30.08534851,83.92857143,0.896159317,34.14634146,1.280227596,0.06401138,0.576102418,16.07142857,1.152204836,64.28571429,3.456614509,44.62809917,0.192034139,25,61.38691323,1.408250356,0.768136558,0.256045519,6.017069701,1.856330014,1.280227596,0.384068279,0.960170697,5.504978663,0.384068279,1.344238976,2.496443812
1013277,8602,1427,0.033628593,0.315346882,0.126138753,0.063069376,0.019292941,44.2116328,85.90686275,2.522775053,41.2371134,0.378416258,,0.189208129,27.27272727,0.630693763,83.33333333,4.288717589,61.81818182,1.513665032,54.54545455,66.66433076,0.567624387,0.315346882,0.693763139,9.081990189,1.450595655,0.882971268,0.756832516,0.693763139,3.342676945,,0.252277505,5.99159075
823658,8654,1395,0.374451607,3.225806452,1.419354839,1.096774194,0.052214276,10.38709677,64.4,0.129032258,22.22222222,0.774193548,0.064516129,0.129032258,22.22222222,0.129032258,16.66666667,3.612903226,36.84210526,1.741935484,42.85714286,29.22580645,4.838709677,0.709677419,1.032258065,4.580645161,0.709677419,0.387096774,0.129032258,2.064516129,2,0.516129032,0.516129032,1.35483871
1134871,10204,1414,0.115803392,0.827439887,0.381895332,0.063649222,0.262853539,37.10749646,84.24855491,0.827439887,31.70731707,2.036775106,0.572842999,2.291371994,44.44444444,0.445544554,41.17647059,3.882602546,47.65625,0.636492221,32.25806452,65.04950495,1.84582744,0.31824611,1.336633663,4.137199434,1.463932107,0.763790665,0.127298444,1.145685997,,,,
620026,8602,1452,0.099130167,1.17768595,0.371900826,0.247933884,0.097951369,17.66528926,75.3968254,0.805785124,59.09090909,0.929752066,0.185950413,0.185950413,15.78947368,0.55785124,36,2.665289256,36.75213675,0.371900826,30,37.5,1.797520661,0.681818182,1.115702479,5.950413223,0.619834711,0.805785124,,1.73553719,3.533057851,0.371900826,0.371900826,0.991735537
1288111,8586,1342,0.163924735,2.347242921,0.536512668,0.268256334,0.163004022,18.6438152,77.43732591,0.871833085,52,2.011922504,0.335320417,1.94485842,31.1827957,2.615499255,49.36708861,6.505216095,40.75630252,1.073025335,31.37254902,52.77943368,4.560357675,2.548435171,1.54247392,7.444113264,1.274217586,0.402384501,0.134128167,1.274217586,,,,
1362998,8456,1429,0.042783066,0.44086774,0.062981106,0.125962211,0.035787332,62.41427572,91.75925926,2.582225332,51.89873418,0.377886634,,0.062981106,33.33333333,0.44086774,77.77777778,3.463960812,60.43956044,0.944716585,50,82.12736179,0.503848845,0.125962211,0.377886634,7.872638209,1.700489853,2.078376487,0.566829951,0.881735479,4.723582925,0.125962211,0.188943317,3.526941917
1285866,8472,1407,0.168,1.663113006,0.511727079,0.063965885,0.053046766,22.8358209,81.88073394,0.255863539,26.66666667,0.447761194,0.063965885,0.255863539,12.5,0.383795309,27.27272727,3.710021322,45.3125,0.703624733,45.83333333,41.38592751,2.942430704,0.895522388,1.727078891,5.053304904,0.895522388,0.255863539,,1.279317697,3.070362473,0.639658849,0.447761194,0.831556503
1070712,8456,1374,0.156949785,1.113537118,0.3930131,0.655021834,0.046805965,61.31004367,89.3982808,2.489082969,48.71794872,0.262008734,0.065502183,0.065502183,50,0.131004367,33.33333333,3.668122271,53.84615385,1.899563319,54.71698113,81.81222707,2.096069869,0.262008734,0.458515284,6.812227074,1.179039301,0.982532751,0.655021834,1.048034934,,,,
534670,9825,1370,0.08087518,1.445255474,0.525547445,,0.240833864,46.05109489,84.66183575,2.496350365,51.35135135,2.562043796,0.394160584,0.394160584,27.27272727,0.591240876,33.33333333,2.627737226,41.2371134,0.197080292,37.5,65.62773723,2.496350365,0.854014599,0.591240876,6.700729927,1.248175182,0.459854015,,0.591240876,4.598540146,1.248175182,0.788321168,0.394160584
734042,8654,1380,0.073728258,0.326086957,0.195652174,0.065217391,0.025099752,33.26086957,85.5704698,0.97826087,37.5,0.456521739,0.065217391,0.065217391,5,1.043478261,66.66666667,6.326086957,60.2484472,0.782608696,38.70967742,63.13043478,1.239130435,1.108695652,1.630434783,5.934782609,2.869565217,0.586956522,0.260869565,0.782608696,3.847826087,0.456521739,0.717391304,2.217391304
1107280,8586,1391,0.111487423,1.099928109,0.388209921,0.258806614,0.071242325,34.80948958,84.99210111,1.29403307,57.14285714,0.711718188,0.19410496,0.129403307,25,0.841121495,59.09090909,5.5643422,45.74468085,1.746944644,41.53846154,58.74910137,1.746944644,1.164629763,0.841121495,11.9698059,2.135154565,1.164629763,0.647016535,1.876347951,4.982027318,0.323508267,0.711718188,3.040977714
1664722,9826,1334,0.100072712,0.472263868,0.067466267,0.202398801,0.02280925,45.53973013,88.23529412,2.496251874,48.68421053,0.202398801,,,,0.134932534,50,5.734632684,60.28368794,2.496251874,66.07142857,69.55772114,0.742128936,0.337331334,0.472263868,11.26686657,2.631184408,0.809595202,0.877061469,0.809595202,,,,
881500,8191,1372,0.212890667,1.311953353,0.393586006,0.065597668,0.032138156,12.85714286,70,0.459183673,50,0.655976676,0.131195335,0.065597668,16.66666667,0.655976676,45.45454545,4.329446064,31.73076923,1.836734694,28.57142857,34.30758017,3.60787172,2.099125364,0.852769679,5.575801749,1.049562682,0.262390671,0.196793003,1.443148688,2.755102041,0.590379009,0.524781341,1.311953353
1052898,8586,1340,0.012573134,0.268656716,0.067164179,0.067164179,0.050587911,33.58208955,85.47008547,0.268656716,20,0.805970149,0.134328358,0.335820896,18.51851852,0.402985075,33.33333333,4.432835821,50,0.537313433,38.0952381,60.04477612,2.619402985,0.805970149,1.47761194,4.567164179,2.082089552,0.470149254,0.335820896,1.141791045,4.701492537,0.067164179,0.805970149,1.679104478
1053838,10203,1342,0.088330108,0.335320417,0.134128167,0.20119225,0.010914576,43.32339791,85.33685601,3.219076006,46.15384615,0.134128167,,,,0.335320417,100,4.359165425,63.7254902,1.54247392,62.16216216,65.72280179,0.804769001,0,0.469448584,9.590163934,2.011922504,0.737704918,1.005961252,1.073025335,3.554396423,0.067064083,0.469448584,5.834575261
562892,9937,1328,0.012144578,0.338855422,,,0.037015858,25.0753012,76.92307692,1.55873494,38.98305085,0.271084337,0.067771084,0.203313253,12,1.016566265,50,4.472891566,49.25373134,1.287650602,47.5,55.3689759,0.948795181,0.609939759,1.152108434,4.676204819,1.016566265,0.542168675,0.338855422,1.016566265,,,,
1080983,8463,1322,0.031738277,0.476550681,0.068078669,0.068078669,0.060128386,35.60514372,89.55479452,1.293494705,67.85714286,0.748865356,0.136157337,0.272314675,26.66666667,0.408472012,85.71428571,3.540090772,46.01769912,0.953101362,41.17647059,50.92284418,0.816944024,0.340393343,0.612708018,7.829046899,1.633888048,1.02118003,0.408472012,1.089258699,3.472012103,0.272314675,1.293494705,1.293494705
979752,8678,1275,0.001305882,0.070588235,,0.070588235,0.012925138,46.51764706,87.98397864,2.4,47.22222222,0.211764706,,,,,,4.235294118,54.05405405,2.470588235,49.29577465,65.08235294,0.705882353,0.070588235,0.352941176,8.470588235,1.411764706,0.847058824,0.352941176,0.564705882,,,,
419664,10252,1323,0.093530611,0.612244898,0.068027211,0.408163265,0.028886767,57.27891156,89.95726496,2.517006803,42.04545455,0.340136054,0.068027211,0.068027211,25,0.136054422,33.33333333,3.673469388,55.10204082,2.721088435,59.70149254,75.44217687,1.428571429,0.204081633,0.612244898,7.346938776,0.340136054,0.74829932,0.612244898,0.680272109,3.197278912,,0.136054422,5.646258503
1283034,8669,648,0.345333351,3.194444444,1.111111111,,0.103197611,22.36111111,76.30331754,0.555555556,36.36363636,1.388888889,0.138888889,0.972222222,21.875,0.694444444,50,3.472222222,32.05128205,0.694444444,15.625,50.27777778,4.583333333,0.833333333,0.972222222,3.611111111,1.111111111,0.555555556,0.138888889,1.388888889,2.5,0.416666667,0.833333333,
1372921,10260,2857,0.159464121,1.449072454,0.504025201,,0.061538508,44.10220511,88.60759494,1.575078754,66.66666667,0.850542527,0.283514176,,,0.567028351,56.25,7.182359118,66.66666667,1.260063003,60.60606061,66.46832342,1.291564578,0.346517326,1.98459923,6.930346517,3.465173259,1.008050403,0.441022051,0.913545677,,,,
935728,8463,1314,0.110054792,1.164383562,0.342465753,,0.100376059,40.4109589,85.50724638,1.438356164,48.8372093,1.232876712,0.068493151,0.95890411,35.8974359,0.273972603,36.36363636,3.561643836,46.84684685,0.821917808,48,62.12328767,0.95890411,0.547945205,0.616438356,10,1.849315068,1.438356164,0.136986301,0.890410959,5.547945205,0.684931507,1.369863014,1.02739726
847983,10260,1231,0.010988627,0.365556458,,,0.043909047,61.70593014,89.8828541,3.216896832,45.36082474,0.365556458,0.073111292,0.073111292,50,1.023558083,87.5,3.436230707,65.27777778,0.8773355,57.14285714,81.08042242,0.365556458,0.146222583,0.146222583,7.676685621,1.389114541,0.8773355,0.8773355,0.658001625,4.898456539,0.073111292,0.219333875,4.532900081
1203665,8455,1268,0.244909307,2.342271293,0.496845426,0.070977918,0.261140919,29.31388013,87.31501057,0.922712934,100,2.058359621,0.425867508,0.567823344,13.55932203,0.993690852,35.8974359,3.903785489,44.71544715,0.212933754,18.75,52.8785489,7.949526814,0.851735016,1.632492114,4.968454259,1.06466877,0.283911672,,0.638801262,3.194006309,0.638801262,0.638801262,0.425867508
1050166,10261,1313,0.114765428,1.165270373,0.274181264,0.068545316,0.120451972,23.57958873,80.75117371,0.548362529,66.66666667,1.028179741,0.137090632,0.822543793,14.63414634,0.891089109,30.95238095,4.455445545,42.48366013,0.891089109,37.14285714,50.10662605,4.044173648,1.233815689,1.713632902,3.769992384,0.959634425,0.205635948,,0.548362529,2.193450114,0.205635948,0.822543793,0.411271896
1422593,9879,126,0.224999998,2.142857143,,,0.480038268,37.85714286,85.48387097,1.428571429,100,2.142857143,0.714285714,0.714285714,50,2.857142857,50,10,43.75,0.714285714,33.33333333,71.42857143,8.571428571,4.285714286,1.428571429,6.428571429,5,0.714285714,,2.142857143,3.571428571,0.714285714,2.142857143,
1107910,10261,2842,0.010396552,0.190007037,0.063335679,,0.084796688,37.43138635,87.36141907,0.760028149,39.3442623,0.823363828,0.158339198,0.348346235,21.15384615,0.791695989,52.08333333,4.465165376,52.0295203,0.855031668,43.5483871,65.9007741,1.42505278,1.235045742,1.108374384,5.763546798,1.710063336,0.72836031,0.348346235,0.190007037,5.985221675,0.411681914,0.855031668,
696646,8455,853,0.039270807,0.422039859,0.105509965,,0.040069398,51.69988277,90.40590406,1.160609613,55,0.527549824,0.105509965,,,1.055099648,62.5,4.220398593,54.79452055,1.371629543,61.9047619,71.53575615,0.844079719,0.527549824,0.21101993,5.486518171,1.582649472,0.738569754,0.21101993,0.527549824,3.165298945,0.21101993,0.949589683,
1084981,9825,1217,0.090428925,1.922760887,0.739523418,0.295809367,0.209186367,23.14708299,76.15571776,0.81347576,55,1.62695152,0.517666393,1.183237469,20,2.144617913,47.54098361,5.546425637,43.85964912,0.739523418,45.45454545,54.35497124,8.50451931,1.257189811,1.109285127,5.176663928,1.552999178,0.369761709,0.073952342,1.109285127,2.588331964,0.665571076,1.552999178,0.591618735
769166,8602,1251,0.071143885,1.510791367,0.503597122,0.071942446,0.080842912,24.46043165,79.43925234,1.870503597,56.52173913,0.935251799,0.143884892,0.35971223,20,1.294964029,60,6.834532374,55.55555556,0.647482014,30,51.15107914,1.798561151,1.438848921,2.949640288,7.553956835,2.014388489,0.71942446,0.215827338,1.438848921,3.165467626,0.35971223,0.215827338,1.438848921
827315,10203,1175,0.112427236,1.378723404,0.382978723,0.306382979,0.060431306,34.92765957,85.23364486,1.14893617,62.5,0.842553191,0.153191489,0.459574468,42.85714286,0.459574468,50,6.587234043,55.12820513,0.995744681,38.23529412,56.14468085,1.30212766,0.382978723,0.842553191,10.95319149,4.289361702,0.536170213,0.382978723,1.225531915,4.442553191,0.689361702,1.838297872,1.30212766
966027,8586,1190,0.081211762,0.831932773,0.302521008,0.075630252,0.054258988,33.57983193,84.73282443,1.512605042,62.5,0.983193277,0.075630252,0.453781513,26.08695652,0.983193277,61.9047619,4.991596639,47.82608696,0.680672269,39.13043478,56.57142857,2.647058824,0.983193277,1.663865546,9.378151261,1.739495798,1.361344538,0.302521008,1.966386555,5.521008403,1.210084034,0.983193277,0.453781513
690149,8191,1202,0.045374377,0.149750416,0.074875208,0.074875208,0.010493688,36.01497504,84.53427065,1.647254576,33.84615385,,,,,,,2.845257903,47.5,1.647254576,47.82608696,54.13477537,0.149750416,0,0.149750416,8.91014975,1.048252912,0.823627288,0.823627288,0.973377704,,,,
1113785,8191,1231,0.065134851,1.389114541,0.365556458,,0.150527697,28.8058489,77.25490196,1.316003249,40,1.535337124,0.365556458,0.804224208,35.48387097,1.462225833,58.82352941,7.457351747,49.51456311,0.43866775,18.75,59.58570268,1.608448416,2.412672624,3.436230707,8.188464663,2.120227457,0.584890333,0.219333875,1.754670999,,,,
939542,8668,1168,0.107044518,1.849315068,0.385273973,,0.147949575,20.34246575,81.48148148,0.539383562,35,1.155821918,0.077054795,0.770547945,23.80952381,0.539383562,53.84615385,3.390410959,42.7184466,0.539383562,38.88888889,42.76541096,1.772260274,1.464041096,0.539383562,8.553082192,1.772260274,0.770547945,0.231164384,0.84760274,4.77739726,0.924657534,0.924657534,1.001712329
1022649,10203,1176,0.08125255,1.147959184,0.306122449,0.229591837,0.117655381,16.91326531,78.36879433,0.535714286,53.84615385,1.071428571,0.153061224,0.68877551,21.42857143,0.994897959,39.39393939,5.280612245,46.30872483,0.841836735,44,42.4744898,3.979591837,1.454081633,1.683673469,7.423469388,1.760204082,0.765306122,0.153061224,1.224489796,3.826530612,0.306122449,0.918367347,0.918367347
184321,9937,357,0.094991597,1.512605042,0.25210084,,0.022585028,9.831932773,78,,,0.756302521,,0.25210084,50,0.25210084,20,1.512605042,13.63636364,0.504201681,11.11111111,27.4789916,5.294117647,3.025210084,0.25210084,1.008403361,0.504201681,0.25210084,,1.008403361,2.773109244,0.25210084,0.504201681,
519835,8602,1146,0.153251312,1.413612565,0.471204188,0.314136126,0.067782539,8.167539267,68.42105263,,,0.471204188,0.235602094,0.078534031,20,0.785340314,55.55555556,2.356020942,39.47368421,0.706806283,39.13043478,22.14659686,3.298429319,0.706806283,0.235602094,2.984293194,0.628272251,0.157068063,0.078534031,1.020942408,1.178010471,0.235602094,0.235602094,0.942408377
769895,10260,1170,0.111992304,0.846153846,0.230769231,0.461538462,0.058922791,41.30769231,87.74509804,1.615384615,47.72727273,0.230769231,0.153846154,0.307692308,80,0.076923077,50,5.692307692,62.71186441,3.846153846,61.72839506,60.84615385,1.384615385,0.076923077,0.384615385,8.384615385,1.461538462,1.153846154,0.538461538,0.461538462,3.076923077,0.076923077,0.461538462,5.230769231
1206287,8654,1167,0.016357326,0.231362468,0.077120823,,0.082469648,34.31876607,83.64661654,2.082262211,47.36842105,0.616966581,0.154241645,0.462724936,17.64705882,0.154241645,25,5.01285347,58.55855856,1.542416452,60.60606061,56.14395887,0.616966581,0.385604113,1.079691517,9.100257069,2.236503856,1.311053985,0.231362468,1.156812339,2.93059126,,0.616966581,2.390745501
357880,8586,1172,0.084816548,0.767918089,0.230375427,0.076791809,0.10660978,45.46075085,83.26300985,2.07337884,38.02816901,1.535836177,0.230375427,0.998293515,23.63636364,0.230375427,50,2.303754266,52.63157895,1.075085324,48.27586207,73.87372014,2.150170648,0.076791809,0.076791809,4.223549488,0.921501706,0.614334471,0.230375427,0.307167235,3.071672355,0.230375427,0.307167235,2.457337884
674014,8678,949,0.238836666,2.370916754,1.138040042,,0.192038907,27.12328767,82.18390805,1.232876712,81.25,1.896733404,0.284510011,1.327713383,26.92307692,1.043203372,35.48387097,4.741833509,42.01680672,0.663856691,41.17647059,56.04847208,3.888303477,1.327713383,1.707060063,2.845100105,1.327713383,0.474183351,0.18967334,1.043203372,4.741833509,0.853530032,1.327713383,
189982,10261,1091,0.081082495,1.402383135,0.329972502,0.164986251,0.050601592,55.43538038,84.42211055,5.857011916,46.1038961,0.329972502,,0.082493126,25,,,5.444546288,57.89473684,3.794683776,63.01369863,80.43079743,1.567369386,0.082493126,0.494958753,9.486709441,1.154903758,1.48487626,0.989917507,1.237396884,3.5472044,0.082493126,0.494958753,5.857011916
1478295,8678,1119,0.234008053,2.252010724,0.643431635,0.482573727,0.146400021,20.02680965,78.30188679,0.804289544,62.5,1.126005362,0.241286863,0.321715818,16.66666667,1.045576408,38.23529412,4.423592493,40.74074074,2.010723861,43.85964912,43.27077748,4.101876676,0.804289544,0.482573727,6.595174263,0.884718499,0.643431635,,0.72386059,,,,
1079557,8678,1082,0.216365998,1.663585952,0.748613678,0.33271719,0.134786814,26.53419593,77.23970944,0.166358595,20,1.330868762,0.083179298,0.166358595,5,0.665434381,36.36363636,7.985212569,53.33333333,2.495378928,52.63157895,56.14602588,3.826247689,0.748613678,1.829944547,10.2310536,2.994454713,0.582255083,0.166358595,2.41219963,5.073937153,0.415896488,0.582255083,1.414048059
1113903,8455,1102,0.364859364,2.940108893,0.898366606,0.653357532,0.018194298,10.78039927,69.84126984,0.081669691,50,0.245009074,,,,0.816696915,76.92307692,4.818511797,39.07284768,2.041742287,42.37288136,30.78947368,5.390199637,1.796733212,1.551724138,3.430127042,0.408348457,0.081669691,,2.041742287,2.041742287,0.326678766,0.653357532,0.898366606
1023030,10283,1121,0.261064222,1.284567351,0.240856378,0.080285459,0.049917207,28.66190901,89.47368421,0.642283675,80,0.883140054,,0.722569135,29.03225806,0.642283675,40,5.619982159,42.42424242,0.802854594,35.71428571,53.47011597,3.131132917,2.087421945,0.722569135,10.11596789,3.452274755,0.642283675,0.160570919,2.007136485,4.656556646,0.561998216,1.123996432,1.204281891
1114979,10188,1101,0.045817441,0.817438692,0.245231608,0.408719346,0.03242837,44.71389646,83.00455235,4.08719346,42.73504274,0.326975477,,0.326975477,28.57142857,0.326975477,80,5.476839237,63.80952381,2.125340599,63.41463415,71.28065395,0.980926431,0.408719346,0.408719346,10.21798365,2.615803815,1.0626703,1.226158038,0.817438692,5.395095368,0.081743869,0.572207084,5.313351499
887703,8472,1158,0.368937804,3.341968912,1.321243523,0.233160622,0.030218923,6.295336788,60,0.077720207,14.28571429,,,,,0.466321244,25,3.808290155,29.16666667,1.943005181,26.31578947,23.47150259,5.207253886,1.088082902,0.544041451,3.96373057,0.85492228,0.077720207,0.077720207,1.088082902,1.787564767,0.233160622,0.388601036,1.165803109
861197,8463,1073,0.407717608,2.516309413,1.342031687,0.503261883,0.131225494,11.91053122,65.74074074,0.503261883,75,0.922646785,0.167753961,,,0.587138863,53.84615385,5.619757689,41.875,2.684063374,39.50617284,34.64119292,5.368126747,1.509785648,1.509785648,4.864864865,1.006523765,0.251630941,0.08387698,1.509785648,2.600186393,0.587138863,0.335507922,0.922646785
637744,8191,1064,0.126093046,1.945488722,0.507518797,0.084586466,0.156225456,23.59962406,82.5443787,0.507518797,50,1.691729323,0.507518797,0.422932331,25,1.184210526,36.84210526,3.806390977,35.43307087,0.169172932,20,46.35338346,4.567669173,2.368421053,1.522556391,5.667293233,0.930451128,0.169172932,,0.592105263,4.229323308,0.676691729,1.437969925,0.338345865
1413846,8455,1142,0.024202277,0.315236427,,0.078809107,0.04987571,55.16637478,91.98423127,0.630472855,30.76923077,0.630472855,0.078809107,0.315236427,57.14285714,0.551663748,53.84615385,4.807355517,52.5862069,1.260945709,47.05882353,78.25744308,1.103327496,0.315236427,0.157618214,7.880910683,2.837127846,1.418563923,0.551663748,1.182136602,3.940455342,0.315236427,0.945709282,3.073555166
160447,8678,1076,,0,,,0.020679531,23.67100372,77.96143251,1.003717472,21.05263158,0.418215613,0.083643123,0.083643123,7.692307692,0.083643123,100,3.345724907,44.44444444,1.171003717,46.66666667,47.84386617,0.752788104,0.167286245,0.920074349,5.855018587,1.25464684,0.669144981,0.752788104,1.589219331,2.425650558,,1.25464684,3.178438662
1190033,10252,1047,,0,,,0.017673214,38.93982808,89.7029703,0.601719198,36.84210526,0.171919771,,0.085959885,50,0.171919771,28.57142857,4.899713467,52.29357798,0.773638968,37.5,57.42120344,0.601719198,0.859598854,1.719197708,5.157593123,2.23495702,0.429799427,0.515759312,1.461318052,3.696275072,0.257879656,0.429799427,1.977077364
1318400,9879,1037,0.103920923,2.169720347,0.867888139,0.260366442,0.12832767,22.4783028,76.40117994,1.735776278,74.07407407,1.215043394,0.086788814,1.041465767,27.27272727,3.818707811,50,7.81099325,44.33497537,0.694310511,36.36363636,58.06171649,5.294117647,1.996142719,1.475409836,7.463837994,1.822565092,0.781099325,,1.215043394,4.165863067,0.607521697,1.56219865,0.694310511
688300,8564,918,0.261539221,3.137254902,0.784313725,0.098039216,0.238215105,29.11764706,83.66197183,1.764705882,72,2.647058824,0.490196078,0.980392157,20,2.549019608,56.52173913,5.784313725,50.86206897,0.68627451,41.17647059,59.21568627,5.784313725,1.078431373,0.980392157,2.745098039,1.666666667,0.196078431,,0.294117647,3.725490196,0.882352941,1.37254902,0.882352941
1021586,9825,1073,0.334778201,2.432432432,1.090400746,0.419384902,0.105965944,15.8527493,72.4137931,0.335507922,26.66666667,1.090400746,0.335507922,0.754892824,24.32432432,1.845293569,57.89473684,4.613233924,42.30769231,0.671015843,30.76923077,43.61602982,5.87138863,2.180801491,1.174277726,6.374650513,1.006523765,0.08387698,0.08387698,0.838769804,4.361602982,1.342031687,0.503261883,0.838769804
750032,10260,1018,0.133028482,1.679764244,0.442043222,0.176817289,0.143426759,30.94302554,81.58508159,2.033398821,62.16216216,1.149312377,0.088408644,0.088408644,4.545454545,0.618860511,41.17647059,4.42043222,43.47826087,0.618860511,33.33333333,53.57563851,3.271119843,1.326129666,1.060903733,9.106090373,2.121807466,0.7956778,0.088408644,1.41453831,5.304518664,0.884086444,0.972495088,0.7956778
1049679,8602,1049,0.010527169,0.257387989,,0.085795996,0.092973659,16.55862726,74.23076923,1.201143947,50,0.686367969,0.257387989,0.686367969,24.24242424,0.428979981,62.5,2.573879886,53.57142857,0.943755958,57.89473684,39.89513823,1.630123928,0.171591992,0.343183985,4.289799809,0.857959962,0.600571973,0.171591992,0.857959962,2.316491897,0.171591992,0.257387989,2.659675882
279490,8654,1440,0.106318749,0.9375,0.375,,0.162046328,50.125,91.65714286,2.0625,64.70588235,1.5,0.375,1.1875,27.94117647,0.125,40,2.8125,47.87234043,0.8125,56.52173913,68,0.75,0.5625,0.375,3.8125,1.5,0.8125,0.3125,1.0625,4.4375,0.125,0.75,1.1875
1622290,10203,1026,0.117526316,0.438596491,0.263157895,0.087719298,0.038493717,27.54385965,78.69674185,1.140350877,27.65957447,0.614035088,0.087719298,0.701754386,29.62962963,0.175438596,40,2.98245614,48.57142857,0.614035088,58.33333333,55.87719298,1.315789474,0.175438596,0.438596491,4.912280702,1.754385965,0.350877193,0.263157895,1.052631579,2.368421053,0.087719298,1.315789474,2.543859649
966018,8650,1039,0.04413378,0.866217517,0.173243503,,0.136526174,32.30991338,84.58049887,0.606352262,28,1.299326275,0.433108758,0.952839269,21.56862745,1.55919153,54.54545455,4.937439846,48.30508475,0.606352262,41.17647059,63.40712223,5.976900866,1.472569779,1.819056785,2.598652551,0.952839269,0.51973051,,0.692974013,4.504331088,0.779595765,1.03946102,1.126082772
655575,8191,1023,0.121407624,1.495601173,0.351906158,0.08797654,0.103030114,20.93841642,81.50684932,0.263929619,30,1.055718475,0.175953079,0.791788856,21.42857143,0.879765396,28.57142857,2.903225806,35.86956522,0.967741935,39.28571429,44.34017595,3.079178886,0.967741935,,5.542521994,1.055718475,0.527859238,0.08797654,0.08797654,2.727272727,0.439882698,0.439882698,1.143695015
820024,8463,1006,0.11161431,1.431411531,0.357852883,,0.171011664,33.99602386,84.6325167,1.34194831,42.85714286,2.236580517,0.536779324,2.415506958,50,0.178926441,28.57142857,5.994035785,51.53846154,0.894632207,45.45454545,59.67196819,1.789264414,1.073558648,1.520874751,9.840954274,3.399602386,1.073558648,0.536779324,1.163021869,3.846918489,0.447316103,1.968190855,0.984095427
1113790,9879,1037,0.128846679,1.041465767,0.260366442,,0.1829011,29.85535198,85.78553616,0.173577628,25,1.909353905,0.086788814,0.347155256,28.57142857,2.343297975,60,6.162005786,52.98507463,0.520732883,46.15384615,54.59016393,5.988428158,1.996142719,1.475409836,6.509161041,1.822565092,0.781099325,,0.781099325,3.645130183,0.694310511,0.607521697,0.260366442
591734,8586,1000,0.218690994,1.8,0.99,0.45,0.031521409,10.53,74.05063291,0.18,33.33333333,0.54,0.09,,,1.17,50,5.76,43.53741497,1.8,32.78688525,30.69,4.95,1.17,0.81,6.48,1.98,0.27,0.18,1.08,3.06,0.63,0.45,0.99
1128945,9879,997,0.301504506,2.888665998,0.451354062,1.173520562,0.013065775,5.055165496,42.42424242,0.270812437,30,0.722166499,0.090270812,,,0.451354062,41.66666667,9.749247743,49.09090909,7.04112337,53.06122449,29.96990973,5.506519559,1.083249749,1.624874624,4.694082247,0.722166499,0.180541625,0.270812437,1.895687061,1.354062187,0.451354062,0.451354062,2.166499498
1298907,9825,989,0.008736097,0.091001011,,0.091001011,0.057203274,52.59858443,91.31121643,1.001011122,40.74074074,0.455005056,,0.091001011,33.33333333,0.091001011,33.33333333,5.460060667,50,1.820020222,41.66666667,74.52982811,0.8190091,0.728008089,0.637007078,8.554095046,2.912032356,0.728008089,0.637007078,1.547017189,3.094034378,,0.455005056,4.277047523
574645,9825,1027,0.296228826,1.927945472,0.701071081,0.701071081,0.12751394,24.62512171,75.94594595,0.701071081,34.7826087,1.051606621,0.35053554,,,0.438169426,41.66666667,6.923076923,45.93023256,2.453748783,39.43661972,48.72444012,2.979552093,1.489776047,1.752677702,9.990262902,2.278481013,0.876338851,0.17526777,1.927945472,4.995131451,0.701071081,0.525803311,1.665043817
1341387,8586,980,0.174636735,2.020408163,0.734693878,0.275510204,0.112291939,25.34693878,84.92307692,0.551020408,66.66666667,1.836734694,0.183673469,0.734693878,28.57142857,2.204081633,58.53658537,4.5,47.11538462,0.459183673,29.41176471,49.5,3.765306122,1.928571429,0.918367347,7.163265306,0.918367347,0.091836735,,0.183673469,4.959183673,0.642857143,0.275510204,1.193877551
860975,10261,980,0.115971427,1.56122449,0.551020408,0.091836735,0.10091703,27.73469388,84.12256267,0.918367347,45.45454545,1.285714286,0.367346939,0.275510204,20,0.642857143,41.17647059,4.408163265,41.37931034,0.918367347,47.61904762,50.87755102,3.948979592,1.102040816,1.010204082,8.173469388,1.836734694,0.826530612,0.183673469,1.469387755,4.775510204,0.826530612,1.744897959,0.551020408
1385894,8654,979,0.040633299,0.64351379,0.183861083,,0.028563534,30.06128703,80.74074074,1.746680286,52.77777778,0.459652707,0.091930541,0.091930541,11.11111111,0.459652707,62.5,6.71092952,56.58914729,1.011235955,40.74074074,54.60674157,0.64351379,0.551583248,1.562819203,11.7671093,3.677221655,1.470888662,0.367722165,1.562819203,,,,
775539,10260,984,0.017222561,0.457317073,,,0.032528059,43.35365854,87.29281768,1.737804878,47.5,0.548780488,,0.365853659,30.76923077,0.731707317,53.33333333,6.219512195,62.96296296,1.646341463,56.25,72.98780488,1.280487805,0.365853659,1.280487805,8.963414634,2.56097561,1.280487805,0.182926829,1.097560976,4.207317073,0.365853659,0.274390244,4.93902439
1192166,8602,960,0.201131254,1.875,0.5625,0.1875,0.038933471,17.8125,72.24334601,0.1875,16.66666667,0.28125,,0.28125,12.5,0.75,30.76923077,4.21875,43.26923077,0.5625,25,45.09375,4.6875,0.65625,0.75,4.40625,2.15625,0.84375,0.1875,0.5625,3.09375,0.46875,0.9375,1.21875
821728,9879,938,0.004807036,0.095948827,,0.095948827,0.053714324,53.05970149,88.33865815,2.49466951,35.13513514,0.287846482,0.095948827,0.095948827,50,0.191897655,40,3.454157783,52.94117647,1.631130064,53.125,74.26439232,0.575692964,0,0.095948827,11.22601279,1.535181237,1.535181237,0.959488273,0.959488273,3.837953092,,0.383795309,7.196162047
439369,8678,986,0.175198781,2.281947262,0.730223124,,0.075399295,39.06693712,78.24497258,2.281947262,40.32258065,1.004056795,0.182555781,0.273833671,17.64705882,1.734279919,48.71794872,7.302231237,50,1.186612576,46.42857143,71.37931034,2.464503043,1.369168357,2.00811359,11.22718053,2.464503043,1.095334686,0.365111562,1.551724138,,,,
1559639,10260,923,0.033679307,0.292524377,,0.195016251,0.017880939,43.58613218,90.48582996,1.657638137,56.66666667,0.195016251,0.097508126,,,0.585048754,75,5.362946912,68.75,1.755146262,64.28571429,61.5276273,0.780065005,0.097508126,0.877573131,9.165763814,2.145178765,0.097508126,1.072589382,0.68255688,3.900325027,0.097508126,0.487540628,5.850487541
1386775,8586,966,0.130155275,1.118012422,0.465838509,0.186335404,0.040304983,23.19875776,81.63934426,0.931677019,55.55555556,0.465838509,,0.279503106,15,1.397515528,62.5,4.565217391,43.75,0.465838509,26.31578947,46.02484472,2.795031056,0.652173913,0.652173913,7.267080745,2.049689441,0.186335404,0.186335404,2.236024845,3.633540373,0.372670807,0.838509317,1.211180124
933845,8456,976,0.05482992,0.922131148,0.18442623,,0.186529235,49.14959016,90.33898305,0.645491803,35,1.106557377,0.18442623,0.553278689,27.27272727,2.028688525,52.38095238,7.469262295,56.25,1.290983607,60.86956522,80.68647541,2.489754098,1.106557377,0.922131148,6.178278689,3.227459016,1.198770492,0.092213115,1.567622951,4.518442623,0.461065574,0.553278689,1.659836066
1113690,8650,932,0.023272532,0.579399142,,0.193133047,0.090588012,39.88197425,83.94308943,0.965665236,25,0.386266094,0.289699571,0.386266094,16.66666667,0.675965665,31.81818182,5.89055794,44.85294118,1.448497854,48.38709677,78.02575107,2.703862661,1.06223176,1.931330472,6.276824034,1.834763948,1.255364807,0.386266094,1.738197425,4.152360515,0.289699571,1.448497854,2.800429185
258269,10252,944,0.026618643,0.286016949,,0.286016949,0.011033328,57.3940678,94.20970266,1.23940678,48.14814815,0.190677966,0.095338983,,,,,1.811440678,61.29032258,1.048728814,64.70588235,68.35805085,0.476694915,0.190677966,0.095338983,5.148305085,0.667372881,0.762711864,0.476694915,0.190677966,1.811440678,,0.190677966,3.241525424
562724,8678,872,0.007947248,0.309633028,,,0.055359231,44.27752294,86.14457831,2.683486239,45.61403509,1.135321101,,1.032110092,22.72727273,0.309633028,75,4.334862385,54.54545455,0.928899083,36,70.69954128,0.412844037,0.309633028,0.516055046,14.75917431,2.580275229,2.47706422,0.619266055,0.825688073,6.399082569,0.516055046,0.722477064,2.683486239
1580774,8455,845,0.311517151,2.982248521,0.852071006,0.106508876,0.234207596,23.21893491,80.74074074,0.532544379,55.55555556,1.704142012,0.426035503,0.532544379,31.25,3.088757396,41.42857143,5.538461538,34.89932886,0.319526627,17.64705882,52.40236686,7.881656805,2.130177515,0.958579882,5.964497041,1.171597633,0.426035503,,1.278106509,3.834319527,0.532544379,1.171597633,0.532544379
169719,10203,906,0.421996669,2.284768212,0.894039735,1.092715232,0.03185204,11.02649007,69.375,0.198675497,66.66666667,0.496688742,,,,0.099337748,50,3.377483444,39.08045977,2.582781457,40,23.94039735,3.675496689,0.198675497,0.59602649,2.880794702,0.099337748,0.099337748,0.397350993,0.59602649,1.390728477,0.397350993,0.496688742,0.894039735
787350,9885,516,0.112726747,1.395348837,0.348837209,,0.220262984,64.18604651,90.41769042,4.709302326,75,2.61627907,0.523255814,1.220930233,26.92307692,1.918604651,78.57142857,6.279069767,55.38461538,0.872093023,55.55555556,90.34883721,1.395348837,1.220930233,1.220930233,4.186046512,2.26744186,0.697674419,0.348837209,2.441860465,,,,
794253,8678,951,0.219615145,1.608832808,0.378548896,,0.144681084,26.49842271,81.15942029,1.230283912,72.22222222,1.987381703,0.283911672,0.757097792,19.04761905,1.041009464,42.30769231,3.501577287,31.89655172,0.567823344,20.68965517,50.15772871,2.933753943,1.41955836,0.94637224,6.056782334,0.94637224,0.378548896,0.189274448,1.703470032,4.353312303,0.94637224,0.851735016,0.189274448
786580,8602,1079,0.274996296,1.835032437,0.583873957,,0.094375834,12.34476367,73.6318408,,,0.750695088,0.250231696,0.250231696,30,0.250231696,30,5.505097312,48.88888889,2.418906395,54.71698113,32.69694161,3.086190918,1.000926784,0.834105653,4.003707136,2.001853568,0.500463392,0.083410565,1.584800741,2.919369787,0.583873957,0.834105653,
1227326,8654,826,0.11423245,1.307506053,0.326876513,0.217917676,0.12176021,16.12590799,73.6318408,0.217917676,40,1.525423729,0.217917676,0.217917676,40,0.98062954,64.28571429,6.86440678,39.87341772,2.288135593,33.33333333,39.76997579,2.832929782,1.852300242,0.871670702,7.84503632,2.832929782,0.435835351,0.217917676,2.506053269,3.050847458,0.544794189,0.871670702,1.307506053
1035614,10260,881,0.072694666,1.328036322,0.10215664,0.20431328,0.020890817,43.62088536,85.05976096,1.328036322,48.14814815,0.306469921,,,,0.715096481,70,8.070374574,53.37837838,1.123723042,42.30769231,71.40749149,0.919409762,1.123723042,1.532349603,14.50624291,4.699205448,2.043132804,0.510783201,2.451759364,5.209988649,0.10215664,1.634506243,2.043132804
215384,10252,852,0.159654928,1.901408451,0.845070423,0.422535211,0.142373757,37.71126761,87.71498771,1.478873239,73.68421053,1.056338028,0.422535211,,,1.373239437,65,5.281690141,47.16981132,1.478873239,46.66666667,57.04225352,1.901408451,1.690140845,0.950704225,7.816901408,1.478873239,0.211267606,0.316901408,0.950704225,4.753521127,0.316901408,0.845070423,1.056338028
1174337,8456,821,0.254915969,2.192448234,1.205846529,,0.177802897,33.87332521,82.84182306,0.548112058,31.25,0.986601705,,0.767356882,17.5,1.863580999,32.0754717,4.494518879,40.59405941,,,65.55420219,8.660170524,0.986601705,1.644336175,6.46772229,0.986601705,0.548112058,,0.986601705,4.275274056,0.438489647,0.219244823,0.65773447
613715,10204,800,0.0042975,0.1125,,,0.051926155,73.35,86.47214854,3.6,41.02564103,0.45,,0.5625,33.33333333,0.225,100,5.175,63.88888889,1.9125,56.66666667,101.475,0.5625,0.1125,1.2375,8.775,1.8,2.025,0.225,0.7875,6.075,0.225,0.5625,4.725
683402,8455,789,0.012239544,0.228136882,,0.228136882,0.046166137,78.13688213,90.48877147,2.281368821,41.66666667,0.114068441,0.114068441,,,,,6.615969582,69.87951807,4.676806084,70.68965517,99.69581749,0.456273764,0.114068441,,11.06463878,1.939163498,1.02661597,0.570342205,0.684410646,2.509505703,,0.228136882,7.52851711
1327319,8472,766,0.098706265,1.409921671,0.352480418,,0.134888852,17.97650131,71.83098592,1.174934726,47.61904762,1.057441253,0.234986945,0.46997389,36.36363636,0.822454308,53.84615385,3.759791123,49.23076923,0.46997389,30.76923077,37.95039164,2.349869452,0.587467363,0.939947781,6.697127937,1.527415144,0.46997389,0.117493473,0.939947781,3.407310705,0.234986945,0.587467363,1.174934726
182962,9879,763,0.142313229,2.005242464,0.235910878,,0.09625035,75.60943644,92.6300578,2.712975098,67.64705882,1.29750983,,0.235910878,33.33333333,0.471821756,50,3.77457405,53.33333333,1.179554391,76.92307692,92.59501966,1.29750983,0.471821756,1.29750983,7.313237221,0.825688073,0.471821756,0.117955439,1.179554391,5.072083879,0.353866317,0.825688073,0.825688073
1087966,10252,916,0.153265288,1.080786026,0.589519651,0.3930131,0.100117937,15.13100437,82.35294118,0.098253275,50,0.491266376,0.19650655,,,1.375545852,35.8974359,6.779475983,44.51612903,1.080786026,45.83333333,40.48034934,3.930131004,2.751091703,1.965065502,8.351528384,2.358078603,0.491266376,0.294759825,1.473799127,4.22489083,0.294759825,0.491266376,0.982532751
1077975,8191,331,0.030480364,1.087613293,,,0.030069652,14.41087613,74.64788732,,,1.087613293,,,,2.175226586,53.33333333,8.972809668,41.25,4.894259819,46.15384615,41.32930514,4.894259819,3.534743202,1.087613293,2.175226586,0.81570997,0.271903323,,1.63141994,2.447129909,,,
696443,9879,814,0.088529485,0.221130221,0.110565111,0.221130221,0.005743771,47.87469287,87.65182186,1.658476658,33.33333333,,,,,0.110565111,100,2.764127764,54.34782609,1.658476658,60,65.12285012,0.773955774,0,0.331695332,6.744471744,0.663390663,0.663390663,0.773955774,0.995085995,2.100737101,0.110565111,0.331695332,4.643734644
776151,9825,704,0.058384943,0.639204545,0.127840909,,0.087189166,36.94602273,81.63841808,1.278409091,32.25806452,1.022727273,0.383522727,0.383522727,18.75,0.383522727,75,4.602272727,53.73134328,1.534090909,44.44444444,69.80113636,2.045454545,0.255681818,0.767045455,6.775568182,1.917613636,1.150568182,0.511363636,0.639204545,3.579545455,0.511363636,1.022727273,3.196022727
1406436,9825,698,0.013796562,0.257879656,,,0.026431273,45.12893983,91.62303665,1.160458453,56.25,0.515759312,,,,1.031518625,80,4.899713467,52.77777778,0.773638968,35.29411765,65.24355301,1.676217765,0.902578797,2.063037249,3.223495702,1.031518625,0.64469914,0.128939828,1.289398281,3.868194842,0.128939828,0.515759312,1.418338109
1336751,9826,496,0.138574598,1.814516129,1.088709677,,0.074007376,26.31048387,77.95698925,1.088709677,37.5,1.27016129,0.181451613,0.544354839,17.64705882,0.362903226,50,3.810483871,36.20689655,0.362903226,13.33333333,52.25806452,1.451612903,0.544354839,,5.262096774,3.084677419,,0.181451613,1.451612903,4.899193548,0.907258065,1.995967742,
417068,8695,170,0.064376472,0.529411765,,0.529411765,0.045874992,57.70588235,92.37288136,1.058823529,33.33333333,0.529411765,,,,,,2.117647059,44.44444444,0.529411765,20,77.82352941,0.529411765,0,1.058823529,4.764705882,0.529411765,2.117647059,,1.058823529,2.647058824,,,2.117647059
1391052,9851,2149,0.40701863,2.345276873,1.130758492,,0.147222247,7.24523034,71.48760331,0.376919497,81.81818182,1.046998604,0.293159609,0.209399721,27.77777778,2.052117264,46.66666667,4.73243369,36.4516129,0.670079107,18.82352941,27.89204281,6.449511401,1.675197766,1.256398325,1.214518381,0.753838995,0.209399721,,0.837598883,2.889716147,0.711959051,0.586319218,
1030829,8668,681,0.046466959,0.792951542,0.264317181,0.528634361,0.015327411,38.85462555,83.76068376,2.775330396,53.84615385,0.396475771,0.13215859,,,,,5.814977974,68.75,3.964757709,78.94736842,61.3215859,1.189427313,0.264317181,0.13215859,8.854625551,1.718061674,1.453744493,0.264317181,0.396475771,3.832599119,,0.396475771,5.418502203
1430151,10204,681,0.159436128,1.453744493,0.660792952,0.264317181,0.255423527,21.93832599,78.30188679,0.925110132,53.84615385,3.039647577,0.528634361,1.453744493,37.93103448,1.718061674,52,5.814977974,45.83333333,0.396475771,37.5,52.07048458,6.740088106,2.775330396,1.585903084,3.039647577,2.114537445,0.264317181,,0.925110132,3.436123348,0.396475771,0.925110132,0.660792952
1210384,8668,677,0.10429099,1.462333826,0.132939439,0.265878877,0.042789467,17.41506647,77.5147929,0.398818316,50,0.797636632,,0.398818316,60,0.398818316,27.27272727,6.646971935,40.98360656,1.994091581,39.47368421,41.47710487,2.658788774,1.994091581,0.930576071,9.039881832,3.323485968,0.531757755,0.265878877,2.658788774,3.722304284,0.398818316,0.797636632,1.196454948
690107,8650,703,0.339490743,2.176386913,0.768136558,0.384068279,0.013338406,7.041251778,62.5,0.384068279,60,0.256045519,0.12802276,,,0.12802276,10,2.176386913,29.31034483,1.024182077,29.62962963,23.04409673,3.840682788,0.896159317,0.12802276,3.840682788,0.896159317,,0.12802276,0.640113798,1.664295875,0.512091038,0.256045519,1.152204836
1128965,8668,685,0.163077368,2.627737226,0.656934307,0.525547445,0.071354481,32.97810219,81.75895765,1.576642336,66.66666667,1.313868613,0.262773723,0.394160584,50,0.919708029,46.66666667,6.04379562,45.09803922,1.839416058,45.16129032,59.38686131,3.678832117,1.182481752,1.576642336,9.197080292,1.839416058,0.394160584,0.394160584,1.313868613,5.649635036,0.262773723,1.576642336,0.919708029
1400216,8455,663,0.084950228,0.542986425,0.271493213,0.407239819,0.018941635,59.72850679,92.05020921,0.542986425,22.22222222,0.271493213,,0.135746606,100,1.49321267,78.57142857,5.701357466,63.63636364,1.49321267,61.11111111,81.31221719,1.085972851,1.085972851,1.221719457,5.972850679,1.49321267,1.49321267,0.271493213,0.271493213,3.529411765,0.271493213,0.542986425,2.714932127
839204,8456,699,0.349364792,3.862660944,1.158798283,0.128755365,0.10184739,18.15450644,87.03703704,0.128755365,100,1.545064378,0.386266094,,,1.287553648,45.45454545,5.922746781,50,0.386266094,33.33333333,41.45922747,6.824034335,1.931330472,2.703862661,5.021459227,1.673819742,0.25751073,0.25751073,1.287553648,2.575107296,0.643776824,0.515021459,0.25751073
1002039,9937,685,0.06033285,0.788321168,0.131386861,,0.018189976,31.40145985,83.56643357,1.445255474,47.82608696,,,,,,,4.335766423,50,1.182481752,50,58.72992701,1.313868613,0.656934307,1.182481752,6.832116788,1.97080292,1.051094891,0.788321168,0.919708029,4.598540146,,0.788321168,3.02189781
950830,10260,608,0.436988493,3.700657895,1.332236842,1.184210526,0.051957111,26.94078947,74.28571429,0.444078947,42.85714286,1.628289474,0.296052632,0.296052632,40,0.740131579,55.55555556,5.921052632,39.6039604,2.960526316,38.46153846,58.17434211,7.105263158,1.924342105,0.888157895,6.217105263,1.332236842,0.148026316,0.296052632,1.332236842,2.8125,0.296052632,0.444078947,1.628289474
568571,8650,599,0.040898166,0.751252087,0.150250417,0.150250417,0.098664248,38.31385643,79.6875,1.502504174,38.46153846,0.751252087,0.450751252,0.450751252,18.75,0.450751252,50,3.906510851,39.39393939,1.953255426,50,72.42070117,1.652754591,0.901502504,,6.911519199,1.502504174,1.352253756,0.300500835,2.103505843,3.005008347,,0.601001669,3.756260434
775614,10203,604,0.074190399,1.341059603,0.298013245,0.298013245,0.058461272,30.24834437,78.07692308,0.59602649,30.76923077,0.745033113,,0.298013245,50,0.149006623,50,7.450331126,59.52380952,2.98013245,66.66666667,56.17549669,1.490066225,0.894039735,1.937086093,10.28145695,2.38410596,1.341059603,0.447019868,1.937086093,2.682119205,0.447019868,0.745033113,3.427152318
157838,9826,596,0.065023488,0.453020134,,,0.102344248,22.19798658,79.89130435,0.453020134,25,0.453020134,0.302013423,0.302013423,12.5,0.604026846,57.14285714,3.473154362,54.76190476,0.302013423,25,45.60402685,1.812080537,0.151006711,0.151006711,7.399328859,2.416107383,0.755033557,0.302013423,0.604026846,2.567114094,0.453020134,0.755033557,3.926174497
660301,8686,645,0.567962824,3.76744186,1.255813953,0.139534884,0.04800935,10.18604651,77.65957447,0.139534884,20,0.976744186,,0.279069767,28.57142857,1.11627907,40,2.930232558,36.84210526,0.418604651,30,28.74418605,6.697674419,1.813953488,0.837209302,2.23255814,0.558139535,,,0.279069767,1.395348837,0.139534884,0.279069767,0.279069767
1315319,773649,662,0.015566465,0.407854985,,,0.019164019,35.75528701,81.67701863,1.087613293,22.22222222,0.271903323,,0.135951662,6.666666667,0.271903323,28.57142857,4.350453172,54.23728814,0.81570997,50,66.34441088,1.223564955,0.407854985,0.407854985,7.341389728,2.854984894,1.495468278,0.271903323,0.679758308,4.622356495,0.135951662,1.087613293,2.719033233
480253,8472,564,0.02382447,0.638297872,0.159574468,0.319148936,0.022300456,32.71276596,83.67346939,2.553191489,41.02564103,0.319148936,,,,0.159574468,100,3.829787234,54.54545455,1.436170213,40.90909091,57.92553191,1.436170213,0.159574468,1.276595745,6.861702128,0.957446809,0.957446809,0.159574468,0.957446809,1.595744681,,0.159574468,4.787234043
1079539,10203,552,0.089559785,1.467391304,0.489130435,0.163043478,0.165235426,25.27173913,79.08163265,0.326086957,25,1.793478261,0.326086957,1.304347826,21.05263158,1.304347826,38.0952381,4.402173913,42.1875,0.163043478,20,54.29347826,3.586956522,0.815217391,2.282608696,5.706521739,0.652173913,,0.163043478,1.467391304,4.565217391,0.326086957,0.97826087,0.326086957
1559637,8668,528,0.13421591,0.852272727,0.340909091,0.340909091,0.035823299,28.29545455,80.58252427,0.852272727,62.5,0.681818182,,,,0.170454545,14.28571429,5.795454545,53.96825397,1.022727273,46.15384615,49.60227273,1.875,1.363636364,2.386363636,8.693181818,2.215909091,0.681818182,0.170454545,1.022727273,4.261363636,0.852272727,0.511363636,1.363636364
1391209,10203,516,0.050180232,0.523255814,0.174418605,,0.011343773,30.87209302,80.09049774,0.872093023,23.80952381,0.174418605,,,,0.348837209,50,3.837209302,64.70588235,0.872093023,55.55555556,53.02325581,0.697674419,0.174418605,1.046511628,8.197674419,1.569767442,0.872093023,0.348837209,,2.26744186,,0.872093023,5.406976744
1107286,8463,524,0.069612594,1.717557252,,,0.124395868,28.68320611,76.60550459,1.030534351,75,1.545801527,0.171755725,0.34351145,10,0.858778626,35.71428571,6.011450382,45.45454545,0.171755725,7.142857143,61.83206107,3.606870229,1.545801527,1.889312977,10.13358779,3.091603053,0.515267176,,1.202290076,4.465648855,0.858778626,0.687022901,2.061068702
749736,9825,583,0.511193815,2.778730703,0.617495712,0.77186964,0.101793117,18.98799314,74.09638554,0.154373928,33.33333333,1.698113208,0.308747856,,,0.463121784,50,5.557461407,42.85714286,2.624356775,40.47619048,41.68096055,6.02058319,1.234991424,1.234991424,4.939965695,1.234991424,0.154373928,0.154373928,1.234991424,2.161234991,0.463121784,0.926243568,1.234991424
1187506,9826,554,0.05296029,0.649819495,0.324909747,0.487364621,0.021353182,52.47292419,86.36363636,3.736462094,50,0.162454874,0.162454874,,,0.162454874,100,4.061371841,46.2962963,2.111913357,46.42857143,74.72924188,1.624548736,0.487364621,0.487364621,7.310469314,1.299638989,0.974729242,0.487364621,0.812274368,5.198555957,,0.974729242,4.548736462
1113692,8455,490,0.150300002,1.836734694,0.367346939,,0.170877876,21.67346939,79.19463087,0.551020408,75,1.653061224,0.367346939,0.551020408,23.07692308,2.387755102,61.9047619,5.87755102,54.23728814,0.551020408,30,46.83673469,5.142857143,0.734693878,1.469387755,5.326530612,1.469387755,0.367346939,0.183673469,1.102040816,2.755102041,0.367346939,0.551020408,0.551020408
1597668,8650,72,0.054124999,2.5,,,0.170945004,20,88.88888889,,,,,,,3.75,42.85714286,3.75,33.33333333,,,37.5,6.25,0,,,,,,2.5,,,,
717176,8463,2616,0.35773624,3.405963303,1.23853211,0.172018349,0.298016749,14.96559633,67.86271451,0.309633028,37.5,1.513761468,0.550458716,1.20412844,20.71005917,0.860091743,43.10344828,3.887614679,40.79422383,0.791284404,37.09677419,41.14678899,4.885321101,1.27293578,1.27293578,1.341743119,0.963302752,0.137614679,,0.756880734,2.614678899,0.584862385,1.23853211,0.240825688
1227012,8472,658,0.047858664,0.820668693,0.273556231,,0.083840555,16.68693009,75.77639752,0.273556231,33.33333333,0.957446809,0.273556231,0.683890578,18.51851852,0.957446809,26.92307692,4.103343465,30.6122449,1.23100304,39.13043478,42.26443769,2.188449848,1.641337386,0.410334347,6.018237082,1.504559271,0.273556231,,2.325227964,2.73556231,0.547112462,1.23100304,1.504559271
716687,8191,497,0.014486921,0.181086519,,0.181086519,0.004422299,22.63581489,80.64516129,0.905432596,26.31578947,,,,,,,4.527162978,48.07692308,3.802816901,50,45.81488934,1.267605634,0,0.181086519,13.76257545,0.724346076,0.905432596,1.267605634,0.724346076,1.810865191,,0.362173038,10.86519115
671331,10252,452,0.097865048,1.592920354,0.199115044,0.199115044,0.291366466,21.30530973,76.97841727,0.597345133,60,2.389380531,0.199115044,0.995575221,26.31578947,0.995575221,19.23076923,4.778761062,33.8028169,0.796460177,40,51.7699115,4.579646018,1.792035398,0.995575221,9.557522124,1.991150442,0.597345133,,1.194690265,6.172566372,0.796460177,0.995575221,0.796460177
1203661,8535,1251,0.008928058,0.35971223,0.071942446,,0.011208488,51.22302158,85.16746411,1.798561151,28.73563218,0.287769784,0.071942446,0.071942446,100,,,3.81294964,59.5505618,2.446043165,59.64912281,70.79136691,0.863309353,0.143884892,0.71942446,6.258992806,0.71942446,1.079136691,1.151079137,0.431654676,3.45323741,,0.431654676,
922892,8463,432,0.041729165,0.208333333,,0.208333333,0.003387881,25.20833333,82.87671233,2.291666667,55,,,0.208333333,100,0.208333333,50,4.166666667,41.66666667,2.291666667,40.74074074,46.66666667,1.458333333,0.208333333,,10.20833333,1.666666667,1.041666667,1.25,1.458333333,2.708333333,,0.625,6.25
666857,10261,521,0.538479829,2.245681382,0.863723608,0.518234165,0.096204968,11.22840691,69.89247312,0.690978887,80,0.690978887,0.172744722,,,0.172744722,8.333333333,3.973128599,34.32835821,2.591170825,42.85714286,27.98464491,6.391554702,1.03646833,0.345489443,3.800383877,0.863723608,,0.172744722,1.03646833,2.418426104,0.345489443,0.172744722,0.345489443
576165,9825,421,0.575037988,4.06175772,2.565320665,1.06888361,0.058690492,17.74346793,76.85185185,,,0.641330166,,,,1.710213777,50,4.916864608,32.3943662,2.137767221,34.48275862,45.74821853,8.978622328,2.351543943,0.213776722,6.627078385,0.855106888,0.641330166,,1.923990499,4.06175772,0.641330166,0.213776722,1.06888361
955376,8455,471,,0,,,0.012983721,77.96178344,92.93849658,3.630573248,55.88235294,,,,,,,3.248407643,53.125,1.52866242,47.05882353,95.35031847,0.191082803,0,0.382165605,9.171974522,1.337579618,1.910828025,0.76433121,1.146496815,3.057324841,0.191082803,0.191082803,5.159235669
848667,8592,737,0.112249661,1.099050204,0.366350068,,0.190006275,35.2917232,82.33618234,1.343283582,57.89473684,1.70963365,0.488466757,0.732700136,60,0.610583446,55.55555556,3.785617368,53.44827586,0.732700136,50,52.51017639,2.686567164,0.366350068,1.343283582,1.465400271,1.221166893,,,0.488466757,2.442333786,0.488466757,1.221166893,
860920,9826,416,0.382932688,3.245192308,1.298076923,0.649038462,0.103004421,15.14423077,80.45977011,0.216346154,50,1.514423077,0.216346154,,,1.081730769,31.25,6.057692308,34.56790123,1.730769231,26.66666667,46.73076923,5.625,2.379807692,1.514423077,8.221153846,1.730769231,0.432692308,0.216346154,1.514423077,3.677884615,0.216346154,0.649038462,2.163461538
643717,10203,481,0.669480262,2.806652807,1.496881497,0.561330561,0.143983144,11.22661123,80,,,1.122661123,0.374220374,,,0.374220374,50,3.742203742,24.3902439,1.683991684,18,30.12474012,4.677754678,0.935550936,1.30977131,4.864864865,0.374220374,0.187110187,0.187110187,1.871101871,3.367983368,0.748440748,0.748440748,0.748440748
1288450,8456,402,0.042,0.671641791,,,0.311253356,53.95522388,84.56140351,2.014925373,56.25,1.567164179,0.447761194,,,0.447761194,50,3.805970149,45.94594595,0.223880597,50,86.64179104,5.597014925,1.791044776,2.014925373,4.253731343,1.119402985,1.567164179,0.223880597,1.119402985,3.358208955,1.119402985,0.895522388,1.343283582
1123947,8472,400,0.193770008,1.575,0.45,,0.106673069,20.025,85.57692308,0.45,50,0.225,,0.45,18.18181818,1.575,46.66666667,5.4,38.0952381,1.125,62.5,46.8,4.05,3.15,1.8,7.65,1.125,0.225,,1.575,4.95,0.675,1.575,1.35
1010733,8602,2139,0.020617111,0.420757363,0.210378682,,0.072806468,25.371669,73.26852977,1.767180926,41.58415842,1.009817672,0.252454418,0.715287518,21.79487179,0.378681627,27.27272727,4.039270687,49.23076923,1.009817672,55.81395349,58.77980365,1.178120617,0.504908836,0.504908836,5.848527349,2.145862553,0.883590463,0.126227209,0.925666199,3.828892006,0.420757363,1.009817672,
276791,8654,788,0.247762699,1.827411168,0.799492386,,0.04828321,15.19035533,67.85714286,0.456852792,44.44444444,1.598984772,0.228426396,,,0.114213198,14.28571429,5.710659898,36.49635036,4.454314721,42.39130435,33.46446701,4.568527919,0.799492386,0.685279188,2.398477157,0.456852792,0.114213198,,2.398477157,2.055837563,0.57106599,0.114213198,
1190867,8455,377,0.048915119,0.716180371,,0.23872679,0.128103839,62.78514589,92.6056338,2.864721485,85.71428571,0.23872679,0.23872679,,,0.716180371,60,5.25198939,57.89473684,0.716180371,75,82.83819629,0.716180371,1.432360743,1.909814324,8.832891247,1.909814324,1.193633952,,1.909814324,4.774535809,,,0.954907162
1155130,10203,355,,0,,,0.10611922,21.04225352,83,1.267605634,50,0.507042254,,,,0.507042254,50,4.563380282,50,0.507042254,18.18181818,41.32394366,1.267605634,0,0.507042254,6.845070423,3.042253521,0.76056338,0.76056338,1.267605634,3.802816901,0.253521127,0.507042254,2.281690141
1424875,8668,353,0.160266289,2.549575071,1.274787535,0.254957507,0.301286141,22.69121813,80.18018018,0.254957507,20,0.764872521,0.764872521,1.274787535,45.45454545,1.78470255,50,4.33427762,37.77777778,0.254957507,33.33333333,48.95184136,5.099150142,2.294617564,0.509915014,5.864022663,1.78470255,0.509915014,,2.294617564,3.569405099,1.274787535,0.254957507,
711357,9937,321,0.002971963,0.280373832,0.280373832,0.280373832,0.016909523,30.8411215,82.70676692,2.523364486,50,,,,,0.280373832,100,5.607476636,58.82352941,3.644859813,56.52173913,54.95327103,2.523364486,0.280373832,0.560747664,11.77570093,1.401869159,1.401869159,1.401869159,,3.08411215,,0.841121495,7.570093458
1292833,8668,350,0.051248573,1.028571429,,,0.039896775,22.62857143,86.2745098,0.771428571,75,1.028571429,,0.257142857,14.28571429,3.342857143,48.14814815,8.485714286,41.7721519,0.514285714,28.57142857,53.22857143,2.828571429,2.571428571,2.828571429,10.28571429,1.8,1.542857143,0.257142857,2.828571429,5.657142857,0.514285714,1.542857143,1.028571429
493647,8654,377,0.165604764,1.671087533,0.23872679,0.23872679,0.139161499,19.33687003,77.88461538,0.23872679,33.33333333,0.716180371,0.23872679,1.193633952,18.51851852,2.864721485,60,5.49071618,35.9375,0.23872679,7.142857143,51.80371353,4.774535809,3.342175066,1.909814324,4.297082228,0.477453581,,,1.671087533,3.342175066,0.477453581,0.477453581,0.477453581
1666977,8678,367,0.037103542,0.245231608,,0.245231608,0.048101278,39.23705722,84.21052632,1.961852861,30.76923077,0.245231608,,,,0.245231608,100,4.16893733,47.22222222,2.697547684,40.74074074,60.81743869,0.980926431,0.245231608,,9.564032698,1.226158038,0.980926431,1.226158038,,3.188010899,,0.490463215,6.130790191
1287010,8472,406,0.173083741,1.551724138,0.665024631,0.221674877,0.024968419,12.63546798,73.07692308,,,0.665024631,,0.221674877,16.66666667,1.551724138,43.75,5.541871921,40.98360656,1.108374384,38.46153846,39.2364532,3.54679803,1.108374384,0.665024631,7.75862069,2.216748768,1.108374384,,2.438423645,1.995073892,0.443349754,0.886699507,2.438423645
784510,8650,318,0.424245304,4.811320755,1.41509434,0.566037736,0.171914922,22.9245283,71.68141593,0.283018868,25,0.849056604,0.566037736,,,0.566037736,18.18181818,5.660377358,37.03703704,0.849056604,37.5,63.11320755,10.18867925,1.132075472,1.981132075,8.490566038,2.264150943,1.132075472,0.566037736,3.113207547,2.547169811,0.283018868,1.41509434,1.981132075
1561249,10204,1202,0.015229618,3.594009983,1.647254576,1.722129784,,20.51580699,73.26203209,0.449251248,66.66666667,1.347753744,0.224625624,0.37437604,20.83333333,1.572379368,39.62264151,12.12978369,49.84615385,5.091514143,51.12781955,57.35440932,8.236272879,2.770382696,3.294509151,3.519134775,2.24625624,0.823627288,0.074875208,1.49750416,4.417637271,1.347753744,0.823627288,0.37437604
749661,10252,279,0.659129081,2.903225806,0.967741935,0.322580645,0.11733258,8.064516129,56.81818182,,,1.290322581,0.322580645,,,0.322580645,100,3.225806452,47.61904762,1.612903226,45.45454545,24.19354839,7.096774194,0.322580645,,4.193548387,1.290322581,,,0.64516129,1.935483871,0.322580645,0.64516129,0.967741935
1107648,10203,289,0.053688581,1.24567474,,0.311418685,0.113931041,31.76470588,84.29752066,0.934256055,50,1.868512111,0.311418685,,,0.934256055,33.33333333,4.982698962,36.36363636,0.311418685,16.66666667,59.79238754,4.671280277,2.802768166,1.557093426,9.965397924,2.179930796,0.934256055,0.311418685,1.24567474,5.605536332,0.934256055,1.24567474,0.934256055
1412137,8455,266,0.524368434,4.398496241,0.676691729,1.353383459,0.10063383,7.443609023,68.75,,,1.015037594,0.338345865,,,0.338345865,25,2.706766917,22.22222222,1.691729323,29.41176471,23.68421053,5.413533835,0.338345865,0.676691729,2.706766917,,,,3.383458647,1.353383459,0.338345865,0.676691729,1.353383459
792540,8463,246,0.349573173,5.12195122,1.097560976,0.731707317,0.04641301,28.90243902,81.44329897,2.195121951,85.71428571,0.365853659,,0.365853659,25,0.365853659,33.33333333,2.926829268,24.24242424,1.829268293,26.31578947,53.41463415,6.585365854,1.829268293,,4.756097561,0.731707317,0.365853659,,1.463414634,3.292682927,0.731707317,0.365853659,0.365853659
1610952,8602,259,0.119223932,1.38996139,0.347490347,,0.128895273,12.16216216,63.63636364,1.042471042,27.27272727,1.042471042,,1.38996139,40,0.347490347,33.33333333,4.16988417,40,0.694980695,40,46.56370656,3.127413127,1.38996139,0.347490347,6.602316602,2.77992278,1.737451737,,1.737451737,3.822393822,,1.38996139,2.084942085
1096400,8455,225,,0,,,0.045613548,69.2,90.10416667,1.2,27.27272727,,,,,,,4.4,64.70588235,2.4,60,91.6,1.2,0.4,0.8,10,1.2,2,1.2,0.4,3.6,,,5.6
866686,10204,203,0.18447783,1.773399015,0.886699507,0.443349754,0.076213813,27.04433498,87.14285714,0.443349754,33.33333333,1.773399015,,1.773399015,57.14285714,,,3.54679803,40,0.886699507,28.57142857,47.8817734,3.103448276,0.443349754,0.443349754,4.433497537,2.216748768,,0.443349754,0.886699507,0.886699507,0.443349754,1.330049261,0.886699507
751649,8463,2083,0.152127221,1.25300048,0.302448392,,0.135390422,16.24579933,73.29434698,0.56168987,32.5,1.425828133,0.259241479,1.339414306,23.66412214,1.036965915,35.82089552,3.802208353,36.06557377,0.172827652,12.5,44.97839654,3.154104657,1.771483437,1.209793567,3.240518483,1.382621219,0.432069131,0.086413826,0.56168987,3.154104657,0.388862218,1.339414306,1.339414306
586768,10267,177,0.013118645,0.508474576,,,0.021544069,34.57627119,89.47368421,,,,,,,,,3.559322034,50,1.016949153,66.66666667,50.84745763,,0,2.033898305,7.627118644,0.508474576,1.016949153,,1.016949153,5.084745763,0.508474576,2.033898305,1.016949153
617310,8592,180,0.050700001,1,,1,0.012972265,52,90.43478261,3,46.15384615,,,,,0.5,100,3.5,70,2,57.14285714,72.5,1,0,0.5,7.5,0.5,0.5,1,,4,,,5.5
1321562,10204,2926,0.023059809,0.30758715,0.12303486,,0.005514407,28.29801777,81.4159292,1.630211893,37.85714286,0.092276145,,,,0.030758715,20,6.151742994,59.70149254,4.090909091,64.5631068,49.33697881,0.707450444,0.153793575,,10.95010253,2.030075188,2.214627478,0.738209159,1.353383459,2.737525632,,0.36910458,
464486,8678,331,0.74370995,5.438066465,1.903323263,,0.071523437,17.12990937,67.0212766,,,1.087613293,0.271903323,,,0.271903323,9.090909091,9.516616314,39.3258427,6.525679758,51.06382979,52.47734139,7.613293051,3.534743202,2.447129909,1.903323263,0.271903323,,,1.63141994,4.350453172,1.903323263,0.81570997,
1112684,8668,240,0.010875,0.375,0.375,0.375,0.015415144,24,76.19047619,1.5,30.76923077,,,,,0.375,20,7.5,60.60606061,2.625,77.77777778,55.5,0.375,0.375,0.75,11.625,3.75,0.75,0.75,0.75,5.25,0.375,1.5,6.375
1573122,8602,668,0.370495523,2.694610778,0.808383234,,0.193930682,29.64071856,86.61417323,1.347305389,66.66666667,1.886227545,0.404191617,,,2.425149701,58.06451613,4.98502994,35.9223301,0.269461078,18.18181818,55.50898204,4.850299401,2.694610778,1.077844311,2.425149701,1.21257485,0.269461078,,1.751497006,3.368263473,0.538922156,1.482035928,
1636513,8586,144,0.01025,0.625,0.625,,0.023351775,15.625,92.59259259,,,1.875,,,,,,1.25,16.66666667,,,30.625,3.125,0.625,1.25,3.75,,1.25,,1.875,1.875,,1.875,2.5
863359,10247,157,,0,,,0.100494428,47.57961783,89.24731183,2.866242038,83.33333333,1.719745223,,1.719745223,25,,,3.439490446,40,,,74.52229299,0.573248408,1.146496815,,12.61146497,3.439490446,0.573248408,0.573248408,0.573248408,8.025477707,1.146496815,0.573248408,
1635773,9825,153,0.695588238,3.529411765,0.588235294,,0.188128563,27.05882353,88.46153846,0.588235294,100,2.352941176,,0.588235294,16.66666667,3.529411765,35.29411765,8.823529412,37.5,,,67.64705882,11.17647059,4.117647059,4.117647059,9.411764706,1.176470588,0.588235294,,1.176470588,7.647058824,0.588235294,1.764705882,
202643,8650,261,,0,,,0.035094806,61.37931034,94.17989418,1.379310345,100,0.689655172,,,,0.689655172,100,8.275862069,48,1.034482759,42.85714286,87.24137931,1.034482759,1.034482759,2.413793103,9.310344828,4.137931034,2.068965517,0.344827586,5.172413793,4.827586207,0.689655172,1.379310345,
1414691,8456,135,0.172666669,1.333333333,0.666666667,1.333333333,0.042937537,80,93.75,5.333333333,80,0.666666667,,,,2,75,6,81.81818182,2,100,98.66666667,2,0.666666667,,7.333333333,2,2.666666667,,,2.666666667,,,2.666666667
1254234,9825,889,0.120431945,2.429696288,0.911136108,0.101237345,0.180879076,32.80089989,89.01098901,0.911136108,75,1.619797525,0.101237345,1.417322835,25.92592593,3.745781777,66.07142857,5.770528684,46.34146341,0.404949381,33.33333333,60.84364454,5.061867267,1.721034871,0.506186727,1.923509561,1.113610799,0.202474691,0.202474691,0.911136108,3.442069741,0.607424072,1.417322835,0.404949381
1580704,8305,2501,0.134208319,1.799280288,0.503798481,,0.111894047,13.7465014,67.49116608,0.25189924,24.13793103,1.043582567,0.25189924,0.179928029,22.72727273,1.151539384,39.50617284,8.132746901,42.96577947,3.31067573,41.81818182,40.87964814,3.958416633,2.411035586,2.447021192,2.411035586,1.259496202,0.359856058,0.071971212,1.979208317,3.958416633,0.899640144,0.395841663,
1423616,10204,133,0.312902248,2.706766917,0.676691729,2.030075188,0.080071194,11.5037594,70.83333333,,,4.060150376,,,,0.676691729,50,3.383458647,21.73913043,,,39.2481203,7.443609023,6.090225564,0.676691729,10.15037594,2.030075188,,0.676691729,2.706766917,6.766917293,1.353383459,1.353383459,0.676691729
276121,8586,1330,0.019123309,0.338345865,0.067669173,,0.033558307,60.22556391,88.03165183,2.503759398,44.57831325,0.135338346,,0.067669173,25,0.067669173,100,5.210526316,52.73972603,3.586466165,54.08163265,81,0.879699248,0,0.473684211,8.593984962,1.15037594,0.812030075,1.285714286,1.15037594,2.77443609,0.067669173,0.541353383,
1458757,9768,121,0.051694214,0.743801653,,0.743801653,0.026534254,20.08264463,90,0.743801653,100,0.743801653,,,,1.487603306,33.33333333,2.231404959,21.42857143,,,37.19008264,1.487603306,3.719008264,,8.181818182,0.743801653,,,,5.950413223,,0.743801653,1.487603306
1212630,9875,2361,0.26043203,2.477763659,0.991105464,,0.03014388,9.14866582,64.86486486,0.381194409,66.66666667,0.533672173,0.038119441,,,0.457433291,52.17391304,5.184243964,43.45047923,2.249047014,43.7037037,28.1321474,4.307496823,1.105463787,2.09656925,1.715374841,0.381194409,0.266836086,0.038119441,2.477763659,1.6772554,0.495552732,0.228716645,
768331,10204,103,,0,,,0.00139957,13.98058252,72.72727273,1.747572816,33.33333333,0.873786408,,,,,,,,,,37.57281553,,0,,11.3592233,,0.873786408,1.747572816,0.873786408,2.621359223,,,8.737864078
266520,9825,101,0.073336634,1.782178218,0.891089109,,0.034178221,45.44554455,83.60655738,,,,,,,,,4.455445545,31.25,1.782178218,40,80.1980198,0.891089109,0.891089109,,14.25742574,2.673267327,,0.891089109,2.673267327,3.564356436,0.891089109,3.564356436,7.128712871
418137,8472,127,0.049960631,0.708661417,,,0.056067715,27.63779528,81.25,0.708661417,16.66666667,0.708661417,,1.417322835,25,1.417322835,50,4.960629921,43.75,0.708661417,100,62.36220472,1.417322835,0.708661417,,7.086614173,2.834645669,1.417322835,,2.125984252,2.125984252,,2.125984252,2.834645669
963964,8650,360,0.440349996,4.25,1,,0.163091689,57.25,85.13011152,4.5,75,2.5,0.25,0.75,25,1,50,2.75,40.74074074,0.25,33.33333333,87.5,5.75,1,0.25,2.75,1.25,0.25,0.5,,3.75,,1.5,
963965,9937,100,0.629279977,1.8,0.9,,0.028046438,18,80,1.8,100,,,0.9,20,0.9,33.33333333,4.5,45.45454545,0.9,25,40.5,1.8,0.9,,7.2,2.7,,,,4.5,0.9,,
239219,8456,126,0.115642867,1.428571429,,,0.311497982,96.42857143,91.21621622,2.142857143,50,2.857142857,0.714285714,,,1.428571429,66.66666667,4.285714286,50,,,127.1428571,,3.571428571,1.428571429,12.85714286,1.428571429,1.428571429,,,7.142857143,0.714285714,,2.857142857
748382,9825,488,0.202647531,2.213114754,1.106557377,,0.178249113,40.94262295,91.35802469,0.368852459,33.33333333,2.397540984,0.368852459,1.659836066,39.13043478,2.397540984,50,5.901639344,43.83561644,,,69.3442623,6.639344262,1.475409836,1.844262295,2.950819672,1.659836066,0.922131148,,1.290983607,5.348360656,1.475409836,1.659836066,
1446616,773678,93,,0,,,0.030173768,28.06451613,85.29411765,1.935483871,50,,,,,1.935483871,66.66666667,4.838709677,35.71428571,1.935483871,33.33333333,54.19354839,0.967741935,1.935483871,,6.774193548,0.967741935,,,,2.903225806,,1.935483871,2.903225806
1426170,8455,2368,0.029607263,0.190033784,,,0.011703458,60.39273649,93.85705848,2.052364865,54,0.190033784,0.038006757,0.038006757,100,0.380067568,52.63157895,3.344594595,51.4619883,1.140202703,50,76.01351351,0.494087838,0.380067568,0.418074324,7.525337838,1.40625,0.950168919,0.760135135,1.102195946,,,,
502420,9879,90,0.1259,2,1,,0.464753926,40,93.02325581,3,75,3,,3,75,,,2,22.22222222,1,33.33333333,54,1,0,1,6,,,,2,5,1,3,1
622091,9826,1184,0.023472972,0.304054054,0.076013514,,0.069232499,33.52195946,83.05084746,1.596283784,40.38461538,0.836148649,0.076013514,1.064189189,27.45098039,0.228040541,60,3.952702703,55.91397849,1.216216216,45.71428571,61.64695946,1.064189189,0.076013514,0.532094595,5.625,1.976351351,1.064189189,0.456081081,0.912162162,,,,
1430406,10252,83,,0,,,0.015809206,40.12048193,100,,,,,,,,,5.421686747,55.55555556,,,69.39759036,1.084337349,1.084337349,,10.84337349,5.421686747,,1.084337349,1.084337349,4.337349398,,1.084337349,4.337349398
1422586,1267874,405,0.054533333,0.666666667,0.222222222,,0.114670952,18.66666667,64.1221374,2,27.27272727,1.555555556,0.666666667,1.111111111,18.51851852,0.444444444,66.66666667,2.666666667,48,0.666666667,42.85714286,52.44444444,0.888888889,0,0.222222222,4,1.333333333,0.888888889,0.222222222,0.888888889,3.333333333,,0.888888889,
1095445,10203,2589,0.302096176,2.641946698,1.251448436,0.208574739,0.072941382,16.51216686,80.78231293,0.660486674,82.60869565,0.660486674,0.173812283,0.034762457,7.692307692,0.730011587,35,3.545770568,35.05154639,0.764774044,27.16049383,34.797219,4.866743917,2.050984936,1.390498262,1.425260718,0.660486674,0.139049826,0.069524913,1.00811124,2.190034762,0.590961761,0.278099652,0.556199305
1336566,10204,1513,0.233666887,2.141440846,0.713813615,0.29742234,0.134744509,24.38863186,79.61165049,1.011235955,48.57142857,1.487111699,0.416391276,1.011235955,39.53488372,1.665565102,36.36363636,7.970918705,39.29618768,1.070720423,32.72727273,58.77065433,2.61731659,2.31989425,2.081956378,4.937210839,3.152676801,0.713813615,0.356906808,2.200925314,4.699272968,0.892267019,2.736285525,0.713813615
1310131,10204,890,0.1735382,2.629213483,0.505617978,0.101123596,0.154456507,18.1011236,79.55555556,0.404494382,30.76923077,1.314606742,0.202247191,1.112359551,20,1.314606742,40.625,4.95505618,40.16393443,0.202247191,22.22222222,49.75280899,6.370786517,2.325842697,1.921348315,3.539325843,1.516853933,0.505617978,0.202247191,1.011235955,3.337078652,0.303370787,1.415730337,1.314606742
1690655,8472,39,,0,,,0.095024304,4.615384615,100,,,,,2.307692308,20,4.615384615,66.66666667,9.230769231,50,,,41.53846154,2.307692308,2.307692308,2.307692308,6.923076923,2.307692308,,,,4.615384615,,,
1656860,10252,1729,0.154171202,2.082128398,0.676691729,0.41642568,0.075895563,18.11451706,77.85234899,0.676691729,59.09090909,0.520532099,0.26026605,0.20821284,12.12121212,1.769809138,44.15584416,9.68189705,51.81058496,2.238288028,45.26315789,48.82591093,4.164256796,2.290341238,3.331405437,3.695777906,2.446500868,0.832851359,0.05205321,1.353383459,3.383458647,0.31231926,0.624638519,0.36437247
1276312,9937,1994,0.096224176,1.534603811,0.36108325,0.090270812,0.091159035,25.50150451,83.95245171,1.173520562,60.46511628,1.263791374,0.090270812,0.045135406,25,0.767301906,45.94594595,4.287863591,50,0.541624875,38.70967742,44.95486459,1.805416249,1.399197593,1.218655968,2.97893681,1.760280843,0.406218656,0.180541625,0.631895687,3.610832497,0.496489468,0.586760281,0.631895687
107280,8191,296,0.365746637,2.128378378,0.608108108,,0.034998766,12.77027027,65.625,0.608108108,40,0.304054054,0.304054054,,,0.608108108,50,7.601351351,37.87878788,3.344594595,34.375,38.61486486,5.472972973,2.736486486,3.344594595,2.736486486,0.304054054,0.912162162,0.304054054,3.344594595,3.648648649,0.608108108,,
1327325,8654,2677,0.299181926,2.588718715,1.176690325,,0.125453078,14.18752335,66.87797147,0.840493089,37.87878788,1.277549496,0.336197236,0.336197236,21.27659574,0.638774748,40.42553191,4.336944341,35.43956044,0.907732536,23.27586207,38.39372432,4.303324617,1.277549496,0.605155024,3.462831528,2.185282032,0.537915577,,1.849084796,2.958535674,0.504295854,1.008591707,
1433230,8657,176,0.207409097,2.556818182,,,0.106611751,25.56818182,80.64516129,3.068181818,85.71428571,1.534090909,1.022727273,1.022727273,40,4.090909091,53.33333333,8.693181818,39.53488372,,,66.47727273,3.579545455,4.602272727,2.556818182,3.579545455,2.045454545,0.511363636,,2.045454545,3.579545455,1.022727273,0.511363636,
1428401,9826,135,0.214000007,0.666666667,0.666666667,,0.276737511,21.33333333,76.19047619,1.333333333,50,2,0.666666667,,,1.333333333,33.33333333,11.33333333,62.96296296,2,60,53.33333333,7.333333333,1.333333333,2,7.333333333,6,0.666666667,,1.333333333,6,,,
493165,8586,1816,0.289055616,1.932819383,0.842511013,,0.292844596,49.31167401,86.74803836,2.031938326,51.89873418,2.031938326,0.297356828,1.09030837,22.44897959,1.635462555,49.25373134,6.591409692,52.98804781,0.247797357,38.46153846,78.45264317,4.212555066,1.238986784,3.171806167,3.171806167,1.536343612,0.594713656,0.198237885,1.585903084,3.766519824,0.74339207,0.991189427,
527549,8658,3294,0.119540978,2.131147541,0.464480874,0.054644809,0.169619902,26.96721311,81.84079602,1.366120219,60.24096386,1.775956284,0.163934426,1.284153005,26.55367232,1.93989071,47.97297297,4.890710383,44.08866995,0.218579235,34.7826087,55.51912568,4.12568306,1.366120219,1.038251366,3.278688525,1.693989071,0.519125683,0.109289617,0.710382514,3.661202186,0.819672131,1.612021858,0.956284153
1111392,8602,147,0.045489795,1.224489796,1.224489796,,0.014660431,23.26530612,77.55102041,1.224489796,40,,,,,1.836734694,50,6.12244898,40,,,50.20408163,3.06122449,1.224489796,,4.897959184,4.285714286,0.612244898,,3.673469388,6.734693878,0.612244898,1.836734694,
279489,8197,1080,0.065724999,0.5,0.083333333,0.416666667,0.010102733,55.58333333,86.73602081,1.166666667,29.78723404,0.166666667,,,,0.083333333,50,5.333333333,55.65217391,3.916666667,64.38356164,73.66666667,1.666666667,0.333333333,0.166666667,6.083333333,1.166666667,0.416666667,1,1.416666667,4.416666667,0.166666667,0.416666667,3.5
875672,8592,2106,0.33403419,2.905982906,1.239316239,,0.121360039,19.35897436,78.37370242,1.025641026,53.33333333,1.153846154,0.170940171,0.384615385,21.42857143,1.452991453,37.36263736,5.427350427,39.6875,0.598290598,41.17647059,46.83760684,4.145299145,2.264957265,1.709401709,2.564102564,1.752136752,0.341880342,,1.282051282,4.273504274,0.427350427,1.623931624,
1436258,1070259,87,0.059586206,1.034482759,,,0.030523159,46.55172414,93.75,4.137931034,100,2.068965517,,,,,,5.172413793,50,,,63.10344828,,1.034482759,2.068965517,5.172413793,3.103448276,1.034482759,,2.068965517,8.275862069,1.034482759,,
1114798,8638,840,0.225707148,2.464285714,0.75,,0.197429359,12.10714286,66.08187135,0.642857143,40,1.5,0.857142857,0.428571429,19.04761905,1.071428571,40,8.678571429,44.50549451,2.25,41.17647059,42.75,5.142857143,1.285714286,2.464285714,6,2.892857143,1.285714286,0.107142857,2.571428571,4.607142857,0.75,2.25,
982246,8548,3882,0.019608964,0.556414219,0.115919629,,0.032902889,37.37248841,83.9146278,2.43431221,52.7638191,0.7187017,0.115919629,0.023183926,7.692307692,0.927357032,50,4.822256569,50.60827251,0.811437403,49.29577465,58.67851623,0.510046368,1.043276662,1.228748068,4.752704791,1.877897991,1.066460587,0.347758887,0.973724884,,,,
363318,8463,1405,0.053987186,0.960854093,0.256227758,0.640569395,0.095803481,40.61209964,83.20209974,0.896797153,30.43478261,0.448398577,0.320284698,0.06405694,5.555555556,0.256227758,50,5.380782918,55.26315789,2.306049822,50,74.37010676,2.690391459,0.384341637,0.832740214,6.341637011,1.985765125,1.409252669,0.320284698,1.217081851,3.715302491,0.320284698,0.320284698,2.62633452
1327789,8191,65,0.173215387,5.538461538,,,0.05196683,27.69230769,80,,,,,,,2.769230769,66.66666667,8.307692308,66.66666667,1.384615385,100,59.53846154,6.923076923,0,4.153846154,,,,,2.769230769,,,,
1211806,8654,1441,0.223575988,1.498959056,0.437196391,,0.074450014,30.66620402,86.59611993,0.374739764,33.33333333,0.811936155,0.062456627,0.062456627,4.166666667,0.374739764,23.07692308,2.498265094,30.53435115,0.187369882,11.11111111,51.15197779,4.309507287,1.124219292,0.562109646,3.06037474,1.374045802,0.811936155,0.249826509,1.061762665,3.185287994,0.437196391,0.811936155,
1362341,860798,971,0.071953657,0.926879506,0.556127703,,0.03719256,36.24098867,76.3671875,1.297631308,28,0.834191555,0.092687951,0.278063852,10.34482759,0.834191555,56.25,7.507723996,56.64335664,3.429454171,50.68493151,77.30175077,1.853759011,0.648815654,0.556127703,9.639546859,2.687950566,0.370751802,0.463439753,0.648815654,,,,
1403351,1070257,166,,0,,,0.012257437,59.63855422,90.16393443,2.168674699,50,,,,,0.542168675,100,8.13253012,71.42857143,3.795180723,58.33333333,80.78313253,0.542168675,0,1.084337349,9.21686747,2.710843373,0.542168675,,,6.506024096,,0.542168675,
637746,8588,142,0.24769014,3.169014085,0.633802817,,0.041651018,14.57746479,65.71428571,0.633802817,100,1.267605634,,,,0.633802817,33.33333333,3.169014085,21.73913043,1.267605634,28.57142857,43.73239437,10.77464789,1.901408451,,2.535211268,1.267605634,,,3.802816901,3.802816901,0.633802817,1.267605634,1.267605634
1130766,10004,4107,0.080798392,0.920379839,0.219138057,0.284879474,0.127503327,24.89408327,70.64676617,1.73119065,32.78008299,0.788897005,0.175310446,0.61358656,25.45454545,0.372534697,56.66666667,5.80715851,58.11403509,3.265157049,64.7826087,59.45215486,2.739225712,0.504017531,0.416362308,9.72972973,1.775018262,1.446311176,0.679327977,1.227173119,3.92257122,0.131482834,0.525931337,5.829072316
1113813,8549,1664,0.164753012,1.298076923,0.432692308,0.270432692,0.117449909,19.90384615,75.10204082,0.540865385,47.61904762,0.919471154,0.324519231,0.486778846,21.42857143,0.811298077,37.5,4.921875,40.26548673,1.676682692,40.78947368,44.83774038,2.920673077,1.784855769,1.460336538,2.542067308,0.973557692,0.486778846,0.162259615,1.189903846,3.245192308,0.540865385,0.703125,0.919471154
568577,10004,4050,0.097613335,0.777777778,0.311111111,0.6,0.089854399,34.4,74.24460432,3.933333333,41.94312796,0.488888889,0.066666667,0.111111111,45.45454545,0.022222222,25,7.666666667,66.6023166,6.022222222,73.64130435,61.84444444,2.577777778,0.177777778,0.733333333,10.04444444,0.933333333,0.866666667,0.755555556,1.111111111,,,,
564842,10003,4140,0.041736958,0.52173913,0.086956522,0.391304348,0.016529114,56.39130435,81.59798679,3.652173913,34.14634146,0.217391304,0.02173913,,,,,5.456521739,67.2922252,4.02173913,66.30824373,85,1.02173913,0.108695652,0.565217391,11.63043478,0.934782609,1.260869565,1.086956522,0.304347826,3.5,0.043478261,0.173913043,8.347826087
478357,8669,4125,0.020731637,0.698181818,0.130909091,,0.199331672,62.68363636,87.45814307,3.490909091,47.19764012,1.745454545,0.218181818,1.854545455,29.8245614,0.24,57.89473684,3.861818182,56.91318328,1.2,50,87.97090909,0.283636364,0.458181818,0.676363636,4.385454545,1.767272727,0.741818182,0.48,0.458181818,5.192727273,0.196363636,0.654545455,1.396363636
568573,10170,4045,0.060029665,0.600741656,0.088998764,0.489493201,0.023962557,34.57601978,77.08333333,3.315203956,37.91348601,0.311495674,0.088998764,0.088998764,40,0.22249691,76.92307692,6.296662546,58.59213251,3.737948084,58.33333333,66.77132262,1.779975278,0.333745365,0.622991347,13.61681088,1.757725587,1.490729295,1.045735476,0.934487021,3.737948084,0.044499382,0.467243511,9.322620519
948555,10003,4035,0.058228996,0.513011152,0.111524164,0.401486989,0.022963631,54.15613383,83.92671967,2.855018587,31.7617866,0.24535316,,,,0.066914498,100,5.75464684,61.575179,3.479553903,58.42696629,79.62825279,1.003717472,0.044609665,0.646840149,10.43866171,1.650557621,1.07063197,0.691449814,0.557620818,,,,
789578,9902,3123,0.036587897,0.634005764,0.057636888,,0.019908006,34.29394813,79.2276964,2.737752161,40.25423729,0.086455331,0.028818444,0.028818444,12.5,0.028818444,50,5.475504323,60.7028754,3.371757925,57.63546798,59.45244957,1.469740634,0.115273775,0.749279539,10.08645533,1.412103746,0.951008646,1.44092219,0.60518732,3.170028818,,0.345821326,
722741,10003,3969,0.024907029,0.725623583,0.249433107,,0.153361513,34.64852608,82.77356446,1.360544218,34.88372093,1.882086168,0.340136054,1.632653061,30,0.317460317,40,2.653061224,49.15966387,0.680272109,44.11764706,66.8707483,0.770975057,0.476190476,0.476190476,4.897959184,1.179138322,1.156462585,0.113378685,0.453514739,3.741496599,0.29478458,0.498866213,2.448979592
447418,8451,3945,0.059819774,0.775665399,0.228136882,0.593155894,0.0662762,28.28897338,74.87922705,2.030418251,32.24637681,0.410646388,0.068441065,0.022813688,50,0.045627376,50,8.258555133,64.99102334,6.296577947,67.15328467,56.3269962,2.418250951,0.114068441,1.003802281,13.82509506,0.980988593,1.414448669,1.346007605,1.231939163,2.372623574,0.045627376,0.182509506,10.08365019
864266,8655,3911,0.036207109,0.598312452,0.069036052,0.322168243,0.017884945,34.88621836,77.94344473,2.508309895,32.15339233,0.253132191,0.023012017,0.046024035,15.38461538,0.322168243,82.35294118,6.834569164,61.74636175,4.510355408,61.44200627,64.64075684,1.334697008,0.161084122,0.667348504,12.01227308,1.334697008,1.817949374,0.920480695,0.575300435,,,,
797594,9902,3861,0.008062937,0.233100233,0.046620047,,0.056138444,41.79487179,86.70212766,1.981351981,62.96296296,0.815850816,0.046620047,0.023310023,50,0.41958042,66.66666667,4.918414918,59.26966292,1.421911422,55.96330275,61.63170163,0.116550117,0.606060606,0.979020979,6.363636364,2.121212121,1.748251748,0.699300699,1.165501166,,,,
1074750,8669,3784,0.026177061,0.523255814,0.023784355,0.023784355,0.140807887,29.65909091,80.8690013,1.165433404,29.34131737,1.094080338,0.237843552,0.475687104,18.01801802,0.451902748,32.20338983,3.900634249,48.95522388,0.761099366,46.37681159,63.86099366,1.593551797,0.618393235,0.475687104,6.421775899,2.211945032,1.260570825,0.285412262,0.903805497,3.757928118,0.285412262,0.737315011,2.66384778
877701,8658,3870,0.054720929,0.488372093,0.093023256,0.325581395,0.023866348,53.25581395,85.22515817,2.651162791,40.28268551,0.23255814,0.023255814,0.023255814,11.11111111,0.255813953,68.75,7.23255814,64.52282158,5.348837209,69.27710843,77.79069767,1.348837209,0.255813953,0.697674419,10.11627907,0.976744186,1.279069767,0.581395349,0.930232558,3.813953488,0.023255814,0.302325581,7.279069767
648393,8658,3817,0.086536284,1.226093791,0.282944721,0.212208541,0.078704847,37.65522662,81.35506877,2.239979041,44.39252336,1.01388525,0.117893634,0.565889442,21.23893805,0.235787267,41.66666667,3.961226094,54.72312704,1.296829971,60.43956044,65.10086455,1.532617239,0.353680901,0.778097983,4.64500917,1.650510872,0.848834163,0.282944721,1.367566151,4.173434635,0.447995808,0.424417081,1.862719413
609733,9902,3795,0.052195259,0.52173913,0.118577075,0.23715415,0.082506655,33.58102767,76.74796748,2.205533597,36.47058824,0.616600791,0.118577075,0.260869565,26.19047619,0.260869565,55,4.434782609,57.01219512,2.063241107,63.04347826,66.59288538,1.185770751,0.260869565,1.138339921,6.14229249,1.019762846,1.209486166,0.28458498,1.351778656,,,,
195673,10163,3748,0.040372733,0.432230523,0.120064034,0.024012807,0.033015474,26.60618997,75.89041096,1.584845251,28.32618026,0.336179296,0.024012807,0.216115261,21.95121951,0.240128068,50,3.145677695,54.58333333,0.864461046,50.70422535,51.79562433,0.91248666,0.192102455,0.624332978,5.474919957,1.416755603,0.888473853,0.45624333,0.888473853,,,,
488960,8653,3738,0.092684589,0.746388443,0.192616372,0.385232745,0.088611845,23.81219904,76.54798762,1.661316212,31.94444444,0.481540931,0.120385233,0.07223114,50,0.048154093,40,5.537720706,54.63182898,4.093097913,55.37459283,48.03370787,2.479935795,0.024077047,0.337078652,11.70144462,1.131621188,1.757624398,1.155698234,0.987158909,2.070626003,0.024077047,0.337078652,7.656500803
694558,9841,4140,0.057902175,0.434782609,0.065217391,,0.030263312,43.04347826,82.67223382,3.847826087,49.44134078,0.217391304,0.02173913,,,0.065217391,60,5.326086957,60.49382716,3.869565217,60.75085324,65.65217391,1.086956522,0.043478261,0.5,9.739130435,1,0.543478261,0.739130435,0.608695652,,,,
812982,10194,1322,0.101655064,0.612708018,0.068078669,,0.202409556,20.55975794,76.07052897,0.816944024,35.29411765,2.450832073,0.544629349,2.723146747,30.76923077,0.612708018,39.13043478,3.199697428,37.90322581,0.476550681,29.16666667,49.76550681,1.361573374,1.701966717,1.157337368,3.335854766,0.953101362,0.612708018,0.136157337,0.885022693,4.493192133,0.612708018,0.544629349,
600812,8411,3736,0.041494914,0.939507495,0.264989293,0.120449679,0.158594597,35.72537473,76.01230138,3.300321199,41.3897281,1.638115632,0.216809422,1.373126338,40.71428571,0.192719486,50,3.6375803,51.18644068,1.300856531,54,63.5251606,0.578158458,0.264989293,0.240899358,7.491970021,1.903104925,1.276766595,0.987687366,1.156316916,4.360278373,0.361349036,0.819057816,3.324411135
873018,8657,3735,0.049853015,0.554216867,0.144578313,0.409638554,0.048152995,41.37349398,85.50796813,2.506024096,44.63519313,0.337349398,0.096385542,0.024096386,6.666666667,0.096385542,22.22222222,6.819277108,63.88261851,4.698795181,69.89247312,67.44578313,1.542168675,0.192771084,0.86746988,10.91566265,1.204819277,1.638554217,0.987951807,1.228915663,3.590361446,0.024096386,0.21686747,7.084337349
768325,8411,3691,0.047645624,0.658358169,0.195069087,0.512056353,0.042869676,27.91926307,74.20609203,1.53616906,26.14107884,0.29260363,0.048767272,0.048767272,12.5,0.146301815,42.85714286,7.071254403,64.58797327,5.023028989,66.4516129,58.15497155,1.682470875,0.243836359,0.780276348,10.92386887,1.146030886,1.731238147,0.633974533,0.658358169,2.65781631,,0.268219995,7.412625305
966021,8466,3690,0.088868292,1,0.414634146,0.829268293,0.051567403,60.92682927,85.66529492,4.731707317,48.01980198,0.512195122,0.048780488,0.073170732,21.42857143,0.097560976,57.14285714,5.829268293,60.81424936,3.658536585,58.36575875,89.3902439,1.585365854,0.195121951,1.195121951,9.853658537,0.87804878,0.902439024,0.658536585,0.707317073,4.048780488,0.146341463,0.243902439,7.414634146
716852,8549,3620,0.050897237,0.96961326,0.248618785,,0.1275532,43.28453039,81.66041276,1.964088398,36.91588785,1.168508287,0.174033149,1.11878453,19.56521739,1.317679558,57.60869565,4.599447514,53.93586006,1.093922652,53.65853659,80.67679558,2.709944751,0.546961326,0.621546961,5.444751381,1.591160221,1.11878453,0.198895028,0.820441989,,,,
982599,8427,3638,0.039782574,0.79164376,0.222649808,0.09895547,0.08597684,35.84661902,81.81818182,1.781198461,42.10526316,0.742166025,0.09895547,0.148433205,18.75,0.346344145,50,4.329301814,62.72401434,1.385376581,65.88235294,56.8746564,0.865860363,0.445299615,1.385376581,4.700384827,1.236943375,0.964815833,0.717427158,0.519516218,4.626168224,0.346344145,0.544255085,1.781198461
582414,8462,3620,0.037146132,0.397790055,0.124309392,0.149171271,0.029546266,35.85082873,82.4,2.709944751,42.578125,0.273480663,0.024861878,0.099447514,28.57142857,0.099447514,100,4.773480663,54.85714286,3.082872928,55.60538117,59.29558011,1.243093923,0.248618785,0.696132597,10.0441989,0.944751381,1.665745856,0.79558011,0.895027624,2.933701657,0.099447514,0.397790055,6.638121547
1127480,8549,3597,0.294135112,2.051709758,0.750625521,0.125104254,0.095742689,19.56630525,86.31346578,0.375312761,60,1.501251043,0.125104254,0.075062552,17.64705882,1.000834028,45.97701149,4.078398666,46.30681818,0.200166806,20.51282051,36.88073394,5.904920767,1.150959133,1.576313595,2.001668057,1.301084237,0.125104254,0.050041701,1.150959133,2.326939116,0.450375313,0.575479566,0.525437865
1112701,9841,3595,0.068765506,0.700973574,0.150208623,0.375521558,0.041793108,38.17802503,79.96853697,2.503477051,35.84229391,0.425591099,0.050069541,0.150208623,21.42857143,0.150208623,75,4.831710709,60.3125,2.653685675,60.22727273,68.01947149,0.901251739,0.325452017,0.200278164,8.411682893,1.827538248,0.876216968,0.650904033,0.675938804,3.279554937,,0.400556328,5.057023644
1246270,8659,1055,0.101004741,1.36492891,0.341232227,,0.140199172,30.19905213,78.49223947,2.388625592,52.83018868,1.791469194,0.170616114,1.36492891,25.3968254,0.426540284,29.41176471,5.45971564,50.39370079,1.279620853,53.57142857,62.53080569,1.620853081,0.682464455,1.279620853,6.483412322,2.473933649,0.938388626,0.511848341,0.938388626,4.265402844,0.170616114,1.620853081,
993022,9817,3587,0.154979655,2.132701422,0.501812099,,0.214465096,55.47532757,87.80778396,3.813771954,63.07053942,1.856704767,0.401449679,1.480345693,29.5,0.827989964,60,4.139949819,46.08938547,0.777808754,41.89189189,82.99972122,1.179258433,0.878171174,1.053805408,3.713409534,1.480345693,1.078896013,0.426540284,1.430164483,6.347923055,0.326177865,0.953442989,0.727627544
916332,8197,3549,0.068036347,0.659340659,0.126796281,0.101437025,0.124133026,31.34404057,79.33247754,1.293322063,29.65116279,1.344040575,0.126796281,0.887573964,32.11009174,0.152155537,50,4.792899408,53.38983051,1.800507185,49.65034965,68.82502113,1.141166526,0.355029586,0.989010989,8.216398986,1.876584954,1.344040575,0.32967033,1.293322063,2.612003381,0.076077768,0.608622147,4.666103128
748856,8659,2613,0.059562573,0.826636051,0.241102181,,0.064830246,37.78415614,82.48120301,1.653272101,38.4,0.5510907,0.034443169,0.344431688,20.83333333,0.654420207,46.34146341,5.545350172,51.43769968,1.515499426,48.88888889,71.02181401,0.964408726,0.757749713,1.136624569,6.888633754,2.273249139,1.377726751,0.241102181,1.584385763,,,,
767173,10172,3482,0.049988513,0.723721999,0.206777714,0.413555428,0.073223967,34.17001723,79.16167665,2.869040781,37.88395904,0.516944285,0.103388857,0.232624928,42.85714286,0.155083285,35.29411765,6.668581275,58.90410959,4.704192993,62.97577855,61.05112005,1.835152211,0.336013785,0.620333142,9.615163699,1.240666284,0.85295807,0.697874785,0.878805284,3.308443423,0.077541643,0.439402642,6.823664561
190666,8549,3493,0.037767536,0.87603779,0.206126539,0.257658173,0.108033181,60.47237332,86.06527319,4.534783853,50.7204611,0.669911251,0.231892356,0.412253078,23.88059701,0.644145434,65.78947368,5.874606356,62.63736264,1.726309762,48.90510949,89.38162038,1.417119954,0.38648726,1.417119954,6.41568852,2.112797023,1.030632694,0.644145434,0.566847982,5.874606356,0.206126539,0.463784712,2.62811337
759801,8657,3458,0.261726139,1.847888953,0.598611914,0.338345865,0.162725913,24.17871602,78.99659864,0.36437247,31.11111111,1.535569693,0.182186235,0.15615963,30,0.494505495,29.23076923,4.450549451,45.23809524,0.702718334,30.33707865,47.18623482,4.50260266,1.067090804,1.561596298,3.071139387,1.691729323,0.572585309,0.026026605,0.754771544,4.398496241,0.962984384,0.806824754,0.780798149
1265626,8197,3718,0.120974719,2.711135019,0.677783755,0.096826251,0.152843033,18.22754169,70.30812325,1.065088757,43.56435644,1.355567509,0.193652501,0.992469069,21.80851064,2.783754707,43.56060606,6.608391608,43.61022364,0.992469069,36.28318584,54.51317913,3.485745024,1.500806885,1.8154922,3.050026896,1.040882195,0.435718128,0.072619688,1.307154384,4.841312534,0.701990317,0.508337816,1.500806885
190851,9850,3619,0.045601822,0.845537441,0.323293728,0.124343741,0.157160544,47.84747168,79.96674979,4.053605968,42.67015707,1.318043658,0.248687483,1.119093672,25.86206897,0.646587455,68.42105263,5.073224648,57.79036827,0.969881183,50,77.81431335,0.895274938,0.845537441,1.666206134,4.973749655,1.815418624,0.920143686,0.298424979,0.671456203,5.371649627,0.323293728,0.945012434,1.939762365
948567,8659,3463,0.067823562,0.90961594,0.311868322,0.675714698,0.034961528,46.83222639,84.32381844,3.63846376,43.20987654,0.181923188,,,,0.025989027,16.66666667,6.237366445,62.66318538,4.366156512,65.11627907,71.36586774,2.079122148,0.103956107,0.41582443,10.81143517,1.429396477,1.32544037,0.701703725,0.701703725,,,,
1395694,9850,3456,0.058624999,0.703125,0.208333333,,0.057826371,33.07291667,82.04134367,1.640625,36.20689655,0.729166667,0.026041667,0.286458333,13.25301205,0.546875,36.20689655,5.052083333,53.59116022,1.041666667,51.28205128,65.96354167,1.171875,0.729166667,1.09375,6.692708333,2.395833333,1.171875,0.338541667,1.302083333,,,,
295062,8667,3419,0.046379349,0.500146242,0.210587891,0.131617432,0.035192205,31.32494882,77.67624021,2.790289558,39.70037453,0.236911378,0.026323486,0.026323486,25,0.052646973,50,5.659549576,62.5,3.527347178,60.0896861,54.3843229,1.237203861,0.052646973,0.763381106,10.08189529,1.368821293,1.02661597,1.052939456,0.526469728,2.527054694,0.078970459,0.421175782,6.633518573
1081081,8451,3398,0.155399644,2.436727487,0.741612713,0.079458505,0.106753636,19.86462625,76.92307692,1.509711595,43.51145038,1.138905238,0.211889347,1.085932902,26.97368421,0.768098882,47.54098361,3.575632725,41.41104294,0.662154208,29.76190476,45.26486168,2.38375515,1.191877575,1.085932902,2.70158917,1.085932902,0.47675103,0.211889347,0.609181872,3.840494408,0.529723367,0.900529723,0.927015892
988074,8655,3411,0.349522417,2.638522427,0.92348285,0.633245383,0.054270083,13.19261214,69.25207756,0.422163588,50,0.686015831,0.052770449,0.105540897,12.90322581,0.765171504,36.70886076,5.80474934,35.48387097,2.770448549,33.01886792,37.15039578,5.118733509,1.345646438,1.213720317,3.060686016,1.187335092,0.422163588,0.079155673,1.662269129,2.691292876,1.134564644,0.765171504,1.372031662
759814,8669,1804,0.010920731,0.249445676,0.049889135,0.049889135,0.078993821,37.76607539,84.20467186,0.848115299,31.48148148,0.748337029,0.099778271,0.349223947,14.28571429,0.997782705,64.51612903,4.83924612,52.7173913,0.748337029,44.11764706,70.14412417,0.997782705,0.798226164,0.249445676,6.236141907,2.84368071,1.147450111,0.199556541,1.04767184,4.539911308,0.349223947,0.997782705,2.045454545
517663,8462,3400,0.198058239,1.508823529,0.45,0.741176471,0.048699367,10.8,58.53658537,0.132352941,25,0.502941176,0.052941176,0.026470588,16.66666667,0.264705882,50,7.438235294,44.96,5.664705882,46.72489083,31.10294118,3.467647059,0.847058824,1.005882353,2.355882353,0.555882353,0.105882353,0.132352941,1.191176471,,,,
914399,8669,3339,0.125099732,1.239892183,0.377358491,0.916442049,0.088958702,47.30458221,84.41558442,2.641509434,39.35742972,0.51212938,0.053908356,0.080862534,21.42857143,0.215633423,61.53846154,5.849056604,56.36363636,3.881401617,55.5984556,71.07816712,2.237196765,0.080862534,0.754716981,8.894878706,1.051212938,0.997304582,0.592991914,1.105121294,2.884097035,0.026954178,0.215633423,6.253369272
1601917,10172,3330,0.256935145,2.486486486,0.918918919,0.837837838,0.0654064,14.56756757,69.1025641,0.648648649,80,1.108108108,0.189189189,,,0.567567568,30.88235294,5.945945946,37.80068729,3.648648649,44.11764706,39,5.162162162,1.675675676,0.72972973,2.648648649,1,0.243243243,0.108108108,2.027027027,3.027027027,0.891891892,0.405405405,1.297297297
746406,8427,3321,0.277292696,2.547425474,0.867208672,0.135501355,0.133339112,21.38211382,75.43021033,0.975609756,33.64485981,1.924119241,0.27100271,0.81300813,24.59016393,0.298102981,28.94736842,3.875338753,47.66666667,0.406504065,38.46153846,47.53387534,2.845528455,1.517615176,1.680216802,3.035230352,1.517615176,0.785907859,0.081300813,1.029810298,,,,
1290962,8586,3082,0.027,0.350421804,0.146009085,,0.011028033,36.5898767,84.15043653,1.430889033,29.51807229,0.116807268,0.029201817,0.029201817,100,0.058403634,66.66666667,3.737832576,54.7008547,2.540558079,52.40963855,55.95068138,0.87605451,0.146009085,0.525632706,8.96495782,0.671641791,0.992861778,1.226476314,0.613238157,2.073329007,,0.058403634,
1113816,8658,3312,0.236747291,2.527173913,0.788043478,0.244565217,0.158074058,8.831521739,67.01030928,0.380434783,32.55813953,1.195652174,0.326086957,0.190217391,10.76923077,0.733695652,32.53012048,2.554347826,24.22680412,0.298913043,10.28037383,29.86413043,3.913043478,1.548913043,0.298913043,2.119565217,1.222826087,0.326086957,0.081521739,1.875,,,,
1198007,9902,2569,0.305043603,2.942779292,1.086025691,,0.163487633,17.06111327,76.3322884,0.630595562,51.42857143,1.436356559,0.245231608,0.455430128,19.11764706,1.366290385,36.44859813,4.028804982,35.27607362,0.385363955,31.42857143,41.79447256,6.761385753,1.64655508,1.086025691,2.172051382,1.191124951,0.245231608,0.10509926,1.506422733,3.363176333,0.735694823,1.121058778,
1203447,10004,3294,0.099521856,1.475409836,0.409836066,0.081967213,0.171773746,23.87978142,74.82876712,1.530054645,44.44444444,1.120218579,0.300546448,0.710382514,29.21348315,0.792349727,54.71698113,3.770491803,44.80519481,0.956284153,40.22988506,48.87978142,1.885245902,1.038251366,0.382513661,3.961748634,1.639344262,0.901639344,0.245901639,0.901639344,5.136612022,0.683060109,0.710382514,1.174863388
848102,8658,3374,0.051268525,1.06698281,0.266745702,0.160047421,0.087652288,38.38470658,85.40059347,1.867219917,53.03030303,0.986959099,0.133372851,0.320094843,21.05263158,0.533491405,57.14285714,4.161232958,52.34899329,1.253704801,55.29411765,58.07053942,1.333728512,0.480142264,0.800237107,4.321280379,1.573799644,0.960284529,0.293420273,1.173681091,4.694724363,0.293420273,0.720213397,1.493775934
212304,8411,3297,0.087993631,0.682438581,0.136487716,0.382165605,0.056478057,30.16378526,70.78795644,1.965423112,26.08695652,0.491355778,0.054595086,0.327570519,20,0.08189263,33.33333333,6.797088262,63.03797468,4.422202002,69.527897,67.2611465,1.665150136,0.218380346,0.573248408,7.916287534,1.719745223,1.119199272,0.573248408,1.337579618,4.040036397,0.245677889,0.409463148,4.504094631
668793,10194,1692,0.135797871,1.223404255,0.478723404,,0.137383722,17.44680851,73.5426009,1.117021277,48.8372093,1.117021277,0.425531915,0.85106383,27.11864407,0.531914894,52.63157895,4.521276596,43.81443299,0.85106383,33.33333333,44.84042553,2.819148936,1.063829787,0.585106383,4.521276596,2.553191489,0.85106383,0.212765957,1.64893617,,,,
1420818,8657,3297,0.13799181,1.52866242,0.436760692,0.245677889,0.153231052,41.95632393,79.6373057,2.074613285,36.71497585,1.173794359,0.245677889,0.600545951,34.92063492,0.573248408,50,5.404913558,53.51351351,2.156505914,56.83453237,70.26387625,2.292993631,1.064604186,0.76433121,5.350318471,1.938125569,0.982711556,0.354868062,1.119199272,5.050045496,0.573248408,0.327570519,2.074613285
1052977,10003,3262,0.102244637,0.993255671,0.303494788,0.027590435,0.075719001,32.08767627,81.84377199,0.910484365,36.66666667,1.020846107,0.137952177,0.082771306,7.142857143,0.634580012,45.09803922,6.787247088,48.52071006,0.744941754,25.71428571,59.40220723,1.462293072,1.213979154,2.17964439,6.207847946,3.283261803,1.020846107,0.689760883,1.627835684,5.049049663,0.579399142,1.572654813,1.213979154
435513,8466,3219,0.085800558,1.453867661,0.391425909,0.111835974,0.247824314,41.32339236,79.41966685,2.348555452,34.56790123,2.152842498,0.363466915,2.041006524,26.83823529,0.475302889,48.57142857,4.529356943,60.6741573,1.258154706,55.55555556,79.54333644,1.314072693,0.251630941,1.146318733,5.396085741,1.677539609,1.146318733,0.307548928,0.810810811,4.277726002,0.167753961,0.363466915,2.264678472
369754,10163,3229,0.179055123,1.532982347,0.445958501,0.139362032,0.080463107,16.63982657,74.81203008,0.52957572,38.7755102,0.641065345,0.111489625,0.278724063,15.625,0.808299783,46.03174603,4.097243729,43.75,1.05915144,36.19047619,37.26540725,2.842985444,0.724682564,1.226385878,2.759368225,1.031279034,0.473830907,0.055744813,1.449365129,2.898730257,0.250851657,0.473830907,1.198513472
1136097,8549,3203,0.086549484,1.601623478,0.365282548,0.056197315,0.15964157,67.24008742,91.86180422,3.175148298,76.35135135,1.517327505,0.084295973,0.140493288,15.15151515,1.01155167,50.70422535,6.940368405,57.98122066,0.702466438,51.02040816,91.93880737,1.826412738,0.730565095,2.613175148,4.411489229,2.641273806,0.927255698,0.168591945,1.208242273,6.125507337,0.646269123,1.433031533,0.67436778
982394,8668,3794,0.099256189,1.897733263,0.569319979,,0.141360712,61.88982604,84.81794538,3.534528202,53.98550725,1.565629942,0.213494992,0.213494992,28.125,0.925144966,45.88235294,5.147601476,47.37991266,0.61676331,52,89.95255667,1.731681603,1.162361624,1.447021613,4.032683184,2.206114918,0.711649974,0.260938324,1.779124934,6.665788086,0.474433316,1.162361624,0.853979968
816368,8653,3612,0.046452658,0.573089701,0.174418605,,0.018883647,35.48172757,77.55991285,1.968438538,27.24137931,0.299003322,0.024916944,0.074750831,21.42857143,0.274086379,73.33333333,5.456810631,66.76829268,3.762458472,67.11111111,62.6910299,1.295681063,0.124584718,0.797342193,9.194352159,0.697674419,1.220930233,0.872093023,0.49833887,2.965116279,0.024916944,0.174418605,
1187285,8655,3196,0.022069149,0.619524406,0.140801001,,0.179581312,20.44430538,76.82539683,1.013767209,33.64485981,1.09824781,0.337922403,1.210888611,22.51308901,0.901126408,46.37681159,3.520025031,48.828125,0.535043805,31.14754098,48.54818523,1.576971214,0.366082603,0.168961202,5.434918648,1.914893617,0.844806008,0.225281602,0.760325407,3.491864831,0.281602003,0.394242804,2.449937422
709148,8667,3187,0.009898024,0.282397239,0.056479448,0.028239724,0.090569973,24.68151867,72.05276175,1.948540948,30.39647577,0.960150612,0.169438343,1.073109507,26.76056338,0.225917791,42.10526316,3.784123,51.9379845,1.157828679,43.15789474,60.23533103,0.50831503,0.254157515,0.988390336,6.184499529,1.468465642,0.734232821,0.536554754,1.044869783,3.473486037,0.141198619,0.423595858,3.445246313
1070973,10170,3165,0.019703318,0.199052133,0.056872038,0.142180095,0.010128244,31.45023697,86.94968553,1.763033175,38.27160494,0.113744076,0.028436019,,,0.085308057,50,3.981042654,52.23880597,2.44549763,55.12820513,48.82464455,0.54028436,0.255924171,0.454976303,8.360189573,0.995260664,1.251184834,0.739336493,1.194312796,,,,
1331703,8667,3189,0.030245531,0.451552211,0.141110066,0.282220132,0.027058913,37.90216369,82.90123457,3.894637817,46.93877551,0.282220132,0.028222013,0.08466604,33.33333333,0.225776105,61.53846154,4.967074318,60.06825939,2.709313264,67.13286713,63.47130762,0.790216369,0.423330198,0.677328316,11.76857949,1.354656632,1.241768579,1.580432738,1.15710254,,,,
935502,8659,3164,0.306039818,2.048040455,0.796460177,0.824905183,0.055841208,12.20290771,74.60869565,0.142225032,45.45454545,0.739570164,0.113780025,,,0.654235145,52.27272727,6.201011378,37.5862069,3.242730721,35.73667712,32.22819216,3.612515803,2.104930468,1.507585335,1.735145386,0.796460177,0.142225032,0.142225032,1.93426043,1.592920354,0.483565107,0.142225032,0.654235145
980381,9902,3167,0.032422167,0.68203347,0.170508368,0.028418061,0.252842736,29.75371014,78.84036145,1.449321124,43.22033898,1.960846227,0.397852858,1.705083675,28.30188679,0.568361225,52.63157895,4.461635617,58.36431227,1.733501737,58.65384615,64.90685191,2.131354594,0.341016735,1.307230818,4.29112725,0.880959899,0.90937796,0.142090306,0.653615409,,,,
807930,8667,3156,0.05650095,0.798479087,0.228136882,0.085551331,0.053876315,23.72623574,79.54110899,1.625475285,47.10743802,0.826996198,0.114068441,0.342205323,19.35483871,0.741444867,55.31914894,4.363117871,54.83870968,0.798479087,44.44444444,45.42775665,1.368821293,0.541825095,0.941064639,5.503802281,1.882129278,1.1121673,0.513307985,0.741444867,4.733840304,0.342205323,0.741444867,1.996197719
1292335,10172,3130,0.018534824,0.661341853,0.172523962,0.028753994,0.03473401,26.82747604,78.14070352,1.322683706,37.09677419,0.373801917,0.028753994,0.402555911,20.58823529,0.488817891,36.95652174,5.146964856,49.86072423,1.811501597,58.87850467,59.23322684,1.178913738,0.690095847,1.03514377,6.757188498,1.897763578,0.862619808,0.632587859,1.523961661,3.82428115,0.172523962,0.862619808,3.364217252
539939,8466,3123,0.056553313,0.806916427,0.317002882,0.086455331,0.145893537,26.54178674,79.12371134,0.749279539,31.3253012,1.469740634,0.288184438,1.469740634,26.42487047,0.288184438,47.61904762,3.86167147,52.14007782,1.700288184,55.14018692,56.13832853,1.729106628,0.345821326,0.374639769,4.639769452,1.527377522,0.662824207,0.201729107,1.123919308,3.170028818,0.144092219,0.403458213,2.247838617
1178263,8411,3122,0.207080722,2.421524664,0.63420884,0.115310698,0.195445935,27.61691224,76.57873701,2.248558616,44.82758621,1.470211403,0.259449071,1.124279308,26.71232877,0.576553491,57.14285714,3.459320948,50,0.605381166,33.87096774,53.1582319,2.709801409,0.720691864,0.893657912,3.459320948,1.412556054,0.605381166,0.144138373,0.490070468,4.381806534,0.490070468,0.63420884,1.297245356
439691,8653,3069,0.040785924,0.469208211,0.058651026,0.293255132,0.057018953,20.70381232,72.04081633,1.642228739,32.3699422,0.410557185,0.146627566,0.205278592,17.07317073,0.205278592,53.84615385,4.692082111,54.60750853,2.346041056,51.94805195,49.17888563,1.055718475,0.234604106,0.64516129,8.299120235,1.495601173,1.085043988,0.615835777,0.73313783,2.404692082,0.146627566,0.586510264,5.102639296
1047586,8659,3080,0.100113312,0.730519481,0.321428571,0.350649351,0.057957611,44.47402597,84.93303571,2.220779221,40.21164021,0.555194805,0.058441558,0.204545455,14.89361702,0.672077922,58.97435897,5.376623377,55.92705167,2.162337662,52.11267606,75.18506494,1.577922078,0.438311688,0.788961039,8.269480519,1.811688312,0.642857143,0.584415584,0.905844156,4.178571429,0.116883117,0.496753247,5.230519481
562593,8653,3092,0.067907502,1.950194049,0.553040103,,0.114551103,26.2839586,76.26689189,2.648771022,37.91666667,1.047865459,0.203751617,0.785899094,23.07692308,0.320181113,55,3.580206986,56.68202765,0.116429495,30.76923077,49.77360931,0.873221216,0.553040103,1.484476067,3.98771022,1.65912031,0.815006468,0.52393273,0.698576973,4.628072445,0.232858991,0.960543338,0.989650712
883079,8466,3068,0.293603006,2.757496741,0.880052151,0.088005215,0.222075772,27.69230769,76.43724696,1.496088657,43.58974359,1.818774446,0.440026076,0.146675359,9.615384615,1.173402868,47.05882353,4.63494133,43.88888889,0.762711864,38.80597015,54.91525424,3.960234681,1.789439374,1.056062581,2.992177314,1.672099087,0.322685789,0.146675359,0.880052151,4.869621904,0.997392438,0.85071708,0.85071708
729733,6602,2826,0.078703818,0.50955414,0.127388535,,0.041558507,23.50318471,79.09967846,0.987261146,40.78947368,0.541401274,0.127388535,0.318471338,20.40816327,0.159235669,50,3.280254777,47.03196347,0.987261146,44.92753623,40.47770701,0.891719745,0.382165605,0.573248408,4.426751592,1.560509554,0.796178344,0.414012739,1.433121019,3.21656051,0.318471338,0.605095541,
1260020,10003,3116,0.115342108,1.501925546,0.462130937,0.115532734,0.07497208,18.02310655,77.13226205,0.40436457,36.84210526,0.953145058,0.115532734,0.346598203,16.21621622,0.924261874,35.16483516,6.181001284,49.65197216,0.953145058,28.94736842,45.08664955,3.032734275,0.779845956,2.599486521,3.668164313,1.704107831,0.80872914,0.057766367,0.866495507,3.494865212,0.635430039,0.664313222,1.097560976
798641,9850,3016,0.047181366,0.716180371,0.149204244,0.328249337,0.024372447,51.2367374,87.02483528,2.5066313,36.52173913,0.119363395,,0.029840849,33.33333333,0.119363395,80,5.013262599,64.36781609,2.715517241,56.875,72.33421751,1.402519894,0.149204244,1.193633952,8.086870027,1.044429708,0.895225464,0.925066313,0.447612732,,,,
1077926,10194,3334,0.069616379,1.025794841,0.296940612,,0.107652304,33.93221356,76.92778458,1.75464907,28.76106195,1.24175165,0.24295141,0.512897421,20.21276596,0.782843431,51.78571429,4.427114577,46.59090909,0.944811038,39.3258427,65.0839832,1.268746251,0.99880024,1.052789442,4.643071386,1.673665267,0.836832633,0.134973005,1.052789442,4.9940012,0.404919016,0.917816437,
798654,8669,2989,0.291080293,2.228169957,0.963532954,0.391435263,0.165564555,16.50050184,76.32311978,0.331214453,42.30769231,1.927065908,0.240883239,0.481766477,21.33333333,1.354968217,51.72413793,5.901639344,44.95412844,1.174305788,47.56097561,40.92004015,6.172632988,2.077617932,2.167949147,1.776513884,1.234526598,0.150552024,,2.017397123,3.221813315,0.602208096,0.632318501,0.391435263
962012,8451,3012,0.048732072,0.478087649,0.089641434,0.418326693,0.038451019,22.32071713,74.5508982,2.061752988,33.82352941,0.328685259,0.14940239,0.059760956,10.52631579,0.418326693,63.63636364,4.990039841,55.66666667,2.001992032,55.37190083,48.64541833,1.135458167,0.537848606,0.866533865,6.87250996,1.733067729,1.344621514,0.657370518,1.284860558,,,,
798603,10194,2954,0.09478639,0.517941774,0.152335816,0.213270142,0.015618518,57.24779959,86.62978331,4.752877454,50.48543689,0.213270142,0.030467163,,,0.060934326,66.66666667,4.813811781,65.2892562,3.016249154,61.875,77.72173324,1.035883548,0.060934326,0.67027759,7.098849018,1.066350711,0.487474611,0.609343263,0.396073121,4.204468517,0.030467163,0.243737305,4.935680433
877697,8657,2960,0.079127029,1.155405405,0.334459459,0.030405405,0.188019996,36.03040541,76.94805195,2.432432432,32,1.52027027,0.243243243,1.277027027,22.7027027,0.547297297,50,4.378378378,55.5984556,1.003378378,44.59459459,75.13175676,2.64527027,0.516891892,1.216216216,6.081081081,1.641891892,0.851351351,0.182432432,0.516891892,4.864864865,0.182432432,0.72972973,3.405405405
430429,8451,2952,0.067152439,1.006097561,0.335365854,0.243902439,0.056079437,17.86585366,68.86016451,0.914634146,23.07692308,0.853658537,,0.06097561,14.28571429,0.335365854,64.70588235,5,52.56410256,1.585365854,52,40.27439024,1.524390244,0.640243902,0.701219512,5.975609756,2.37804878,0.884146341,0.884146341,1.463414634,4.634146341,0.396341463,0.853658537,1.829268293
820581,8466,448,0.182812505,2.209821429,0.200892857,,0.028887244,25.3125,79.24528302,0.803571429,57.14285714,0.602678571,,0.200892857,20,0.200892857,33.33333333,4.21875,45.65217391,1.808035714,56.25,43.19196429,4.017857143,0.803571429,1.607142857,1.607142857,0.602678571,,0.200892857,0.803571429,3.214285714,0.200892857,1.607142857,
613892,10170,2928,0.036832992,0.952868852,0.276639344,0.06147541,0.195732166,25.78893443,77.90157846,2.489754098,45,1.75204918,0.399590164,1.93647541,27.03862661,0.614754098,48.7804878,3.411885246,55.5,0.737704918,46.15384615,59.81557377,0.614754098,0.245901639,0.645491803,5.68647541,1.413934426,0.922131148,0.338114754,0.276639344,,,,
914132,8657,241,0.009896265,0.373443983,,,0.01524228,35.10373444,78.33333333,1.867219917,31.25,0.746887967,,0.373443983,16.66666667,,,3.734439834,47.61904762,1.867219917,55.55555556,71.70124481,0.373443983,0.373443983,0.373443983,7.468879668,1.493775934,1.12033195,0.746887967,1.12033195,3.360995851,,0.746887967,
1296625,10170,2944,0.127608018,1.40625,0.213994565,,0.087493097,21.39945652,71.28309572,1.008831522,33.33333333,0.886548913,0.152853261,0.091711957,9.677419355,1.13111413,32.74336283,5.105298913,43.37662338,0.794836957,45.61403509,49.12703804,2.659646739,1.283967391,1.069972826,3.729619565,2.109375,0.733695652,0.091711957,1.375679348,5.90013587,0.305706522,0.794836957,0.794836957
917830,10172,2942,0.067038071,1.223657376,0.48946295,,0.143923317,35.63902107,80.84663428,2.263766145,44.57831325,1.713120326,0.122365738,1.070700204,27.55905512,0.152957172,50,3.701563562,63.35078534,1.346023114,57.89473684,59.07205982,1.070700204,0.244731475,0.458871516,5.108769545,1.743711761,1.101291638,0.48946295,0.336505778,4.741672332,0.428280082,0.458871516,1.774303195
1439831,10004,2176,0.311778043,2.150735294,1.116727941,,0.066288888,9.388786765,55.6372549,0.165441176,28.57142857,0.372242647,0.124080882,0.082720588,15.38461538,0.537683824,40.625,6.700367647,37.07093822,4.839154412,40.48442907,31.68198529,4.053308824,1.571691176,0.909926471,2.274816176,0.537683824,0.124080882,0.041360294,1.613051471,2.233455882,0.703125,0.330882353,
161415,10163,3469,0.0681032,1.245315653,0.259440761,,0.192969482,43.81954454,81.75217812,4.176996253,50.62893082,1.893917555,0.207552609,1.089651196,28.37837838,0.648601903,69.44444444,3.346785817,53.75,0.46699337,46.15384615,68.90746613,0.778322283,0.752378207,0.518881522,3.969443644,1.712309023,0.570769674,0.59671375,0.46699337,5.52608821,0.311328913,0.856154511,
1338978,8451,2926,0.162104573,1.937799043,0.43062201,0.18455229,0.112202072,15.53315106,80.41401274,0.43062201,43.75,1.168831169,0.215311005,0.707450444,25.55555556,1.291866029,50,3.875598086,41.04234528,0.799726589,31.70731707,37.27956254,4.060150376,1.599453178,1.045796309,2.460697198,0.738209159,0.36910458,0.18455229,0.830485304,3.106630212,0.615174299,0.18455229,1.168831169
1161885,8669,2924,0.08882421,1.138850889,0.338577291,0.892612859,0.104058262,44.53830369,81.01903695,2.831737346,33.6996337,0.861833105,0.153898769,,,0.184678523,50,5.571135431,60.94276094,3.632010944,62.76595745,70.08549932,2.985636115,0.153898769,0.769493844,8.556771546,1.108071135,0.800273598,0.892612859,0.769493844,,,,
789645,8427,2918,0.258924273,2.159013023,0.801919123,0.339273475,0.073785147,11.65867032,65.51126516,0.339273475,37.93103448,0.801919123,0.215901302,0.154215216,16.66666667,0.555174777,45,3.423577793,31.62393162,1.542152159,28.57142857,32.72446881,4.503084304,1.634681289,0.740233036,1.634681289,0.58601782,0.277587389,,1.017820425,1.603838245,0.524331734,0.370116518,0.77107608
1183512,10194,2914,0.199633831,2.378174331,0.957446809,0.123541524,0.15865386,16.86341798,76.47058824,0.741249142,50,1.420727522,0.33973919,0.463280714,14.28571429,1.914893617,40.25974026,3.737131091,33.79888268,0.185312286,22.22222222,44.53671929,4.756348662,2.069320522,0.926561428,1.389842141,0.710363761,0.154426905,0.061770762,1.32807138,4.787234043,0.741249142,0.494166095,0.463280714
1249531,10003,2090,0.391999514,2.454545455,0.90430622,0.473684211,0.044641968,7.66507177,69.26070039,0.172248804,66.66666667,0.258373206,0.086124402,,,0.301435407,46.66666667,3.100478469,40,1.765550239,37.6146789,20.41148325,3.444976077,0.344497608,0.775119617,1.507177033,0.258373206,0.086124402,0.215311005,0.90430622,1.593301435,0.43062201,0.172248804,0.947368421
660170,9841,2917,0.08182379,0.586218718,0.154268084,0.061707233,0.079941429,37.94994858,82.66129032,3.332190607,55.67010309,0.894754885,0.061707233,0.462804251,30,0.617072335,64.51612903,5.275968461,56.81063123,1.264998286,56.94444444,61.49125814,0.647925951,0.709633185,0.586218718,6.355845046,2.869386356,0.987315735,0.431950634,1.203291052,4.81316421,0.308536167,0.802194035,2.067192321
509151,8667,2911,0.306349364,2.195121951,1.174854002,0.772930265,0.069446322,13.01614565,63.21321321,0.52559258,42.5,1.205771213,0.185503263,,,0.463758159,30.6122449,7.080041223,39.21232877,4.575747166,40.43715847,37.4098248,4.26657506,1.236688423,1.205771213,4.142906218,0.927516317,0.247337685,0.371006527,1.60769495,2.195121951,0.432840948,0.463758159,2.597045689
1386482,10194,3270,0.133855045,1.100917431,0.385321101,,0.123193023,23.44954128,82.00192493,0.467889908,47.22222222,1.293577982,0.137614679,0.550458716,20.40816327,1.321100917,47.05882353,5.889908257,48.63636364,0.577981651,31.34328358,48.71559633,2.559633028,1.651376147,1.596330275,3.825688073,2.422018349,0.908256881,0.082568807,0.963302752,5.394495413,0.853211009,0.880733945,
759563,9817,2898,0.06123913,1.086956522,0.248447205,,0.139590731,31.61490683,78.54938272,1.397515528,28.48101266,0.900621118,0.217391304,0.776397516,18.79699248,0.341614907,30.55555556,3.602484472,55.76923077,1.677018634,69.23076923,68.19875776,2.01863354,0.590062112,0.621118012,7.422360248,0.99378882,1.397515528,0.248447205,0.465838509,3.198757764,0.155279503,0.310559006,4.782608696
968936,9817,2895,0.056549223,0.497409326,0.124352332,0.435233161,0.023585341,42.03108808,82.23844282,3.419689119,39.85507246,0.124352332,,0.062176166,25,0.062176166,66.66666667,5.502590674,62.98932384,3.761658031,66.48351648,67.61658031,1.274611399,0.124352332,0.777202073,10.16580311,0.96373057,0.994818653,0.932642487,0.870466321,2.642487047,,0.341968912,7.274611399
1207954,9841,2875,0.07393148,0.813913043,0.250434783,0.406956522,0.063827305,43.54434783,75.43383948,3.819130435,38.00623053,0.594782609,0.093913043,0.187826087,10.52631579,0.594782609,59.375,6.19826087,51.96850394,3.31826087,53,80.76521739,1.377391304,0.657391304,0.626086957,9.203478261,1.659130435,1.283478261,0.626086957,0.970434783,,,,
770256,8451,3822,0.020107536,0.565149137,0.141287284,,0.100194899,38.54788069,79.19690373,2.755102041,39.52702703,1.130298273,0.164835165,0.777080063,25.78125,0.376766091,55.17241379,5.627943485,54.56621005,1.459968603,47.32824427,66.78178964,0.306122449,0.423861852,0.824175824,7.558869702,2.990580848,1.671899529,0.259026688,1.671899529,5.557299843,0.565149137,0.800627943,
306128,8197,2872,0.070536561,0.47005571,0.250696379,0.062674095,0.079763718,42.6183844,79.71864009,1.723537604,32.93413174,0.940111421,0.062674095,,,0.47005571,48.38709677,5.483983287,54.51713396,0.940111421,37.5,81.0689415,0.940111421,0.626740947,0.658077994,9.839832869,3.415738162,1.66086351,0.407381616,1.159470752,4.919916435,0.282033426,0.783426184,4.355849582
789574,8659,2708,0.117687962,1.03028065,0.432053176,,0.063515696,43.96971935,87.90697674,2.02732644,59.80392157,0.598227474,0.03323486,0.166174298,25,0.797636632,54.54545455,4.985228951,49.34210526,1.129985229,45.33333333,64.80797637,1.994091581,0.864106352,1.429098966,4.486706056,1.661742984,0.864106352,0.299113737,1.395864106,5.217872969,0.598227474,0.897341211,
1190030,8411,2821,0.00971145,0.223325062,,0.03190358,0.019425898,24.34243176,80.14705882,0.989010989,32.63157895,0.287132223,,0.159517901,19.23076923,0.925203828,64.44444444,5.965969514,61.9205298,1.11662531,47.94520548,50.75859624,0.797589507,0.669975186,0.893300248,8.231123715,3.062743708,0.669975186,0.574264445,0.989010989,,,,
768169,8658,2817,0.081127794,0.3514377,0.191693291,0.255591054,0.012705694,38.46645367,82.63555251,2.012779553,35.39325843,0.223642173,,0.063897764,22.22222222,0.127795527,57.14285714,4.792332268,59.52380952,2.779552716,60.83916084,61.0543131,0.670926518,0.127795527,0.734824281,9.712460064,1.182108626,0.798722045,0.862619808,1.054313099,2.939297125,0.031948882,0.191693291,6.869009585
488624,8659,2764,0.051163894,1.139652677,0.227930535,,0.182903179,53.01013025,88,2.539797395,45.88235294,1.725759768,0.260492041,1.237337192,33.62831858,0.19536903,37.5,3.777134588,55.23809524,1.009406657,46.26865672,75.44500724,0.651230101,0.293053546,1.302460203,3.516642547,1.367583213,1.009406657,0.19536903,0.846599132,5.047033285,0.390738061,0.520984081,0.944283647
1381571,8600,2383,,4.758707512,2.341586236,,,12.08560638,61.53846154,0.339907679,39.13043478,0.906420478,0.22660512,0.11330256,50,0.490977759,28.88888889,5.929500629,48.45679012,4.078892153,60,36.93663449,7.931179186,1.359630718,0.830885439,2.266051196,0.528745279,0.415442719,0.07553504,0.868652958,2.341586236,0.830885439,0.1888376,
700683,8548,1484,0.150325467,1.394878706,0.424528302,,0.108453235,19.64959569,71.20879121,0.303234501,27.77777778,0.909703504,0.181940701,0.424528302,18.91891892,0.788409704,33.33333333,10.18867925,49.12280702,5.276280323,54.71698113,51.48921833,3.153638814,1.394878706,1.030997305,6.489218329,3.092991914,1.091644205,0.303234501,2.061994609,3.456873315,0.424528302,1.273584906,
1439800,10170,2760,0.319411941,2.77173913,1.010869565,0.847826087,0.070175762,10.69565217,68.61924686,0.195652174,54.54545455,0.945652174,0.130434783,0.065217391,18.18181818,1.304347826,36.36363636,7.043478261,38.02816901,3.554347826,46.78111588,36.52173913,7.141304348,2.902173913,1.858695652,1.467391304,0.326086957,0.065217391,0.065217391,2.086956522,2.77173913,0.75,0.163043478,1.010869565
1083185,10004,1902,0.240719251,2.507886435,0.899053628,,0.119979028,14.6214511,64.24116424,0.567823344,23.07692308,1.230283912,0.189274448,0.757097792,20,1.135646688,40,6.246056782,41.7721519,2.318611987,45.79439252,46.89274448,3.501577287,1.940063091,0.662460568,5.015772871,2.223974763,0.851735016,0.141955836,1.514195584,5.252365931,0.804416404,0.804416404,
1328857,8466,2736,0.104013156,0.756578947,0.197368421,0.032894737,0.080268289,40.23026316,89.01018923,1.085526316,53.22580645,1.019736842,0.032894737,0.098684211,37.5,0.822368421,53.19148936,6.513157895,54.84764543,1.25,58.46153846,61.61184211,2.039473684,1.019736842,1.184210526,6.25,3.322368421,1.25,0.394736842,1.480263158,4.375,0.460526316,1.381578947,1.282894737
719581,9841,2724,0.040837002,0.627753304,0.099118943,0.13215859,0.038594928,35.58370044,76.4371895,2.544052863,36.492891,0.363436123,0.099118943,0.099118943,16.66666667,0.264317181,50,3.667400881,53.36538462,1.651982379,56.17977528,61.91629956,0.693832599,0.165198238,0.363436123,6.310572687,1.387665198,0.792951542,0.561674009,0.825991189,4.427312775,0.13215859,0.660792952,3.568281938
1051415,8427,4140,0.077743478,1.065217391,0.195652174,,0.092371163,47.58695652,82.91666667,2.239130435,44.7826087,1.304347826,0.086956522,0.347826087,34.04255319,0.673913043,56.36363636,5.586956522,58.81006865,1.630434783,64.1025641,72.08695652,1.586956522,1.02173913,1.760869565,4.195652174,1.543478261,0.847826087,0.304347826,0.956521739,6.369565217,0.52173913,0.652173913,
621182,8427,2724,0.055268725,0.627753304,0.099118943,0.495594714,0.019650702,45.89207048,85.00611995,2.147577093,36.31284916,0.363436123,0.066079295,,,0.165198238,45.45454545,6.27753304,66.90140845,4.162995595,68.47826087,71.5969163,1.156387665,0.099118943,0.991189427,12.02643172,1.057268722,1.354625551,0.991189427,0.495594714,5.022026432,0.033039648,0.396475771,8.623348018
1026833,9850,2723,0.053451341,1.090708777,0.264414249,0.099155343,0.077379589,36.32390746,79.23576063,2.181417554,44,0.793242747,0.033051781,0.033051781,11.11111111,0.561880279,51.51515152,6.940874036,56.3002681,2.148365773,57.52212389,61.34410577,0.727139185,0.694087404,2.016158649,5.552699229,2.214469335,1.355123026,0.165258906,1.784796181,5.519647448,0.59493206,0.859346309,1.817847962
215387,8466,2707,0.059033619,0.432212782,0.166235685,0.265977096,0.018938657,57.58404137,91.49498151,2.659770964,51.28205128,0.232729959,0.033247137,0.033247137,11.11111111,0.132988548,57.14285714,2.759512375,52.86624204,1.196896934,46.75324675,75.50424825,0.498707056,0.232729959,0.465459919,7.580347248,0.964166975,1.097155523,0.964166975,0.365718508,4.421869228,0.033247137,0.398965645,4.554857776
956161,8463,1607,0.217915372,2.576228998,0.61605476,0.112009956,0.093735504,17.24953329,73.33333333,0.392034848,33.33333333,1.008089608,0.280024891,0.280024891,8.771929825,2.296204107,49.39759036,6.440572495,37.95379538,1.064094586,28.35820896,48.83634101,3.304293715,2.912258867,1.904169259,2.968263846,1.176104543,0.168014935,0.112009956,1.456129434,3.416303671,0.672059739,1.232109521,1.512134412
1081288,8549,2704,0.288609086,3.328402367,1.065088757,0.299556213,0.112045322,25.26257396,78.0061665,1.164940828,54.6875,1.431213018,0.232988166,0.565828402,17.34693878,1.098372781,41.7721519,4.593195266,43.125,0.532544379,35.55555556,53.18786982,4.959319527,1.863905325,1.397928994,1.897189349,1.597633136,0.199704142,0.033284024,0.898668639,3.561390533,0.499260355,0.832100592,0.066568047
471271,8451,2702,0.006408586,0.099925981,,0.03330866,0.031900669,29.67801628,76.15384615,1.798667654,30.50847458,0.266469282,,0.133234641,22.22222222,0.399703923,57.14285714,4.663212435,64.22018349,1.465581051,61.11111111,59.25610659,0.299777942,0.366395263,1.665433013,7.194670614,1.132494449,1.132494449,0.766099186,0.666173205,,,,
917628,8549,2898,0.043071431,0.590062112,0.124223602,0.124223602,0.078557833,36.80124224,85.80738595,0.869565217,33.33333333,0.683229814,0.186335404,0.341614907,22.44897959,0.49689441,44.44444444,5,52.27272727,1.614906832,48.14814815,65.86956522,1.645962733,0.590062112,0.962732919,7.329192547,2.01863354,1.242236025,0.186335404,0.962732919,3.291925466,0.124223602,0.683229814,3.881987578
538329,8462,3791,0.121617512,1.23450277,0.261144817,,0.032599222,21.08150884,71.84466019,1.828013717,46.66666667,0.427327882,0.094961752,0.166183065,23.33333333,0.474808758,52.63157895,8.356634133,59.762309,2.065418095,60.83916084,48.50171459,1.614349776,0.973357953,2.326562912,6.955948299,3.58480612,1.329464521,0.403587444,2.065418095,5.81640728,0.474808758,0.925877077,
759580,8197,2676,0.165790362,2.051569507,0.605381166,0.134529148,0.083219492,20.9529148,79.76952625,0.571748879,54.83870968,0.807174888,0.033632287,0.33632287,22.22222222,1.647982063,42.60869565,4.80941704,40.05602241,0.33632287,20,47.21973094,4.506726457,1.715246637,1.076233184,2.993273543,1.748878924,0.504484305,0.033632287,1.042600897,4.237668161,0.605381166,0.975336323,0.706278027
914134,9841,2692,0.140703568,0.902674591,0.501485884,0.100297177,0.163193663,30.95839525,81.01487314,1.03640416,42.46575342,1.504457652,0.468053492,0.568350669,20.48192771,0.702080238,47.72727273,5.416047548,53.82059801,0.969539376,48.33333333,56.60104012,2.106240713,0.969539376,1.671619614,4.379643388,2.106240713,0.768945022,0.401188707,1.03640416,5.549777117,0.367756315,0.869242199,1.103268945
1055136,8655,2665,0.178497187,1.621013133,0.43902439,0.270168856,0.214061415,22.8630394,77.37142857,0.87804878,50,1.452157598,0.472795497,0.675422139,21.05263158,0.945590994,39.43661972,4.08630394,44.48529412,0.77673546,44.23076923,47.684803,3.377110694,1.046904315,1.249530957,2.09380863,1.148217636,0.270168856,,0.945590994,4.120075047,0.607879925,0.675422139,0.675422139
873014,8197,2660,0.048281956,0.270676692,0.135338346,,0.024575367,29.80827068,83.34910123,0.913533835,36,0.406015038,0.033834586,,,0.236842105,53.84615385,3.890977444,52.0361991,0.845864662,45.45454545,47.09774436,0.812030075,0.439849624,0.947368421,5.278195489,1.860902256,0.981203008,0.507518797,1.251879699,4.263157895,0.169172932,0.744360902,1.928571429
528214,10163,2662,0.038461305,0.540946657,0.101427498,0.405709992,0.018996539,30.02253944,81.24428179,1.250939144,33.33333333,0.202854996,,0.033809166,33.33333333,0.202854996,40,7.133734035,64.32926829,4.259954921,66.66666667,55.04132231,1.352366642,0.304282494,0.777610819,10.58226897,1.927122464,0.980465815,0.642374155,0.912847483,3.144252442,,0.371900826,7.032306536
844943,8466,2629,0.104152153,0.445036135,0.171167744,0.136934196,0.044016578,39.7793838,88.49961919,0.992772917,40.84507042,0.479269684,0.034233549,0.034233549,14.28571429,0.102700647,25,4.244960061,48.81889764,1.369341955,50.63291139,56.75922404,0.92430582,0.445036135,0.890072271,5.614302016,1.882845188,1.472042602,0.547736782,1.917078737,3.799923925,0.171167744,0.513503233,1.711677444
982624,9817,2610,0.063765518,0.862068966,0.206896552,0.034482759,0.072380773,31.89655172,76.06907895,2.413793103,37.83783784,0.896551724,0.172413793,0.655172414,18.0952381,1.068965517,54.38596491,6.482758621,58.38509317,0.931034483,42.1875,70.24137931,1.137931034,0.586206897,0.517241379,8.689655172,3.965517241,1.275862069,0.172413793,0.965517241,3.75862069,0.172413793,0.965517241,3.275862069
469202,9841,1765,0.347675342,2.957507082,0.968838527,,0.080947403,11.52407932,62.43093923,0.35694051,63.63636364,0.611898017,0.050991501,0.050991501,16.66666667,0.611898017,52.17391304,7.852691218,52.9209622,5.40509915,59.88700565,33.34844193,5.40509915,1.325779037,1.223796034,2.600566572,0.611898017,0.203966006,,1.529745042,2.396600567,0.71388102,0.305949008,
205893,8197,2605,0.132851054,0.898272553,0.310940499,0.483685221,0.041383143,51.44337812,86.72102504,2.936660269,44.5026178,0.172744722,,,,0.24184261,100,6.52975048,67.5,4.111324376,65.74585635,75.38579655,1.727447217,0.069097889,0.725527831,11.71209213,1.554702495,0.932821497,0.587332054,0.621880998,3.558541267,,0.310940499,8.637236084
528436,8462,2604,0.042718892,0.725806452,0.103686636,0.311059908,0.036568772,29.34331797,75.73595004,1.970046083,32.94797688,0.414746544,,0.311059908,21.42857143,0.241935484,43.75,6.221198157,61.8556701,3.49078341,59.06432749,59.75806452,1.728110599,0.17281106,1.589861751,5.633640553,0.898617512,0.829493088,0.380184332,0.8640553,2.834101382,0.069124424,0.138248848,3.525345622
528453,8197,2570,0.037582879,1.225680934,0.315175097,,0.094151907,56.80155642,89.56377692,2.206225681,50.4,1.085603113,0.035019455,0.420233463,24.48979592,0.770428016,62.85714286,3.536964981,55.80110497,0.385214008,44,75.78210117,0.350194553,0.490272374,0.770428016,4.027237354,1.610894942,0.73540856,0.385214008,0.805447471,,,,
760398,9902,2589,0.042504056,0.695249131,0.208574739,0.312862109,0.063045629,53.81228273,87.11311199,3.337195829,53.63128492,0.417149479,0.10428737,,,0.208574739,54.54545455,4.762456547,58.54700855,2.641946698,59.375,76.33835458,1.077636153,0.382387022,0.799536501,8.516801854,1.11239861,0.973348783,0.521436848,0.730011587,,,,
1124212,9841,2569,0.048454264,0.840794083,0.280264694,0.035033087,0.172071821,34.08719346,83.16239316,1.296224212,34.90566038,1.226158038,0.350330868,0.77072791,23.65591398,0.490463215,56,4.16893733,53.125,0.805760996,41.81818182,62.95445699,2.066952121,0.420397042,0.735694823,5.500194628,2.172051382,0.87582717,0.350330868,0.945893344,4.309069677,0.280264694,0.840794083,2.101985208
1367703,8462,2562,0.077912179,1.088992974,0.421545667,0.140515222,0.066825565,26.90866511,70.92592593,1.651053864,32.19178082,0.772833724,0.140515222,0.526932084,20.83333333,0.491803279,46.66666667,6.850117096,62.70096463,2.459016393,63.63636364,67.79859485,1.194379391,0.56206089,1.229508197,9.379391101,2.740046838,1.896955504,0.316159251,0.807962529,,,,
1269329,8600,1389,0.005319654,0.259179266,0.064794816,,0.026673503,49.24406048,85.29741863,3.304535637,42.5,0.388768898,,0.064794816,25,0.777537797,60,5.637149028,55.76923077,1.555075594,42.85714286,76.26349892,0.583153348,0.583153348,1.684665227,8.552915767,1.61987041,0.583153348,0.842332613,1.166306695,4.924406048,,0.129589633,
997560,8657,2559,0.012618992,0.316529894,0.070339977,,0.181172719,29.64830012,79.22932331,1.195779601,29.05982906,1.23094959,0.351699883,0.738569754,25.6097561,1.688159437,44.85981308,8.440797186,56.33802817,1.371629543,47.56097561,72.20398593,3.024618992,1.23094959,2.461899179,6.33059789,2.919109027,1.055099648,0.140679953,1.055099648,4.220398593,0.175849941,0.773739742,2.215709261
1134508,10194,2531,0.03717345,0.817858554,0.14223627,0.035559068,0.051460576,30.11853023,79.90566038,2.275780324,45.71428571,0.640063216,0.071118135,0.177795338,19.23076923,0.320031608,56.25,4.018174635,48.08510638,0.853417621,41.37931034,50.92058475,0.675622284,0.497826946,1.102331094,5.013828526,1.777953378,1.17344923,0.568945081,1.386803635,3.520347689,0.14223627,0.995653892,1.493480838
1254762,8653,2519,0.142799522,2.107979357,0.714569274,0.214370782,0.159574634,11.54029377,54.93197279,1.000396983,24.13793103,1.250496229,0.321556173,0.857483128,18.75,1.286224692,54.54545455,5.93092497,46.62921348,1.679237793,47.47474747,45.0535927,3.394204049,1.000396983,1.036125447,4.144501786,1.929337039,0.464470028,0.107185391,1.500595474,4.18023025,0.643112346,1.393410083,1.643509329
280507,8667,2509,0.12572021,0.968513352,0.286966919,0.215225189,0.068142464,28.73256277,81.31979695,1.757672379,59.03614458,0.968513352,0.215225189,0.07174173,18.18181818,0.681546433,43.18181818,5.488242328,47.36842105,1.829414109,52.57731959,49.21482662,1.61418892,0.430450379,0.609804703,5.416500598,2.403347947,1.076125947,0.251096054,2.295735353,,,,
1668969,10163,2516,0.058954293,0.357710652,0.107313196,0.143084261,0.010256146,29.86883943,84.00402414,1.573926868,43.56435644,0.250397456,,,,0.465023847,86.66666667,5.115262321,57.42971888,2.360890302,50.38167939,50.86645469,0.751192369,0.07154213,1.073131955,9.372019078,1.287758347,0.96581876,0.822734499,1.323529412,3.183624801,,0.178855326,6.295707472
1098752,10252,966,0.136611802,1.583850932,0.372670807,,0.042049163,20.59006211,80.07246377,0.745341615,53.33333333,0.838509317,,0.279503106,23.07692308,1.397515528,28.30188679,4.844720497,35.86206897,0.838509317,39.13043478,46.21118012,3.819875776,2.236024845,1.583850932,1.770186335,1.02484472,0.186335404,0.093167702,0.838509317,4.192546584,0.279503106,0.745341615,
1195277,8411,2495,0.078453309,1.370741483,0.649298597,,0.092447065,11.36272545,69.38325991,0.396793587,18.03278689,1.01002004,0.144288577,1.406813627,19.30693069,0.721442886,34.48275862,3.246492986,42.25352113,0.721442886,43.47826087,39.64328657,1.695390782,1.26252505,0.50501002,4.004008016,1.298597194,0.324649299,0.144288577,0.541082164,3.607214429,0.865731463,0.324649299,2.236472946
1077922,8427,2506,0.005627694,0.179569034,0.035913807,,0.025793398,42.34237829,83.73579545,1.723862729,36.92307692,0.323224262,0.035913807,0.071827614,13.33333333,0.251396648,70,5.746209098,63.49206349,2.011173184,54.90196078,73.01276935,0.071827614,0.215482841,0.897845172,9.804469274,2.621707901,0.933758978,0.790103751,0.430965682,3.519553073,0.071827614,0.897845172,5.458898643
775355,8657,2502,0.1198741,2.553956835,0.791366906,0.179856115,0.288562157,32.55395683,76.82512733,2.410071942,46.85314685,2.338129496,0.575539568,1.798561151,27.47252747,0.791366906,47.82608696,3.237410072,42.85714286,0.287769784,44.44444444,61.94244604,1.834532374,0.575539568,1.043165468,2.482014388,1.151079137,0.647482014,0.071942446,1.54676259,4.136690647,0.611510791,1.007194245,0.611510791
953859,8466,2481,0.026006046,0.435308343,0.072551391,0.253929867,0.009095226,58.00483676,93.4541204,2.067714631,50.44247788,0.072551391,0.036275695,,,0.036275695,100,3.8452237,53.8071066,2.067714631,49.13793103,74.65538089,0.68923821,0.362756953,0.725513906,7.835550181,1.015719468,0.761789601,1.051995163,0.68923821,2.720677146,,0.108827086,5.006045949
933635,8667,2485,0.006971831,0.398390342,0.072434608,,0.223538309,19.99195171,77.6371308,1.593561368,37.93103448,1.412474849,0.398390342,1.738430584,23.6453202,0.398390342,40.74074074,1.738430584,44.03669725,0.362173038,58.82352941,51.82696177,0.796780684,0.362173038,0.108651911,4.853118712,0.905432596,0.543259557,0.289738431,0.579476861,3.042253521,0.181086519,0.47082495,3.114688129
1025603,8669,2494,0.153451075,1.443464314,0.721732157,0.252606255,0.192812,16.92461909,77.39273927,0.433039294,30.76923077,1.299117883,0.360866079,0.685645549,23.75,0.938251804,47.27272727,5.016038492,52.65151515,1.046511628,37.66233766,38.21571772,2.886928629,0.577385726,1.659983962,2.489975942,1.407377706,0.324779471,0.072173216,0.649558941,3.644747394,0.396952686,0.50521251,0.685645549
848268,8669,2593,0.581216757,3.401465484,1.284226764,0.659467798,0.052327906,8.434246047,68.6440678,0.208252989,85.71428571,0.659467798,0.034708831,0.034708831,10,0.590050135,34.69387755,4.685692248,38.90489914,2.811415349,42.63157895,26.96876205,6.525260316,1.249517933,0.902429618,1.527188585,0.381797146,0.069417663,0.138835326,1.075973776,1.18010027,0.485923641,0.277670652,0.93713845
1209597,10003,2499,0.087129655,0.864345738,0.324129652,0.216086435,0.034631919,42.78511405,84.97854077,2.12484994,46.09375,0.324129652,0.072028812,,,0.288115246,47.05882353,3.853541417,45.53191489,1.224489796,43.58974359,63.1332533,1.080432173,0.360144058,0.648259304,5.798319328,1.728691477,1.800720288,0.288115246,1.908763505,3.961584634,0.144057623,0.504201681,1.980792317
909803,9817,2496,0.12213462,2.019230769,0.432692308,0.144230769,0.104652884,34.25480769,84.82142857,1.802884615,57.47126437,1.730769231,0.216346154,0.396634615,30.55555556,1.081730769,65.2173913,3.858173077,44.21487603,1.370192308,43.18181818,55.56490385,1.442307692,1.40625,0.46875,2.740384615,0.9375,0.396634615,0.180288462,0.865384615,5.913461538,0.396634615,0.288461538,1.225961538
465909,9841,2399,0.226913299,3.001250521,1.162984577,0.150062526,0.132430581,27.98666111,81.70865279,1.613172155,48.31460674,1.425593997,0.375156315,0.412671947,13.58024691,0.300125052,36.36363636,1.913297207,36.95652174,0.412671947,29.72972973,49.63318049,2.888703627,0.825343893,0.900375156,1.425593997,0.412671947,0.225093789,0.037515632,0.562734473,3.113797416,0.637765736,0.412671947,0.75031263
1118483,8466,2430,0.109914815,1.37037037,0.222222222,0.074074074,0.18345967,23.88888889,86.69354839,0.62962963,51.51515152,1.777777778,0.259259259,0.925925926,24.03846154,1.111111111,46.15384615,3.666666667,43.6123348,0.222222222,19.35483871,46.03703704,3.777777778,1.148148148,1.074074074,2.296296296,1.259259259,0.333333333,0.074074074,0.851851852,2.296296296,0.185185185,0.555555556,0.62962963
951953,8659,2403,0.112142322,1.011235955,0.224719101,0.561797753,0.045807121,39.36329588,86.28899836,1.460674157,52.7027027,0.486891386,0.037453184,,,0.149812734,20,5.692883895,54.87364621,2.359550562,58.33333333,60.56179775,1.348314607,0.898876404,1.348314607,5.730337079,1.91011236,1.310861423,0.524344569,0.936329588,,,,
1202769,8466,2415,0.197657147,3.130434783,1.378881988,0.111801242,0.291737355,26.49689441,81.16438356,0.857142857,65.71428571,2.236024845,0.782608696,1.565217391,23.07692308,2.198757764,51.30434783,6.894409938,53.77906977,0.298136646,22.22222222,61.67701863,5.51552795,1.714285714,3.652173913,1.49068323,0.745341615,0.186335404,0.037267081,0.52173913,3.726708075,0.857142857,0.559006211,0.52173913
434498,8472,1209,0.106049628,0.744416873,0.223325062,,0.055422846,25.83126551,81.264637,1.488833747,51.28205128,0.595533499,,0.297766749,16.66666667,0.521091811,33.33333333,5.136476427,44.23076923,1.11662531,34.09090909,52.03473945,1.637717122,1.191066998,2.009925558,4.615384615,1.488833747,0.818858561,0.223325062,1.265508685,3.870967742,0.074441687,0.818858561,2.084367246
492589,10163,2399,0.015088787,0.262609421,0.037515632,0.037515632,0.078435215,34.85202168,77.6106934,2.025844102,30.85714286,0.637765736,0.112546895,0.262609421,35,0.375156315,52.63157895,3.901625677,50.73170732,1.575656524,56,66.51521467,0.562734473,0.300125052,0.262609421,8.553563985,1.72571905,1.72571905,0.862859525,1.012922051,3.901625677,0.075031263,0.900375156,4.239266361
310785,8655,2386,0.043725061,0.792120704,0.150880134,0.037720034,0.054117994,45.18860017,86.24910007,3.168482816,61.76470588,0.678960604,0.075440067,0.037720034,20,1.018440905,72.97297297,5.507124895,56.58914729,1.207041073,50.79365079,66.76445935,0.603520536,0.528080469,0.754400671,5.393964795,2.527242246,1.244761106,0.264040235,0.905280805,6.374685666,0.301760268,1.244761106,1.357921207
1396784,9850,946,0.284394293,1.997885835,0.856236786,,0.250743469,21.78646934,82.67148014,1.046511628,57.89473684,1.236786469,0.475687104,0.665961945,43.75,2.568710359,48.21428571,7.99154334,48.8372093,1.33192389,51.85185185,51.18393235,5.137420719,1.33192389,0.951374207,4.947145877,3.329809725,0.570824524,0.095137421,1.902748414,4.756871036,0.761099366,1.141649049,
914402,9902,2380,0.214740755,2.193277311,0.907563025,0.075630252,0.239133657,25.33613445,77.10011507,1.323529412,52.23880597,2.117647059,0.378151261,0.869747899,28.04878049,2.079831933,50.92592593,6.844537815,49.45355191,0.680672269,46.15384615,57.25210084,5.407563025,1.890756303,2.420168067,3.06302521,1.701680672,0.642857143,,1.512605042,3.970588235,0.491596639,0.907563025,0.718487395
1250510,10172,2358,0.050408399,0.648854962,0.190839695,0.114503817,0.059099161,32.13740458,78.91283974,2.366412214,44.92753623,0.419847328,0.076335878,,,0.34351145,40.90909091,5.916030534,60.78431373,1.603053435,70,57.44274809,0.534351145,0.687022901,1.259541985,7.519083969,2.709923664,1.221374046,0.458015267,1.450381679,5.038167939,0.267175573,0.496183206,3.129770992
1006676,8197,2334,0.085781494,0.501285347,0.115681234,0.269922879,0.026601462,47.35218509,84.05201916,1.735218509,26.94610778,0.269922879,0.077120823,,,0.077120823,40,5.784061697,59.52380952,3.470437018,59.21052632,75.15424165,0.88688946,0.154241645,0.732647815,12.2622108,1.542416452,1.542416452,1.233933162,1.002570694,3.431876607,,0.269922879,7.94344473
1421813,10004,2364,0.044417513,0.532994924,0.076142132,0.114213198,0.059528175,21.47208122,74.21052632,1.33248731,33.01886792,0.38071066,,0.266497462,15.2173913,0.532994924,46.66666667,4.835025381,50.3968254,1.789340102,53.40909091,56.34517766,1.52284264,0.685279188,0.685279188,6.510152284,1.827411168,0.837563452,0.647208122,1.294416244,4.302030457,0.114213198,0.647208122,3.197969543
845985,8669,2320,0.180353011,2.948275862,0.814655172,0.155172414,0.198192105,32.23706897,83.60160966,1.047413793,39.70588235,1.784482759,0.271551724,0.969827586,26.59574468,0.775862069,58.82352941,4.693965517,53.53982301,1.047413793,54,56.90948276,2.056034483,0.775862069,1.396551724,4.112068966,1.474137931,0.931034483,0.387931034,1.163793103,3.840517241,0.465517241,0.737068966,1.318965517
766622,8659,2311,0.125322369,2.531371701,0.62310688,0.07788836,0.295525274,27.37775855,83.99044205,0.89571614,51.11111111,2.18087408,0.42838598,1.947209,24.27184466,2.21981826,51.81818182,4.283859801,42.63565891,0.35049762,25,57.48160969,3.543920381,1.5577672,0.85677196,1.59671138,0.85677196,0.27260926,0.03894418,0.7788836,4.829078321,0.5841627,0.42838598,0.42838598
492586,8658,2294,0.196407143,2.628596338,0.784655623,0.078465562,0.188956354,20.59721011,81.26934985,0.745422842,42.22222222,1.176983435,0.353095031,0.745422842,17.43119266,1.02005231,36.61971831,4.35483871,43.7007874,0.353095031,28.125,47.11857018,3.02092415,1.530078466,1.608544028,2.863993025,1.412380122,0.353095031,0.117698344,0.863121186,3.609415867,0.470793374,0.588491718,0.980819529
1265460,8462,2279,0.188786746,2.408951294,0.750329092,0.07898201,0.150801676,11.61035542,72.77227723,0.473892058,48,1.777095217,0.394910048,1.14523914,22.48062016,0.908293111,31.94444444,3.751645459,34.67153285,0.592365072,23.4375,38.4642387,3.317244405,1.342694164,1.303203159,2.093023256,0.947784116,0.197455024,0.07898201,1.026766125,2.882843352,0.631856077,0.829311101,0.868802106
1184465,8549,1018,0.192916508,1.237721022,0.530451866,,0.058064113,9.194499018,58.42696629,0.088408644,14.28571429,0.442043222,0.088408644,0.088408644,8.333333333,0.618860511,46.66666667,4.597249509,32.70440252,2.829076621,35.95505618,32.35756385,4.155206287,1.591355599,0.353634578,3.62475442,0.7956778,0.442043222,0.353634578,1.41453831,2.298624754,0.353634578,0.7956778,
1107283,10003,2458,0.126292918,1.97721725,0.51261188,0.292921074,0.21796403,18.7103336,76.95783133,0.915378356,47.16981132,1.97721725,0.366151343,1.537835639,29.57746479,0.951993491,44.06779661,6.334418226,49.57020057,1.757526444,42.10526316,47.81936534,3.075671277,1.20829943,1.867371847,4.320585842,1.757526444,0.732302685,0.183075671,1.135069162,,,,
1194286,10004,2243,0.097326797,1.243869817,0.361123495,0.842621489,0.070276942,29.25100312,78.4714747,2.246990638,46.28099174,0.320998663,0.080249666,,,0.240748997,75,7.302719572,69.20152091,5.296477931,72.13114754,54.44939813,2.447614802,0.040124833,0.561747659,11.35532769,1.203744984,2.046366473,1.203744984,0.641997325,3.490860455,,0.521622827,6.901471244
1086713,8462,2216,0.062935018,1.137184116,0.406137184,0.24368231,0.088030952,31.59747292,79.06504065,3.046028881,48.07692308,0.852888087,0.040613718,0.487364621,20,0.487364621,54.54545455,5.726534296,63.22869955,1.78700361,60.2739726,65.87545126,1.462093863,0.324909747,0.934115523,7.513537906,2.55866426,1.502707581,0.24368231,0.812274368,3.777075812,0.040613718,0.690433213,3.208483755
1099974,8456,304,0.203476982,2.072368421,,,0.154579694,30.19736842,85,1.184210526,50,2.072368421,0.888157895,1.184210526,21.05263158,2.072368421,35,8.585526316,54.71698113,1.776315789,66.66666667,79.63815789,5.328947368,0.592105263,2.368421053,5.625,2.368421053,0.592105263,0.592105263,1.184210526,5.921052632,,0.592105263,
688991,10004,2204,0.050194193,0.816696915,0.163339383,0.081669691,0.08892955,31.32032668,82.65086207,2.286751361,50.45045045,0.85753176,0.204174229,0.245009074,30,0.081669691,28.57142857,3.879310345,48.71794872,1.061705989,41.93548387,50.59437387,1.184210526,0.57168784,0.653357532,5.594373866,2.082577132,1.347549909,0.245009074,0.85753176,5.104355717,0.490018149,1.020871143,1.91923775
154280,8197,2257,0.120493129,1.874169251,0.757642889,0.319007532,0.092137428,17.06690297,82.94573643,0.199379708,29.41176471,1.076650421,0.199379708,0.51838724,24.52830189,0.996898538,54.34782609,6.021267169,38.03526448,1.714665485,28.47682119,41.43110323,3.190075321,2.352680549,2.312804608,3.309703146,0.996898538,0.438635357,0.119627825,1.953921134,3.190075321,0.558263181,0.51838724,1.754541427
1129081,9902,2233,0.215355136,2.861621137,0.685176892,0.080609046,0.209923933,30.42991491,81.88720174,2.257053292,59.57446809,2.700403045,0.403045231,1.692789969,32.8125,0.685176892,54.83870968,3.264666368,36.48648649,0.403045231,21.73913043,57.95790416,2.055530676,1.652485446,0.765785938,2.579489476,1.45096283,0.362740708,0.080609046,1.370353784,4.715629198,0.806090461,0.765785938,0.685176892
173408,9841,2231,0.014829224,0.443747199,0.080681309,,0.076027105,37.67817122,83.76681614,2.299417302,45.6,0.806813088,0.121021963,0.645450471,24.61538462,0.443747199,68.75,4.598834603,62.98342541,1.331241596,55.93220339,58.45360825,0.121021963,0.443747199,0.685791125,5.002241147,2.178395338,0.887494397,0.282384581,0.403406544,5.042581802,0.201703272,0.605109816,1.653966831
789556,10170,2234,0.010003133,0.282005372,0.120859445,,0.076616563,37.70814682,81.10918544,2.054610564,37.22627737,0.684870188,0.161145927,0.24171889,31.57894737,0.443151298,42.30769231,6.042972247,54.54545455,0.604297225,48.38709677,61.47717099,0.805729633,0.926589078,2.054610564,5.076096688,2.94091316,0.765443151,0.322291853,1.369740376,5.801253357,0.523724261,1.571172784,1.047448523
1223132,9850,2250,0.022811999,0.36,0.08,0.16,0.031054442,50,82.83631544,3.08,34.07079646,0.24,0.04,0.12,27.27272727,0.92,69.6969697,4.96,57.14285714,1.64,50.61728395,78.2,0.56,0.44,1,9.32,1.44,1.12,0.92,1.2,,,,
1121314,10172,2195,0.053384968,0.328018223,0.082004556,0.20501139,0.053309103,50.8428246,87.94326241,2.74715262,52.34375,0.533029613,0.082004556,0.082004556,20,0.123006834,60,3.444191344,57.14285714,2.009111617,56.32183908,74.74715262,0.902050114,0.082004556,0.20501139,9.102505695,1.107061503,1.107061503,0.533029613,0.615034169,,,,
1437876,10163,642,0.044817757,1.121495327,0.280373832,,0.089864898,29.01869159,82.8,1.401869159,55.55555556,0.700934579,0.280373832,0.280373832,33.33333333,1.962616822,63.63636364,6.028037383,53.75,0.981308411,53.84615385,54.95327103,0.841121495,1.542056075,0.560747664,5.327102804,2.523364486,0.700934579,0.420560748,0.841121495,5.046728972,0.280373832,0.841121495,
1220583,8653,2181,0.010679505,0.206327373,0.041265475,,0.095541136,20.96286107,74.48680352,1.320495186,32.65306122,1.196698762,0.082530949,0.288858322,16.66666667,0.412654746,45.45454545,6.354883081,56.82656827,1.980742779,58.53658537,56.03851444,0.495185695,0.577716644,0.742778542,9.491059147,3.25997249,1.856946355,0.330123796,1.155433287,,,,
1029024,8655,2154,0.052675487,0.752089136,0.125348189,0.459610028,0.043082279,26.90807799,72.19730942,1.629526462,32.23140496,0.376044568,0.08356546,0.208913649,13.15789474,0.417827298,45.45454545,7.395543175,61.67247387,2.966573816,59.66386555,69.44289694,1.671309192,0.793871866,1.713091922,9.233983287,2.339832869,1.713091922,0.919220056,1.044568245,3.844011142,0.08356546,0.334261838,4.26183844
872974,8411,2192,0.031643703,0.451642336,0.205291971,0.082116788,0.026841783,38.55383212,81.36915078,2.052919708,29.94011976,0.287408759,,,,0.164233577,57.14285714,4.557481752,60.6557377,2.340328467,61.29032258,64.17427007,0.944343066,0.246350365,0.944343066,9.648722628,1.108576642,0.98540146,1.026459854,0.656934307,3.900547445,0.082116788,0.49270073,6.528284672
183420,8462,2180,0.083303674,1.073394495,0.371559633,0.412844037,0.091569297,45.16513761,83.06757783,3.922018349,55.88235294,1.155963303,0.206422018,0.660550459,34.04255319,0.247706422,75,5.160550459,57.07762557,2.972477064,62.06896552,72.33027523,1.197247706,0.536697248,0.949541284,5.119266055,0.990825688,0.45412844,0.330275229,1.279816514,4.788990826,0.330275229,0.206422018,3.344036697
789507,9902,2154,0.075050141,1.378830084,0.417827298,0.125348189,0.108620828,38.81615599,84.76277372,2.339832869,58.33333333,1.128133705,0.292479109,,,0.584958217,43.75,4.721448468,51.83486239,1.002785515,52.17391304,59.74930362,1.587743733,0.710306407,1.504178273,3.718662953,1.671309192,0.835654596,0.208913649,1.337047354,4.888579387,0.584958217,0.668523677,1.002785515
1180500,10172,2155,0.158370764,2.004640371,0.542923434,0.083526682,0.209053905,19.46171694,67.14697406,1.085846868,39.39393939,1.879350348,0.501160093,1.211136891,20.56737589,0.584686775,31.81818182,4.051044084,43.69369369,1.294663573,42.46575342,49.82366589,3.174013921,0.877030162,0.79350348,3.466357309,1.378190255,0.835266821,0.041763341,0.584686775,4.218097448,0.751740139,0.835266821,1.211136891
1039566,8653,2247,0.093965285,1.602136182,0.44058745,,0.16481404,29.55941255,83.20180383,2.122830441,54.63917526,1.481975968,0.360480641,1.241655541,23.66412214,0.640854473,39.02439024,4.125500668,50.24390244,0.520694259,40.625,57.07610147,0.841121495,0.8811749,0.841121495,5.687583445,2.122830441,1.281708945,0.44058745,0.720961282,5.927903872,0.44058745,0.720961282,1.842456609
610270,8430,2155,0.01708956,0.37587007,0.041763341,,0.111692202,22.96983759,72.65521797,0.960556845,32.85714286,1.211136891,0.250580046,1.127610209,23.47826087,0.37587007,33.33333333,5.345707657,49.42084942,2.3387471,50.45045045,59.26218097,0.584686775,0.584686775,0.835266821,6.055684455,1.795823666,1.127610209,0.501160093,1.461716937,3.382830626,0.334106729,0.459396752,
1030830,8669,2110,0.219118019,2.559241706,0.682464455,0.55450237,0.195424213,33.22748815,84.67391304,0.597156398,43.75,1.578199052,0.213270142,0.981042654,21.10091743,1.236966825,39.18918919,4.862559242,45.05928854,0.981042654,42.59259259,63.04265403,4.393364929,1.620853081,1.620853081,2.431279621,1.023696682,0.426540284,0.170616114,0.55450237,4.222748815,1.066350711,0.511848341,0.81042654
1355258,9850,204,0.086911763,0.882352941,,,0.022979476,47.20588235,84.92063492,2.647058824,50,,,,,,,3.970588235,45,1.323529412,60,74.55882353,0.882352941,0,0.441176471,9.264705882,2.205882353,1.323529412,1.323529412,2.205882353,2.647058824,0.441176471,0.882352941,
156013,8676,2622,0.049887872,0.652173913,0.274599542,0.171624714,0.041090648,37.65446224,78.46924177,3.981693364,37.54045307,0.2402746,,0.102974828,15.78947368,0.068649886,100,3.81006865,66.86746988,2.540045767,66.66666667,61.33867277,1.270022883,0.068649886,0.61784897,8.272311213,0.652173913,0.823798627,0.926773455,0.411899314,2.059496568,0.034324943,0.171624714,5.869565217
1276045,10194,2115,0.063791488,1.063829787,0.255319149,0.595744681,0.035473509,37.91489362,83.19327731,3.021276596,50.71428571,0.382978723,0.127659574,0.127659574,17.64705882,0.680851064,53.33333333,6.29787234,60.6557377,2.638297872,65.26315789,64.72340426,1.70212766,0.765957447,1.14893617,6.680851064,1.872340426,0.595744681,0.553191489,0.893617021,4.29787234,0.042553191,0.468085106,3.659574468
1310975,9851,1181,0.065507198,1.295512278,0.228619814,,0.127987628,35.89331075,87.70949721,2.133784928,75.67567568,1.82895851,0.228619814,0.762066046,29.41176471,0.685859441,47.36842105,4.877222693,48.85496183,0.762066046,58.82352941,57.00254022,1.524132091,0.83827265,1.143099069,4.49618967,2.286198137,1.066892464,0.076206605,1.981371719,4.115156647,0.381033023,1.066892464,
552569,10004,1718,0.060862632,1.15250291,0.523864959,,0.194032699,26.61233993,77.08649469,0.785797439,27.77777778,1.15250291,0.314318976,0.628637951,15.38461538,1.15250291,51.1627907,4.871944121,46.96969697,1.257275902,50,54.84866123,3.928987194,1.100116414,1.047729919,4.557625146,1.41443539,0.942956927,0.419091967,1.047729919,5.029103609,0.471478463,0.995343423,
1367702,8653,2529,0.077483985,0.676156584,0.24911032,,0.059794904,33.52313167,77.5308642,1.637010676,36.22047244,0.640569395,0.106761566,0.462633452,25.49019608,0.462633452,38.23529412,7.864768683,55.94936709,3.629893238,53.125,70.81850534,1.387900356,0.676156584,1.067615658,8.896797153,2.740213523,1.174377224,0.533807829,0.960854093,,,,
1420266,9841,1124,0.285782021,2.322064057,1.040925267,,0.015522945,5.284697509,51.1627907,0.240213523,60,0.400355872,,,,0.480427046,42.85714286,4.323843416,31.21387283,3.122775801,34.21052632,24.34163701,4.323843416,0.640569395,0.240213523,2.081850534,0.480427046,0.480427046,0.160142349,2.081850534,2.081850534,0.560498221,0.400355872,
750033,9902,649,0.295127897,1.941448382,0.970724191,,0.03778258,9.429892142,57.62711864,,,0.554699538,0.138674884,0.138674884,33.33333333,0.277349769,40,6.795069337,45.79439252,4.437596302,58.18181818,30.09244992,4.021571649,2.218798151,1.664098613,2.218798151,0.416024653,0.277349769,0.138674884,1.802773498,1.664098613,0.554699538,0.416024653,
1045656,10004,2098,0.017643947,0.386081983,0.042897998,,0.05115644,36.84938036,79.98137803,3.775023832,55,0.772163966,0.042897998,0.128693994,12.5,0.386081983,47.36842105,4.71877979,56.41025641,1.329837941,56.36363636,60.01429933,0.428979981,0.514775977,0.557673975,6.048617731,2.488083889,0.90085796,0.557673975,0.986653956,5.276453765,0.257387989,0.686367969,2.102001907
1235431,9817,2110,0.022150236,0.298578199,0.042654028,0.085308057,0.014419168,44.06161137,85.09060956,2.260663507,36.55172414,0.255924171,0.085308057,0.042654028,20,0.597156398,66.66666667,4.265402844,58.13953488,1.91943128,58.44155844,67.86255924,0.81042654,0.341232227,0.597156398,8.232227488,1.151658768,0.981042654,0.511848341,0.725118483,3.454976303,0.042654028,0.383886256,5.587677725
644459,8197,2082,0.31215129,2.377521614,0.864553314,0.691642651,0.030961983,10.93659942,69.31506849,0.129682997,42.85714286,0.90778098,0.086455331,0.043227666,11.11111111,0.30259366,46.66666667,4.322766571,37.59398496,1.988472622,30.87248322,30.34582133,4.193083573,0.951008646,1.340057637,2.463976945,0.691642651,0.086455331,0.259365994,1.037463977,1.253602305,0.475504323,0.432276657,1.426512968
789593,8655,2070,0.128969566,2,0.608695652,0.173913043,0.208743095,38.34782609,81.51571165,2.52173913,58.58585859,1.869565217,0.217391304,1.826086957,28.57142857,1.086956522,42.37288136,5.913043478,48.39857651,0.652173913,39.47368421,73.26086957,3.086956522,1.391304348,2.260869565,3.695652174,1.913043478,1,,1.043478261,5.869565217,0.695652174,1.434782609,0.782608696
562725,10170,2124,0.294656774,1.949152542,0.847457627,0.677966102,0.086893167,15.84745763,67.63110307,0.466101695,73.33333333,1.016949153,0.211864407,0.084745763,16.66666667,0.296610169,31.81818182,8.983050847,49.41724942,6.56779661,55.35714286,39.61864407,4.279661017,1.56779661,1.398305085,2.669491525,0.720338983,0.042372881,0.211864407,1.822033898,2.457627119,0.338983051,0.127118644,1.694915254
1137393,10163,2053,0.136135415,1.665854847,0.48222114,0.175353142,0.058832051,17.62299075,71.65775401,0.701412567,38.0952381,0.745250852,0.131514856,0.394544569,11.53846154,0.96444228,36.66666667,3.901607404,37.39495798,0.657574282,25,44.10131515,2.191914272,1.05211885,0.613735996,3.463224549,1.665854847,0.394544569,0.131514856,1.095957136,3.901607404,0.394544569,0.789089138,1.271310278
639558,10188,2127,0.018110014,0.507757405,,0.042313117,0.098705998,30.76163611,75.72916667,2.242595205,37.06293706,0.930888575,0.126939351,0.380818054,15.78947368,0.423131171,71.42857143,4.739069111,54.36893204,0.973201693,41.07142857,55.51480959,0.592383639,0.465444288,1.142454161,5.458392102,2.200282087,0.846262341,0.423131171,0.846262341,5.289139633,0.338504937,1.142454161,1.988716502
1079103,9902,2048,0.072694334,0.615234375,0.307617188,0.571289063,0.085760511,47.19726563,85.23809524,1.58203125,31.57894737,0.703125,0.17578125,0.131835938,16.66666667,0.3515625,57.14285714,7.866210938,63.25088339,5.141601563,66.10169492,74.57519531,2.416992188,0.3515625,1.010742188,9.624023438,1.362304688,1.010742188,0.747070313,1.010742188,,,,
1213403,10194,2046,0.017142229,0.439882698,0.131964809,0.04398827,0.09206905,27.62463343,74.58432304,1.803519062,35.34482759,0.967741935,0.131964809,0.835777126,35.18518519,0.703812317,50,4.706744868,59.44444444,0.615835777,43.75,62.99120235,1.363636364,0.263929619,1.055718475,5.586510264,2.331378299,1.099706745,0.219941349,1.011730205,4.134897361,0.395894428,0.483870968,1.935483871
1375019,9850,2070,0.165752172,1.434782609,0.608695652,0.086956522,0.150223535,21.26086957,79.25445705,0.652173913,46.875,1.173913043,0.391304348,0.565217391,23.63636364,1.347826087,37.80487805,5.304347826,40.53156146,0.695652174,28.57142857,47.04347826,3.260869565,1.782608696,0.782608696,4.130434783,2.47826087,0.782608696,0.043478261,0.869565217,3.52173913,0.52173913,1.260869565,0.826086957
1281452,8466,3638,0.049368884,0.717427158,0.148433205,,0.109294753,36.71247938,83.1838565,1.533809786,45.92592593,1.360637713,0.123694338,1.311159978,32.71604938,0.69268829,48.27586207,6.877405168,58.52631579,1.608026388,59.63302752,64.98900495,1.113249038,0.940076965,1.979109401,6.382627817,2.671797691,1.459593183,0.445299615,1.410115448,6.085761407,0.445299615,0.742166025,
877763,10003,2040,0.071973529,0.705882353,0.088235294,0.088235294,0.106431947,40.63235294,81.36042403,1.279411765,29,1.147058824,0.044117647,0.75,23.94366197,0.573529412,38.23529412,3.441176471,39.1959799,0.75,28.33333333,76.94117647,1.411764706,0.661764706,0.75,5.514705882,1.367647059,0.705882353,0.308823529,0.970588235,3.970588235,0.044117647,0.882352941,3.132352941
886155,9841,2032,0.068802167,0.93011811,0.354330709,0.177165354,0.104787317,19.9753937,74.05582923,0.752952756,25,1.018700787,0.177165354,1.328740157,24.79338843,0.841535433,50,4.38484252,47.82608696,1.062992126,44.44444444,50.58070866,1.328740157,0.531496063,0.62007874,5.270669291,1.904527559,0.841535433,0.31003937,1.151574803,4.251968504,0.265748031,0.974409449,2.214566929
1389994,8451,2021,0.157466601,1.736763978,0.445324097,0.578921326,0.065698497,10.59871351,48.27586207,0.178129639,26.66666667,0.890648194,0.089064819,0.222662048,41.66666667,0.578921326,39.39393939,12.02375062,52.94117647,8.81741712,57.22543353,39.81197427,4.230578921,1.246907472,1.647699159,3.651657595,0.979713013,0.356259278,0.04453241,1.692231569,2.404750124,1.068777833,0.400791687,2.271152895
564794,9850,2015,0.05090025,0.535980149,0.223325062,0.17866005,0.161233853,28.85359801,75.82159624,1.920595533,31.38686131,0.848635236,0.223325062,0.625310174,18.42105263,0.759305211,58.62068966,5.091811414,51.12107623,1.339950372,50,65.47890819,2.143920596,0.580645161,0.401985112,6.431761787,2.635235732,0.893300248,0.133995037,1.384615385,4.153846154,0.089330025,1.11662531,2.769230769
789596,10192,2050,0.048907315,1.009756098,0.307317073,0.219512195,0.090321057,25.02439024,77.02702703,1.492682927,47.22222222,0.702439024,0.043902439,0.219512195,12.82051282,1.229268293,46.66666667,6.190243902,51.27272727,2.019512195,54.11764706,53.34146341,2.107317073,1.580487805,1.141463415,4.741463415,1.8,0.570731707,0.307317073,0.790243902,4.697560976,0.087804878,0.395121951,2.063414634
1327214,9817,2031,0.240997043,2.968980798,1.06351551,0.265878877,0.129143533,17.50369276,73.283859,0.576070901,48.14814815,1.550960118,0.35450517,0.044313146,4.166666667,2.437223043,57.29166667,8.020679468,50.98591549,2.082717873,51.64835165,47.54800591,5.583456425,1.994091581,2.127031019,2.614475628,1.373707533,0.398818316,,1.772525849,2.747415066,0.487444609,0.35450517,0.841949778
886874,8411,2008,0.025090639,0.224103586,,0.044820717,0.068906628,14.56673307,63.97637795,0.761952191,17.70833333,0.448207171,0.089641434,0.493027888,18.33333333,1.030876494,50,5.78187251,53.08641975,0.403386454,25.71428571,50.2440239,1.120517928,0.896414343,1.165338645,7.843625498,3.182270916,1.165338645,0.403386454,1.120517928,,,,
968935,10172,2001,0.450589196,1.574212894,0.944527736,0.314842579,0.054039453,8.050974513,61.51202749,0.314842579,53.84615385,0.989505247,0.089955022,0.044977511,3.846153846,0.629685157,36.84210526,3.733133433,31.20300752,1.934032984,30.06993007,28.20089955,4.857571214,1.304347826,0.71964018,1.349325337,0.449775112,0.224887556,,1.259370315,2.608695652,0.629685157,0.179910045,0.674662669
1089645,9902,1996,0.214430861,3.111222445,1.487975952,,0.123023499,22.2745491,82.88590604,1.082164329,58.53658537,1.172344689,0.135270541,0.676352705,20.54794521,1.578156313,40.69767442,5.816633267,44.6366782,0.315631263,21.21212121,54.06312625,4.779559118,1.442885772,2.254509018,3.471943888,1.668336673,1.037074148,0.04509018,1.037074148,5.185370741,0.856713427,1.30761523,0.721442886
155782,10194,2001,0.024940029,0.584707646,0.134932534,,0.096474498,43.40329835,84.9471831,2.653673163,41.25874126,0.854572714,0.134932534,0.989505247,21.15384615,0.089955022,16.66666667,2.833583208,56.75675676,1.169415292,50,73.71814093,0.35982009,0.044977511,0.494752624,4.857571214,1.07946027,0.944527736,0.314842579,0.269865067,3.373313343,0.134932534,0.224887556,2.51874063
950861,10172,1970,0.136923345,1.370558376,0.456852792,0.045685279,0.141823961,18.63959391,80.15717092,0.365482234,42.10526316,0.868020305,0.182741117,0.091370558,8,0.868020305,35.8490566,4.203045685,41.81818182,0.274111675,16.66666667,40.47715736,4.431472081,1.324873096,1.827411168,2.284263959,1.279187817,0.274111675,0.045685279,1.050761421,,,,
1524716,10203,2029,0.065373088,0.620995564,0.133070478,0.487925086,0.015113385,49.10300641,86.55199375,2.439625431,36.18421053,0.22178413,0.044356826,0.044356826,25,0.133070478,60,6.076885165,62.27272727,3.859043864,63.04347826,73.49926072,1.064563825,0.22178413,0.620995564,11.53277477,1.463775259,1.552488911,0.798422868,0.931493346,,,,
982361,8655,1982,0.070029262,1.498486377,0.136226034,0.090817356,0.072557835,29.37941473,75.67251462,2.996972755,41.7721519,1.089808274,0.136226034,0.771947528,28.81355932,0.635721493,53.84615385,4.586276488,46.33027523,0.908173562,38.46153846,58.94046418,0.817356206,0.817356206,1.226034309,5.312815338,1.861755802,1.044399596,0.454086781,1.135216953,6.175580222,0.544904137,1.407669021,1.952573158
343757,8658,1966,0.411010686,2.517802645,1.236012208,0.549338759,0.116795124,15.19837233,65.09803922,0.549338759,42.85714286,1.098677518,0.04577823,0.09155646,14.28571429,0.13733469,37.5,1.831129196,34.7826087,1.236012208,40.29850746,32.86876907,5.08138352,0.503560529,0.320447609,1.144455748,0.18311292,0.18311292,0.04577823,0.686673449,1.556459817,0.457782299,0.18311292,0.732451679
433956,8653,1936,0.064055269,1.487603306,0.371900826,,0.064344737,35.74896694,74.01347449,3.904958678,38.70967742,1.069214876,0.092975207,0.464876033,20.83333333,0.27892562,50,4.78822314,54.21052632,1.720041322,68.51851852,71.26549587,0.325413223,0.743801653,0.464876033,6.554752066,2.324380165,1.208677686,0.185950413,0.929752066,5.996900826,0.185950413,1.301652893,2.835743802
848011,56453,557,0.59409695,3.393177738,1.615798923,0.646319569,0.091443122,13.73429084,71.42857143,0.484739677,60,0.969479354,0.484739677,,,0.969479354,54.54545455,5.65529623,49.29577465,2.585278276,53.33333333,35.22441652,5.978456014,1.777378815,1.454219031,2.262118492,0.646319569,,,0.807899461,2.746858169,0.484739677,0.323159785,1.615798923
1187317,8197,1909,0.046461497,0.377160817,0.141435306,0.282870613,0.011656096,37.90466213,82.20858896,2.545835516,37.5,0.094290204,,,,0.188580409,44.44444444,5.280251441,61.20218579,2.734415925,55.76923077,63.31587218,0.990047145,0.235725511,0.518596124,12.02200105,1.838658984,1.367207962,0.942902043,0.424305919,,,,
1076138,9817,1914,0.026783698,0.282131661,0.094043887,0.188087774,0.029661274,35.26645768,86.00917431,2.210031348,52.22222222,0.329153605,0.047021944,,,0.282131661,40,5.26645768,56.56565657,2.210031348,61.84210526,54.26332288,0.752351097,0.423197492,1.504702194,5.26645768,1.269592476,1.410658307,0.235109718,1.504702194,3.432601881,0.094043887,0.376175549,2.351097179
679315,8484,3881,0.029659882,0.440608091,0.231898995,,0.086052497,30.77299665,65.36945813,4.661169802,33.11367381,0.394228292,0.092759598,0.185519196,22.85714286,0.0231899,33.33333333,6.701880959,60.71428571,4.568410204,63.96103896,66.74053079,0.973975779,0.139139397,0.371038392,11.13115177,1.739242463,1.182684875,0.510177789,0.95078588,3.385725329,0.0231899,0.672507086,
819762,8659,3277,0.04816387,0.384498016,0.164784864,0.192249008,0.025360732,47.15593531,86.89271255,2.252059811,40,0.329569728,0.027464144,,,0.411962161,93.75,5.080866646,59.48553055,2.9935917,63.37209302,68.57796765,0.961245041,0.164784864,0.27464144,9.694842844,1.42813549,0.961245041,0.906316753,1.098565761,,,,
807728,8657,1886,0.272662776,2.099681866,0.620360551,0.19088017,0.075752392,9.639448568,67.10963455,0.238600212,83.33333333,0.715800636,0.19088017,0.095440085,12.5,0.668080594,38.88888889,3.960763521,40.09661836,2.290562036,55.17241379,26.72322375,5.344644751,1.288441145,0.381760339,1.765641569,0.668080594,0.047720042,0.19088017,1.622481442,1.861081654,0.715800636,0.19088017,0.858960764
760329,9841,696,0.223564649,1.681034483,1.034482759,,0.139105048,22.88793103,81.56682028,0.387931034,42.85714286,0.905172414,0.129310345,,,2.198275862,53.125,5.172413793,43.01075269,0.129310345,9.090909091,46.93965517,2.974137931,1.939655172,1.681034483,2.456896552,1.163793103,0.517241379,0.129310345,0.517241379,4.137931034,1.034482759,1.163793103,
1127585,10170,1968,0.110272863,0.823170732,0.320121951,0.594512195,0.012419,25.47256098,78.89518414,1.18902439,24.29906542,0.320121951,0.045731707,0.091463415,66.66666667,0.137195122,60,5.030487805,56.70103093,2.789634146,53.50877193,52.27134146,1.600609756,0.137195122,0.548780488,9.740853659,1.600609756,1.417682927,0.548780488,0.68597561,2.881097561,0.045731707,0.548780488,6.173780488
610267,10194,1874,0.007871398,0.144076841,0.048025614,0.048025614,0.038208895,35.58697972,85.07462687,1.824973319,45.78313253,0.144076841,,0.048025614,25,0.288153682,66.66666667,3.986125934,48.82352941,1.104589114,46.93877551,51.91568837,0.288153682,0.144076841,0.768409819,5.37886873,1.824973319,1.104589114,0.336179296,1.632870864,3.93810032,0.288153682,1.056563501,2.113127001
940442,8602,475,0.10436211,1.705263158,0.378947368,,0.063246974,59.87368421,85.40540541,7.768421053,63.07692308,1.326315789,,0.378947368,13.33333333,0.947368421,83.33333333,4.168421053,46.80851064,0.189473684,14.28571429,90.56842105,0.757894737,0.757894737,0.947368421,6.063157895,2.084210526,0.947368421,0.947368421,0.947368421,8.147368421,0.378947368,1.705263158,
1330872,9826,704,0.040269886,0.767045455,0.255681818,,0.05422678,25.82386364,89.77777778,0.639204545,41.66666667,0.255681818,,,,1.534090909,70.58823529,8.053977273,63,0.639204545,55.55555556,47.42897727,1.022727273,2.045454545,1.278409091,7.03125,4.602272727,1.661931818,0.127840909,0.767045455,5.113636364,0.383522727,0.767045455,
789598,8549,3385,0.014264401,0.212703102,0.079763663,,0.019885799,54.47858198,85.375,3.403249631,39.50617284,0.159527326,0.026587888,0.053175775,40,0.23929099,56.25,3.64254062,55.24193548,2.313146233,56.49350649,75.13737075,0.505169867,0.186115214,0.398818316,7.231905465,0.717872969,0.957163959,0.771048744,0.638109306,,,,
768635,8451,1936,0.243292872,1.905991736,0.604338843,0.650826446,0.086334922,11.25,52.04301075,0.185950413,28.57142857,0.976239669,0.13946281,0.13946281,33.33333333,0.55785124,60,9.251033058,40.44715447,6.647727273,39.50276243,37.9803719,3.997933884,0.83677686,1.162190083,3.765495868,0.883264463,0.371900826,0.185950413,2.091942149,,,,
894804,8427,1851,0.041683954,0.38897893,0.243111831,0.243111831,0.040142946,36.95299838,82.34019502,1.166936791,30.37974684,0.583468395,0.097244733,0.048622366,25,0.145867099,33.33333333,7.585089141,75,4.570502431,74.6031746,64.66774716,1.069692058,0.145867099,1.264181524,10.01620746,1.70178282,1.458670989,0.632090762,0.243111831,3.646677472,,0.340356564,6.223662885
689302,9841,1852,0.035859072,0.874730022,0.194384449,,0.060018818,48.25593952,86.49825784,2.818574514,61.05263158,0.826133909,0.048596112,0.242980562,38.46153846,0.728941685,50,5.588552916,54.24528302,1.603671706,56.89655172,71.72786177,0.388768898,0.728941685,1.409287257,4.859611231,1.846652268,1.117710583,0.388768898,0.971922246,6.900647948,0.583153348,1.069114471,1.506479482
1430832,10260,346,0.018182081,0.780346821,,,0.019334401,32.51445087,87.41258741,,,0.260115607,,,,0.780346821,42.85714286,5.202312139,46.51162791,1.820809249,53.84615385,68.41040462,1.300578035,1.300578035,1.040462428,4.682080925,1.560693642,0.520231214,0.260115607,0.520231214,6.76300578,0.260115607,1.560693642,
1218243,8549,1828,0.031539389,0.492341357,0.147702407,0.196936543,0.058812245,60.90262582,87.60623229,2.067833698,42.42424242,0.541575492,0.098468271,0.049234136,20,0.34463895,38.88888889,4.529540481,53.80116959,3.052516411,62.62626263,82.81181619,0.984682713,0.34463895,0.295404814,7.38512035,0.836980306,1.083150985,0.836980306,0.984682713,,,,
302241,8657,1823,0.556815127,2.91278113,1.678551838,0.345584202,0.119991538,10.4662644,67.08860759,0.246845858,71.42857143,1.135490949,0.29621503,0.049369172,25,0.394953374,40,5.183763028,40.22988506,2.468458585,41.66666667,32.63302249,5.282501371,1.826659353,1.678551838,2.172243555,0.641799232,0.345584202,0.049369172,1.431705979,1.530444323,0.789906747,0.493691717,1.135490949
1123949,10194,1815,0.078847936,1.041322314,0.247933884,0.049586777,0.047484238,29.15702479,75.67567568,1.388429752,28.28282828,0.545454545,0.099173554,0.247933884,14.70588235,0.79338843,43.24324324,4.561983471,54.76190476,1.190082645,52.17391304,64.56198347,0.892561983,0.446280992,1.090909091,6.644628099,1.487603306,1.73553719,0.595041322,0.644628099,4.115702479,0.297520661,0.545454545,2.826446281
1096389,9853,2464,0.19692614,1.789772727,0.876623377,,0.156565604,16.65584416,72.03791469,0.657467532,58.06451613,1.205357143,0.328733766,0.219155844,10.34482759,1.753246753,40,5.588474026,38.25,0.657467532,21.68674699,44.48863636,4.711850649,1.716720779,2.045454545,1.862824675,1.168831169,0.328733766,,1.643668831,4.127435065,0.657467532,0.840097403,
712737,10172,2780,0.093250358,1.424460432,0.45323741,0.032374101,0.106756156,13.75899281,71.07023411,0.615107914,38,1.165467626,0.129496403,0.712230216,19.29824561,1.262589928,42.39130435,5.471223022,45.55256065,0.517985612,34.04255319,43.70503597,2.68705036,1.715827338,2.26618705,2.492805755,1.424460432,0.388489209,0.097122302,1.327338129,3.884892086,0.485611511,0.841726619,0.582733813
932308,8667,1848,0.167118504,2.483766234,0.535714286,0.097402597,0.163902106,18.50649351,74.65618861,1.022727273,46.66666667,1.50974026,0.38961039,0.584415584,16.90140845,1.314935065,38.57142857,5.113636364,45.25862069,0.487012987,27.77777778,47.33766234,5.357142857,0.633116883,1.266233766,4.13961039,2.045454545,0.779220779,0.097402597,0.438311688,5.016233766,0.730519481,1.801948052,1.217532468
664826,8658,1411,0.028505316,0.2551382,0.1275691,,0.031701483,61.99858257,90.25069638,3.316796598,52,0.1275691,0.06378455,,,0.06378455,100,5.038979447,63.2,4.145995748,69.89247312,83.7491141,0.6378455,0.06378455,0.44649185,11.73635719,0.5102764,1.339475549,0.956768249,0.7654146,2.934089298,,0.31892275,
776184,8669,1864,0.525490885,3.041845494,1.255364807,0.337982833,0.092861092,12.93991416,70.8994709,0.289699571,31.57894737,0.869098712,0.241416309,0.241416309,20.83333333,0.820815451,45.94594595,4.490343348,39.40677966,1.496781116,35.63218391,36.55042918,4.876609442,1.593347639,1.496781116,2.221030043,0.675965665,0.869098712,0.144849785,1.06223176,4.055793991,0.724248927,0.675965665,0.53111588
768697,8462,1778,0.016132172,0.202474691,0.050618673,,0.048822742,20.85489314,75.45787546,1.214848144,31.57894737,0.658042745,0.050618673,0.303712036,19.35483871,0.455568054,40.90909091,4.55568054,55.21472393,1.062992126,50,50.21372328,0.961754781,0.658042745,0.506186727,6.732283465,2.530933633,1.012373453,0.404949381,0.911136108,3.391451069,0.151856018,0.607424072,2.784026997
262550,8197,1803,0.147219636,1.59733777,0.648918469,0.149750416,0.115929031,27.05490849,83.90092879,1.148086522,52.27272727,0.698835275,0.349417637,0.199667221,15.38461538,0.499168053,45.45454545,2.795341098,38.88888889,0.648918469,34.21052632,44.52579035,2.445923461,1.098169717,0.698835275,2.445923461,0.948419301,0.449251248,0.199667221,0.898502496,4.093178037,0.449251248,0.648918469,0.848585691
1109477,8657,3754,0.088283431,1.126798082,0.215769845,,0.04140197,27.66648908,76.02108037,2.3734683,38.37209302,0.191795418,0.071923282,,,0.215769845,81.81818182,6.976558338,67.51740139,5.202450719,72.33333333,52.45604688,2.013851891,0.119872136,0.479488546,9.805540757,1.126798082,1.222695791,0.935002664,0.887053809,2.876931273,0.047948855,0.431539691,
1113907,10004,1778,0.460321134,2.125984252,0.911136108,0.708661417,0.076334528,8.098987627,64.25702811,0.303712036,75,0.658042745,0.050618673,0.050618673,7.692307692,0.253093363,29.41176471,6.226096738,40.72847682,3.290213723,38.23529412,26.77727784,4.201349831,0.961754781,1.923509561,2.328458943,0.75928009,0.151856018,0.202474691,1.974128234,2.075365579,0.708661417,0.354330709,1.214848144
1203946,10171,1460,,2.95890411,1.171232877,,,10.9109589,59.7972973,0.369863014,66.66666667,1.602739726,0.123287671,,,0.678082192,31.42857143,9.493150685,49.20127796,5.609589041,54.81927711,38.83561644,6.719178082,2.095890411,2.95890411,1.849315068,0.369863014,0.061643836,0.184931507,1.726027397,2.157534247,0.431506849,0.246575342,
491827,9902,1002,0.344326339,1.886227545,1.077844311,,0.041047445,12.93413174,77.00534759,0.988023952,52.38095238,0.449101796,,0.449101796,35.71428571,0.359281437,40,3.053892216,35.78947368,0.538922156,35.29411765,31.16766467,2.964071856,1.526946108,0.718562874,3.233532934,1.437125749,0.538922156,0.179640719,0.808383234,,,,
936603,8411,1917,0.382492934,2.018779343,0.845070423,,0.025346472,7.370892019,71.04072398,0.093896714,100,0.516431925,0.046948357,0.093896714,33.33333333,0.375586854,32,2.910798122,32.46073298,1.03286385,29.33333333,22.95774648,3.098591549,1.314553991,1.079812207,0.892018779,0.422535211,0.046948357,,1.408450704,1.502347418,0.234741784,0.14084507,
872996,10003,1729,0.221887222,2.134181608,0.884904569,0.36437247,0.046765699,19.67611336,80.94218415,0.676691729,40.625,0.832851359,,0.05205321,11.11111111,0.10410642,15.38461538,3.851937536,38.94736842,1.249277039,32.43243243,38.77964141,2.342394448,0.884904569,1.301330249,3.799884326,1.249277039,0.572585309,0.20821284,1.405436669,2.446500868,0.46847889,0.676691729,1.769809138
837847,8600,3289,0.102335664,1.778656126,0.68409851,,0.197178848,31.68744299,86.35346756,1.806020067,64.70588235,1.99756765,0.301003344,0.848282153,17.71428571,1.778656126,51.58730159,4.515050167,43.08093995,0.301003344,27.5,57.9020979,3.721495895,2.134387352,1.395560961,1.587108544,1.067193676,0.273639404,0.054727881,0.875646093,3.995135299,0.68409851,0.574642749,
1152435,10194,1681,0.098657347,1.552647234,0.535395598,0.10707912,0.083440315,28.05472933,78.79699248,2.195121951,50,1.017251636,0.05353956,0.321237359,16.66666667,0.428316478,57.14285714,3.694229625,46.62162162,1.284949435,53.33333333,52.04045211,1.713265913,0.910172516,0.535395598,4.497323022,1.499107674,1.017251636,0.374776919,0.803093397,4.229625223,0.481856038,1.124330756,1.606186794
1579845,9817,1678,0.187407037,2.359952324,0.750893921,0.375446961,0.060503628,17.69964243,76.92307692,0.697258641,52,1.233611442,0.2681764,0.21454112,25,0.697258641,56.52173913,4.934445769,36.8,2.735399285,38.63636364,38.99284863,3.218116806,1.287246722,0.858164482,2.789034565,0.643623361,0.16090584,0.2681764,1.984505364,3.003575685,0.482717521,0.375446961,1.716328963
1252072,10194,1683,0.250122993,1.978609626,0.802139037,0.534759358,0.059072589,16.68449198,71.88940092,0.748663102,63.63636364,1.336898396,0.374331551,0.320855615,25,0.855614973,38.0952381,7.914438503,43.91691395,3.582887701,41.10429448,43.20855615,3.743315508,1.336898396,2.032085561,3.262032086,1.497326203,0.64171123,0.053475936,1.604278075,3.903743316,0.534759358,0.695187166,1.069518717
1662406,6447,2113,0.124040697,1.916706105,0.638902035,,0.092949633,28.19687648,75.74370709,1.874112636,57.14285714,0.894462849,0.255560814,0.212967345,16.66666667,2.001893043,52.80898876,10.13724562,57.62711864,3.705631803,67.44186047,61.12162802,2.513014671,1.490771415,1.362991008,6.261239943,3.066729768,0.979649787,0.212967345,1.746332229,7.496450544,0.638902035,0.638902035,
928440,8411,2423,0.075179527,0.631448617,0.148576145,,0.028783769,29.30664466,80.75742068,1.077177053,38.15789474,0.594304581,,0.185720182,33.33333333,0.4085844,47.82608696,6.314486174,52.95950156,1.374329344,49.33333333,51.07304994,1.151465126,0.594304581,0.891456872,6.797358646,3.677259596,1.040033017,0.334296327,1.597193562,4.23442014,0.297152291,1.634337598,
1113736,8657,2540,0.265227168,2.728346457,1.275590551,,0.052775073,7.795275591,63.76811594,0.177165354,55.55555556,0.602362205,0.035433071,0.106299213,20,0.177165354,23.80952381,4.039370079,36.53846154,2.551181102,37.89473684,23.27952756,3.649606299,0.81496063,0.885826772,1.771653543,0.496062992,0.070866142,0.248031496,1.169291339,0.956692913,0.354330709,0.318897638,
1248057,8653,688,0.119276159,2.093023256,0.130813953,,0.135444663,13.08139535,72.99270073,0.654069767,71.42857143,1.046511628,0.39244186,0.654069767,20,2.747093023,53.84615385,8.63372093,51.5625,1.177325581,36,45.13081395,5.23255814,1.308139535,2.093023256,4.447674419,2.61627907,0.654069767,0.261627907,1.308139535,3.401162791,0.261627907,1.177325581,
541822,8462,1640,0.133589631,1.591463415,0.603658537,0.054878049,0.114066211,39.62195122,83.27566321,2.195121951,50.63291139,1.317073171,0.109756098,0.823170732,20.83333333,0.43902439,44.44444444,3.402439024,42.17687075,0.768292683,33.33333333,64.97560976,1.37195122,1.042682927,0.823170732,3.512195122,1.426829268,0.548780488,0.274390244,0.87804878,6.530487805,0.548780488,0.713414634,1.262195122
1579894,9817,1638,0.200620877,2.417582418,0.934065934,,0.140674533,20.27472527,74.84787018,1.043956044,67.85714286,1.648351648,0.164835165,0.824175824,18.07228916,2.912087912,37.85714286,6.758241758,40.72847682,0.164835165,12.5,59.34065934,4.67032967,2.142857143,1.373626374,3.571428571,2.307692308,0.824175824,0.054945055,0.989010989,5.43956044,0.714285714,0.769230769,0.384615385
1286796,9850,1608,0.390369394,2.406716418,1.119402985,0.391791045,0.072982754,11.75373134,67.74193548,0.279850746,29.41176471,0.78358209,0.055970149,0.111940299,11.76470588,1.623134328,48.33333333,6.100746269,42.578125,2.630597015,46.53465347,35.26119403,5.149253731,1.119402985,0.839552239,1.847014925,1.007462687,0.223880597,0.167910448,2.014925373,2.96641791,0.559701493,0.391791045,0.447761194
289137,10170,353,,0,,,0.03878679,45.12747875,92.1875,2.294617564,64.28571429,0.254957507,,0.509915014,22.22222222,0.509915014,100,4.589235127,72,1.529745042,75,72.66288952,0.509915014,0.254957507,0.764872521,11.98300283,1.78470255,1.274787535,1.274787535,0.509915014,2.549575071,,0.509915014,
586467,8659,1620,0.184016665,2.333333333,0.777777778,0.222222222,0.122945454,25.77777778,78.11447811,0.833333333,44.11764706,1.055555556,0.166666667,0.777777778,18.18181818,1.333333333,36.36363636,4.555555556,40,1,30.50847458,55.94444444,4.388888889,1.388888889,1.444444444,2,0.833333333,0.444444444,0.055555556,0.555555556,5.111111111,0.944444444,0.333333333,0.666666667
982284,8669,1628,0.641869145,4.201474201,1.87960688,1.437346437,0.027707114,9.619164619,62.81588448,0.165847666,60,0.93980344,0.221130221,0.055282555,12.5,0.055282555,10,5.362407862,43.69369369,4.80958231,50.28901734,27.86240786,6.412776413,0.497542998,0.110565111,1.492628993,0.386977887,0.055282555,0.110565111,1.05036855,1.603194103,0.221130221,0.221130221,0.93980344
611489,8655,1576,0.158288073,1.085025381,0.171319797,0.114213198,0.167025512,25.52664975,73.51973684,0.913705584,25.80645161,1.484771574,0.285532995,0.970812183,23.94366197,0.742385787,46.42857143,5.596446701,53.55191257,1.656091371,49.15254237,56.25,2.398477157,0.628172589,0.799492386,5.539340102,2.398477157,1.313451777,0.228426396,1.484771574,5.482233503,0.456852792,0.285532995,1.598984772
445511,8411,1584,0.094602271,0.852272727,0.227272727,0.681818182,0.066173341,26.07954545,73.67576244,2.443181818,34.95934959,0.397727273,,,,0.056818182,100,8.181818182,59.75103734,6.420454545,66.86390533,56.19318182,2.272727273,0.113636364,0.568181818,15.68181818,1.193181818,2.272727273,1.193181818,1.931818182,2.784090909,,0.340909091,11.02272727
1050161,8655,1553,0.366171928,1.680618158,0.753380554,0.753380554,0.07637991,15.41532518,67.00251889,0.405666452,41.17647059,0.927237605,0.115904701,0.05795235,33.33333333,0.347714102,40,5.563425628,37.3540856,3.824855119,37.93103448,34.94526722,4.288473921,1.390856407,1.216999356,1.506761108,0.231809401,0.115904701,0.173857051,1.274951706,3.303283967,0.753380554,0.115904701,0.985189955
904710,8549,2181,0.288676763,2.847317744,0.866574966,0.041265475,0.096825625,16.25859697,81.57349896,0.495185695,66.66666667,1.031636864,0.123796424,,,1.155433287,41.79104478,5.240715268,48.84615385,0.618982118,30.6122449,37.46905089,5.735900963,1.196698762,1.856946355,2.145804677,1.609353508,0.123796424,0.041265475,0.866574966,2.310866575,0.536451169,0.45392022,0.371389271
410836,8667,1230,0.032260975,0.365853659,0.073170732,,0.010632281,51.65853659,86.73218673,2.926829268,47.05882353,0.073170732,,,,0.146341463,66.66666667,3.585365854,55.68181818,2.195121951,58.82352941,69.07317073,0.658536585,0.292682927,0.365853659,5.853658537,0.87804878,0.804878049,0.219512195,0.731707317,3.073170732,0.073170732,0.219512195,
1351566,10003,1541,0.12409604,1.810512654,0.58403634,0.116807268,0.067471137,20.85009734,77.94759825,0.700843608,44.44444444,0.934458144,0.116807268,0.408825438,29.16666667,0.87605451,45.45454545,6.13238157,48.8372093,1.284879948,37.28813559,47.19013628,3.036988968,1.284879948,2.277741726,3.913043478,1.693705386,0.525632706,0.175210902,1.343283582,3.153796236,0.467229072,0.58403634,1.518494484
1052689,10172,1533,0.115913897,2.465753425,0.587084149,0.058708415,0.153098517,19.25636008,78.46889952,1.526418787,63.41463415,1.291585127,0.11741683,0.939334638,25.80645161,1.115459883,54.28571429,4.69667319,43.95604396,0.645792564,31.42857143,44.03131115,3.405088063,1.819960861,1.702544031,2.230919765,1.232876712,0.352250489,0.058708415,0.821917808,3.698630137,0.469667319,1.056751468,0.587084149
1307663,1925,1557,0.296433537,2.369942197,0.98265896,,0.032719267,10.63583815,78.63247863,0.231213873,80,0.751445087,,,,0.346820809,30,3.23699422,35.66878981,1.156069364,29.41176471,25.20231214,4.219653179,0.578034682,1.61849711,0.346820809,0.173410405,0.173410405,,1.502890173,1.61849711,0.520231214,0.173410405,
1119806,8346,758,0.15796306,2.612137203,0.831134565,,0.032530072,15.07915567,69.3989071,0.593667546,38.46153846,0.356200528,0.118733509,0.356200528,9.677419355,2.374670185,58.82352941,7.598944591,47.05882353,2.612137203,61.11111111,48.7994723,6.530343008,3.324538259,1.424802111,2.968337731,1.187335092,0.118733509,0.118733509,1.424802111,3.443271768,0.118733509,0.474934037,
791416,9841,1538,0.458461637,2.399219766,1.11183355,0.99479844,0.044452533,9.479843953,58.69565217,,,0.760728218,0.058517555,0.058517555,25,0.117035111,22.22222222,7.314694408,42.66211604,5.910273082,48.79227053,30.07802341,4.4473342,1.170351105,1.11183355,2.925877763,0.234070221,0.175552666,0.117035111,1.755526658,1.404421326,0.468140442,0.351105332,2.399219766
877690,8658,1536,0.019523438,0.52734375,0.234375,,0.098888807,38.7890625,78.99761337,1.875,29.62962963,1.0546875,0.234375,1.2890625,23.40425532,0.17578125,50,3.8671875,55,1.34765625,46.93877551,77.16796875,0.17578125,0.17578125,1.11328125,5.80078125,1.23046875,1.11328125,0.1171875,0.5859375,2.4609375,,0.703125,3.33984375
982745,8451,1532,0.159567892,1.644908616,1.11618799,0.058746736,0.080422277,7.695822454,66.83673469,0.234986945,66.66666667,0.411227154,0.058746736,,,0.352480418,27.27272727,3.17232376,26.21359223,1.703655352,24.3697479,21.73629243,3.466057441,1.292428198,0.763707572,1.11618799,0.352480418,,,1.057441253,1.527415144,0.646214099,0.352480418,0.763707572
791805,8659,1532,0.278671012,1.821148825,0.704960836,0.176240209,0.071600113,19.21018277,76.94117647,0.234986945,30.76923077,1.233681462,0.117493473,0.058746736,20,0.763707572,48.14814815,4.11227154,36.26943005,1.879895561,34.7826087,39.36031332,3.524804178,1.527415144,0.939947781,1.762402089,0.587467363,0.646214099,0.117493473,1.468668407,2.349869452,0.352480418,0.176240209,0.411227154
618718,8658,1554,0.018828186,0.115830116,0.057915058,0.057915058,0.031530075,27.45173745,81.72413793,0.926640927,40,0.405405405,0.173745174,0.231660232,16,0.752895753,46.42857143,5.444015444,51.64835165,1.332046332,47.91666667,60.81081081,0.984555985,0.984555985,1.737451737,4.517374517,1.621621622,0.868725869,0.115830116,1.274131274,4.401544402,0.405405405,0.579150579,1.911196911
962000,8669,1514,0.236033033,2.318361955,1.07001321,0.594451783,0.120865157,25.56142668,83.01158301,0.832232497,42.42424242,1.42668428,0.118890357,0.297225892,22.72727273,0.416116248,35,6.42007926,52.17391304,2.318361955,53.42465753,48.44782034,3.031704095,1.307793923,2.14002642,3.447820343,1.664464993,0.71334214,0.118890357,1.248348745,3.685601057,0.535006605,0.71334214,0.951122853
733486,8549,1489,0.316613846,2.659503022,0.725319006,0.181329752,0.143202523,36.74949631,84.09405256,0.362659503,40,1.692411014,0.060443251,0.241773002,16,1.027535259,51.51515152,4.412357287,48.99328859,0.846205507,45.16129032,62.92142377,5.9838818,1.269308261,1.20886501,2.35728677,1.329751511,0.423102754,,0.725319006,4.351914036,0.664875756,0.604432505,0.604432505
210128,9817,1526,0.011247051,0.294888598,0.05897772,,0.05428204,31.96592398,83.25652842,2.653997379,61.64383562,0.530799476,0.05897772,0.05897772,14.28571429,0.117955439,33.33333333,3.951507208,55.37190083,0.471821756,33.33333333,50.07208388,0.353866317,0.353866317,1.120576671,5.190039318,2.241153342,1.533420708,0.176933159,1.415465269,4.659239843,0.05897772,0.353866317,1.23853211
429955,9752,2216,0.089138985,0.934115523,0.162454874,,0.054759156,49.75180505,87.75071633,4.305054152,61.98830409,0.649819495,0.162454874,0.040613718,20,0.24368231,46.15384615,3.370938628,47.15909091,1.299638989,45.07042254,66.97202166,1.137184116,0.24368231,0.24368231,4.305054152,1.583935018,0.649819495,0.24368231,0.974729242,,,,
890346,8427,1525,0.063761311,0.413114754,0.059016393,0.236065574,0.064308249,27.67868852,76.13636364,1.53442623,29.21348315,0.590163934,0.059016393,0.354098361,24,0.531147541,56.25,5.016393443,49.41860465,1.416393443,48,60.90491803,1.652459016,0.767213115,1.180327869,9.206557377,1.88852459,1.475409836,0.767213115,1.475409836,3.659016393,0.059016393,0.944262295,5.075409836
496563,8657,1481,0.08663943,0.364618501,0.1215395,0.06076975,0.030735391,36.8264686,86.81948424,1.033085753,47.22222222,0.06076975,,,,0.182309251,42.85714286,3.52464551,59.18367347,1.093855503,56.25,54.69277515,1.033085753,0.182309251,0.303848751,5.712356516,1.944632005,1.033085753,0.486158001,0.607697502,4.071573261,0.303848751,0.668467252,2.248480756
1086712,9902,378,0.019285714,0.238095238,0.238095238,,0.022213814,40.71428571,82.21153846,3.333333333,48.27586207,0.238095238,,,,0.238095238,50,4.047619048,53.125,2.380952381,71.42857143,66.19047619,0.476190476,0.476190476,0.238095238,5.952380952,1.19047619,0.952380952,0.952380952,1.19047619,,,,
1307961,9902,1480,0.192636483,2.736486486,0.72972973,0.060810811,0.127741654,19.76351351,74.20091324,0.668918919,26.19047619,0.972972973,0.182432432,0.790540541,19.6969697,0.972972973,32,3.77027027,34.63687151,0.668918919,34.375,46.58108108,4.135135135,1.337837838,0.668918919,2.432432432,1.459459459,0.304054054,,1.459459459,3.891891892,0.790540541,1.033783784,0.668918919
748456,9850,1470,0.051336736,0.795918367,0.12244898,0.367346939,0.064863171,31.83673469,81.12324493,0.918367347,25.42372881,0.489795918,0.06122449,0.12244898,50,0.06122449,20,5.448979592,56.68789809,2.755102041,54.87804878,54.48979592,2.081632653,0.306122449,0.979591837,6.489795918,1.714285714,0.612244898,0.857142857,0.857142857,,,,
962046,8667,1433,0.042154918,0.690858339,0.188415911,,0.046422596,29.33007676,77.96327212,1.632937893,34.66666667,0.628053036,0.062805304,0.188415911,11.11111111,1.004884857,48.48484848,5.46406141,61.70212766,1.004884857,48.48484848,65.380321,1.004884857,0.125610607,0.753663643,7.473831124,2.700628053,0.87927425,0.314026518,0.251221214,4.270760642,0.188415911,0.87927425,3.579902303
728123,8197,130,,0,,,0.136976247,47.07692308,89.47368421,0.692307692,33.33333333,1.384615385,0.692307692,0.692307692,20,2.076923077,75,2.769230769,50,,,71.30769231,2.076923077,0,,6.923076923,0.692307692,3.461538462,1.384615385,0.692307692,1.384615385,,1.384615385,1.384615385
841150,10170,1468,0.224558588,1.961852861,0.551771117,0.367847411,0.113816002,15.44959128,71.18644068,1.410081744,50,0.980926431,0.183923706,0.245231608,23.52941176,1.103542234,62.06896552,4.782016349,44.31818182,1.961852861,42.10526316,37.45912807,2.697547684,1.164850136,1.226158038,2.636239782,0.490463215,0.367847411,0.061307902,0.919618529,3.310626703,0.613079019,0.551771117,1.716621253
862284,8658,1399,0.006767691,0.257326662,0.064331665,,0.251438809,30.68620443,70.77151335,2.637598284,31.29770992,1.99428163,0.385989993,2.70192995,35,0.321658327,71.42857143,4.953538242,59.23076923,1.672623302,52,75.91136526,0.192994996,0.385989993,0.900643317,5.982844889,2.058613295,0.643316655,0.192994996,0.643316655,3.152251608,0.128663331,0.70764832,3.087919943
198265,10004,1427,0.037393832,0.693763139,0.189208129,0.189208129,0.093633477,21.75893483,62.84153005,2.3966363,28.35820896,0.630693763,0.189208129,0.315346882,14.28571429,0.189208129,42.85714286,6.748423266,57.21925134,2.459705676,52.7027027,62.81709881,1.639803784,0.441485634,1.135248774,8.135949544,3.027330063,1.009110021,0.315346882,1.576734408,3.468815697,0.189208129,0.693763139,3.784162579
956169,10004,1404,0.027852563,0.641025641,0.128205128,,0.241081424,30.06410256,73.28125,4.615384615,41.37931034,2.948717949,0.512820513,3.653846154,40.42553191,0.833333333,59.09090909,4.038461538,49.60629921,1.282051282,64.51612903,71.28205128,0.448717949,0.705128205,0.256410256,4.935897436,1.666666667,1.08974359,0.192307692,1.41025641,6.538461538,0.320512821,0.705128205,1.987179487
1592161,10172,1441,0.023689799,0.749479528,0.124913255,,0.040711335,36.28730049,81.0320781,3.185287994,61.44578313,0.687022901,0.124913255,0.187369882,13.63636364,0.249826509,50,2.498265094,40.4040404,0.93684941,50,58.0222068,0.624566273,0.749479528,0.187369882,3.684941013,1.124219292,0.687022901,0.312283137,1.249132547,3.560027759,0.249826509,0.499653019,1.561415684
608535,8346,3436,0.281035203,1.519208382,0.654831199,,0.038024375,9.324796275,72.65306122,0.26193248,52.63157895,0.628637951,0.104772992,0.078579744,20,0.340512224,36.11111111,2.645518044,28.29131653,1.204889406,27.21893491,23.05005821,3.300349243,1.257275902,0.811990687,1.100116414,0.366705471,0.183352736,0.026193248,1.178696158,2.095459837,0.628637951,0.445285215,
489627,8351,946,0.05284884,0.665961945,,,0.010360886,24.45031712,76.03550296,0.665961945,21.875,0.190274841,,,,0.095137421,25,5.422832981,50.89285714,1.712473573,50,46.80761099,1.617336152,0.761099366,0.665961945,6.56448203,2.949260042,0.951374207,0.570824524,1.997885835,4.281183932,0.380549683,0.761099366,
614956,8655,1502,0.019120506,0.299600533,0.059920107,0.059920107,0.084954195,24.62716378,71.60278746,1.078561917,28.57142857,0.898801598,0.119840213,0.719041278,21.81818182,0.119840213,20,4.494007989,58.59375,1.55792277,57.77777778,56.14513981,0.778961385,0.419440746,1.318242344,5.5126498,1.498002663,0.778961385,0.479360852,0.778961385,3.535286285,0.059920107,0.359520639,2.7563249
202181,8658,1332,0.115337839,0.743243243,0.27027027,0.337837838,0.084374088,50.13513514,89.18269231,3.040540541,52.3255814,0.405405405,0.067567568,,,0.067567568,20,6.891891892,66.23376623,4.932432432,66.36363636,75.06756757,1.283783784,0,1.081081081,9.662162162,0.878378378,0.743243243,1.216216216,0.540540541,,,,
1081241,9850,1295,0.012016216,0.486486486,0.069498069,,0.096967991,31.13513514,74.41860465,1.38996139,25.97402597,0.486486486,0.208494208,0.347490347,22.72727273,0.764478764,64.70588235,5.49034749,48.46625767,1.667953668,36.92307692,70.47104247,1.459459459,0.972972973,0.903474903,5.768339768,2.154440154,0.625482625,0.416988417,0.764478764,3.335907336,,0.903474903,2.571428571
199276,9818,1833,0.354363329,2.94599018,1.276595745,,0.160583634,13.89525368,60.59957173,0.343698854,35,1.522094926,0.343698854,0.098199673,20,0.343698854,38.88888889,7.757774141,50.96774194,6.284779051,63.05418719,37.31587561,5.499181669,1.080196399,0.5400982,3.682487725,0.687397709,0.294599018,0.294599018,2.209492635,1.865793781,0.638297872,0.245499182,
693575,9841,1325,0.024520755,0.271698113,,0.271698113,0.004957091,32.06037736,80.96054889,2.105660377,35.22727273,0.067924528,,,,,,5.026415094,59.2,4.550943396,66.33663366,53.0490566,0.747169811,0,0.339622642,10.39245283,0.135849057,0.950943396,1.154716981,0.543396226,1.630188679,,0.611320755,8.150943396
1364042,1070259,2437,0.189228968,1.66187936,0.553959787,,0.074798812,8.715633976,72.83950617,0.184653262,33.33333333,0.664751744,0.073861305,0.14772261,10.25641026,1.070988921,33.33333333,3.877718506,35.23489933,0.258514567,15.90909091,29.21214608,4.062371769,1.403364793,0.701682396,2.695937628,1.846532622,0.369306524,0.073861305,1.218711531,2.806729586,0.664751744,1.034058268,
863822,8669,1275,0.046440002,0.423529412,,0.141176471,0.016004068,48.70588235,88.01020408,1.976470588,42.42424242,0.141176471,,0.070588235,33.33333333,,,4.235294118,50.42016807,2.682352941,46.34146341,68.54117647,1.411764706,0.211764706,0.917647059,7.976470588,0.635294118,0.776470588,0.988235294,0.635294118,2.470588235,,0.211764706,5.576470588
1113915,9902,1271,0.277208492,2.124311566,0.920535012,0.283241542,0.209126287,18.76475216,75.4985755,0.424862313,35.29411765,1.628638867,0.424862313,0.495672699,19.44444444,0.424862313,17.64705882,5.452399685,45.29411765,0.920535012,44.82758621,46.09756098,5.877261998,0.991345397,1.982690795,3.186467349,2.195121951,0.141620771,0.212431157,1.699449253,3.894571204,0.495672699,0.920535012,0.63729347
1231794,8427,1261,0.035015067,0.142743854,0.071371927,0.071371927,0.01142343,54.45678033,88.8242142,1.641554322,37.70491803,0.071371927,,,,,,4.068199841,63.33333333,2.283901665,69.56521739,72.44250595,0.499603489,0.142743854,0.499603489,7.208564631,1.284694687,1.070578906,0.642347343,0.927835052,2.712133228,0.071371927,0.142743854,4.210943695
823127,282326,1382,0.25524963,1.628075253,0.651230101,,0.068336413,6.903039074,67.08860759,0.390738061,42.85714286,0.716353111,0.19536903,0.13024602,15.38461538,0.325615051,50,2.604920405,28.36879433,0.586107091,14.51612903,22.79305355,3.321273517,1.432706223,1.041968162,1.302460203,0.651230101,0.13024602,,0.911722142,2.214182344,0.260492041,0.455861071,
1359536,9850,1310,0.216048095,1.580152672,0.549618321,0.06870229,0.173166559,25.90076336,78.37837838,0.961832061,63.63636364,1.717557252,0.27480916,0.34351145,14.70588235,0.893129771,31.70731707,5.427480916,45.66473988,0.618320611,29.03225806,54.41221374,5.221374046,1.442748092,1.992366412,3.297709924,1.923664122,0.824427481,0.13740458,0.755725191,5.015267176,0.893129771,0.961832061,0.41221374
1197626,9826,253,0.030486165,1.067193676,0.711462451,,0.183084174,21.69960474,80.26315789,0.355731225,20,1.778656126,,1.778656126,50,3.913043478,64.70588235,11.73913043,63.46153846,2.490118577,63.63636364,65.81027668,1.778656126,1.778656126,2.490118577,5.335968379,2.845849802,,,1.067193676,2.845849802,,0.355731225,
247761,9841,1713,0.022334501,0.105078809,0.105078809,0.105078809,0.027089566,51.27845884,91.47141518,2.3117338,46.80851064,0.052539405,,,,0.052539405,50,1.523642732,44.61538462,0.683012259,37.14285714,64.41330998,0.420315236,0.157618214,0.105078809,6.357267951,0.683012259,0.683012259,1.260945709,0.420315236,,,,
551961,8411,1258,0.006746423,0.143084261,,0.07154213,0.125628206,15.73926868,69.18238994,1.216216216,30.35714286,1.144674086,0.143084261,1.216216216,23.94366197,1.001589825,46.66666667,3.791732909,39.25925926,1.216216216,37.77777778,43.06836248,0.715421304,0.429252782,0.214626391,5.508744038,1.359300477,0.429252782,0.500794913,1.788553259,,,,
240538,8657,1254,0.041260768,0.43062201,,0.14354067,0.050215406,33.66028708,78.29716194,2.440191388,32.0754717,0.215311005,0.071770335,0.215311005,37.5,,,5.526315789,66.37931034,4.5215311,68.47826087,57.70334928,1.220095694,0.215311005,0.43062201,9.832535885,0.574162679,1.004784689,0.43062201,0.358851675,2.870813397,0.071770335,0.14354067,7.822966507
259809,10003,1254,0.025112441,0.645933014,0.14354067,0.215311005,0.037867987,39.40191388,80.97345133,0.645933014,22.5,0.28708134,,,,0.43062201,66.66666667,4.593301435,56.63716814,1.866028708,61.9047619,61.79425837,0.933014354,0.43062201,0.645933014,6.172248804,1.650717703,1.363636364,0.861244019,1.507177033,3.803827751,0.215311005,0.28708134,2.296650718
1460176,9850,1255,0.082168924,1.434262948,0.430278884,0.071713147,0.159208524,36.07171315,79.9682035,2.007968127,44.44444444,1.93625498,0.143426295,1.792828685,34.24657534,0.645418327,42.85714286,4.374501992,39.86928105,1.147410359,30.76923077,65.68924303,1.93625498,0.788844622,0.501992032,4.589641434,2.079681275,0.717131474,0.28685259,1.577689243,4.087649402,0.573705179,0.788844622,1.505976096
538499,10270,2069,0.138323342,1.696471725,0.652489125,,0.099124012,27.10004833,82.40740741,1.30497825,41.09589041,1.000483325,0.08699855,1.0439826,33.8028169,0.391493475,50,2.609956501,46.51162791,0.5219913,50,46.71822136,1.435476075,0.304494925,0.78298695,3.131947801,0.913484775,0.739487675,0.304494925,1.2179797,4.088931851,0.304494925,0.565490575,
1368061,10252,1058,0.043928165,1.105860113,0.255198488,,0.084733873,28.07183365,79.51807229,1.190926276,33.33333333,1.786389414,0.170132325,0.765595463,14.28571429,1.190926276,33.33333333,5.869565217,43.39622642,1.446124764,50,69.24385633,1.190926276,1.361058601,1.020793951,7.230623819,2.211720227,0.935727788,0.255198488,1.616257089,4.083175803,0.425330813,0.935727788,
824717,9850,1229,0.010413344,0.146460537,,0.073230269,0.017772396,51.6273393,86.60933661,3.807973963,50,0.219690806,,,,0.292921074,100,3.588283157,56.97674419,2.343368592,56.14035088,72.57119609,0.732302685,0.219690806,0.51261188,8.86086249,0.439381611,1.025223759,1.391375102,0.219690806,2.782750203,,0.439381611,6.004882018
1075463,10194,1171,0.072853117,0.614859095,,0.153714774,0.033031221,37.4295474,80.49586777,2.152006832,34.56790123,0.307429547,,,,0.076857387,25,6.456020495,60.86956522,2.613151153,66.66666667,70.47822374,1.152860803,0.614859095,0.768573868,11.45175064,2.997438087,1.383432963,0.922288642,1.22971819,4.227156277,0.230572161,0.768573868,6.148590948
962002,8657,1208,0.101197845,1.341059603,0.59602649,0.447019868,0.244323343,25.48013245,66.796875,3.129139073,38.88888889,2.086092715,0.298013245,1.862582781,28.40909091,0.447019868,46.15384615,7.822847682,66.87898089,3.725165563,62.5,72.86423841,2.011589404,0.223509934,1.78807947,8.642384106,1.937086093,2.086092715,0.670529801,0.447019868,4.246688742,0.298013245,0.521523179,3.948675497
1111391,9850,1192,0.071365769,1.283557047,0.453020134,,0.120332555,23.40604027,75.24271845,1.283557047,36.17021277,1.736577181,0.302013423,1.132550336,20.83333333,0.52852349,38.88888889,3.850671141,45.13274336,0.755033557,33.33333333,52.47483221,1.812080537,1.132550336,0.906040268,4.152684564,1.661073826,0.679530201,0.226510067,0.906040268,3.624161074,0.453020134,0.302013423,1.58557047
761834,9841,1155,0.162070132,2.103896104,1.090909091,0.077922078,0.075627329,30.15584416,79.79381443,1.246753247,42.10526316,1.090909091,,0.545454545,23.33333333,0.38961039,23.80952381,6.779220779,50.87719298,1.792207792,53.48837209,60.23376623,2.415584416,1.168831169,1.558441558,5.376623377,3.038961039,0.935064935,0.155844156,1.558441558,4.831168831,0.623376623,1.168831169,1.246753247
1249634,1070259,987,0.004978723,0.182370821,0.09118541,,0.215704303,34.65045593,82.07343413,1.458966565,37.20930233,1.458966565,0.364741641,1.732522796,38.7755102,0.182370821,22.22222222,3.556231003,36.44859813,0.820668693,30,67.38601824,1.094224924,1.094224924,1.003039514,4.559270517,1.550151976,0.820668693,0.09118541,1.185410334,3.191489362,0.182370821,1.367781155,
110911,10170,1145,0.066882969,0.23580786,0.07860262,,0.068632673,26.01746725,68.81496881,2.986899563,30.64516129,0.471615721,0.07860262,0.3930131,19.23076923,0.23580786,60,3.930131004,60.24096386,2.043668122,56.52173913,61.70305677,0.628820961,0.07860262,0.3930131,8.096069869,1.257641921,1.729257642,0.15720524,0.3930131,3.458515284,0.15720524,0.471615721,4.951965066
866163,8462,1133,0.06591527,0.873786408,0.238305384,0.476610768,0.007130956,35.66637246,80.32200358,1.827007944,33.82352941,0.158870256,0.079435128,0.079435128,100,0.079435128,100,6.751985878,75.22123894,5.322153575,77.90697674,60.68843778,2.065313327,0.158870256,0.317740512,11.75639894,1.032656664,1.270962048,1.112091792,0.476610768,3.495145631,,0.079435128,8.340688438
191175,8655,1139,0.039887622,0.790166813,0.237050044,,0.037624672,41.08867428,84.82871126,2.44951712,58.49056604,0.395083406,0.079016681,0.237050044,21.42857143,0.474100088,54.54545455,5.45215101,62.16216216,1.027216857,52,63.84547849,0.395083406,0.316066725,1.185250219,6.005267779,2.765583845,1.027216857,0.237050044,0.869183494,5.926251097,0.474100088,0.869183494,1.975417032
801120,9875,1976,0.031322367,0.546558704,0.045546559,,0.033640341,28.64878543,85.92896175,1.093117409,48.97959184,0.592105263,,0.091093117,20,1.275303644,59.57446809,4.873481781,49.53703704,0.592105263,37.14285714,49.64574899,0.728744939,0.774291498,1.002024291,5.237854251,2.004048583,1.275303644,0.455465587,1.093117409,4.873481781,0.546558704,1.275303644,
1055316,9850,1235,0.15944939,1.821862348,1.311740891,0.145748988,0.164491265,25.2145749,75.71115974,0.801619433,36.66666667,1.384615385,0.218623482,0.145748988,13.33333333,1.238866397,53.125,5.392712551,42.77456647,2.04048583,43.75,52.39676113,4.153846154,1.967611336,0.510121457,2.769230769,1.603238866,0.728744939,0.072874494,1.165991903,,,,
492045,8462,1118,0.144603751,2.8980322,0.805008945,,0.257696124,10.54561717,60.36866359,1.610017889,40.81632653,2.093023256,0.72450805,1.851520572,17.29323308,1.4490161,38.29787234,5.152057245,49.23076923,0.402504472,35.71428571,47.01252236,3.139534884,1.046511628,2.495527728,1.771019678,0.805008945,0.483005367,,0.483005367,3.62254025,0.483005367,0.72450805,0.483005367
1165457,9850,1118,0.414024133,2.817531306,1.4490161,0.805008945,0.068147235,10.86762075,67.5,0.161001789,20,1.127012522,0.080500894,0.161001789,22.22222222,0.72450805,33.33333333,5.95706619,40,2.334525939,34.93975904,33.89087657,5.635062612,1.288014311,2.093023256,2.012522361,0.885509839,0.241502683,,1.368515206,2.978533095,0.644007156,0.483005367,0.885509839
1184745,10003,1084,0.101540595,1.411439114,0.498154982,0.08302583,0.156113047,21.42066421,77.94561934,0.332103321,44.44444444,1.328413284,0.166051661,0.166051661,11.11111111,2.241697417,43.5483871,7.057195572,42.5,1.328413284,32.65306122,50.72878229,4.649446494,1.162361624,2.158671587,2.905904059,1.328413284,0.415129151,,2.490774908,4.898523985,0.498154982,0.249077491,1.162361624
930184,8655,1092,0.311777461,1.153846154,0.576923077,0.164835165,0.024267571,9.972527473,69.94219653,0.247252747,37.5,0.247252747,0.082417582,0.164835165,16.66666667,0.082417582,12.5,1.401098901,20,0.741758242,16.07142857,23.73626374,3.131868132,0.741758242,0.247252747,1.730769231,0.32967033,,0.32967033,0.247252747,2.637362637,0.247252747,0.164835165,1.071428571
1433032,8658,1083,0.123914124,1.246537396,0.498614958,0.166204986,0.022362042,40.38781163,84.96503497,1.828254848,55,0.249307479,,,,0.747922438,50,5.40166205,49.61832061,1.662049861,48.7804878,63.98891967,1.412742382,0.831024931,1.163434903,4.986149584,1.828254848,0.747922438,0.332409972,1.412742382,6.232686981,0.249307479,0.831024931,2.077562327
1186446,1957,2397,0.199347928,1.276595745,0.563204005,,0.10573191,12.84105131,60.85409253,0.375469337,66.66666667,1.051314143,0.075093867,0.112640801,20,0.638297872,51.51515152,5.63204005,45.18072289,3.266583229,48.60335196,33.97997497,5.744680851,1.53942428,1.163954944,2.102628285,0.600750939,0.187734668,,1.276595745,,,,
1132342,9826,3206,0.084163757,0.982532751,0.449157829,,0.215431441,11.28509046,61.2804878,1.066749844,34.23423423,1.23518403,0.280723643,0.982532751,23.33333333,2.049282595,43.71257485,6.484716157,47.72727273,1.03867748,42.04545455,45.84217093,4.210854648,1.459762944,1.656269495,3.930131004,1.740486588,0.729881472,0.084217093,0.701809108,4.154709919,0.505302558,0.982532751,
185326,8427,1173,0.027529411,0.84398977,0.306905371,,0.058772523,56.31713555,87.48510131,1.918158568,36.76470588,0.383631714,,,,0.153452685,50,3.222506394,42,0.613810742,28.57142857,75.19181586,0.153452685,0.767263427,0.767263427,4.603580563,1.68797954,0.997442455,0.383631714,1.457800512,5.601023018,0.230179028,0.537084399,1.534526854
968944,10004,1062,0.339466111,1.271186441,0.762711864,0.084745763,0.089566142,31.27118644,84.82758621,1.186440678,51.85185185,1.186440678,0.084745763,0.593220339,38.88888889,0.423728814,71.42857143,4.152542373,50.51546392,1.271186441,42.85714286,51.69491525,2.118644068,0.93220339,0.847457627,3.898305085,1.610169492,0.677966102,0.254237288,0.93220339,4.661016949,0.423728814,0.423728814,1.355932203
1288332,1113543,583,,1.234991424,0.77186964,,,21.76672384,82.94117647,0.617495712,66.66666667,0.926243568,,0.154373928,20,2.315608919,48.38709677,6.79245283,44.89795918,,,51.71526587,4.939965695,3.859348199,2.778730703,1.852487136,1.698113208,0.154373928,,1.698113208,2.933104631,0.617495712,0.308747856,
1526543,10172,1051,0.253609901,2.568981922,0.856327307,0.342530923,0.026390392,14.04376784,71.92982456,0.513796384,40,0.428163654,,0.085632731,7.142857143,0.171265461,14.28571429,4.538534729,36.80555556,1.541389153,25.35211268,34.85252141,3.51094196,1.027592769,2.226450999,2.483349191,0.685061846,0.256898192,0.171265461,1.1132255,3.596574691,0.599429115,0.085632731,1.370123692
866688,8669,1072,0.0609347,0.587686567,,0.587686567,0.041733946,43.82462687,88.3248731,1.930970149,39.65517241,0.503731343,,0.083955224,100,0.083955224,100,4.53358209,65.85365854,3.274253731,69.64285714,63.47014925,1.679104478,0.083955224,0.083955224,9.486940299,1.09141791,0.923507463,1.09141791,0.671641791,3.190298507,,0.251865672,6.380597015
1518436,10194,1883,0.049449815,1.194901753,0.334572491,,0.020296247,31.16303771,80.69306931,2.342007435,56.97674419,0.477960701,,,,1.290493893,62.79069767,8.412108338,63.30935252,1.768454594,68.51851852,56.20817844,0.621348911,0.669144981,2.389803505,5.974508763,2.963356346,0.812533192,0.334572491,1.768454594,6.739245884,0.19118428,0.908125332,
1116942,9850,1037,0.050189971,1.041465767,0.173577628,0.173577628,0.042516306,38.70781099,83.36448598,1.388621022,48.48484848,0.694310511,0.173577628,,,0.520732883,46.15384615,4.426229508,51.51515152,1.475409836,53.125,60.05785921,1.56219865,1.128254581,0.433944069,4.946962392,1.996142719,1.475409836,0.173577628,0.781099325,5.728061716,0.520732883,0.433944069,1.301832208
1336906,8466,1027,0.252438167,1.577409932,0.438169426,0.262901655,0.095603352,26.11489776,79.04509284,0.613437196,33.33333333,0.788704966,0.35053554,0.262901655,13.63636364,0.613437196,33.33333333,5.871470302,47.18309859,1.840311587,45.65217391,51.70399221,2.891918208,0.963972736,2.103213242,3.417721519,1.314508277,0.438169426,0.262901655,1.489776047,3.330087634,0.438169426,0.701071081,1.402142162
662728,8411,1031,0.042503395,0.872938894,0.261881668,,0.108568589,32.90979631,80.04246285,1.48399612,34.69387755,1.047526673,0.261881668,0.523763337,26.08695652,0.087293889,16.66666667,4.53928225,53.06122449,1.047526673,57.14285714,55.43161979,0.436469447,0.611057226,2.095053346,4.451988361,1.396702231,0.611057226,0.436469447,1.658583899,3.666343356,0.087293889,0.523763337,2.007759457
1086842,8549,1026,0.046631579,0.964912281,0.263157895,,0.06771142,30.78947368,81.62790698,0.789473684,27.27272727,0.789473684,0.175438596,0.438596491,12.19512195,0.701754386,25.80645161,5.877192982,45.57823129,1.315789474,45.45454545,63.33333333,2.543859649,1.315789474,1.929824561,4.473684211,1.929824561,0.438596491,0.263157895,0.964912281,3.684210526,0.175438596,1.315789474,1.842105263
1123933,10170,1027,0.028235638,0.35053554,0.087633885,,0.017512867,33.21324245,85.16853933,1.840311587,52.5,0.35053554,,0.087633885,33.33333333,0.438169426,55.55555556,3.505355404,50,0.525803311,35.29411765,51.35345667,0.438169426,0.788704966,1.139240506,4.381694255,1.402142162,0.788704966,0.525803311,1.139240506,5.608568647,0.35053554,0.35053554,1.665043817
819872,8653,1016,0.295228339,1.86023622,0.62007874,0.177165354,0.027224973,9.566929134,70.58823529,0.531496063,66.66666667,0.62007874,,0.088582677,14.28571429,0.265748031,33.33333333,2.746062992,32.29166667,0.088582677,4.761904762,27.99212598,2.037401575,0.974409449,1.417322835,2.480314961,0.974409449,0.354330709,0.088582677,2.214566929,2.746062992,0.885826772,0.265748031,1.062992126
212714,9817,1013,0.308274432,3.198420533,1.332675222,,0.129767348,25.23198421,84.02366864,1.510365252,56.66666667,1.510365252,0.17769003,0.977295163,32.35294118,0.266535044,25,3.109575518,55.55555556,0.355380059,30.76923077,47.35439289,2.665350444,0.444225074,1.332675222,2.665350444,1.154985192,0.799605133,0.17769003,0.355380059,3.198420533,0.621915104,0.088845015,0.533070089
1086647,8466,997,0.499342026,2.708124373,1.083249749,0.090270812,0.136932307,14.80441324,76.99530516,0.180541625,50,0.992978937,0.180541625,0.090270812,20,0.812437312,30,3.520561685,29.54545455,0.541624875,14.63414634,38.36509529,4.784353059,1.444332999,0.992978937,1.624874624,1.173520562,,,1.624874624,2.97893681,0.541624875,0.451354062,0.451354062
1420934,10172,1301,0.067164489,0.553420446,,0.276710223,0.003543193,41.43735588,84.84419263,1.798616449,35.13513514,0.069177556,,,,,,2.697924673,54.92957746,1.45272867,58.33333333,61.49884704,0.760953113,0.069177556,0.276710223,9.200614912,1.037663336,1.245196003,0.691775557,0.830130669,2.352036895,,0.276710223,6.225980015
826089,8658,1007,0.477795449,2.859980139,0.804369414,0.268123138,0.006994226,5.183714002,63.73626374,0.178748759,50,0.446871897,0.089374379,,,0.357497517,33.33333333,2.323733863,27.36842105,0.446871897,16.12903226,21.6285998,4.468718967,1.251241311,0.804369414,1.608738828,0.714995035,0.536246276,,1.698113208,1.608738828,0.714995035,0.178748759,0.357497517
1799263,10163,992,0.032534273,0.544354839,0.090725806,,0.021159554,30.66532258,82.23844282,1.360887097,46.875,0.362903226,,0.090725806,14.28571429,0.453629032,55.55555556,2.8125,43.66197183,0.272177419,27.27272727,47.8125,0.362903226,0.362903226,0.725806452,3.810483871,1.360887097,1.451612903,0.272177419,1.54233871,3.991935484,0.090725806,0.635080645,0.725806452
1229177,8658,992,0.196757055,1.723790323,0.907258065,0.090725806,0.108681379,18.87096774,75.63636364,0.453629032,26.31578947,1.088709677,0.181451613,1.088709677,17.91044776,0.635080645,29.16666667,4.35483871,37.79527559,0.816532258,24.32432432,49.62701613,4.264112903,1.179435484,1.451612903,2.903225806,1.451612903,0.635080645,0.090725806,0.907258065,4.536290323,0.816532258,1.088709677,0.725806452
1285497,10004,990,0.039245454,0.909090909,0.181818182,,0.016583524,27.36363636,83.61111111,1,55,0.363636364,,,,0.363636364,66.66666667,4.363636364,54.54545455,0.909090909,45.45454545,44.72727273,0.181818182,0.454545455,0.818181818,5.363636364,2.272727273,1.272727273,,1.181818182,5,0.090909091,0.727272727,1.818181818
1602352,10204,1990,0.106032664,1.447236181,0.316582915,,0.07515032,28.94472362,80.60453401,1.130653266,65.78947368,0.768844221,0.090452261,0.180904523,11.42857143,2.035175879,40.17857143,8.728643216,48.98477157,0.768844221,33.33333333,62.90954774,2.623115578,2.306532663,3.211055276,4.748743719,2.75879397,1.175879397,0.045226131,1.537688442,5.246231156,0.497487437,0.904522613,
956736,10170,984,0.018082317,0.640243902,,,0.158674121,24.69512195,76.27118644,1.554878049,37.77777778,1.463414634,0.274390244,0.823170732,15.25423729,0.457317073,45.45454545,5.304878049,59.79381443,1.829268293,55.55555556,63.01829268,1.280487805,0.548780488,0.823170732,9.054878049,2.195121951,1.280487805,0.274390244,0.640243902,,,,
1118192,8466,978,0.009791411,0.36809816,,,0.10909154,33.49693252,81.25,2.208588957,40.6779661,1.288343558,0.09202454,0.460122699,14.28571429,0.828220859,64.28571429,6.165644172,50.75757576,2.024539877,47.82608696,64.78527607,1.104294479,0.736196319,0.552147239,7.17791411,2.760736196,1.380368098,0.36809816,1.840490798,3.957055215,0.27607362,0.736196319,2.668711656
614176,8462,969,0.072845198,1.207430341,0.464396285,0.278637771,0.139928923,26.37770898,80,1.300309598,60.86956522,1.393188854,0.278637771,0.743034056,20,0.650154799,26.92307692,6.687306502,52.17391304,1.021671827,50,58.14241486,3.157894737,1.486068111,2.600619195,4.829721362,2.414860681,0.278637771,0.185758514,0.92879257,5.015479876,0.835913313,0.92879257,1.950464396
798629,8462,972,0.037731481,0.37037037,,0.277777778,0.020537505,29.81481481,79.11547912,2.037037037,37.93103448,0.092592593,,0.092592593,100,0.37037037,100,4.351851852,56.62650602,2.87037037,51.66666667,51.2962963,1.388888889,0,0.555555556,9.537037037,0.555555556,0.740740741,0.648148148,0.648148148,3.796296296,,,7.592592593
1280022,8655,970,0.082382474,0.742268041,0.278350515,0.092783505,0.167077532,15.40206186,66.93548387,0.463917526,26.31578947,1.206185567,0.278350515,1.948453608,24.70588235,0.649484536,43.75,4.175257732,42.85714286,0.649484536,17.5,45.27835052,1.762886598,0.463917526,0.18556701,4.453608247,2.690721649,0.463917526,,0.371134021,4.268041237,0.742268041,0.835051546,1.298969072
287892,8427,793,0.133989917,1.5889029,0.453972257,,0.141002936,21.45018916,78.42323651,0.113493064,8.333333333,1.5889029,0.226986129,0.680958386,19.35483871,1.248423707,39.28571429,5.334174023,39.49579832,1.021437579,27.27272727,48.23455233,2.269861286,1.361916772,1.134930643,3.404791929,1.929382093,0.226986129,0.113493064,1.134930643,4.426229508,0.680958386,1.134930643,
1215410,10204,779,0.250405635,2.195121951,0.693196406,0.231065469,0.171273996,18.60077022,78.92156863,0.462130937,50,1.964056483,0.115532734,0.231065469,9.523809524,2.310654685,39.21568627,6.123234917,41.08527132,0.80872914,38.88888889,47.25288832,7.047496791,2.541720154,1.964056483,2.42618742,1.155327343,0.693196406,,0.80872914,4.967907574,1.039794608,0.693196406,0.577663671
570760,8451,946,0.085138474,0.570824524,0.190274841,0.285412262,0.020675917,18.07610994,61.68831169,0.951374207,17.85714286,0.380549683,0.095137421,0.095137421,9.090909091,0.095137421,50,4.661733615,49.49494949,2.949260042,52.54237288,53.94291755,1.807610994,0.475687104,0.761099366,10.0845666,0.951374207,1.427061311,0.665961945,1.427061311,,,,
1174648,10170,963,0.043738317,1.028037383,0.186915888,,0.09188871,14.39252336,67.84140969,1.588785047,34.69387755,0.46728972,0.093457944,0.934579439,14.08450704,0.280373832,30,2.336448598,42.37288136,0.373831776,20,45.04672897,1.121495327,0.280373832,,5.794392523,1.682242991,0.280373832,0.093457944,0.373831776,2.523364486,0.373831776,0.373831776,3.738317757
1419287,8466,944,0.049433266,0.572033898,,0.190677966,0.010309283,57.29872881,88.64306785,2.097457627,37.28813559,0.476694915,0.095338983,,,0.381355932,66.66666667,4.099576271,57.33333333,2.19279661,58.97435897,80.08474576,0.858050847,0.095338983,0.381355932,7.245762712,1.144067797,1.048728814,0.476694915,1.048728814,3.622881356,,0.286016949,4.576271186
556952,8659,941,0.047534539,0.573857598,0.382571732,0.573857598,0.017464778,49.82996812,85.97359736,2.869287991,58.82352941,0.286928799,,,,0.191285866,66.66666667,7.747077577,60.90225564,4.782146652,66.66666667,75.84484591,1.434643996,0.286928799,0.765143464,10.04250797,2.008501594,2.008501594,0.669500531,1.530286929,4.208289054,0.382571732,0.669500531,5.356004251
1231090,8667,934,0.227900419,3.565310493,1.349036403,,0.157244739,18.50107066,68.57142857,1.059957173,42.30769231,1.927194861,0.481798715,0.867237687,21.95121951,2.119914347,44.89795918,5.781584582,39.21568627,0.481798715,16.12903226,56.08137045,4.625267666,1.349036403,0.867237687,5.299785867,2.312633833,1.638115632,,1.25267666,5.588865096,0.770877944,1.25267666,1.349036403
676504,10172,944,0.229356989,3.050847458,1.048728814,,0.275771229,35.94279661,82.13507625,2.669491525,56,2.574152542,0.476694915,1.716101695,27.27272727,1.23940678,61.9047619,3.43220339,42.35294118,0.190677966,15.38461538,63.59110169,2.955508475,0.762711864,0.286016949,2.764830508,1.716101695,0.476694915,,0.667372881,4.194915254,0.286016949,1.525423729,0.572033898
175947,8338,1048,0.033080152,1.202290076,0.171755725,0.171755725,0.193902275,38.21564885,82.40740741,2.748091603,48.48484848,2.061068702,0.257633588,1.889312977,27.16049383,1.030534351,66.66666667,5.667938931,55.93220339,1.374045802,76.19047619,69.21755725,0.687022901,0.858778626,0.772900763,5.238549618,2.490458015,0.429389313,0.257633588,2.061068702,2.919847328,0.171755725,0.772900763,2.061068702
150591,10163,909,0.009851485,0.297029703,0.099009901,0.099009901,0.018017206,38.61386139,77.84431138,2.673267327,36.48648649,0.099009901,,,,,,6.534653465,58.40707965,4.95049505,64.93506494,66.13861386,1.089108911,0.198019802,0.594059406,11.68316832,0.99009901,1.881188119,1.584158416,0.99009901,3.564356436,0.099009901,0.693069307,7.227722772
1311533,8658,909,0.243049518,2.079207921,0.693069307,0.792079208,0.060041517,8.316831683,49.70414201,0.396039604,57.14285714,0.693069307,0.297029703,0.099009901,33.33333333,0.396039604,44.44444444,8.415841584,37.94642857,6.633663366,38.06818182,29.00990099,4.95049505,0.297029703,0.891089109,1.485148515,0.495049505,,0.099009901,2.376237624,1.584158416,0.891089109,,0.891089109
1344572,8657,893,0.050996639,0.806270997,0.100783875,0.100783875,0.080439989,44.74804031,83.93194707,1.612541993,48.48484848,1.10862262,0.201567749,0.100783875,33.33333333,0.403135498,50,2.922732363,46.03174603,1.007838746,41.66666667,67.12206047,1.814109742,0.604703247,0.302351624,5.543113102,1.209406495,1.914893617,0.806270997,0.604703247,5.442329227,0.201567749,0.503919373,1.612541993
776159,8466,980,0.459578582,2.571428571,1.56122449,1.193877551,0.052784018,16.07142857,66.28787879,0.642857143,70,1.102040816,0.091836735,,,0.091836735,9.090909091,6.06122449,46.47887324,3.948979592,50,37.74489796,5.693877551,0.734693878,0.918367347,2.846938776,1.193877551,0.275510204,,1.010204082,2.020408163,0.734693878,0.459183673,1.37755102
1002682,9817,893,0.014996641,0.100783875,,,0.069082519,22.17245241,79.13669065,1.511758119,40.54054054,1.007838746,0.100783875,0.302351624,15.78947368,1.007838746,47.61904762,6.752519597,59.2920354,1.31019037,48.14814815,51.19820829,1.10862262,0.705487122,2.620380739,5.240761478,1.914893617,1.007838746,0.201567749,1.007838746,4.535274356,,0.403135498,2.116461366
1524063,8653,897,0.02464214,0.702341137,0.100334448,,0.011452896,19.06354515,75.09881423,1.404682274,43.75,0.401337793,,,,0.200668896,50,6.02006689,58.25242718,1.705685619,62.96296296,40.13377926,0.602006689,0.602006689,2.006688963,5.317725753,2.107023411,1.204013378,0.401337793,0.903010033,4.816053512,0.200668896,1.605351171,1.605351171
1507697,8600,2546,0.010696779,0.212097408,,,0.007634874,25.38098979,78.38427948,2.615868028,41.57303371,0.106048704,0.035349568,0.035349568,20,0.141398272,50,4.595443833,53.06122449,1.166535742,37.5,44.71720346,0.494893951,0.17674784,1.20188531,7.317360566,2.262372349,1.166535742,0.600942655,0.919088767,3.817753339,0.141398272,0.919088767,
413158,9902,886,0.46892439,2.336343115,0.812641084,0.609480813,0.057884184,20.82392777,81.02766798,0.304740406,50,1.320541761,0.101580135,,,0.812641084,50,6.297968397,50.81967213,2.133182844,43.75,40.73363431,4.67268623,1.320541761,2.539503386,1.523702032,0.812641084,,0.203160271,1.015801354,3.148984199,0.507900677,0.203160271,0.507900677
882401,203826,886,0.013642212,0.304740406,,0.101580135,0.043864123,49.16478555,90.46728972,1.726862302,68,1.422121896,,0.304740406,100,0.609480813,46.15384615,3.860045147,53.52112676,0.914221219,64.28571429,66.23024831,0.609480813,0.711060948,1.11738149,3.656884876,1.218961625,0.812641084,0.406320542,1.015801354,5.891647856,0.304740406,0.406320542,1.218961625
488197,8653,893,0.185422172,1.511758119,0.201567749,0.907054871,0.030355761,13.60582307,56.72268908,0.705487122,15.55555556,0.201567749,,0.604703247,31.57894737,0.302351624,60,5.442329227,57.44680851,3.023516237,52.63157895,48.47704367,3.52743561,0.201567749,0.806270997,9.070548712,1.511758119,1.31019037,0.302351624,0.302351624,2.41881299,0.100783875,0.604703247,5.9462486
1113678,8549,866,0.123796769,1.870669746,0.623556582,0.103926097,0.085864671,50.81986143,83.87650086,2.390300231,44.23076923,1.247113164,,0.207852194,33.33333333,1.143187067,55,4.468822171,48.31460674,0.727482679,43.75,76.90531178,1.974595843,1.03926097,0.311778291,5.715935335,2.286374134,0.935334873,0.415704388,1.143187067,5.092378753,0.415704388,0.831408776,2.07852194
1077905,8658,863,0.118522596,1.460023175,0.208574739,0.730011587,0.067883335,37.75202781,82.64840183,1.251448436,40,0.834298957,0.312862109,0.10428737,4.761904762,1.042873696,52.63157895,8.76013905,59.15492958,3.441483198,54.09836066,82.38702202,3.232908459,1.042873696,2.81575898,8.134414832,1.460023175,1.355735805,0.312862109,0.730011587,3.545770568,0.10428737,0.521436848,5.005793743
230916,323834,879,0.030696247,0.409556314,0.307167235,0.102389078,0.181529221,36.34812287,84.52380952,1.843003413,54.54545455,1.33105802,0.307167235,1.126279863,20.37037037,0.409556314,50,2.457337884,42.85714286,0.819112628,30.76923077,60.81911263,2.150170648,0.409556314,0.819112628,2.150170648,0.511945392,0.102389078,0.204778157,0.307167235,2.559726962,0.102389078,0.307167235,1.33105802
1211646,1113562,2762,0.131875093,1.824764663,0.553946416,,0.208263691,26.00289645,69.69432314,1.955104996,40.26845638,2.020275163,0.553946416,0.912382332,25,0.912382332,44.44444444,4.659666908,41.8128655,1.303403331,44.44444444,58.39246923,2.900072411,2.150615496,0.782041999,3.128167994,1.661839247,0.09775525,0.130340333,1.042722665,5.343953657,0.944967415,0.749456915,
1453338,773645,135,0.031733334,0.666666667,0.666666667,,0.355244279,15.33333333,69.6969697,0.666666667,25,2,0.666666667,,,4,54.54545455,7.333333333,42.30769231,,,44.66666667,4.666666667,4,0.666666667,3.333333333,2.666666667,,,2,8,0.666666667,,
978170,8427,857,0.145722281,2.52042007,0.840140023,0.105017503,0.267988923,31.50525088,81.74386921,1.365227538,54.16666667,1.890315053,0.525087515,1.470245041,26.41509434,1.155192532,40.74074074,3.360560093,36.36363636,0.630105018,42.85714286,61.96032672,2.730455076,1.575262544,0.630105018,2.625437573,0.945157526,0.945157526,0.105017503,1.050175029,5.04084014,0.73512252,0.73512252,0.630105018
674009,9902,240,,0,,,0.017446324,11.625,79.48717949,,,0.75,,0.375,25,0.375,25,6,51.61290323,0.375,14.28571429,29.625,1.875,0.75,2.625,4.125,2.625,0.375,,0.75,2.25,,0.75,
770267,9902,843,0.054000001,0.533807829,0.213523132,,0.110612403,33.30960854,80,2.241992883,40.38461538,1.28113879,0.213523132,1.708185053,38.0952381,0.427046263,33.33333333,4.377224199,51.89873418,1.708185053,66.66666667,68.86120996,1.174377224,1.067615658,0.427046263,5.871886121,1.814946619,0.960854093,0.106761566,1.067615658,3.950177936,,0.320284698,2.989323843
939625,6702,2183,0.161884562,1.896472744,0.74209803,,0.178477446,27.49885479,80.16826923,1.113147045,50.94339623,1.566651397,0.24736601,0.535959689,50,2.679798443,52.41935484,7.956939991,45.51886792,0.700870362,31.48148148,62.58360055,3.916628493,2.514887769,1.814017407,5.48327989,2.762253779,1.525423729,0.041227668,1.607879066,,,,
1097753,9817,819,0.102395605,2.417582418,0.769230769,,0.076500492,15.38461538,74.86631016,0.549450549,50,1.538461538,0.10989011,0.32967033,9.375,1.208791209,25.58139535,4.615384615,36.20689655,0.549450549,31.25,42.96703297,5.714285714,1.208791209,2.527472527,1.318681319,0.32967033,0.21978022,0.21978022,1.758241758,3.626373626,0.43956044,0.43956044,0.549450549
789547,8451,813,0.263380072,1.881918819,0.442804428,0.110701107,0.07819759,22.69372694,74.27536232,2.21402214,43.47826087,0.885608856,0.110701107,0.221402214,14.28571429,1.328413284,70.58823529,4.42804428,54.79452055,1.217712177,52.38095238,44.94464945,2.435424354,0.332103321,0.442804428,4.206642066,1.549815498,0.442804428,0.664206642,1.217712177,3.431734317,0.332103321,0.553505535,1.549815498
886150,9850,829,0.201115798,2.822677925,0.97708082,,0.253659296,28.55247286,78.97897898,1.085645356,52.63157895,2.822677925,0.542822678,1.194209891,37.93103448,1.411338963,46.42857143,4.885404101,42.45283019,0.97708082,40.90909091,59.60193004,4.993968637,1.845597105,0.97708082,3.148371532,1.519903498,0.434258142,0.325693607,1.302774427,5.102533172,1.302774427,0.542822678,0.868516285
767738,8411,821,0.280655296,1.534713764,0.767356882,0.548112058,0.12306333,13.92204629,77.43902439,0.438489647,57.14285714,1.205846529,0.219244823,0.65773447,18.18181818,1.31546894,34.28571429,5.700365408,37.95620438,0.876979294,22.85714286,41.76613886,4.713763703,1.425091352,2.082825822,2.740560292,1.425091352,0.328867235,0.219244823,1.425091352,4.165651644,0.876979294,1.205846529,0.767356882
693678,8197,2812,0.049000712,0.384068279,0.03200569,0.288051209,0.013831586,43.84779516,88.38709677,2.560455192,45.45454545,0.12802276,,,,0.16002845,83.33333333,3.29658606,53.64583333,1.504267425,55.95238095,62.34708393,0.896159317,0.192034139,0.352062589,9.185633001,1.344238976,0.832147937,1.120199147,0.736130868,2.880512091,0.03200569,0.736130868,5.889046942
544312,8466,853,0.663942536,2.637749121,1.477139508,0.633059789,0.055236463,11.3950762,77.14285714,0.527549824,83.33333333,0.633059789,0.21101993,0.105509965,33.33333333,0.527549824,35.71428571,4.431418523,38.53211009,2.215709261,43.75,29.54279015,4.853458382,1.582649472,1.160609613,1.582649472,0.527549824,0.105509965,,1.688159437,1.793669402,0.422039859,0.316529894,0.949589683
1683733,773685,810,0.004666667,0.111111111,,0.111111111,0.009513782,26.77777778,71.51335312,2.777777778,34.24657534,0.222222222,0.111111111,0.111111111,50,,,3.111111111,37.33333333,1.777777778,28.57142857,57.77777778,0.333333333,0.222222222,0.222222222,7.888888889,1.111111111,0.777777778,0.666666667,0.444444444,2.333333333,,0.333333333,5.333333333
765563,8655,803,0.065073477,0.784557908,0.336239103,0.448318804,0.015211774,29.36488169,77.5147929,1.457036115,31.70731707,0.224159402,,0.112079701,100,0.112079701,100,6.612702366,61.45833333,4.931506849,60.2739726,53.01369863,1.681195517,0,0.672478207,10.53549191,0.896637609,1.457036115,0.784557908,0.784557908,3.138231631,,0.224159402,7.397260274
421768,9902,798,0.110469924,1.127819549,0.338345865,0.112781955,0.24572592,15.67669173,80.81395349,1.127819549,71.42857143,1.691729323,0.22556391,1.015037594,21.95121951,1.240601504,45.83333333,3.834586466,37.36263736,0.45112782,18.18181818,39.02255639,3.496240602,0.902255639,1.353383459,2.593984962,0.789473684,0.789473684,0.112781955,1.804511278,4.736842105,1.127819549,0.45112782,0.902255639
1254270,8655,796,0.028356785,0.226130653,,,0.021908332,29.2839196,75.51020408,0.226130653,10.52631579,0.226130653,,0.113065327,11.11111111,0.452261307,36.36363636,6.444723618,57.57575758,1.130653266,43.47826087,56.64572864,1.469849246,1.35678392,2.035175879,5.314070352,2.826633166,0.904522613,0.226130653,0.565326633,5.427135678,,0.565326633,1.35678392
1133564,8655,791,0.064490518,0.568900126,0.341340076,0.455120101,0.020393998,31.40328698,72.63157895,3.413400759,31.57894737,0.341340076,,,,0.113780025,50,3.185840708,50,2.275600506,58.82352941,64.28571429,1.93426043,0.227560051,0.113780025,10.69532238,0.796460177,1.024020228,0.568900126,1.024020228,3.86852086,,0.227560051,8.305941846
1574548,8462,782,0.023881074,0.115089514,,,0.03656173,38.78516624,82.59803922,1.841432225,29.62962963,0.115089514,,0.115089514,100,,,5.179028133,56.96202532,3.222506394,52.83018868,62.72378517,0.57544757,0.345268542,0.690537084,10.12787724,1.381074169,1.150895141,0.460358056,0.57544757,2.186700767,,0.115089514,7.135549872
922622,10194,2754,0.248973853,2.810457516,0.980392157,,0.02019567,10.71895425,74.54545455,0.588235294,72,0.294117647,0.065359477,0.032679739,6.25,0.359477124,35.48387097,5,42.97752809,1.928104575,42.14285714,30.68627451,3.921568627,1.013071895,2.385620915,1.928104575,0.392156863,0.261437908,0.098039216,2.254901961,2.222222222,0.522875817,0.326797386,
1130805,8462,798,0.108203007,0.902255639,0.338345865,0.45112782,0.010496932,28.08270677,73.45132743,1.240601504,23.40425532,0.338345865,,0.112781955,50,0.112781955,50,7.443609023,60.55045872,5.30075188,63.51351351,61.46616541,1.691729323,0.338345865,0.676691729,10.60150376,1.353383459,2.030075188,0.338345865,1.127819549,3.270676692,,0.22556391,6.879699248
1353561,9850,758,0.17341029,1.899736148,0.237467018,,0.192426261,12.34828496,73.75886525,0.949868074,66.66666667,0.831134565,0.237467018,0.118733509,14.28571429,1.187335092,45.45454545,3.443271768,39.7260274,0.593667546,41.66666667,32.77044855,2.730870712,1.187335092,0.356200528,3.08707124,1.306068602,0.118733509,0.474934037,0.949868074,2.849604222,0.474934037,0.831134565,1.187335092
363345,8411,750,0.179760003,1.8,0.96,0.24,0.145847826,20.52,75,0.72,30,1.08,0.12,0.24,11.76470588,0.12,25,5.4,47.87234043,2.52,48.8372093,46.32,3.84,0.84,1.08,4.8,1.68,0.72,0.48,0.72,4.44,0.24,1.32,1.92
298676,10004,732,0.01127459,0.245901639,,,0.05419485,37.13114754,74.01960784,2.213114754,27.69230769,0.737704918,,0.491803279,22.22222222,0.983606557,100,5.532786885,56.25,1.844262295,60,77.33606557,0.614754098,0.368852459,0.614754098,7.745901639,2.090163934,1.844262295,0.368852459,1.844262295,6.024590164,0.12295082,0.860655738,3.442622951
1226789,9826,1731,0.315665513,2.391681109,0.883882149,,0.180927496,18.09358752,80.55555556,0.467937608,39.13043478,1.50779896,0.155979203,0.519930676,29.41176471,2.443674177,54.65116279,6.343154246,48.22134387,0.779896014,40.54054054,43.77816291,7.746967071,1.923743501,1.195840555,3.067590988,1.923743501,0.571923744,0.155979203,1.039861352,3.639514731,0.415944541,0.883882149,
1239553,8655,749,0.14093591,1.201602136,0.480640854,0.240320427,0.102802726,15.8611482,69.47368421,0.600801068,50,1.682242991,0.120160214,0.120160214,11.11111111,0.480640854,30.76923077,5.407209613,35.15625,2.6435247,37.93103448,37.48998665,3.724966622,0.720961282,0.841121495,2.403204272,1.441922563,0.360480641,,2.883845127,3.124165554,0.720961282,1.201602136,0.600801068
729721,10172,750,0.006348,0.12,,0.12,0.06141916,35.88,81.69398907,2.4,43.47826087,0.84,0.24,0.48,66.66666667,0.24,66.66666667,4.92,62.12121212,3.48,61.70212766,58.68,0.12,0.12,0.24,9.24,0.96,0.72,0.36,0.36,2.76,,0.24,7.2
94550,10200,738,0.04740244,0.365853659,0.12195122,,0.033556735,18.90243902,82.01058201,1.219512195,66.66666667,0.731707317,,0.12195122,14.28571429,0.365853659,27.27272727,3.048780488,35.21126761,0.731707317,37.5,36.58536585,1.219512195,1.341463415,0.12195122,3.170731707,1.829268293,0.365853659,0.12195122,1.463414634,4.634146341,0.243902439,0.731707317,0.853658537
1319774,8427,1651,0.134367657,1.580860085,0.381586917,,0.131832636,24.20351302,85.38461538,0.436099334,32,1.308298001,0.054512417,0.708661417,15.47619048,1.417322835,50.98039216,5.396729255,54.3956044,0.436099334,32,50.36947305,4.142943671,1.144760751,2.180496669,2.671108419,1.362810418,0.272562084,,0.654149001,3.81586917,0.436099334,0.436099334,
201738,10194,724,0.06123481,0.745856354,0.124309392,0.372928177,0.033239927,37.16850829,80.59299191,2.73480663,45.83333333,0.372928177,,0.124309392,25,0.124309392,50,5.966850829,67.6056338,3.977900552,68.08510638,66.75414365,1.491712707,0,0.248618785,10.56629834,1.740331492,1.740331492,0.994475138,0.745856354,2.983425414,0.124309392,0.124309392,6.091160221
1347933,8514,761,0.143148487,1.773981603,0.473061761,,0.071049475,15.01971091,73.41040462,1.064388962,56.25,0.946123522,,0.709592641,15.38461538,1.064388962,47.36842105,4.730617608,44.44444444,0.473061761,28.57142857,41.03810775,3.902759527,1.064388962,1.182654402,3.193166886,2.010512484,0.591327201,,1.300919842,3.666228647,0.354796321,1.182654402,0.591327201
827247,8655,718,0.10647075,0.752089136,0.250696379,0.125348189,0.045436079,22.06128134,67.17557252,1.253481894,21.73913043,1.128133705,,0.877437326,25,0.125348189,50,4.38718663,52.23880597,2.883008357,54.76190476,50.8913649,1.754874652,0.250696379,0.626740947,5.515320334,0.877437326,0.250696379,,1.128133705,,,,
1402324,9817,709,0.449225657,3.427362482,1.904090268,0.761636107,0.031592857,10.53596615,67.4796748,0.126939351,50,0.888575458,0.253878702,,,0.507757405,40,4.18899859,31.13207547,2.538787024,36.36363636,33.51198872,4.950634697,1.142454161,0.634696756,2.411847673,0.507757405,0.380818054,,2.538787024,2.538787024,1.142454161,0.380818054,1.523272214
1136396,8659,719,0.428269828,3.004172462,0.876216968,1.251738526,0.048703324,8.511821975,59.64912281,0.50069541,66.66666667,1.251738526,0.50069541,0.125173853,100,0.125173853,11.11111111,7.009735744,36.60130719,4.88178025,39.39393939,31.04311544,5.132127955,1.502086231,1.752433936,1.627260083,0.250347705,0.125173853,0.125173853,2.503477051,1.376912378,0.375521558,0.125173853,1.126564673
575780,8667,706,0.030480169,0.382436261,0.254957507,,0.100204206,38.75354108,81.28342246,2.932011331,34.32835821,0.382436261,0.127478754,0.764872521,31.57894737,0.127478754,25,4.461756374,50,1.529745042,37.5,65.77903683,0.892351275,0.254957507,1.529745042,5.481586402,1.274787535,0.382436261,,1.019830028,3.696883853,0.127478754,0.254957507,3.824362606
1178350,8549,703,0.144832144,1.152204836,0.384068279,0.12802276,0.053117235,9.72972973,65.51724138,0.256045519,50,0.384068279,,0.12802276,9.090909091,0.512091038,33.33333333,4.480796586,35.35353535,1.280227596,23.80952381,32.38975818,4.352773826,1.536273115,0.896159317,2.816500711,1.792318634,0.12802276,,1.408250356,2.176386913,0.384068279,0.12802276,0.896159317
1125874,8667,690,0.246365221,1.304347826,0.391304348,0.130434783,0.027339576,22.95652174,81.48148148,0.913043478,70,0.913043478,,0.130434783,33.33333333,0.652173913,41.66666667,5.739130435,47.31182796,1.565217391,46.15384615,43.95652174,1.956521739,0.913043478,1.304347826,3.782608696,2.217391304,0.52173913,0.130434783,1.565217391,5.347826087,0.52173913,1.304347826,0.913043478
919671,9841,722,0.032970913,0.872576177,0.12465374,,0.059065348,22.06371191,73.4439834,0.997229917,33.33333333,0.997229917,0.12465374,0.872576177,22.58064516,0.623268698,26.31578947,3.24099723,36.61971831,0.373961219,30,55.34626039,1.745152355,0.997229917,1.495844875,3.988919668,0.747922438,0.997229917,0.498614958,1.121883657,4.736842105,0.498614958,0.872576177,1.745152355
1086653,8653,683,0.082554906,2.108345534,0.527086384,,0.099919716,17.13030747,70.65217391,0.65885798,22.72727273,1.317715959,,0.395314788,15.78947368,0.790629575,28.57142857,5.666178624,39.09090909,0.790629575,22.22222222,47.83308931,1.185944363,1.317715959,2.371888726,3.821376281,1.713030747,0.65885798,,1.713030747,4.743777452,0.131771596,1.054172767,1.449487555
1609329,8586,695,0.219341004,2.330935252,0.90647482,0.129496403,0.071542164,18,81.28654971,0.129496403,20,0.90647482,0.388489209,0.258992806,16.66666667,0.776978417,35.29411765,3.366906475,30.95238095,0.388489209,15.78947368,39.88489209,3.237410072,2.071942446,0.90647482,2.589928058,1.294964029,0.90647482,,1.165467626,4.014388489,0.647482014,0.90647482,0.388489209
780818,8559,939,0.028581468,0.383386581,0.095846645,,0.063394961,35.94249201,80.12820513,2.49201278,38.80597015,0.191693291,,,,0.095846645,50,5.654952077,60.82474227,2.587859425,58.69565217,59.04153355,0.766773163,0.191693291,1.341853035,8.530351438,1.629392971,2.300319489,0.670926518,0.958466454,3.354632588,,0.575079872,
1310115,773645,216,0.026833334,0.833333333,,,0.062561445,79.16666667,91.34615385,3.75,75,0.833333333,,,,0.833333333,66.66666667,4.583333333,61.11111111,,,102.9166667,,0.416666667,0.833333333,5.416666667,2.916666667,2.083333333,,,4.166666667,,1.666666667,
1109757,8658,1467,0.0597546,0.981595092,0.306748466,,0.160155252,61.90184049,84.86122792,3.006134969,47.57281553,1.472392638,0.18404908,0.920245399,22.3880597,0.490797546,61.53846154,6.134969325,60.97560976,1.104294479,52.94117647,91.10429448,0.920245399,0.674846626,1.595092025,5.398773006,2.944785276,1.042944785,0.245398773,1.349693252,4.662576687,0.552147239,0.674846626,
1056689,8451,657,0.235835608,1.095890411,0.547945205,0.136986301,0.067163522,10.1369863,60.16260163,0.273972603,22.22222222,1.232876712,0.136986301,0.273972603,25,0.136986301,16.66666667,6.438356164,40.86956522,2.328767123,35.41666667,32.05479452,3.424657534,0.821917808,1.369863014,4.520547945,2.739726027,0.410958904,0.273972603,2.602739726,1.506849315,0.547945205,0.95890411,1.095890411
574234,8653,653,0.02840582,0.413476263,,0.137825421,0.042366395,27.70290965,75.56390977,1.516079632,36.66666667,0.826952527,,0.413476263,37.5,0.137825421,50,4.548238897,58.92857143,1.378254211,62.5,54.71669219,0.689127106,0.137825421,0.551301685,7.580398162,2.48085758,1.102603369,0.137825421,1.516079632,2.894333844,0.137825421,0.551301685,3.859111792
933069,8462,662,,0,,,0.040463736,31.26888218,88.12260536,2.719033233,80,0.543806647,0.135951662,0.407854985,60,,,4.078549849,47.61904762,0.81570997,50,49.75830816,0.407854985,0.679758308,0.135951662,7.069486405,3.126888218,1.63141994,,1.903323263,6.525679758,0.135951662,0.951661631,2.311178248
1226756,8659,663,0.017714933,0.407239819,,,0.063860569,42.35294118,81.46214099,1.628959276,28.57142857,0.814479638,,0.135746606,33.33333333,0.135746606,33.33333333,3.800904977,60.86956522,1.49321267,64.70588235,74.66063348,0.271493213,0.542986425,0.814479638,7.873303167,1.357466063,1.628959276,0.542986425,0.678733032,3.122171946,0.135746606,0.135746606,4.343891403
184360,10170,1410,0.440451074,2.106382979,1.276595745,,0.129450666,17.68085106,79.82708934,0.574468085,56.25,1.021276596,0.255319149,0.127659574,13.33333333,0.127659574,50,1.914893617,41.66666667,0.829787234,43.33333333,31.91489362,3.510638298,0.510638298,0.446808511,2.170212766,0.574468085,0.255319149,,0.829787234,2.489361702,0.510638298,0.191489362,
502421,10194,649,0.218718035,1.386748844,0.554699538,0.138674884,0.102190494,7.48844376,49.5412844,,,1.386748844,0.277349769,,,0.416024653,30,9.845916795,51.44927536,6.101694915,55.69620253,30.50847458,3.466872111,0.693374422,1.386748844,4.437596302,1.941448382,0.138674884,0.416024653,2.49614792,1.802773498,0.554699538,0.277349769,1.941448382
343316,9850,648,0.314555566,2.638888889,0.972222222,0.833333333,0.24719475,26.25,78.09917355,1.25,52.94117647,1.25,0.277777778,0.277777778,25,0.277777778,33.33333333,4.722222222,43.58974359,0.694444444,17.24137931,51.94444444,5.555555556,0.694444444,1.805555556,3.472222222,1.944444444,0.833333333,0.277777778,1.388888889,3.888888889,0.416666667,0.277777778,0.416666667
1135408,8451,2310,0.360124687,1.948051948,0.779220779,,0.119905927,8.727272727,69.13580247,0.116883117,21.42857143,0.974025974,0.233766234,0.038961039,4.545454545,0.74025974,38,5.415584416,37.77173913,2.25974026,36.94267516,29.06493506,5.064935065,1.987012987,1.441558442,1.987012987,1.051948052,0.233766234,0.038961039,1.714285714,2.337662338,0.818181818,0.38961039,
1565859,10172,641,0.277932925,2.808112324,1.12324493,0.561622465,0.200657805,15.5850234,69.81132075,0.561622465,44.44444444,1.965678627,0.421216849,0.140405616,12.5,0.561622465,40,4.071762871,31.86813187,2.106084243,30.6122449,37.62870515,5.335413417,1.12324493,0.140405616,2.527301092,1.263650546,,,1.965678627,3.088923557,0.280811232,,1.263650546
865184,8653,647,0.131397216,0.973724884,,0.139103555,0.145587254,14.74497682,80.3030303,0.417310665,60,1.669242658,0.139103555,0.695517774,23.80952381,2.921174652,52.5,7.928902628,44.53125,0.834621329,31.57894737,46.59969088,3.199381762,3.894899536,2.921174652,2.642967543,1.251931994,0.834621329,0.27820711,1.251931994,6.537867079,0.417310665,0.417310665,0.27820711
1050813,8462,640,0.018646874,0.703125,,,0.092475417,25.3125,79.29515419,1.546875,61.11111111,1.546875,,0.984375,31.81818182,0.421875,27.27272727,4.5,38.55421687,1.96875,40,48.9375,0.984375,0.5625,0.421875,3.796875,1.6875,1.125,,1.546875,5.34375,0.28125,0.984375,0.984375
751066,8657,669,0.057282511,1.076233184,0.403587444,,0.244139989,24.08071749,83.25581395,1.076233184,47.05882353,1.614349776,0.538116592,0.403587444,16.66666667,1.479820628,36.66666667,5.112107623,40,0.403587444,23.07692308,49.9103139,4.035874439,2.421524664,2.152466368,2.959641256,1.076233184,0.67264574,0.134529148,0.807174888,4.035874439,0.403587444,0.538116592,1.076233184
424609,8559,2959,0.049471105,0.30415681,0.030415681,,0.037620785,72.23724231,88.3885374,3.224062183,40.61302682,0.182494086,0.030415681,,,0.091247043,60,6.721865495,69.93670886,4.410273741,66.8202765,94.28861102,0.608313619,0.030415681,1.125380196,8.42514363,1.125380196,0.517066577,0.212909767,0.456235215,3.528218993,,0.182494086,
759823,10163,621,0.248014495,1.884057971,0.579710145,0.434782609,0.018921514,11.15942029,77,,,0.144927536,0.144927536,,,0.724637681,50,3.913043478,32.92682927,1.449275362,21.27659574,28.69565217,3.768115942,0.724637681,0.434782609,1.884057971,1.304347826,0.434782609,,0.869565217,2.31884058,0.434782609,0.289855072,0.144927536
1480132,10172,601,0.029650582,1.347753744,0.149750416,,0.037931996,28.90183028,73.66412214,2.096505824,28,0.74875208,,0.149750416,8.333333333,0.898502496,46.15384615,6.139767055,56.16438356,1.347753744,47.36842105,69.63394343,0.449251248,0.299500832,1.347753744,7.637271215,2.545757072,1.048252912,0.149750416,0.599001664,4.193011647,0.299500832,1.347753744,3.893510815
864983,8411,596,0.010676174,0.151006711,,,0.039368568,23.70805369,80.51282051,0.604026846,20,0.453020134,0.151006711,0.906040268,40,0.302013423,25,2.869127517,44.18604651,0.906040268,60,45,0.755033557,0.302013423,0.302013423,4.832214765,1.359060403,0.906040268,0.604026846,1.208053691,3.473154362,0.302013423,0.604026846,1.963087248
214426,8657,605,0.684416534,2.826446281,0.743801653,1.190082645,0.055431498,13.83471074,70.45454545,0.148760331,20,0.446280992,0.297520661,,,0.743801653,50,4.016528926,40.90909091,1.785123967,46.15384615,33.91735537,5.20661157,1.487603306,0.892561983,1.338842975,0.595041322,,0.297520661,0.892561983,2.52892562,0.446280992,0.595041322,0.446280992
1229526,9850,588,0.227265303,3.06122449,0.612244898,0.153061224,0.04996549,14.69387755,73.28244275,0.153061224,25,0.612244898,,0.459183673,33.33333333,1.224489796,44.44444444,4.897959184,40,0.612244898,20,44.69387755,2.448979592,1.530612245,0.612244898,4.285714286,2.448979592,0.612244898,,0.765306122,3.520408163,0.612244898,1.071428571,1.224489796
1355509,6702,654,0.310417447,2.889908257,0.963302752,,0.117594786,27.52293578,80,0.963302752,43.75,0.825688073,0.137614679,0.275229358,15.38461538,0.275229358,22.22222222,4.403669725,53.33333333,0.963302752,58.33333333,52.29357798,5.091743119,0.825688073,1.651376147,3.440366972,1.513761468,0.412844037,0.275229358,0.550458716,4.403669725,0.550458716,0.825688073,
1720299,10163,589,0.007105263,0.458404075,0.305602716,0.152801358,0.054685192,29.94906621,75.09578544,1.986417657,27.65957447,0.152801358,0.152801358,,,0.458404075,42.85714286,3.056027165,37.03703704,1.986417657,48.14814815,53.93887946,0.458404075,0,,6.876061121,0.611205433,0.916808149,0.611205433,1.222410866,3.820033956,,1.222410866,4.736842105
1199712,9879,1018,0.157721025,1.149312377,0.530451866,,0.082119202,23.95874263,80.89552239,0.884086444,47.61904762,0.618860511,0.176817289,,,0.353634578,25,4.685658153,45.68965517,0.972495088,47.82608696,44.82318271,2.121807466,0.884086444,0.884086444,3.889980354,2.475442043,,0.088408644,1.768172888,3.62475442,0.530451866,0.972495088,
185008,10170,604,0.002324503,0.149006623,,0.149006623,0.046744335,28.16225166,80.76923077,1.490066225,40,,,,,,,7.003311258,63.51351351,5.513245033,67.27272727,52.00331126,1.490066225,0,1.043046358,12.51655629,0.59602649,1.639072848,1.19205298,1.341059603,1.78807947,,,9.089403974
1017196,10004,577,0.035048527,0.779896014,0.311958406,,0.031393855,23.86481802,74.27184466,2.027729636,34.21052632,0.155979203,,0.155979203,16.66666667,0.155979203,25,4.835355286,43.66197183,1.871750433,38.70967742,58.02426343,1.091854419,0.311958406,1.403812825,7.33102253,1.403812825,1.715771231,0.155979203,2.027729636,4.679376083,,0.623916811,4.055459272
982272,8655,577,0.044032928,1.247833622,,0.155979203,0.014235342,33.06759099,82.8125,1.403812825,42.85714286,0.467937608,0.155979203,,,0.155979203,20,3.743500867,48.97959184,0.779896014,45.45454545,52.56499133,0.779896014,0.155979203,1.559792028,4.679376083,1.247833622,0.935875217,,1.871750433,,,,
215658,10163,580,0.152239659,1.086206897,0.465517241,0.155172414,0.034831915,33.51724138,81.81818182,1.862068966,48,0.620689655,,0.155172414,33.33333333,0.310344828,50,4.034482759,42.62295082,1.551724138,55.55555556,54.46551724,1.551724138,0.620689655,1.086206897,4.5,1.24137931,1.086206897,0.775862069,2.172413793,4.344827586,0.310344828,1.086206897,1.396551724
305219,10004,567,0.041587301,0.952380952,,0.317460317,0.033984156,31.74603175,73.26007326,1.904761905,32.43243243,0.952380952,,0.158730159,16.66666667,,,7.777777778,52.12765957,3.492063492,66.66666667,60,0.952380952,0.793650794,0.634920635,8.253968254,3.650793651,1.587301587,0.317460317,3.174603175,7.46031746,0.634920635,1.428571429,2.698412698
1113727,9850,567,0.135809524,0.634920635,0.158730159,0.476190476,0.113225655,19.04761905,74.53416149,0.158730159,25,0.634920635,0.317460317,0.476190476,16.66666667,1.587301587,58.82352941,6.507936508,53.24675325,1.26984127,34.7826087,46.66666667,3.968253968,1.111111111,1.111111111,4.444444444,2.53968254,0.952380952,,0.634920635,4.126984127,0.317460317,0.476190476,0.952380952
1206308,8451,3220,0.13478758,1.928571429,0.726708075,,0.168340676,18.39130435,75.80645161,0.866459627,42.46575342,1.397515528,0.335403727,0.922360248,19.29824561,1.565217391,44.44444444,4.388198758,40.46391753,0.251552795,18,47.6552795,3.661490683,1.872670807,1.145962733,2.627329193,1.425465839,0.47515528,0.027950311,0.559006211,4.332298137,0.531055901,0.950310559,
881558,8427,560,0.124328569,1.928571429,0.803571429,0.160714286,0.067681765,36.96428571,80.70175439,2.410714286,60,0.964285714,0.160714286,0.321428571,14.28571429,0.482142857,60,3.214285714,51.28205128,0.642857143,33.33333333,60.42857143,1.446428571,0.642857143,0.803571429,3.535714286,1.285714286,1.125,0.160714286,0.642857143,4.339285714,0.321428571,0.160714286,0.964285714
955366,8658,560,0.0052875,0.160714286,,,0.013897876,35.03571429,84.16988417,1.446428571,37.5,,,0.160714286,20,0.160714286,100,4.821428571,47.61904762,3.696428571,56.09756098,58.17857143,0.321428571,0.321428571,0.160714286,9,0.803571429,1.446428571,0.321428571,1.767857143,3.375,,0.321428571,6.428571429
876196,8451,552,0.015896739,0.489130435,,,0.11847773,16.4673913,61.58536585,0.652173913,13.33333333,1.141304348,0.326086957,1.467391304,30,0.163043478,33.33333333,7.663043478,61.03896104,3.586956522,56.41025641,59.34782609,0.652173913,0,2.445652174,6.684782609,1.956521739,0.326086957,0.163043478,1.141304348,2.119565217,0.163043478,0.815217391,4.239130435
1132069,9850,595,0.938858842,3.176470588,2.117647059,0.605042017,0.093821877,7.714285714,61.44578313,,,1.361344538,0.151260504,0.151260504,16.66666667,1.058823529,58.33333333,2.87394958,33.92857143,1.058823529,24.13793103,26.47058824,6.957983193,0.756302521,0.756302521,0.302521008,,0.151260504,,0.756302521,1.966386555,0.907563025,0.151260504,0.151260504
1089592,9841,551,0.039119782,0.326678766,,0.163339383,0.00799429,34.62794918,85.14056225,1.470054446,33.33333333,,,,,0.326678766,50,5.716878403,60.34482759,3.430127042,67.74193548,61.41560799,0.326678766,0.163339383,0.816696915,10.94373866,1.306715064,1.306715064,1.633393829,0.816696915,3.266787659,,0.816696915,6.696914701
1004976,8549,547,0.080012796,0.822669104,0.493601463,0.164533821,0.097924333,46.06946984,91.50326797,0.329067642,15.38461538,1.151736746,0.164533821,0.329067642,8.333333333,0.987202925,46.15384615,5.594149909,57.62711864,0.822669104,38.46153846,74.86288848,2.961608775,0.987202925,2.797074954,3.290676417,0.987202925,0.493601463,,0.658135283,,,,
1137404,8411,413,0.309072633,2.179176755,1.089588378,,0.194574898,37.26392252,86.36363636,0.653753027,60,1.96125908,0.653753027,,,0.435835351,18.18181818,4.358353511,40,0.435835351,66.66666667,59.05569007,3.268765133,0.653753027,1.089588378,3.486682809,2.397094431,0.871670702,0.217917676,2.615012107,5.012106538,0.871670702,1.089588378,
1298925,8549,534,0.195337085,1.853932584,0.505617978,,0.105194017,32.35955056,88.47926267,0.505617978,75,1.853932584,,0.674157303,25,2.02247191,41.37931034,5.056179775,40.54054054,0.337078652,22.22222222,60.84269663,6.06741573,1.348314607,1.179775281,2.359550562,1.516853933,0.337078652,0.168539326,1.348314607,2.191011236,0.505617978,0.842696629,0.337078652
1089686,8669,585,0.128276926,1.384615385,0.461538462,0.307692308,0.152672117,34,81.5498155,1.230769231,36.36363636,1.076923077,0.153846154,0.307692308,15.38461538,0.923076923,42.85714286,7.538461538,55.68181818,1.538461538,45.45454545,73.53846154,3.384615385,1.230769231,2.153846154,8.615384615,2.923076923,1.230769231,0.307692308,0.769230769,5.692307692,0.307692308,0.923076923,4.153846154
1435441,9850,539,0.089782931,1.33580705,0.333951763,0.166975881,0.23563462,19.87012987,77.27272727,1.001855288,50,1.669758813,0.500927644,0.500927644,25,1.001855288,40,4.675324675,56,1.33580705,53.33333333,43.74768089,3.172541744,0.500927644,0.667903525,3.673469388,1.669758813,0.834879406,,0.500927644,3.673469388,0.667903525,,1.168831169
1394402,9817,523,0.599850865,4.13001912,1.37667304,0.34416826,0.193035413,17.72466539,67.76315789,1.20458891,26.92307692,1.89292543,0.34416826,1.20458891,33.33333333,2.06500956,52.17391304,4.818355641,41.79104478,0.51625239,60,51.45315488,4.646271511,2.58126195,0.68833652,2.40917782,1.54875717,0.17208413,,0.86042065,6.883365201,0.51625239,1.20458891,0.68833652
1353053,10194,517,0.229613154,1.566731141,0.522243714,0.174081238,0.105124757,4.874274662,53.84615385,0.174081238,50,0.696324952,,,,0.174081238,11.11111111,4.526112186,33.76623377,2.611218569,31.25,19.84526112,2.785299807,0.348162476,0.696324952,2.088974855,1.044487427,0.174081238,,1.044487427,1.044487427,0.348162476,0.348162476,0.87040619
656495,8667,501,0.108107789,1.796407186,0.718562874,0.179640719,0.251970805,16.88622754,77.68595041,1.077844311,75,1.25748503,0.538922156,0.179640719,20,0.359281437,15.38461538,5.209580838,37.17948718,1.796407186,43.47826087,42.21556886,4.670658683,0.718562874,1.077844311,4.311377246,2.155688623,0.359281437,,2.874251497,5.928143713,0.538922156,0.898203593,1.796407186
1422736,8451,1657,0.110873268,1.14061557,0.434520217,,0.058224047,22.81231141,73.04347826,0.434520217,22.22222222,0.434520217,0.108630054,0.217260109,17.39130435,0.869040435,42.10526316,7.278213639,41.74454829,3.204586602,41.54929577,52.03379602,2.063971032,1.846710923,0.977670489,5.051297526,2.226916113,0.977670489,0.38020519,1.901025951,5.15992758,0.869040435,0.869040435,
1358339,8653,2609,0.042492141,0.482943657,0.068991951,,0.021725069,32.46071292,72.21795856,1.655806823,34.04255319,0.413951706,0.034495975,0.034495975,33.33333333,0.241471828,53.84615385,12.10808739,59.59252971,6.830203143,62.06896552,65.30088156,0.965887313,0.793407436,0.517439632,10.48677654,4.553468762,1.06937524,0.448447681,1.690302798,5.070908394,0.206975853,1.44883097,
949266,8595,499,0.134999998,0.901803607,0.541082164,,0.056979789,22.7254509,69.23076923,0.721442886,20,0.721442886,,0.180360721,8.333333333,1.803607214,58.82352941,5.410821643,41.66666667,0.721442886,23.52941176,51.76352705,2.705410822,1.442885772,0.901803607,3.066132265,1.983967936,0.541082164,,1.442885772,4.509018036,0.541082164,1.26252505,0.541082164
1202883,9850,487,0.126240244,1.848049281,0.554414784,0.184804928,0.25025063,19.95893224,73.97260274,2.217659138,57.14285714,1.848049281,0.554414784,1.478439425,26.66666667,0.554414784,30,5.544147844,44.7761194,1.293634497,46.66666667,50.26694045,2.95687885,1.848049281,1.848049281,3.880903491,1.848049281,0.184804928,,1.478439425,3.696098563,0.924024641,0.924024641,1.848049281
185349,8451,483,0.308850937,2.422360248,0.559006211,0.372670807,0.055316379,13.04347826,71.42857143,0.745341615,50,1.49068323,0.186335404,0.186335404,100,0.372670807,66.66666667,5.031055901,42.85714286,1.863354037,43.47826087,33.16770186,4.099378882,0.931677019,1.304347826,2.98136646,1.49068323,0.372670807,0.186335404,2.98136646,3.167701863,0.372670807,0.745341615,0.931677019
1090202,10172,483,0.145211175,1.49068323,0.186335404,,0.090557801,22.36024845,75.94936709,1.118012422,66.66666667,1.304347826,,0.559006211,13.63636364,1.677018634,42.85714286,5.217391304,34.14634146,1.118012422,42.85714286,54.59627329,5.031055901,3.726708075,1.118012422,2.236024845,1.304347826,0.559006211,0.186335404,1.304347826,5.776397516,0.745341615,1.304347826,0.186335404
745912,9904,2513,0.098312376,1.146040589,0.250696379,,0.089806898,27.4333466,80.37775446,2.757660167,49.35897436,1.325109431,0.143255074,0.644647831,28.125,0.716275368,54.05405405,3.760445682,50.48076923,0.501392758,40,48.56346996,1.360923199,0.931157979,1.360923199,3.223239156,1.181854357,0.752089136,0.143255074,0.537206526,,,,
1187449,10003,1083,0.36064819,1.495844875,0.747922438,0.415512465,0.097021875,13.46260388,76.05633803,0.664819945,66.66666667,0.747922438,0.166204986,0.581717452,29.16666667,0.166204986,28.57142857,5.152354571,39.74358974,2.576177285,41.89189189,32.82548476,3.490304709,1.246537396,0.997229917,2.409972299,1.412742382,0.166204986,0.083102493,1.828254848,2.409972299,0.166204986,0.997229917,0.747922438
1195742,10007,1039,0.20028682,2.685274302,0.952839269,,0.099568772,16.89124158,74.14448669,0.433108758,25,1.299326275,0.259865255,0.779595765,23.68421053,1.905678537,47.82608696,3.724735322,33.59375,0.433108758,19.23076923,45.12993263,4.590952839,1.905678537,0.606352262,2.165543792,0.779595765,0.259865255,,1.299326275,3.638113571,0.433108758,0.346487007,
1216005,8462,480,0.045168749,0.75,0.1875,,0.029909793,7.875,75,0.375,50,1.125,0.1875,0.1875,4,2.4375,33.33333333,6.375,35.78947368,0.75,22.22222222,37.6875,3.5625,1.6875,1.875,2.0625,1.3125,0.1875,,0.9375,2.625,,1.3125,0.5625
574841,10170,477,0.540169815,2.641509434,1.320754717,0.943396226,0.1366258,13.20754717,60.34482759,0.377358491,33.33333333,0.943396226,0.566037736,,,0.754716981,57.14285714,6.79245283,33.96226415,4.716981132,40.98360656,39.43396226,5.283018868,1.886792453,0.188679245,2.641509434,1.132075472,0.754716981,,3.773584906,3.58490566,0.754716981,0.566037736,0.754716981
1273294,10170,465,0.027058064,0.774193548,0.387096774,,0.121825599,22.25806452,73.24840764,0.774193548,28.57142857,1.935483871,0.193548387,0.387096774,66.66666667,0.967741935,100,5.225806452,40.29850746,1.35483871,33.33333333,49.74193548,3.483870968,0.774193548,1.161290323,7.548387097,1.741935484,2.129032258,1.35483871,3.096774194,4.258064516,,1.161290323,2.322580645
803343,8466,471,0.027802549,0.191082803,,,0.065308874,33.05732484,76.21145374,1.146496815,22.22222222,0.573248408,0.191082803,0.191082803,7.142857143,0.382165605,40,3.821656051,37.03703704,1.146496815,25,65.35031847,1.146496815,0.76433121,0.76433121,5.350318471,1.52866242,0.382165605,0.382165605,1.146496815,3.248407643,,0.573248408,3.057324841
146830,10003,451,,0,,,0.008479367,27.93791574,70.35175879,1.596452328,26.66666667,0.399113082,,,,0.199556541,50,4.988913525,58.13953488,2.394678492,63.15789474,70.0443459,0.199556541,0.399113082,0.997782705,9.578713969,1.396895787,2.195121951,0.399113082,1.197339246,3.592017738,0.399113082,0.399113082,5.587583149
1702428,10004,453,0.104562917,2.185430464,0.794701987,,0.16216297,15.89403974,74.07407407,0.397350993,22.22222222,0.794701987,0.198675497,,,0.993377483,55.55555556,4.768211921,47.05882353,0.993377483,62.5,37.15231788,2.98013245,0.993377483,1.78807947,2.98013245,0.993377483,0.59602649,0.397350993,2.582781457,3.377483444,0.198675497,0.59602649,0.993377483
1293092,8462,451,0.515135286,3.791574279,1.596452328,0.997782705,0.006752856,6.784922395,61.81818182,0.199556541,50,0.199556541,,,,0.199556541,100,3.592017738,31.03448276,1.596452328,25,25.94235033,4.988913525,1.396895787,1.596452328,1.197339246,0.199556541,,0.399113082,1.396895787,1.596452328,0.798226164,0.598669623,0.598669623
1797874,10163,453,0.00915894,0.397350993,,,0.011556381,24.0397351,69.54022989,1.390728477,21.875,0.198675497,,,,0.59602649,42.85714286,4.768211921,42.10526316,0.59602649,25,59.00662252,0.794701987,0.59602649,0.993377483,7.947019868,2.582781457,1.589403974,0.397350993,1.589403974,2.185430464,0.198675497,1.986754967,3.377483444
1050160,8549,491,0.16606925,2.749490835,0.916496945,,0.123572931,23.82892057,82.80254777,0.549898167,100,1.283095723,,0.183299389,25,1.283095723,36.84210526,4.582484725,45.45454545,0.183299389,20,48.75763747,5.132382892,0.916496945,2.199592668,1.649694501,0.916496945,0.183299389,,1.283095723,2.932790224,0.366598778,0.366598778,0.549898167
802245,9798,1210,0.283395874,2.52892562,0.669421488,,0.05187214,10.48760331,67.14285714,0.223140496,42.85714286,0.818181818,0.297520661,0.148760331,16.66666667,0.743801653,38.46153846,6.694214876,38.62660944,2.67768595,31.03448276,34.0661157,4.462809917,1.785123967,2.67768595,2.975206612,0.743801653,0.371900826,0.297520661,1.41322314,2.380165289,0.223140496,0.520661157,
1289121,8243,366,0.174934419,2.213114754,0.737704918,,0.106825306,16.72131148,69.3877551,,,0.737704918,,,,1.475409836,37.5,8.360655738,44.73684211,1.475409836,40,46.96721311,4.180327869,1.967213115,0.983606557,5.901639344,4.426229508,0.737704918,0.491803279,2.213114754,4.180327869,0.245901639,1.475409836,
1474555,8346,959,0.03580292,0.656934307,,,0.01347361,15.76642336,64.61538462,1.220020855,22.4137931,0.187695516,,,,,,4.223149114,47.36842105,2.44004171,44.82758621,48.70698644,0.938477581,0.187695516,0.375391032,8.164754953,1.407716371,0.563086548,0.093847758,1.220020855,3.096976017,0.093847758,0.187695516,
613182,8657,431,,0,,,0.052911981,42.59860789,87.93103448,2.714617169,52,1.252900232,,,,0.208816705,33.33333333,1.670533643,53.33333333,,,56.17169374,0.417633411,0.208816705,0.208816705,3.13225058,1.252900232,1.044083527,,0.417633411,3.341067285,,0.417633411,0.835266821
191174,8669,425,0.017978825,0.635294118,0.211764706,0.211764706,0.055478912,36,82.52427184,0.847058824,17.39130435,0.635294118,0.211764706,0.423529412,12.5,0.211764706,100,2.964705882,56,1.270588235,60,65.85882353,0.847058824,0.211764706,0.211764706,7.835294118,1.270588235,0.635294118,1.270588235,0.423529412,4.023529412,0.211764706,0.847058824,4.658823529
214570,9850,421,0.061076008,0.855106888,0.213776722,,0.086137174,40.40380048,80.76923077,1.923990499,28.125,1.06888361,,,,1.06888361,45.45454545,6.199524941,49.15254237,2.137767221,47.61904762,75.03562945,1.923990499,1.496437055,1.496437055,7.909738717,1.496437055,1.710213777,0.213776722,0.855106888,3.634204276,0.213776722,0.641330166,4.489311164
817098,9841,416,,0,,,0.138338773,19.03846154,79.27927928,1.730769231,38.0952381,0.865384615,,1.730769231,21.05263158,0.649038462,42.85714286,3.028846154,43.75,0.432692308,22.22222222,47.37980769,0.649038462,1.081730769,1.081730769,4.543269231,0.865384615,0.432692308,,,3.028846154,0.216346154,0.432692308,3.245192308
1562733,8462,393,0.038381681,0.687022901,,0.458015267,0.003338118,25.19083969,77.46478873,1.374045802,28.57142857,,,,,0.229007634,100,4.809160305,61.76470588,2.290076336,66.66666667,51.98473282,0.916030534,0.229007634,0.687022901,14.88549618,1.603053435,2.061068702,1.145038168,1.145038168,5.267175573,0.229007634,0.458015267,10.07633588
1086650,9798,375,0.017040001,0.48,,,0.103908134,32.64,80.95238095,1.2,19.23076923,1.44,0.24,0.48,33.33333333,0.72,60,3.6,46.875,1.68,53.84615385,58.8,0.96,0.96,0.48,3.84,0.72,0.96,,0.96,4.56,,0.24,2.16
612180,8484,367,0.071558581,1.226158038,0.980926431,,0.092234693,15.69482289,74.41860465,0.245231608,25,1.226158038,,0.490463215,15.38461538,0.245231608,12.5,5.14986376,36.84210526,1.471389646,33.33333333,43.40599455,2.452316076,1.716621253,2.697547684,3.433242507,0.735694823,0.490463215,,1.716621253,4.659400545,1.226158038,0.735694823,2.207084469
969256,10163,165,0.098127268,1.636363636,0.545454545,,0.055931889,19.09090909,72.91666667,,,1.090909091,,0.545454545,8.333333333,2.181818182,50,3.272727273,37.5,,,51.81818182,3.818181818,1.090909091,0.545454545,1.636363636,0.545454545,0.545454545,,1.636363636,5.454545455,1.636363636,0.545454545,
1197548,8667,501,0.157508982,2.335329341,1.077844311,,0.061044909,16.70658683,69.92481203,0.359281437,100,0.718562874,0.179640719,,,1.437125749,100,9.161676647,57.30337079,4.131736527,57.5,41.67664671,4.670658683,1.616766467,1.796407186,3.413173653,1.796407186,0.359281437,0.179640719,1.796407186,2.51497006,0.718562874,0.359281437,
1378819,8451,367,0.036735695,0.490463215,,0.245231608,0.03434899,30.16348774,78.34394904,2.452316076,37.03703704,0.490463215,,,,0.245231608,50,6.621253406,51.92307692,2.697547684,57.89473684,58.36512262,2.207084469,0.735694823,0.735694823,11.28065395,2.942779292,0.245231608,1.716621253,2.207084469,3.188010899,,0.980926431,6.376021798
1014981,8655,182,0.217532972,1.978021978,,,0.074133531,12.36263736,80.64516129,,,2.472527473,,0.989010989,25,2.967032967,37.5,6.923076923,33.33333333,0.494505495,20,43.51648352,6.923076923,1.483516484,0.989010989,2.967032967,2.472527473,,,4.450549451,2.967032967,0.494505495,0.989010989,
1122563,8427,357,0.440016795,2.268907563,2.016806723,0.504201681,0.070929928,9.579831933,62.29508197,0.504201681,40,1.008403361,0.504201681,0.25210084,33.33333333,0.756302521,27.27272727,4.285714286,39.53488372,1.512605042,35.29411765,35.29411765,5.798319328,1.008403361,0.25210084,3.529411765,1.764705882,0.756302521,,0.504201681,3.529411765,1.260504202,0.25210084,1.008403361
1751615,8451,354,0.081711861,2.288135593,1.016949153,,0.021645959,17.28813559,80,1.016949153,66.66666667,0.508474576,,0.254237288,8.333333333,0.762711864,27.27272727,4.830508475,39.58333333,1.525423729,54.54545455,46.27118644,2.033898305,2.033898305,1.016949153,4.322033898,1.525423729,1.016949153,0.254237288,1.016949153,4.322033898,0.762711864,1.016949153,1.525423729
1799262,10163,354,0.019169492,0.254237288,,0.254237288,0.004308132,24.40677966,73.28244275,1.271186441,18.51851852,,,,,,,6.355932203,54.34782609,2.542372881,38.46153846,52.88135593,0.508474576,0.254237288,1.779661017,13.47457627,2.033898305,0.508474576,2.288135593,0.762711864,3.050847458,,0.508474576,8.644067797
742405,8657,340,0.178067644,1.323529412,0.264705882,,0.078134673,38.64705882,80.66298343,0.529411765,15.38461538,0.794117647,,,,1.323529412,45.45454545,4.764705882,47.36842105,0.529411765,33.33333333,68.02941176,2.911764706,0.794117647,2.382352941,3.705882353,0.529411765,1.588235294,,1.058823529,5.294117647,0.264705882,0.794117647,1.588235294
1586395,10004,335,0.043764179,1.074626866,0.537313433,,0.027034479,16.3880597,69.31818182,1.611940299,35.29411765,,,,,,,2.686567164,34.48275862,0.537313433,33.33333333,40.02985075,0.805970149,0.268656716,0.805970149,4.567164179,1.343283582,0.268656716,0.537313433,1.074626866,2.955223881,,1.343283582,2.417910448
1318728,8655,339,0.010699115,0.265486726,,0.265486726,0.094519803,30.79646018,75.81699346,2.389380531,34.61538462,0.530973451,0.265486726,0.265486726,100,,,6.637168142,60.97560976,4.247787611,57.14285714,53.62831858,0.796460177,0.265486726,0.265486726,8.230088496,2.123893805,0.530973451,0.265486726,0.530973451,2.654867257,,0.530973451,5.309734513
874618,1842,315,0.28854285,2,0.857142857,0.285714286,0.031270602,11.71428571,68.33333333,,,0.285714286,,,,,,4.285714286,31.25,1.714285714,27.27272727,32.57142857,5.142857143,1.142857143,1.142857143,2.571428571,1.428571429,0.571428571,,2.571428571,2.285714286,0.571428571,0.571428571,0.571428571
1800413,10163,308,0.442987022,2.045454545,0.876623377,0.876623377,0.1142444,10.51948052,73.46938776,,,0.876623377,0.292207792,,,0.292207792,14.28571429,5.844155844,31.25,2.922077922,26.31578947,31.26623377,4.090909091,1.753246753,2.337662338,2.045454545,0.292207792,0.584415584,0.292207792,1.168831169,2.62987013,,,0.876623377
304860,9956,307,0.02242671,1.465798046,0.293159609,0.586319218,0.025891805,12.31270358,54.54545455,0.293159609,100,0.879478827,,,,,,5.276872964,33.33333333,3.517915309,37.5,40.45602606,3.2247557,2.345276873,,3.517915309,1.758957655,0.293159609,0.293159609,2.345276873,3.811074919,0.586319218,,1.172638436
774237,8464,3067,0.190995432,1.555265732,0.528203456,,0.122593383,31.9563091,80.42836041,0.968373003,41.7721519,1.379197913,0.381480274,0.469514183,30.18867925,0.557548093,39.58333333,4.695141832,44.32132964,1.878056733,49.23076923,55.87218781,3.433322465,1.496576459,0.762960548,3.169220737,1.525921096,0.41082491,0.176067819,1.232474731,4.078904467,0.733615911,0.528203456,
1305787,8637,520,0.042299999,0.519230769,0.173076923,,0.045250063,30.98076923,82.87037037,1.211538462,33.33333333,0.346153846,,0.346153846,28.57142857,0.173076923,33.33333333,5.192307692,57.69230769,1.038461538,31.57894737,58.15384615,0.692307692,0.519230769,1.730769231,5.711538462,2.25,0.692307692,0.173076923,0.692307692,,,,
1202031,1925,931,0.014413533,0.193340494,,,0.022184627,15.56390977,75.58685446,0.483351235,27.77777778,0.386680988,,0.290010741,75,0.773361976,57.14285714,9.183673469,50.53191489,1.256713212,30.23255814,43.59828142,1.160042965,1.740064447,2.416756176,8.313641246,4.736842105,1.740064447,0.386680988,2.706766917,4.25349087,0.193340494,1.256713212,
662936,8548,159,,0,,,0.009737372,23.20754717,82,,,,,,,,,2.264150943,66.66666667,1.698113208,100,39.05660377,0.566037736,0.566037736,,3.962264151,0.566037736,1.132075472,0.566037736,0.566037736,1.132075472,,,
184367,8451,298,0.830234921,4.530201342,1.510067114,,0.012858714,9.060402685,62.5,0.302013423,20,0.604026846,,,,0.302013423,33.33333333,4.530201342,34.88372093,3.624161074,52.17391304,29.59731544,6.040268456,1.208053691,0.604026846,1.510067114,,0.604026846,0.302013423,2.416107383,2.718120805,0.302013423,0.906040268,0.604026846
1130774,8466,295,0.112667799,1.830508475,0.305084746,,0.333245431,21.66101695,77.17391304,,,2.13559322,0.305084746,0.915254237,30,1.220338983,44.44444444,5.491525424,40.90909091,0.305084746,11.11111111,53.38983051,7.322033898,2.745762712,3.050847458,3.050847458,0.915254237,1.220338983,0.305084746,0.610169492,4.881355932,0.915254237,0.610169492,0.610169492
1276686,10003,2675,0.151408591,3.229906542,1.110280374,,0.275721124,41.18130841,82.25806452,4.676635514,57.67634855,2.355140187,0.538317757,2.489719626,31.62393162,0.807476636,43.63636364,4.071028037,50,0.168224299,21.73913043,75.22990654,2.153271028,0.975700935,1.951401869,8.680373832,1.143925234,1.009345794,0.06728972,0.773831776,5.719626168,0.908411215,0.706542056,0.740186916
1226849,8549,272,0.559786764,5.955882353,2.316176471,1.323529412,0.0682675,20.84558824,79.74683544,0.661764706,66.66666667,0.330882353,,,,0.330882353,50,3.970588235,40,0.992647059,42.85714286,44.66911765,5.955882353,1.985294118,1.985294118,1.985294118,0.661764706,0.330882353,0.661764706,1.985294118,2.316176471,0.992647059,0.330882353,0.330882353
1203652,8197,271,0.147121767,1.328413284,0.664206642,,0.024705587,15.27675277,69.6969697,0.332103321,50,0.996309963,,0.332103321,14.28571429,0.332103321,25,3.985239852,33.33333333,0.332103321,8.333333333,40.51660517,2.656826568,1.660516605,2.324723247,1.660516605,0.996309963,,0.332103321,1.328413284,3.985239852,0.332103321,0.332103321,0.332103321
1212866,9817,269,0.358026006,1.003717472,0.334572491,,0.037982109,26.76579926,77.66990291,0.334572491,20,1.338289963,,,,0.669144981,22.22222222,7.026022305,37.5,0.669144981,18.18181818,57.5464684,3.345724907,2.676579926,1.672862454,6.022304833,4.014869888,1.003717472,,2.676579926,6.022304833,0.334572491,1.003717472,1.003717472
127133,10253,265,0.085516981,1.698113208,0.679245283,0.339622642,0.051281377,13.58490566,65.57377049,1.358490566,66.66666667,1.698113208,0.339622642,,,0.679245283,66.66666667,4.754716981,46.66666667,1.358490566,36.36363636,33.62264151,1.358490566,1.018867925,0.679245283,3.396226415,2.037735849,0.679245283,,1.358490566,4.41509434,,0.339622642,0.679245283
1363536,8466,1801,0.593975005,2.998334259,1.249305941,,0.068692406,7.345918934,68.69158879,0.099944475,50,0.749583565,0.249861188,0.049972238,12.5,0.549694614,39.28571429,3.048306496,40.39735099,1.749028318,43.20987654,22.93725708,5.496946141,0.699611327,0.299833426,1.149361466,0.449750139,0.099944475,0.199888951,0.399777901,1.299278179,0.699611327,0.249861188,
174325,9850,259,0.043332047,0.694980695,0.694980695,0.347490347,0.101832054,55.94594595,85.18518519,4.517374517,56.52173913,1.737451737,,,,,,6.254826255,75,5.212355212,88.23529412,75.75289575,3.474903475,0,0.347490347,7.297297297,1.042471042,,0.347490347,1.38996139,4.517374517,,0.347490347,5.907335907
1113784,9853,2552,0.025998433,0.881661442,0.211598746,,0.055939542,50.57210031,88.40937115,2.715517241,55.79710145,0.564263323,0.070532915,,,0.670062696,59.375,5.113636364,57.08661417,1.199059561,70.83333333,71.59090909,0.246865204,0.634796238,1.340125392,6.665360502,2.010188088,1.657523511,0.423197492,1.481191223,5.536833856,0.317398119,0.846394984,
605262,8667,250,0.180503998,1.08,0.36,,0.078803558,33.48,78.81355932,0.72,28.57142857,1.44,0.36,,,0.72,66.66666667,5.76,48.48484848,2.16,60,62.28,2.52,1.44,1.08,3.96,1.8,1.44,0.36,2.16,6.12,0.36,0.72,0.36
1573605,10003,261,0.019620689,0.689655172,0.344827586,,0.062728129,29.65517241,81.13207547,0.689655172,18.18181818,0.689655172,,0.689655172,28.57142857,0.344827586,20,4.482758621,54.16666667,1.034482759,100,63.79310345,2.068965517,1.034482759,0.344827586,10,2.75862069,1.724137931,,0.689655172,3.793103448,,0.689655172,5.517241379
1683723,8667,229,0.079388649,0.3930131,,0.3930131,0.00228521,26.72489083,80.95238095,,,,,,,0.786026201,100,7.467248908,48.71794872,3.144104803,42.10526316,50.69868996,0.3930131,1.179039301,1.179039301,10.61135371,2.358078603,1.965065502,1.179039301,1.965065502,3.537117904,,0.3930131,5.109170306
740171,8346,249,0.101132529,2.530120482,,,0.044586832,32.1686747,73.55371901,0.361445783,33.33333333,0.722891566,,,,1.445783133,44.44444444,7.590361446,52.5,1.445783133,40,66.14457831,1.807228916,0.722891566,2.168674699,3.614457831,2.530120482,0.361445783,,1.807228916,3.614457831,,0.361445783,0.722891566
629924,10170,1127,,0,,,0.023161115,23.87755102,78.06788512,1.038154392,29.54545455,0.15971606,,0.15971606,16.66666667,0.479148181,66.66666667,4.55190772,58.16326531,1.197870453,51.72413793,54.06388642,0.239574091,0.638864241,0.638864241,5.270629991,2.236024845,1.038154392,0.239574091,0.878438332,2.795031056,0.07985803,0.399290151,
672487,10170,400,0.203670001,2.475,0.9,,0.116986585,12.375,74.32432432,0.45,66.66666667,1.575,0.225,1.35,30,3.375,57.69230769,5.4,40.6779661,0.45,28.57142857,41.625,5.4,2.925,1.35,1.575,0.225,0.9,0.225,0.45,3.6,,0.9,
922539,8653,222,0.154621617,1.621621622,0.405405405,,0.03109198,17.43243243,84.31372549,0.810810811,100,1.216216216,,,,0.405405405,25,4.054054054,41.66666667,1.216216216,33.33333333,35.27027027,2.432432432,0.405405405,1.621621622,3.648648649,0.810810811,0.810810811,,0.810810811,2.837837838,0.405405405,0.810810811,2.027027027
662604,8549,217,,0,,,0.009681835,37.32718894,84.11214953,1.658986175,28.57142857,,,,,0.414746544,100,5.391705069,59.09090909,3.732718894,60,64.70046083,0.829493088,0,,14.51612903,1.244239631,2.488479263,0.829493088,0.829493088,2.903225806,,0.414746544,9.953917051
1603284,10172,219,0.036986303,1.643835616,,,0.119634397,32.05479452,80.41237113,3.698630137,60,1.232876712,,,,0.410958904,25,4.931506849,38.70967742,0.821917808,22.22222222,64.52054795,1.232876712,0.410958904,0.410958904,7.808219178,3.287671233,0.410958904,,2.054794521,2.876712329,,1.232876712,4.109589041
1170744,8455,722,0.016342105,0.373961219,,,0.114100711,32.16066482,80.37383178,0.747922438,26.08695652,0.872576177,0.249307479,0.747922438,35.29411765,0.872576177,58.33333333,5.360110803,62.31884058,1.246537396,66.66666667,64.8199446,2.119113573,0.997229917,1.121883657,5.609418283,2.119113573,0.623268698,0.12465374,0.249307479,4.612188366,0.12465374,0.747922438,
1455322,9850,201,0.005686567,0.447761194,,0.447761194,0.223457435,41.64179104,77.5,2.686567164,46.15384615,1.343283582,0.895522388,0.895522388,33.33333333,0.447761194,50,7.164179104,59.25925926,3.134328358,63.63636364,85.97014925,0.895522388,0,0.895522388,7.164179104,2.686567164,0.895522388,,2.23880597,3.582089552,,1.343283582,3.582089552
865934,8401,201,,0,,,0.015371673,24.17910448,65.06024096,0.895522388,22.22222222,,,,,,,6.268656716,56,3.582089552,66.66666667,68.95522388,0.895522388,0.895522388,0.447761194,9.402985075,2.23880597,0.895522388,0.895522388,2.23880597,3.582089552,,,5.373134328
1358582,8669,196,0.070025512,0.918367347,,0.459183673,0.036918797,19.74489796,66.15384615,1.37755102,60,0.459183673,,1.37755102,60,0.918367347,50,5.510204082,63.15789474,1.836734694,57.14285714,57.85714286,2.295918367,0.459183673,0.918367347,5.969387755,1.836734694,0.459183673,0.459183673,0.459183673,5.510204082,,,3.214285714
229711,9799,222,0.017554054,0.810810811,,,0.037384409,22.7027027,91.80327869,0.810810811,66.66666667,0.405405405,,,,0.405405405,50,2.837837838,33.33333333,,,39.72972973,1.621621622,0.810810811,0.810810811,5.675675676,1.621621622,1.216216216,,2.027027027,,,,
949483,6628,536,,4.365671642,1.679104478,1.343283582,,14.7761194,74.57627119,0.335820896,100,1.007462687,0.503731343,0.335820896,20,1.51119403,60,7.052238806,47.72727273,3.526119403,53.84615385,38.95522388,7.555970149,1.679104478,1.175373134,2.518656716,0.839552239,0.167910448,0.167910448,2.518656716,,,,
635947,6433,554,0.013808663,0.324909747,0.162454874,,0.094720691,34.44043321,79.40074906,0.487364621,16.66666667,0.974729242,0.324909747,0.812274368,21.73913043,0.649819495,40,6.335740072,46.98795181,1.624548736,41.66666667,72.61732852,1.949458484,0.974729242,1.78700361,5.848375451,2.436823105,0.649819495,,2.274368231,4.223826715,0.812274368,0.974729242,
1222770,8472,407,,0,,,0.021722509,33.39066339,74.38423645,1.769041769,26.66666667,0.663390663,,0.221130221,16.66666667,0.442260442,66.66666667,7.518427518,53.125,4.643734644,60,71.2039312,0.663390663,0.884520885,,10.61425061,2.432432432,0.884520885,0.663390663,2.211302211,3.316953317,0.221130221,0.221130221,6.633906634
1187308,8667,172,,0,,,0.018090576,29.8255814,77.02702703,0.523255814,12.5,1.046511628,,,,,,7.848837209,60,2.093023256,66.66666667,71.68604651,1.046511628,0.523255814,1.046511628,10.98837209,4.709302326,2.61627907,,1.569767442,6.802325581,0.523255814,1.569767442,3.662790698
584825,9841,2276,0.392425299,2.491212654,0.98857645,,0.040742449,5.733743409,62.23175966,0.276801406,36.84210526,0.632688928,0.158172232,,,0.316344464,42.10526316,2.491212654,23.77358491,1.304920914,20.88607595,20.68101933,4.74516696,1.107205624,0.39543058,1.739894552,0.514059754,0.237258348,0.237258348,0.59314587,2.016695958,0.355887522,0.98857645,
671518,8197,178,0.193348318,1.011235955,1.011235955,1.011235955,0.006993566,43.98876404,81.30841121,1.516853933,30,,,,,1.011235955,100,8.08988764,76.19047619,6.573033708,76.47058824,72.30337079,2.02247191,0,,13.14606742,0.505617978,0.505617978,1.011235955,0.505617978,2.02247191,,0.505617978,11.12359551
1053675,8689,1218,,0.665024631,0.147783251,0.443349754,,58.37438424,88.96396396,3.842364532,55.91397849,0.147783251,,0.073891626,33.33333333,0.221674877,60,6.945812808,65.27777778,3.620689655,62.82051282,81.79802956,0.591133005,0.221674877,0.960591133,9.532019704,2.142857143,1.625615764,0.812807882,1.034482759,6.724137931,0.147783251,0.369458128,4.950738916
1074758,9796,896,0.07299442,1.004464286,0.401785714,,0.176940826,18.18080357,66.3003663,0.401785714,12.90322581,1.40625,0.502232143,1.607142857,23.88059701,1.305803571,41.93548387,6.026785714,46.875,1.104910714,42.30769231,53.4375,3.013392857,1.305803571,1.004464286,4.21875,2.611607143,0.502232143,,1.40625,1.808035714,0.200892857,1.004464286,
823592,8655,158,0.008544304,0.569620253,,,0.326034015,29.62025316,76.47058824,1.139240506,33.33333333,1.708860759,,2.848101266,55.55555556,2.278481013,44.44444444,10.82278481,50,2.278481013,44.44444444,78.03797468,2.848101266,2.848101266,4.556962025,8.544303797,1.708860759,1.708860759,0.569620253,1.708860759,6.265822785,0.569620253,0.569620253,4.556962025
201664,8655,149,0.035879194,1.208053691,,,0.03142655,27.7852349,74.19354839,1.812080537,50,,,,,,,3.020134228,33.33333333,,,56.77852349,1.208053691,1.812080537,1.208053691,4.228187919,1.812080537,1.208053691,,1.208053691,5.436241611,,0.604026846,1.208053691
1211437,10200,2489,0.004657292,0.1084773,,,0.062534109,30.37364403,81.7916261,1.518682202,39.62264151,0.650863801,0.1807955,1.084773001,30.92783505,0.2892728,47.05882353,4.881478505,51.92307692,0.831659301,35.38461538,60.81960627,0.614704701,0.470068301,0.650863801,7.593411008,3.145841703,1.518682202,0.542386501,0.687022901,,,,
760400,8651,156,0.430615384,1.730769231,1.153846154,0.576923077,0.000477035,13.26923077,85.18518519,0.576923077,50,,,,,,,3.461538462,54.54545455,2.307692308,57.14285714,29.42307692,2.884615385,0,,9.807692308,1.153846154,,1.153846154,0.576923077,1.153846154,,0.576923077,7.5
1805495,8451,149,,0,,,0.012059517,15.10067114,60.97560976,1.812080537,30,,,,,1.208053691,100,7.248322148,80,3.020134228,83.33333333,44.69798658,1.812080537,0,,10.87248322,3.020134228,1.812080537,1.208053691,1.208053691,5.436241611,0.604026846,,4.832214765
536457,10185,138,0.082565216,3.260869565,,,0.058033834,39.13043478,88.23529412,1.304347826,40,,,,,3.913043478,50,9.782608696,57.69230769,,,75.65217391,1.956521739,1.956521739,4.565217391,1.956521739,1.304347826,0.652173913,,,5.217391304,0.652173913,,
1286192,158085,131,0.268625956,2.061068702,0.687022901,0.687022901,0.036168347,15.11450382,55,0.687022901,50,,,,,,,6.183206107,28.125,4.809160305,35,46.71755725,7.557251908,1.374045802,0.687022901,1.374045802,0.687022901,,,4.809160305,3.435114504,,0.687022901,0.687022901
1799270,10163,105,0.360600012,4.285714286,1.714285714,,0.207168792,18.85714286,84.61538462,,,0.857142857,,0.857142857,33.33333333,0.857142857,33.33333333,1.714285714,20,,,49.71428571,3.428571429,0.857142857,0.857142857,2.571428571,,0.857142857,0.857142857,3.428571429,1.714285714,0.857142857,,0.857142857
609755,8456,1239,0.031278449,0.799031477,0.14527845,,0.034644877,31.08958838,81.06060606,2.978208232,54.66666667,0.363196126,,0.435835351,30,0.363196126,45.45454545,4.866828087,42.67515924,0.581113801,26.66666667,57.16707022,0.363196126,0.726392252,1.452784504,6.900726392,2.542372881,1.380145278,0.435835351,2.033898305,4.939467312,0.290556901,1.743341404,
524651,8549,91,,0,,,0.003148724,30.65934066,88.57142857,0.989010989,50,,,,,,,7.912087912,80,6.923076923,87.5,50.43956044,,0,,12.85714286,0.989010989,0.989010989,,0.989010989,2.967032967,,,10.87912088
1340895,10269,135,0.393066684,3.333333333,0.666666667,,0.308386008,42.66666667,82.05128205,1.333333333,66.66666667,4,2,2,20,2,75,4.666666667,46.66666667,0.666666667,50,78.66666667,2,2.666666667,0.666666667,3.333333333,1.333333333,2,,,5.333333333,0.666666667,1.333333333,
1136450,8667,2275,0.154182863,1.424175824,0.553846154,,0.132033508,18.83076923,75.07886435,0.593406593,41.66666667,1.226373626,0.276923077,0.435164835,20,0.791208791,43.47826087,4.984615385,47.72727273,1.542857143,45.34883721,41.4989011,3.837362637,1.028571429,1.107692308,3.046153846,1.542857143,0.672527473,,0.791208791,3.362637363,0.435164835,0.751648352,
541330,10163,1297,0.006141095,0.138781804,,,0.040460418,27.54818813,82.88100209,1.873554356,51.92307692,0.138781804,,0.069390902,33.33333333,0.138781804,33.33333333,4.302235929,54.38596491,0.763299923,50,43.64687741,0.34695451,0.485736315,0.693909021,5.204317656,2.775636083,0.902081727,0.34695451,1.31842714,,,,
929665,10170,2333,0.089540934,1.427346764,0.308615517,,0.113470543,25.69224175,74.74747475,2.700385769,48.95104895,1.041577368,0.077153879,0.92584655,25.80645161,1.234462066,51.61290323,4.282040291,43.7007874,0.540077154,31.81818182,52.38748393,1.427346764,1.157308187,0.810115731,3.394770682,1.697385341,0.88726961,0.077153879,1.080154308,4.899271324,0.540077154,1.080154308,
1390003,8657,285,0.346484222,2.210526316,0.631578947,,0.033029112,10.10526316,66.66666667,,,0.947368421,,,,0.631578947,16.66666667,3.789473684,25,1.578947368,20,35.05263158,4.105263158,1.263157895,0.947368421,2.210526316,0.631578947,0.315789474,,1.263157895,1.263157895,,,
1512798,773685,85,,0,,,0.01009854,19.05882353,66.66666667,1.058823529,100,,,,,,,4.235294118,57.14285714,1.058823529,50,45.52941176,1.058823529,1.058823529,1.058823529,3.176470588,2.117647059,,,1.058823529,4.235294118,,,1.058823529
231801,8411,1641,0.076354661,1.151736746,0.219378428,,0.259839726,27.69652651,69.55922865,2.193784278,38.46153846,2.138939671,0.548446069,1.755027422,23.88059701,0.987202925,78.26086957,6.307129799,53.48837209,2.468007313,52.94117647,64.49725777,1.425959781,0.548446069,0.71297989,5.484460695,2.138939671,1.206581353,0.164533821,1.645338208,5.21023766,0.274223035,0.822669104,
1516829,8549,2099,,1.243449262,0.214387804,,,35.84564078,84.44444444,2.272510719,50.96153846,0.55740829,0.042877561,0.128632682,30,0.771796093,62.06896552,5.273939971,50.20408163,1.200571701,40,57.37017627,0.385898047,0.771796093,1.071939019,5.831348261,2.31538828,1.629347308,0.257265364,1.886612673,,,,
1431456,8462,101,0.880841583,3.564356436,1.782178218,,0.054957902,6.237623762,87.5,,,0.891089109,,,,,,3.564356436,22.22222222,0.891089109,16.66666667,29.40594059,8.910891089,3.564356436,,3.564356436,2.673267327,,,1.782178218,2.673267327,1.782178218,,
935550,9857,90,,0,,,0.00148697,34,94.44444444,,,,,,,,,2,40,1,33.33333333,53,,0,1,14,,2,,,1,,1,12
847221,9841,3800,0.280672111,2.510526316,1.042105263,,0.090539106,21.17368421,79.67914439,1.421052632,60,1.136842105,0.260526316,0.426315789,27.69230769,0.639473684,45.76271186,3.339473684,40.17094017,1.160526316,36.02941176,40.73684211,3.268421053,1.35,0.828947368,1.823684211,0.710526316,0.260526316,0.047368421,0.497368421,3.197368421,0.568421053,0.378947368,
752558,10172,943,0.304969247,2.576882291,0.763520679,,0.021585767,8.303287381,72.5,0.19088017,100,0.668080594,,,,0.19088017,40,2.95864263,35.63218391,1.813361612,36.53846154,21.56945917,3.626723224,0.954400848,0.572640509,1.431601273,0.381760339,,0.095440085,0.858960764,1.908801697,0.095440085,0.286320255,
1365254,9817,661,0.04056127,0.953101362,0.136157337,,0.152876692,11.70953101,67.1875,0.544629349,30.76923077,0.953101362,,0.680786687,17.85714286,0.680786687,38.46153846,3.676248109,28.42105263,1.225416036,30,36.21785174,2.178517398,2.042360061,0.408472012,3.267776097,1.361573374,0.680786687,,1.770045386,1.770045386,0.136157337,1.633888048,
924610,8466,67,,0,,,0.366601846,51.04477612,90.47619048,2.686567164,100,2.686567164,,1.343283582,12.5,,,,,,,84.62686567,,0,,1.343283582,,,,,6.71641791,,,1.343283582
212470,8270,1360,0.009317647,0.330882353,0.066176471,,0.048736763,52.61029412,90.85714286,2.845588235,71.66666667,0.529411765,0.066176471,0.198529412,37.5,0.264705882,57.14285714,4.830882353,49.65986395,0.860294118,41.93548387,70.47794118,0.264705882,0.860294118,1.191176471,5.161764706,2.514705882,0.794117647,0.529411765,1.852941176,,,,
1207956,773660,50,0.50346002,1.8,,,0.058821427,30.6,89.47368421,,,1.8,,,,,,5.4,37.5,1.8,100,55.8,3.6,5.4,,5.4,3.6,,,1.8,5.4,,,1.8
169225,8653,69,0.219913034,1.304347826,1.304347826,1.304347826,0.031691334,6.52173913,71.42857143,,,2.608695652,,,,,,1.304347826,20,,,18.26086957,3.913043478,0,,1.304347826,1.304347826,,,3.913043478,,,1.304347826,
201787,8645,2430,0.033677777,0.666666667,0.259259259,,0.03018611,28.81481481,81.1261731,2.481481481,42.94871795,0.185185185,0.037037037,,,0.037037037,100,4.62962963,57.60368664,2.962962963,63.49206349,49.22222222,1.592592593,0.296296296,0.259259259,8.740740741,1.407407407,1.037037037,0.962962963,1.111111111,2.962962963,0.074074074,0.37037037,
924315,8658,2233,0.129442009,1.612180923,0.5239588,,0.111456213,24.50515002,82.72108844,0.846394984,56.75675676,1.410658307,0.322436185,0.322436185,22.22222222,0.765785938,57.57575758,2.458575907,46.21212121,0.120913569,25,41.83609494,2.982534707,0.967308554,1.007613077,1.733094492,0.564263323,0.403045231,0.241827138,0.685176892,3.103448276,0.403045231,0.403045231,
1370590,9848,723,0.289829875,1.867219917,1.12033195,,0.030199075,10.33195021,70.33898305,0.124481328,25,0.746887967,0.124481328,,,0.248962656,28.57142857,2.738589212,33.33333333,1.12033195,33.33333333,26.26556017,4.730290456,0.622406639,0.995850622,0.871369295,0.497925311,,,1.618257261,2.489626556,0.497925311,0.622406639,
1334842,8669,1446,0.140620328,2.365145228,0.684647303,,0.171203035,21.59751037,78.50678733,2.178423237,68.62745098,1.556016598,0.622406639,1.182572614,22.61904762,2.489626556,60.60606061,6.286307054,55.19125683,0.31120332,50,51.84647303,4.979253112,1.556016598,2.116182573,2.178423237,1.369294606,0.435684647,0.124481328,1.307053942,3.98340249,0.622406639,0.435684647,
1526413,8669,478,0.026058577,0.564853556,,,0.018742571,29.74895397,81.02564103,1.129707113,42.85714286,0.188284519,,,,0.564853556,30,4.142259414,38.59649123,0.753138075,40,53.09623431,1.694560669,2.447698745,0.753138075,3.20083682,2.071129707,0.376569038,,0.753138075,4.89539749,0.188284519,0.941422594,
605260,8427,1419,0.032073995,0.697674419,,,0.219446539,53.34038055,84.69284995,2.410147992,45.78313253,1.77589852,0.190274841,1.522198732,40.6779661,0.317124736,41.66666667,5.073995772,57.14285714,1.458773784,71.875,78.8372093,0.507399577,0.697674419,1.458773784,4.693446089,1.902748414,0.824524313,0.570824524,1.458773784,,,,
1430830,10192,2080,0.045943269,1.384615385,0.432692308,,0.076129304,22.24038462,68.90080429,1.644230769,33.62831858,0.5625,0.129807692,0.346153846,14.28571429,0.432692308,45.45454545,3.894230769,45.91836735,0.908653846,41.17647059,55.6875,1.600961538,0.649038462,0.951923077,5.668269231,1.600961538,0.995192308,0.173076923,1.427884615,3.331730769,0.129807692,0.692307692,
1420268,161801,893,0.041573348,1.31019037,0.201567749,,0.11314204,28.11870101,69.23076923,2.821948488,39.43661972,1.31019037,0.201567749,1.007838746,23.80952381,0.403135498,57.14285714,5.240761478,56.52173913,0.503919373,45.45454545,64.30011198,0.302351624,1.410974244,1.914893617,6.248600224,2.519596865,1.713325868,0.302351624,1.10862262,5.845464726,0.201567749,0.604703247,
962706,10003,1027,0.052308665,0.613437196,0.17526777,,0.070190527,19.9805258,79.44250871,0.613437196,38.88888889,1.051606621,0.087633885,0.613437196,41.17647059,0.262901655,25,6.046738072,53.48837209,0.17526777,22.22222222,42.59006816,1.752677702,1.226874391,3.592989289,3.154819864,2.015579357,0.525803311,0.17526777,1.665043817,2.979552093,0.525803311,0.963972736,0.438169426
1394403,10003,1467,0.168711662,1.901840491,0.674846626,,0.120457204,12.14723926,65.56291391,0.36809816,31.57894737,0.920245399,0.36809816,0.061349693,4.545454545,1.042944785,38.63636364,6.012269939,37.98449612,3.251533742,38.68613139,36.3190184,5.27607362,1.349693252,0.797546012,2.208588957,0.981595092,0.122699387,0.122699387,1.226993865,2.883435583,0.613496933,0.552147239,0.18404908
290409,8411,1124,0.218049829,1.120996441,0.320284698,,0.058637275,18.09608541,81.00358423,0.880782918,64.70588235,0.400355872,0.080071174,,,0.160142349,28.57142857,2.482206406,25.40983607,1.040925267,24.52830189,33.22953737,2.482206406,1.521352313,0.880782918,2.161921708,0.400355872,0.240213523,0.080071174,1.761565836,3.443060498,0.320284698,0.480427046,
955379,8657,283,0.089713778,1.272084806,0.636042403,,0.023258764,36.89045936,81.69014085,0.636042403,22.22222222,0.318021201,,,,1.590106007,71.42857143,8.586572438,60,1.272084806,50,70.28268551,2.22614841,0.954063604,2.544169611,5.406360424,3.180212014,0.318021201,,1.272084806,5.724381625,0.636042403,1.590106007,
398992,10163,2182,0.049343264,0.371219065,0.123739688,,0.020528356,46.93858845,84.79880775,2.557286893,36.04651163,0.206232814,,,,0.247479377,85.71428571,6.186984418,70.09345794,3.588450962,79.09090909,70.44912924,1.03116407,0.041246563,0.907424381,11.63153071,1.48487626,0.783684693,0.824931256,1.072410632,,,,
109491,9841,742,0.210323461,1.576819407,0.363881402,,0.027530947,13.82749326,70.80745342,0.363881402,30,0.606469003,,,,0.606469003,45.45454545,4.123989218,42.5,2.18328841,46.15384615,30.68733154,2.789757412,0.485175202,0.242587601,3.032345013,1.091644205,0.242587601,0.242587601,1.576819407,1.819407008,0.485175202,0.363881402,
1178514,8667,11,,0,,,0.001786336,16.36363636,100,8.181818182,100,,,,,,,,,,,16.36363636,,0,,,,,,,,,,
1081285,8653,164,0.110634146,2.743902439,1.097560976,,0.043260041,15.91463415,82.85714286,2.195121951,57.14285714,0.548780488,,,,1.097560976,40,5.487804878,34.48275862,,,45,2.743902439,2.743902439,1.646341463,6.036585366,2.743902439,,,2.195121951,4.93902439,,2.195121951,
1414866,10172,467,0.044518202,0.770877944,0.770877944,0.385438972,0.043048404,35.07494647,87.92270531,0.385438972,33.33333333,0.385438972,,,,1.541755889,61.53846154,5.781584582,41.66666667,0.578158458,25,59.16488223,1.927194861,1.927194861,0.578158458,4.817987152,3.083511777,0.578158458,0.192719486,2.312633833,4.239828694,0.96359743,1.156316916,0.96359743
1287056,9902,3373,0.137758968,1.867773495,0.560332049,,0.168575544,23.05366143,73.46938776,1.841091017,43.94904459,1.200711533,0.293507264,0.587014527,28.94736842,0.907204269,53.125,5.336495701,52.21932115,0.853839312,40.50632911,48.24192114,2.561517937,0.933886748,2.161280759,2.50815298,1.467536318,0.346872221,0.160094871,1.174029054,,,,
1315434,8462,90,0.099200003,1,,,0.00959785,28,75.67567568,2,33.33333333,,,,,,,4,80,2,100,56,2,0,1,10,1,4,,,4,,1,
1077907,8667,797,0.024007527,0.338770389,0.225846926,,0.036055475,39.07151819,81.99052133,2.145545797,50,0.338770389,,0.225846926,25,1.016311167,52.94117647,7.904642409,57.85123967,1.580928482,66.66666667,75.43287327,0.790464241,1.016311167,2.145545797,6.775407779,3.161856964,1.580928482,0.338770389,1.919698871,7.678795483,0.112923463,1.242158093,
1109490,8351,1086,0.001674033,0.165745856,,,0.024035107,46.98895028,83.38235294,1.740331492,28.37837838,0.248618785,,0.165745856,22.22222222,0.082872928,33.33333333,2.651933702,46.37681159,0.662983425,32,70.60773481,0.745856354,0.248618785,0.165745856,5.303867403,1.740331492,0.662983425,0.497237569,0.828729282,2.486187845,0.165745856,0.414364641,
553798,8658,437,0.1697643,2.883295195,0.411899314,,0.088868754,26.36155606,74.41860465,0.411899314,20,2.059496568,,0.411899314,10,0.823798627,33.33333333,4.736842105,40.35087719,1.441647597,43.75,58.69565217,3.707093822,1.647597254,1.647597254,0.823798627,0.823798627,,,0.823798627,3.501144165,0.61784897,1.029748284,
963940,8472,700,0.058898574,0.385714286,0.128571429,,0.038280767,31.5,82.77027027,1.028571429,28.57142857,0.385714286,0.128571429,0.385714286,30,,,3.085714286,45.28301887,1.414285714,44,57.6,1.8,0.514285714,0.385714286,7.2,1.285714286,0.771428571,0.514285714,1.028571429,3.6,0.257142857,0.257142857,
872963,9817,2070,0.063817392,1.086956522,0.347826087,,0.046701416,42.7826087,91.36490251,1.260869565,54.71698113,0.434782609,,0.043478261,33.33333333,0.52173913,50,3.782608696,53.37423313,0.52173913,42.85714286,59.17391304,0.782608696,0.956521739,1.782608696,3.260869565,0.956521739,0.826086957,0.391304348,0.826086957,4.347826087,0.130434783,0.304347826,
1332788,10170,381,0.119763786,1.653543307,0.472440945,,0.041916049,8.74015748,67.27272727,,,0.236220472,,,,0.708661417,50,4.960629921,36.20689655,2.362204724,34.48275862,29.52755906,3.070866142,1.417322835,0.708661417,3.307086614,1.181102362,0.472440945,0.236220472,1.653543307,2.598425197,0.708661417,0.472440945,
1173017,9817,531,0.083271184,1.016949153,0.169491525,,0.066630987,31.3559322,80.43478261,1.016949153,26.08695652,0.847457627,,,,1.186440678,58.33333333,5.423728814,56.14035088,1.016949153,46.15384615,56.27118644,1.694915254,0.847457627,1.016949153,5.762711864,2.203389831,2.711864407,,0.677966102,5.423728814,0.847457627,0.677966102,
1388067,8411,480,0.051131247,1.3125,0.1875,,0.054619471,26.0625,75.13513514,1.125,33.33333333,0.1875,,0.1875,33.33333333,1.3125,58.33333333,7.125,52.77777778,1.5,53.33333333,53.8125,1.125,1.125,1.5,8.0625,2.8125,1.5,0.9375,1.875,6.1875,0.375,1.125,
789585,8549,655,0.338702278,3.297709924,0.961832061,,0.150933331,13.46564885,72.59259259,0.824427481,66.66666667,1.099236641,0.27480916,0.27480916,20,0.549618321,40,3.984732824,41.42857143,0.961832061,24.13793103,32.5648855,6.732824427,0.549618321,0.41221374,3.435114504,2.061068702,0.549618321,0.13740458,0.961832061,2.335877863,0.824427481,0.27480916,
660326,8588,3003,0.135707293,1.408591409,0.509490509,0.569430569,0.274826235,32.51748252,83.46153846,1.258741259,36.20689655,1.648351648,0.659340659,1.288711289,37.71929825,0.44955045,36.58536585,3.836163836,47.58364312,1.048951049,47.94520548,62.42757243,2.727272727,0.779220779,0.809190809,5.184815185,1.528471528,1.528471528,0.23976024,0.899100899,3.926073926,0.44955045,0.689310689,1.888111888
279461,8521,2792,0.007968481,0.290114613,0.032234957,,0.130391633,31.55802292,77.82193959,4.448424069,54.11764706,0.838108883,0.290114613,1.031518625,30.47619048,0.257879656,42.10526316,2.675501433,49.7005988,0.451289398,40,61.98782235,0.290114613,0.290114613,0.741404011,5.222063037,1.257163324,0.999283668,0.32234957,0.547994269,,,,
1305543,8583,2835,0.063879361,0.793650794,0.253968254,0.031746032,0.147473138,41.04761905,85.34653465,2.857142857,68.18181818,1.650793651,0.317460317,1.396825397,34.10852713,1.111111111,58.33333333,4.857142857,47.22222222,0.476190476,34.88372093,66.47619048,1.015873016,1.396825397,0.825396825,4.222222222,2.476190476,1.206349206,0.063492063,1.047619048,5.904761905,0.53968254,1.396825397,0.476190476
266105,9748,2836,0.004750705,0.158674189,,,0.025157662,52.96544429,90.65725149,1.967559944,41.05960265,0.063469676,,0.126939351,20,0.253878702,53.33333333,3.74471086,57.2815534,1.237658674,54.92957746,72.16502116,0.126939351,0.126939351,1.142454161,7.679830748,1.237658674,0.920310296,0.888575458,1.110719323,,,,
561869,8121,2880,0.00884375,0.15625,,,0.019337995,34.5,87.27272727,0.90625,43.28358209,0.5,,0.03125,25,0.5625,52.94117647,5.0625,60.90225564,0.59375,54.28571429,52.6875,0.34375,0.65625,1.6875,4.90625,2.25,1,0.25,0.75,4.59375,0.21875,0.9375,1.40625
923196,8583,2780,0.281874835,2.978417266,1.230215827,0.258992806,0.106499637,18.61510791,75.95772787,0.485611511,65.2173913,1.294964029,0.194244604,0.226618705,21.21212121,1.035971223,49.23076923,5.341726619,43.30708661,1.230215827,27.94117647,43.15467626,5.179856115,1.651079137,1.715827338,2.978417266,1.35971223,0.841726619,,0.938848921,2.946043165,0.809352518,0.258992806,0.776978417
1103837,9851,1905,0.180448817,2.031496063,0.897637795,,0.088878145,15.73228346,65.94059406,0.708661417,57.69230769,1.322834646,0.141732283,0.188976378,9.523809524,0.755905512,32,8.74015748,51.38888889,4.157480315,59.86394558,44.83464567,4.204724409,1.511811024,2.834645669,3.543307087,1.181102362,0.755905512,0.188976378,0.803149606,4.62992126,0.708661417,1.700787402,
471153,8521,2823,0.297736443,1.78533475,0.541976621,0.637619554,0.06613234,17.18384697,69.63824289,1.020191286,65.30612245,1.307120085,0.159404888,0.063761955,22.22222222,0.382571732,66.66666667,8.416578108,52.8,5.451647184,57.57575758,37.90648247,4.495217853,0.95642933,1.753453773,2.869287991,0.892667375,0.41445271,0.191285866,2.072263549,2.359192349,0.669500531,0.510095643,1.37088204
492116,8121,3060,0.016008824,0.294117647,0.029411765,0.147058824,0.039923643,49.20588235,86.5942029,3.029411765,42.73858921,0.235294118,0.088235294,0.294117647,41.66666667,0.294117647,62.5,3.411764706,59.18367347,1.088235294,62.71186441,72.29411765,0.470588235,0.264705882,0.558823529,8.588235294,1.5,1.411764706,0.470588235,0.647058824,,,,
1079548,8521,2777,0.043230464,0.810226864,0.259272596,0.032409075,0.044040949,31.20993878,80.92436975,2.592725963,50.95541401,0.35649982,,0.388908894,23.52941176,0.129636298,33.33333333,3.467770976,55.15463918,0.842635938,60.46511628,52.50270076,0.259272596,0.129636298,0.388908894,7.000360101,2.13899892,1.523226503,0.453727044,0.907454087,4.180770616,0.194454447,0.972272236,2.884407634
1178325,8121,2719,0.020876425,0.430305259,0.165502023,0.297903641,0.008487071,40.84589923,90.6020558,1.390216992,41.58415842,0.132401618,,,,0.099301214,60,3.674144906,58.11518325,1.820522251,52.38095238,58.28981243,0.595807282,0.066200809,0.231702832,9.235012872,1.555719014,1.026112541,0.827510114,0.7282089,,,,
562719,9851,2745,0.032822949,0.721311475,0.327868852,0.032786885,0.132632428,59.67213115,89.12830558,1.803278689,54.45544554,1.442622951,0.262295082,0.098360656,14.28571429,0.62295082,55.88235294,4.918032787,53.00353357,1.016393443,56.36363636,81.63934426,0.918032787,0.655737705,0.852459016,6,2.426229508,1.278688525,0.327868852,1.573770492,5.409836066,0.62295082,0.950819672,1.967213115
812415,8521,2697,0.024276975,0.734149055,0.166852058,0.033370412,0.063386266,31.50166852,84.21052632,1.635150167,44.95412844,0.567296997,0.066740823,0.233592881,28,0.567296997,62.96296296,4.438264739,58.59030837,0.43381535,54.16666667,51.29032258,0.266963293,0.467185762,1.101223582,5.773081201,2.33592881,1.501668521,0.100111235,1.034482759,5.439377086,0.400444939,1.101223582,1.835372636
1280225,9851,2702,0.417394162,2.897853442,1.29903775,0.666173205,0.039883618,13.39008142,77.4566474,0.499629904,55.55555556,0.766099186,0.099925981,0.133234641,21.05263158,0.299777942,33.33333333,2.431532198,39.03743316,1.432272391,44.32989691,26.91339748,3.730569948,0.499629904,0.532938564,0.866025167,0.233160622,0.066617321,,0.799407846,1.898593634,0.566247224,0.266469282,0.566247224
770321,9851,2660,0.107918797,0.981203008,0.406015038,0.067669173,0.077260446,35.15413534,88.57630009,0.642857143,59.375,0.778195489,0.101503759,0.135338346,14.28571429,0.845864662,40.32258065,4.736842105,51.47058824,0.879699248,57.77777778,55.31954887,2.537593985,0.744360902,0.947368421,4.906015038,2.097744361,1.082706767,0.304511278,1.319548872,3.112781955,0.439849624,0.609022556,1.421052632
955411,9941,2630,0.202352848,1.984790875,0.547528517,0.034220532,0.158537685,22.6539924,81.93069307,0.581749049,54.83870968,1.91634981,0.102661597,0.273764259,24.24242424,2.634980989,49.67741935,5.954372624,47.54098361,0.068441065,12.5,48.21673004,4.619771863,2.326996198,2.36121673,1.505703422,0.88973384,0.479087452,0.034220532,0.547528517,5.098859316,1.095057034,0.581749049,0.102661597
592102,9748,2758,0.009923496,0.130529369,,0.032632342,0.066093614,61.18564177,89.88494727,2.806381436,45.26315789,0.456852792,0.097897027,0.097897027,42.85714286,0.163161711,71.42857143,5.44960116,66.00790514,3.100072516,69.85294118,81.9724438,0.685279188,0.065264685,1.044234953,8.810732415,1.174764322,0.946337926,0.685279188,1.240029007,,,,
696263,8521,2643,0.062822929,1.123723042,0.442678774,,0.211328388,26.1861521,74.95126706,1.123723042,45.83333333,1.940976163,0.374574347,1.668558456,24.62311558,0.987514188,33.72093023,5.482406356,45.73863636,1.021566402,48.38709677,58.9784336,1.940976163,1.293984109,1.464245176,3.847900114,2.00908059,1.021566402,0.034052213,0.953461975,5.448354143,0.919409762,1.293984109,0.783200908
1053678,6379,2873,,0.344587539,0.12530456,,,65.40898016,91.69960474,6.265227985,65.78947368,0.12530456,0.03132614,,,0.1566307,100,4.667594849,70.95238095,2.004872955,65.97938144,83.39018448,0.438565959,0.12530456,0.845805778,8.426731639,1.691611556,1.159067177,0.689175078,0.595196659,,,,
656491,9941,2590,0.029422008,0.521235521,0.173745174,0.451737452,0.017732198,36.7992278,86.30806846,2.189189189,48.09160305,0.069498069,,,,0.104247104,100,4.274131274,62.12121212,2.606177606,66.37168142,56.88416988,1.077220077,0,0.72972973,8.409266409,0.868725869,1.494208494,0.764478764,1.007722008,,,,
266523,8592,2666,0.111159788,1.114028507,0.270067517,0.303825956,0.150108844,89.6624156,92.70506108,1.890472618,56.56565657,1.451612903,0.135033758,0.303825956,47.36842105,0.236309077,30.43478261,4.422355589,52.19123506,0.708927232,52.5,110.7614404,1.72168042,0.84396099,1.316579145,4.759939985,2.160540135,1.417854464,0.135033758,1.012753188,5.772693173,0.438859715,1.080270068,1.046511628
317062,9851,2623,0.204251613,1.406786123,0.446054136,,0.178311783,44.36523065,83.90655419,1.544033549,56.96202532,1.921463973,0.274494853,0.61761342,31.03448276,0.892108273,44.82758621,6.210446054,46.2915601,0.583301563,27.41935484,73.35874952,4.220358368,1.406786123,1.646969119,4.803659931,3.088067099,0.651925276,0.10293557,1.749904689,,,,
1073905,9746,2573,0.106737275,1.189273222,0.314807618,0.069957248,0.093831323,25.3245239,83.89339513,1.189273222,65.38461538,1.014380101,0.174893121,0.664593859,20.87912088,0.769529732,55,4.966964633,54.19847328,0.559657987,38.0952381,46.17178391,1.469102215,0.594636611,1.294209094,3.707734162,2.378546444,0.559657987,0.069957248,0.769529732,4.966964633,0.454722114,1.329187719,0.699572483
1186444,9941,2533,0.121437819,1.314646664,0.426371891,1.101460719,0.03156007,42.88590604,85.6635912,2.842479274,43.24324324,0.3908409,0.035530991,,,0.035530991,100,6.075799447,57.77027027,4.61902882,65,63.49388077,2.487169364,0.284247927,0.532964864,9.131464666,0.923805764,0.994867746,1.065929728,1.101460719,2.629293328,,0.710619818,6.146861429
1640832,8689,2041,,0.30867222,0.088192063,,,21.95982362,75.91463415,0.837824596,22.61904762,0.793728564,0.176384125,0.352768251,18.60465116,1.807937286,55.40540541,6.570308672,59.83935743,0.926016659,50,54.85546301,1.411073003,0.66144047,2.248897599,5.071043606,1.63155316,1.058304753,0.220480157,1.102400784,5.335619794,0.66144047,0.529152376,
448865,8521,2547,0.025378091,0.424028269,0.212014134,0.35335689,0.05492865,37.1024735,84,3.215547703,42.12962963,0.424028269,0.212014134,0.106007067,42.85714286,0.035335689,50,4.699646643,58.84955752,2.862190813,59.55882353,58.12720848,1.166077739,0.035335689,0.706713781,10.28268551,1.272084806,1.130742049,1.413427562,0.989399293,2.544169611,0.106007067,0.494699647,6.466431095
715301,9831,2531,0.046020543,0.817858554,0.213354405,,0.25064711,36.27024891,80.37825059,1.955748716,47.4137931,2.311339392,0.568945081,2.418016594,29.95594714,0.960094824,61.36363636,4.195969972,54.37788018,0.320031608,39.13043478,73.92730146,1.706835243,0.640063216,0.604504149,6.507309364,2.311339392,1.671276175,0.213354405,0.782299486,,,,
1113724,9748,2524,0.061709192,0.998415214,0.28526149,0.035657686,0.133894089,47.46038035,87.79683377,3.601426307,65.58441558,0.998415214,0.106973059,0.641838352,21.68674699,0.499207607,66.66666667,3.494453249,54.44444444,0.606180666,42.5,68.49841521,0.891442155,0.463549921,0.677496038,4.457210777,1.711568938,0.784469097,0.463549921,1.0340729,,,,
817724,8583,2525,0.195747321,2.20990099,0.605940594,0.320792079,0.072713932,21.06534653,84.06827881,0.81980198,65.71428571,1.140594059,0.178217822,0.071287129,6.451612903,1.176237624,38.37209302,5.738613861,39.95037221,1.63960396,41.07142857,44.87524752,4.099009901,1.996039604,1.675247525,2.459405941,1.247524752,0.356435644,0.071287129,2.281188119,,,,
1250492,9830,2519,0.256023028,3.036919412,0.821754665,0.178642318,0.149038806,10.50416832,70.84337349,0.285827709,40,1.07185391,0.250099246,0.464470028,22.03389831,1.822151647,43.96551724,5.216355697,43.19526627,1.214767765,47.22222222,34.94243748,5.109170306,1.643509329,1.500595474,1.35768162,0.714569274,0.285827709,,1.143310838,2.536720921,0.535926955,0.500198491,0.357284637
604089,9748,2485,0.057868009,0.507042254,0.253521127,,0.121790915,34.44265594,85.13876455,1.665995976,47.42268041,0.76056338,0.181086519,0.217303823,13.95348837,0.507042254,43.75,3.730382294,48.58490566,0.724346076,48.7804878,61.27967807,1.412474849,0.615694165,0.434607646,6.012072435,2.064386318,1.195171026,0.144869215,1.340040241,,,,
846392,8689,2610,0.024727585,0.482758621,0.068965517,0.24137931,0.017263667,44.44827586,89.20415225,2.413793103,47.61904762,0.24137931,0.034482759,,,0.103448276,50,3.931034483,60,2.655172414,62.09677419,62.20689655,0.862068966,0.103448276,0.413793103,8.896551724,0.75862069,0.896551724,0.827586207,0.206896552,3.068965517,0.034482759,0.620689655,6.413793103
445226,10144,2488,0.072745174,0.506430868,0.253215434,0.036173633,0.034718507,56.93729904,88.12989922,4.196141479,47.9338843,0.542604502,0.1085209,0.1085209,60,0.940514469,78.78787879,4.051446945,51.85185185,0.976688103,48.21428571,77.4477492,0.651125402,0.904340836,0.289389068,6.258038585,1.844855305,0.976688103,0.470257235,0.868167203,5.968649518,0.072347267,0.723472669,2.966237942
890263,9829,2494,0.02349599,0.50521251,0.180433039,0.108259824,0.189183898,40.05613472,83.33333333,2.056936648,44.53125,1.263031275,0.216519647,0.50521251,22.22222222,0.108259824,30,4.222133119,52.46636771,1.046511628,58,66.00240577,0.793905373,0.541299118,0.902165196,5.73777065,2.201283079,1.046511628,0.360866079,1.154771451,4.835605453,0.433039294,1.118684844,2.129109864
1233931,9851,2532,0.0458673,0.924170616,0.248815166,,0.162451747,37.64218009,78.44444444,1.990521327,37.08609272,1.670616114,0.177725118,1.101895735,19.49685535,0.568720379,50,4.052132701,52.29357798,0.462085308,41.93548387,77.23933649,1.421800948,0.746445498,1.066350711,5.651658768,1.990521327,1.244075829,0.426540284,0.781990521,4.763033175,0.426540284,0.995260664,1.990521327
857120,9746,2625,0.035557713,0.582857143,0.205714286,0.205714286,0.039483008,33.29142857,84.65562337,2.571428571,47.46835443,0.342857143,0.034285714,0.034285714,20,0.068571429,50,3.394285714,60.36585366,1.2,63.63636364,50.91428571,0.617142857,0.068571429,0.685714286,6.925714286,1.44,1.268571429,0.24,0.96,3.085714286,0.171428571,0.48,3.977142857
254308,8588,2460,0.312296356,2.670731707,0.987804878,0.219512195,0.328549827,32.74390244,78.99382171,1.536585366,53.84615385,2.890243902,0.585365854,2.085365854,28.64321608,1.829268293,43.10344828,4.390243902,40.4040404,0.402439024,36.66666667,67.6097561,6.329268293,2.048780488,1.243902439,1.609756098,0.914634146,0.365853659,0.073170732,0.695121951,4.097560976,0.987804878,0.731707317,0.256097561
950473,8695,2814,0.311133257,3.837953092,1.791044776,0.12793177,0.250836817,33.71002132,83.25434439,2.014925373,61.76470588,1.503198294,0.383795309,0.895522388,25.45454545,1.727078891,45,4.285714286,45.11784512,0.255863539,53.33333333,60.38379531,5.149253731,1.407249467,1.18336887,1.663113006,1.119402985,0.383795309,,0.767590618,2.814498934,0.799573561,0.735607676,0.159914712
420731,9746,2400,0.034331249,0.4125,0.15,0.4125,0.01681235,52.35,91.36125654,2.55,48.57142857,0.15,0.0375,,,0.0375,33.33333333,4.8,67.36842105,2.5875,72.63157895,70.6875,0.75,0.15,0.6375,9.525,1.5375,1.575,0.7875,1.0125,,,,
845943,9941,2704,0.034445634,0.565828402,0.166420118,0.066568047,0.119652178,36.37943787,82.49056604,2.130177515,53.33333333,0.898668639,0.166420118,0.565828402,21.25,0.732248521,62.85714286,6.25739645,58.20433437,0.798816568,58.53658537,60.84319527,0.63239645,0.399408284,1.531065089,6.057692308,3.195266272,1.397928994,0.299556213,1.764053254,5.724852071,0.299556213,1.397928994,1.164940828
823293,9941,2424,0.090204212,1.485148515,0.51980198,0.074257426,0.247652253,29.51732673,78.94736842,2.933168317,66.38655462,2.301980198,0.371287129,1.782178218,34.04255319,0.928217822,45.45454545,4.158415842,43.75,0.111386139,42.85714286,59.7029703,2.821782178,1.745049505,1.410891089,3.415841584,1.707920792,1.002475248,0.111386139,1.522277228,5.086633663,0.594059406,1.002475248,0.594059406
924485,9941,2427,0.011688504,0.22249691,0.037082818,0.185414091,0.037937642,37.37948084,86.30136986,1.705809642,46,0.704573548,0.111248455,,,0.22249691,85.71428571,3.745364648,55.80110497,1.446229913,53.42465753,59.77750309,0.482076638,0.037082818,0.44499382,6.711990111,1.668726823,0.889987639,0.482076638,1.29789864,3.597033375,0.074165637,0.407911001,3.671199011
1252070,8639,2404,0.047942594,0.823627288,0.224625624,0.37437604,0.036368268,56.41846922,91.44417476,3.481697171,53.75722543,0.149750416,0.112312812,0.037437604,20,0.262063228,77.77777778,2.995008319,58.82352941,1.085690516,58,72.2171381,0.9359401,0.074875208,0.411813644,6.776206323,1.235440932,1.347753744,0.486688852,0.74875208,4.342762063,0.074875208,0.449251248,3.706322795
1092403,9831,2396,0.040330966,0.563439065,0.187813022,0.037562604,0.052709769,34.48247078,80.52631579,1.577629382,32.0610687,0.563439065,0.187813022,0.563439065,18.98734177,0.601001669,59.25925926,4.732888147,54.31034483,1.164440735,50.81967213,66.52337229,0.713689482,0.751252087,1.014190317,6.83639399,1.953255426,1.502504174,0.525876461,0.976627713,,,,
210683,8639,2427,0.044169345,0.519159456,0.148331273,0.259579728,0.046186746,64.82076638,91.90325973,5.377008653,66.51376147,0.370828183,0.037082818,0.037082818,11.11111111,0.148331273,66.66666667,3.559950556,67.13286713,1.594561187,72.88135593,82.47218789,1.001236094,0.111248455,0.630407911,7.342398022,1.223733004,1.631644005,0.556242274,0.630407911,4.746600742,0.111248455,0.370828183,3.930778739
1044470,8639,1765,0.193650421,1.78470255,0.662889518,,0.161765682,36.91784703,82.74285714,1.325779037,63.41463415,1.78470255,0.305949008,0.866855524,28.81355932,1.376770538,56.25,4.69121813,52.57142857,0.101983003,11.76470588,61.69971671,4.283286119,0.662889518,1.376770538,2.651558074,1.835694051,0.407932011,0.101983003,0.968838527,3.620396601,0.662889518,0.866855524,
1367615,9847,2453,0.044871583,0.697105585,0.256828373,0.073379535,0.128261691,70.77456176,93.68625546,1.540970241,67.74193548,1.540970241,0.293518141,0.073379535,13.33333333,1.100693029,62.5,4.109253975,51.14155251,0.62372605,73.91304348,91.17407256,2.054626987,1.174072564,0.62372605,3.265389319,1.761108846,0.440277212,0.256828373,1.210762332,5.466775377,0.550346514,0.697105585,0.807174888
604088,9829,2358,0.062706106,0.610687023,0.038167939,0.534351145,0.020006483,54.61832061,87.09677419,2.328244275,42.65734266,0.190839695,0.038167939,,,0.152671756,57.14285714,6.297709924,63.70656371,2.557251908,60.90909091,78.20610687,1.030534351,0.076335878,1.106870229,8.473282443,2.480916031,1.145038168,0.877862595,1.030534351,3.511450382,0.114503817,0.763358779,3.969465649
1305618,9829,2410,0.269813274,1.79253112,0.709543568,,0.200581653,35.14107884,85.15837104,1.680497925,77.5862069,1.643153527,0.298755187,0.44813278,22.64150943,0.970954357,47.27272727,3.883817427,43.51464435,0.112033195,13.63636364,59.41493776,4.107883817,1.419087137,1.34439834,2.763485477,1.456431535,0.709543568,0.112033195,1.082987552,5.265560166,1.045643154,0.970954357,0.485477178
763974,8550,2354,0.157958785,1.682242991,0.497026338,0.114698386,0.168498841,49.28207307,89.82578397,4.282073067,82.96296296,2.217502124,0.267629567,1.414613424,25.51724138,0.344095157,40.90909091,1.949872557,34.45945946,0.267629567,35,70.61597281,2.752761257,1.376380629,0.649957519,1.223449448,0.688190314,0.305862362,0.07646559,0.573491929,3.785046729,0.573491929,0.8028887,0.152931181
1140003,9847,3113,0.036806618,0.34693222,0.028911018,,0.021901657,40.56215869,82.48089359,3.382589142,39.26174497,0.34693222,0.028911018,,,0.17346611,75,4.1053646,62.83185841,2.22614841,63.63636364,60.59749438,0.462576293,0.086733055,0.202377128,8.442017347,1.503372952,1.185351751,0.578220366,0.578220366,4.539029875,0.028911018,0.462576293,
1098243,9746,2348,0.022408006,0.613287905,0.19165247,,0.126738625,28.40289608,77.67295597,1.99318569,37.41007194,1.341567291,0.19165247,1.686541738,23.91304348,0.766609881,40,4.254684838,51.62790698,0.689948893,48.64864865,66.65672913,0.268313458,0.689948893,0.996592845,5.596252129,1.839863714,0.996592845,0.498296422,0.843270869,,,,
1429607,9831,2428,0.059093081,0.407742998,0.111202636,0.185337727,0.014755761,49.37397035,92.69311065,1.149093904,43.05555556,0.222405272,0.037067545,0.074135091,40,0.444810544,75,5.263591433,62.83185841,1.964579901,60.91954023,67.20345964,0.55601318,0.296540362,1.112026359,8.896210873,1.779242175,1.000823723,0.667215815,1.149093904,,,,
148830,8639,2333,0.124900557,1.041577368,0.231461637,0.540077154,0.092714104,45.98371196,83.41497551,2.584654951,68.36734694,0.88726961,0.077153879,0.115730819,14.28571429,0.540077154,60.86956522,7.985426489,57.34072022,3.356193742,55.41401274,72.17745392,2.507501072,1.118731247,1.697385341,5.593656237,2.546078011,1.273039006,0.192884698,1.350192885,5.516502357,0.88726961,0.732961852,1.581654522
1444231,8639,2379,0.273923086,2.572509458,1.134930643,0.151324086,0.17794291,19.21815889,81.80354267,0.643127364,85,1.361916772,0.189155107,0.453972257,21.81818182,1.361916772,43.90243902,3.783102144,41.84100418,0.151324086,12.12121212,40.02522068,6.960907945,1.248423707,1.513240858,1.172761665,0.756620429,0.26481715,0.037831021,0.567465322,1.967213115,0.643127364,0.79445145,0.113493064
883823,8583,2349,0.006229885,0.268199234,,,0.021777831,26.85823755,81.04046243,1.22605364,45.07042254,0.459770115,,,,0.383141762,76.92307692,4.367816092,52.05479452,0.498084291,37.14285714,45.28735632,,0.574712644,0.842911877,5.747126437,2.643678161,0.996168582,0.344827586,1.877394636,5.785440613,0.383141762,0.766283525,1.762452107
473852,9748,2306,0.336005222,2.107545533,1.053772767,0.507372073,0.142153179,43.20468343,84.24657534,3.395490026,73.1092437,1.287944493,0.351257589,0.429314831,22,0.234171726,37.5,5.698178664,48.82943144,2.107545533,52.42718447,67.90980052,3.824804857,0.936686904,2.146574154,3.746747615,1.248915872,0.702515178,0.39028621,1.639202082,,,,
1185211,8588,2327,0.129186934,1.972496777,0.541469703,0.038676407,0.077059494,48.42286205,86.22589532,3.210141813,66.4,1.469703481,0.116029222,0.038676407,14.28571429,1.237645037,56.14035088,7.348517404,56.54761905,1.198968629,56.36363636,75.61237645,1.547056296,1.005586592,1.663085518,6.188225183,3.326171036,1.547056296,0.193382037,1.353674259,,,,
1244272,8302,1251,0.072920863,0.503597122,0.287769784,,0.01022268,48.56115108,87.66233766,1.942446043,36,0.215827338,,0.071942446,50,0.35971223,83.33333333,5.683453237,57.24637681,2.446043165,58.62068966,71.00719424,1.079136691,0.503597122,1.151079137,8.345323741,1.798561151,1.510791367,0.35971223,1.582733813,3.81294964,,0.503597122,
771630,8722,2333,0.000123446,0.03857694,,,0.05944322,35.06643806,82.33695652,2.353193313,40.93959732,0.655807973,0.115730819,0.578654093,24.19354839,0.617231033,55.17241379,4.359194171,50.9009009,0.462923275,41.37931034,67.31675954,0.270038577,0.732961852,1.311615945,5.979425632,1.967423918,1.080154308,0.154307758,1.427346764,4.937848264,0.231461637,0.88726961,2.777539649
179873,8044,2461,0.026144251,0.402275498,0.073141,,0.059027841,28.34213734,77.19123506,2.047947989,41.17647059,0.475416497,0.0365705,0.585127997,21.33333333,0.621698497,58.62068966,4.461600975,58.93719807,0.694839496,55.88235294,56.50142219,1.316537993,0.329134498,1.023973994,6.070702966,2.121088988,1.060544494,0.109711499,0.987403495,4.059325477,0.182852499,0.841121495,
820712,8550,2273,0.069109545,0.910690717,0.395952486,0.079190497,0.064887274,37.10074791,86.43911439,2.336119666,50.86206897,0.435547734,0.079190497,0.316761989,13.55932203,1.187857457,71.42857143,5.662120546,56.52173913,0.356357237,39.13043478,67.7474703,1.10866696,0.633523977,1.306643203,7.245930488,2.850857897,1.148262209,0.514738231,1.267047954,,,,
1561552,8639,2329,0.063950621,0.618291112,0.193215973,,0.064867542,34.74023186,84.73138549,1.429798197,75.51020408,0.811507085,0.115929584,0.115929584,15.78947368,1.313868613,60.71428571,5.48733362,56.57370518,0.966079863,64.1025641,58.89222842,2.125375698,1.004723057,0.927436668,4.714469729,2.279948476,1.043366252,0.270502362,1.429798197,,,,
666954,9830,2254,0.024065217,0.439219166,0.15971606,0.239574091,0.050574591,47.1162378,84.70926059,4.991126886,48.26254826,0.399290151,0.07985803,,,0.15971606,50,3.833185448,61.53846154,1.756876664,68.75,69.91570541,0.638864241,0.119787045,0.838509317,9.942324756,1.118012422,0.798580302,0.678793256,0.918367347,3.833185448,,0.399290151,7.346938776
413525,9831,2855,,0.977232925,0.315236427,,,51.57267951,83.81147541,3.183887916,55.80110497,1.134851138,0.252189142,0.126094571,14.81481481,0.882661996,58.33333333,5.359019264,54.31309904,0.69352014,56.41025641,75.4676007,0.378283713,0.882661996,1.450087566,4.539404553,2.332749562,1.134851138,0.126094571,0.69352014,6.714535902,0.661996497,1.796847636,0.945709282
1073941,9851,2252,0.031112343,0.39964476,0.079928952,0.19982238,0.045579626,54.07193606,85.95933926,1.998223801,32.05128205,0.519538188,0.119893428,0.239786856,25,0.279751332,46.66666667,3.796625222,57.22891566,1.518650089,61.29032258,78.65008881,0.879218472,0.439609236,0.839253996,6.753996448,1.198934281,1.518650089,0.919182948,1.079040853,5.035523979,0.119893428,0.079928952,3.11722913
999690,6379,2229,0.137176318,2.01884253,0.807537012,,0.242889431,49.7039031,86.08391608,3.189771198,72.47706422,2.422611036,0.282637954,0.847913863,19.09090909,1.292059219,45.07042254,5.087483176,48.8372093,0.080753701,12.5,78.65410498,3.593539704,1.857335128,2.462987887,1.897711978,1.292059219,0.323014805,,0.605652759,5.32974428,0.969044415,0.767160162,0.282637954
815465,8639,2248,0.088806938,1.321174377,0.480427046,0.040035587,0.15189174,38.55427046,85.7524488,0.760676157,30.64516129,1.481316726,0.28024911,1.201067616,23.4375,0.560498221,41.17647059,4.84430605,52.83842795,0.760676157,35.18518519,72.62455516,2.442170819,0.560498221,1.761565836,4.804270463,1.761565836,0.920818505,0.240213523,0.840747331,3.763345196,0.440391459,0.800711744,1.881672598
1327156,8121,2240,0.045168749,0.482142857,0.120535714,0.241071429,0.04389995,24.14732143,80.99730458,0.522321429,36.11111111,0.482142857,0.040178571,0.361607143,14.28571429,0.5625,38.88888889,5.263392857,53.90946502,1.044642857,50,54.72321429,1.526785714,1.044642857,1.245535714,6.026785714,2.410714286,1.245535714,0.401785714,1.205357143,,,,
1513317,6379,2171,0.081957623,0.746199908,0.207277752,0.165822202,0.061595622,32.50115154,85.96491228,1.492399816,52.17391304,0.663288807,0.165822202,0.207277752,38.46153846,0.373099954,45,4.601566099,52.35849057,1.036388761,42.37288136,55.30170428,1.326577614,0.704744357,0.787655458,7.213265776,2.404421925,1.616766467,0.497466605,1.077844311,3.399355136,0.165822202,0.621833257,2.694610778
1180481,9830,2197,0.037945835,0.860263996,0.286754665,,0.085278571,27.32362312,80.16826923,1.802457897,50.57471264,1.351843423,0.163859809,1.024123805,32.89473684,0.409649522,33.33333333,6.144742831,52.44755245,0.614474283,48.38709677,53.58215749,1.187983614,0.901228949,1.966317706,5.448338644,3.236231224,1.187983614,0.163859809,1.228948566,5.857988166,0.614474283,1.966317706,0.860263996
1408580,9848,2195,0.38856628,2.419134396,1.271070615,0.943052392,0.060677648,13.85876993,72.53218884,0.123006834,27.27272727,0.902050114,0.20501139,,,0.451025057,36.66666667,5.658314351,44.95114007,2.460136674,43.16546763,34.35990888,5.002277904,1.066059226,1.804100228,3.198177677,1.066059226,0.492027335,0.328018223,1.76309795,2.911161731,0.738041002,0.492027335,1.312072893
1060604,9748,2154,0.065239552,0.710306407,0.292479109,0.125348189,0.138143965,35.34818942,84.51548452,2.005571031,58.53658537,0.877437326,0.208913649,0.793871866,29.6875,0.376044568,40.90909091,2.632311978,42.85714286,0.584958217,36.84210526,58.454039,2.632311978,0.459610028,0.250696379,3.551532033,1.420612813,0.292479109,0.167130919,0.961002786,2.590529248,0.125348189,0.584958217,1.671309192
889536,8592,2263,0.068015027,1.153336279,0.397702165,0.079540433,0.114547435,34.83870968,85.96663395,1.272646929,47.76119403,1.153336279,0.278391516,0.517012815,21.66666667,0.596553248,39.47368421,3.817940787,51.06382979,0.676093681,60.71428571,58.85992046,1.908970393,0.437472382,0.715863897,3.77817057,1.908970393,0.676093681,0.159080866,1.272646929,4.016791869,0.278391516,0.636323464,1.03402563
982677,9829,2245,0.441853899,3.086859688,1.28285078,0.601336303,0.076265107,11.9064588,73.15270936,0.160356347,57.14285714,0.962138085,0.320712695,0.120267261,20,0.561247216,42.42424242,3.207126949,36.36363636,1.002227171,34.24657534,28.78396437,7.175946548,1.082405345,1.483296214,0.721603563,0.200445434,0.160356347,0.080178174,1.723830735,1.924276169,0.76169265,0.240534521,0.280623608
242156,9941,2169,0.051796679,0.331950207,0.20746888,,0.076341065,30.1659751,79.80241493,1.286307054,40.78947368,0.622406639,0.165975104,0.456431535,19.29824561,0.373443983,47.36842105,3.817427386,54.11764706,0.871369295,48.8372093,54.73029046,1.078838174,0.290456432,0.580912863,4.89626556,2.033195021,0.705394191,0.165975104,1.286307054,,,,
1347791,8121,2149,0.09820847,1.382038157,0.586319218,0.125639832,0.052357015,25.50488599,84.1160221,0.921358772,55,0.628199162,0.167519777,0.251279665,14.28571429,0.209399721,27.77777778,4.313634248,53.92670157,0.460679386,42.30769231,45.02093997,1.591437878,0.544439274,1.214518381,5.193113076,2.470916705,1.50767799,0.251279665,1.214518381,3.476035365,0.293159609,0.795718939,0.963238716
1133081,8583,2134,0.076090911,0.379568885,0.168697282,0.126522962,0.01113939,34.66729147,86.25393494,2.572633552,45.52238806,0.168697282,0.042174321,,,0.210871603,55.55555556,4.175257732,59.28143713,1.60262418,61.29032258,52.92877226,0.548266167,0.126522962,1.096532334,8.097469541,1.391752577,1.307403936,0.590440487,1.307403936,3.373945642,0.042174321,0.506091846,4.80787254
953812,9831,2144,0.235393646,2.266791045,0.713619403,0.293843284,0.185448171,28.71268657,77.99315849,2.014925373,64.86486486,1.469216418,0.251865672,0.377798507,24.32432432,1.343283582,49.23076923,4.53358209,45,0.377798507,29.03225806,55.24253731,2.980410448,1.51119403,1.930970149,2.308768657,0.923507463,0.839552239,0.083955224,0.923507463,4.659514925,0.629664179,0.839552239,0.461753731
813055,9851,2224,0.21134217,2.589928058,0.930755396,0.040467626,0.173846277,21.00269784,81.22065728,0.566546763,58.33333333,1.375899281,0.323741007,0.566546763,16.86746988,1.335431655,35.48387097,3.561151079,38.26086957,0.080935252,25,47.42805755,5.341726619,1.821043165,1.092625899,1.861510791,1.092625899,0.445143885,0.080935252,0.68794964,4.775179856,1.335431655,0.607014388,0.242805755
1565010,8689,2115,0.045999999,0.893617021,0.255319149,,0.138914879,45.40425532,83.94964595,3.361702128,59.84848485,1.319148936,0.170212766,0.638297872,33.33333333,0.893617021,53.84615385,5.14893617,53.30396476,0.382978723,37.5,70.85106383,1.531914894,0.936170213,1.659574468,4.808510638,2.340425532,1.276595745,0.127659574,0.978723404,,,,
267371,8592,2111,0.024731881,0.639507342,0.085267646,,0.231786953,47.66461393,88.73015873,1.065845571,38.46153846,1.96115585,0.341070583,1.406916153,27.73109244,0.341070583,36.36363636,4.050213169,58.64197531,0.980577925,58.97435897,77.6788252,1.193747039,0.426338228,0.724774988,6.267171956,2.003789673,1.492183799,0.341070583,0.682141165,,,,
1178332,9848,2076,0.018789018,0.303468208,0.130057803,0.086705202,0.022637299,58.74277457,91.61595673,1.560693642,44.44444444,0.260115607,0.086705202,0.043352601,33.33333333,0.520231214,80,3.38150289,58.64661654,1.257225434,56.8627451,75.65028902,0.606936416,0.346820809,0.73699422,5.679190751,0.867052023,0.997109827,0.520231214,0.910404624,4.248554913,0.173410405,0.086705202,3.294797688
150565,8592,2046,0.581076236,2.639296188,1.495601173,0.175953079,0.165662437,15.8797654,81.48984199,0.307917889,46.66666667,1.143695015,0.351906158,0.08797654,6.896551724,0.483870968,55,2.11143695,39.66942149,0.571847507,36.11111111,30.92375367,5.014662757,0.527859238,0.703812317,1.099706745,0.351906158,0.219941349,,0.835777126,1.715542522,0.395894428,0.439882698,0.527859238
942358,8639,2068,0.229861224,1.610251451,0.391682785,,0.226298836,29.63733075,78.7283237,1.566731141,63.15789474,1.65377176,0.435203095,1.088007737,29.76190476,0.739845261,35.41666667,3.655705996,47.19101124,0.478723404,35.48387097,55.61895551,3.960348162,0.87040619,1.218568665,2.741779497,1.262088975,0.913926499,0.087040619,0.609284333,,,,
1061249,9847,2121,0.044770861,1.4427157,0.424328147,,0.158859857,109.1371994,93.76594969,7.38330976,75.32467532,1.4427157,0.339462518,0.297029703,31.81818182,0.551626591,72.22222222,2.630834512,59.04761905,0.169731259,57.14285714,127.1711457,0.339462518,0.424328147,0.891089109,3.309759547,1.018387553,1.145685997,0.212164074,0.594059406,5.813295615,0.72135785,0.594059406,0.933521924
1406645,8588,2014,0.095425027,0.983118173,0.178748759,0.491559086,0.040030022,50.80933466,86.79389313,1.966236346,35.77235772,0.402184707,0.04468719,0.178748759,23.52941176,0.446871897,71.42857143,5.40714995,60.8040201,2.279046673,58.62068966,74.89572989,0.849056604,0.357497517,0.983118173,8.669314796,1.742800397,1.2959285,0.625620655,1.117179742,,,,
1395704,9848,2063,0.092032965,0.523509452,0.218128938,0.349006302,0.109411984,47.42123122,87.09935897,0.916141541,40.38461538,0.828889966,0.261754726,0.741638391,32.69230769,0.785264178,54.54545455,6.543868153,53.19148936,2.530295686,63.73626374,79.3553078,1.308773631,1.047018905,1.047018905,8.245273873,2.181289384,1.177896268,0.392632089,1.832283083,4.318952981,0.218128938,0.872515754,4.493456132
445856,8588,2010,0.408465684,2.686567164,1.208955224,0.71641791,0.17278293,25.74626866,82.4964132,1.253731343,62.22222222,1.208955224,0.447761194,0.268656716,28.57142857,1.164179104,60.46511628,3.358208955,41.43646409,0.671641791,36.58536585,45.17910448,4.074626866,0.850746269,0.582089552,2.23880597,0.940298507,0.447761194,,1.656716418,2.686567164,0.447761194,0.492537313,0.850746269
882400,8550,2012,0.04372515,0.760437376,0.313121272,0.268389662,0.042352048,34.80119284,89.11798396,2.460238569,66.26506024,0.178926441,0.04473161,0.089463221,10.52631579,0.447316103,47.61904762,4.338966203,48.5,0.536779324,41.37931034,52.60437376,1.118290258,1.34194831,1.431411531,3.802186879,1.968190855,0.984095427,0.089463221,1.252485089,3.220675944,0.223658052,0.760437376,0.760437376
1272440,9848,2170,0.135472815,1.119815668,0.414746544,0.082949309,0.266382681,55.57603687,86.34020619,2.737327189,56.89655172,1.576036866,0.539170507,1.161290323,27.18446602,0.995391705,41.37931034,6.138248848,57.36434109,0.373271889,47.36842105,85.18894009,1.576036866,1.244239631,2.529953917,3.359447005,2.239631336,0.580645161,0.082949309,0.995391705,,,,
1254147,9831,817,0.074522646,0.991432069,0.110159119,0.550795594,0.029118734,40.09791922,83.48623853,1.211750306,31.42857143,0.220318237,,0.330477356,42.85714286,0.550795594,50,6.719706242,57.54716981,1.872705018,56.66666667,68.18849449,1.211750306,0.440636475,0.991432069,7.711138311,3.304773562,0.88127295,0.550795594,1.432068543,5.287637699,0.220318237,1.101591187,2.974296206
958464,8592,1998,0.101909906,0.900900901,0.225225225,0.630630631,0.015496779,62.02702703,92.04545455,3.108108108,52.27272727,0.225225225,,0.045045045,50,0.45045045,62.5,5.405405405,57.14285714,1.801801802,55.55555556,82.2972973,0.945945946,0.225225225,0.945945946,8.468468468,2.207207207,1.216216216,0.495495495,1.036036036,5.36036036,0.225225225,1.126126126,4.54954955
1265963,8592,1981,0.293106515,2.589601212,1.044926805,0.272589601,0.119785337,26.25946492,82.68955651,1.362948006,63.82978723,1.317516406,0.227158001,0.318021201,12.5,1.226653205,32.53012048,4.861181222,41.96078431,0.817768804,33.96226415,51.70116103,4.58859162,0.908632004,1.544674407,3.089348814,1.317516406,0.681474003,0.0908632,0.954063604,4.134275618,0.772337203,0.772337203,0.999495204
598355,9829,2033,0.075519427,0.796851943,0.132808657,0.221347762,0.040307097,45.86325627,93.24932493,0.9296606,52.5,0.265617314,0.044269552,0.044269552,8.333333333,0.354156419,53.33333333,3.010329562,49.6350365,0.664043286,51.72413793,62.50860797,1.637973438,0.486965076,0.309886867,6.950319725,1.682242991,1.770782095,0.664043286,1.151008362,4.471224791,0.132808657,0.531234629,2.833251353
634110,8121,2044,0.012610568,0.3962818,0.044031311,0.044031311,0.065921716,42.97455969,87.53363229,1.849315068,48.8372093,0.704500978,0.132093933,0.484344423,28.94736842,0.088062622,40,3.522504892,53.69127517,1.100782779,64.1025641,68.42465753,0.528375734,0.264187867,0.704500978,6.032289628,1.629158513,1.364970646,0.132093933,1.453033268,,,,
1375810,2182,1966,0.048195318,0.274669379,0.09155646,0.18311292,0.014794047,46.51068159,88.11795317,2.884028484,42.85714286,0.22889115,0.04577823,0.04577823,20,0.09155646,66.66666667,2.014242116,50,0.869786368,54.28571429,66.05798576,0.503560529,0.13733469,0.366225839,8.377416073,0.686673449,1.052899288,0.869786368,0.869786368,,,,
1431818,8121,1967,0.041586681,0.777834265,0.274529741,0.045754957,0.125259199,22.09964413,73.85321101,1.098118963,40,1.006609049,0.366039654,0.823589222,18.18181818,0.777834265,42.5,5.307574987,52.01793722,1.372648704,56.60377358,51.19979664,1.28113879,0.869344179,0.777834265,5.353329944,2.379257753,0.686324352,0.183019827,1.235383833,3.797661413,0.320284698,0.777834265,2.104728012
683473,9830,1962,0.018050459,0.458715596,0.091743119,0.137614679,0.055284752,29.17431193,80.91603053,1.28440367,34.56790123,0.366972477,0.183486239,0.321100917,24.13793103,0.229357798,50,3.623853211,56.42857143,1.330275229,69.04761905,57.3853211,0.825688073,0.733944954,0.825688073,5.366972477,1.28440367,0.321100917,0.458715596,1.055045872,,,,
1598170,9848,2135,0.013860421,0.505854801,0.042154567,,0.100805128,54.54800937,89.92355803,2.276346604,65.85365854,1.180327869,0.210772834,0.168618267,26.66666667,0.758782201,62.06896552,5.56440281,59.72850679,0.379391101,34.61538462,76.29976581,0.548009368,0.800936768,1.096018735,5.859484778,3.330210773,1.053864169,0.548009368,0.969555035,5.606557377,0.674473068,0.800936768,0.927400468
1329255,8121,1904,0.1399916,1.701680672,0.378151261,0.094537815,0.117456931,25.24159664,75.53041018,1.276260504,50,1.039915966,0.18907563,0.425420168,29.03225806,0.567226891,35.29411765,3.923319328,41.5,0.709033613,35.71428571,48.63970588,2.410714286,1.276260504,0.756302521,3.403361345,1.890756303,0.661764706,0.18907563,0.945378151,3.356092437,0.567226891,1.134453782,0.661764706
614207,6379,1960,0.062031119,0.596938776,0.275510204,,0.205508687,69.97959184,89.33177022,3.306122449,56.25,1.974489796,0.551020408,0.87244898,23.17073171,0.413265306,36,1.928571429,36.84210526,0.091836735,28.57142857,90.91836735,1.331632653,0.642857143,0.367346939,2.158163265,1.056122449,0.505102041,0.137755102,1.193877551,4.545918367,0.551020408,0.68877551,0.459183673
467486,6379,2621,0.093777182,1.510873712,0.583746662,,0.197326177,14.7310187,75.26315789,0.583746662,43.58974359,1.922930179,0.480732545,1.88859214,24.77477477,2.23197253,45.77464789,5.013353682,42.94117647,0.343380389,20.83333333,44.81114079,5.150705837,1.88859214,1.751239985,1.510873712,0.686760778,0.412056467,,0.377718428,4.051888592,0.927127051,0.515070584,
1287489,8592,451,0.004310421,0.199556541,,0.199556541,0.00451988,34.5232816,88.71794872,0.598669623,42.85714286,,,,,0.199556541,33.33333333,3.192904656,43.24324324,1.396895787,50,50.48780488,0.399113082,0.598669623,0.997782705,5.188470067,0.997782705,0.798226164,0.598669623,1.796008869,1.596452328,,0.199556541,2.793791574
1523208,9829,2199,0.006130969,0.450204638,0.040927694,0.286493861,,62.66030014,91.23957092,3.43792633,55.62913907,0.163710778,0.040927694,,,0.081855389,66.66666667,4.215552524,55.37634409,1.473396999,46.15384615,82.6739427,0.572987722,0.204638472,1.02319236,8.799454297,1.759890859,1.637107776,0.695770805,0.777626194,5.19781719,0.040927694,0.695770805,4.706684857
1539619,8456,864,0.027770835,0.3125,0.104166667,0.208333333,0.003728527,34.375,81.48148148,2.395833333,34.84848485,0.104166667,,,,0.3125,75,5.208333333,64.93506494,3.229166667,70.45454545,56.66666667,0.833333333,0.520833333,0.625,9.270833333,1.041666667,1.25,0.833333333,0.625,3.645833333,,0.208333333,6.145833333
1388678,8583,1941,0.009602782,0.27820711,,0.046367852,0.036245601,40.0618238,80.52190121,3.477588872,36.40776699,0.417310665,0.046367852,0.463678516,33.33333333,0.510046368,84.61538462,4.961360124,65.64417178,1.669242658,53.73134328,64.3122102,0.370942813,0.092735703,1.391035549,7.14064915,1.4374034,0.973724884,0.417310665,0.556414219,,,,
1137670,9847,1915,0.0467953,0.375979112,0.046997389,0.234986945,0.021668547,75.61879896,95.03839338,1.597911227,53.96825397,0.093994778,,,,0.046997389,50,3.90078329,63.35877863,1.691906005,56.25,90.37597911,0.610966057,0.234986945,0.328981723,6.579634465,1.879895561,1.127937337,0.46997389,0.281984334,5.169712794,0.093994778,0.375979112,3.101827676
660462,6379,1966,0.057941505,1.419125127,0.274669379,0.04577823,0.091130439,38.59104781,82.72816487,3.753814852,51.89873418,0.869786368,0.18311292,0.22889115,29.41176471,0.457782299,43.47826087,5.264496439,53.73831776,0.503560529,52.38095238,62.25839268,1.556459817,0.457782299,1.327568667,6.042726348,2.975584944,1.052899288,0.366225839,1.373346897,,,,
611223,8636,1584,0.031238635,0.454545455,0.056818182,0.227272727,0.054124617,58.52272727,92.04647006,2.386363636,58.33333333,0.454545455,0.170454545,0.113636364,18.18181818,,,4.431818182,57.35294118,2.272727273,54.79452055,74.48863636,2.045454545,0.056818182,0.511363636,6.079545455,1.647727273,0.909090909,0.681818182,1.022727273,2.613636364,0.227272727,0.397727273,2.840909091
1664716,9941,1904,0.044290965,0.709033613,0.330882353,0.047268908,0.105151587,17.96218487,79.49790795,0.519957983,37.93103448,0.472689076,0.141806723,0.425420168,21.42857143,1.323529412,35.44303797,5.057773109,40.37735849,0.614495798,52,47.59978992,2.694327731,1.654411765,0.567226891,5.388655462,2.599789916,1.181722689,0.141806723,2.694327731,,,,
1342754,9848,2041,0.088879959,1.278784909,0.485056345,,0.172982869,34.04213621,81.3487882,1.455169035,53.22580645,1.587457129,0.485056345,0.837824596,21.59090909,1.587457129,41.86046512,5.335619794,46.71814672,0.66144047,50,65.3944145,2.998530132,1.102400784,1.190592847,4.23321901,1.94022538,0.926016659,0.176384125,0.793728564,4.23321901,0.573248408,1.322880941,1.190592847
601145,8550,1910,0.279928275,1.790575916,0.565445026,0.518324607,0.024003125,8.387434555,66.66666667,0.42408377,90,0.518324607,,0.047120419,20,0.612565445,50,5.795811518,47.12643678,3.392670157,49.31506849,25.68062827,3.298429319,1.22513089,1.366492147,2.073298429,0.42408377,0.094240838,0.188481675,1.272251309,1.837696335,0.376963351,0.141361257,1.366492147
1190113,6379,1904,0.027326157,0.567226891,0.141806723,0.18907563,0.011578729,57.19537815,88.4502924,3.261554622,47.91666667,0.18907563,,0.094537815,33.33333333,0.283613445,54.54545455,5.294117647,60.54054054,1.087184874,50,82.4842437,0.567226891,0.378151261,1.55987395,10.73004202,2.363445378,1.323529412,0.850840336,1.134453782,,,,
1292354,8689,1898,0.082555318,0.806111697,0.331928346,0.047418335,0.0826053,25.60590095,86.26198083,0.521601686,61.11111111,0.616438356,0.09483667,0.663856691,17.28395062,0.521601686,47.82608696,3.082191781,55.55555556,0.331928346,36.84210526,47.75026344,1.754478398,0.18967334,0.331928346,4.789251844,1.896733404,0.806111697,0.09483667,0.426765016,2.7028451,0.331928346,0.711275026,1.991570074
1097446,8689,1872,0.086543268,0.913461538,0.432692308,0.096153846,0.078673815,49.08653846,87.71477663,2.932692308,55.96330275,0.528846154,,,,0.625,50,3.269230769,44.44444444,0.865384615,51.42857143,67.88461538,1.009615385,0.769230769,0.625,4.855769231,1.153846154,1.105769231,0.625,1.298076923,5.384615385,0.384615385,0.673076923,1.971153846
1057433,9748,1951,0.104360329,1.199384931,0.369041517,0.276781138,0.05767836,43.27011789,85.97616865,2.306509482,53.76344086,0.599692465,0.138390569,0.138390569,18.75,0.415171707,50,3.782675551,51.57232704,1.153254741,55.55555556,64.49000513,1.983598155,0.691952845,0.876473603,5.074320861,1.3377755,0.645822655,0.599692465,0.968733983,5.443362378,0.322911328,0.599692465,2.491030241
1073742,9848,1892,0.323942915,2.901691332,1.046511628,0.332980973,0.251124376,25.35412262,83.80503145,0.665961945,70,1.33192389,0.428118393,0.998942918,35.59322034,2.568710359,56.25,5.613107822,47.96747967,0.570824524,36.36363636,51.4217759,4.043340381,1.855179704,1.474630021,1.760042283,0.998942918,0.332980973,0.04756871,0.951374207,3.282241015,0.523255814,0.380549683,0.380549683
1276626,8588,1827,0.080965517,0.837438424,0.197044335,0.689655172,0.019977913,48.27586207,92.62759924,2.75862069,66.66666667,0.147783251,0.049261084,,,0.344827586,100,4.433497537,53.25443787,2.167487685,48.35164835,64.77832512,1.083743842,0.049261084,0.246305419,8.128078818,1.674876847,1.133004926,1.231527094,0.935960591,5.172413793,0.147783251,0.738916256,4.088669951
527103,9851,1872,0.430456721,1.971153846,0.817307692,0.721153846,0.05846811,12.25961538,70.44198895,0.240384615,41.66666667,0.721153846,0.096153846,0.048076923,14.28571429,0.721153846,34.09090909,5.817307692,44.16058394,1.394230769,42.64705882,34.03846154,5.480769231,1.490384615,2.788461538,2.211538462,0.913461538,0.192307692,0.192307692,2.307692308,2.788461538,0.673076923,0.480769231,0.913461538
1436305,9829,1851,0.10038088,1.215559157,0.194489465,0.048622366,0.210683249,50.81037277,85.86688578,2.868719611,60.20408163,1.70178282,0.38897893,1.264181524,26,0.777957861,53.33333333,6.564019449,56.01659751,0.777957861,40,82.70664506,1.021069692,1.069692058,2.333873582,5.688816856,2.674230146,1.799027553,0.340356564,1.361426256,7.682333874,1.021069692,1.021069692,0.875202593
699461,8689,1813,0.154355214,1.886376172,0.694980695,0.148924435,0.087933422,23.2322118,82.83185841,0.694980695,50,1.241036955,0.049641478,0.248207391,29.41176471,1.191395477,58.53658537,4.914506343,56.89655172,0.595697739,40,43.13844457,2.531715389,0.943188086,1.737451737,3.028130171,1.38996139,0.446773304,0.049641478,0.595697739,3.425261997,0.496414782,0.446773304,1.141753999
637746,8588,142,0.24769014,3.169014085,0.633802817,,0.041651018,14.57746479,65.71428571,0.633802817,100,1.267605634,,,,0.633802817,33.33333333,3.169014085,21.73913043,1.267605634,28.57142857,43.73239437,10.77464789,1.901408451,,2.535211268,1.267605634,,,3.802816901,3.802816901,0.633802817,1.267605634,1.267605634
1436942,9848,2151,0.007029289,0.125523013,,,0.062450073,86.06694561,90.02188184,5.89958159,58.9958159,0.543933054,0.167364017,0.125523013,20,0.167364017,50,3.933054393,63.94557823,1.29707113,73.80952381,109.623431,0.376569038,0.209205021,1.046025105,7.238493724,1.506276151,1.046025105,0.627615063,0.753138075,,,,
355901,9831,1773,0.127670051,0.964467005,0.203045685,0.050761421,0.080783646,26.64974619,81.90327613,2.538071066,61.72839506,0.609137056,0.152284264,0.152284264,7.692307692,1.16751269,51.11111111,4.61928934,43.96135266,0.812182741,48.48484848,49.64467005,1.725888325,1.573604061,1.065989848,4.060913706,1.573604061,1.269035533,0.456852792,1.776649746,,,,
952057,10235,1778,0.010685602,0.253093363,0.050618673,,0.045434756,42.16535433,84.48275862,2.581552306,60.71428571,0.75928009,0.101237345,0.050618673,7.692307692,0.404949381,50,5.011248594,51.03092784,1.822272216,61.01694915,63.83014623,0.75928009,0.506186727,0.404949381,6.175478065,2.379077615,0.961754781,0.556805399,1.771653543,,,,
1331097,8689,1770,0.311888137,3,0.966101695,,0.170904164,25.52542373,77.82945736,2.186440678,62.31884058,2.237288136,0.406779661,1.677966102,32.67326733,1.169491525,47.91666667,4.372881356,43.43434343,0.406779661,25.80645161,55.27118644,3.813559322,1.118644068,1.474576271,3.203389831,1.372881356,0.813559322,0.101694915,1.169491525,4.118644068,0.661016949,0.966101695,0.915254237
1201760,8583,1784,0.06958352,0.756726457,0.252242152,0.353139013,0.028064578,24.06390135,76.32,1.664798206,37.07865169,0.302690583,,0.554932735,26.19047619,0.151345291,14.28571429,6.760089686,61.46788991,2.219730942,66.66666667,56.14910314,1.05941704,0.454035874,1.614349776,9.18161435,2.875560538,1.715246637,0.706278027,1.311659193,3.02690583,0.201793722,0.706278027,3.884529148
1343053,9848,1765,0.127871386,1.376770538,0.560906516,0.050991501,0.050627584,39.5694051,90.02320186,0.509915014,47.61904762,0.305949008,0.203966006,0.203966006,22.22222222,0.407932011,34.7826087,2.345609065,48.93617021,0.203966006,36.36363636,60.52691218,2.345609065,0.458923513,0.560906516,4.181303116,1.172804533,1.07082153,0.050991501,0.611898017,5.40509915,0.203966006,0.35694051,1.886685552
1310270,8521,1765,0.243866845,2.192634561,0.71388102,0.458923513,0.142243845,28.50424929,82.44837758,1.376770538,64.28571429,1.376770538,0.560906516,0.203966006,20,0.866855524,30.35714286,5.609065156,42.47104247,0.560906516,28.94736842,55.63172805,3.161473088,1.631728045,1.07082153,4.436260623,3.110481586,1.019830028,,1.478753541,5.76203966,1.376770538,1.325779037,0.305949008
1487894,6379,1733,0.013673976,0.207732256,0.051933064,,0.057037588,34.27582227,86.38743455,1.038661281,37.73584906,0.882862089,0.103866128,0.623196769,32.43243243,0.519330641,40,3.115983843,58.82352941,0.363531448,43.75,61.17714945,0.623196769,0.519330641,0.882862089,5.401038661,1.350259665,0.882862089,0.25966532,0.25966532,4.414310444,0.103866128,0.207732256,2.908251587
1242587,8121,1832,0.153127734,1.670305677,0.786026201,,0.138953443,20.48580786,72.14532872,0.786026201,50,1.375545852,0.19650655,0.343886463,12.06896552,1.81768559,37.37373737,4.126637555,36.84210526,0.147379913,20,49.66703057,4.863537118,2.112445415,1.179039301,1.424672489,0.982532751,0.343886463,,0.736899563,3.635371179,0.638646288,0.687772926,0.098253275
1297165,9847,1750,0.556966275,3.445714286,1.594285714,0.36,0.231675004,30.96,83.49514563,0.617142857,85.71428571,1.954285714,0.565714286,0.257142857,20,1.851428571,41.37931034,4.422857143,42.57425743,0.514285714,47.61904762,56.31428571,8.691428571,1.182857143,0.514285714,2.52,1.542857143,0.617142857,0.051428571,1.028571429,3.034285714,1.182857143,0.617142857,0.308571429
1469758,9746,1761,0.093204427,1.124361158,0.204429302,,0.035575066,18.90971039,78.891258,0.357751278,38.88888889,0.357751278,0.051107325,0.204429302,26.66666667,0.868824532,47.22222222,5.775127768,50.67264574,1.175468484,50,42.16354344,1.839863714,1.737649063,1.737649063,4.599659284,1.99318569,1.226575809,0.204429302,1.482112436,5.570698467,0.357751278,0.306643952,1.175468484
1079554,9851,1724,0.079021462,0.469837587,0.156612529,0.208816705,0.018775225,55.23201856,88.24020017,2.296983759,44,0.313225058,,,,0.156612529,75,4.228538283,51.59235669,2.349187935,57.69230769,77.05336427,0.626450116,0.261020882,0.417633411,9.135730858,1.305104408,0.99187935,1.044083527,1.357308585,,,,
504606,9847,875,0.004566857,0.308571429,,,0.018278836,80.43428571,92.10836278,2.057142857,40.81632653,0.102857143,,,,0.205714286,100,4.937142857,64.86486486,1.337142857,65,105.2228571,0.308571429,0.205714286,0.925714286,7.2,2.468571429,0.72,0.514285714,0.925714286,4.628571429,,0.925714286,
561046,8588,1730,0.047616764,0.676300578,0.156069364,0.052023121,0.144500814,37.92485549,84.375,0.988439306,39.58333333,1.352601156,0.416184971,0.884393064,19.54022989,0.36416185,50,3.797687861,55.3030303,0.832369942,61.53846154,70.28323699,2.289017341,0.260115607,0.624277457,5.61849711,1.976878613,1.456647399,0.572254335,1.352601156,4.317919075,0.468208092,0.728323699,1.612716763
1800345,9830,1724,0.014084687,0.156612529,,0.104408353,0.008898218,43.64269142,88,1.618329466,33.33333333,0.052204176,,0.052204176,100,0.417633411,72.72727273,2.819025522,56.25,0.678654292,48.14814815,60.40023202,0.313225058,0.104408353,0.783062645,6.786542923,0.99187935,0.887470998,0.783062645,1.200696056,,,,
1230286,8521,1687,0.063277416,1.12033195,0.266745702,,0.036818014,28.11499704,78.07407407,1.387077653,41.26984127,0.480142264,0.05334914,0.480142264,24.32432432,0.213396562,44.44444444,3.627741553,55.73770492,0.640189686,66.66666667,57.13692946,0.586840545,0.213396562,0.800237107,6.401896858,1.973918198,1.600474215,0.426793124,1.387077653,,,,
210389,8550,1692,0.02106383,0.372340426,0.106382979,,0.020425134,43.93617021,89.2972973,1.489361702,50,0.319148936,,0.212765957,33.33333333,0.372340426,63.63636364,3.404255319,58.18181818,0.531914894,52.63157895,67.87234043,0.319148936,0.531914894,0.372340426,6.436170213,2.127659574,1.382978723,0.531914894,0.531914894,3.510638298,0.159574468,0.744680851,2.393617021
1574189,9847,1681,0.218842956,1.873884593,0.588935158,0.214158239,0.164663023,36.62105889,89.17861799,1.124330756,70,2.088042832,0.374776919,0.428316478,28.57142857,0.856632957,39.02439024,4.9256395,47.91666667,0.428316478,34.7826087,60.60678168,4.550862582,1.392028554,1.070791196,3.480071386,2.56989887,0.588935158,0.05353956,1.392028554,4.390243902,0.910172516,0.481856038,0.267697799
1180718,9831,1681,0.18874836,1.659726353,0.749553837,0.374776919,0.15833375,19.27424152,78.94736842,0.856632957,66.66666667,1.231409875,0.374776919,0.374776919,18.91891892,0.963712076,34.61538462,4.283164783,37.38317757,0.803093397,21.73913043,42.45687091,4.069006544,1.338488995,1.713265913,1.445568114,0.803093397,0.214158239,0.10707912,0.749553837,3.694229625,0.588935158,0.428316478,0.321237359
1033099,9831,1694,0.08429929,1.115702479,0.478158205,0.053128689,0.105185933,31.13341204,83.83404864,1.168831169,40.74074074,0.903187721,0.159386068,0.318772137,31.57894737,0.796930342,48.38709677,5.047225502,53.67231638,0.690672963,54.16666667,52.75678867,1.06257379,1.168831169,2.12514758,4.090909091,1.434474616,0.903187721,0.478158205,1.0094451,5.153482881,0.425029516,0.743801653,1.275088548
1362622,9848,1642,0.065915956,0.548112058,0.164433618,0.054811206,0.064489831,37.21680877,86.27700127,1.97320341,48,0.986601705,0.109622412,0.054811206,11.11111111,0.986601705,64.28571429,4.87819732,51.44508671,0.876979294,42.10526316,56.78440926,0.986601705,0.493300853,0.876979294,4.713763703,2.137637028,0.712545676,0.383678441,1.370280146,,,,
1473534,8650,929,0.069665231,0.775026911,0.290635091,,0.063342384,40.30139935,84.72505092,2.615715823,58.69565217,0.387513455,0.096878364,,,0.484391819,71.42857143,5.425188375,60.86956522,1.840688913,63.33333333,63.55220667,0.968783638,0.290635091,0.581270183,9.590958019,2.51883746,2.615715823,0.290635091,1.25941873,3.972012917,0.484391819,0.775026911,
46469,8639,1610,0.311176389,2.291925466,0.894409938,0.838509317,0.087713479,12.9689441,68.23529412,0.391304348,63.63636364,1.062111801,0.111801242,,,0.167701863,60,5.254658385,52.22222222,2.795031056,53.19148936,29.57142857,4.527950311,0.447204969,1.732919255,1.900621118,0.614906832,0.223602484,0.279503106,1.50931677,1.50931677,0.447204969,0.447204969,0.782608696
586388,9829,1661,0.201792896,1.842263697,0.975316075,0.108368453,0.104657167,32.83564118,82.5613079,1.137868754,60,1.300421433,0.108368453,0.433473811,21.62162162,1.029500301,61.29032258,3.684527393,43.58974359,0.270921132,26.31578947,57.27272727,2.98013245,0.812763396,0.975316075,3.57615894,1.408789886,1.300421433,0.270921132,1.625526791,4.388922336,0.866947622,0.975316075,0.59602649
672469,9848,1602,0.017780899,0.280898876,0.168539326,,0.0544921,39.04494382,87.75252525,1.179775281,35.59322034,0.393258427,0.224719101,0.617977528,36.66666667,0.561797753,58.82352941,3.764044944,54.91803279,0.561797753,52.63157895,65.50561798,0.617977528,0.561797753,1.235955056,5.842696629,1.404494382,1.235955056,0.224719101,0.786516854,4.101123596,0.168539326,0.842696629,2.97752809
1302715,9848,1587,0.44755009,2.325141777,0.964083176,0.283553875,0.141104922,20.75614367,82.99319728,0.396975425,43.75,1.247637051,0.11342155,0.623818526,35.48387097,1.361058601,44.44444444,4.310018904,47.5,0.2268431,50,43.27032136,5.274102079,1.701323251,1.814744802,2.211720227,0.907372401,0.793950851,0.056710775,0.850661626,,,,
1255209,9847,1570,0.095136307,0.802547771,0.229299363,0.343949045,0.068950389,76.6433121,93.4965035,2.579617834,59.21052632,0.802547771,0.171974522,,,,,4.184713376,52.89855072,2.006369427,53.03030303,94.07006369,1.031847134,0.286624204,0.401273885,7.165605096,1.777070064,1.203821656,0.458598726,0.859872611,4.815286624,0.114649682,0.687898089,3.72611465
1536998,8550,1600,0.061588126,0.95625,0.05625,0.1125,0.024807505,35.49375,86.79504814,0.73125,48.14814815,0.61875,,0.16875,23.07692308,0.84375,55.55555556,5.56875,50.76923077,0.95625,42.5,57.20625,1.125,1.0125,1.51875,4.3875,2.25,0.50625,0.225,1.51875,,,,
437329,9746,1544,0.226772017,2.448186528,0.932642487,1.107512953,0.065939718,11.13341969,72.34848485,0.582901554,66.66666667,1.049222798,0.116580311,0.058290155,14.28571429,0.699481865,46.15384615,4.721502591,37.1559633,2.215025907,40.86021505,29.20336788,4.255181347,1.515544041,1.165803109,1.515544041,0.64119171,0.233160622,,2.04015544,1.92357513,0.466321244,0.524611399,0.64119171
693171,9851,1541,0.205691755,2.744970798,0.817650876,0.058403634,0.329424532,31.42115509,83.02469136,1.284879948,55,2.803374432,0.642439974,1.576898118,28.42105263,1.576898118,50.94339623,4.730694354,41.75257732,0.350421804,27.27272727,61.1486048,5.25632706,1.576898118,1.576898118,2.803374432,1.226476314,0.992861778,0.116807268,1.401687216,4.847501622,0.87605451,1.16807268,0.467229072
1401205,10242,3059,,0.353056554,0.088264139,,,44.07322654,87.70491803,3.82477934,54.62184874,0.294213795,0.058842759,0.02942138,100,0.235371036,57.14285714,4.854527623,59.566787,2.618502779,55.625,63.4030729,0.588427591,0.205949657,1.000326904,9.208891795,1.118012422,1.206276561,0.853220007,0.61784897,,,,
1037539,9748,1568,0.52243049,2.525510204,1.033163265,0.401785714,0.109655054,16.24362245,74.47368421,0.344387755,42.85714286,1.262755102,0.286989796,0.172193878,20,0.860969388,46.875,4.017857143,36.64921466,0.918367347,25.80645161,36.73469388,5.395408163,0.746173469,0.860969388,2.410714286,1.37755102,0.401785714,,1.607142857,2.410714286,0.459183673,1.033163265,0.631377551
1320949,9902,452,0.48462613,4.380530973,1.991150442,,0.17095935,11.54867257,57.42574257,0.199115044,33.33333333,0.995575221,,0.199115044,50,1.194690265,42.85714286,11.54867257,46.03174603,7.765486726,55.71428571,39.42477876,8.561946903,1.592920354,0.995575221,2.588495575,1.792035398,0.199115044,0.199115044,2.986725664,2.787610619,0.796460177,1.592920354,
1334805,8583,1533,0.062371819,0.763209393,0.11741683,,0.048226762,25.30332681,83.2046332,0.998043053,42.5,0.763209393,0.11741683,0.293542074,10.86956522,0.763209393,32.5,4.403131115,51.02040816,0.410958904,77.77777778,57.94520548,1.761252446,0.645792564,0.821917808,6.516634051,2.465753425,1.409001957,0.410958904,1.409001957,4.81409002,0.352250489,0.645792564,2.230919765
1428153,8639,1539,0.125081874,1.169590643,0.292397661,,0.057096882,31.98830409,87.24082935,1.052631579,64.28571429,0.760233918,,,,0.760233918,52,4.561403509,46.70658683,0.760233918,33.33333333,50,2.514619883,0.760233918,1.34502924,3.040935673,1.695906433,0.81871345,0.058479532,1.578947368,,,,
769525,8593,1533,0.014459882,0.11741683,,,0.216157366,36.81017613,80.59125964,1.585127202,36.48648649,1.232876712,0.410958904,1.291585127,23.91304348,0.352250489,40,2.994129159,50.4950495,0.410958904,36.84210526,69.51076321,0.821917808,0.528375734,0.998043053,4.227005871,1.350293542,0.645792564,0.352250489,0.763209393,,,,
900433,9847,920,0.320527173,3.326086957,1.467391304,,0.372943111,44.31521739,89.34911243,0.684782609,63.63636364,2.445652174,0.880434783,0.97826087,30.3030303,2.445652174,50,6.358695652,46.09929078,0.293478261,37.5,72.39130435,7.826086957,2.445652174,1.760869565,2.347826087,1.858695652,0.195652174,,1.173913043,2.641304348,0.782608696,0.97826087,
940976,9847,1522,0.157115641,2.187910644,0.886990802,,0.32532129,56.23521682,91.09195402,3.370565046,64.04494382,3.429697766,0.709592641,2.660972405,39.82300885,1.655716163,54.90196078,4.139290407,47.2972973,0.413929041,50,82.72667543,3.429697766,1.241787122,1.123521682,1.655716163,1.005256242,0.17739816,0.05913272,1.064388962,,,,
1622889,9830,1443,0.103291062,0.935550936,0.187110187,0.124740125,0.081407404,21.20582121,74.39824945,1.06029106,34.69387755,0.997920998,,0.623700624,33.33333333,0.686070686,37.93103448,4.428274428,52.98507463,0.623700624,50,47.27650728,1.746361746,0.623700624,0.873180873,4.927234927,2.307692308,0.249480249,0.124740125,0.748440748,3.243243243,0.187110187,0.810810811,2.245322245
1555492,8178,445,,0,,,0.064772328,85.5505618,90.96774194,7.078651685,74.46808511,0.202247191,,,,,,4.651685393,65.71428571,3.235955056,69.56521739,104.7640449,,0.404494382,1.011235955,7.280898876,0.404494382,1.213483146,1.011235955,0.404494382,4.247191011,,,4.651685393
1199382,8583,1521,0.12204142,1.301775148,0.710059172,0.059171598,0.08524298,21.42011834,78.8671024,0.769230769,48.14814815,0.591715976,0.059171598,0.532544379,16.98113208,0.591715976,50,5.798816568,52.40641711,1.479289941,50,45.79881657,2.189349112,0.710059172,1.893491124,3.195266272,1.834319527,0.650887574,,2.01183432,3.964497041,0.355029586,0.591715976,0.710059172
617310,8592,180,0.050700001,1,,1,0.012972265,52,90.43478261,3,46.15384615,,,,,0.5,100,3.5,70,2,57.14285714,72.5,1,0,0.5,7.5,0.5,0.5,1,,4,,,5.5
1581722,9851,1402,0.111042795,0.834522111,0.256776034,0.385164051,0.027115842,46.66904422,88.65853659,2.567760342,53.33333333,0.064194009,0.064194009,0.064194009,50,0.641940086,55.55555556,5.135520685,56.33802817,2.439372325,55.07246377,68.75178317,1.283880171,0.256776034,0.641940086,9.308131241,1.412268188,1.219686163,1.091298146,0.89871612,3.980028531,0.192582026,0.385164051,5.584878745
1524548,9829,1382,0.104301016,0.846599132,0.325615051,,0.122166135,37.83646889,85.0658858,2.149059334,66,0.781476122,0.19536903,0.19536903,21.42857143,0.976845152,42.85714286,5.274963821,44.02173913,0.846599132,38.23529412,62.19247467,1.953690304,0.976845152,1.041968162,5.01447178,2.409551375,1.237337192,0.13024602,2.018813314,5.861070912,0.455861071,1.107091172,1.237337192
770881,9847,1374,0.158626638,1.768558952,0.589519651,,0.149885478,75.98253275,91.05180534,1.834061135,63.63636364,1.375545852,0.131004367,0.655021834,23.25581395,0.524017467,24.24242424,3.07860262,41.22807018,0.262008734,44.44444444,104.8034934,2.88209607,0.982532751,1.113537118,2.751091703,1.179039301,0.720524017,0.065502183,0.589519651,4.585152838,0.720524017,0.851528384,0.786026201
1463448,9831,1364,0.196330652,1.385630499,0.395894428,0.065982405,0.181484256,27.77859238,78.83895131,1.319648094,51.28205128,1.319648094,0.527859238,0.857771261,25,0.791788856,46.15384615,4.486803519,51.51515152,0.527859238,44.44444444,55.02932551,2.573313783,0.791788856,0.857771261,5.014662757,2.309384164,0.659824047,0.263929619,1.055718475,4.090909091,0.395894428,0.791788856,1.781524927
1276315,6702,1016,0.163054134,1.683070866,0.531496063,,0.083743299,29.76377953,79.05882353,1.594488189,43.90243902,0.974409449,0.177165354,0.088582677,7.692307692,1.417322835,51.61290323,6.909448819,49.05660377,0.885826772,27.77777778,57.49015748,1.771653543,1.505905512,1.328740157,4.340551181,3.277559055,0.354330709,,1.505905512,7.883858268,0.354330709,0.708661417,
812652,8592,1366,0.019482431,0.263543192,0.065885798,0.131771596,0.047413707,62.78916545,91.37104506,2.635431918,51.28205128,0.461200586,0.131771596,0.065885798,7.142857143,0.263543192,57.14285714,2.833089312,47.25274725,0.65885798,50,85.25622255,0.65885798,0.197657394,0.65885798,7.181551977,1.251830161,1.515373353,0.856515373,1.581259151,,,,
1050822,9848,1351,0.034188012,0.266469282,0.199851962,0.133234641,0.006800151,75.81051073,96.35901778,0.866025167,68.42105263,,,,,,,2.997779423,63.38028169,1.865284974,75.67567568,89.13397483,0.532938564,0.066617321,0.666173205,7.061435973,0.466321244,1.132494449,0.599555885,0.866025167,3.93042191,,0.066617321,4.863064397
1738340,6379,1353,0.067004436,0.864745011,0.332594235,0.133037694,0.021100078,29.13525499,87.07753479,0.731707317,44,0.332594235,,0.266075388,30.76923077,0.931263858,66.66666667,4.789356984,48.32214765,0.532150776,32,49.02439024,1.463414634,0.997782705,1.529933481,4.124168514,1.862527716,0.731707317,0.199556541,1.796008869,4.124168514,0.199556541,0.864745011,1.33037694
1339208,9847,1356,0.473004411,3.650442478,1.261061947,0.132743363,0.201953185,48.38495575,85.86572438,1.261061947,52.77777778,1.924778761,0.331858407,0.862831858,22.4137931,2.123893805,44.44444444,6.172566372,46.5,0.066371681,16.66666667,83.89380531,8.097345133,1.725663717,1.85840708,3.384955752,2.123893805,0.796460177,0.132743363,1.592920354,4.314159292,0.995575221,0.796460177,0.331858407
1282000,8521,1339,0.023336819,0.403286034,0.134428678,0.336071695,0.008074463,45.16803585,90.20134228,2.621359223,51.31578947,0.067214339,,,,0.201643017,100,4.234503361,63.63636364,1.814787155,67.5,62.03883495,0.806572069,0,1.344286781,7.528005975,0.941000747,0.941000747,0.604929052,1.747572816,4.906646751,0.067214339,,5.041075429
1362516,9941,1325,0.192545668,2.241509434,0.883018868,0.339622642,0.093632212,14.60377358,74.39446367,0.611320755,75,0.81509434,0.339622642,0.135849057,16.66666667,0.747169811,26.19047619,6.38490566,36.8627451,1.086792453,27.11864407,42.52075472,5.569811321,1.901886792,2.037735849,3.871698113,2.581132075,0.40754717,0.067924528,2.78490566,4.483018868,1.086792453,1.358490566,0.81509434
1002617,8588,1345,0.055284759,0.535315985,0.200743494,0.066914498,0.219349003,35.79925651,88.87043189,0.73605948,42.30769231,1.539033457,0.334572491,1.003717472,33.33333333,0.267657993,26.66666667,3.94795539,46.09375,0.468401487,33.33333333,62.96654275,2.87732342,0.468401487,0.936802974,4.416356877,2.275092937,0.73605948,0.133828996,1.739776952,,,,
1255855,7854,2109,0.10519203,1.237553343,0.384068279,,0.061867108,25.04978663,82.55977496,1.408250356,62.26415094,0.640113798,0.042674253,0.384068279,25,0.554765292,41.93548387,4.950213371,42.64705882,0.426742532,26.31578947,46.77098151,1.280227596,1.024182077,1.408250356,4.992887624,2.560455192,1.109530583,0.085348506,1.792318634,4.822190612,0.426742532,1.920341394,
844437,8592,1328,0.422213857,2.575301205,1.152108434,0.135542169,0.202122239,23.24548193,83.25242718,0.542168675,61.53846154,2.168674699,0.47439759,0.881024096,35.13513514,1.287650602,39.58333333,3.727409639,38.73239437,0.542168675,38.0952381,44.52560241,4.472891566,1.490963855,1.084337349,1.287650602,0.813253012,0.203313253,0.067771084,1.152108434,3.049698795,0.542168675,0.47439759,0.203313253
195750,9748,1310,0.104015271,1.030534351,0.06870229,0.480916031,0.072317711,39.57251908,85.45994065,0.961832061,37.83783784,0.893129771,0.20610687,0.34351145,26.31578947,0.20610687,42.85714286,5.977099237,53.04878049,1.511450382,44.89795918,69.04580153,1.648854962,0.480916031,2.267175573,6.114503817,1.992366412,1.374045802,0.34351145,2.473282443,3.984732824,0.27480916,0.41221374,2.404580153
1285784,8521,1284,0.008705608,0.140186916,0.070093458,,0.085529621,25.09345794,77.65726681,2.03271028,56.8627451,0.560747664,0.210280374,0.700934579,29.41176471,0.841121495,50,6.308411215,54.87804878,0.490654206,26.92307692,58.52803738,0.630841121,0.700934579,1.261682243,6.588785047,3.714953271,0.771028037,,0.841121495,4.345794393,0.210280374,1.612149533,2.102803738
1342757,9847,1287,0.195482511,1.888111888,0.41958042,0.48951049,0.145341633,66.43356643,91.43407122,2.517482517,64.28571429,0.979020979,0.27972028,0.13986014,50,0.559440559,57.14285714,4.265734266,57.00934579,0.979020979,60.86956522,87.69230769,3.776223776,0.41958042,0.909090909,3.146853147,1.888111888,0.48951049,0.34965035,0.909090909,5.244755245,0.629370629,0.909090909,0.41958042
1748405,8121,1266,0.387604271,1.63507109,0.995260664,0.710900474,0.036473475,9.881516588,70.91836735,0.071090047,50,0.781990521,0.071090047,,,0.426540284,15,5.616113744,37.98076923,2.559241706,43.90243902,31.70616114,4.834123223,1.706161137,2.132701422,1.421800948,0.497630332,0.28436019,,2.132701422,2.417061611,0.497630332,0.071090047,0.639810427
1324358,9941,1264,0.263121835,2.349683544,0.85443038,0.925632911,0.065850273,10.68037975,73.89162562,0.142405063,100,0.996835443,0.071202532,0.142405063,13.33333333,0.712025316,45.45454545,5.553797468,40.83769634,2.848101266,44.44444444,30.04746835,4.841772152,1.352848101,1.566455696,1.780063291,0.569620253,0.213607595,0.071202532,1.993670886,1.993670886,0.42721519,0.42721519,0.925632911
1426170,8455,2368,0.029607263,0.190033784,,,0.011703458,60.39273649,93.85705848,2.052364865,54,0.190033784,0.038006757,0.038006757,100,0.380067568,52.63157895,3.344594595,51.4619883,1.140202703,50,76.01351351,0.494087838,0.380067568,0.418074324,7.525337838,1.40625,0.950168919,0.760135135,1.102195946,,,,
940087,8564,1309,0.510531688,3.987776929,1.718869366,1.375095493,0.098245607,19.45760122,83.23529412,0.137509549,66.66666667,1.168831169,0.137509549,0.068754775,100,1.168831169,45.94594595,5.087853323,44.84848485,1.443850267,42.85714286,39.32773109,7.494270435,0.962566845,1.581359817,1.92513369,0.89381207,0.343773873,,1.650114591,2.062643239,0.89381207,0.687547746,0.687547746
500520,8639,1278,0.038478874,1.267605634,0.422535211,,0.163086888,56.1971831,86.83351469,3.591549296,59.30232558,0.845070423,0.352112676,0.352112676,21.73913043,0.352112676,50,3.802816901,52.42718447,0.915492958,52,79.01408451,0.422535211,0.704225352,1.267605634,5.422535211,1.267605634,1.056338028,0.422535211,0.985915493,5.352112676,0.422535211,0.563380282,2.676056338
1607493,9830,1251,0.140057553,2.086330935,0.503597122,,0.138859938,21.29496403,73.81546135,1.366906475,33.33333333,1.438848921,0.215827338,1.510791367,23.33333333,1.438848921,54.05405405,5.755395683,50,0.71942446,47.61904762,55.53956835,2.302158273,1.438848921,1.438848921,4.748201439,2.158273381,1.223021583,,1.654676259,4.964028777,0.35971223,0.791366906,1.366906475
1180696,9746,1242,0.152239126,1.449275362,0.579710145,,0.158943214,25.36231884,81.01851852,1.231884058,45.94594595,1.304347826,0.144927536,1.086956522,19.73684211,0.507246377,35,4.057971014,49.55752212,0.724637681,50,52.53623188,2.68115942,0.724637681,0.289855072,4.927536232,2.608695652,0.652173913,0.072463768,1.014492754,4.275362319,0.217391304,0.797101449,1.594202899
505059,8121,1242,0.026086955,0.942028986,0.362318841,,0.158439788,50.86956522,89.08629442,5.072463768,72.91666667,2.028985507,0.217391304,1.449275362,29.41176471,0.289855072,44.44444444,3.405797101,46.07843137,0.507246377,41.17647059,71.95652174,0.434782609,0.362318841,0.652173913,4.057971014,1.956521739,0.507246377,0.289855072,1.376811594,4.710144928,0.434782609,1.304347826,1.304347826
1203189,8583,1248,0.035956731,0.721153846,0.144230769,,0.070274624,22.57211538,79.6437659,0.504807692,26.92307692,0.793269231,0.072115385,1.009615385,29.16666667,0.649038462,52.94117647,3.100961538,53.08641975,,,48.46153846,1.442307692,0.504807692,0.576923077,4.903846154,1.875,0.9375,0.360576923,0.576923077,3.245192308,0.216346154,0.360576923,1.730769231
1137106,10013,426,0.06287324,0.633802817,,,0.101144862,81.33802817,90.80188679,5.915492958,75.67567568,1.267605634,,,,1.267605634,60,7.605633803,60,1.056338028,62.5,108.1690141,0.633802817,1.056338028,3.169014085,4.436619718,2.112676056,1.056338028,0.211267606,2.323943662,6.549295775,1.056338028,0.633802817,
723564,8689,1212,0.034150989,0.594059406,0.074257426,0.074257426,0.062436187,38.91089109,86.89883914,1.410891089,40.42553191,0.594059406,,0.445544554,28.57142857,0.222772277,33.33333333,4.158415842,60.86956522,1.03960396,53.84615385,63.19306931,0.742574257,0.148514851,1.336633663,6.311881188,1.559405941,0.965346535,0.51980198,0.668316832,3.49009901,0.148514851,0.742574257,3.267326733
1158945,9847,1251,0.254992804,2.158273381,1.079136691,0.215827338,0.261103815,61.58273381,89.446186,3.669064748,64.55696203,2.158273381,0.791366906,1.079136691,33.33333333,1.798561151,49.01960784,5.971223022,56.08108108,0.575539568,50,97.3381295,3.81294964,0.935251799,1.798561151,4.316546763,1.798561151,0.935251799,0.287769784,0.863309353,,,,
402419,8637,784,0.051003826,1.033163265,0.229591837,,0.201371481,45.57397959,86.87089716,1.836734694,50,0.803571429,0.114795918,0.803571429,19.44444444,0.229591837,33.33333333,3.099489796,44.26229508,0.573979592,33.33333333,77.94642857,1.951530612,0.459183673,0.344387755,5.051020408,1.951530612,0.229591837,0.344387755,1.147959184,5.051020408,0.459183673,0.68877551,
1406428,9829,1191,0.025979847,0.151133501,0.075566751,,0.059768013,57.73299748,89.98822144,0.982367758,36.11111111,0.377833753,,,,1.360201511,64.28571429,6.04534005,57.14285714,1.511335013,62.5,84.4836272,0.906801008,1.20906801,0.906801008,7.783375315,2.267002519,1.360201511,0.453400504,0.906801008,,,,
1401248,8588,635,0.444330707,1.984251969,0.708661417,,0.086035964,17.00787402,78.94736842,0.42519685,60,0.992125984,0.283464567,0.850393701,31.57894737,1.700787402,48,6.094488189,44.32989691,0.850393701,46.15384615,43.22834646,5.102362205,0.992125984,1.275590551,3.25984252,2.267716535,0.141732283,,3.25984252,2.976377953,0.708661417,0.850393701,
1230848,8689,1220,0.533840148,3.393442623,1.770491803,0.590163934,0.013497531,10.7704918,76.43979058,0.073770492,50,0.81147541,0.147540984,,,0.442622951,37.5,3.983606557,42.51968504,2.06557377,50,27.44262295,4.647540984,1.549180328,0.959016393,1.844262295,0.516393443,0.221311475,0.073770492,1.106557377,2.139344262,0.221311475,0.221311475,1.032786885
1321562,10204,2926,0.023059809,0.30758715,0.12303486,,0.005514407,28.29801777,81.4159292,1.630211893,37.85714286,0.092276145,,,,0.030758715,20,6.151742994,59.70149254,4.090909091,64.5631068,49.33697881,0.707450444,0.153793575,,10.95010253,2.030075188,2.214627478,0.738209159,1.353383459,2.737525632,,0.36910458,
578756,9830,1186,0.059509276,0.986509275,0.151770658,0.075885329,0.076803079,22.91736931,82.73972603,0.834738617,33.33333333,0.531197302,0.227655987,0.379426644,19.23076923,0.531197302,33.33333333,4.932546374,47.10144928,0.68296796,34.61538462,51.98145025,2.655986509,1.062394604,2.124789207,4.704890388,1.593591906,0.758853288,0.075885329,1.897133221,4.55311973,0.379426644,0.379426644,2.276559865
566187,9831,1165,0.1850601,1.236051502,0.309012876,0.618025751,0.062650978,24.87553648,74.88372093,0.772532189,21.27659574,1.313304721,0.231759657,0.463519313,17.14285714,1.467811159,44.18604651,6.566523605,49.41860465,2.008583691,50,60.25751073,3.012875536,0.540772532,1.39055794,4.86695279,1.699570815,0.772532189,0.309012876,1.699570815,4.635193133,0.386266094,0.849785408,2.08583691
1524069,8695,645,0.379144192,1.674418605,1.255813953,0.418604651,0.03348829,10.46511628,72.11538462,,,0.418604651,,,,0.279069767,28.57142857,3.627906977,36.11111111,1.395348837,34.48275862,27.34883721,4.465116279,1.813953488,1.255813953,0.976744186,0.697674419,0.139534884,,1.11627907,1.395348837,0.697674419,0.139534884,0.139534884
1177312,9848,760,0.236380271,2.25,0.710526316,,0.062887665,15.03947368,70.16574586,0.236842105,50,0.592105263,0.118421053,,,1.302631579,44,6.513157895,42.63565891,2.25,42.22222222,40.73684211,3.789473684,1.776315789,1.894736842,1.776315789,1.065789474,0.355263158,,2.131578947,2.486842105,0.236842105,0.710526316,
426892,6379,1153,0.013675629,0.312228968,,,0.047599472,39.02862099,83.05647841,1.795316565,46,0.702515178,0.078057242,0.312228968,15.38461538,0.078057242,33.33333333,4.215091067,55.10204082,1.326973114,56.66666667,69.93928881,1.17085863,0.156114484,0.468343452,7.259323504,2.341717259,1.326973114,0.078057242,1.639202082,,,,
817500,9830,1151,0.225164209,2.736750652,0.625543006,1.094700261,0.060266804,9.148566464,61.57894737,0.078192876,20,0.703735882,0.156385752,0.156385752,22.22222222,0.234578627,15.78947368,6.959165943,44.5,4.06602954,49.52380952,32.45004344,4.300608167,1.642050391,2.111207646,2.658557776,0.781928758,0.625543006,0.234578627,1.407471764,2.345786273,0.312771503,0.469157255,1.016507385
1040889,9810,290,0.266648276,2.482758621,,,0.192991727,19.86206897,66.66666667,0.620689655,33.33333333,0.931034483,0.931034483,0.310344828,12.5,1.551724138,50,6.206896552,46.51162791,2.793103448,60,54.31034483,5.275862069,1.24137931,1.24137931,4.655172414,0.931034483,2.172413793,,3.103448276,,,,
784448,6379,1147,0.014806452,0.313862249,,,0.043313176,36.56495205,84.57350272,1.33391456,34,0.392327812,0.078465562,0.313862249,15.38461538,0.235396687,50,4.001743679,57.30337079,0.941586748,66.66666667,64.34176112,0.784655623,0.313862249,1.02005231,6.669572799,1.804707934,0.627724499,0.156931125,0.863121186,3.609415867,0.235396687,1.098517873,4.080209241
1791727,9941,1093,0.048516013,0.741079597,0.164684355,,0.03747284,24.8673376,80.7486631,0.411710887,23.80952381,0.576395242,0.082342177,0.247026532,42.85714286,0.32936871,66.66666667,3.376029277,48.23529412,1.31747484,69.56521739,42.0768527,0.98810613,0.905763952,0.823421775,3.458371455,0.905763952,0.65873742,0.164684355,1.482159195,3.129002745,0.411710887,0.65873742,1.729185727
1177779,9851,1185,0.010275949,0.379746835,0.075949367,,0.069907842,52.78481013,91.80977543,2.582278481,69.3877551,0.607594937,0.227848101,0.303797468,36.36363636,0.53164557,50,6.607594937,62.58992806,1.063291139,51.85185185,79.06329114,0.379746835,0.759493671,2.35443038,6.835443038,2.658227848,1.291139241,0.151898734,1.215189873,6.759493671,0.075949367,0.607594937,2.734177215
693678,8197,2812,0.049000712,0.384068279,0.03200569,0.288051209,0.013831586,43.84779516,88.38709677,2.560455192,45.45454545,0.12802276,,,,0.16002845,83.33333333,3.29658606,53.64583333,1.504267425,55.95238095,62.34708393,0.896159317,0.192034139,0.352062589,9.185633001,1.344238976,0.832147937,1.120199147,0.736130868,2.880512091,0.03200569,0.736130868,5.889046942
605654,9847,1129,0.109108062,1.514614703,0.318866253,0.159433127,0.169886168,89.44198406,92.57425743,4.942426926,74.69879518,1.514614703,0.23914969,0.079716563,4.347826087,0.159433127,18.18181818,1.91319752,48.97959184,0.159433127,66.66666667,109.9291408,3.029229407,0.47829938,0.23914969,3.029229407,1.355181577,1.116031887,,0.159433127,3.906111603,0.47829938,0.637732507,0.558015943
637745,6379,1102,0.252392013,2.041742287,0.490018149,0.163339383,0.101780729,27.11433757,83.83838384,0.653357532,66.66666667,1.143375681,0.490018149,0.081669691,16.66666667,1.470054446,52.94117647,4.736842105,46.4,0.408348457,29.41176471,47.77676951,4.001814882,1.388384755,1.470054446,2.368421053,1.388384755,0.326678766,0.081669691,1.061705989,4.246823956,0.653357532,1.061705989,0.57168784
1793640,9748,1139,0.078147495,0.474100088,0.237050044,0.079016681,0.105074895,33.34503951,85.42510121,0.790166813,50,0.948200176,0.237050044,0.079016681,7.692307692,0.790166813,66.66666667,4.820017559,51.69491525,0.316066725,26.66666667,51.91395961,2.844600527,1.106233538,1.580333626,2.923617208,2.133450395,0.553116769,,0.869183494,3.950834065,0.63213345,1.264266901,0.237050044
1039219,6379,1155,0.134875329,1.012987013,0.311688312,0.467532468,0.02765792,39.35064935,90.01782531,1.012987013,50,0.155844156,,0.155844156,33.33333333,0.233766234,60,3.506493506,53.57142857,1.558441558,48.7804878,58.67532468,2.103896104,0.155844156,0.311688312,5.220779221,1.402597403,0.857142857,0.467532468,1.090909091,3.350649351,,0.155844156,2.493506494
853108,6379,1090,0.218237617,2.229357798,0.825688073,0.082568807,0.197925351,15.11009174,71.484375,0.660550459,61.53846154,1.899082569,0.330275229,0.082568807,25,1.486238532,37.5,6.440366972,38.42364532,2.642201835,37.64705882,41.20183486,5.532110092,1.073394495,1.568807339,1.816513761,1.073394495,0.082568807,0.082568807,1.651376147,1.899082569,0.495412844,0.743119266,0.577981651
1086012,9829,1086,0.531497252,3.563535912,1.988950276,0.497237569,0.114282465,29.25414365,82.66978923,1.160220994,60.86956522,1.243093923,0.248618785,0.165745856,25,1.160220994,48.27586207,4.060773481,44.54545455,1.160220994,48.27586207,51.79558011,4.723756906,1.160220994,0.497237569,2.320441989,1.243093923,0.331491713,,0.745856354,3.066298343,0.414364641,0.828729282,0.745856354
956659,8592,1079,0.046367931,1.25115848,0.500463392,0.083410565,0.065337205,51.79796108,87.58815233,1.918443003,56.09756098,0.750695088,,0.250231696,30,1.25115848,45.45454545,5.00463392,50.42016807,0.750695088,69.23076923,76.40407785,1.084337349,1.000926784,1.000926784,4.587581094,2.001853568,1.334569045,0.250231696,1.584800741,6.172381835,0.667284523,0.583873957,1.000926784
841395,8689,1068,0.453446621,2.528089888,1.011235955,0.337078652,0.052747489,12.89325843,77.66497462,0.58988764,70,0.926966292,0.084269663,,,1.095505618,48.14814815,3.202247191,44.18604651,0.505617978,37.5,28.65168539,3.960674157,1.179775281,1.179775281,1.179775281,0.421348315,0.168539326,,0.926966292,1.601123596,0.337078652,0.168539326,0.58988764
938247,9829,1080,0.064199999,0.666666667,0.166666667,0.416666667,0.016687873,59.5,87.5,2.083333333,36.23188406,0.166666667,,,,0.166666667,100,5.666666667,57.62711864,3.166666667,66.66666667,84.08333333,0.916666667,0.166666667,0.25,12.25,2.083333333,1.416666667,1.75,1.416666667,4.333333333,0.166666667,1,7
1113809,9829,1063,0.279855118,1.608654751,0.592662277,0.423330198,0.125203296,10.66792098,61.16504854,0.169332079,50,1.69332079,0.338664158,0.169332079,28.57142857,0.338664158,30.76923077,3.725305738,30.98591549,1.269990593,24.19354839,31.15710254,5.333960489,1.947318909,1.185324553,1.523988711,0.931326435,,0.169332079,1.354656632,2.709313264,1.015992474,0.677328316,0.423330198
365672,9746,1028,0.061949416,1.663424125,0.350194553,,0.1746169,23.02529183,75.7925072,1.225680934,40,2.451361868,0.612840467,1.225680934,23.33333333,2.188715953,42.37288136,7.529182879,47.77777778,0.350194553,66.66666667,57.86964981,2.976653696,1.838521401,2.80155642,2.80155642,2.188715953,0.262645914,,2.101167315,5.690661479,0.525291829,1.313229572,0.350194553
1514456,8521,1048,0.26805917,1.97519084,0.858778626,0.429389313,0.09250425,16.57442748,79.09836066,0.687022901,66.66666667,0.772900763,0.171755725,0.257633588,27.27272727,2.748091603,42.66666667,6.95610687,36.16071429,0.858778626,30.3030303,47.83396947,4.379770992,2.748091603,1.631679389,3.263358779,1.717557252,0.944656489,0.171755725,2.919847328,6.183206107,1.030534351,1.459923664,0.429389313
970563,8592,1316,0.151529629,1.572948328,0.547112462,,0.268096982,31.86930091,83.36314848,1.162613982,77.27272727,1.983282675,0.478723404,0.068389058,33.33333333,1.025835866,57.69230769,4.513677812,54.54545455,0.205167173,27.27272727,54.64285714,4.034954407,0.957446809,1.025835866,4.582066869,2.256838906,1.162613982,0.273556231,1.025835866,4.718844985,0.61550152,0.478723404,0.889057751
692984,9847,1062,0.358771187,3.813559322,1.525423729,0.084745763,0.381159338,52.45762712,83.08724832,2.542372881,78.94736842,3.474576271,0.762711864,1.016949153,24.48979592,2.033898305,61.53846154,3.050847458,49.31506849,0.169491525,33.33333333,79.66101695,6.440677966,1.016949153,0.338983051,0.762711864,0.508474576,,,0.254237288,2.118644068,0.847457627,0.254237288,0.254237288
883824,6379,229,1.070096076,4.716157205,3.537117904,1.179039301,0.127133568,7.467248908,50,,,1.179039301,0.3930131,,,1.572052402,40,7.074235808,42.85714286,3.930131004,47.61904762,35.76419214,7.860262009,1.179039301,0.3930131,3.144104803,1.179039301,0.3930131,,0.786026201,2.358078603,1.179039301,0.786026201,1.572052402
1073979,8583,965,0.144363727,0.932642487,0.093264249,0.466321244,0.010959011,33.29533679,79.15742794,3.823834197,47.6744186,0.279792746,,,,0.652849741,77.77777778,7.647668394,64.56692913,4.29015544,61.33333333,60.06217617,1.492227979,0.093264249,0.839378238,12.31088083,1.865284974,2.238341969,0.652849741,1.025906736,5.03626943,0.093264249,0.373056995,7.554404145
1418073,9848,1042,0.079790786,1.468330134,0.431861804,,0.101344081,31.78502879,88.88888889,0.950095969,73.33333333,1.122840691,0.172744722,0.950095969,21.56862745,2.418426104,50.90909091,6.477927063,50.33557047,,,60.97888676,3.800383877,1.641074856,2.245681382,2.159309021,1.813819578,0.259117083,,1.295585413,,,,
267365,9847,1049,0.011745471,0.257387989,,0.257387989,0.038726227,76.5300286,95.09594883,4.976167779,69.87951807,0.171591992,,,,0.171591992,100,3.517635844,59.42028986,1.887511916,55,89.39942803,0.772163966,0.171591992,0.171591992,5.319351764,1.286939943,0.686367969,0.343183985,0.686367969,,,,
1553515,9851,982,0.072714867,2.199592668,0.549898167,,0.099359729,37.94297352,80.70175439,1.83299389,52.63157895,1.191446029,,0.366598778,14.81481481,0.824847251,37.5,5.132382892,47.05882353,0.458248473,35.71428571,68.00407332,2.016293279,1.191446029,0.824847251,4.582484725,3.024439919,0.549898167,0.458248473,1.649694501,4.949083503,0.733197556,0.733197556,0.549898167
1593857,9847,997,0.295745241,2.166499498,0.902708124,,0.192436686,44.50351053,86.49122807,0.451354062,71.42857143,1.805416249,0.180541625,0.180541625,12.5,1.895687061,38.18181818,4.784353059,41.73228346,0.451354062,35.71428571,72.39719157,6.228686058,1.534603811,1.173520562,2.076228686,1.263791374,0.451354062,,0.902708124,3.70110331,0.992978937,0.36108325,0.36108325
1156569,9848,2122,0.273944397,1.187558907,0.508953817,,0.197587119,26.16870877,83.94557823,0.593779453,60.86956522,1.56927427,0.508953817,0.721017908,25.75757576,0.805843544,50,2.502356268,46.82539683,0.127238454,21.42857143,44.27898209,3.223374175,0.636192271,0.721017908,1.950989632,0.848256362,0.296889727,0.127238454,0.381715363,3.011310085,0.381715363,0.593779453,
765158,6379,977,0.333110527,1.750255885,0.552712385,0.184237462,0.060275595,16.76560901,82.35294118,0.552712385,46.15384615,0.460593654,0.092118731,0.184237462,20,0.368474923,30.76923077,4.329580348,48.45360825,0.736949846,40,38.13715455,3.868986694,1.013306039,1.473899693,3.868986694,1.750255885,0.736949846,0.092118731,1.013306039,,,,
837061,9829,1011,0.106771509,0.623145401,0.089020772,0.267062315,0.205504604,31.95845697,78.38427948,1.424332344,43.24324324,1.15727003,0.356083086,0.801186944,24.32432432,0.534124629,66.66666667,6.49851632,68.22429907,2.403560831,71.05263158,66.67655786,1.958456973,0.445103858,0.890207715,7.121661721,2.759643917,1.424332344,0.267062315,0.712166172,,,,
643635,10188,957,0.098097179,1.222570533,0.376175549,0.094043887,0.091501231,27.27272727,83.09455587,1.222570533,54.16666667,1.222570533,0.094043887,0.752351097,25,0.846394984,52.94117647,4.043887147,48.31460674,0.752351097,47.05882353,57.17868339,3.385579937,0.940438871,1.31661442,4.043887147,1.128526646,0.564263323,0.376175549,1.31661442,,,,
1303501,9830,968,0.037617768,0.55785124,0.092975207,0.371900826,0.020105366,31.51859504,83.08823529,2.789256198,45.45454545,0.27892562,,,,0.185950413,100,4.276859504,68.65671642,2.045454545,73.33333333,52.0661157,1.208677686,0,1.022727273,9.204545455,1.022727273,1.859504132,0.464876033,1.022727273,,,,
950967,307691,468,0.393249989,2.5,0.769230769,,0.258952608,23.07692308,82.75862069,0.384615385,50,2.115384615,0.384615385,0.192307692,33.33333333,0.961538462,50,4.423076923,42.59259259,,,45.96153846,5.961538462,1.923076923,0.576923077,3.846153846,2.884615385,0.769230769,,2.307692308,3.846153846,1.346153846,0.192307692,0.192307692
408943,9829,949,0.301163335,1.991570074,0.663856691,0.18967334,0.189068976,21.43308746,73.37662338,0.663856691,43.75,0.853530032,0.284510011,,,0.379346681,33.33333333,1.991570074,31.34328358,0.569020021,42.85714286,42.2971549,4.741833509,0.758693361,0.758693361,1.327713383,0.284510011,0.379346681,0.18967334,0.948366702,,,,
786580,8602,1079,0.274996296,1.835032437,0.583873957,,0.094375834,12.34476367,73.6318408,,,0.750695088,0.250231696,0.250231696,30,0.250231696,30,5.505097312,48.88888889,2.418906395,54.71698113,32.69694161,3.086190918,1.000926784,0.834105653,4.003707136,2.001853568,0.500463392,0.083410565,1.584800741,2.919369787,0.583873957,0.834105653,
1387194,10188,390,0.035907691,0.461538462,0.230769231,,0.294478022,28.61538462,80,1.153846154,41.66666667,1.384615385,0.692307692,1.615384615,41.17647059,1.153846154,35.71428571,4.615384615,31.74603175,0.923076923,33.33333333,66.69230769,2.076923077,1.615384615,0.461538462,3.692307692,2.076923077,1.153846154,,2.307692308,6.230769231,0.692307692,2.307692308,
161291,9830,938,0.166922182,1.439232409,0.863539446,0.383795309,0.09245046,16.02345416,63.25757576,1.0554371,50,0.863539446,0.095948827,,,0.575692964,30,6.236673774,41.93548387,2.398720682,35.71428571,41.44989339,4.029850746,0.575692964,2.206823028,2.590618337,1.151385928,0.287846482,0.095948827,2.1108742,4.125799574,0.575692964,0.479744136,1.0554371
277761,8639,953,0.049211961,0.661070304,0.283315845,0.283315845,0.011416256,57.41867786,91.8429003,3.588667366,55.88235294,0.37775446,0.094438615,,,0.094438615,33.33333333,3.871983211,59.42028986,1.888772298,71.42857143,76.40083945,0.755508919,0.37775446,0.566631689,9.160545645,1.322140609,1.322140609,0.37775446,0.944386149,3.588667366,0.094438615,0.37775446,6.138509969
1299869,9888,441,0.075448976,0.816326531,,,0.013304132,28.16326531,80.70175439,1.020408163,45.45454545,0.204081633,,0.204081633,100,0.408163265,40,6.734693878,55,1.836734694,42.85714286,53.26530612,1.224489796,1.020408163,2.040816327,6.326530612,2.653061224,0.816326531,0.816326531,1.224489796,3.87755102,0.408163265,0.408163265,
1135655,10247,1957,0.202332142,1.839550332,0.781808891,,0.167266874,27.86918753,82.22523745,1.149718958,45.45454545,1.517629024,0.367910066,0.735820133,29.09090909,1.287685232,47.45762712,3.725089423,45.50561798,0.367910066,38.0952381,49.25396014,3.955033214,0.735820133,1.425651507,1.977516607,0.689831375,0.091977517,0.183955033,1.057741441,2.529381707,0.367910066,0.735820133,
278341,8550,897,0.164709031,1.505016722,0.301003344,,0.09450271,31.80602007,89.5480226,1.404682274,63.63636364,0.802675585,0.100334448,0.702341137,22.58064516,1.10367893,34.375,6.220735786,52.99145299,0.802675585,53.33333333,62.5083612,1.906354515,1.003344482,2.006688963,6.02006689,2.307692308,1.10367893,0.602006689,1.204013378,3.913043478,0.301003344,0.602006689,2.006688963
1213430,9810,320,0.224324992,1.96875,0.84375,0.28125,0.0421535,18.5625,83.5443038,,,1.125,0.28125,,,0.28125,14.28571429,3.65625,38.23529412,1.6875,42.85714286,37.96875,5.0625,1.6875,1.125,0.84375,0.5625,,0.28125,0.5625,1.40625,,,
1123587,9837,1288,,3.004658385,1.677018634,0.628881988,,15.65217391,72.25806452,0.279503106,66.66666667,1.118012422,0.139751553,,,1.048136646,57.69230769,5.310559006,37.25490196,3.144409938,41.66666667,36.33540373,6.847826087,1.677018634,0.908385093,1.327639752,0.209627329,0.139751553,0.279503106,2.236024845,1.886645963,0.489130435,0.349378882,0.698757764
1074642,9831,913,0.002553122,0.098576123,,,0.014100747,39.92332968,91.83673469,0.591456736,60,0.098576123,,,,0.197152245,25,2.858707558,36.70886076,0.591456736,37.5,53.13253012,0.295728368,0.788608981,0.985761227,2.858707558,1.084337349,0.985761227,0.098576123,1.872946331,3.253012048,0.098576123,0.690032859,0.690032859
863708,9830,863,0.272398608,2.294322132,0.730011587,0.834298957,0.070734128,10.42873696,65.35947712,,,0.730011587,0.10428737,0.10428737,10,0.730011587,53.84615385,6.257242178,51.72413793,3.754345307,52.94117647,30.86906141,5.8400927,0.834298957,1.460023175,1.772885284,0.521436848,0.208574739,0.10428737,1.147161066,2.398609502,1.042873696,,0.938586327
1166344,9831,110,0.87659994,4.090909091,3.272727273,1.636363636,0.008635026,9.818181818,70.58823529,0.818181818,100,0.818181818,,,,0.818181818,50,5.727272727,36.84210526,4.090909091,83.33333333,34.36363636,5.727272727,4.090909091,0.818181818,2.454545455,,,1.636363636,4.090909091,1.636363636,,,0.818181818
210423,8121,861,0.004181185,0.31358885,,,0.066326948,28.85017422,77.74647887,1.567944251,48.38709677,0.836236934,0.209059233,0.836236934,32,0.31358885,33.33333333,3.658536585,47.94520548,0.940766551,39.13043478,59.3728223,0.522648084,0.209059233,0.836236934,6.06271777,1.567944251,1.149825784,0.418118467,0.836236934,4.703832753,0.209059233,0.940766551,2.926829268
1145717,9941,858,0.092129372,1.258741259,0.20979021,0.20979021,0.078956649,26.74825175,87.32876712,0.314685315,33.33333333,0.839160839,,0.104895105,9.090909091,1.363636364,65,4.405594406,54.54545455,0.20979021,18.18181818,47.2027972,3.041958042,0.629370629,0.839160839,5.034965035,1.993006993,0.839160839,0.20979021,0.839160839,3.041958042,0.41958042,0.524475524,1.993006993
612277,8521,827,0.070030227,0.979443773,0.326481258,0.326481258,0.045682401,23.72430472,81.04089219,1.414752116,56.52173913,0.435308343,0.217654172,0.217654172,66.66666667,0.326481258,75,6.094316808,48.69565217,2.067714631,47.5,45.70737606,1.741233374,0.979443773,0.544135429,6.203143894,3.15598549,0.870616687,0.217654172,2.285368803,3.591293833,0.435308343,0.870616687,1.958887545
632305,8583,1893,0.070416803,0.427892235,0.142630745,,0.031774029,49.20760697,87.71186441,1.236133122,35.61643836,0.237717908,0.047543582,,,0.142630745,60,6.656101426,65.72769953,4.231378764,72.35772358,71.69572108,1.47385103,0.190174326,0.570522979,11.31537242,1.711568938,1.236133122,1.141045959,1.093502377,3.137876387,0.047543582,0.522979398,
38432,9831,852,0.029746479,0.73943662,0.105633803,0.633802817,0.028738931,44.68309859,90,3.169014085,54.54545455,0.211267606,,,,0.105633803,50,3.169014085,57.69230769,1.795774648,73.91304348,59.47183099,1.161971831,0,0.422535211,6.338028169,0.845070423,1.056338028,0.633802817,1.056338028,,,,
660327,9830,339,0.372398216,1.061946903,0.796460177,0.265486726,0.038727047,32.12389381,85.81560284,1.592920354,54.54545455,,,,,0.530973451,50,6.902654867,55.31914894,3.185840708,80,53.89380531,1.592920354,1.327433628,1.327433628,5.309734513,1.85840708,1.592920354,,2.389380531,5.309734513,0.530973451,0.530973451,1.85840708
640292,6379,818,0.239930325,2.640586797,0.770171149,0.11002445,0.048508327,38.61858191,87.53117207,1.210268949,39.28571429,0.4400978,0.11002445,0.11002445,100,1.100244499,76.92307692,4.841075795,50,1.320293399,54.54545455,59.74327628,1.650366748,1.210268949,0.4400978,5.281173594,1.980440098,0.4400978,0.33007335,1.320293399,,,,
1670132,9830,817,0.197052632,1.652386781,0.771113831,0.220318237,0.046198069,14.76132191,66.66666667,0.330477356,50,0.771113831,0.220318237,0.550795594,21.73913043,0.991432069,23.68421053,5.728274174,38.51851852,1.432068543,37.14285714,44.94492044,5.287637699,1.542227662,0.991432069,4.29620563,2.313341493,0.550795594,0.110159119,1.652386781,5.067319461,0.440636475,0.660954712,1.321909425
1695681,9829,815,0.013119018,0.220858896,0.110429448,0.110429448,0.17033915,46.60122699,81.94174757,2.098159509,82.60869565,1.435582822,0.441717791,0.220858896,50,1.54601227,70,9.055214724,54.66666667,1.877300613,51.51515152,75.20245399,0.883435583,1.104294479,1.987730061,6.073619632,3.644171779,0.773006135,,2.539877301,5.63190184,0.552147239,1.435582822,1.656441718
848667,8592,737,0.112249661,1.099050204,0.366350068,,0.190006275,35.2917232,82.33618234,1.343283582,57.89473684,1.70963365,0.488466757,0.732700136,60,0.610583446,55.55555556,3.785617368,53.44827586,0.732700136,50,52.51017639,2.686567164,0.366350068,1.343283582,1.465400271,1.221166893,,,0.488466757,2.442333786,0.488466757,1.221166893,
1351065,8689,648,,0.277777778,,,,61.25,89.63414634,3.611111111,57.77777778,,,,,0.416666667,100,4.444444444,69.56521739,2.222222222,69.56521739,79.16666667,0.277777778,0.138888889,0.694444444,5.972222222,1.111111111,1.111111111,0.416666667,0.555555556,4.305555556,,0.277777778,
1553514,9851,798,0.062357145,1.466165414,0.338345865,,0.05418275,47.93233083,83.66141732,3.157894737,54.90196078,0.563909774,,0.676691729,30,1.353383459,63.15789474,6.428571429,52.29357798,1.691729323,68.18181818,87.18045113,0.563909774,1.127819549,1.240601504,9.022556391,2.255639098,2.030075188,0.338345865,1.578947368,,,,
513072,8588,809,0.011881336,0.22249691,,,0.022261019,48.17058096,91.54334038,1.557478368,42.42424242,0.22249691,,0.111248455,33.33333333,0.333745365,60,4.78368356,56.57894737,1.557478368,51.85185185,67.19406675,0.44499382,0.111248455,1.001236094,10.3461063,1.891223733,1.779975278,1.001236094,1.668726823,,,,
1586559,8588,786,0.641805361,4.122137405,1.374045802,0.458015267,0.024649538,12.59541985,75.86206897,0.229007634,66.66666667,0.572519084,,,,1.488549618,44.82758621,8.244274809,49.65517241,1.717557252,39.47368421,40.19083969,6.870229008,1.717557252,3.893129771,2.290076336,1.259541985,0.229007634,0.229007634,1.717557252,1.946564885,0.458015267,0.458015267,0.572519084
1227012,8472,658,0.047858664,0.820668693,0.273556231,,0.083840555,16.68693009,75.77639752,0.273556231,33.33333333,0.957446809,0.273556231,0.683890578,18.51851852,0.957446809,26.92307692,4.103343465,30.6122449,1.23100304,39.13043478,42.26443769,2.188449848,1.641337386,0.410334347,6.018237082,1.504559271,0.273556231,,2.325227964,2.73556231,0.547112462,1.23100304,1.504559271
1387389,178475,1576,0.021420685,0.228426396,0.057106599,,0.07604424,46.77030457,86.48363252,1.199238579,47.72727273,0.685279188,,,,0.342639594,40,2.684010152,33.33333333,0.456852792,28.57142857,65.67258883,0.342639594,0.685279188,0.057106599,5.08248731,1.827411168,1.313451777,0.685279188,1.256345178,5.368020305,0.285532995,1.884517766,
1125076,9748,768,0.06226172,0.234375,0.1171875,0.1171875,0.055194962,40.8984375,84.50363196,0.9375,33.33333333,0.234375,0.234375,,,0.3515625,75,5.0390625,59.72222222,2.2265625,59.375,65.9765625,1.640625,0.1171875,0.46875,9.140625,1.9921875,1.0546875,0.46875,1.171875,4.8046875,0.1171875,0.46875,5.625
622137,8639,2852,0.034150773,0.820476858,0.157784011,,0.107365396,53.70967742,81.63069544,4.733520337,45.87155963,1.041374474,0.126227209,0.599579243,26.02739726,0.441795231,51.85185185,4.859747546,61.84738956,1.072931276,53.125,90.22089762,0.757363254,0.220897616,0.252454418,8.58345021,3.09256662,1.293828892,0.252454418,0.820476858,5.49088359,0.220897616,0.599579243,
1085809,8295,366,0.010942623,0.245901639,,0.245901639,0.061017925,38.60655738,85.79234973,1.475409836,50,0.245901639,0.245901639,,,0.245901639,33.33333333,4.672131148,48.71794872,1.721311475,53.84615385,56.31147541,0.491803279,0.737704918,0.491803279,5.409836066,2.213114754,0.737704918,0.491803279,1.475409836,3.196721311,,0.737704918,1.967213115
485047,9851,1680,0.023008928,0.428571429,,0.160714286,0.075940362,48.75,87.92270531,2.464285714,52.27272727,0.803571429,0.107142857,0.428571429,24.24242424,0.321428571,66.66666667,4.767857143,56.32911392,2.25,63.63636364,71.78571429,0.910714286,0.267857143,0.535714286,6.910714286,1.660714286,1.553571429,0.321428571,1.071428571,3.321428571,0.107142857,0.964285714,3.375
765466,9851,2300,0.211183032,1.604347826,0.430434783,,0.292427245,21.20869565,76.44569817,1.526086957,44.82758621,1.995652174,0.430434783,1.408695652,36,0.313043478,33.33333333,4.147826087,49.07407407,0.430434783,42.30769231,44.60869565,2.426086957,0.782608696,1.486956522,3.208695652,1.956521739,0.469565217,0.07826087,1.056521739,4.343478261,0.665217391,1.291304348,
1469819,8550,746,0.013282842,0.241286863,0.120643432,,0.033295508,60.92493298,91.48550725,4.463806971,62.71186441,,,0.361930295,37.5,0.844504021,58.33333333,3.860589812,61.53846154,0.361930295,50,83.60589812,0.482573727,0.120643432,1.327077748,6.997319035,1.327077748,1.689008043,0.72386059,1.085790885,4.584450402,0.361930295,0.241286863,3.257372654
1427808,8689,745,0.102950339,0.845637584,0.483221477,0.241610738,0.332000275,24.28187919,79.76190476,0.724832215,40,1.208053691,0.604026846,1.208053691,24.3902439,1.208053691,40,5.073825503,42.42424242,0.845637584,38.88888889,57.5033557,4.10738255,0.845637584,1.691275168,5.073825503,1.44966443,1.32885906,0.120805369,1.570469799,4.711409396,0.724832215,1.44966443,2.174496644
866686,10204,203,0.18447783,1.773399015,0.886699507,0.443349754,0.076213813,27.04433498,87.14285714,0.443349754,33.33333333,1.773399015,,1.773399015,57.14285714,,,3.54679803,40,0.886699507,28.57142857,47.8817734,3.103448276,0.443349754,0.443349754,4.433497537,2.216748768,,0.443349754,0.886699507,0.886699507,0.443349754,1.330049261,0.886699507
439366,9746,741,0.08642915,1.578947368,0.48582996,,0.111879195,31.45748988,87.20538721,2.550607287,80.76923077,0.36437247,,0.12145749,7.692307692,0.36437247,33.33333333,4.736842105,54.16666667,0.850202429,50,53.31983806,1.578947368,0.850202429,2.064777328,4.979757085,1.457489879,1.093117409,0.48582996,1.578947368,3.279352227,0.36437247,0.12145749,1.943319838
1189856,8588,711,0.375569621,3.797468354,1.139240506,1.139240506,0.145493248,23.29113924,76.34854772,1.012658228,72.72727273,1.265822785,,0.886075949,53.84615385,0.506329114,36.36363636,5.82278481,46,2.658227848,52.5,51.39240506,7.46835443,1.518987342,1.772151899,2.658227848,0.886075949,0.253164557,,1.772151899,4.303797468,1.139240506,0.379746835,1.518987342
660887,9830,733,0.165658937,0.982264666,0.36834925,0.122783083,0.115782598,18.54024557,75.87939698,0.859481583,53.84615385,0.491132333,0.122783083,1.350613915,36.66666667,0.491132333,26.66666667,6.507503411,55.20833333,1.227830832,47.61904762,55.37517053,1.596180082,0.36834925,0.982264666,10.80491132,3.80627558,2.824010914,0.245566166,1.596180082,3.06957708,0.491132333,0.982264666,3.929058663
541933,8521,711,0.366860764,3.924050633,0.632911392,1.012658228,0.072378041,14.6835443,71.60493827,0.379746835,27.27272727,0.886075949,,0.126582278,25,1.265822785,45.45454545,6.708860759,49.07407407,2.53164557,50,39.62025316,5.569620253,1.392405063,1.392405063,3.037974684,1.64556962,0.759493671,,1.518987342,4.430379747,2.025316456,0.253164557,0.632911392
161660,6379,711,0.243329112,1.898734177,0.632911392,0.253164557,0.180530201,13.67088608,69.23076923,0.379746835,37.5,1.139240506,0.632911392,,,0.379746835,60,2.278481013,33.33333333,1.139240506,33.33333333,31.64556962,4.303797468,0.886075949,0.759493671,1.139240506,,0.126582278,0.253164557,1.012658228,2.658227848,0.506329114,0.253164557,0.759493671
1397857,8639,708,0.055716103,1.144067797,,0.127118644,0.068257522,31.01694915,83.84879725,1.271186441,40,0.762711864,0.127118644,0.63559322,15.15151515,0.381355932,17.64705882,5.211864407,45.55555556,0.381355932,33.33333333,65.46610169,2.923728814,1.779661017,2.669491525,4.449152542,1.779661017,0.762711864,,1.652542373,3.177966102,0.508474576,0.381355932,1.906779661
1364069,9748,751,0.327739027,2.276964048,1.078561917,,0.267335194,21.45139814,80.63063063,0.479360852,40,1.19840213,0.359520639,0.958721704,29.62962963,0.838881491,35,4.793608522,54.05405405,,,44.70039947,6.111850866,0.599201065,2.636484687,1.917443409,1.318242344,0.359520639,,1.318242344,2.396804261,0.239680426,0.239680426,0.239680426
1682313,9847,90,,0,,,0.054098081,40,85.10638298,1,100,2,,,,4,100,8,61.53846154,2,66.66666667,60,3,2,1,1,1,,,1,3,,1,
361315,9829,687,0.064126636,0.3930131,0.262008734,0.3930131,0.044472162,72.70742358,93.75,3.799126638,67.44186047,0.262008734,,,,,,3.013100437,45.09803922,1.834061135,50,88.16593886,0.524017467,0,0.524017467,7.336244541,0.917030568,1.310043668,1.310043668,1.179039301,2.489082969,,0.655021834,3.799126638
1192854,8583,157,,1.719745223,0.573248408,,,22.3566879,86.66666667,1.146496815,66.66666667,0.573248408,,,,0.573248408,33.33333333,3.439490446,46.15384615,0.573248408,25,37.8343949,2.866242038,0,1.146496815,2.866242038,1.146496815,0.573248408,,1.146496815,3.439490446,,,1.146496815
1202239,8689,678,0.210836282,1.725663717,0.796460177,0.265486726,0.128414966,12.87610619,75.19379845,0.530973451,80,0.796460177,0.265486726,0.132743363,33.33333333,0.530973451,66.66666667,4.115044248,38.75,2.123893805,37.20930233,29.86725664,3.451327434,0.530973451,1.061946903,1.592920354,0.530973451,0.265486726,,2.256637168,2.522123894,0.398230088,0.265486726,0.796460177
150869,6379,660,0.016104546,0.136363636,0.136363636,0.136363636,0.013242442,61.09090909,90.32258065,2.454545455,45,0.272727273,,,,0.136363636,100,2.863636364,46.66666667,1.363636364,38.46153846,78.27272727,0.545454545,0,0.136363636,7.772727273,1.227272727,1.090909091,0.409090909,1.090909091,,,,
1197039,8305,1604,0.243583534,1.963840399,0.78553616,0.617206983,0.07733137,13.35411471,64.67391304,0.448877805,40,0.841645885,0.280548628,0.336658354,28.57142857,1.402743142,40.98360656,6.733167082,41.09589041,2.300498753,36.93693694,41.97007481,3.478802993,2.07605985,1.739401496,2.917705736,1.290523691,0.504987531,0.112219451,1.178304239,2.973815461,0.448877805,0.504987531,1.009975062
643229,9885,645,0.218846515,2.093023256,0.697674419,0.418604651,0.078840619,23.02325581,83.33333333,0.558139535,50,1.813953488,0.279069767,0.558139535,33.33333333,1.813953488,50,4.046511628,54.71698113,,,41.30232558,2.651162791,0.697674419,1.674418605,1.255813953,0.558139535,0.418604651,,0.279069767,3.069767442,0.697674419,0.139534884,0.279069767
159594,7853,223,0.419690561,2.825112108,0.403587444,,0.143760413,35.11210762,87,0.403587444,25,2.01793722,0.403587444,,,0.403587444,100,5.650224215,60.86956522,1.210762332,75,55.69506726,2.421524664,0.807174888,0.403587444,7.668161435,3.632286996,2.421524664,0.403587444,2.825112108,3.228699552,0.807174888,0.403587444,
944385,9831,634,0.24774133,2.413249211,1.561514196,0.567823344,0.155186995,15.04731861,70.66666667,0.141955836,16.66666667,1.135646688,0.141955836,1.135646688,50,0.567823344,33.33333333,3.974763407,35.8974359,0.567823344,18.18181818,38.04416404,4.400630915,0.851735016,1.135646688,2.839116719,1.703470032,0.851735016,,1.41955836,4.542586751,0.993690852,1.277602524,0.283911672
310836,8121,648,0.095249994,1.388888889,0.138888889,0.138888889,0.057936253,25.41666667,80.97345133,1.527777778,64.70588235,0.833333333,0.138888889,0.416666667,25,0.416666667,60,5.138888889,41.11111111,0.694444444,35.71428571,48.47222222,0.555555556,1.666666667,1.527777778,5,2.638888889,0.972222222,0.138888889,2.083333333,4.861111111,0.416666667,2.083333333,1.25
1187227,8592,626,,0,,,0.060273037,69.7284345,92.73422562,2.156549521,44.11764706,0.287539936,0.143769968,,,0.143769968,33.33333333,3.738019169,57.77777778,1.437699681,55.55555556,87.41214058,0.431309904,0.143769968,0.71884984,7.044728435,1.437699681,0.143769968,0.575079872,0.71884984,4.169329073,,0.431309904,4.888178914
602211,9851,276,0.28588043,3.260869565,0.97826087,,0.027903059,37.5,87.12121212,0.652173913,50,0.326086957,,,,3.260869565,76.92307692,8.152173913,59.52380952,1.630434783,50,61.95652174,3.913043478,0.652173913,0.97826087,4.239130435,2.282608696,,0.652173913,0.652173913,3.586956522,0.652173913,1.630434783,1.304347826
1207992,9829,613,0.016825449,0.44045677,,,0.23305358,42.72430669,79.94505495,3.376835237,44.23076923,1.615008157,0.44045677,1.174551387,24.24242424,1.174551387,47.05882353,6.460032626,55.69620253,1.468189233,83.33333333,87.06362153,1.027732463,0.734094617,0.293637847,11.45187602,3.52365416,3.376835237,0.146818923,2.20228385,4.991843393,0.146818923,0.734094617,4.4045677
875672,8592,2106,0.33403419,2.905982906,1.239316239,,0.121360039,19.35897436,78.37370242,1.025641026,53.33333333,1.153846154,0.170940171,0.384615385,21.42857143,1.452991453,37.36263736,5.427350427,39.6875,0.598290598,41.17647059,46.83760684,4.145299145,2.264957265,1.709401709,2.564102564,1.752136752,0.341880342,,1.282051282,4.273504274,0.427350427,1.623931624,
1215410,10204,779,0.250405635,2.195121951,0.693196406,0.231065469,0.171273996,18.60077022,78.92156863,0.462130937,50,1.964056483,0.115532734,0.231065469,9.523809524,2.310654685,39.21568627,6.123234917,41.08527132,0.80872914,38.88888889,47.25288832,7.047496791,2.541720154,1.964056483,2.42618742,1.155327343,0.693196406,,0.80872914,4.967907574,1.039794608,0.693196406,0.577663671
612747,9830,610,0.058514755,1.032786885,0.295081967,0.442622951,0.04357511,20.21311475,76.53631285,1.180327869,38.0952381,1.032786885,0.295081967,0.442622951,17.64705882,0.737704918,55.55555556,6.196721311,58.33333333,1.180327869,44.44444444,57.24590164,1.180327869,0.295081967,1.918032787,10.7704918,2.360655738,3.098360656,0.737704918,1.032786885,4.868852459,,1.032786885,4.573770492
214972,8592,593,0.041175378,0.607082631,0.151770658,0.455311973,0.038415271,57.21753794,87.26851852,1.365935919,39.13043478,0.303541315,,,,0.910623946,100,5.615514334,57.8125,1.365935919,56.25,80.13490725,0.758853288,0.910623946,1.214165261,6.981450253,2.124789207,1.517706577,0.758853288,1.821247892,7.740303541,0.607082631,0.303541315,2.58010118
770340,9851,466,0.15168669,2.510729614,0.386266094,0.193133047,0.096787996,25.49356223,82.5,0.965665236,50,0.579399142,,0.579399142,16.66666667,0.772532189,40,5.600858369,52.72727273,0.386266094,16.66666667,57.55364807,3.669527897,0.579399142,2.510729614,4.055793991,1.931330472,0.772532189,0.193133047,0.772532189,4.82832618,0.772532189,0.579399142,1.158798283
643690,8638,561,0.357240636,2.56684492,0.962566845,0.962566845,0.093363039,12.67379679,76.69902913,0.160427807,33.33333333,0.962566845,0.320855615,0.160427807,100,0.320855615,20,3.529411765,41.50943396,2.085561497,65,27.27272727,6.096256684,1.28342246,0.64171123,0.962566845,0.64171123,,,1.122994652,2.085561497,0.481283422,0.320855615,0.320855615
1426809,8639,560,0.243449992,2.25,1.125,,0.254378136,31.5,82.70042194,0.964285714,50,2.410714286,0.321428571,2.089285714,38.23529412,0.964285714,30,4.660714286,40.84507042,,,61.07142857,6.589285714,1.446428571,1.446428571,2.892857143,2.25,0.482142857,,1.125,3.857142857,0.321428571,1.446428571,0.160714286
904021,8678,900,0.179260004,1.9,1,,0.180133045,30,86.20689655,0.4,57.14285714,1,0.5,0.7,26.92307692,1.7,43.58974359,6,55.04587156,0.7,41.17647059,53,3.6,0.7,2.3,2,1.3,0.4,,0.6,4.2,0.5,0.5,
199834,8638,1010,0.354439613,2.673267327,0.623762376,,0.275324347,52.84158416,86.82284041,0.356435644,80,2.316831683,0.445544554,1.96039604,36.66666667,1.693069307,51.35135135,7.128712871,54.79452055,0.267326733,27.27272727,85.45544554,4.722772277,0.891089109,1.693069307,4.544554455,3.475247525,0.712871287,0.089108911,1.425742574,,,,
1284071,8342,554,0.144861016,1.624548736,0.324909747,,0.103432177,29.40433213,77.35042735,0.487364621,50,1.137184116,0.324909747,0.812274368,33.33333333,1.949458484,54.54545455,6.335740072,48.14814815,0.649819495,57.14285714,61.24548736,2.599277978,1.78700361,0.974729242,4.386281588,2.761732852,0.487364621,,1.299638989,4.061371841,0.974729242,1.624548736,1.137184116
1368710,9748,1156,0.152688581,1.401384083,0.389273356,,0.197322377,42.27508651,89.45634267,0.62283737,80,2.802768166,0.233564014,0.155709343,40,1.557093426,57.14285714,5.138408304,50.76923077,0.155709343,20,65.47577855,3.892733564,1.634948097,1.868512111,2.179930796,1.557093426,0.389273356,,1.24567474,7.3183391,1.790657439,0.311418685,0.233564014
1688980,8121,541,,0,,,0.024947447,29.44547135,86.34146341,1.663585952,50,0.499075786,,0.499075786,33.33333333,0.665434381,80,5.323475046,60.37735849,0.831792976,41.66666667,54.06654344,,0.166358595,0.499075786,7.486136784,3.327171904,0.499075786,0.33271719,1.164510166,4.824399261,0.33271719,0.831792976,3.327171904
1066264,9941,532,0.022398497,1.015037594,,,0.02795948,33.32706767,82.77310924,0.169172932,9.090909091,0.169172932,,,,0.507518797,75,5.582706767,67.34693878,1.184210526,77.77777778,53.12030075,1.015037594,0.676691729,0.676691729,6.766917293,3.214285714,1.353383459,0.507518797,0.845864662,5.582706767,0.169172932,0.676691729,1.691729323
1693546,2529,530,0.595120763,3.735849057,1.188679245,0.849056604,0.100446056,9.169811321,65.06024096,,,0.849056604,0.339622642,,,1.018867925,54.54545455,5.603773585,50,3.396226415,76.92307692,31.0754717,6.622641509,1.528301887,0.679245283,2.547169811,0.509433962,0.169811321,0.169811321,2.037735849,2.037735849,0.339622642,0.169811321,1.698113208
1368318,8191,1681,0.084244499,1.552647234,0.535395598,,0.12819592,22.37953599,79.01701323,0.856632957,59.25925926,1.552647234,0.160618679,1.070791196,27.02702703,2.46281975,42.99065421,5.193337299,34.39716312,0.214158239,14.28571429,51.82629387,2.891136228,2.355740631,0.803093397,2.302201071,1.713265913,0.374776919,,2.355740631,4.122546104,0.856632957,0.696014277,
942354,9746,529,0.112372399,1.020793951,0.34026465,0.34026465,0.080902071,14.63137996,72.26890756,0.170132325,20,1.190926276,0.170132325,,,0.680529301,36.36363636,4.083175803,32.43243243,0.510396975,16.66666667,34.70699433,3.572778828,1.190926276,0.850661626,3.742911153,2.041587902,0.510396975,,2.722117202,4.593572779,1.871455577,0.850661626,1.190926276
1523209,8550,760,,2.605263158,0.710526316,,,17.76315789,78.125,1.302631579,78.57142857,0.592105263,0.236842105,,,0.236842105,11.76470588,4.263157895,37.5,0.947368421,29.62962963,39.07894737,5.565789474,1.302631579,2.131578947,1.302631579,0.947368421,0.118421053,,1.184210526,2.486842105,0.355263158,0.710526316,
1049665,8689,1591,,1.244500314,0.678818353,,,20.93023256,82.58928571,0.282840981,31.25,0.735386549,0.113136392,0.282840981,9.803921569,1.187932118,43.75,5.034569453,46.84210526,0.565681961,37.03703704,44.23632935,4.186046512,1.30106851,1.357636706,3.224387178,1.923318668,0.735386549,0.113136392,1.640477687,4.016341923,0.791954745,0.452545569,0.452545569
1752228,8121,505,0.311809889,2.673267327,0.712871287,0.356435644,0.040508359,16.3960396,79.31034483,0.534653465,100,0.712871287,,0.178217822,20,0.891089109,41.66666667,4.99009901,35.44303797,1.782178218,32.25806452,40.0990099,4.455445545,1.96039604,0.891089109,2.138613861,1.425742574,,,1.603960396,2.316831683,0.356435644,0.712871287,0.712871287
1186553,8639,509,0.064555991,1.237721022,0.353634578,0.884086444,0.007826341,72.14145383,90.06622517,3.359528487,52.77777778,,,,,0.353634578,66.66666667,7.072691552,65.57377049,3.536345776,68.96551724,96.71905697,1.944990177,0,1.41453831,10.43222004,1.944990177,1.944990177,0.530451866,1.768172888,5.304518664,,0.176817289,6.011787819
1729826,9746,497,0.013074447,0.181086519,0.181086519,0.181086519,0.00460473,32.41448692,89.05472637,1.99195171,47.82608696,0.362173038,,,,0.362173038,66.66666667,3.802816901,51.2195122,1.267605634,36.84210526,49.07444668,0.543259557,0.181086519,0.181086519,7.424547284,1.99195171,0.362173038,1.448692153,1.267605634,1.448692153,,0.181086519,3.621730382
1640973,9941,500,,0,,,0.112004489,24.12,75.70621469,0.9,50,0.54,0.18,0.18,9.090909091,0.72,36.36363636,5.22,51.78571429,1.08,46.15384615,51.66,2.34,0.18,1.62,7.74,1.8,2.16,0.36,1.98,5.22,0.36,0.36,3.42
1603755,9848,509,0.145255403,1.41453831,0.176817289,,0.237248839,26.16895874,82.68156425,0.176817289,25,1.41453831,0.530451866,0.707269155,21.05263158,1.768172888,34.48275862,9.194499018,53.60824742,,,59.41060904,5.127701375,2.121807466,3.359528487,4.597249509,4.066797642,0.353634578,,1.591355599,4.42043222,0.530451866,1.060903733,0.176817289
988160,8639,495,0.162981814,2.181818182,0.727272727,,0.240326513,39.09090909,80.82706767,0.727272727,80,1.636363636,0.363636364,,,2.727272727,46.875,8.545454545,51.08695652,0.181818182,33.33333333,75.81818182,5.090909091,3.272727273,4.545454545,2.181818182,1.090909091,0.545454545,0.181818182,0.727272727,3.636363636,0.727272727,0.727272727,0.363636364
1092680,6606,827,0.472744846,3.264812576,1.414752116,0.217654172,0.24803289,37.87182588,82.85714286,1.958887545,72,1.632406288,0.435308343,0.108827086,20,1.088270859,71.42857143,6.529625151,60.60606061,1.850060459,58.62068966,63.99032648,5.876662636,0.761789601,2.067714631,3.482466747,1.523579202,0.544135429,0.217654172,1.741233374,4.679564692,1.197097944,0.108827086,1.197097944
1791729,9941,463,0.04851836,0.583153348,0.194384449,0.194384449,0.003711818,28.38012959,85.88235294,0.194384449,6.25,,,,,,,2.721382289,70,0.777537797,66.66666667,46.06911447,0.388768898,0,,9.330453564,1.943844492,0.583153348,0.388768898,0.388768898,3.887688985,,0.388768898,6.414686825
612699,8588,494,0.132504046,2.368421053,0.182186235,0.728744939,0.143861638,36.43724696,79.6812749,2.186234818,75,1.275303644,0.182186235,,,0.36437247,28.57142857,6.012145749,45.83333333,2.368421053,48.14814815,65.951417,4.55465587,1.275303644,2.186234818,3.825910931,1.093117409,0.910931174,,1.639676113,4.008097166,0.910931174,0.910931174,1.821862348
1106866,9941,469,0.276985079,2.1108742,0.767590618,0.383795309,0.039849742,13.81663113,72,0.383795309,66.66666667,1.151385928,,,,0.383795309,40,2.878464819,28.84615385,1.343283582,29.16666667,31.47121535,5.181236674,1.151385928,0.191897655,2.302771855,0.959488273,0.191897655,0.383795309,1.727078891,1.727078891,0.767590618,0.767590618,0.767590618
1355526,9848,447,0.022328859,0.402684564,0.201342282,,0.018925697,52.75167785,89.7260274,2.013422819,55.55555556,0.201342282,,,,0.805369128,57.14285714,5.234899329,53.06122449,0.805369128,33.33333333,73.48993289,0.402684564,0,1.006711409,5.838926174,2.617449664,1.006711409,,1.812080537,4.429530201,0.402684564,0.805369128,2.214765101
1797446,8550,436,0.16879129,3.096330275,0.825688073,0.206422018,0.143925269,12.79816514,73.80952381,0.619266055,42.85714286,2.683486239,0.412844037,2.270642202,29.72972973,1.23853211,37.5,5.160550459,48.07692308,0.825688073,36.36363636,41.69724771,3.096330275,0.825688073,1.23853211,2.683486239,1.857798165,0.206422018,,0.619266055,1.857798165,0.206422018,0.619266055,0.619266055
1183148,8455,2302,0.648207229,2.384882711,1.368375326,,0.02730506,10.6342311,80.71216617,0.078192876,50,0.703735882,0.156385752,,,0.273675065,25.92592593,2.971329279,37.43842365,1.055603823,39.70588235,25.64726325,4.300608167,1.172893136,1.446568202,1.642050391,0.234578627,0.039096438,0.195482189,1.407471764,2.345786273,0.821025195,0.156385752,
1168520,10229,864,0.206916668,1.979166667,0.833333333,,0.239500279,22.1875,83.52941176,0.520833333,71.42857143,1.666666667,0.416666667,0.833333333,32,2.5,48,5.416666667,37.95620438,0.520833333,25,48.125,5.625,2.1875,1.354166667,1.875,1.041666667,0.3125,,1.25,4.270833333,1.041666667,1.25,
1421275,8639,1982,0.409731602,4.132189707,1.498486377,,0.220311252,20.07063572,71.40549273,0.681130172,53.57142857,1.68012109,0.454086781,0.363269425,28.57142857,1.90716448,44.68085106,6.266397578,39.42857143,2.225025227,38.88888889,50.26740666,6.357214934,1.997981837,1.180625631,1.861755802,1.044399596,0.227043391,0.045408678,1.634712412,3.224016145,0.635721493,0.272452069,
1337979,9746,416,,0,,,0.010967276,36.5625,84.07960199,4.326923077,47.61904762,0.216346154,,,,,,2.163461538,55.55555556,0.649038462,42.85714286,56.68269231,0.216346154,0,0.216346154,10.81730769,1.298076923,0.216346154,1.947115385,0.649038462,2.596153846,,0.216346154,7.355769231
1443464,10076,420,0.177449993,2.142857143,0.857142857,0.214285714,0.22028224,26.35714286,77.35849057,0.428571429,22.22222222,1.285714286,0.214285714,0.428571429,11.76470588,1.285714286,31.57894737,3.642857143,26.15384615,0.428571429,33.33333333,57.21428571,4.714285714,1.928571429,0.642857143,3.214285714,1.285714286,0.642857143,,1.5,2.357142857,0.428571429,3.214285714,1.285714286
765693,9748,416,0.045346154,0.865384615,0.216346154,,0.053510395,43.70192308,90.99099099,1.730769231,66.66666667,1.081730769,,,,1.081730769,62.5,3.894230769,51.42857143,0.432692308,40,61.44230769,1.947115385,0.216346154,1.081730769,4.543269231,1.298076923,1.514423077,0.432692308,1.730769231,3.894230769,0.216346154,0.649038462,1.298076923
1428420,8121,383,0.01456919,0.46997389,,,0.003341766,34.07310705,86.82634731,0.704960836,25,,,,,,,3.994778068,44.73684211,0.939947781,30.76923077,53.5770235,,0.234986945,1.409921671,6.34464752,1.644908616,0.704960836,0.46997389,1.879895561,4.229765013,,0.704960836,3.524804178
1581053,9848,406,0.045465517,0.665024631,0.443349754,,0.035737981,45.22167488,89.08296943,,,1.108374384,,,,0.886699507,44.44444444,5.541871921,54.34782609,,,66.50246305,1.330049261,0.665024631,0.886699507,4.876847291,3.768472906,0.443349754,0.221674877,0.886699507,4.655172414,0.665024631,1.995073892,0.443349754
1816726,9746,380,0.034271054,0.947368421,0.473684211,0.236842105,0.095778755,25.81578947,72.18543046,0.473684211,20,0.947368421,,0.710526316,12.5,1.894736842,44.44444444,9.236842105,50,1.421052632,60,80.76315789,1.184210526,2.131578947,2.368421053,9.473684211,3.552631579,2.131578947,,2.842105263,,,,
1431516,8577,376,0.343675521,3.590425532,1.675531915,1.196808511,0.047712917,9.335106383,73.58490566,0.478723404,66.66666667,0.718085106,,,,0.239361702,9.090909091,3.829787234,33.33333333,1.914893617,42.10526316,29.92021277,6.941489362,1.436170213,1.436170213,0.957446809,0.239361702,,0.239361702,0.478723404,0.957446809,0.718085106,0.718085106,0.478723404
466482,1323940,1211,0.146838979,3.047068538,1.337737407,,0.233940436,19.99174236,75.56179775,0.817506193,57.89473684,2.229562345,0.594549959,0.966143683,20,3.864574732,59.09090909,7.283236994,56.97674419,0.445912469,60,51.94880264,5.945499587,1.337737407,1.486374897,2.080924855,1.486374897,0.14863749,,0.817506193,4.161849711,1.040462428,0.371593724,
1019583,9746,374,0.260494648,1.443850267,0.481283422,0.240641711,0.066908622,12.99465241,80.59701493,0.481283422,50,1.203208556,0.240641711,1.203208556,33.33333333,1.203208556,38.46153846,7.700534759,53.33333333,0.240641711,14.28571429,38.02139037,2.406417112,0.721925134,4.572192513,2.406417112,1.684491979,,,2.165775401,2.406417112,0.240641711,0.481283422,0.721925134
1705134,8686,373,0.555032143,1.930294906,1.44772118,0.72386059,0.093729736,13.02949062,77.14285714,0.241286863,100,1.44772118,0.482573727,,,0.241286863,33.33333333,4.825737265,40,1.206434316,35.71428571,35.22788204,6.514745308,1.44772118,2.171581769,2.412868633,1.206434316,0.482573727,,1.930294906,1.930294906,0.241286863,1.206434316,0.72386059
1699549,9847,354,0.379906782,2.288135593,0.762711864,,0.088410026,42.45762712,84.34343434,1.016949153,100,1.271186441,,,,1.525423729,60,2.542372881,31.25,,,64.06779661,3.813559322,0.254237288,0.508474576,1.779661017,0.508474576,0.508474576,0.254237288,1.779661017,3.305084746,0.254237288,1.016949153,0.508474576
1699556,8521,373,0.047171582,0.965147453,0.241286863,0.482573727,0.004468008,37.64075067,87.64044944,1.44772118,40,,,,,0.241286863,100,4.584450402,67.85714286,2.895442359,80,58.63270777,0.965147453,0.241286863,,12.54691689,1.44772118,2.654155496,1.44772118,0.965147453,5.549597855,,0.482573727,6.997319035
1514645,8121,361,0.017301938,0.498614958,0.249307479,,0.028496368,31.1634349,79.61783439,0.997229917,33.33333333,0.747922438,,,,0.249307479,25,5.484764543,51.1627907,0.747922438,50,54.84764543,0.747922438,1.246537396,0.747922438,6.980609418,3.739612188,0.747922438,0.498614958,1.495844875,,,,
1603990,8639,339,0.20429204,2.654867257,0.796460177,0.265486726,0.1812058,16.99115044,70.32967033,0.530973451,28.57142857,1.85840708,,1.061946903,22.22222222,2.654867257,41.66666667,7.96460177,42.25352113,0.796460177,42.85714286,54.42477876,7.699115044,2.654867257,1.592920354,5.044247788,2.920353982,0.796460177,,1.327433628,5.840707965,0.796460177,2.123893805,1.327433628
708435,8639,468,0.286576908,3.076923077,0.769230769,0.192307692,0.223762072,23.84615385,72.51461988,0.769230769,57.14285714,1.730769231,0.384615385,0.192307692,12.5,2.5,48.14814815,5,36.11111111,,,55,6.730769231,3.076923077,1.538461538,1.538461538,0.961538462,0.192307692,,0.769230769,2.884615385,0.384615385,1.346153846,0.384615385
1108603,8472,1109,0.105045985,0.649233544,0.243462579,,0.037754288,29.29666366,84.54332553,0.81154193,33.33333333,0.243462579,,0.243462579,10.71428571,1.217312894,55.55555556,5.356176736,54.09836066,0.81154193,41.66666667,59.08025248,1.623083859,0.973850316,0.892696123,7.060414788,2.434625789,0.892696123,0.405770965,0.730387737,3.733092876,0.162308386,0.730387737,
1832893,8121,323,0.293099079,1.950464396,0.835913313,0.278637771,0.167964961,14.76780186,69.73684211,0.278637771,33.33333333,1.114551084,0.278637771,0.835913313,33.33333333,0.835913313,23.07692308,7.244582043,40.625,2.507739938,64.28571429,46.81114551,5.015479876,1.950464396,2.229102167,5.015479876,1.950464396,1.114551084,,2.507739938,6.13003096,0.835913313,2.229102167,1.950464396
1581744,8521,329,0.049404256,1.094224924,0.273556231,,0.102258485,42.67477204,83.42245989,1.094224924,44.44444444,1.914893617,0.273556231,0.820668693,21.42857143,1.094224924,57.14285714,4.103343465,55.55555556,0.273556231,50,71.12462006,1.914893617,1.367781155,1.094224924,4.103343465,1.641337386,1.367781155,0.273556231,0.273556231,8.480243161,0.820668693,0.547112462,0.820668693
912342,9853,327,0.225302752,1.376146789,0.550458716,0.825688073,0.039009913,32.47706422,81.94444444,1.926605505,33.33333333,0.275229358,,,,,,6.330275229,57.5,3.853211009,56,57.24770642,1.926605505,0,1.100917431,9.908256881,1.376146789,0.825688073,1.376146789,0.550458716,1.926605505,,0.825688073,6.330275229
1744576,8583,315,0.02582857,0.571428571,0.285714286,0.571428571,0.005335006,20,86.41975309,0.857142857,50,0.285714286,,,,0.285714286,20,2.571428571,40.90909091,0.571428571,33.33333333,37.42857143,1.142857143,0.571428571,,7.142857143,1.714285714,1.714285714,0.571428571,0.857142857,,,,
1473606,10000,299,0.039010034,0.602006689,0.301003344,,0.063470296,23.77926421,82.29166667,1.505016722,62.5,0.602006689,,0.602006689,25,0.903010033,42.85714286,5.117056856,44.73684211,0.301003344,11.11111111,48.16053512,1.505016722,1.204013378,0.903010033,6.622073579,3.010033445,0.903010033,,0.903010033,4.214046823,,0.602006689,2.7090301
1276685,8583,308,0.070480519,1.168831169,0.292207792,,0.109107064,24.54545455,77.77777778,1.168831169,50,1.168831169,,1.168831169,22.22222222,4.383116883,65.2173913,10.22727273,56.4516129,0.876623377,100,62.24025974,2.922077922,1.461038961,3.214285714,3.506493506,1.753246753,1.461038961,0.292207792,2.922077922,8.766233766,0.292207792,1.168831169,
320672,6413,1056,0.194079544,2.471590909,0.852272727,,0.332752006,25.3125,79.41176471,2.215909091,63.41463415,2.897727273,0.852272727,2.045454545,33.8028169,2.045454545,45.28301887,5.113636364,42.85714286,0.340909091,36.36363636,56.76136364,2.556818182,1.534090909,1.107954545,2.471590909,1.619318182,0.340909091,,1.107954545,5.198863636,0.767045455,1.107954545,0.511363636
965666,6379,304,0.04168421,1.184210526,0.296052632,,0.232000439,26.94078947,72.8,1.184210526,30.76923077,0.296052632,,0.888157895,33.33333333,0.592105263,50,5.328947368,60,2.072368421,58.33333333,60.98684211,0.592105263,0.888157895,2.072368421,4.440789474,0.592105263,0.888157895,,0.888157895,3.552631579,,,2.960526316
1592417,8521,285,0.013957895,0.947368421,,,0.090465113,27.78947368,76.52173913,3.789473684,57.14285714,0.315789474,,0.631578947,18.18181818,0.631578947,28.57142857,5.684210526,36,1.894736842,35.29411765,69.15789474,0.631578947,1.578947368,1.578947368,9.789473684,1.578947368,0.947368421,0.631578947,2.210526316,4.736842105,,1.578947368,6.631578947
1438316,10154,281,,0,,,0.103531874,18.89679715,68.60465116,0.640569395,25,1.28113879,,0.640569395,18.18181818,0.640569395,66.66666667,3.523131673,45.83333333,0.960854093,37.5,50.60498221,0.640569395,0.960854093,,6.40569395,1.921708185,0.960854093,,0.960854093,2.882562278,,0.320284698,3.523131673
1739906,9748,290,0.135496552,2.172413793,0.620689655,0.620689655,0.044062803,55.86206897,93.75,3.724137931,80,0.310344828,,,,0.310344828,100,5.586206897,56.25,1.24137931,40,78.20689655,1.862068966,1.24137931,1.551724138,6.827586207,2.482758621,1.551724138,0.310344828,0.620689655,4.344827586,0.620689655,0.931034483,2.482758621
1254234,9825,889,0.120431945,2.429696288,0.911136108,0.101237345,0.180879076,32.80089989,89.01098901,0.911136108,75,1.619797525,0.101237345,1.417322835,25.92592593,3.745781777,66.07142857,5.770528684,46.34146341,0.404949381,33.33333333,60.84364454,5.061867267,1.721034871,0.506186727,1.923509561,1.113610799,0.202474691,0.202474691,0.911136108,3.442069741,0.607424072,1.417322835,0.404949381
210400,8121,255,0.006211765,0.352941176,0.352941176,,0.006751144,20.47058824,77.33333333,0.352941176,16.66666667,,,,,,,6.352941176,72,2.823529412,80,43.05882353,,0,1.764705882,8.470588235,2.117647059,2.117647059,1.058823529,1.058823529,4.235294118,0.705882353,0.705882353,3.176470588
688830,8588,257,0.048466927,0.700389105,0.700389105,,0.088243028,38.87159533,88.8,1.40077821,66.66666667,0.700389105,,,,,,2.451361868,43.75,1.750972763,62.5,50.42801556,1.050583658,0.350194553,0.700389105,2.80155642,,0.700389105,0.350194553,1.40077821,3.151750973,0.350194553,0.350194553,1.750972763
925345,9905,519,0.089341044,0.867052023,0.346820809,,0.209502953,30.86705202,79.8206278,0.693641618,44.44444444,1.560693642,0.346820809,0.173410405,20,0.693641618,50,3.988439306,42.59259259,0.693641618,30.76923077,55.31791908,3.121387283,2.080924855,1.387283237,4.161849711,1.387283237,1.213872832,0.173410405,0.520231214,4.335260116,0.867052023,0.520231214,
1457823,8661,80,0.097312496,1.125,,,0.132241035,22.5,74.07407407,,,,,,,1.125,25,6.75,35.29411765,,,55.125,7.875,2.25,4.5,1.125,1.125,,,2.25,2.25,,2.25,
1783428,9830,241,0.079879668,2.614107884,1.12033195,0.373443983,0.062711471,20.91286307,83.58208955,0.746887967,40,0.373443983,,0.373443983,100,0.746887967,33.33333333,6.348547718,42.5,2.614107884,50,48.92116183,2.2406639,1.867219917,1.12033195,5.975103734,1.867219917,0.746887967,1.12033195,2.2406639,4.481327801,0.373443983,0.373443983,2.2406639
1276934,8639,949,0.527500533,2.750263435,1.138040042,,0.265589974,37.27081138,86.18421053,1.707060063,62.06896552,1.991570074,0.379346681,1.327713383,37.83783784,1.991570074,47.72727273,4.362486828,41.81818182,,,66.4805058,5.50052687,1.707060063,1.517386723,2.181243414,0.853530032,0.758693361,0.09483667,0.758693361,3.983140148,1.138040042,0.663856691,
748381,9802,204,0.498220587,3.529411765,1.764705882,0.441176471,0.157645204,21.17647059,85.71428571,0.882352941,66.66666667,1.323529412,0.441176471,0.882352941,22.22222222,2.205882353,45.45454545,8.382352941,52.77777778,2.205882353,62.5,52.94117647,4.852941176,1.323529412,3.529411765,4.852941176,0.441176471,1.323529412,,2.205882353,3.088235294,0.882352941,0.441176471,
418137,8472,127,0.049960631,0.708661417,,,0.056067715,27.63779528,81.25,0.708661417,16.66666667,0.708661417,,1.417322835,25,1.417322835,50,4.960629921,43.75,0.708661417,100,62.36220472,1.417322835,0.708661417,,7.086614173,2.834645669,1.417322835,,2.125984252,2.125984252,,2.125984252,2.834645669
210120,9748,219,0.118931511,1.643835616,0.410958904,0.821917808,0.059973551,35.75342466,81.30841121,0.410958904,16.66666667,0.410958904,,1.232876712,20,0.410958904,50,5.342465753,39.39393939,1.643835616,40,66.57534247,3.698630137,1.232876712,0.821917808,5.342465753,2.876712329,0.410958904,,3.698630137,2.465753425,0.410958904,1.232876712,2.054794521
612212,8583,208,0.052615386,1.730769231,0.432692308,,0.129372032,60.14423077,92.05298013,5.192307692,75,1.298076923,,0.865384615,33.33333333,0.432692308,50,4.759615385,42.30769231,0.865384615,28.57142857,83.94230769,0.432692308,0.865384615,1.298076923,6.923076923,2.163461538,2.163461538,0.865384615,3.028846154,8.653846154,,0.432692308,1.730769231
1685514,8588,189,0.029,0.476190476,,0.476190476,0.053598498,35.23809524,86.04651163,0.476190476,25,0.476190476,0.476190476,,,0.952380952,66.66666667,8.095238095,70.83333333,2.380952381,55.55555556,61.42857143,1.428571429,0,1.904761905,11.42857143,2.857142857,2.380952381,,0.476190476,5.238095238,0.476190476,0.476190476,6.19047619
1611220,9941,184,0.703173921,3.913043478,3.423913043,0.489130435,0.213802962,12.22826087,60.97560976,,,3.423913043,,2.934782609,60,1.467391304,50,3.423913043,35,,,45,8.315217391,1.467391304,0.489130435,1.467391304,1.467391304,,,1.467391304,3.913043478,0.97826087,1.467391304,
1664722,9826,1334,0.100072712,0.472263868,0.067466267,0.202398801,0.02280925,45.53973013,88.23529412,2.496251874,48.68421053,0.202398801,,,,0.134932534,50,5.734632684,60.28368794,2.496251874,66.07142857,69.55772114,0.742128936,0.337331334,0.472263868,11.26686657,2.631184408,0.809595202,0.877061469,0.809595202,,,,
1609234,8550,786,0.07953435,2.748091603,1.145038168,0.114503817,,35.83969466,80.46272494,0.801526718,50,1.603053435,0.229007634,0.458015267,12.90322581,1.832061069,42.10526316,6.41221374,51.37614679,0.34351145,42.85714286,70.41984733,7.442748092,1.259541985,2.633587786,3.549618321,1.603053435,1.259541985,,1.145038168,5.267175573,0.458015267,0.916030534,0.687022901
520979,8592,931,0.147354456,0.773361976,0.193340494,0.193340494,0.119351594,44.37164339,88.09980806,1.450053706,62.5,0.773361976,0.290010741,0.676691729,20,0.676691729,38.88888889,4.543501611,50.53763441,1.6433942,73.91304348,72.88936627,2.416756176,1.063372718,0.870032223,3.866809882,1.353383459,0.773361976,0.096670247,0.773361976,4.640171858,0.290010741,0.96670247,1.6433942
1117069,10205,2117,0.4853708,2.763344355,1.360415683,0.12753897,0.105808136,12.838923,75.5,0.637694851,65.2173913,1.190363722,0.297590931,0.17005196,18.18181818,1.360415683,47.76119403,3.953708077,45.36585366,0.425129901,23.25581395,33.11761927,5.951818611,1.275389702,1.913084554,0.765233821,0.25507794,0.21256495,0.04251299,0.552668871,1.700519603,0.425129901,0.17005196,0.25507794
1366936,9829,45,0.066600002,2,,,0.060697999,14,63.63636364,,,2,,,,,,2,25,,,36,4,0,,2,2,,,,6,,2,
1684579,8639,178,0.633842697,5.056179775,2.02247191,0.505617978,0.196592977,25.28089888,79.36507937,0.505617978,100,2.528089888,,1.011235955,40,2.528089888,45.45454545,6.06741573,35.29411765,0.505617978,20,62.19101124,13.14606742,3.033707865,1.516853933,3.539325843,1.516853933,0.505617978,0.505617978,2.528089888,3.539325843,1.011235955,0.505617978,1.011235955
1975804,9848,155,0.109858064,1.161290323,0.580645161,0.580645161,0.005696762,8.129032258,82.35294118,,,,,,,,,0.580645161,9.090909091,,,17.41935484,2.322580645,1.741935484,0.580645161,0.580645161,,,,2.322580645,0.580645161,,,0.580645161
683476,6379,146,0.244047934,4.315068493,0.616438356,,0.157711869,26.50684932,81.13207547,0.616438356,50,1.849315068,,1.232876712,28.57142857,0.616438356,50,3.082191781,55.55555556,0.616438356,100,52.39726027,6.164383562,0.616438356,2.465753425,0.616438356,,,,1.232876712,2.465753425,,,0.616438356
1207581,8455,282,0.48599999,1.595744681,1.276595745,,0.025103153,12.76595745,70.1754386,,,0.957446809,,,,1.914893617,37.5,6.382978723,31.74603175,3.191489362,43.47826087,37.65957447,5.425531915,2.553191489,0.957446809,0.957446809,0.319148936,0.319148936,,3.829787234,2.234042553,0.319148936,0.319148936,
1515220,10014,604,0.207938751,2.38410596,0.745033113,,0.116030438,15.1986755,74.45255474,1.19205298,80,1.639072848,0.149006623,,,1.937086093,39.39393939,4.321192053,33.33333333,0.745033113,20.83333333,39.48675497,2.98013245,1.341059603,0.745033113,0.894039735,0.894039735,,,0.894039735,2.682119205,0.298013245,0.59602649,
789509,8344,1407,0.046835819,0.511727079,0.063965885,0.255863539,0.015117426,45.73560768,88.49009901,2.750533049,48.86363636,0.447761194,,,,0.191897655,60,6.012793177,71.75572519,3.454157783,69.23076923,68.37953092,0.831556503,0.191897655,0.767590618,11.19402985,1.663113006,0.703624733,1.087420043,0.447761194,,,,
1793704,9748,129,0.73346515,6.976744186,0.697674419,2.093023256,0.017502998,9.76744186,60.86956522,,,,,,,2.790697674,50,9.76744186,46.66666667,2.093023256,37.5,44.65116279,6.279069767,3.488372093,2.790697674,2.093023256,2.093023256,,,1.395348837,3.488372093,0.697674419,,
1440009,9831,146,,0,,,0.002625109,33.28767123,84.375,1.232876712,40,,,,,,,5.547945205,60,3.698630137,66.66666667,49.93150685,,0.616438356,0.616438356,8.01369863,1.232876712,1.232876712,1.849315068,1.849315068,,,,
1053675,8689,1218,,0.665024631,0.147783251,0.443349754,,58.37438424,88.96396396,3.842364532,55.91397849,0.147783251,,0.073891626,33.33333333,0.221674877,60,6.945812808,65.27777778,3.620689655,62.82051282,81.79802956,0.591133005,0.221674877,0.960591133,9.532019704,2.142857143,1.625615764,0.812807882,1.034482759,6.724137931,0.147783251,0.369458128,4.950738916
1412956,9829,127,0.198708667,2.834645669,0.708661417,0.708661417,0.022831589,15.59055118,68.75,0.708661417,50,,,,,1.417322835,33.33333333,4.960629921,28,1.417322835,66.66666667,43.93700787,7.086614173,1.417322835,0.708661417,2.125984252,1.417322835,0.708661417,,5.669291339,3.543307087,0.708661417,2.125984252,
1161211,8406,2352,0.099960456,1.454081633,0.49744898,0.114795918,0.175478398,23.83928571,75.79075426,1.798469388,51.64835165,1.683673469,0.344387755,1.071428571,23.93162393,0.727040816,43.18181818,4.094387755,40.07490637,0.535714286,25.92592593,51.08418367,1.913265306,1.071428571,1.454081633,2.755102041,1.415816327,0.612244898,0.114795918,1.721938776,4.170918367,0.535714286,0.956632653,0.612244898
248453,9829,115,0.048991306,1.565217391,,0.782608696,0.078055699,68.86956522,83.01886792,5.47826087,58.33333333,,,0.782608696,100,,,7.826086957,66.66666667,3.913043478,83.33333333,104.8695652,2.347826087,0.782608696,0.782608696,7.826086957,3.130434783,0.782608696,,1.565217391,14.08695652,0.782608696,,3.913043478
1532261,8600,130,0.071446156,1.384615385,,,0.000550779,5.538461538,50,,,,,,,,,4.153846154,35.29411765,1.384615385,25,25.61538462,2.769230769,0.692307692,1.384615385,4.846153846,1.384615385,,,2.076923077,,,0.692307692,3.461538462
1079539,10203,552,0.089559785,1.467391304,0.489130435,0.163043478,0.165235426,25.27173913,79.08163265,0.326086957,25,1.793478261,0.326086957,1.304347826,21.05263158,1.304347826,38.0952381,4.402173913,42.1875,0.163043478,20,54.29347826,3.586956522,0.815217391,2.282608696,5.706521739,0.652173913,,0.163043478,1.467391304,4.565217391,0.326086957,0.97826087,0.326086957
1327518,7844,1111,,1.134113411,0.324032403,,,44.06840684,87.17948718,3.888388839,67.6056338,0.486048605,,0.081008101,9.090909091,0.810081008,76.92307692,4.455445545,50.92592593,0.486048605,40,63.34833483,0.97209721,0.567056706,1.053105311,4.536453645,2.106210621,0.97209721,0.324032403,1.944194419,4.131413141,0.324032403,0.891089109,
1011026,8121,1766,0.206556631,1.783691959,0.509626274,,0.085393437,18.09173273,80.13544018,0.305775764,46.15384615,0.764439411,0.20385051,0.254813137,14.70588235,0.764439411,31.25,3.516421291,35.02538071,0.560588901,30.55555556,38.52774632,3.516421291,1.630804077,1.274065685,2.344280861,0.968289921,0.611551529,,0.917327293,4.484711212,0.560588901,1.17214043,
364855,9830,98,,0,,,0.060281792,13.7755102,62.5,,,0.918367347,,,,,,4.591836735,41.66666667,2.755102041,42.85714286,38.57142857,0.918367347,0,,13.7755102,1.836734694,2.755102041,1.836734694,1.836734694,0.918367347,,0.918367347,7.346938776
1388070,10269,458,0.191338425,3.144104803,0.786026201,,0.183936337,30.85152838,77.72277228,0.982532751,71.42857143,0.982532751,,0.982532751,19.23076923,0.786026201,26.66666667,3.144104803,36.36363636,0.3930131,28.57142857,63.47161572,5.305676856,1.572052402,1.179039301,2.358078603,0.786026201,0.786026201,,0.19650655,3.733624454,0.589519651,0.589519651,0.786026201
1438611,10179,1203,0.129837904,1.271820449,0.074812968,,0.114209102,26.63341646,75.90618337,0.673316708,29.03225806,1.197007481,0.29925187,0.149625935,28.57142857,2.244389027,66.66666667,9.127182045,59.80392157,1.645885287,62.85714286,58.50374065,2.46882793,1.197007481,0.897755611,7.780548628,4.33915212,1.645885287,0.224438903,1.571072319,7.256857855,1.047381546,1.346633416,
1842657,9831,90,,0,,,0.0114891,85,98.8372093,1,50,,,,,,,8,88.88888889,,,103,1,0,2,14,6,,3,,1,,,5
1254297,8636,90,0.219400004,3,1,,0.0438223,33,82.5,1,50,,,,,3,60,5,55.55555556,,,58,5,2,1,1,1,,,,7,1,,
1573544,8121,1425,,1.894736842,0.694736842,,,20.14736842,70.26431718,0.631578947,40,0.947368421,0.063157895,0.442105263,22.58064516,1.578947368,48.07692308,6.063157895,41.55844156,1.578947368,44.64285714,53.49473684,3.536842105,1.894736842,1.136842105,4.042105263,1.831578947,0.821052632,0.442105263,1.705263158,4.168421053,0.884210526,1.326315789,
352879,8564,90,0.0381,1,,,0.514066994,39,95.12195122,,,4,,3,33.33333333,,,1,20,,,59,6,0,1,1,,,,2,2,,,1
690119,6379,78,,0,,,0.009205316,6.923076923,66.66666667,,,,,,,,,2.307692308,25,2.307692308,40,13.84615385,2.307692308,0,,2.307692308,,1.153846154,1.153846154,2.307692308,2.307692308,1.153846154,1.153846154,
1922172,9748,77,,0,,,0.04037726,59.61038961,92.72727273,1.168831169,25,,,,,1.168831169,50,4.675324675,40,,,93.50649351,2.337662338,0,1.168831169,5.844155844,2.337662338,,1.168831169,1.168831169,5.844155844,,,2.337662338
1057703,9831,72,,0,,,0.003731087,17.5,73.68421053,1.25,100,,,,,,,1.25,25,1.25,100,37.5,,1.25,,8.75,,2.5,1.25,2.5,,,,5
1685496,9830,67,0.026865671,1.343283582,,1.343283582,0.001563703,64.47761194,88.88888889,,,,,,,,,2.686567164,40,2.686567164,50,90,1.343283582,0,,16.11940299,,6.71641791,1.343283582,1.343283582,1.343283582,,,8.059701493
1113694,9857,63,0.343857152,7.142857143,,2.857142857,0.042183572,27.14285714,79.16666667,,,,,,,,,2.857142857,28.57142857,,,65.71428571,5.714285714,0,2.857142857,1.428571429,,1.428571429,,2.857142857,,,1.428571429,
987142,8643,1622,0.082869913,0.776818742,0.277435265,0.443896424,0.010657309,48.82860666,86.87068115,1.886559803,36.17021277,0.110974106,,,,0.166461159,60,6.270036991,55.12195122,3.107274969,60.86956522,70.24660912,1.331689273,0.277435265,0.998766954,8.101109741,1.997533909,1.387176326,0.443896424,2.496917386,,,,
1327298,8721,1805,0.019560664,0.249307479,,,0.134098432,25.77839335,77.39520958,0.548476454,20,0.847645429,0.199445983,0.398891967,20,0.797783934,43.24324324,4.487534626,48.12834225,0.548476454,34.375,58.18836565,1.495844875,0.698060942,0.897506925,6.781163435,2.243767313,0.797783934,0.299168975,1.047091413,,,,
281020,1112866,1408,,2.237215909,0.894886364,,,10.80255682,73.47826087,0.127840909,33.33333333,0.894886364,0.511363636,0.319602273,21.73913043,0.255681818,33.33333333,4.346590909,41.21212121,1.470170455,33.82352941,27.54971591,4.410511364,0.703125,1.470170455,1.789772727,1.150568182,0.191761364,,1.661931818,1.150568182,0.383522727,0.575284091,
1359613,9848,944,0.040347459,0.476694915,0.095338983,,0.01006828,54.81991525,89.14728682,1.144067797,27.27272727,0.095338983,,,,0.286016949,50,5.434322034,58.7628866,1.906779661,52.63157895,78.1779661,0.953389831,0.381355932,0.667372881,10.58262712,2.574152542,1.048728814,0.953389831,1.620762712,3.718220339,,0.190677966,
1526224,8639,52,,0,,,0.005146408,31.15384615,85.71428571,1.730769231,100,,,,,,,5.192307692,42.85714286,3.461538462,66.66666667,76.15384615,,1.730769231,,13.84615385,1.730769231,3.461538462,,,3.461538462,,,8.653846154
604783,9851,660,0.023563637,0.136363636,,,0.098678226,50.59090909,90.70904645,1.5,91.66666667,0.681818182,,,,0.545454545,50,4.5,54.09836066,0.272727273,25,67.63636364,1.772727273,0.818181818,0.545454545,5.045454545,3.136363636,0.954545455,,0.954545455,5.727272727,0.409090909,0.818181818,0.954545455
847629,8592,559,0.077103754,0.805008945,0.322003578,0.483005367,0.038092612,62.4686941,86.9955157,3.220035778,54.05405405,0.161001789,0.161001789,,,0.483005367,50,8.211091234,63.75,3.059033989,59.375,94.3470483,1.932021467,0.644007156,2.415026834,10.78711986,2.415026834,1.127012522,,0.966010733,5.152057245,0.161001789,0.644007156,7.245080501
1640985,9851,661,0.517561259,3.403933434,2.042360061,0.816944024,0.071812571,9.667170953,73.19587629,1.225416036,81.81818182,1.225416036,0.408472012,,,0.544629349,80,3.676248109,40.29850746,0.953101362,28,29.00151286,5.310136157,0.816944024,0.953101362,2.859304085,1.361573374,0.408472012,0.272314675,2.178517398,1.906202723,0.544629349,0.136157337,0.816944024
1609064,9848,1695,0.056591154,1.008849558,0.318584071,0.10619469,0.068945716,24.47787611,78.8034188,1.061946903,47.61904762,0.477876106,0.10619469,0.10619469,12.5,1.380530973,54.16666667,8.230088496,53.44827586,1.008849558,46.34146341,51.50442478,1.274336283,1.274336283,2.283185841,6.530973451,3.557522124,1.539823009,0.265486726,1.96460177,5.415929204,0.371681416,1.699115044,1.168141593
1387741,9931,1237,0.283503638,2.983023444,1.16410671,0.072756669,0.134263543,27.57477769,79.78947368,1.527890057,60,1.382376718,0.436540016,0.582053355,13.33333333,1.964430073,56.25,4.656426839,45.71428571,0.509296686,43.75,58.27809216,4.58367017,1.382376718,0.800323363,2.691996766,1.382376718,0.800323363,0.072756669,0.945836702,4.947453517,0.800323363,1.09135004,0.436540016
1393439,8178,246,0.051658539,1.829268293,0.731707317,,0.337422701,42.07317073,85.82089552,1.097560976,60,1.829268293,0.731707317,0.365853659,11.11111111,3.292682927,64.28571429,9.512195122,65,1.097560976,60,73.53658537,4.024390244,1.463414634,3.658536585,2.195121951,1.463414634,0.365853659,,1.097560976,4.024390244,0.731707317,0.365853659,0.365853659
354477,7826,1056,,1.619318182,0.852272727,,,30.59659091,87.34793187,0.9375,68.75,1.193181818,0.255681818,0.255681818,15.78947368,0.511363636,30,2.897727273,41.97530864,0.170454545,16.66666667,49.51704545,4.772727273,0.596590909,1.278409091,1.875,0.9375,0.767045455,,0.9375,4.005681818,0.767045455,0.596590909,
1180547,8689,736,0.046320653,0.489130435,0.244565217,,0.027516502,57.7173913,92.54901961,3.057065217,69.44444444,0.244565217,,0.122282609,16.66666667,0.611413043,55.55555556,3.057065217,50,0.855978261,53.84615385,73.73641304,1.222826087,0,0.733695652,4.402173913,0.855978261,1.100543478,0.733695652,1.83423913,2.8125,0.122282609,0.122282609,
769335,9876,674,0.080465872,0.801186944,0.133531157,0.133531157,0.099098653,39.12462908,86.17647059,0.267062315,11.76470588,1.068249258,0.133531157,0.267062315,14.28571429,0.133531157,33.33333333,3.605341246,47.36842105,0.534124629,36.36363636,63.4272997,1.869436202,0.534124629,1.201780415,4.139465875,1.735905045,0.534124629,0.267062315,1.201780415,3.872403561,,1.068249258,1.602373887
1335154,10080,117,0.081769228,1.538461538,1.538461538,,0.202124692,6.153846154,72.72727273,,,1.538461538,0.769230769,,,,,2.307692308,25,0.769230769,20,18.46153846,2.307692308,0,0.769230769,0.769230769,0.769230769,,,2.307692308,3.846153846,0.769230769,,
664226,9773,1774,0.151158402,0.862457723,0.405862458,0.253664036,0.043385079,32.46899662,85.33333333,1.471251409,51.78571429,0.811724915,,0.050732807,33.33333333,0.456595265,52.94117647,3.703494927,51.04895105,1.26832018,59.52380952,50.47914318,1.065388952,0.760992108,0.507328072,5.783540023,1.521984216,1.572717024,0.558060879,1.217587373,3.043968433,0.304396843,0.456595265,2.130777903
1494947,8455,873,,0,,,0.097997201,46.49484536,86.39846743,2.577319588,40.98360656,0.412371134,0.412371134,,,0.412371134,44.44444444,5.463917526,53.53535354,1.649484536,50,70.6185567,0.206185567,0.206185567,0.721649485,9.175257732,2.680412371,1.958762887,0.824742268,1.649484536,4.432989691,,0.721649485,3.711340206
1668289,8521,122,0.051934426,1.475409836,0.737704918,,0.078571229,32.45901639,73.33333333,2.213114754,30,0.737704918,,0.737704918,25,,,2.950819672,50,0.737704918,25,62.70491803,0.737704918,0.737704918,0.737704918,2.213114754,1.475409836,,,0.737704918,8.114754098,,,
942893,8583,932,0.290742478,2.510729614,1.35193133,,0.086129576,12.74678112,64.3902439,0.096566524,33.33333333,0.965665236,0.096566524,,,0.193133047,25,6.373390558,45.51724138,5.407725322,54.36893204,31.19098712,5.214592275,0.675965665,0.482832618,1.834763948,0.386266094,0.289699571,0.193133047,1.931330472,1.448497854,0.386266094,0.193133047,
361770,6001,683,0.041257688,0.922401171,0.131771596,,0.092028775,60.61493411,90.72978304,3.030746706,65.71428571,0.527086384,,0.263543192,20,1.844802343,60.86956522,5.79795022,49.43820225,0.395314788,30,83.6749634,0.922401171,1.185944363,1.185944363,3.557833089,2.371888726,0.395314788,0.131771596,1.976573939,7.115666179,0.527086384,0.65885798,0.65885798
1282765,1933,553,0.580540695,2.929475588,1.627486438,1.30198915,0.044659682,6.998191682,49.42528736,0.976491863,66.66666667,0.162748644,0.162748644,,,0.650994575,100,9.764918626,54.54545455,6.347197107,61.9047619,29.13200723,4.882459313,1.464737794,1.952983725,2.115732369,0.976491863,0.488245931,,3.254972875,1.627486438,0.325497288,0.162748644,0.650994575
1518451,9851,689,0.046267054,0.783744557,0.391872279,0.261248186,0.043040061,60.47895501,88.86756238,2.743105951,46.66666667,0.130624093,,,,0.261248186,33.33333333,4.833091437,56.06060606,1.8287373,58.33333333,83.99129173,0.91436865,0.522496372,0.783744557,7.968069666,1.959361393,1.567489115,0.522496372,1.306240929,,,,
1390045,6004,414,,0.434782609,,,,33.26086957,83.15217391,0.869565217,33.33333333,0.217391304,,0.434782609,100,0.217391304,33.33333333,6.086956522,52.83018868,2.608695652,57.14285714,52.60869565,0.869565217,0.652173913,2.173913043,4.347826087,1.086956522,0.652173913,1.086956522,1.304347826,3.260869565,0.217391304,1.086956522,1.52173913
391064,8302,870,0.18109655,1.75862069,0.724137931,0.103448276,0.036909755,16.86206897,81.90954774,1.448275862,73.68421053,1.448275862,,,,0.413793103,36.36363636,3.413793103,35.10638298,0.931034483,26.47058824,33.20689655,2.379310345,1.448275862,1.655172414,0.827586207,0.413793103,0.103448276,0.103448276,1.551724138,2.068965517,0.413793103,0.310344828,0.206896552
1335102,8639,2063,,0.741638391,0.130877363,,,46.67959283,85.80593424,3.097430926,68.26923077,0.56713524,0.043625788,0.043625788,25,1.308773631,65.2173913,7.809015996,55.59006211,2.137663597,53.26086957,72.02617547,0.654386815,0.959767329,2.312166747,6.107610276,2.094037809,1.396025206,0.349006302,2.050412021,,,,
1438300,4120,3060,0.029782351,0.5,0.176470588,0.117647059,0.059226022,32.35294118,77.35583685,2.852941176,32.1192053,0.382352941,0.088235294,0.235294118,19.04761905,0.294117647,45.45454545,4,56.19834711,1.058823529,42.85714286,61.08823529,0.558823529,0.147058824,1,8.705882353,1.705882353,1.647058824,0.529411765,0.558823529,,,,
120917,293352,3008,0.017631981,0.568484043,0.059840426,0.029920213,0.022021735,37.90890957,83.7409121,2.872340426,55.17241379,0.359042553,0.089760638,,,0.149601064,31.25,4.338430851,52.53623188,1.855053191,60.78431373,55.38231383,0.239361702,0.658244681,0.418882979,4.428191489,1.94481383,0.748005319,0.269281915,1.226728723,,,,
713924,9837,3034,0.111773233,0.949241925,0.415293342,0.148319051,0.130394964,43.93210283,89.32448733,1.453526697,42.60869565,0.919578115,0.118655241,0.652603823,21.78217822,0.444957152,53.57142857,3.529993408,44.23791822,0.919578115,37.34939759,70.80751483,2.0468029,1.067897165,0.711931444,4.835201055,1.453526697,0.889914305,0.207646671,1.275543837,4.330916282,0.207646671,0.237310481,2.284113382
1210664,4120,2970,0.037260608,0.424242424,0.060606061,0.181818182,0.008848801,31.54545455,82.29249012,2.757575758,42.12962963,0.090909091,,,,0.090909091,60,4.272727273,53.81679389,2.303030303,53.14685315,53.6969697,0.545454545,0.03030303,0.696969697,11.03030303,1.181818182,1.090909091,0.848484848,1.060606061,,,,
560900,10249,2924,0.354256509,2.400820793,0.98495212,0.369357045,0.06010072,9.08002736,67.66055046,0.369357045,75,0.554035568,0.153898769,0.030779754,10,0.277017784,42.85714286,5.078659371,46.08938547,2.585499316,51.53374233,25.54719562,4.986320109,1.077291382,1.969904241,1.354309166,0.307797538,0.092339261,0.153898769,2.062243502,1.169630643,0.307797538,0.184678523,0.800273598
465719,10242,2880,0.03281875,0.65625,0.1875,0.1875,0.024448533,53.84375,86.75730111,6.875,60.60606061,0.0625,,0.0625,28.57142857,0.125,33.33333333,4.75,60.55776892,2.1875,57.37704918,76.5625,0.65625,0.125,0.6875,8.65625,1.78125,1.15625,0.875,0.53125,4.9375,0.03125,0.59375,4.84375
770271,9853,2889,0.053635513,0.342679128,0.093457944,0.186915888,0.015059085,59.59501558,90.8357075,2.087227414,42.67515924,0.124610592,,,,0.218068536,87.5,4.92211838,67.8111588,1.931464174,67.39130435,78.06853583,0.560747664,0.249221184,1.152647975,7.570093458,1.651090343,1.152647975,0.591900312,0.996884735,,,,
1387323,6390,2970,0.016833334,0.454545455,0.181818182,0.060606061,0.043791691,54.75757576,87.16835504,3.272727273,46.75324675,0.515151515,0.060606061,0.363636364,25.53191489,0.545454545,58.06451613,5.424242424,68.0608365,1.181818182,60.9375,82.51515152,0.303030303,0.363636364,2.03030303,6.212121212,1.727272727,1.181818182,0.606060606,0.666666667,5.090909091,0.151515152,0.363636364,2.696969697
1079558,7853,2854,0.040351788,0.977575333,0.283812193,,0.07383509,32.35459005,82.40963855,1.482130343,47,0.599159075,0.063069376,0.315346882,30.3030303,0.315346882,45.45454545,4.572529783,52.15827338,0.504555011,32.65306122,57.86615277,1.482130343,0.567624387,1.829011913,5.171688858,1.955150666,1.135248774,0.34688157,1.19831815,4.540995095,0.34688157,1.103714085,1.734407849
1342983,10242,2917,0.104859098,1.203291052,0.401097017,,0.172238123,35.97531711,83.22626695,2.159753171,58.82352941,1.78950977,0.401097017,1.172437436,22.4852071,1.326705519,54.43037975,6.41755228,49.76076555,1.264998286,59.42028986,65.59478917,2.406582105,1.295851903,1.912924237,4.196091875,1.974631471,1.079876586,0.123414467,1.943777854,5.399382928,0.555365101,1.326705519,1.018169352
1610106,6355,2811,0.028351121,0.416221985,0.128068303,,0.113792264,35.44290288,84.69778118,0.83244397,34.66666667,0.800426894,0.256136606,1.024546425,24.61538462,0.60832444,43.18181818,4.034151547,54.07725322,0.384204909,37.5,68.06830309,0.800426894,0.928495197,1.248665955,4.258271078,1.792956243,0.928495197,0.096051227,0.672358591,,,,
1332540,8581,2669,,1.18021731,0.404645935,,,38.40764331,82.23826715,1.483701761,58.66666667,2.090670663,0.472086924,0.708130386,17.5,0.37092544,40.74074074,2.765080555,46.32768362,0.438366429,40.625,61.27013863,3.304608468,0.606968902,0.977894342,2.326714125,1.011614837,0.80929187,0.101161484,0.539527913,,,,
660565,8682,2783,0.065593606,0.388070428,0.129356809,0.291052821,0.014769912,35.86417535,88.22593477,2.069708947,49.23076923,0.064678405,,0.032339202,50,0.194035214,60,5.077254761,55.0877193,2.748832195,61.5942029,54.68559109,0.711462451,0.129356809,1.099532878,8.893280632,1.164211283,1.164211283,0.517427237,1.810995329,,,,
561204,9747,2849,0.05155809,0.821340821,0.031590032,0.126360126,0.050574159,56.89364689,89.37965261,3.664443664,61.70212766,0.726570727,0.031590032,0.094770095,37.5,0.157950158,45.45454545,3.411723412,49.31506849,0.821340821,59.09090909,74.2997543,0.78975079,0.284310284,0.758160758,5.022815023,1.705861706,0.916110916,0.157950158,1.263601264,3.474903475,0.284310284,1.232011232,2.242892243
807955,8682,2611,,2.309459977,1.137495213,,,14.33933359,71.97231834,0.310225967,52.94117647,0.965147453,0.137878208,0.068939104,13.33333333,0.206817311,27.27272727,3.895059364,45.3815261,1.585599387,45.54455446,32.43584833,4.412102643,1.068556109,1.895825354,1.068556109,0.206817311,0.206817311,0.068939104,1.068556109,1.44772118,0.206817311,0.206817311,
1523344,293352,2668,0.001855322,0.134932534,,,0.017639079,29.07796102,75.15257193,1.652923538,33.79310345,0.134932534,0.067466267,0.1011994,33.33333333,0.236131934,41.17647059,4.891304348,57.7689243,2.293853073,62.96296296,61.96776612,0.168665667,0.303598201,0.843328336,9.647676162,1.551724138,1.416791604,0.337331334,0.97826087,,,,
1321149,10242,2714,0.099394617,1.260132646,0.43109801,0.198968312,0.067741626,40.4568902,86.58623137,3.117170228,66.1971831,0.829034635,0.132645542,0.132645542,44.44444444,0.596904937,51.42857143,3.415622697,50,0.862196021,42.62295082,59.39204127,1.260132646,0.497420781,0.961680177,3.647752395,0.994841562,0.895357406,0.364775239,0.862196021,6.267501842,0.364775239,0.43109801,1.392778187
917831,4170,2639,0.065816978,0.989010989,0.23872679,0.034103827,0.104194732,31.3414172,77.48735245,1.773399015,37.95620438,0.784388026,0.204622963,0.886699507,16.99346405,0.306934445,26.47058824,4.297082228,47.01492537,0.886699507,48.14814815,70.11746874,1.125426298,0.545661235,1.023114816,6.445623342,2.114437287,1.227737779,0.272830618,1.432360743,5.081470254,0.204622963,1.193633952,2.830617658
1603757,2166,1446,,0.31120332,0.124481328,,,32.61410788,85.76104746,1.244813278,28.57142857,0.248962656,0.062240664,0.062240664,25,0.062240664,33.33333333,2.925311203,46.07843137,1.307053942,42,51.28630705,0.373443983,0.31120332,0.746887967,7.468879668,0.871369295,1.12033195,0.622406639,0.622406639,2.863070539,0.062240664,0.560165975,
466499,4170,2624,,0,,,0.049110679,25.68978659,78.75920084,1.44054878,33.07086614,0.514481707,0.03429878,0.445884146,26,0.308689024,47.36842105,3.635670732,62.72189349,0.72027439,58.33333333,54.43216463,0.102896341,0.445884146,1.063262195,6.105182927,1.543445122,0.891768293,0.171493902,0.583079268,3.224085366,0.137195122,0.308689024,3.49847561
1791942,4170,2598,0.104237877,1.073903002,0.207852194,0.173210162,0.063093729,22.48267898,68.38777661,1.143187067,27.04918033,0.58891455,0.138568129,0.381062356,20.75471698,0.658198614,50,6.928406467,51.15089514,1.801385681,47.27272727,50.75057737,1.143187067,0.969976905,1.593533487,5.127020785,2.979214781,0.935334873,0.207852194,1.766743649,5.508083141,0.58891455,1.385681293,1.004618938
593612,8311,2605,0.102223419,0.552783109,0.276391555,0.310940499,0.012758845,52.06525912,88.12865497,3.10940499,48.64864865,0.276391555,,,,0.172744722,38.46153846,2.833013436,52.90322581,1.312859885,61.29032258,72.17274472,0.760076775,0.034548944,0.483685221,8.36084453,0.898272553,0.967370441,0.79462572,0.932821497,,,,
1666481,47214,2533,0.219876436,1.52783261,0.746150809,0.355309909,0.079070302,29.02881958,83.88090349,1.136991709,78.04878049,0.852743782,0.142123964,0.106592973,13.04347826,1.030398737,45.3125,5.223055665,42.36311239,0.959336755,39.13043478,50.16975918,2.878010265,1.314646664,1.954204501,2.593762337,1.350177655,0.284247927,0.142123964,2.273983419,3.517568101,0.639557837,0.923805764,0.817212791
934870,293352,2553,0.141905999,1.304347826,0.423031727,0.105757932,0.171751461,21.92714454,65.82010582,0.951821387,28.72340426,1.51586369,0.493537015,0.987074031,22.58064516,0.423031727,29.26829268,3.84253819,39.20863309,0.599294947,28.33333333,55.41715629,2.150411281,0.951821387,0.669800235,4.300822562,2.220916569,0.987074031,0.035252644,1.51586369,,,,
491907,9855,2588,0.034083848,0.452086553,0.139103555,,0.033090363,32.13292117,81.6254417,2.955950541,53.125,0.486862442,,0.069551777,8,0.243431221,46.66666667,4.34698609,52.30125523,1.043276662,56.60377358,59.25811437,0.834621329,0.27820711,0.973724884,7.511591963,2.086553323,1.35625966,0.382534776,1.808346213,,,,
1003255,4120,2533,0.044772602,0.923805764,0.248716936,0.035530991,0.224596141,18.47611528,71.62534435,1.634425582,38.33333333,1.989735492,0.497433873,2.060797473,25.89285714,0.923805764,44.06779661,3.979470983,44.8,0.710619818,41.66666667,54.75325701,1.385708646,0.852743782,0.710619818,4.583497829,1.634425582,1.243584682,0.177654955,1.030398737,4.476904856,0.497433873,0.852743782,1.52783261
688285,8689,2861,,0.251660259,,0.031457532,,43.72596994,86.22828784,2.548060119,57.04225352,0.692065711,0.094372597,0.692065711,28.20512821,0.912268438,74.35897436,5.630898287,57.37179487,1.604334149,48.57142857,74.08248864,0.629150647,0.346032856,0.94372597,6.102761272,2.170569731,1.226843761,0.346032856,1.038098567,5.693813352,0.40894792,0.849353373,2.359314925
1473605,4120,2484,0.057134058,0.942028986,0.072463768,0.036231884,0.166825816,18.62318841,75.92319055,1.34057971,41.11111111,1.739130435,0.362318841,2.065217391,27.66990291,0.97826087,51.92307692,4.239130435,50.43103448,0.507246377,36.84210526,48.84057971,1.884057971,0.760869565,1.413043478,3.586956522,1.34057971,0.905797101,0.18115942,1.195652174,3.731884058,0.398550725,0.579710145,1.15942029
604349,10249,2523,0.090428065,0.677764566,0.142687277,0.535077289,0.059683724,54.89892985,85.12168142,5.564803805,50.1607717,0.392390012,0.107015458,0.035671819,14.28571429,0.107015458,100,4.8156956,62.5,2.996432818,64.61538462,76.83709869,0.927467301,0.071343639,0.46373365,8.489892985,1.284185493,0.713436385,0.927467301,0.856123662,2.818073722,0.071343639,0.392390012,5.564803805
1669437,6355,2532,0.255550943,2.417061611,0.710900474,0.071090047,0.110009154,43.0450237,88.00872093,2.665876777,67.56756757,1.244075829,0.213270142,0.426540284,24.48979592,0.817535545,57.5,4.372037915,47.30769231,0.319905213,32.14285714,65.58056872,3.412322275,1.172985782,1.421800948,3.447867299,1.812796209,0.639810427,0.071090047,1.63507109,5.473933649,0.319905213,0.924170616,0.924170616
1523325,6390,2595,0.087606937,1.387283237,0.38150289,0.242774566,0.083717029,25.83815029,79.25531915,0.901734104,38.23529412,1.213872832,0.138728324,0.554913295,21.91780822,0.520231214,37.5,3.919075145,44.48818898,0.728323699,30,48.9017341,2.080924855,0.76300578,1.595375723,3.190751445,1.075144509,0.901734104,0.138728324,1.248554913,3.953757225,0.554913295,0.38150289,1.075144509
560940,9855,2467,0.067779085,1.05796514,0.583704905,0.072963113,0.118938024,33.70895825,83.01886792,3.027969193,54.60526316,1.386299149,0.145926226,1.203891366,28.94736842,0.693149574,76,5.982975274,60.96654275,1.605188488,73.33333333,59.72030807,0.94852047,0.766112687,1.605188488,6.092419943,2.11593028,1.605188488,0.364815565,1.386299149,5.18038103,0.255370896,0.94852047,2.00648561
1520544,8481,2481,0.133418382,1.668681983,0.326481258,0.580411125,0.046883535,24.30471584,75.11210762,0.61668682,32.69230769,0.435308343,0.036275695,0.145102781,15.38461538,0.507859734,43.75,7.110036276,50,2.430471584,48.20143885,49.37122128,2.430471584,1.088270859,2.394195889,3.663845224,1.850060459,0.798065296,0.253929867,1.958887545,3.736396614,0.290205562,0.870616687,0.761789601
1179026,6390,2472,0.256165058,2.075242718,0.72815534,0.109223301,0.141361825,17.80339806,84.02061856,1.019417476,70,1.128640777,0.254854369,0.618932039,23.61111111,0.655339806,38.29787234,2.184466019,43.16546763,0.218446602,25,35.06067961,3.531553398,0.582524272,0.837378641,1.565533981,0.473300971,0.436893204,0.072815534,0.400485437,3.313106796,0.618932039,0.218446602,0.582524272
1073858,8222,2503,0.021459048,0.143827407,0.107870555,0.107870555,0.021322023,36.60407511,87.75862069,1.330403516,40.2173913,0.143827407,0.035956852,0.035956852,25,0.215741111,66.66666667,3.703555733,59.88372093,1.186576109,55.93220339,53.00039952,0.575309628,0.107870555,1.00679185,5.932880543,1.330403516,0.862964443,0.61126648,1.042748702,,,,
1190059,9837,2459,0.049413991,0.878405856,0.256201708,,0.173461256,49.55673038,88.38120104,2.488816592,59.13043478,1.683611224,0.256201708,0.622204148,30.35714286,0.36600244,50,4.867832452,62.44131455,0.512403416,48.27586207,70.56527044,2.159414396,0.36600244,1.573810492,4.648230988,2.415616104,1.171207808,0.18300122,0.951606344,4.428629524,0.54900366,0.768605124,0.878405856
492128,7853,2455,0.022677801,0.3299389,0.146639511,0.036659878,0.036251535,36.80651731,83.45802161,2.126272912,45.3125,0.403258656,0.036659878,0.073319756,22.22222222,0.403258656,36.66666667,6.305498982,59.10652921,1.50305499,59.42028986,59.75560081,0.733197556,0.366598778,2.382892057,7.038696538,2.089613035,1.466395112,0.183299389,1.539714868,5.645621181,0.219959267,0.769857434,3.299389002
882978,9747,2411,0.003523849,0.149315637,,,0.146156152,56.40398175,88.00232964,3.58357528,53.93258427,1.007880547,0.223973455,1.269182912,32.38095238,0.485275819,39.39393939,3.994193281,57.52688172,1.082538366,72.5,88.20821236,0.186644546,0.671920365,1.418498548,5.562007466,1.007880547,1.157196184,0.223973455,0.783907092,,,,
1387200,8587,2407,0.029206067,0.897382634,0.149563772,,0.020913965,41.69090154,88.77388535,2.91649356,59.09090909,0.560864146,,0.074781886,50,0.822600748,66.66666667,6.019941836,55.90277778,0.635646032,47.22222222,63.04113004,0.373909431,0.523473203,1.196510179,6.954715413,3.365184877,1.121728292,0.48608226,1.607810553,,,,
1211610,9853,732,0.22493852,2.950819672,1.106557377,,0.117325678,23.36065574,76.61290323,0.491803279,36.36363636,1.598360656,0.12295082,,,1.598360656,56.52173913,3.93442623,29.90654206,0.614754098,26.31578947,48.44262295,3.56557377,3.073770492,0.860655738,2.090163934,0.860655738,0.737704918,,2.336065574,3.319672131,0.614754098,0.983606557,
619289,47214,2708,0.178344903,1.694977843,0.498522895,,0.105067206,13.42688331,63.62204724,0.465288035,48.27586207,1.03028065,0.199409158,0.199409158,28.57142857,0.531757755,51.61290323,5.384047267,40.39900249,3.223781388,40.92827004,34.92983752,4.420236337,1.362629247,0.531757755,3.389955687,1.163220089,0.531757755,0.132939439,1.06351551,2.426144756,0.432053176,0.432053176,
866713,7853,2386,0.028459764,0.226320201,0.075440067,0.075440067,0.019788297,37.7954736,81.1993517,2.376362112,34.80662983,0.226320201,0.037720034,0.075440067,33.33333333,0.301760268,53.33333333,3.84744342,50,1.508801341,46.51162791,60.38977368,0.339480302,0.264040235,0.716680637,8.298407376,1.320201174,0.905280805,0.792120704,1.056160939,3.281642917,0.075440067,0.528080469,5.280804694
1529032,4120,2372,0.027185918,0.455311973,0.075885329,0.075885329,0.035370948,23.44856661,79.94825356,1.707419899,40.54054054,0.569139966,0.037942664,,,0.758853288,52.63157895,5.463743676,54.54545455,1.100337268,49.15254237,43.40640809,0.720910624,0.531197302,1.479763912,5.198145025,2.238617201,1.100337268,0.227655987,2.162731872,5.349915683,0.607082631,0.189713322,1.63153457
1217044,9855,2351,0.008222884,0.076563165,,0.038281582,0.004166406,35.02764781,86.15819209,2.98596342,47.27272727,0.229689494,0.038281582,,,0.191407912,83.33333333,3.636750319,55.23255814,1.837515951,59.25925926,53.55593365,0.49766057,0.114844747,0.306252658,9.378987665,1.339855381,0.918757975,0.918757975,1.301573798,,,,
1002031,7794,2341,0.292917133,1.883810337,0.768902179,0.422896198,0.068502505,13.60956856,67.42857143,0.653566852,38.63636364,0.884237505,0.076890218,0.269115762,17.07317073,0.653566852,30.90909091,4.920973943,36.88760807,2.037590773,40.45801527,38.25288338,3.383169586,1.384023921,1.653139684,2.768047843,0.653566852,0.807347287,0.153780436,2.229816318,2.806492952,0.845792396,0.461341307,1.153353268
1234653,10004,1344,,1.674107143,0.736607143,,,11.58482143,75.54585153,0.334821429,83.33333333,1.40625,0.334821429,0.200892857,13.04347826,0.535714286,29.62962963,3.482142857,40.94488189,0.401785714,30,29.73214286,5.424107143,0.9375,1.540178571,2.34375,1.004464286,0.736607143,0.066964286,1.674107143,2.8125,1.004464286,0.401785714,
1559202,2166,2326,,0.889939811,0.270851247,,,32.65692175,78.14814815,2.708512468,40.46242775,0.773860705,0.232158212,0.348237317,15,0.541702494,53.84615385,6.732588134,60.20761246,1.934651763,55.55555556,71.1177988,1.315563199,0.425623388,2.244196045,8.31900258,2.244196045,1.779879622,0.232158212,1.276870163,3.714531384,0.270851247,0.851246776,
1332850,10249,2341,0.048736863,0.461341307,0.038445109,,0.151981364,29.52584366,81.3559322,1.153353268,37.03703704,1.345578812,0.192225545,0.73045707,24.67532468,0.422896198,44,4.344297309,54.85436893,1.345578812,53.03030303,60.39726613,1.614694575,0.34600598,0.538231525,5.72832123,2.037590773,0.807347287,0.461341307,0.807347287,3.267834259,0.153780436,0.768902179,2.422041862
913560,9747,2339,0.118954683,0.654125695,0.269345874,0.230867892,0.02412132,60.37195383,90.69364162,3.732364258,62.98701299,0.307823856,0.076955964,,,0.615647713,51.61290323,5.810175289,66.51982379,2.347156905,70.11494253,79.95724669,1.154339461,0.346301838,1.423685336,6.194955109,1.462163318,0.577169731,1.077383497,0.769559641,,,,
1255850,9855,2388,0.090486177,0.716080402,0.301507538,0.075376884,0.066455084,21.10552764,73.10704961,1.130653266,32.96703297,0.640703518,0.113065327,0.527638191,21.21212121,1.01758794,51.92307692,4.899497487,49.80842912,0.866834171,41.07142857,54.57286432,0.979899497,0.527638191,0.301507538,6.557788945,2.713567839,0.979899497,0.263819095,1.35678392,4.673366834,0.33919598,0.866834171,2.600502513
1273752,8481,2338,0.064166383,0.769888794,0.153977759,0.423438837,0.016693843,29.64071856,78.33163784,2.887082977,37.31343284,0.192472198,0.076988879,,,,,3.73396065,55.42857143,1.616766467,52.5,51.15911035,1.000855432,0,0.577416595,8.661248931,1.539777588,1.27031651,0.731394354,1.23182207,2.964071856,0.03849444,0.346449957,5.119760479
766586,8550,2229,,0.444145357,0.080753701,,,45.10094213,86.72360248,4.68371467,55.76923077,0.282637954,0.040376851,0.080753701,50,0.201884253,100,3.674293405,59.47712418,2.059219381,61.44578313,63.14939435,0.847913863,0,0.282637954,7.792732167,1.211305518,0.888290713,0.524899058,0.888290713,,,,
1610103,10249,2332,0.133892368,1.54373928,0.57890223,0.038593482,0.149983092,19.14236707,81.57894737,0.540308748,56,0.96483705,0.19296741,0.617495712,20.25316456,1.312178388,36.55913978,4.746998285,43.92857143,0.501715266,37.14285714,42.83876501,3.434819897,1.234991424,1.659519726,2.508576329,1.312178388,0.501715266,0.038593482,1.080617496,5.055746141,0.849056604,0.617495712,0.656089194
1167473,7853,2302,0.214635539,1.83753258,0.860121633,0.156385752,0.103111189,17.00695048,72.86432161,0.703735882,50,1.055603823,0.117289314,0.586446568,24.59016393,0.938314509,51.06382979,4.61337967,37.34177215,2.03301477,33.5483871,39.95655951,3.362293658,1.251086012,1.055603823,1.993918332,0.586446568,0.312771503,0.039096438,1.407471764,2.306689835,0.625543006,0.273675065,1.055603823
887704,9837,2357,0.390619833,3.360203649,1.641917692,0.305473059,0.185496632,23.40687314,82.50336474,1.030971574,69.23076923,1.489181162,0.229104794,0.80186678,21.875,1.069155706,47.45762712,3.360203649,48.35164835,0.534577853,56,47.11921935,5.765803988,0.840050912,0.64913025,2.061943148,1.107339839,0.381841324,,0.80186678,3.780229105,0.725498515,0.496393721,0.572761986
1317318,8682,2318,0.071910699,1.048317515,0.349439172,0.116479724,0.181039916,19.72389991,76.04790419,1.475409836,51.35135135,1.125970664,0.427092321,1.436583261,25.51724138,0.970664366,36.23188406,4.348576359,52.09302326,0.427092321,55,51.17342537,2.057808456,0.698878343,1.203623814,4.309749784,1.747195858,0.815358067,0.077653149,0.698878343,5.125107852,0.271786022,0.621225194,1.669542709
1579220,6355,2300,0.055369564,1.017391304,0.313043478,0.039130435,0.082388757,37.52608696,85.0177305,1.486956522,49.35064935,0.782608696,0.156521739,0.586956522,23.80952381,0.586956522,57.69230769,3.052173913,47.56097561,0.352173913,34.61538462,66.83478261,1.291304348,0.352173913,0.97826087,4.930434783,1.173913043,1.017391304,0.234782609,0.9,3.091304348,0.117391304,1.056521739,2.504347826
1559204,293352,2262,0.068844826,0.835543767,0.079575597,0.557029178,0.010484071,30.47745358,79.29606625,2.5066313,40.64516129,0.159151194,0.079575597,,,0.159151194,100,5.928381963,65.06550218,4.416445623,68.94409938,51.60477454,1.074270557,0.079575597,0.676392573,8.355437666,0.676392573,0.795755968,0.477453581,1.074270557,3.938992042,,0.198938992,6.405835544
1398377,9853,2235,0.507910069,3.100671141,1.369127517,0.161073826,0.125546391,18.9261745,79.52622673,0.402684564,58.82352941,1.570469799,0.241610738,0.040268456,5,1.248322148,58.49056604,3.704697987,44.66019417,0.604026846,37.5,38.61744966,6.44295302,1.369127517,1.208053691,1.087248322,0.644295302,0.161073826,0.120805369,0.88590604,1.812080537,0.523489933,0.523489933,0.161073826
1643776,9837,2248,0.011454182,0.440391459,0.080071174,,0.021393077,58.33185053,86.93317422,3.963523132,48.05825243,0.160142349,,,,0.520462633,59.09090909,5.244661922,61.79245283,1.801601423,65.2173913,83.15391459,0.360320285,0.28024911,1.521352313,8.68772242,1.441281139,1.080960854,0.720640569,1.201067616,,,,
842424,6390,2292,0.025810209,0.27486911,0.196335079,0.039267016,0.033535957,50.22251309,88.26777088,4.437172775,56.21890547,0.392670157,0.039267016,0.431937173,25,0.392670157,58.82352941,4.829842932,53.94736842,1.64921466,55.26315789,71.38743455,0.392670157,0.27486911,1.452879581,5.654450262,1.335078534,1.138743455,0.314136126,1.37434555,4.712041885,0.235602094,0.903141361,2.866492147
1177359,10242,2228,0.025598295,0.646319569,0.080789946,0.040394973,0.090338957,38.21364452,81.6925734,2.544883303,43.44827586,0.646319569,0.121184919,0.807899461,26.31578947,0.403949731,50,5.978456014,66.367713,2.262118492,68.29268293,73.31687612,1.252244165,0.484739677,1.615798923,6.342010772,1.696588869,1.454219031,0.282764811,0.848294434,4.362657092,0.201974865,0.323159785,2.908438061
561868,6390,2264,0.031921377,0.437279152,0.0795053,0.357773852,0.016363979,53.82508834,85.53379659,4.969081272,49.40711462,0.357773852,0.0795053,0.0795053,22.22222222,0.318021201,80,6.598939929,69.16666667,3.895759717,68.53146853,78.31272085,0.675795053,0.119257951,1.192579505,8.785335689,1.192579505,1.232332155,0.477031802,0.715547703,,,,
1670190,10249,2212,0.084641505,0.935804702,0.244122966,0.040687161,0.04597429,28.11482821,85.73200993,1.261301989,49.20634921,0.488245931,0.122061483,0.244122966,20,0.528933092,36.11111111,5.777576854,48.96551724,1.179927667,52.72727273,49.51627486,1.790235081,0.976491863,1.912296564,4.841772152,2.15641953,1.383363472,0.244122966,1.790235081,5.330018083,0.406871609,1.261301989,1.057866184
1397981,8481,2222,0.133383893,1.903690369,0.769576958,0.081008101,0.152940137,20.69756976,77.89634146,0.97209721,55.81395349,1.215121512,0.243024302,0.607560756,20,1.01260126,48.07692308,5.063006301,47.52851711,0.648064806,33.33333333,46.29612961,3.604860486,1.701170117,2.430243024,1.539153915,0.97209721,0.243024302,,0.850585059,,,,
980424,8587,2204,0.04776452,1.020871143,0.490018149,0.163339383,0.0893511,45.28584392,79.15774447,6.941923775,52.95950156,0.939201452,0.122504537,0.326678766,17.39130435,0.367513612,50,6.329401089,55.55555556,1.592558984,46.98795181,74.76860254,0.939201452,0.367513612,2.450090744,6.737749546,1.960072595,0.816696915,0.530852995,1.755898367,,,,
1632348,8311,2168,0.038320572,0.290590406,0.124538745,0.08302583,0.037630294,53.88376384,89.39393939,3.030442804,50.69444444,0.456642066,0.08302583,0.041512915,25,0.705719557,73.91304348,3.694649446,57.79220779,0.788745387,50,74.05904059,0.290590406,0.249077491,0.498154982,7.804428044,1.70202952,1.203874539,0.539667897,0.996309963,,,,
1317338,9855,2210,0.246583703,2.36199095,1.099547511,0.407239819,0.06024157,16.73755656,76.82242991,0.814479638,57.14285714,0.936651584,0.081447964,0.081447964,18.18181818,1.140271493,50.90909091,5.823529412,52.38095238,1.50678733,49.33333333,38.85067873,3.787330317,0.65158371,1.791855204,3.21719457,1.384615385,0.65158371,0.20361991,1.262443439,3.257918552,0.447963801,0.773755656,0.977375566
1668236,8587,2157,0.379159951,2.753824757,1.251738526,0.375521558,0.141912956,12.93463143,69.50672646,0.50069541,34.28571429,1.251738526,0.208623088,0.959666203,23.71134021,0.959666203,43.39622642,3.963838665,42.98642534,1.126564673,50.94339623,38.59527121,4.0472879,1.210013908,0.751043115,2.211404729,1.126564673,0.16689847,0.125173853,1.210013908,,,,
913394,4170,2133,0.210371299,2.151898734,0.675105485,0.168776371,0.096567914,17.17299578,67.60797342,0.675105485,30.18867925,1.054852321,0.168776371,0.253164557,12,1.687763713,46.51162791,4.852320675,42.12454212,0.29535865,20.58823529,46.4556962,3.417721519,1.603375527,1.434599156,2.025316456,1.434599156,0.464135021,,0.843881857,4.219409283,0.5907173,1.181434599,0.126582278
1441955,6355,2150,0.294986503,1.925581395,0.795348837,0.041860465,0.189574521,18.92093023,78.0656304,0.837209302,71.42857143,1.381395349,0.16744186,0.795348837,18.0952381,0.879069767,35,3.976744186,41.30434783,0.209302326,16.66666667,43.0744186,4.102325581,1.590697674,1.758139535,1.71627907,1.130232558,0.460465116,,0.627906977,2.846511628,0.544186047,0.795348837,0.125581395
874319,8682,2136,0.138686802,1.264044944,0.421348315,0.379213483,0.165038561,22.62640449,70.10443864,1.601123596,38,1.011235955,0.252808989,1.053370787,32.05128205,0.421348315,27.77777778,6.783707865,58.97435897,1.980337079,66.1971831,61.89606742,3.075842697,0.379213483,1.938202247,7.837078652,2.443820225,1.896067416,0.210674157,1.516853933,3.960674157,0.337078652,0.758426966,3.286516854
1020807,7794,2115,0.040017021,0.893617021,0.255319149,,0.06459607,31.36170213,77.41596639,1.744680851,36.60714286,0.808510638,0.127659574,0.425531915,16.12903226,0.468085106,73.33333333,4.936170213,54.20560748,1.446808511,53.125,56,0.510638298,0.468085106,0.510638298,6.638297872,2.510638298,2.042553191,0.425531915,1.574468085,4.893617021,0.29787234,0.85106383,1.659574468
966146,9853,2123,0.311871406,2.67074894,1.059821008,0.127178521,0.180973137,34.29580782,85.24762908,1.144606689,72.97297297,1.653320772,0.339142723,0.551106924,21.66666667,1.186999529,42.42424242,3.645784268,38.56502242,0.381535563,30,59.73151201,4.578426755,1.483749411,0.932642487,1.950070655,1.144606689,0.508714084,0.084785681,1.27178521,3.094677343,0.678285445,0.635892605,0.211964202
210443,9746,2607,,0.759493671,0.207134638,0.586881473,,71.01265823,92.20080681,1.69159954,43.75,0.345224396,0.03452244,,,0.241657077,53.84615385,4.280782509,64.24870466,2.451093211,67.61904762,88.10126582,1.139240506,0.138089758,0.552359033,7.422324511,1.104718067,1.173762946,0.586881473,0.621403913,3.797468354,0.069044879,0.345224396,4.556962025
795285,9837,3018,,1.669980119,0.92445328,,,25.3777336,83.3496572,1.312127237,68.75,0.984095427,0.208747515,0.447316103,14.42307692,1.491053678,50.50505051,4.145129225,44.69453376,0.119284294,23.52941176,51.11332008,2.922465209,1.610337972,1.491053678,2.117296223,1.043737575,0.41749503,0.089463221,0.745526839,4.920477137,0.656063618,1.013916501,
1049799,8406,2191,0.182518019,1.684162483,0.575079872,0.164308535,0.197202059,21.36010954,80.87091757,0.492925605,44.44444444,1.560931082,0.32861707,1.930625285,29.93630573,1.273391146,58.49056604,6.202647193,51.53583618,0.451848471,23.40425532,48.92286627,3.162939297,1.396622547,2.505705157,2.916476495,1.971702419,0.616157006,0.082154267,1.643085349,4.230944774,0.780465541,0.492925605,0.246462802
1586536,8311,2120,0.081454244,1.231132075,0.254716981,0.08490566,0.052087305,41.85849057,85.73913043,3.183962264,59.05511811,0.806603774,0.169811321,0.08490566,28.57142857,0.382075472,36,5.094339623,52.86343612,1.103773585,56.52173913,65.08018868,1.018867925,0.891509434,1.358490566,5.731132075,2.29245283,1.528301887,0.04245283,1.103773585,5.221698113,0.339622642,1.103773585,1.867924528
1645514,8587,2091,0.004911047,0.043041607,,,0.021988336,31.76470588,80.47982552,1.635581062,42.22222222,0.344332855,,0.215208034,22.72727273,0.215208034,25,5.81061693,58.18965517,0.989956958,46.93877551,63.91678623,0.301291248,0.387374462,1.506456241,9.426111908,3.098995696,1.678622669,0.55954089,1.463414634,,,,
1074657,6355,2098,0.034897521,0.514775977,0.128693994,0.21448999,0.013876234,50.87702574,93.53312303,5.791229743,84.90566038,0.428979981,0.042897998,,,0.514775977,52.17391304,6.30600572,59.51417004,1.887511916,63.76811594,67.392755,0.343183985,0.343183985,2.144899905,5.319351764,1.80171592,1.029551954,0.171591992,1.887511916,,,,
1420942,8682,2076,0.027732659,0.433526012,0.130057803,0.173410405,0.019453977,42.78901734,84.72103004,4.942196532,57.57575758,0.130057803,,0.043352601,16.66666667,0.173410405,66.66666667,4.638728324,60.11235955,1.820809249,59.15492958,69.84104046,0.520231214,0.173410405,1.257225434,8.193641618,1.430635838,1.170520231,0.303468208,0.997109827,2.25433526,0.043352601,0.606936416,5.289017341
864840,866109,2104,0.039704373,0.342205323,0.042775665,0.128326996,0.027994539,24.5960076,73.15521628,2.780418251,45.45454545,0.384980989,0.128326996,0.128326996,17.64705882,0.171102662,36.36363636,4.27756654,50,1.625475285,55.07246377,49.23479087,0.470532319,0.384980989,0.384980989,6.758555133,2.096007605,1.1121673,0.513307985,1.197718631,,,,
820734,6355,2130,0.0924,0.718309859,0.253521127,0.126760563,0.05957973,48.8028169,90.0233827,2.704225352,74.41860465,0.929577465,0.042253521,0.126760563,37.5,0.76056338,43.90243902,4.732394366,50,0.929577465,48.88888889,68.4084507,0.676056338,0.802816901,1.647887324,4.056338028,1.436619718,1.14084507,0.211267606,1.352112676,5.366197183,0.422535211,0.718309859,1.267605634
1399999,8689,1027,0.023371958,0.438169426,0.17526777,,0.078277274,22.87244401,78.14371257,0.613437196,31.81818182,0.438169426,0.17526777,0.17526777,11.11111111,0.613437196,31.81818182,4.29406037,43.36283186,0.701071081,34.7826087,53.28140214,1.665043817,0.701071081,0.876338851,5.696202532,2.103213242,0.963972736,0.17526777,1.139240506,,,,
1679978,47214,2031,0.173463811,1.196454948,0.576070901,,0.161859098,19.76366322,80.07181329,0.753323486,50,1.019202363,0.265878877,0.886262925,22.98850575,0.930576071,42.85714286,2.525849335,37.5,0.620384047,63.63636364,38.99556869,2.614475628,0.797636632,0.531757755,1.506646972,0.443131462,0.620384047,,1.550960118,3.101920236,0.398818316,0.443131462,0.443131462
1078287,9855,2006,0.048656528,0.672981057,0.35892323,0.493519442,0.004226626,40.42372881,85.3219697,4.710867398,51.98019802,0.044865404,,0.044865404,100,0.044865404,100,4.845463609,65.45454545,2.647058824,68.60465116,62.36291127,0.852442672,0.044865404,1.435692921,10.72283151,0.987038883,0.807577268,1.121635095,0.852442672,3.454636092,,0.538384845,7.806580259
815353,9747,2005,0.016671322,0.628428928,0.134663342,,0.078366105,40.48877805,80.96947935,2.289276808,39.23076923,0.987531172,0.089775561,0.763092269,24.28571429,0.134663342,33.33333333,2.827930175,48.46153846,0.403990025,36,73.66084788,0.269326683,0.359102244,0.763092269,5.296758105,1.526184539,1.391521197,0.269326683,0.897755611,4.039900249,0.179551122,0.80798005,2.109725686
1668201,4120,2015,0.099200991,0.893300248,0.357320099,0.580645161,0.017037298,30.68486352,79.60602549,3.930521092,46.31578947,0.089330025,0.044665012,0.089330025,28.57142857,0.17866005,100,4.913151365,57.89473684,2.679900744,62.5,60.65508685,1.205955335,0.044665012,0.937965261,10.58560794,1.250620347,1.29528536,0.893300248,1.473945409,,,,
769931,9853,2002,0.354695299,1.978021978,0.674325674,0.26973027,0.287696601,23.6013986,73.11977716,0.539460539,35.29411765,2.202797203,0.494505495,0.764235764,25,0.854145854,45.23809524,3.596403596,45.71428571,0.629370629,45.16129032,51.38361638,5.574425574,0.854145854,0.944055944,2.787212787,1.213786214,0.314685315,0.044955045,0.674325674,3.641358641,0.629370629,0.944055944,1.213786214
1740657,8311,2039,0.018203041,0.176557136,0.044139284,,0.062537991,26.13045611,79.78436658,1.015203531,33.82352941,0.485532124,0.044139284,0.617949975,20,0.706228543,57.14285714,3.928396273,55.27950311,0.308974988,29.16666667,58.74938695,1.412457087,1.015203531,1.765571359,3.884256989,1.147621383,0.485532124,0.132417852,0.750367827,3.663560569,0.132417852,0.132417852,2.11868563
957440,584663,573,,0,,,,25.7591623,75.2293578,2.827225131,40.90909091,0.314136126,,,,0.157068063,50,4.554973822,58,1.727748691,61.11111111,50.41884817,,0.157068063,0.628272251,10.68062827,2.041884817,1.727748691,0.157068063,1.09947644,3.926701571,0.157068063,0.942408377,
1523321,10242,2000,0.106474503,1.17,0.45,,0.176919698,26.685,79.27807487,1.35,52.63157895,1.485,0.27,0.495,18.33333333,1.035,41.81818182,4.455,50.51020408,0.675,42.85714286,52.515,2.745,1.17,1.485,3.465,1.26,1.26,0.09,0.585,4.59,0.63,0.36,0.855
319305,9853,1990,0.035077388,0.859296482,0.361809045,,0.184430137,68.29145729,89.50800237,2.532663317,59.57446809,1.763819095,0.226130653,1.266331658,40.57971014,0.180904523,25,3.256281407,51.42857143,0.633165829,53.84615385,90.5879397,0.72361809,0.452261307,0.949748744,3.708542714,1.492462312,1.085427136,0.180904523,0.859296482,4.658291457,0.407035176,0.67839196,0.949748744
1230595,7853,1982,0.286592328,1.861755802,0.817356206,0.090817356,0.157153587,27.74470232,83.01630435,1.770938446,69.64285714,1.089808274,0.136226034,0.499495459,18.96551724,0.817356206,36.73469388,4.586276488,48.0952381,0.72653885,47.05882353,50.94853683,3.133198789,0.908173562,1.952573158,1.861755802,1.135216953,0.454086781,,1.089808274,3.768920283,0.499495459,0.771947528,0.272452069
640291,293352,1982,0.090980833,0.590312815,0.227043391,0.408678103,0.027375329,35.41876892,83.33333333,1.861755802,40.59405941,0.227043391,0.045408678,0.045408678,14.28571429,0.227043391,41.66666667,5.49445005,66.12021858,3.995963673,77.87610619,56.30676085,0.908173562,0.181634712,0.681130172,6.448032291,0.635721493,0.590312815,0.272452069,0.817356206,4.177598385,0.045408678,0.363269425,4.949545913
1610383,1841,90,0.0212,1,,1,0.0429786,41,85.41666667,2,28.57142857,,,,,,,9,56.25,3,60,67,2,1,3,10,3,1,,4,4,,,6
972117,9747,1970,0.139056858,1.096446701,0.456852792,0.319796954,0.084491697,39.65482234,76.4084507,2.010152284,50.57471264,0.730964467,0.182741117,,,0.730964467,61.53846154,10.46192893,65.8045977,5.939086294,80.24691358,66.33502538,2.558375635,0.730964467,2.329949239,4.614213198,1.507614213,0.959390863,0.228426396,2.421319797,4.614213198,0.593908629,0.411167513,1.918781726
1709473,9829,157,,2.866242038,1.146496815,,,33.24840764,77.33333333,,,1.146496815,0.573248408,1.719745223,33.33333333,5.732484076,50,10.89171975,50,,,80.25477707,5.732484076,2.292993631,4.585987261,1.719745223,0.573248408,0.573248408,,1.146496815,6.305732484,0.573248408,,
987139,8194,1561,0.083433058,0.749519539,0.345932095,0.057655349,0.051907212,55.23382447,93.28140214,3.805253043,78.57142857,0.576553491,0.115310698,0.345932095,24,0.403587444,53.84615385,5.99615631,56.21621622,1.556694427,71.05263158,75.70147341,0.69186419,1.153106983,1.844971172,5.592568866,2.190903267,1.32607303,0.288276746,1.672005125,,,,
949647,9931,616,0.035357143,0.584415584,0.292207792,0.584415584,0.026642158,41.63961039,87.96296296,2.483766234,38.63636364,0.146103896,,0.146103896,50,,,3.798701299,54.16666667,1.899350649,41.93548387,61.21753247,0.584415584,0.146103896,0.438311688,9.642857143,1.461038961,1.022727273,1.314935065,0.146103896,4.090909091,,0.292207792,5.844155844
956661,8682,1942,0.041361997,0.834191555,0.463439753,0.046343975,0.069471683,28.77960865,79.31034483,1.853759011,44.94382022,0.463439753,0.046343975,0.370751802,20.51282051,0.88053553,44.18604651,4.958805355,46.12068966,0.88053553,36.53846154,52.83213182,0.926879506,0.741503605,0.88053553,4.03192585,2.317198764,0.973223481,0.185375901,1.946446962,5.607621009,0.370751802,0.602471679,0.556127703
880618,10249,1897,0.070140221,0.711649974,0.094886663,0.094886663,0.037349533,39.6626252,84.61538462,1.613073274,42.5,0.426989984,,0.142329995,12.5,0.711649974,55.55555556,5.645756458,54.33789954,1.328413284,51.85185185,71.35477069,1.328413284,0.426989984,0.9014233,7.116499736,2.7042699,1.470743279,0.142329995,1.850289931,3.6056932,0.094886663,0.711649974,2.799156563
1419962,6390,1970,0.129855841,1.736040609,0.411167513,0.137055838,0.146156559,27.8680203,83.33333333,0.822335025,32.72727273,0.913705584,0.319796954,0.593908629,20.3125,1.279187817,36.36363636,3.38071066,37.94871795,0.411167513,25,56.10152284,3.38071066,0.959390863,0.685279188,3.060913706,1.005076142,0.502538071,0.182741117,0.593908629,4.568527919,0.456852792,0.593908629,1.370558376
1039807,8682,1877,0.006660096,0.335641982,0.047948855,,0.186377613,39.55780501,75,4.027703783,44.68085106,1.774107619,0.143846564,1.678209909,32.40740741,0.287693127,30,6.377197656,50.57034221,1.390516782,52.72727273,74.03303143,0.575386255,0.5274374,0.815130527,7.911561002,3.931806074,1.534363346,0.671283964,2.349493873,5.705913692,0.287693127,1.486414491,1.774107619
260563,8587,1863,0.039454105,0.966183575,0.144927536,0.096618357,0.056067665,38.16425121,80.94262295,3.961352657,57.34265734,0.77294686,0.096618357,0.048309179,20,0.38647343,66.66666667,3.961352657,54.30463576,1.111111111,53.48837209,58.59903382,1.062801932,0.531400966,1.15942029,4.396135266,1.304347826,0.338164251,0.724637681,1.062801932,3.140096618,0.096618357,0.579710145,2.028985507
290996,8481,1865,0.131510989,1.061662198,0.482573727,0.72386059,0.022483441,27.84450402,81.72804533,3.715817694,48.125,0.289544236,0.048257373,,,0.048257373,100,4.487935657,59.23566879,2.991957105,68.88888889,48.69168901,2.219839142,0.048257373,0.530831099,9.989276139,0.91689008,0.91689008,0.91689008,1.158176944,,,,
1019589,7794,1830,0.222363933,2.409836066,0.737704918,,0.137867244,25.67213115,77.67857143,0.93442623,42.22222222,1.573770492,0.245901639,0.68852459,22.95081967,2.016393443,46.59090909,6.049180328,49.79757085,0.737704918,37.5,55.47540984,3.344262295,1.475409836,2.508196721,1.475409836,0.786885246,0.442622951,,0.786885246,5.655737705,1.327868852,0.393442623,0.245901639
1436306,320835,1172,,4.607508532,1.996587031,,,9.829351536,63.05418719,0.460750853,37.5,0.767918089,0.153583618,0.076791809,20,0.230375427,30,3.839590444,36.49635036,2.226962457,37.66233766,29.56484642,6.527303754,0.537542662,0.844709898,1.612627986,0.614334471,0.307167235,0.076791809,1.843003413,2.226962457,0.614334471,0.460750853,
1282665,4120,1828,0.473489594,2.412472648,1.181619256,0.541575492,0.061818978,9.649890591,74.52471483,0.34463895,46.66666667,0.689277899,0.147702407,0.049234136,6.666666667,1.033916849,44.68085106,4.381838074,39.55555556,1.82166302,44.57831325,27.96498906,4.332603939,0.984682713,0.886214442,1.526258206,0.640043764,0.295404814,0.147702407,2.018599562,2.018599562,0.295404814,0.393873085,0.443107221
725256,8682,1843,0.300774833,2.685838307,1.17200217,0.683667933,0.14067148,14.55236028,68.03652968,0.439500814,47.36842105,1.220835594,0.293000543,0.293000543,30,0.293000543,28.57142857,6.397178513,42.39482201,4.199674444,48.86363636,37.99240369,4.639175258,0.830168204,1.269669018,2.002170374,0.732501356,0.537167661,0.048833424,2.148670646,2.734671731,0.78133478,0.830168204,0.683667933
1123541,4170,1802,0.048805773,0.998890122,0.149833518,0.249722531,0.057136982,23.02441731,72.71293375,1.997780244,48.19277108,0.849056604,0.199778024,0.149833518,18.75,0.349611543,43.75,5.993340733,52.17391304,2.69700333,60.6741573,46.69811321,1.048834628,0.599334073,0.499445061,6.093229745,2.447280799,1.698113208,0.249722531,2.04772475,,,,
1226622,4170,1782,0.10815152,0.454545455,0.252525253,0.252525253,0.016909716,38.08080808,83.77777778,2.676767677,37.32394366,,,,,,,4.797979798,61.29032258,2.323232323,64.78873239,59.24242424,0.707070707,0.101010101,1.313131313,9.191919192,1.212121212,1.363636364,0.909090909,1.414141414,,,,
1791800,293352,1763,0.03649518,0.561542825,,0.102098695,0.025903828,27.26035167,75.85227273,1.378332388,50.94339623,0.408394782,0.051049348,0.051049348,33.33333333,0.765740216,40.54054054,5.207033466,47.44186047,2.195121951,58.10810811,48.70107771,1.123085649,0.561542825,0.714690868,3.318207601,1.531480431,0.714690868,0.051049348,1.837776517,4.798638684,0.459444129,0.765740216,1.020986954
1311670,8682,1757,0.026564598,0.15367103,0.102447353,0.15367103,0.046628874,45.17928287,78.75,6.710301651,46.28975265,0.30734206,0.102447353,0.051223677,12.5,0.051223677,100,4.661354582,56.52173913,1.434262948,57.14285714,79.55036995,0.30734206,0.102447353,0.717131474,11.16676153,2.458736483,2.253841776,0.665907797,1.280591918,,,,
1072860,1218969,1885,,0.525198939,0.190981432,,,21.34217507,78.6971831,1.145888594,42.10526316,0.859416446,0.23872679,0.716180371,20.83333333,1.527851459,51.61290323,6.397877984,60.63348416,1.623342175,65.38461538,56.00530504,1.384615385,0.954907162,1.289124668,6.4933687,2.00530504,0.859416446,0.429708223,0.572944297,4.153846154,0.23872679,0.381962865,
1019588,7794,1756,0.063082006,0.410022779,0.153758542,0.102505695,0.007726777,41.61731207,85.83509514,2.255125285,37.28813559,0.153758542,,0.051252847,11.11111111,0.153758542,75,3.946469248,48.42767296,2.203872437,43.87755102,61.70842825,0.820045558,0.102505695,0.512528474,8.61047836,1.17881549,1.025056948,0.307517084,0.768792711,2.818906606,,0.461275626,6.099088838
1180279,7853,1047,,0.343839542,0.257879656,0.257879656,,64.89971347,92.5245098,2.836676218,48.52941176,0.171919771,0.171919771,,,0.171919771,66.66666667,3.35243553,51.31578947,1.461318052,40.47619048,81.48997135,0.601719198,0,0.515759312,7.908309456,1.203438395,0.773638968,0.859598854,0.601719198,,,,
1668300,8481,1746,0.101907216,0.670103093,0.154639175,0.567010309,0.010351326,28.04123711,80.8320951,2.731958763,43.08943089,0.257731959,,,,0.257731959,50,3.865979381,54.74452555,1.855670103,63.15789474,47.4742268,1.237113402,0.206185567,0.670103093,7.577319588,1.082474227,1.288659794,0.824742268,1.546391753,,,,
1524075,293352,1738,0.045269274,0.103567319,,0.103567319,0.014220063,27.34177215,77.19298246,1.915995397,35.9223301,0.103567319,,,,0.051783659,33.33333333,3.158803222,53.50877193,1.6570771,59.25925926,56.13348677,0.103567319,0.103567319,0.776754891,7.715765247,0.673187572,1.139240506,0.569620253,1.294591484,2.951668585,0.258918297,0.207134638,5.333716916
1330942,10242,1718,0.043915599,0.785797439,0.157159488,0.052386496,0.113154061,31.22235157,84.77951636,1.571594878,47.61904762,0.576251455,0.209545984,0.890570431,25.37313433,0.890570431,58.62068966,4.871944121,57.76397516,1.571594878,63.82978723,61.34458673,2.043073341,0.471478463,1.257275902,3.771827707,1.15250291,0.838183935,0.26193248,0.785797439,,,,
1309372,9837,1777,0.121462016,0.607765898,0.202588633,0.202588633,0.052616681,47.86156443,87.41905643,2.937535172,65.90909091,0.405177265,0.050647158,,,0.861001688,62.96296296,5.520540236,52.65700483,2.025886325,62.5,68.62689927,0.861001688,0.759707372,0.911648846,5.520540236,1.722003376,1.266178953,0.405177265,1.823297693,,,,
473851,7794,1716,0.090791956,1.835664336,0.472027972,,0.083262164,27.16783217,80.31007752,2.622377622,55.55555556,1.153846154,0.157342657,0.472027972,24.32432432,0.314685315,46.15384615,3.461538462,49.25373134,0.629370629,38.70967742,47.15034965,0.734265734,0.524475524,1.206293706,3.146853147,1.311188811,0.996503497,0.052447552,0.839160839,4.51048951,0.314685315,0.839160839,0.786713287
952259,9837,1707,0.01760457,0.263620387,0.105448155,,0.097734574,41.01933216,82.67800213,2.899824253,53.39805825,0.843585237,0.052724077,0.369068541,20,0.369068541,46.66666667,3.901581722,50.68493151,1.476274165,56,69.12126538,1.423550088,0.210896309,0.474516696,4.903339192,1.58172232,1.212653779,0.316344464,1.423550088,4.217926186,0.316344464,0.685413005,1.792618629
1120443,7853,1700,0.03366,0.847058824,0.211764706,,0.134974942,25.30588235,74.6875,1.641176471,35.22727273,1.164705882,0.317647059,1.588235294,20.40816327,0.529411765,55.55555556,3.070588235,47.9338843,0.317647059,27.27272727,63.05294118,0.952941176,0.476470588,0.952941176,4.552941176,1.270588235,0.9,0.052941176,0.529411765,3.547058824,0.370588235,1.164705882,2.329411765
605107,47214,1777,0.059414181,0.506471581,,0.151941474,0.076091182,64.62577378,84.16886544,5.41924592,37.28222997,0.405177265,0.202588633,,,0.253235791,100,3.849184018,65.51724138,1.36747327,65.85365854,88.7844682,0.759707372,0.050647158,1.063590321,7.951603827,1.215531795,0.658413056,1.114237479,1.114237479,3.899831176,0.101294316,0.253235791,4.963421497
1669907,47214,1702,0.038770859,0.475910693,0.052878966,0.317273796,0.058264804,63.71915394,92.1958684,2.379553467,50.56179775,0.423031727,0.158636898,0.317273796,37.5,0.158636898,30,3.490011751,52.8,1.903642773,58.06451613,84.81786134,0.846063455,0.317273796,0.793184489,6.715628672,0.740305523,1.269095182,0.423031727,0.793184489,,,,
1239681,4170,1683,0.182524059,2.620320856,0.748663102,,0.138177349,19.83957219,74.7983871,1.176470588,46.80851064,1.176470588,0.427807487,1.069518717,31.74603175,0.962566845,32.72727273,6.844919786,43.83561644,0.802139037,30,52.56684492,2.192513369,2.352941176,3.529411765,2.941176471,1.550802139,0.855614973,,2.299465241,4.010695187,0.695187166,0.320855615,0.534759358
542775,6355,1682,0.04085315,0.642092747,0.107015458,0.374554102,0.009342937,58.21640904,92.28159457,5.778834721,64.28571429,0.160523187,,,,,,2.942925089,61.11111111,0.909631391,50,75.01783591,0.535077289,0,1.016646849,8.454221165,1.070154578,1.391200951,0.856123662,0.588585018,2.88941736,0.160523187,0.48156956,5.136741974
1274116,9747,1698,0.039768551,0.424028269,0.212014134,0.371024735,0.013119766,57.61484099,87.37942122,4.929328622,48.4375,0.159010601,0.053003534,,,0.106007067,40,4.982332155,65.27777778,2.067137809,59.09090909,77.27915194,0.583038869,0.106007067,1.113074205,7.367491166,1.855123675,0.530035336,0.689045936,0.74204947,2.915194346,0.053003534,0.265017668,4.293286219
1257745,9853,1880,0.081588826,0.957446809,0.478723404,,0.080983166,42.70212766,84.62998102,0.957446809,30.3030303,0.670212766,0.04787234,0.287234043,13.95348837,0.718085106,35.71428571,4.739361702,49.00990099,0.622340426,37.14285714,75.63829787,2.680851064,0.861702128,1.771276596,5.409574468,1.627659574,1.292553191,0.287234043,0.526595745,4.595744681,0.287234043,1.196808511,2.20212766
1276328,9855,1680,0.062292855,0.857142857,0.321428571,,0.104267465,11.89285714,70.25316456,0.428571429,28.57142857,1.178571429,0.214285714,0.910714286,26.98412698,1.125,42,5.625,54.12371134,0.535714286,43.47826087,39.53571429,2.303571429,0.910714286,1.392857143,5.303571429,2.571428571,0.642857143,0.053571429,1.178571429,3.428571429,0.535714286,0.482142857,2.035714286
1053677,2095,903,,1.495016611,0.897009967,0.49833887,,25.61461794,78.35365854,0.199335548,50,0.697674419,,0.299003322,9.677419355,0.398671096,28.57142857,4.485049834,40.54054054,1.295681063,41.93548387,53.42192691,4.784053156,2.6910299,1.096345515,3.488372093,1.694352159,1.196013289,0.199335548,0.697674419,3.887043189,0.697674419,0.598006645,0.398671096
119434,8311,1644,0.034866789,0.711678832,0.054744526,0.054744526,0.089616147,59.12408759,85.98726115,5.255474453,64.4295302,0.711678832,0.218978102,0.054744526,20,0.383211679,63.63636364,3.558394161,52.84552846,0.49270073,42.85714286,80.47445255,0.602189781,0.437956204,0.98540146,4.653284672,1.697080292,1.259124088,0.218978102,0.766423358,5.200729927,0.328467153,1.094890511,1.47810219
314437,10249,1656,0.087842391,0.489130435,0.217391304,0.380434783,0.009274772,54.67391304,89.66131907,2.826086957,51.48514851,0.108695652,,,,,,4.891304348,57.69230769,3.75,66.99029126,72.93478261,1.086956522,0.108695652,0.434782609,8.532608696,0.760869565,0.97826087,0.869565217,1.630434783,,,,
1523246,7794,1676,0.050794151,0.698090692,0.107398568,0.053699284,0.089493069,23.8424821,75.8974359,1.235083532,37.09677419,0.644391408,0.161097852,0.214797136,9.090909091,0.751789976,41.17647059,5.155131265,50.52631579,1.3424821,44.64285714,58.74701671,1.3424821,0.644391408,1.503579952,5.423627685,1.557279236,1.288782816,0.26849642,0.80548926,4.779236277,0.429594272,0.912887828,2.309069212
1400764,6390,1628,0.191979723,1.824324324,0.773955774,0.165847666,0.14853914,11.71990172,69.73684211,0.331695332,54.54545455,0.773955774,0.221130221,0.552825553,24.3902439,1.492628993,38.02816901,5.85995086,38.1294964,1.547911548,36.36363636,38.14496314,4.201474201,1.87960688,1.934889435,1.437346437,0.93980344,0.221130221,0.110565111,2.211302211,2.542997543,0.773955774,0.386977887,0.165847666
1359270,8682,1597,0.147736382,1.577958673,0.563556669,0.281778334,0.081263946,25.64182843,74.46808511,1.127113338,45.45454545,0.788979336,0.225422668,0.619912336,28.94736842,0.563556669,45.45454545,5.353788353,54.9132948,1.408891672,59.52380952,51.67814652,2.592360676,0.788979336,1.127113338,4.50845335,2.254226675,1.014402004,0.394489668,1.239824671,4.733876018,0.619912336,0.732623669,0.845335003
717270,8682,1656,0.298070648,1.793478261,0.923913043,0.489130435,0.100878276,13.04347826,71.00591716,0.489130435,31.03448276,1.304347826,0.380434783,0.27173913,20.83333333,0.706521739,52,3.423913043,33.68983957,1.467391304,34.61538462,31.63043478,3.532608696,1.032608696,0.217391304,2.826086957,1.086956522,0.489130435,0.108695652,1.847826087,,,,
1508706,9984,900,0.06318,0.9,0.2,0.5,0.111290052,43.5,85.96837945,4.3,56.57894737,0.3,0.2,,,0.5,71.42857143,4.5,73.7704918,2.1,75,66.1,1.3,0,0.3,9.8,1.6,1,0.5,0.5,,,,
1074752,293352,1571,0.355245052,2.119669001,1.203055379,0.286441757,0.057546806,13.92106938,58.41346154,0.343730108,46.15384615,0.802036919,0.286441757,0.057288351,16.66666667,0.286441757,35.71428571,9.338001273,46.70487106,6.931890516,49.59016393,37.63844685,4.296626353,0.916613622,1.718650541,1.374920433,0.630171865,0.114576703,,2.119669001,2.348822406,0.802036919,0.286441757,0.630171865
1529945,10249,1571,0.061550602,0.859325271,0.286441757,0.171865054,0.042775333,30.76384468,79.32053176,1.26034373,31.42857143,0.458306811,,0.114576703,25,0.343730108,54.54545455,4.754933164,47.15909091,1.374920433,51.06382979,53.79376194,1.088478676,0.630171865,1.26034373,6.416295353,1.775938892,2.176957352,0.286441757,2.749840866,5.098663272,0.515595162,0.515595162,2.176957352
625581,7794,1893,,0.142630745,0.047543582,,,34.1362916,79.68923418,1.664025357,35.35353535,0.808240887,0.047543582,0.570522979,19.04761905,0.808240887,42.5,5.134706815,55.38461538,1.47385103,64.58333333,71.17274168,0.760697306,0.475435816,0.998415214,5.990491284,1.949286846,1.378763867,0.28526149,0.855784469,,,,
1584084,9837,1569,0.159160608,1.663479924,0.51625239,0.17208413,0.155055026,34.58891013,86.88760807,1.03250478,66.66666667,1.03250478,0.057361377,0.458891013,25,1.089866157,48.71794872,6.539196941,51.81818182,1.261950287,44.89795918,58.96749522,3.61376673,1.37667304,1.778202677,4.703632887,2.40917782,0.975143403,0.114722753,1.261950287,3.212237094,0.630975143,0.803059273,1.20458891
913198,7794,1570,0.065275797,0.859872611,0.286624204,0.515923567,0.034331886,34.22292994,79.49400799,3.382165605,38.31168831,0.343949045,,0.057324841,11.11111111,0.343949045,85.71428571,5.159235669,57.32484076,2.751592357,60.75949367,62.48407643,1.089171975,0.114649682,1.031847134,9.573248408,1.146496815,1.031847134,0.802547771,1.375796178,3.668789809,0.171974522,0.515923567,6.592356688
1173790,4120,1558,0.255552639,1.61745828,0.462130937,0.231065469,0.060927173,7.971758665,73.01587302,,,0.693196406,0.115532734,,,0.40436457,30.43478261,2.137355584,23.71794872,0.693196406,23.07692308,21.66238768,4.736842105,0.750962773,0.40436457,0.924261874,0.635430039,0.115532734,,2.310654685,1.848523748,0.346598203,0.635430039,0.173299101
1177376,4120,1616,0.097808166,1.448019802,0.334158416,,0.045925799,17.09777228,72.9216152,1.058168317,44.18604651,0.389851485,0.055693069,0.167079208,15.78947368,0.445544554,57.14285714,2.896039604,50.98039216,0.612623762,44,35.69925743,1.280940594,0.445544554,0.83539604,3.397277228,1.002475248,0.946782178,0.278465347,0.668316832,3.508663366,0.445544554,0.668316832,1.169554455
1578104,7794,1541,0.394831917,2.569759896,1.226476314,0.175210902,0.033878486,7.183646982,65.07936508,0.29201817,41.66666667,0.350421804,,0.175210902,23.07692308,1.109669046,40.42553191,4.905905256,37.00440529,1.518494484,33.76623377,27.85853342,4.847501622,1.109669046,1.46009085,1.401687216,0.817650876,0.29201817,,2.569759896,1.868916288,0.408825438,0.175210902,0.29201817
1616868,8481,1551,0.10252805,1.218568665,0.232108317,0.348162476,0.052254374,20.13539652,64.73880597,1.450676983,23.58490566,0.522243714,,0.754352031,20.96774194,0.986460348,60.71428571,8.181818182,69.11764706,2.205029014,74.50980392,61.85686654,1.6827853,0.696324952,2.901353965,6.499032882,2.205029014,1.044487427,0.058027079,1.218568665,5.164410058,0.116054159,0.522243714,3.191489362
816982,4170,1539,0.07582456,0.877192982,0.292397661,0.058479532,0.125650105,24.61988304,75.44802867,1.34502924,43.39622642,1.111111111,0.233918129,0.350877193,22.22222222,0.935672515,50,5.263157895,45.22613065,1.169590643,37.03703704,51.92982456,1.578947368,1.228070175,1.169590643,4.385964912,1.988304094,0.935672515,0.058479532,1.286549708,5.087719298,0.701754386,1.052631579,1.403508772
1078251,238687,1620,,1.166666667,0.388888889,,,36.66666667,82.29426434,3.222222222,54.20560748,0.333333333,0.055555556,0.055555556,50,0.5,75,6.444444444,55.76923077,2.166666667,53.42465753,58.5,1,0.444444444,1.5,5.722222222,2.333333333,1.055555556,0.111111111,1.777777778,5.111111111,0.333333333,1,
1050005,9855,1535,0.05774658,0.527687296,0.117263844,0.293159609,0.020971116,44.44299674,86.03859251,3.283387622,50.90909091,0.058631922,,0.058631922,20,0.234527687,66.66666667,5.745928339,63.63636364,2.462540717,65.625,68.54071661,0.820846906,0.293159609,1.055374593,9.439739414,1.993485342,1.28990228,0.938110749,1.231270358,3.400651466,,0.527687296,5.218241042
820104,293352,1515,0.257453456,1.782178218,0.712871287,0.178217822,0.111661746,14.43564356,64.45623342,1.00990099,47.22222222,0.831683168,0.297029703,0.178217822,17.64705882,1.544554455,48.14814815,4.930693069,36.56387665,1.00990099,38.63636364,40.87128713,3.98019802,2.01980198,1.128712871,2.079207921,1.306930693,0.297029703,0.118811881,1.485148515,4.633663366,0.891089109,1.96039604,0.356435644
1668298,4120,1498,0.229908543,1.682242991,0.420560748,0.420560748,0.11056612,17.36315087,71.35802469,1.441922563,54.54545455,0.841121495,0.240320427,0.480640854,16,0.841121495,48.27586207,6.128170895,53.96825397,1.50200267,60.97560976,42.65687583,2.883845127,0.961281709,1.562082777,3.785046729,2.222963952,0.901201602,0.060080107,1.32176235,5.64753004,0.781041389,1.081441923,0.600801068
1669649,9853,1512,0.072767855,0.714285714,0.238095238,0.297619048,0.047671653,40.95238095,85.78553616,1.19047619,37.03703704,0.535714286,0.05952381,0.119047619,16.66666667,0.714285714,52.17391304,5.654761905,56.88622754,1.25,56.75675676,71.8452381,1.904761905,0.654761905,1.369047619,7.976190476,2.321428571,1.19047619,0.238095238,1.428571429,4.047619048,0.119047619,0.595238095,4.226190476
1514681,9747,1505,0.089055149,0.837209302,0.119601329,0.53820598,0.030259206,60.45847176,88.14298169,4.664451827,56.93430657,0.53820598,0.059800664,0.059800664,50,0.358803987,66.66666667,6.03986711,62.73291925,2.750830565,63.88888889,83.54152824,1.554817276,0.179401993,1.674418605,8.611295681,1.315614618,1.016611296,0.837209302,1.61461794,,,,
492129,8582,2266,,2.144748455,0.714916152,,,17.83318623,72.65372168,0.39717564,62.5,0.714916152,,0.039717564,33.33333333,0.556045896,56,9.174757282,51.91011236,5.798764342,57.03125,40.67078553,4.607237423,1.866725508,2.343336275,2.144748455,0.714916152,0.119152692,0.19858782,1.985878199,3.097969991,0.317740512,0.39717564,
1603720,4170,1429,0.060764171,0.755773268,0.44086774,,0.097147794,21.60251924,75.55066079,0.944716585,41.66666667,1.700489853,0.125962211,1.259622113,26.31578947,0.944716585,50,5.857242827,49.20634921,0.881735479,38.88888889,51.77046886,1.511546536,1.007697691,0.818754374,5.983205038,3.212036389,1.070678796,,1.196641008,,,,
1393660,8559,454,,1.784140969,1.189427313,,,20.4185022,78.03030303,1.784140969,69.23076923,1.387665198,,1.387665198,29.16666667,2.577092511,59.09090909,5.947136564,47.61904762,0.198237885,11.11111111,49.75770925,3.964757709,1.585903084,2.775330396,1.189427313,0.396475771,0.594713656,0.198237885,1.189427313,5.154185022,0.594713656,0.396475771,
1072905,6390,1466,0.047756479,0.36834925,0.122783083,0.122783083,0.049621112,42.48294679,84.18491484,2.455661664,37.38317757,0.491132333,,0.306957708,12.82051282,0.429740791,50,4.788540246,49.05660377,1.780354707,49.15254237,71.64392906,1.473396999,0.245566166,1.166439291,6.139154161,1.473396999,1.350613915,0.061391542,1.964529332,3.376534789,0.122783083,0.491132333,3.253751705
568543,1123073,2320,,1.668103448,0.504310345,,,35.10775862,83.48708487,2.36637931,56.48148148,1.357758621,0.387931034,0.077586207,12.5,0.659482759,56.66666667,4.732758621,60.09852217,0.853448276,50,55.125,2.25,0.349137931,1.202586207,3.918103448,2.13362069,0.698275862,0.077586207,0.737068966,5.004310345,0.698275862,0.775862069,
591531,6355,1426,0.148260175,1.640953717,0.694249649,0.126227209,0.2696601,32.75596073,86.06965174,1.577840112,65.78947368,2.335203366,0.56802244,1.388499299,22.68041237,0.56802244,42.85714286,2.335203366,38.1443299,0.252454418,18.18181818,54.7826087,2.840112202,0.883590463,1.072931276,1.26227209,0.441795231,,,0.631136045,3.534361851,0.252454418,0.504908836,0.820476858
987134,47214,1456,,0,,,0.07783464,46.48351648,87.13789108,1.792582418,50,0.556318681,0.061813187,0.370879121,28.57142857,0.556318681,33.33333333,5.006868132,57.44680851,1.112637363,56.25,77.39010989,1.174450549,0.432692308,1.916208791,5.192307692,1.421703297,1.050824176,0.247252747,1.298076923,4.821428571,0.123626374,0.18543956,2.472527473
1438609,8682,1415,0.47587421,2.989399293,1.590106007,0.763250883,0.162563642,8.395759717,49.07063197,0.381625442,60,1.399293286,0.445229682,0.572438163,33.33333333,1.081272085,41.46341463,6.233215548,41.17647059,3.053003534,45.71428571,35.30035336,7.441696113,1.208480565,1.399293286,1.017667845,0.826855124,0.127208481,,2.098939929,2.35335689,0.636042403,0.508833922,0.06360424
481044,6390,1402,0.16523537,1.861626248,0.577746077,,0.180707821,20.60627675,71.33333333,1.861626248,47.54098361,1.476462197,0.385164051,1.091298146,20.48192771,0.770328103,54.54545455,4.429386591,51.11111111,0.385164051,46.15384615,48.33808845,2.310984308,1.027104137,1.540656205,3.594864479,1.79743224,1.027104137,,1.219686163,3.338088445,0.128388017,0.89871612,0.770328103
1135808,9853,1409,0.036121364,0.830376153,0.127750177,,0.140274209,56.46557842,92.46861925,0.830376153,54.16666667,1.213626686,0.191625266,0.255500355,57.14285714,1.085876508,54.83870968,6.387508872,52.35602094,0.319375444,50,78.18310859,0.894251242,1.213626686,1.596877218,5.49325763,3.385379702,1.022001419,0.191625266,2.171753016,5.621007807,0.51100071,1.341376863,0.894251242
1367955,7794,1385,0.001514079,0.064981949,,,0.035133944,44.83754513,85.82089552,3.509025271,50.46728972,1.104693141,0.064981949,0.064981949,25,0.519855596,66.66666667,6.303249097,52.7173913,0.909747292,45.16129032,66.60649819,0.259927798,0.844765343,1.16967509,6.303249097,3.703971119,1.429602888,0.064981949,1.949458484,6.238267148,0.129963899,1.494584838,1.104693141
1541976,357259,121,,2.231404959,,,,5.20661157,38.88888889,0.743801653,100,,,,,1.487603306,100,8.181818182,42.30769231,2.975206612,33.33333333,29.75206612,2.231404959,2.231404959,2.231404959,1.487603306,1.487603306,,,3.719008264,2.975206612,,,
1536974,9848,75,1.228920078,6,2.4,,0.011150976,56.4,83.92857143,1.2,100,1.2,,,,,,7.2,50,4.8,100,96,6,1.2,,8.4,2.4,3.6,,,10.8,3.6,1.2,
1643774,10249,1369,0.00604821,0.131482834,0.065741417,,0.036471311,51.34404675,87.55605381,1.57779401,37.5,0.131482834,,,,0.46018992,70,5.259313367,53.33333333,1.840759679,50,73.30168006,0.46018992,0.46018992,1.117604091,7.494521549,1.840759679,1.314828342,0.723155588,1.840759679,4.930606282,0.197224251,0.262965668,3.61577794
957442,8481,1376,0.019772529,0.39244186,0.065406977,,0.03689306,25.05087209,74.51361868,2.61627907,37.03703704,0.457848837,,0.19622093,10.71428571,0.130813953,33.33333333,3.20494186,56.97674419,0.981104651,60,52.71802326,0.523255814,0.327034884,0.457848837,6.998546512,1.635174419,1.046511628,0.588662791,0.588662791,2.943313953,0.065406977,0.719476744,3.728197674
1487935,10242,1379,0.027241479,0.261058738,,,0.122384728,28.3248731,86.9739479,1.566352429,57.14285714,0.522117476,0.130529369,0.71791153,37.93103448,0.913705584,46.66666667,5.351704133,62.59541985,0.978970268,68.18181818,55.3444525,1.501087745,0.522117476,2.218999275,4.176939811,1.240029007,0.587382161,0.195794054,1.174764322,3.785351704,0.391588107,0.130529369,2.15373459
1514624,8587,1344,0.043941964,0.401785714,0.133928571,,0.199991316,34.08482143,78.54938272,2.276785714,53.96825397,1.540178571,0.267857143,0.602678571,15.25423729,1.674107143,46.2962963,7.834821429,49.78723404,0.736607143,47.82608696,67.03125,1.004464286,1.674107143,2.8125,4.151785714,2.611607143,0.870535714,0.133928571,1.808035714,5.758928571,0.602678571,1.741071429,0.535714286
1185205,4120,1368,0.067506582,1.184210526,0.460526316,,0.098082125,20.92105263,76.8115942,2.039473684,49.20634921,1.315789474,0.197368421,0.657894737,41.66666667,0.723684211,44,5.789473684,44.67005076,0.592105263,36,48.42105263,0.921052632,1.710526316,2.697368421,3.815789474,1.842105263,0.921052632,0.263157895,1.776315789,6.118421053,0.526315789,1.776315789,0.789473684
586199,9747,1369,0.05691892,1.117604091,0.131482834,,0.113901924,40.29948868,86.33802817,2.366691015,57.14285714,1.183345508,0.065741417,0.723155588,21.15384615,0.525931337,28.57142857,3.15558802,48,0.525931337,44.44444444,70.67202337,1.051862673,0.262965668,0.591672754,4.404674945,1.512052593,0.723155588,0.197224251,0.525931337,4.733382031,0.065741417,0.657414171,1.972242513
1242562,8481,1333,0.225479376,1.890472618,0.540135034,0.270067517,0.039533201,14.17854464,61.76470588,0.270067517,36.36363636,0.742685671,0.067516879,0.067516879,25,0.270067517,66.66666667,8.912228057,51.3618677,5.806451613,53.08641975,38.07951988,2.295573893,0.540135034,2.228057014,1.890472618,0.810202551,0.540135034,0.067516879,2.093023256,1.822955739,0.472618155,0.675168792,0.472618155
1124453,9853,1320,0.17183863,1.090909091,0.409090909,0.204545455,0.087451783,35.45454545,87.98646362,0.477272727,43.75,0.818181818,0.068181818,0.068181818,33.33333333,1.295454545,43.18181818,5.25,37.93103448,0.613636364,24.32432432,60.88636364,4.295454545,2.659090909,2.318181818,2.522727273,1.022727273,0.272727273,0.136363636,1.704545455,3.545454545,0.340909091,0.75,1.090909091
1543415,8150,884,0.013225114,0.509049774,,,0.049355547,35.02262443,83.29297821,2.341628959,51.11111111,0.305429864,,0.509049774,23.80952381,0.610859729,60,3.359728507,45.83333333,1.221719457,52.17391304,66.58371041,1.119909502,1.018099548,0.712669683,7.432126697,0.916289593,0.509049774,1.119909502,0.407239819,2.13800905,0.101809955,1.018099548,
1603751,9931,1341,0.030657717,0.604026846,0.067114094,0.067114094,0.069852739,20.93959732,67.97385621,1.409395973,30,0.604026846,0.134228188,0.268456376,11.42857143,1.543624161,44.23076923,7.11409396,52.73631841,1.677852349,52.08333333,66.6442953,1.543624161,0.805369128,1.677852349,9.395973154,2.281879195,1.610738255,0.402684564,1.879194631,,,,
1123648,7794,1294,0.057880989,0.347758887,0.069551777,0.27820711,0.019316239,30.67233385,86.64047151,0.973724884,26.92307692,0.347758887,0.069551777,,,0.139103555,100,6.885625966,66.89189189,2.851622875,69.49152542,51.67697063,1.043276662,0,1.182380216,11.4064915,2.71251932,1.251931994,0.486862442,1.321483771,3.129829985,,0.834621329,6.955177743
1097376,4170,1262,0.268973059,1.925515055,0.927099842,0.28526149,0.093370646,12.19492868,63.80597015,0.071315372,16.66666667,1.141045959,0.427892235,0.142630745,13.33333333,0.213946117,42.85714286,3.993660856,39.43661972,2.0681458,37.17948718,31.45007924,3.708399366,0.784469097,0.998415214,1.711568938,0.784469097,0.427892235,,1.354992076,1.069730586,0.213946117,0.427892235,0.499207607
1350982,9837,489,0.009773006,0.36809816,,0.18404908,0.034061084,68.65030675,90.53398058,2.392638037,38.23529412,0.18404908,,0.36809816,100,0.36809816,50,5.889570552,58.18181818,3.128834356,51.51515152,90.55214724,0.18404908,0.36809816,0.736196319,8.282208589,1.656441718,0.552147239,0.36809816,0.920245399,5.889570552,,,5.705521472
1392758,9853,1261,0.105780334,1.141950833,0.499603489,,0.088069782,55.81284695,88.06306306,0.642347343,33.33333333,0.999206979,0.071371927,0.356859635,38.46153846,1.784298176,59.52380952,6.637589215,52.24719101,0.642347343,52.94117647,80.5075337,0.999206979,0.927835052,1.570182395,4.282315623,2.640761301,0.856463125,0.214115781,1.784298176,4.853291039,0.356859635,1.641554322,0.570975416
198277,9837,1320,0.041059093,0.477272727,0.204545455,0.136363636,0.018329936,58.36363636,85.68568569,5.318181818,45.88235294,0.068181818,,,,0.136363636,50,3.681818182,62.06896552,1.840909091,61.36363636,83.18181818,0.954545455,0.204545455,0.136363636,11.11363636,1.568181818,0.613636364,1.159090909,0.477272727,4.568181818,,0.340909091,7.772727273
1039458,10242,1257,0.038076375,0.214797136,,0.071599045,0.007321467,46.18138425,89.21161826,3.07875895,44.32989691,0.071599045,,,,0.357995227,55.55555556,3.937947494,59.13978495,1.002386635,42.42424242,64.51073986,0.286396181,0,1.360381862,7.088305489,1.217183771,0.859188544,0.429594272,1.002386635,3.794749403,0.071599045,0.214797136,4.582338902
1120479,293352,1332,0.078743245,1.824324324,0.675675676,0.067567568,0.291086468,22.5,79.28571429,0.540540541,50,2.5,0.337837838,2.297297297,35.05154639,1.148648649,48.57142857,6.013513514,47.34042553,1.013513514,41.66666667,54.12162162,3.716216216,2.027027027,2.635135135,1.689189189,1.216216216,0.405405405,,1.824324324,,,,
1526773,10249,1240,0.017237903,0.508064516,0.072580645,0.072580645,0.041866012,40.06451613,84.92307692,1.959677419,52.94117647,0.435483871,0.14516129,0.362903226,20.83333333,0.508064516,36.84210526,4.064516129,49.12280702,0.870967742,42.85714286,71.49193548,0.943548387,0.508064516,0.362903226,5.588709677,2.322580645,0.798387097,0.072580645,1.233870968,4.427419355,0.14516129,0.508064516,2.39516129
1540435,9837,1235,0.164499588,1.67611336,0.801619433,0.291497976,0.108117304,23.53846154,81.15577889,0.801619433,52.38095238,1.093117409,0.291497976,0.145748988,8,1.020242915,43.75,3.789473684,44.82758621,0.291497976,18.18181818,45.47368421,3.206477733,0.947368421,1.67611336,1.821862348,0.801619433,0.801619433,,0.874493927,4.008097166,0.655870445,0.291497976,0.218623482
1523255,4120,1204,0.017454319,0.299003322,,0.074750831,0.021492409,34.53488372,77.51677852,2.915282392,33.33333333,0.299003322,,,,0.149501661,33.33333333,7.101328904,57.57575758,3.064784053,53.94736842,71.08803987,0.448504983,0.299003322,0.672757475,10.46511628,3.214285714,1.794019934,0.747508306,1.196013289,6.129568106,0.074750831,0.822259136,4.709302326
1668288,9747,1258,0.27054372,2.217806041,1.001589825,0.643879173,0.097988583,17.17011129,80.26755853,0.930047695,65,1.287758347,0.214626391,,,1.645468998,56.09756098,4.864864865,43.31210191,0.930047695,33.33333333,38.91891892,5.651828299,1.717011129,1.502384738,2.00317965,0.786963434,0.286168521,0.357710652,1.001589825,2.933227345,0.429252782,0.715421304,0.572337043
291799,7794,1189,0.053439863,1.362489487,0.227081581,,0.096693513,24.60050463,81.65829146,0.908326325,40,1.211101766,0.151387721,1.135407906,28.84615385,0.605550883,40,3.557611438,35.8778626,0.681244743,30,48.67115223,1.665264929,1.135407906,1.135407906,3.179142136,1.211101766,0.984020185,0.227081581,2.346509672,4.617325484,0.454163162,0.605550883,0.756938604
1482273,9837,1176,0.069665818,0.994897959,0.306122449,0.382653061,0.018240052,54.33673469,88.639201,3.137755102,47.12643678,0.229591837,,,,0.459183673,85.71428571,5.892857143,64.16666667,2.37244898,62,79.05612245,0.918367347,0.153061224,1.454081633,8.954081633,1.607142857,1.071428571,0.459183673,0.994897959,,,,
1668195,7853,1171,0.06628181,0.384286934,0.153714774,0.230572161,0.034810957,30.9735269,80.6,2.152006832,42.42424242,0.307429547,,0.230572161,20,0.384286934,50,4.534585824,61.45833333,1.306575576,60.71428571,57.95046968,0.691716482,0.153714774,0.999146029,7.762596072,1.844577284,0.999146029,0.153714774,0.999146029,,,,
1280182,7788,271,0.069110703,1.660516605,,,0.300612307,22.91512915,71.875,,,1.992619926,,1.992619926,54.54545455,3.985239852,60,7.306273063,46.80851064,0.332103321,16.66666667,58.11808118,5.977859779,2.656826568,1.328413284,2.324723247,1.660516605,0.332103321,0.332103321,0.996309963,6.3099631,0.996309963,0.332103321,
164221,7853,1199,0.005809841,0.075062552,,0.075062552,0.02395386,52.09341118,90.24707412,3.903252711,58.42696629,,,,,0.075062552,100,3.603002502,54.54545455,2.402001668,64,68.60717264,0.150125104,0,0.300250209,8.181818182,0.825688073,0.675562969,0.975813178,1.351125938,3.603002502,,0.375312761,5.704753962
913159,8587,1116,0.164120966,1.612903226,0.241935484,0.161290323,0.085443595,33.9516129,80.19047619,2.741935484,53.96825397,1.048387097,0.322580645,0.64516129,36.36363636,0.64516129,36.36363636,4.112903226,46.36363636,0.725806452,33.33333333,57.90322581,2.822580645,0.403225806,1.370967742,3.870967742,1.370967742,0.080645161,0.483870968,1.451612903,3.14516129,0.564516129,0.322580645,1.935483871
967089,6390,1184,0.386923982,2.280405405,0.760135135,0.380067568,0.099386174,15.43074324,79.60784314,0.228040541,50,1.064189189,0.152027027,0.152027027,20,0.684121622,52.94117647,4.864864865,41.83006536,1.064189189,29.78723404,32.68581081,5.396959459,0.988175676,2.052364865,1.52027027,1.064189189,0.152027027,,2.280405405,2.432432432,0.760135135,0.380067568,0.304054054
938542,9853,1100,0.01408909,0.245454545,0.081818182,0.081818182,0.11955935,73.8,90.29029029,4.745454545,54.20560748,0.981818182,0.163636364,0.163636364,18.18181818,0.327272727,57.14285714,2.863636364,56.4516129,0.736363636,69.23076923,97.36363636,0.818181818,0.245454545,0.654545455,5.563636364,1.145454545,0.736363636,0.818181818,1.063636364,,,,
1791917,7794,1095,0.105665749,1.561643836,0.739726027,0.164383562,0.101173012,24,81.79271709,0.410958904,45.45454545,2.219178082,0.328767123,0.164383562,28.57142857,3.369863014,53.94736842,8.219178082,49.26108374,1.232876712,34.09090909,54.08219178,3.452054795,1.479452055,1.561643836,3.123287671,2.054794521,0.657534247,,1.150684932,5.424657534,0.657534247,0.739726027,0.410958904
1514682,9750,368,0.157597826,1.956521739,0.489130435,0.244565217,0.084195561,18.09782609,71.84466019,0.97826087,50,0.733695652,,0.244565217,11.11111111,0.97826087,44.44444444,5.380434783,43.1372549,0.733695652,30,45.48913043,3.668478261,1.956521739,2.445652174,2.201086957,1.222826087,0.97826087,,1.467391304,4.402173913,0.733695652,0.97826087,
1688523,10001,413,0.087973363,0.653753027,0.217917676,,0.17152236,27.02179177,81.57894737,2.179176755,50,1.089588378,0.435835351,0.217917676,14.28571429,1.307506053,54.54545455,6.537530266,47.61904762,,,61.4527845,2.615012107,1.307506053,3.268765133,5.447941889,1.96125908,1.089588378,0.217917676,1.307506053,5.447941889,0.435835351,1.743341404,2.179176755
1383394,9855,1099,0.039300273,0.982711556,0.163785259,,0.014243146,22.52047316,78.7965616,1.392174704,56.66666667,0.245677889,0.08189263,,,0.573248408,58.33333333,5.814376706,54.61538462,1.555959964,61.29032258,43.48498635,1.474067334,0.573248408,1.883530482,5.077343039,1.883530482,0.982711556,0.409463148,2.53867152,5.077343039,0.245677889,0.409463148,1.801637853
921067,9837,2498,,1.152922338,0.396317054,,,28.78702962,77.79941577,0.9367494,36.61971831,2.089671737,0.504403523,1.945556445,29.18918919,0.504403523,48.27586207,4.287429944,44.56928839,0.792634107,34.375,57.57405925,1.477181745,1.405124099,1.693354684,2.59407526,1.333066453,0.504403523,0.252201761,1.116893515,4.071257006,0.612489992,0.82866293,
1562396,8020,704,0.226955969,2.045454545,0.255681818,0.255681818,0.078192824,15.46875,78.57142857,0.383522727,60,0.894886364,,0.383522727,23.07692308,2.556818182,51.28205128,7.03125,43.30708661,1.278409091,38.46153846,41.93181818,4.346590909,2.173295455,1.534090909,2.684659091,1.661931818,0.255681818,,1.534090909,4.090909091,0.767045455,1.022727273,0.767045455
1177973,9991,1241,0.060171635,0.145044319,0.07252216,,0.037863731,42.71555197,79.59459459,2.828364222,52.7027027,0.362610798,0.07252216,0.145044319,18.18181818,1.160354553,48.48484848,6.4544722,57.05128205,1.232876712,41.46341463,78.25141015,0.290088638,0.507655117,1.305398872,6.309427881,2.755842063,1.740531829,0.145044319,1.015310234,4.641418211,0.145044319,0.362610798,
1323829,9747,1083,0.177747926,2.326869806,0.914127424,,0.140362767,36.39889197,86.22047244,2.991689751,64.28571429,1.246537396,0.166204986,1.246537396,27.27272727,0.332409972,36.36363636,4.32132964,50.48543689,0.415512465,50,62.07756233,1.662049861,1.163434903,2.576177285,2.493074792,0.997229917,0.664819945,,1.495844875,4.238227147,0.332409972,0.581717452,0.831024931
1703386,9837,1062,0.509254245,2.966101695,1.271186441,1.271186441,0.05518882,8.813559322,70.74829932,0.169491525,40,0.593220339,0.084745763,,,1.186440678,56,5,37.10691824,2.203389831,37.68115942,27.88135593,6.271186441,1.440677966,0.93220339,1.271186441,0.677966102,0.169491525,,2.796610169,1.694915254,0.508474576,0.169491525,0.423728814
1079550,9985,410,,1.536585366,0.43902439,,,30.29268293,80.70175439,2.195121951,71.42857143,0.219512195,0.219512195,0.43902439,22.22222222,1.097560976,100,5.707317073,45.61403509,1.097560976,55.55555556,54,2.414634146,0.658536585,0.43902439,4.390243902,3.073170732,0.658536585,,3.731707317,7.024390244,0.87804878,1.536585366,
1460253,10167,1062,0.307406773,2.372881356,1.101694915,1.016949153,0.045650854,13.30508475,67.09401709,0.169491525,28.57142857,0.93220339,0.169491525,0.084745763,25,0.423728814,38.46153846,6.186440678,48.34437086,4.915254237,65.16853933,34.3220339,4.322033898,1.440677966,0.677966102,2.457627119,0.254237288,0.338983051,,1.86440678,1.525423729,0.084745763,0.423728814,1.86440678
1473888,293352,1059,0.291373932,1.869688385,0.764872521,0.339943343,0.164717277,17.16713881,65.58441558,0.169971671,15.38461538,0.764872521,0.424929178,,,1.869688385,64.70588235,8.838526912,38.95131086,3.654390935,37.39130435,47.16713881,4.504249292,1.529745042,2.549575071,1.614730878,0.849858357,0.254957507,,4.589235127,3.654390935,0.59490085,0.934844193,0.509915014
1125446,6390,1068,0.079980339,1.179775281,0.337078652,0.337078652,0.071632721,40.70224719,81.72588832,3.202247191,51.35135135,0.58988764,0.084269663,0.084269663,20,1.179775281,56,8.511235955,55.49450549,2.359550562,65.11627907,67.16292135,2.02247191,1.095505618,1.685393258,5.056179775,3.370786517,0.842696629,0.084269663,2.612359551,6.320224719,0.337078652,0.926966292,0.758426966
564859,8682,1052,0.037437264,0.513307985,0.171102662,,0.042180286,17.28136882,66.2295082,1.283269962,26.78571429,0.598859316,0.085551331,0.427756654,11.9047619,0.342205323,40,3.678707224,58.90410959,0.684410646,42.10526316,47.99429658,1.02661597,0.171102662,1.197718631,5.646387833,1.454372624,0.598859316,0.256653992,0.769961977,3.422053232,0.256653992,0.342205323,3.336501901
1108006,9780,315,,1.714285714,1.142857143,,,16,68.29268293,0.571428571,40,0.857142857,,0.285714286,20,1.142857143,36.36363636,7.142857143,47.16981132,1.142857143,36.36363636,44.57142857,4.857142857,1.428571429,2.571428571,4.571428571,2.285714286,1.428571429,,2,5.142857143,0.571428571,0.571428571,
1669433,10242,1038,0.033424854,0.520231214,,0.260115607,0.028893991,49.42196532,88.23529412,1.647398844,36.53846154,0.260115607,0.086705202,0.173410405,50,0.433526012,45.45454545,6.156069364,66.98113208,3.468208092,74.07407407,72.91907514,1.040462428,0.346820809,0.433526012,8.670520231,1.820809249,1.12716763,0.433526012,1.473988439,,,,
1531397,8311,1032,0.043805235,0.523255814,0.087209302,,0.022002553,30.43604651,88.80407125,0.784883721,42.85714286,0.610465116,,,,0.872093023,52.63157895,6.802325581,53.42465753,0.784883721,45,51.97674419,1.48255814,1.13372093,2.354651163,6.279069767,2.790697674,1.395348837,0.610465116,2.529069767,4.098837209,0.261627907,0.523255814,1.48255814
874527,6355,1050,0.036865714,0.428571429,,0.257142857,0.005040353,40.88571429,91.20458891,1.885714286,45.83333333,0.085714286,,,,0.085714286,50,4.628571429,61.36363636,1.971428571,58.97435897,58.62857143,0.514285714,0.171428571,1.028571429,8.828571429,1.628571429,1.028571429,0.514285714,1.114285714,2.4,0.085714286,0.257142857,5.657142857
210142,4170,1025,0.038906342,0.175609756,,0.087804878,0.057688444,52.06829268,85.94202899,2.985365854,54.83870968,0.702439024,,0.087804878,14.28571429,0.263414634,33.33333333,3.951219512,51.72413793,1.229268293,66.66666667,72.7902439,0.790243902,0.965853659,1.053658537,4.302439024,1.580487805,1.492682927,0.351219512,1.229268293,6.848780488,0.702439024,0.526829268,0.87804878
1188585,9853,1046,0.021424474,0.34416826,,0.34416826,0.049021955,70.29636711,92.42081448,2.23709369,48.14814815,0.258126195,,,,0.086042065,100,3.183556405,53.62318841,1.89292543,53.65853659,86.64435946,0.68833652,0.258126195,0.946462715,6.108986616,0.34416826,0.774378585,0.51625239,0.774378585,,,,
1189644,7853,993,0.139413899,2.084592145,1.178247734,,0.324978108,34.35045317,74.31372549,4.98489426,56.70103093,1.993957704,0.271903323,1.540785498,22.07792208,0.81570997,45,3.262839879,47.36842105,0.362537764,36.36363636,65.0755287,2.447129909,0.725075529,1.087613293,2.356495468,0.996978852,0.543806647,,0.271903323,5.166163142,0.634441088,0.996978852,0.81570997
1516829,8549,2099,,1.243449262,0.214387804,,,35.84564078,84.44444444,2.272510719,50.96153846,0.55740829,0.042877561,0.128632682,30,0.771796093,62.06896552,5.273939971,50.20408163,1.200571701,40,57.37017627,0.385898047,0.771796093,1.071939019,5.831348261,2.31538828,1.629347308,0.257265364,1.886612673,,,,
720733,9985,748,0.072854276,1.684491979,0.360962567,,0.152011485,57.51336898,84.45229682,3.609625668,65.2173913,1.564171123,0.240641711,0.721925134,13.63636364,0.360962567,25,3.85026738,35.95505618,0.481283422,33.33333333,90.36096257,1.443850267,1.323529412,0.842245989,4.692513369,2.165775401,1.443850267,0.240641711,1.323529412,5.053475936,0.360962567,2.165775401,
1698483,8311,985,0.05077462,0.822335025,0.091370558,0.091370558,0.108930384,27.2284264,81.19891008,2.284263959,47.16981132,0.822335025,0.274111675,0.274111675,14.28571429,0.639593909,50,5.939086294,53.27868852,0.54822335,25,58.11167513,1.461928934,0.639593909,3.015228426,4.934010152,1.827411168,1.187817259,0.182741117,1.736040609,3.563451777,,0.54822335,1.736040609
1059686,9855,985,0.073598982,0.730964467,0.274111675,0.091370558,0.102591505,26.58883249,78.43665768,1.553299492,45.94594595,1.553299492,0.182741117,1.461928934,40,0.365482234,50,5.208121827,50.89285714,0.639593909,38.88888889,62.04060914,1.370558376,0.456852792,1.553299492,7.766497462,2.649746193,1.553299492,0.182741117,1.736040609,3.92893401,0.274111675,1.553299492,3.38071066
1483957,4170,976,0.207119872,1.014344262,0.645491803,,0.169285006,9.866803279,65.64417178,0.18442623,66.66666667,1.106557377,0.18442623,0.276639344,37.5,0.737704918,57.14285714,3.965163934,34.4,1.383196721,24.59016393,28.03278689,4.887295082,1.290983607,1.290983607,1.198770492,0.553278689,0.368852459,,1.014344262,2.213114754,0.737704918,0.645491803,0.276639344
942356,9865,1384,0.056822253,0.975433526,0.260115607,,0.046099611,20.87427746,80.85642317,0.780346821,36.36363636,0.455202312,0.065028902,0.325144509,20.83333333,0.780346821,48,4.48699422,51.49253731,0.715317919,55,49.09682081,1.690751445,0.975433526,1.560693642,4.421965318,1.430635838,1.105491329,,1.560693642,,,,
1292334,8587,970,0.15461444,1.948453608,0.556701031,0.092783505,0.239236453,33.40206186,78.94736842,1.762886598,41.30434783,1.484536082,0.463917526,1.484536082,22.85714286,2.041237113,48.88888889,5.195876289,47.05882353,0.278350515,30,64.94845361,3.154639175,1.020618557,2.041237113,2.041237113,0.927835052,0.556701031,,0.835051546,2.412371134,0.092783505,1.206185567,0.556701031
1439465,8311,2266,,0.754633716,0.19858782,,,31.17828773,79.05337362,1.39011474,44.30379747,0.714916152,0.119152692,0.79435128,20.83333333,1.628420124,51.25,5.520741395,49.64285714,1.151809356,54.71698113,70.57811121,2.224183583,1.151809356,0.714916152,5.719329214,2.065313327,1.270962048,0.278022948,1.032656664,,,,
1136758,9747,970,0.080582474,1.391752577,0.463917526,0.18556701,0.141901068,16.51546392,76.06837607,0.556701031,37.5,1.391752577,0.371134021,1.298969072,19.17808219,0.835051546,33.33333333,2.597938144,30.76923077,0.463917526,31.25,42.03092784,2.412371134,1.298969072,0.463917526,1.577319588,0.835051546,0.463917526,0.092783505,1.298969072,4.268041237,0.463917526,0.556701031,0.18556701
1479744,10249,967,0.228536701,1.209927611,0.465356774,0.279214064,0.113176239,13.7745605,74.74747475,0.465356774,62.5,0.837642192,0.186142709,0.186142709,6.25,0.558428128,26.08695652,4.281282316,35.9375,1.023784902,39.28571429,39.4622544,3.071354705,1.768355739,0.837642192,3.350568769,1.861427094,0.465356774,,2.047569804,4.281282316,0.930713547,0.651499483,1.023784902
1072257,9853,966,0.063177018,1.211180124,0.093167702,0.279503106,0.074465441,57.20496894,83.99452804,2.142857143,38.33333333,1.02484472,0.093167702,0.652173913,31.81818182,0.652173913,58.33333333,6.055900621,57.52212389,1.956521739,75,91.95652174,1.770186335,0.372670807,1.583850932,6.428571429,1.956521739,0.931677019,0.465838509,2.049689441,,,,
1170864,9855,966,0.072959623,1.02484472,0.279503106,,0.033656822,38.19875776,84.88612836,2.329192547,65.78947368,0.652173913,0.279503106,0.093167702,8.333333333,1.397515528,68.18181818,4.658385093,50,1.02484472,47.82608696,60.55900621,1.02484472,0.186335404,0.186335404,5.683229814,2.049689441,1.770186335,0.652173913,1.304347826,6.52173913,0.372670807,1.397515528,1.211180124
864138,6355,964,0.16406328,2.70746888,0.840248963,0.186721992,0.070601796,35.85062241,84.76821192,2.614107884,73.68421053,1.400414938,0.373443983,0.933609959,25.64102564,0.560165975,46.15384615,4.574688797,55.05617978,1.400414938,62.5,60.59128631,1.773858921,0.653526971,1.026970954,3.641078838,1.587136929,0.653526971,0.373443983,1.12033195,2.70746888,0.280082988,0.466804979,1.026970954
1367269,8682,991,0.075124117,1.180625631,0.181634712,,0.153778204,28.06256307,75.55012225,1.180625631,43.33333333,1.453077699,0.272452069,0.544904137,25,0.090817356,16.66666667,3.269424823,31.85840708,0.544904137,33.33333333,52.85570131,1.089808274,1.271442987,0.635721493,3.36024218,2.088799193,0.454086781,0.090817356,2.724520686,5.812310797,0.635721493,1.453077699,0.72653885
684937,8481,958,0.091615866,1.315240084,0.281837161,,0.214080193,38.5177453,78.24427481,4.791231733,53.125,2.536534447,0.281837161,2.254697286,40,0.375782881,57.14285714,3.66388309,43.33333333,1.127348643,38.70967742,65.76200418,0.563674322,0.281837161,1.221294363,3.100208768,1.033402923,1.127348643,0.09394572,1.127348643,3.475991649,,1.315240084,0.845511482
1357639,8481,935,,0,,,0.017987419,28.20320856,77.71883289,2.983957219,41.89189189,0.192513369,,,,0.288770053,50,4.71657754,54.44444444,2.502673797,66.66666667,52.55614973,0.192513369,0.577540107,0.192513369,10.87700535,1.732620321,1.540106952,1.347593583,1.636363636,4.042780749,,0.288770053,6.256684492
1488528,6355,929,0.151769641,2.03444564,0.775026911,1.065662002,0.03092982,39.13885899,84.69601677,1.646932185,51.51515152,0.387513455,0.193756728,,,0.290635091,42.85714286,4.359526372,48.91304348,1.840688913,57.57575758,58.70828848,1.937567277,0.387513455,0.871905274,4.5532831,1.356297094,1.356297094,0.290635091,1.646932185,5.134553283,,0.871905274,1.550053821
1244902,9855,916,0.099766381,1.670305677,0.294759825,0.19650655,0.105194188,30.16375546,81.64893617,0.884279476,34.61538462,1.179039301,0.19650655,0.19650655,20,1.080786026,50,3.438864629,42.1686747,0.098253275,8.333333333,52.86026201,2.358078603,1.375545852,0.589519651,3.242358079,1.670305677,0.19650655,,0.884279476,3.930131004,0.19650655,0.3930131,1.375545852
1668295,8682,901,0.009339623,0.599334073,,,0.036615082,47.84683685,82.3024055,5.693673696,53.27102804,0.199778024,0.099889012,0.099889012,10,0.299667037,60,4.99445061,53.76344086,0.499445061,25,76.71476138,,0.199778024,1.098779134,7.69145394,3.096559378,1.79800222,0.699223085,1.498335183,5.593784684,0.099889012,0.89900111,2.097669256
1201593,293352,894,0.068345638,0.805369128,0.402684564,0.604026846,0.06534079,22.44966443,65.97633136,1.711409396,26.98412698,0.100671141,,0.100671141,25,0.402684564,44.44444444,5.939597315,61.45833333,2.617449664,57.77777778,52.95302013,1.10738255,0.100671141,0.604026846,9.161073826,2.315436242,1.912751678,0.302013423,1.10738255,4.429530201,0.402684564,0.302013423,4.630872483
1713570,9747,887,0.172471253,2.333709132,0.91319053,0.304396843,0.138514015,42.31116122,87.05636743,1.927846674,63.33333333,0.811724915,,1.217587373,27.27272727,0.710259301,58.33333333,5.580608794,57.89473684,0.91319053,50,68.38782413,2.73957159,1.014656144,2.638105975,3.449830891,1.319052988,0.91319053,0.202931229,0.91319053,4.464487035,0.608793687,0.710259301,1.014656144
1523244,289334,610,,1.918032787,0.885245902,0.442622951,,20.50819672,76.37362637,0.442622951,42.85714286,1.032786885,,0.147540984,16.66666667,1.327868852,50,7.672131148,55.91397849,3.393442623,56.09756098,46.7704918,4.573770492,1.032786885,2.213114754,3.983606557,0.737704918,0.442622951,0.147540984,0.885245902,3.245901639,1.032786885,0.295081967,2.655737705
965349,9837,865,0.21268093,1.664739884,0.624277457,,0.228207404,28.09248555,80.35714286,1.040462428,76.92307692,1.352601156,0.208092486,0.520231214,22.72727273,1.976878613,65.51724138,4.057803468,45.34883721,0.312138728,25,53.06358382,4.578034682,1.560693642,1.352601156,1.144508671,0.416184971,0.624277457,,0.936416185,3.953757225,0.624277457,0.520231214,0.104046243
1669441,9888,2920,,0.585616438,0.154109589,,,30.1130137,81.48457048,3.359589041,44.48979592,0.246575342,0.030821918,0.092465753,17.64705882,0.462328767,65.2173913,5.20890411,62.13235294,1.571917808,57.30337079,51.31849315,0.924657534,0.154109589,0.678082192,8.198630137,2.558219178,1.232876712,0.554794521,0.98630137,2.989726027,0.123287671,0.647260274,
1435443,8481,861,0.247557487,1.777003484,1.045296167,0.522648084,0.097752157,13.27526132,77.91411043,0.209059233,40,1.254355401,0.31358885,0.104529617,33.33333333,0.31358885,37.5,3.763066202,32.43243243,1.777003484,25.75757576,30.52264808,4.912891986,1.149825784,1.567944251,1.777003484,0.209059233,0.209059233,0.104529617,0.940766551,2.404181185,0.836236934,0.418118467,1.254355401
1022702,6413,2116,0.159652169,1.233459357,0.552930057,,0.141185753,18.50189036,80.70500928,0.127599244,37.5,1.020793951,0.127599244,0.212665406,16.12903226,2.041587902,44.85981308,5.401701323,47.03703704,0.297731569,36.84210526,41.98015123,4.97637051,1.573724008,1.828922495,2.126654064,1.233459357,0.34026465,,0.935727788,3.572778828,0.765595463,0.637996219,
210126,9853,858,0.033367133,0.629370629,0.20979021,,0.06938594,38.07692308,84.81308411,0.944055944,40.90909091,0.524475524,,0.314685315,17.64705882,0.314685315,18.75,5.244755245,43.85964912,1.783216783,47.22222222,70.27972028,1.048951049,0.41958042,0.524475524,6.188811189,2.622377622,1.258741259,0.20979021,1.468531469,4.825174825,0.20979021,1.573426573,2.097902098
1180730,9848,1819,0.052797693,0.445299615,0.148433205,,0.005882362,44.9257834,88.06983511,2.028587136,35.65217391,0.19791094,0.09895547,,,0.247388675,62.5,3.463441451,52.23880597,1.434854316,46.03174603,63.18306762,0.69268829,0.247388675,0.49477735,7.570093458,1.286421111,1.385376581,1.039032435,0.69268829,,,,
348420,10242,836,0.737709326,3.983253589,1.614832536,1.184210526,0.055707486,16.47129187,68,0.43062201,50,0.538277512,0.322966507,0.215311005,22.22222222,0.968899522,42.85714286,9.258373206,49.14285714,4.413875598,49.39759036,45.43062201,5.705741627,0.753588517,2.476076555,1.937799043,1.507177033,,0.107655502,2.368421053,2.906698565,0.861244019,0.968899522,0.322966507
1791877,7853,846,0.289095742,1.914893617,0.957446809,0.106382979,0.049374738,16.06382979,70.56074766,1.276595745,57.14285714,0.638297872,,0.106382979,8.333333333,1.063829787,66.66666667,5.531914894,36.11111111,0.744680851,21.21212121,43.08510638,2.765957447,1.70212766,1.914893617,4.574468085,1.808510638,1.276595745,0.106382979,2.978723404,3.936170213,0.425531915,2.021276596,1.382978723
609634,8311,825,0.012087273,0.327272727,0.109090909,0.109090909,0.259496394,31.30909091,78.41530055,1.527272727,37.83783784,2.290909091,0.218181818,2.727272727,33.33333333,1.090909091,76.92307692,4.036363636,57.8125,0.436363636,40,65.78181818,1.527272727,0.654545455,1.090909091,3.927272727,1.418181818,1.2,0.327272727,0.654545455,4.254545455,0.218181818,0.654545455,0.981818182
1310262,9855,854,0.094658083,0.948477752,0.210772834,0.105386417,0.087703442,21.28805621,81.12449799,1.159250585,61.11111111,1.264637002,0.105386417,1.264637002,29.26829268,0.105386417,16.66666667,3.899297424,37,0.737704918,22.58064516,43.31381733,1.159250585,1.370023419,1.580796253,3.37236534,1.475409836,0.737704918,0.210772834,1.475409836,3.583138173,0.316159251,0.737704918,0.948477752
1342778,9853,806,0.582465262,3.796526055,2.009925558,0.111662531,0.141803292,13.73449132,76.39751553,0.334987593,60,0.893300248,0.446650124,0.334987593,23.07692308,1.11662531,43.47826087,6.141439206,48.24561404,0.669975186,33.33333333,39.75186104,6.364764268,1.786600496,3.014888337,2.009925558,1.339950372,,,2.009925558,2.568238213,0.893300248,0.558312655,0.669975186
1695007,293352,787,0.147796697,0.914866582,0.228716645,,0.038787421,26.6454892,78.71621622,0.686149936,54.54545455,0.457433291,,,,0.457433291,57.14285714,6.175349428,52.42718447,1.029224905,45,47.91613723,0.571791614,0.571791614,1.029224905,6.632782719,3.659466328,0.800508259,0.571791614,3.202033037,5.260482846,0.457433291,0.457433291,1.601016518
493727,47214,786,0.002232824,0.229007634,,,0.027047897,51.75572519,90.76305221,2.977099237,63.41463415,0.34351145,0.114503817,0.114503817,12.5,,,3.893129771,60.71428571,0.572519084,62.5,74.19847328,0.114503817,0.114503817,2.519083969,3.435114504,0.801526718,0.687022901,0.229007634,1.145038168,3.778625954,0.114503817,0.229007634,1.717557252
1676541,293352,759,0.230312263,1.897233202,0.711462451,0.118577075,0.020072097,14.34782609,65.05376344,0.4743083,66.66666667,0.948616601,0.118577075,,,1.660079051,40,9.604743083,35.37117904,3.083003953,32.09876543,52.29249012,6.403162055,3.320158103,3.675889328,1.897233202,1.422924901,,,4.387351779,3.913043478,1.304347826,1.185770751,0.4743083
815766,9855,556,,1.618705036,0.647482014,0.323741007,,16.99640288,77.20588235,0.161870504,50,0.809352518,,,,0.647482014,44.44444444,5.989208633,47.43589744,2.751798561,47.22222222,35.61151079,3.399280576,1.618705036,2.26618705,1.294964029,0.485611511,0.485611511,,1.294964029,3.561151079,,,0.323741007
568542,8311,717,0.001933054,0.125523013,,,0.060156636,34.51882845,83.33333333,1.506276151,37.5,0.627615063,,0.376569038,14.28571429,0.125523013,50,2.384937238,46.34146341,0.376569038,33.33333333,63.89121339,0.251046025,0.376569038,0.878661088,4.644351464,1.0041841,1.0041841,0.125523013,0.376569038,2.635983264,0.125523013,1.129707113,2.510460251
1435842,8028,138,,1.956521739,0.652173913,,,13.04347826,58.82352941,0.652173913,33.33333333,2.608695652,0.652173913,,,,,2.608695652,22.22222222,1.304347826,25,34.56521739,2.608695652,1.956521739,0.652173913,2.608695652,0.652173913,,0.652173913,1.304347826,2.608695652,1.956521739,0.652173913,
1214011,6390,710,0.439161966,3.802816901,1.14084507,0.76056338,0.088702443,18.88732394,70.28301887,0.253521127,22.22222222,1.014084507,0.126760563,0.253521127,13.33333333,1.267605634,41.66666667,7.352112676,46.03174603,2.408450704,48.71794872,52.98591549,5.704225352,1.14084507,1.14084507,4.816901408,2.535211268,0.887323944,0.507042254,2.281690141,3.549295775,1.14084507,0.887323944,0.887323944
1797479,8311,737,0.168337854,1.831750339,0.488466757,,0.086974409,15.63093623,80,0.976933514,44.44444444,1.099050204,0.122116689,0.732700136,18.18181818,0.854816825,33.33333333,4.396200814,39.13043478,0.244233379,18.18181818,39.44369064,3.785617368,1.587516961,2.075983718,2.442333786,1.343283582,0.488466757,0.122116689,1.587516961,2.930800543,0.366350068,1.099050204,0.488466757
1526610,7853,692,0.005124277,0.260115607,,,0.041360485,26.66184971,76.77902622,2.731213873,61.76470588,0.130057803,,0.130057803,100,0.130057803,12.5,6.242774566,46.15384615,2.080924855,51.61290323,52.28323699,0.260115607,0.780346821,1.690751445,6.112716763,2.341040462,1.560693642,0.39017341,2.210982659,5.462427746,0.520231214,1.560693642,1.820809249
1388749,10249,701,0.058480743,1.027104137,0.256776034,0.128388017,0.16230776,44.93580599,84.74576271,1.283880171,50,2.439372325,0.385164051,0.128388017,5,0.770328103,46.15384615,8.987161198,54.26356589,1.155492154,45,74.20827389,2.696148359,0.770328103,3.466476462,5.007132668,3.594864479,0.89871612,,3.338088445,6.291012839,0.641940086,1.155492154,0.513552068
1478147,9837,1262,0.32810776,2.923930269,1.497622821,,0.117131184,19.04120444,66.91729323,0.855784469,48,0.927099842,0.356576862,,,0.998415214,45.16129032,7.34548336,41.2,3.637083994,44.73684211,50.4199683,6.632329635,2.210776545,0.998415214,4.064976228,1.782884311,0.499207607,0.499207607,1.854199683,5.063391442,1.069730586,0.784469097,
1244864,8682,682,0.082834307,1.451612903,0.659824047,,0.141935359,28.24046921,79.25925926,1.451612903,57.89473684,1.451612903,,1.187683284,18.75,0.263929619,50,5.806451613,50,1.187683284,42.85714286,55.16129032,2.11143695,1.055718475,1.451612903,4.2228739,2.903225806,0.527859238,,1.715542522,4.882697947,0.923753666,1.187683284,0.791788856
1283024,6379,879,,0.204778157,0.102389078,,,42.90102389,83.96793587,3.071672355,46.875,0.204778157,,0.307167235,21.42857143,0.819112628,72.72727273,3.788395904,56.92307692,0.819112628,47.05882353,65.7337884,0.716723549,0.511945392,0.614334471,6.348122867,1.535836177,0.307167235,0.204778157,0.921501706,,,,
1299499,9855,670,0.366420881,2.552238806,0.940298507,,0.141371839,22.56716418,75.67567568,1.746268657,59.09090909,1.074626866,0.402985075,0.268656716,18.18181818,0.940298507,50,6.179104478,44.23076923,1.208955224,39.13043478,52.92537313,3.626865672,1.746268657,1.746268657,5.373134328,2.28358209,0.671641791,0.268656716,3.223880597,3.895522388,0.402985075,0.134328358,2.149253731
357224,8481,647,0.294982996,2.503863988,0.973724884,0.695517774,0.151742273,16.97063369,63.21243523,0.695517774,55.55555556,1.808346213,0.139103555,0.139103555,25,0.695517774,50,9.598145286,52.27272727,6.259659969,59.21052632,44.79134467,5.285935085,1.530139104,2.225656878,1.808346213,0.556414219,0.139103555,0.139103555,2.642967543,2.503863988,0.417310665,,0.973724884
1791882,8682,654,0.730224793,2.752293578,0.688073394,0.550458716,0.193103874,15.96330275,62.7027027,0.412844037,37.5,1.788990826,0.275229358,0.412844037,27.27272727,1.23853211,30,7.293577982,37.58865248,5.091743119,56.92307692,46.9266055,6.605504587,1.513761468,0.412844037,2.339449541,0.550458716,0.688073394,0.137614679,3.577981651,3.853211009,1.23853211,0.412844037,0.963302752
1332549,9837,362,0.175748619,2.237569061,0.745856354,,0.046052751,15.41436464,79.48717949,1.243093923,100,1.243093923,,,,1.740331492,41.17647059,3.232044199,32.5,0.497237569,40,37.79005525,6.215469613,2.237569061,0.248618785,1.243093923,0.745856354,0.248618785,0.248618785,0.497237569,2.73480663,,0.745856354,
1211445,9837,641,0.060290171,1.263650546,0.140405616,0.140405616,0.089952286,41.98127925,83.7535014,1.263650546,50,0.561622465,,,,1.12324493,53.33333333,5.897035881,50,1.404056162,41.66666667,67.81591264,1.263650546,0.982839314,2.24648986,4.492979719,1.263650546,1.684867395,0.140405616,1.263650546,3.229329173,0.280811232,0.702028081,1.404056162
1384870,7853,587,0.087976154,0.919931857,0.306643952,0.459965928,0.010476342,29.43781942,83.11688312,2.299829642,57.69230769,0.306643952,,0.153321976,25,0.459965928,75,4.293015332,59.57446809,1.686541738,64.70588235,50.44293015,1.073253833,0.306643952,1.226575809,4.906303237,0.919931857,0.306643952,0.459965928,1.99318569,,,,
447107,8311,629,0.292149447,2.00317965,0.715421304,0.429252782,0.032580215,25.61208267,80.63063063,0.715421304,55.55555556,0.572337043,,,,0.858505564,54.54545455,4.292527822,48.38709677,0.858505564,50,46.50238474,2.00317965,0.572337043,1.86009539,2.432432432,0.715421304,0.715421304,0.143084261,1.717011129,3.004769475,0.429252782,0.858505564,0.858505564
210390,293352,630,0.083757145,0.714285714,0.285714286,0.285714286,0.030661768,22.85714286,71.42857143,0.571428571,20,0.285714286,,,,0.571428571,66.66666667,4.571428571,54.23728814,2,66.66666667,42.42857143,2.857142857,0.142857143,0.714285714,4.571428571,1.285714286,1.428571429,0.285714286,1.714285714,3,0.428571429,0.714285714,1.571428571
1483959,47214,617,0.184273915,1.458670989,0.291734198,0.145867099,0.191336828,23.04700162,76.32850242,0.437601297,50,1.31280389,0.145867099,1.021069692,63.63636364,1.31280389,28.125,4.813614263,32.35294118,1.31280389,60,50.03241491,4.959481361,2.042139384,1.31280389,1.31280389,0.875202593,0.145867099,,2.771474878,3.938411669,1.31280389,1.166936791,0.291734198
1328918,47214,606,,0,,,0.047845364,68.01980198,89.98035363,3.712871287,58.13953488,0.148514851,0.148514851,,,0.445544554,75,5.643564356,58.46153846,3.118811881,70,88.36633663,0.148514851,0.297029703,1.03960396,6.386138614,1.03960396,1.930693069,0.594059406,1.633663366,3.118811881,,0.742574257,2.821782178
1635507,9848,130,0.520061553,2.076923077,1.384615385,,0.118549863,29.76923077,72.88135593,0.692307692,50,0.692307692,,,,1.384615385,66.66666667,4.153846154,42.85714286,,,57.46153846,4.153846154,1.384615385,2.076923077,0.692307692,0.692307692,,,1.384615385,3.461538462,1.384615385,1.384615385,
1792248,7853,488,0.054258197,0.368852459,0.18442623,,0.001125913,15.49180328,68.85245902,0.922131148,31.25,0.737704918,0.18442623,0.737704918,28.57142857,0.368852459,33.33333333,3.87295082,51.2195122,0.922131148,45.45454545,48.68852459,1.290983607,0.553278689,1.290983607,6.823770492,1.290983607,1.290983607,0.18442623,0.737704918,2.766393443,0.368852459,0.553278689,4.057377049
949712,9855,579,0.264373048,1.243523316,0.466321244,0.155440415,0.068614084,14.45595855,73.80952381,0.310880829,40,1.70984456,0.155440415,0.155440415,50,0.777202073,41.66666667,5.440414508,36.08247423,2.176165803,35,37.92746114,3.264248705,2.176165803,1.70984456,2.797927461,0.932642487,0.155440415,,1.865284974,3.419689119,0.466321244,0.466321244,1.70984456
1900516,8682,595,0.353011776,2.722689076,1.058823529,0.605042017,0.116106553,24.05042017,84.57446809,1.361344538,81.81818182,0.605042017,0.151260504,0.302521008,28.57142857,1.966386555,44.82758621,6.050420168,42.10526316,0.302521008,13.33333333,49.00840336,3.327731092,1.361344538,1.663865546,3.478991597,2.117647059,0.907563025,,1.966386555,7.109243697,0.907563025,0.605042017,0.453781513
1244850,293352,604,,0,,,0.062875829,34.71854305,77.40863787,1.937086093,32.5,1.043046358,0.149006623,0.59602649,36.36363636,0.298013245,66.66666667,5.215231788,59.3220339,1.639072848,39.28571429,66.45695364,0.447019868,0.298013245,1.490066225,5.811258278,1.937086093,1.043046358,,0.298013245,4.470198675,0.447019868,0.298013245,2.831125828
1797614,10242,572,0.019337413,0.629370629,0.157342657,,0.062332371,39.33566434,85.61643836,1.573426573,35.71428571,0.786713287,,1.101398601,26.92307692,1.101398601,50,6.923076923,57.14285714,1.888111888,57.14285714,75.9965035,1.730769231,0.629370629,1.888111888,6.451048951,2.202797203,1.730769231,0.472027972,1.101398601,5.664335664,,0.944055944,2.045454545
1797588,9853,593,0.141086003,3.035413153,0.758853288,0.455311973,0.073449404,35.96964587,86.81318681,0.910623946,60,1.365935919,,,,1.365935919,37.5,6.222596965,46.06741573,1.214165261,44.44444444,62.98482293,5.919055649,1.214165261,1.821247892,3.338954469,1.821247892,0.303541315,,1.517706577,3.035413153,0.455311973,0.910623946,1.214165261
1671488,568569,78,,3.461538462,1.153846154,1.153846154,,15,86.66666667,,,3.461538462,,,,,,4.615384615,40,,,35.76923077,1.153846154,0,1.153846154,3.461538462,3.461538462,,,4.615384615,4.615384615,,1.153846154,
603533,8481,553,0.046660038,1.30198915,0.162748644,,0.153211523,33.8517179,82.53968254,0.976491863,46.15384615,1.627486438,0.162748644,1.464737794,30,0.325497288,50,7.974683544,64.47368421,2.441229656,83.33333333,65.58770344,0.488245931,0.325497288,1.464737794,8.137432188,3.743218807,2.115732369,0.325497288,2.278481013,3.743218807,0.488245931,0.976491863,1.952983725
593362,47214,551,0.416972767,2.940108893,0.653357532,0.653357532,0.03956197,14.3738657,73.94957983,,,0.980036298,,0.163339383,25,0.816696915,50,6.696914701,37.96296296,2.77676951,34,39.52813067,4.900181488,2.77676951,2.77676951,1.143375681,0.326678766,0.490018149,,2.450090744,3.593466425,1.143375681,0.163339383,0.326678766
1526207,9855,538,0.161866169,2.50929368,0.334572491,0.836431227,0.048474043,12.71375465,67.85714286,0.501858736,50,0.669144981,,0.669144981,30.76923077,0.836431227,62.5,5.520446097,44,2.342007435,38.88888889,36.80297398,4.68401487,1.171003717,1.338289963,3.345724907,1.003717472,0.334572491,0.167286245,1.338289963,1.840148699,0.167286245,0.334572491,1.840148699
1079490,8024,587,0.328446336,2.146507666,0.613287905,,0.081099126,13.03236797,69.10569106,0.306643952,100,0.306643952,,,,0.459965928,37.5,5.366269165,44.87179487,3.219761499,52.5,32.50425894,5.059625213,1.073253833,0.919931857,1.839863714,0.766609881,0.153321976,,1.99318569,2.299829642,0.306643952,0.459965928,
1602154,7794,516,0.125162789,2.441860465,0.523255814,,0.123982367,23.02325581,76.74418605,0.174418605,25,1.046511628,0.348837209,0.174418605,11.11111111,1.220930233,53.84615385,6.802325581,45.34883721,1.569767442,37.5,50.05813953,1.395348837,1.744186047,3.139534884,1.569767442,0.872093023,0.174418605,,2.790697674,3.837209302,0.872093023,0.174418605,0.523255814
1243913,293352,625,0.583358368,3.456,1.008,,0.196003046,19.152,80.12048193,1.008,77.77777778,0.72,0.288,0.144,20,0.576,30.76923077,2.16,30.6122449,0.72,41.66666667,40.32,4.464,0.864,0.144,1.728,0.72,0.144,0.144,1.584,2.88,0.72,0.432,
822534,8340,258,,0.348837209,0.348837209,,,17.09302326,63.63636364,0.348837209,33.33333333,0.697674419,,0.348837209,25,0.348837209,25,3.488372093,35.71428571,1.046511628,33.33333333,37.6744186,1.744186047,1.046511628,1.046511628,2.441860465,1.046511628,0.348837209,,1.046511628,3.139534884,1.395348837,1.046511628,1.046511628
1246653,6390,491,0.253833008,2.016293279,1.099796334,0.183299389,0.188903491,24.19551935,79.04191617,1.283095723,70,1.83299389,0.366598778,2.749490835,35.71428571,1.283095723,50,5.682281059,44.92753623,0.733197556,23.52941176,54.25661914,2.749490835,0.549898167,1.649694501,3.299389002,2.016293279,0.549898167,,2.199592668,2.566191446,0.183299389,0.733197556,0.733197556
1668280,6390,503,0.23364214,1.789264414,0.715705765,0.715705765,0.167593644,17.89264414,73.52941176,0.178926441,100,1.789264414,0.536779324,0.357852883,22.22222222,0.536779324,50,5.367793241,33.33333333,2.68389662,31.25,41.33200795,4.294234592,1.968190855,0.715705765,1.789264414,1.431411531,0.178926441,,2.504970179,2.68389662,0.178926441,,0.178926441
1697802,7794,487,0.031971254,0.369609856,0.184804928,,0.010756351,9.609856263,68.42105263,0.369609856,100,0.369609856,,0.184804928,25,0.184804928,33.33333333,6.652977413,38.29787234,3.511293634,44.18604651,29.75359343,1.848049281,2.402464066,2.402464066,1.848049281,0.554414784,0.184804928,,4.250513347,1.663244353,0.554414784,0.554414784,1.108829569
979749,210132,45,,0,,,,26,81.25,2,50,,,,,4,66.66666667,4,50,,,44,,0,,,,,,2,6,,,
1173254,9747,489,0.066239263,1.288343558,0.736196319,,0.024572545,36.62576687,88.44444444,1.288343558,50,0.552147239,0.18404908,0.36809816,100,0.552147239,60,6.073619632,54.09836066,0.736196319,33.33333333,58.34355828,1.104294479,0.920245399,3.128834356,4.049079755,1.840490798,0.920245399,0.36809816,2.576687117,5.521472393,0.552147239,,0.920245399
1438302,6379,2191,,0.082154267,,,,38.90004564,82.34782609,1.848471018,36,0.985851209,0.205385669,0.903696942,29.33333333,0.492925605,50,4.641716111,52.31481481,0.369694204,37.5,71.18667275,0.903696942,0.32861707,0.287539936,6.572341397,3.491556367,1.314468279,0.410771337,1.437699681,5.17571885,0.451848471,1.437699681,
1797606,8481,457,0.149573298,0.590809628,0.196936543,0.196936543,0.088989292,17.33041575,75.21367521,0.590809628,42.85714286,1.378555799,,,,0.590809628,33.33333333,7.483588621,53.52112676,1.378555799,43.75,36.82713348,1.181619256,0.590809628,3.150984683,3.544857768,2.363238512,1.181619256,,2.560175055,5.90809628,0.787746171,0.787746171,
1332814,6390,637,0.04997331,0.565149137,0.141287284,,0.079901887,36.59340659,79.44785276,2.825745683,46.51162791,1.271585557,,1.412872841,27.77777778,0.565149137,44.44444444,5.651491366,50.63291139,0.141287284,9.090909091,76.01255887,0.989010989,0.706436421,0.565149137,8.053375196,4.379905808,1.554160126,0.141287284,1.130298273,5.227629513,0.706436421,1.69544741,1.978021978
1387248,161694,804,,1.902985075,0.335820896,,,23.28358209,72.98245614,1.902985075,43.58974359,0.559701493,0.111940299,0.111940299,33.33333333,0.335820896,37.5,6.492537313,50,2.23880597,44.44444444,46.34328358,0.671641791,0.671641791,1.679104478,5.932835821,2.23880597,0.895522388,0.559701493,1.902985075,,,,
1367621,7794,439,0.167412294,2.460136674,1.025056948,,0.033070281,15.78587699,72.64150943,0.20501139,33.33333333,0.410022779,,,,1.230068337,42.85714286,5.125284738,43.10344828,1.435079727,36.84210526,40.59225513,4.510250569,1.640091116,0.820045558,2.460136674,1.640091116,0.20501139,,1.230068337,2.255125285,0.410022779,,0.615034169
1292100,8669,832,0.437159836,2.163461538,0.649038462,0.324519231,0.124492758,8.004807692,65.48672566,0.757211538,70,0.649038462,0.216346154,0.432692308,26.66666667,0.649038462,33.33333333,5.516826923,41.12903226,2.271634615,36.84210526,31.91105769,4.867788462,1.298076923,2.163461538,0.973557692,0.540865385,,,1.298076923,0.865384615,0.216346154,0.324519231,0.432692308
574185,47214,427,0.025882904,0.210772834,,,0.039929439,48.26697892,86.41509434,1.264637002,37.5,0.421545667,,,,,,3.161592506,45.45454545,0.421545667,20,66.18266979,0.632318501,0.421545667,1.896955504,3.793911007,0.843091335,0.843091335,0.421545667,0.632318501,2.950819672,0.632318501,0.843091335,1.68618267
1797585,9853,398,0.031997487,0.452261307,,,0.020486146,45.45226131,88.9380531,1.582914573,46.66666667,0.226130653,,,,0.904522613,66.66666667,5.427135678,48.97959184,0.904522613,33.33333333,66.93467337,0.226130653,1.582914573,1.809045226,3.844221106,2.035175879,1.130653266,,1.809045226,7.010050251,0.452261307,0.226130653,0.67839196
1797477,8311,426,0.106077463,1.056338028,0.211267606,0.211267606,0.015789554,25.56338028,78.57142857,0.422535211,40,0.633802817,,0.211267606,33.33333333,0.211267606,25,1.901408451,31.03448276,0.845070423,36.36363636,40.35211268,1.690140845,0.211267606,0.422535211,1.056338028,0.422535211,0.422535211,,1.478873239,3.169014085,0.633802817,0.422535211,0.211267606
1523017,4170,423,0.080127659,0.638297872,0.212765957,0.425531915,0.011695602,22.9787234,77.69784173,0.638297872,27.27272727,0.212765957,,0.212765957,33.33333333,0.212765957,25,3.829787234,46.15384615,1.276595745,60,45.31914894,0.85106383,0.85106383,1.276595745,3.829787234,1.063829787,1.276595745,0.425531915,1.276595745,4.042553191,0.85106383,0.85106383,1.063829787
1393480,8697,231,0.012,0.38961039,,,0.044869223,26.49350649,75.55555556,0.38961039,33.33333333,,,,,0.779220779,66.66666667,8.961038961,58.97435897,1.948051948,55.55555556,57.27272727,1.168831169,1.558441558,1.948051948,8.961038961,4.285714286,0.779220779,,2.727272727,5.064935065,0.779220779,0.38961039,
1315952,8481,423,0.081404257,1.489361702,,,0.04646351,14.89361702,85.36585366,1.276595745,75,1.276595745,,0.85106383,20,2.340425532,57.89473684,5.531914894,48.14814815,,,40,2.978723404,1.489361702,1.70212766,3.191489362,1.489361702,0.638297872,,1.914893617,3.829787234,0.638297872,0.212765957,1.063829787
1668296,9747,390,0.004869231,0.230769231,,,0.043178472,39.69230769,87.30964467,1.615384615,46.66666667,1.153846154,0.461538462,0.461538462,14.28571429,0.230769231,33.33333333,5.307692308,47.91666667,0.923076923,57.14285714,67.84615385,,0.923076923,1.615384615,5.076923077,2.538461538,0.461538462,0.230769231,2.076923077,2.076923077,0.230769231,1.615384615,1.846153846
244558,8587,399,0.020075188,0.45112782,,,0.132964926,21.65413534,76.19047619,0.902255639,33.33333333,1.804511278,0.22556391,1.127819549,38.46153846,0.22556391,100,3.609022556,50,0.902255639,66.66666667,52.55639098,0.676691729,1.804511278,0.676691729,4.962406015,1.804511278,0.45112782,,0.902255639,4.060150376,0.45112782,0.676691729,2.706766917
1868401,8481,369,0.023487805,0.731707317,0.243902439,,0.040491118,24.3902439,81.96721311,3.414634146,63.63636364,,,0.243902439,25,0.487804878,100,6.097560976,55.55555556,1.219512195,45.45454545,42.19512195,0.243902439,0.487804878,3.170731707,2.682926829,1.463414634,0.243902439,,2.195121951,2.926829268,,0.975609756,0.975609756
1436712,6390,349,0.026252148,0.515759312,0.257879656,0.515759312,0.005521213,46.41833811,88.23529412,2.836676218,42.30769231,0.257879656,,,,,,4.899713467,44.18604651,3.094555874,60,66.79083095,0.773638968,0.773638968,1.031518625,5.931232092,0.773638968,1.547277937,,2.063037249,3.35243553,,1.031518625,3.610315186
1487907,773645,1110,,1.135135135,,0.810810811,,82.13513514,91.50858175,2.837837838,43.75,0.405405405,0.081081081,,,,,4.216216216,56.52173913,2.756756757,61.81818182,105.8918919,1.459459459,0.243243243,0.567567568,10.45945946,0.891891892,2.027027027,1.135135135,0.972972973,3.567567568,,0.243243243,6.405405405
1390047,4120,369,0.370487818,2.43902439,1.219512195,0.243902439,0.008335869,8.048780488,57.89473684,0.487804878,66.66666667,,,0.243902439,16.66666667,0.243902439,20,4.87804878,37.03703704,0.731707317,20,32.19512195,2.43902439,1.463414634,1.951219512,3.658536585,1.951219512,0.731707317,,2.195121951,2.43902439,0.487804878,0.731707317,0.975609756
1832290,7794,353,0.027178471,1.019830028,,,0.209771327,18.86685552,67.88990826,2.549575071,50,2.294617564,0.764872521,2.039660057,27.5862069,,,4.079320113,37.20930233,0.764872521,23.07692308,45.89235127,0.254957507,1.274787535,1.019830028,4.079320113,2.294617564,0.764872521,,2.039660057,,,,
992082,10242,346,0.040187863,0.780346821,,,0.062663507,38.23699422,84.97109827,3.121387283,66.66666667,0.260115607,,,,0.260115607,50,3.121387283,50,0.780346821,50,53.58381503,0.520231214,0.520231214,1.040462428,3.38150289,1.040462428,0.520231214,0.520231214,1.040462428,6.242774566,,0.520231214,1.300578035
780589,9938,457,0.056245078,1.772428884,0.196936543,,0.198859563,18.51203501,78.33333333,0.984682713,45.45454545,1.772428884,0.393873085,2.166301969,39.28571429,1.969365427,66.66666667,6.892778993,47.2972973,0.590809628,30,49.43107221,2.757111597,1.378555799,0.984682713,4.135667396,3.347921225,0.787746171,,2.757111597,4.332603939,0.590809628,1.378555799,
1344543,9855,270,,0.333333333,,,,28,83.16831683,4.333333333,54.16666667,0.333333333,,,,,,4.333333333,61.9047619,2,66.66666667,48.33333333,0.333333333,0.666666667,,10.66666667,2.333333333,0.333333333,1,0.666666667,1.333333333,,0.333333333,
1874169,7853,322,0.198195654,3.913043478,0.838509317,0.279503106,0.205267557,20.68322981,74.74747475,1.397515528,55.55555556,1.397515528,0.838509317,,,1.956521739,35,7.267080745,38.80597015,0.279503106,12.5,55.90062112,5.590062112,1.677018634,2.51552795,5.310559006,2.51552795,1.677018634,,3.354037267,5.869565217,0.279503106,1.118012422,1.118012422
1514638,7853,315,0.126657145,1.428571429,0.571428571,0.571428571,0.054402117,9.714285714,77.27272727,,,0.285714286,,,,,,3.142857143,34.375,1.428571429,35.71428571,26.85714286,4.285714286,0.571428571,,4,1.714285714,0.571428571,0.285714286,1.142857143,2.571428571,0.571428571,0.285714286,1.428571429
1671490,8311,347,0.065853024,1.037463977,,0.518731988,0.019226901,18.41498559,82.55813953,0.518731988,100,0.259365994,,0.259365994,14.28571429,0.778097983,60,3.371757925,36.11111111,0.778097983,27.27272727,36.0518732,2.853025937,1.556195965,0.518731988,1.296829971,1.296829971,,,0.778097983,3.371757925,,1.037463977,
1311801,9747,308,0.577928575,3.214285714,1.168831169,0.292207792,0.123695572,17.53246753,75,0.292207792,16.66666667,0.876623377,0.584415584,,,2.922077922,38.46153846,8.766233766,45.45454545,0.876623377,75,51.72077922,5.844155844,2.045454545,2.922077922,2.62987013,2.045454545,,,2.62987013,4.675324675,0.292207792,1.461038961,0.584415584
1520538,6355,331,0.092175223,1.087613293,,,0.218614491,31.5407855,87.21804511,1.63141994,85.71428571,0.81570997,,0.81570997,23.07692308,1.63141994,37.5,4.622356495,33.33333333,0.271903323,25,57.09969789,2.990936556,1.903323263,1.63141994,2.447129909,1.087613293,0.543806647,,2.719033233,4.894259819,0.543806647,1.359516616,0.81570997
1327487,7794,307,0.315557015,2.052117264,0.586319218,1.172638436,0.010392209,26.67752443,75.20661157,1.465798046,26.31578947,,,,,0.586319218,50,8.501628664,72.5,3.2247557,78.57142857,63.61563518,2.931596091,0,1.758957655,11.14006515,2.931596091,1.758957655,0.293159609,1.172638436,,,,
1072913,9750,746,0.169636733,2.292225201,0.844504021,0.120643432,0.118319308,22.19839142,79.65367965,0.72386059,75,0.603217158,0.120643432,0.120643432,7.692307692,1.44772118,48,5.790884718,41.37931034,0.482573727,36.36363636,48.86058981,4.825737265,1.206434316,1.689008043,3.136729223,2.171581769,0.361930295,0.120643432,3.498659517,4.463806971,0.72386059,1.206434316,0.482573727
1428851,4170,281,0.005092527,0.320284698,,,0.059391214,44.51957295,83.73493976,6.40569395,64.51612903,0.960854093,,,,2.241992883,63.63636364,6.40569395,52.63157895,0.320284698,20,69.18149466,0.640569395,1.921708185,0.640569395,5.765124555,3.202846975,2.241992883,,1.28113879,7.68683274,,,0.320284698
1897196,7794,295,0.435142388,2.13559322,0.305084746,0.305084746,0.028736471,9.762711864,66.66666667,,,0.305084746,0.305084746,,,0.610169492,66.66666667,6.406779661,26.92307692,1.525423729,13.15789474,35.38983051,4.881355932,2.745762712,3.661016949,0.915254237,0.610169492,,,3.966101695,1.525423729,0.305084746,0.305084746,0.305084746
1614832,7853,275,0.097494543,0.981818182,,,0.00444562,9.163636364,54.90196078,0.327272727,50,0.327272727,,,,0.981818182,50,9.490909091,45.3125,3.927272727,41.37931034,32.4,2.945454545,0.654545455,2.945454545,2.290909091,1.636363636,0.327272727,,4.254545455,1.963636364,,0.327272727,0.327272727
1717064,8587,304,0.122654604,1.480263158,0.296052632,,0.045183425,7.697368421,56.52173913,,,1.480263158,,,,0.296052632,16.66666667,7.401315789,40.98360656,3.256578947,45.83333333,33.75,6.513157895,1.776315789,3.848684211,2.368421053,0.296052632,,0.296052632,3.256578947,1.184210526,0.296052632,0.592105263,1.776315789
1065453,102050,270,0.084900002,1.333333333,0.333333333,,0.428567727,14.66666667,62.85714286,1.333333333,23.52941176,3.333333333,0.333333333,4.333333333,35.13513514,0.333333333,25,2,28.57142857,,,55.66666667,1,1,0.666666667,2,1,0.333333333,,1.333333333,1.333333333,0.333333333,0.666666667,0.666666667
1425683,7794,266,0.167921047,2.368421053,,1.691729323,0.078125312,8.796992481,61.9047619,,,0.338345865,0.338345865,,,0.338345865,33.33333333,6.428571429,38.7755102,5.07518797,51.72413793,30.11278195,5.413533835,1.353383459,1.015037594,1.353383459,,0.338345865,0.338345865,3.045112782,1.353383459,,0.338345865,0.676691729
1720268,7853,264,0.019738638,0.681818182,,,0.079329009,40.90909091,78.94736842,5.795454545,56.66666667,1.022727273,,0.681818182,50,1.363636364,100,5.113636364,48.38709677,1.022727273,50,66.81818182,0.681818182,0,1.704545455,4.090909091,1.022727273,1.704545455,,3.068181818,5.113636364,0.681818182,1.704545455,1.363636364
1862293,8481,254,0.193500007,1.771653543,0.708661417,,0.060975217,13.11023622,72.54901961,0.354330709,50,1.417322835,,0.354330709,14.28571429,0.354330709,33.33333333,2.834645669,44.44444444,,,31.18110236,2.834645669,0.354330709,1.771653543,1.771653543,0.708661417,0.708661417,,0.708661417,2.480314961,1.062992126,0.708661417,0.354330709
1813111,4170,263,,0,,,0.03285885,24.63878327,70.58823529,1.368821293,36.36363636,0.684410646,0.342205323,0.684410646,16.66666667,1.711026616,50,7.186311787,44.68085106,0.684410646,40,62.28136882,1.02661597,0.684410646,2.395437262,5.133079848,2.395437262,1.368821293,,2.737642586,5.133079848,0.342205323,2.737642586,1.368821293
982245,9904,307,0.043856677,1.172638436,,,0.412874373,17.88273616,79.22077922,0.879478827,33.33333333,3.517915309,1.172638436,2.052117264,29.16666667,1.172638436,40,5.276872964,47.36842105,1.758957655,66.66666667,51.88925081,3.2247557,0.879478827,1.172638436,3.2247557,1.172638436,0.586319218,0.293159609,2.052117264,4.397394137,1.172638436,0.293159609,1.172638436
1285497,10004,990,0.039245454,0.909090909,0.181818182,,0.016583524,27.36363636,83.61111111,1,55,0.363636364,,,,0.363636364,66.66666667,4.363636364,54.54545455,0.909090909,45.45454545,44.72727273,0.181818182,0.454545455,0.818181818,5.363636364,2.272727273,1.272727273,,1.181818182,5,0.090909091,0.727272727,1.818181818
919739,6414,793,0.545674663,2.950819672,1.5889029,0.680958386,0.096837669,13.0517024,64.97175141,0.79445145,46.66666667,0.79445145,0.113493064,0.226986129,20,1.021437579,36,6.015132409,33.97435897,3.064312736,42.85714286,39.83606557,5.674653216,1.702395965,0.567465322,2.837326608,1.361916772,0.340479193,0.226986129,3.518284994,2.837326608,0.226986129,0.79445145,0.907944515
1344654,8682,243,,0,,,0.004355763,19.62962963,67.08860759,1.481481481,28.57142857,0.37037037,,,,0.37037037,100,4.444444444,46.15384615,2.592592593,70,49.62962963,0.740740741,0.740740741,0.740740741,6.296296296,0.740740741,2.222222222,0.37037037,2.592592593,3.333333333,,0.740740741,2.962962963
1791938,4170,217,0.217327184,1.658986175,0.414746544,,0.011855974,15.34562212,72.54901961,0.414746544,100,0.829493088,,,,1.244239631,30,9.953917051,45.28301887,2.488479263,42.85714286,46.4516129,2.903225806,2.488479263,2.903225806,4.976958525,3.31797235,0.414746544,,3.732718894,2.073732719,0.414746544,,1.244239631
1245179,1569,2052,0.034649124,1.00877193,0.131578947,,0.077163635,32.10526316,84.42906574,1.578947368,57.14285714,0.570175439,0.087719298,0.043859649,8.333333333,0.350877193,36.36363636,4.429824561,50.75376884,1.00877193,62.16216216,50.52631579,0.394736842,0.657894737,1.447368421,3.464912281,1.710526316,0.657894737,0.175438596,1.710526316,5,0.175438596,0.921052632,0.921052632
1899709,47214,220,0.055104546,1.227272727,0.409090909,,0.127393907,50.31818182,87.85714286,2.863636364,46.66666667,0.818181818,,,,1.227272727,75,7.772727273,70.37037037,2.045454545,55.55555556,79.36363636,2.045454545,0,1.227272727,6.136363636,3.272727273,,,0.818181818,4.090909091,,0.409090909,2.863636364
1366624,10249,211,0.243981054,1.706161137,0.426540284,,0.29177962,26.01895735,79.22077922,0.426540284,100,2.559241706,0.853080569,,,1.279620853,50,8.957345972,58.33333333,1.279620853,50,56.30331754,5.545023697,1.706161137,2.985781991,6.398104265,3.412322275,1.279620853,,1.279620853,5.545023697,,0.853080569,1.706161137
1166569,9855,189,0.463285702,2.380952381,0.476190476,1.428571429,0.020086595,19.04761905,71.42857143,0.952380952,50,,,,,,,4.761904762,37.03703704,1.428571429,50,42.85714286,4.761904762,1.428571429,3.333333333,1.428571429,0.952380952,,,2.380952381,1.428571429,,1.428571429,0.476190476
1387313,9732,669,0.004183856,3.766816143,1.479820628,0.403587444,,18.69955157,75.54347826,0.67264574,83.33333333,1.076233184,0.269058296,0.134529148,25,0.807174888,30,6.322869955,46.53465347,1.883408072,48.27586207,45.33632287,6.457399103,1.210762332,1.883408072,2.69058296,2.01793722,0.403587444,,1.614349776,3.228699552,0.67264574,0.807174888,0.269058296
916916,8311,205,0.005707317,0.43902439,,,0.062997364,38.19512195,88.7755102,2.195121951,45.45454545,0.43902439,,,,0.43902439,100,4.390243902,71.42857143,0.43902439,50,68.92682927,,0,1.317073171,10.97560976,2.195121951,0.87804878,0.43902439,0.87804878,1.756097561,,0.43902439,
1242194,1070261,385,0.026625975,0.701298701,0.233766234,,0.091844522,18.46753247,82.29166667,0.233766234,16.66666667,0.467532468,0.467532468,0.701298701,25,1.402597403,46.15384615,7.948051948,46.57534247,2.103896104,39.13043478,56.80519481,2.805194805,1.402597403,1.87012987,5.376623377,2.571428571,0.467532468,,2.571428571,3.974025974,0.233766234,0.233766234,
1133599,885256,1148,0.016996516,0.6271777,0.078397213,,0.127026259,21.08885017,74.93036212,1.332752613,32.0754717,0.391986063,0.156794425,0.705574913,16.36363636,0.235191638,33.33333333,3.214285714,43.61702128,1.175958188,48.38709677,49.93902439,0.940766551,0.391986063,0.31358885,4.782229965,1.489547038,1.332752613,0.235191638,1.567944251,,,,
1797597,6355,160,0.219881259,1.6875,0.5625,,0.009903279,14.625,70.27027027,,,,,,,3.375,54.54545455,10.125,46.15384615,3.375,31.57894737,51.1875,3.375,0,2.8125,1.6875,0.5625,,0.5625,1.6875,6.1875,1.125,,0.5625
1791943,4170,177,,0,,,0.008884378,34.06779661,80.72289157,3.050847458,42.85714286,,,,,,,2.033898305,36.36363636,0.508474576,33.33333333,63.05084746,,0.508474576,,5.593220339,1.525423729,2.033898305,,2.033898305,5.084745763,0.508474576,,2.033898305
1796073,47214,175,0.678394297,2.057142857,1.542857143,0.514285714,0.118373754,25.71428571,76.92307692,1.028571429,28.57142857,1.028571429,1.028571429,,,1.028571429,66.66666667,9.257142857,43.90243902,4.628571429,60,54,3.085714286,2.057142857,1.542857143,3.085714286,2.057142857,1.028571429,,3.6,3.6,0.514285714,2.571428571,
1536429,9824,502,,1.613545817,0.896414343,,,17.03187251,83.33333333,0.537848606,42.85714286,1.25498008,0.179282869,0.179282869,12.5,2.689243028,41.66666667,5.557768924,40.78947368,0.358565737,22.22222222,45,4.302788845,1.434262948,1.613545817,2.689243028,1.075697211,1.25498008,,1.25498008,3.585657371,0.358565737,0.358565737,
824637,1115133,161,0.099726705,1.677018634,0.559006211,1.118012422,0.019048305,24.59627329,68.75,1.118012422,28.57142857,0.559006211,0.559006211,,,,,5.031055901,50,2.236024845,44.44444444,45.83850932,2.236024845,0,1.677018634,4.472049689,1.677018634,2.236024845,0.559006211,1.118012422,6.149068323,1.118012422,1.118012422,
1602137,9855,149,0.343691279,2.416107383,0.604026846,1.208053691,0.077018471,18.72483221,77.5,1.812080537,100,1.812080537,1.208053691,0.604026846,50,0.604026846,50,5.436241611,37.5,2.416107383,40,38.65771812,4.228187919,1.208053691,1.812080537,1.208053691,0.604026846,,,3.020134228,4.228187919,0.604026846,0.604026846,0.604026846
1348484,8587,130,0.623700004,2.076923077,1.384615385,,0.023170915,12.46153846,81.81818182,2.769230769,66.66666667,,,,,0.692307692,20,1.384615385,13.33333333,,,31.84615385,2.076923077,2.769230769,0.692307692,1.384615385,,,,,2.076923077,0.692307692,1.384615385,1.384615385
613714,9837,907,0.317788313,2.282249173,0.793825799,,0.044004463,12.99889746,69.31216931,0.297684675,50,1.389195149,,,,0.694597574,53.84615385,7.640573319,48.42767296,4.366041896,54.32098765,36.31753032,4.564498346,1.686879824,1.488423374,3.373759647,1.091510474,0.3969129,0.19845645,2.183020948,3.076074972,0.3969129,0.3969129,
1245978,8683,900,0.276480007,1.8,0.4,0.5,0.054268402,11.3,58.5492228,0.1,10,0.6,0.1,0.2,40,0.9,60,5.8,43.93939394,2.5,41.66666667,34.3,2.7,1.1,1.6,1.8,0.8,0.4,0.1,2.1,2.4,0.7,0.3,0.5
1478003,6355,122,0.019696721,0.737704918,,,0.514926925,35.40983607,88.88888889,,,0.737704918,,,,0.737704918,100,2.950819672,50,,,58.27868852,3.68852459,0,,5.901639344,2.213114754,2.213114754,,0.737704918,1.475409836,,1.475409836,1.475409836
1863032,9853,133,0.28921804,0.676691729,0.676691729,,0.040483294,56.16541353,83,,,0.676691729,,,,,,3.383458647,31.25,1.353383459,25,80.52631579,0.676691729,1.353383459,,2.706766917,2.030075188,,,,4.736842105,,0.676691729,0.676691729
1328919,10141,171,0.068947367,1.052631579,0.526315789,,0.216330149,17.36842105,75,1.052631579,40,2.105263158,,1.052631579,33.33333333,0.526315789,12.5,5.263157895,33.33333333,1.052631579,100,44.21052632,4.210526316,1.578947368,3.157894737,2.105263158,0.526315789,1.052631579,,2.105263158,7.368421053,2.105263158,3.157894737,0.526315789
1779437,10242,121,0.230727277,2.231404959,0.743801653,,0.08397281,20.82644628,70,,,2.231404959,0.743801653,,,2.231404959,60,9.669421488,52,0.743801653,14.28571429,59.50413223,5.950413223,1.487603306,2.975206612,5.950413223,3.719008264,0.743801653,0.743801653,,2.975206612,0.743801653,1.487603306,0.743801653
1755843,8587,99,0.009727273,0.909090909,,,0.034684126,22.72727273,83.33333333,0.909090909,50,0.909090909,0.909090909,,,,,14.54545455,69.56521739,2.727272727,60,66.36363636,,1.818181818,2.727272727,19.09090909,9.090909091,0.909090909,,,2.727272727,,,9.090909091
1814305,7794,113,0.011150443,0.796460177,0.796460177,,0.010569608,29.46902655,71.15384615,0.796460177,7.692307692,,,,,0.796460177,100,3.185840708,50,,,62.12389381,,0,0.796460177,6.371681416,1.592920354,,,0.796460177,1.592920354,,0.796460177,4.778761062
1900951,8587,102,0.174794118,1.764705882,,,0.068945118,31.76470588,76.59574468,2.647058824,42.85714286,2.647058824,,,,,,4.411764706,45.45454545,,,60,4.411764706,0.882352941,0.882352941,5.294117647,3.529411765,0.882352941,0.882352941,0.882352941,5.294117647,,0.882352941,
1893956,8587,117,,0,,,0.080367138,43.07692308,83.58208955,2.307692308,30,2.307692308,0.769230769,0.769230769,33.33333333,2.307692308,75,8.461538462,57.89473684,0.769230769,33.33333333,76.92307692,1.538461538,2.307692308,3.076923077,4.615384615,2.307692308,0.769230769,,,6.153846154,,1.538461538,1.538461538
1131254,9853,767,0.034427639,1.173402868,0.234680574,,0.032358295,32.62059974,77.87114846,2.464146023,47.72727273,0.704041721,,,,1.173402868,43.47826087,5.045632334,39.81481481,0.35202086,18.75,67.58800522,2.346805737,0.469361147,0.938722295,4.4589309,2.58148631,0.234680574,0.586701434,3.050847458,5.397653194,0.234680574,1.290743155,
1110336,6390,1969,,0.63991874,0.31995937,,,41.59471813,87.92270531,3.382427628,64.34782609,0.959878111,0.182833926,0.777044185,22.66666667,0.731335703,55.17241379,3.108176739,41.46341463,0.274250889,28.57142857,61.52361605,0.228542407,0.959878111,0.594210259,3.016759777,1.508379888,0.914169629,0.091416963,1.051295074,5.804977146,0.457084815,1.097003555,
968952,9855,90,,0,,,0.00375317,39,90.69767442,1,33.33333333,,,,,,,2,50,2,100,54,,0,,8,,2,,1,3,,1,6
1484998,8342,796,0.125920858,1.922110553,0.33919598,,0.221267681,30.18844221,89.59731544,1.130653266,90.90909091,1.695979899,0.33919598,0.67839196,16.66666667,1.695979899,62.5,5.427135678,52.74725275,0.113065327,11.11111111,54.94974874,6.896984925,1.695979899,3.165829146,1.130653266,0.452261307,0.226130653,0.113065327,0.67839196,2.939698492,0.565326633,0.67839196,0.33919598
728413,7853,84,,0,,,0.003394318,60,91.80327869,2.142857143,33.33333333,,,,,,,1.071428571,33.33333333,,,78.21428571,,0,1.071428571,8.571428571,,1.071428571,,,2.142857143,,2.142857143,7.5
751762,8120,2017,0.036263264,0.312345067,0.089241448,,0.017485561,49.30589985,91.6252073,1.561725335,46.05263158,0.178482895,,0.044620724,100,0.267724343,75,4.015865146,62.5,2.007932573,70.3125,67.60039663,0.446207238,0.089241448,0.58006941,9.771938523,1.16013882,1.74020823,0.624690134,1.070897372,,,,
1358583,8311,79,0.426645577,4.556962025,2.278481013,,0.041662426,29.62025316,89.65517241,,,1.139240506,,2.278481013,50,1.139240506,25,9.113924051,50,,,70.63291139,5.696202532,1.139240506,6.835443038,1.139240506,1.139240506,,,1.139240506,5.696202532,2.278481013,1.139240506,
1688527,7794,83,0.106048194,3.253012048,1.084337349,,0.02779406,14.09638554,100,1.084337349,100,1.084337349,,,,5.421686747,71.42857143,14.09638554,59.09090909,,,46.62650602,3.253012048,3.253012048,5.421686747,4.337349398,3.253012048,,,,,,2.168674699,1.084337349
154867,293352,75,,0,,,0.021071005,24,80,3.6,60,,,,,2.4,66.66666667,4.8,50,1.2,25,52.8,,0,,7.2,1.2,2.4,,1.2,6,,,3.6
1526613,9855,75,,0,,,0.01888776,24,71.42857143,1.2,50,,,,,2.4,66.66666667,6,62.5,1.2,100,50.4,,1.2,1.2,2.4,1.2,1.2,,1.2,7.2,1.2,,
1329301,8311,2440,,1.364754098,0.700819672,,,26.04098361,83.25471698,0.405737705,45.83333333,1.180327869,0.147540984,0.18442623,9.259259259,2.25,49.59349593,4.795081967,48.14814815,0.295081967,33.33333333,49.5,3.799180328,0.885245902,1.43852459,1.918032787,0.81147541,0.848360656,0.036885246,0.663934426,4.057377049,0.774590164,0.848360656,
1747807,8587,75,,0,,,0.025578721,26.4,88,3.6,100,,,1.2,100,1.2,33.33333333,2.4,25,,,48,2.4,3.6,,3.6,1.2,1.2,,,4.8,,,1.2
1900953,10249,64,,0,,,0.070841462,36.5625,89.65517241,1.40625,100,,,1.40625,100,,,5.625,44.44444444,1.40625,100,61.875,1.40625,2.8125,,7.03125,4.21875,1.40625,,2.8125,4.21875,,,1.40625
1643784,6390,46,0.45215216,1.956521739,,1.956521739,0.003957887,45,85.18518519,5.869565217,50,1.956521739,,,,,,5.869565217,60,3.913043478,50,62.60869565,1.956521739,0,,3.913043478,1.956521739,,,,3.913043478,,,1.956521739
1401227,9837,638,0.086501569,1.833855799,0.564263323,,0.137033554,24.54545455,76.99115044,0.705329154,41.66666667,0.987460815,0.564263323,0.423197492,50,1.97492163,63.63636364,5.92476489,45.65217391,0.564263323,28.57142857,49.51410658,3.103448276,1.128526646,0.987460815,3.385579937,2.398119122,0.423197492,0.282131661,2.257053292,4.655172414,0.705329154,1.128526646,
1609215,10249,83,0.940771045,4.337349398,1.084337349,,0.025465955,8.674698795,57.14285714,,,,,,,,,2.168674699,20,,,36.86746988,7.590361446,1.084337349,1.084337349,2.168674699,1.084337349,1.084337349,,3.253012048,2.168674699,1.084337349,,
1712888,47214,90,,0,,,0.091944352,25,86.20689655,1,100,1,,,,3,60,7,46.66666667,,,48,,2,3,3,1,,,2,2,,,
1703371,9853,178,0.203157307,1.516853933,,,0.041587138,22.24719101,84.61538462,,,1.011235955,0.505617978,,,1.011235955,22.22222222,7.078651685,38.88888889,2.02247191,36.36363636,44.49438202,5.056179775,2.02247191,1.011235955,3.539325843,3.033707865,,,0.505617978,2.02247191,,1.516853933,
1676681,8587,210,,1.714285714,0.428571429,,,23.14285714,78.26086957,0.857142857,33.33333333,1.714285714,,0.428571429,16.66666667,2.142857143,71.42857143,4.285714286,37.03703704,0.428571429,16.66666667,51.85714286,2.571428571,1.285714286,1.285714286,2.142857143,0.428571429,0.428571429,,2.142857143,6,0.428571429,0.857142857,
1669601,6355,221,,0,,,,30.13574661,90.24390244,0.814479638,25,,,,,,,2.850678733,63.63636364,,,43.98190045,,0,0.407239819,7.330316742,2.443438914,0.814479638,0.814479638,,3.257918552,,1.221719457,
726442,9837,11,,0,,,0.003649336,57.27272727,77.77777778,8.181818182,50,,,,,,,8.181818182,33.33333333,,,81.81818182,,0,,8.181818182,8.181818182,,,8.181818182,,,,
1729331,293352,196,,1.836734694,0.459183673,,,6.428571429,42.42424242,0.459183673,33.33333333,,,,,0.459183673,50,11.02040816,44.44444444,6.428571429,48.27586207,34.43877551,2.295918367,2.755102041,2.295918367,3.214285714,1.836734694,,,2.295918367,2.295918367,0.918367347,1.836734694,
1643788,10242,106,,2.547169811,,,,24.62264151,93.5483871,1.698113208,66.66666667,0.849056604,,,,1.698113208,25,4.245283019,31.25,,,56.03773585,6.79245283,1.698113208,0.849056604,2.547169811,1.698113208,0.849056604,,0.849056604,4.245283019,,0.849056604,
1328540,9837,1427,0.414163988,2.459705676,1.135248774,1.009110021,0.089980286,13.81219341,76.04166667,0.063069376,16.66666667,1.387526279,0.126138753,0.126138753,18.18181818,1.450595655,56.09756098,6.243868255,39.6,2.585844429,38.31775701,36.89558514,7.316047652,2.144358795,1.324456903,1.450595655,0.882971268,0.189208129,0.126138753,1.829011913,2.585844429,0.819901892,0.378416258,0.252277505
