player_name,club,minutes_played,npxg_per90,xa_per90,shots_on_target_per90,progressive_passes_per90,successful_dribbles_per90,pass_completion_percentage,tackles_interceptions_per90,aerial_duels_won_percentage,ball_recoveries_per90,fouls_committed_per90,date_of_birth,country_of_citizenship,transfermarkt_position,preferred_foot,height_in_cm,player_photo_url,market_value_in_eur
Mohamed Salah,Liverpool FC,3377,0.4890435297601421,0.2414569144210838,1.625703286941072,12.552561445069587,1.5457506662718388,73.85,0.7995262066923304,39.13,2.6917382291975125,0.6662718389102753,15/06/1992 00:00,Egypt,Attack,left,175.0,https://img.a.transfermarkt.technology/portrait/header/148455-1727337594.jpg?lm=1,30000000
Cole Palmer,Chelsea,3195,0.3766197183098591,0.2574647887323943,1.4366197183098592,14.225352112676056,1.4366197183098592,83.13,1.267605633802817,22.22,2.9859154929577465,0.4225352112676056,06/05/2002 00:00,England,Midfield,left,185.0,https://img.a.transfermarkt.technology/portrait/header/568177-1712320986.jpg?lm=1,120000000
Mark Travers,Bournemouth,450,0.0,0.002,0.0,1.8,0.0,62.83,0.0,100.0,7.0,0.0,18/05/1999 00:00,Ireland,Goalkeeper,right,191.0,https://img.a.transfermarkt.technology/portrait/header/357658-1702296610.jpg?lm=1,4000000
Bruno Fernandes,Manchester United,3024,0.2264880952380952,0.2375,0.863095238095238,19.25595238095238,0.8333333333333333,81.53,3.273809523809524,44.23,6.339285714285714,0.9523809523809524,08/09/1994 00:00,Portugal,Midfield,right,179.0,https://img.a.transfermarkt.technology/portrait/header/240306-1683882766.jpg?lm=1,40000000
Matheus Cunha,Wolverhampton,2600,0.2987307692307692,0.1827692307692307,1.523076923076923,10.419230769230769,2.1115384615384616,79.35,1.9038461538461535,30.95,4.326923076923077,1.4538461538461538,27/05/1999 00:00,Brazil,Attack,right,183.0,https://img.a.transfermarkt.technology/portrait/header/517894-1696599737.jpg?lm=1,45000000
Bukayo Saka,Arsenal,1735,0.3148703170028818,0.4046109510086455,1.1930835734870318,16.85878962536023,2.126801152737752,84.28,1.659942363112392,33.33,3.631123919308357,0.7780979827089337,05/09/2001 00:00,England,Attack,left,178.0,https://img.a.transfermarkt.technology/portrait/header/433177-1684155052.jpg?lm=1,130000000
Bryan Mbeumo,Brentford,3415,0.1997657393850659,0.2440409956076134,1.0805270863836018,11.095168374816984,1.370424597364568,73.9,1.6603221083455344,31.82,4.111273792093704,0.6588579795021963,07/08/1999 00:00,Cameroon,Attack,left,171.0,https://img.a.transfermarkt.technology/portrait/header/413039-1769532496.jpg?lm=1,40000000
Antonín Kinský,Tottenham Hotspur,540,0.0,0.0016666666666666,0.0,0.3333333333333333,0.0,72.63,0.5,100.0,9.166666666666666,0.0,13/03/2003 00:00,Czech Republic,Goalkeeper,right,190.0,https://img.a.transfermarkt.technology/portrait/header/725912-1766160431.jpg?lm=1,13000000
Amad Diallo,Manchester United,1908,0.2212264150943396,0.1971698113207547,0.8018867924528302,13.915094339622645,1.9339622641509435,85.95,2.311320754716981,40.0,5.1415094339622645,0.9905660377358492,11/07/2002 00:00,Cote d'Ivoire,Attack,left,173.0,https://img.a.transfermarkt.technology/portrait/header/536835-1747857754.jpg?lm=1,50000000
Kevin De Bruyne,Manchester City,1715,0.266064139941691,0.3537026239067055,0.944606413994169,24.82215743440233,0.6822157434402332,82.98,1.259475218658892,23.81,3.3586005830903787,0.8921282798833818,28/06/1991 00:00,Belgium,Midfield,right,181.0,https://img.a.transfermarkt.technology/portrait/header/88755-1713391485.jpg?lm=1,15000000
Mark Flekken,Brentford,3276,0.0,0.0041208791208791,0.0,2.28021978021978,0.0274725274725274,71.79,0.1098901098901098,100.0,8.70879120879121,0.0,13/06/1993 00:00,Netherlands,Goalkeeper,both,195.0,https://img.a.transfermarkt.technology/portrait/header/125714-1758704276.jpg?lm=1,8000000
Youri Tielemans,Aston Villa,3032,0.0753957783641161,0.1677110817941952,0.3858839050131926,14.010554089709762,0.9201846965699207,85.98,3.176121372031662,57.14,4.304089709762533,1.217018469656992,07/05/1997 00:00,Belgium,Midfield,right,177.0,https://img.a.transfermarkt.technology/portrait/header/249565-1716886438.jpg?lm=1,35000000
Josko Gvardiol,Manchester City,3279,0.1259835315645013,0.079871912168344,0.3293687099725526,19.67978042086002,0.686184812442818,91.38,2.7996340347666973,56.25,3.760292772186643,0.4391582799634035,23/01/2002 00:00,Croatia,Defender,left,185.0,https://img.a.transfermarkt.technology/portrait/header/475959-1713391602.jpg?lm=1,70000000
Declan Rice,Arsenal,2833,0.1115072361454288,0.178856336039534,0.4765266501941405,15.947758559830568,0.4447582068478644,89.84,2.4779385810095307,59.38,4.955877162019061,0.6671373102717967,14/01/1999 00:00,England,Midfield,right,188.0,https://img.a.transfermarkt.technology/portrait/header/357662-1687962936.jpg?lm=1,120000000
Omar Marmoush,Manchester City,1190,0.4152100840336135,0.1603361344537815,1.2857142857142858,9.907563025210084,1.512605042016807,84.27,1.4369747899159664,31.25,2.7983193277310927,1.134453781512605,07/02/1999 00:00,Egypt,Attack,right,183.0,https://img.a.transfermarkt.technology/portrait/header/445939-1747656490.jpg?lm=1,65000000
Savinho,Manchester City,1770,0.2547457627118644,0.3101694915254236,1.0677966101694916,20.89830508474576,2.6440677966101696,87.29,1.4745762711864403,33.33,4.016949152542373,0.8644067796610169,10/04/2004 00:00,Brazil,Attack,left,176.0,https://img.a.transfermarkt.technology/portrait/header/743591-1751367497.jpg?lm=1,45000000
Martin Ødegaard,Arsenal,2328,0.1557989690721649,0.2574742268041237,0.6572164948453608,23.65979381443299,0.9664948453608248,86.9,0.9664948453608248,53.33,3.75,0.4639175257731959,17/12/1998 00:00,Norway,Midfield,left,178.0,https://img.a.transfermarkt.technology/portrait/header/316264-1678877651.jpg?lm=1,75000000
Enzo Fernández,Chelsea,2946,0.1872708757637474,0.190020366598778,0.6109979633401221,15.244399185336048,0.7942973523421588,83.75,2.3828920570264764,31.25,4.765784114052953,1.5885947046843176,17/01/2001 00:00,Argentina,Midfield,right,178.0,https://img.a.transfermarkt.technology/portrait/header/648195-1669894717.jpg?lm=1,85000000
James Maddison,Tottenham Hotspur,1826,0.2873493975903615,0.2912924424972617,0.8378970427163198,19.616648411829136,1.6265060240963856,86.75,2.1193866374589265,38.46,3.745892661555312,1.5772179627601317,23/11/1996 00:00,England,Midfield,right,175.0,https://img.a.transfermarkt.technology/portrait/header/294057-1687982662.jpg?lm=1,30000000
Mateo Kovacic,Manchester City,2207,0.0766651563207974,0.131717263253285,0.4893520616221115,26.057997281377435,0.8971454463072044,92.76,3.792478477571364,52.63,4.648844585410059,0.978704123244223,06/05/1994 00:00,Croatia,Midfield,right,177.0,https://img.a.transfermarkt.technology/portrait/header/51471-1682668192.jpg?lm=1,15000000
James Tarkowski,Everton,2924,0.0403214774281805,0.0723324213406292,0.1231190150478796,4.093707250341997,0.1538987688098495,81.6,3.23187414500684,74.64,3.0164158686730507,1.077291381668947,19/11/1992 00:00,England,Defender,right,185.0,https://img.a.transfermarkt.technology/portrait/header/173504-1655979328.jpg?lm=1,7000000
Jérémy Doku,Manchester City,1533,0.0774951076320939,0.223091976516634,0.5283757338551859,22.426614481409,6.281800391389432,84.43,2.054794520547945,0.0,3.698630136986301,0.5870841487279843,27/05/2002 00:00,Belgium,Attack,right,173.0,https://img.a.transfermarkt.technology/portrait/header/486049-1743670159.jpg?lm=1,65000000
Alexander Isak,Newcastle United,2769,0.562296858071506,0.1170097508125677,1.495124593716143,8.320693391115926,1.3651137594799567,77.05,0.4875406283856988,32.53,1.7876489707475625,0.8775731310942578,21/09/1999 00:00,Sweden,Attack,right,192.0,https://img.a.transfermarkt.technology/portrait/header/349066-1680791339.jpg?lm=1,120000000
Eberechi Eze,Crystal Palace,2600,0.3094615384615384,0.1619999999999999,1.0038461538461538,8.273076923076923,2.319230769230769,81.51,1.7307692307692308,15.91,5.053846153846154,0.45,29/06/1998 00:00,England,Midfield,right,178.0,https://img.a.transfermarkt.technology/portrait/header/479999-1761083931.jpg?lm=1,65000000
Virgil van Dijk,Liverpool FC,3330,0.0605405405405405,0.0264864864864864,0.2162162162162162,10.675675675675675,0.081081081081081,91.68,2.5405405405405403,72.12,3.108108108108108,0.4594594594594595,08/07/1991 00:00,Netherlands,Defender,right,195.0,https://img.a.transfermarkt.technology/portrait/header/139208-1702049837.jpg?lm=1,18000000
Alex Iwobi,Fulham,2994,0.1289579158316633,0.2098196392785571,0.8717434869739479,15.270541082164328,1.4428857715430865,80.01,1.7434869739478958,18.42,4.208416833667335,0.5711422845691383,03/05/1996 00:00,Nigeria,Attack,right,183.0,https://img.a.transfermarkt.technology/portrait/header/242631-1679652866.jpg?lm=1,25000000
Erling Haaland,Manchester City,2741,0.6202480846406421,0.0663261583363735,1.9700839109813937,4.104341481211237,0.4268515140459686,67.47,0.5253557095950383,52.78,1.1163808828894564,0.7880335643925575,21/07/2000 00:00,Norway,Attack,left,195.0,https://img.a.transfermarkt.technology/portrait/header/418560-1709108116.png?lm=1,200000000
Heung-min Son,Tottenham Hotspur,2116,0.246266540642722,0.2181947069943289,1.10586011342155,15.056710775047256,1.2334593572778827,84.03,0.9357277882797732,33.33,3.61531190926276,0.2551984877126654,08/07/1992 00:00,"Korea, South",Attack,both,184.0,https://img.a.transfermarkt.technology/portrait/header/91845-1771690023.jpg?lm=1,17000000
Trent Alexander-Arnold,Liverpool FC,2377,0.0711821623895666,0.2790492217080353,0.3029028186790071,17.79554059739167,0.6436684896928901,77.72,3.899873790492217,18.75,4.997896508203618,0.4164913756836348,07/10/1998 00:00,England,Defender,right,180.0,https://img.a.transfermarkt.technology/portrait/header/314353-1701680958.jpg?lm=1,70000000
Jordan Pickford,Everton,3420,0.0,0.0057894736842105,0.0,3.3684210526315788,0.0,63.09,0.0526315789473684,88.89,8.868421052631579,0.0,07/03/1994 00:00,England,Goalkeeper,left,185.0,https://img.a.transfermarkt.technology/portrait/header/130164-1668499964.jpg?lm=1,15000000
Lewis Hall,Newcastle United,2192,0.0168339416058394,0.1527372262773722,0.0410583941605839,11.701642335766424,0.4516423357664234,85.38,3.12043795620438,49.18,4.8859489051094895,0.3695255474452555,08/09/2004 00:00,England,Defender,left,179.0,https://img.a.transfermarkt.technology/portrait/header/670858-1699385942.jpg?lm=1,32000000
Alexis Mac Allister,Liverpool FC,2607,0.0976985040276179,0.1947065592635213,0.4833141542002301,15.017261219792866,0.5523590333716917,87.22,4.039125431530495,35.19,5.109321058688147,2.140391254315305,24/12/1998 00:00,Argentina,Midfield,right,176.0,https://img.a.transfermarkt.technology/portrait/header/534033-1669835342.jpg?lm=1,85000000
,Arsenal,2365,0.0993234672304439,0.0456659619450317,0.1902748414376321,10.693446088794923,0.1522198731501057,90.72,1.5602536997885834,59.14,2.397463002114165,0.7230443974630021,,,,,,,0
Moisés Caicedo,Chelsea,3356,0.0219904648390941,0.0756257449344457,0.0804529201430274,13.247914183551847,0.7777115613825982,90.15,4.371275327771156,64.29,6.141239570917759,1.877234803337306,02/11/2001 00:00,Ecuador,Midfield,right,178.0,https://img.a.transfermarkt.technology/portrait/header/687626-1660729724.jpg?lm=1,110000000
Phil Foden,Manchester City,1785,0.2601680672268908,0.2692436974789916,0.8067226890756303,18.302521008403364,0.7058823529411765,88.62,1.1092436974789917,25.0,3.0756302521008405,0.2521008403361344,28/05/2000 00:00,England,Midfield,left,171.0,https://img.a.transfermarkt.technology/portrait/header/406635-1668524492.jpg?lm=1,150000000
Luis Díaz,Liverpool FC,2410,0.4488796680497925,0.1665560165975103,1.120331950207469,14.116182572614107,1.9792531120331949,86.08,1.7178423236514522,26.92,3.921161825726141,1.79253112033195,13/01/1997 00:00,Colombia,Attack,right,180.0,https://img.a.transfermarkt.technology/portrait/header/480692-1757938077.jpg?lm=1,70000000
Bernardo Silva,Manchester City,2671,0.131411456383377,0.1529764133283414,0.4043429427180831,19.9475851740921,0.943466866342194,88.97,2.661924372894047,31.25,3.605391239236241,0.909771621115687,10/08/1994 00:00,Portugal,Midfield,left,173.0,https://img.a.transfermarkt.technology/portrait/header/241641-1684311533.jpg?lm=1,27000000
Morgan Gibbs-White,Nottingham Forest,2822,0.2021970233876683,0.1495747696669029,0.7016300496102056,13.171509567682495,0.988660524450744,80.71,2.104890148830617,42.71,4.050318922749823,1.2119064493267186,27/01/2000 00:00,England,Midfield,right,171.0,https://img.a.transfermarkt.technology/portrait/header/429014-1687975822.jpg?lm=1,65000000
Dean Huijsen,Bournemouth,2422,0.0694880264244426,0.0583402146985962,0.1486374896779521,9.512799339388934,0.074318744838976,84.2,3.2328654004954585,60.71,3.9017341040462425,1.151940545004129,14/04/2005 00:00,Spain,Defender,both,197.0,https://img.a.transfermarkt.technology/portrait/header/890290-1750251451.jpg?lm=1,10000000
Bruno Guimarães,Newcastle United,3282,0.1181901279707495,0.1478062157221206,0.4113345521023765,14.588665447897622,0.9323583180987204,83.67,3.0712979890310783,50.0,5.155393053016453,1.7824497257769651,16/11/1997 00:00,Brazil,Midfield,right,182.0,https://img.a.transfermarkt.technology/portrait/header/520624-1668522672.jpg?lm=1,75000000
Mikkel Damsgaard,Brentford,2926,0.0870471633629528,0.2150034176349965,0.2153110047846889,13.718386876281611,1.5379357484620642,77.63,3.3834586466165413,30.0,5.50580997949419,0.5536568694463431,03/07/2000 00:00,Denmark,Midfield,right,180.0,https://img.a.transfermarkt.technology/portrait/header/540941-1668183899.jpg?lm=1,10000000
Jarrod Bowen,West Ham United,2979,0.2374622356495468,0.1954682779456193,1.1178247734138973,7.069486404833836,1.3293051359516617,79.14,1.7220543806646524,20.0,3.8972809667673713,0.6042296072507553,20/12/1996 00:00,England,Attack,left,176.0,https://img.a.transfermarkt.technology/portrait/header/314875-1662362005.jpg?lm=1,35000000
Matheus Nunes,Manchester City,1682,0.0652794292508918,0.1776456599286563,0.2140309155766944,19.90487514863258,1.0166468489892984,88.79,2.67538644470868,42.86,3.745541022592152,1.605231866825208,27/08/1998 00:00,Portugal,Defender,right,183.0,https://img.a.transfermarkt.technology/portrait/header/601883-1761076097.jpg?lm=1,38000000
Antoine Semenyo,Bournemouth,3209,0.2799002804612028,0.1220006232471174,1.1498909317544406,10.741664069803676,1.9351822997818635,78.23,1.8510439389217823,46.53,4.4312870052976,2.047366780928638,07/01/2000 00:00,Ghana,Attack,right,185.0,https://img.a.transfermarkt.technology/portrait/header/583255-1737452028.jpg?lm=1,65000000
Pedro Porro,Tottenham Hotspur,2622,0.0549199084668192,0.1592677345537757,0.2745995423340961,12.76887871853547,0.4805491990846682,76.04,3.501144164759725,34.29,5.217391304347826,0.8581235697940504,13/09/1999 00:00,Spain,Defender,right,173.0,https://img.a.transfermarkt.technology/portrait/header/553875-1730812390.jpg?lm=1,40000000
Cody Gakpo,Liverpool FC,1945,0.3280719794344473,0.1744473007712082,1.06426735218509,11.568123393316196,1.4344473007712082,83.73,1.8508997429305916,39.53,3.562982005141388,0.9254498714652956,07/05/1999 00:00,Netherlands,Attack,right,193.0,https://img.a.transfermarkt.technology/portrait/header/434675-1682690965.jpg?lm=1,70000000
Dwight McNeil,Everton,1376,0.0712936046511627,0.2825581395348837,0.6540697674418604,10.988372093023257,1.569767441860465,82.57,1.2427325581395348,15.0,4.970930232558139,0.3924418604651162,22/11/1999 00:00,England,Attack,left,183.0,https://img.a.transfermarkt.technology/portrait/header/584769-1700651579.jpg?lm=1,20000000
Murillo,Nottingham Forest,3191,0.0400501410216233,0.0321529301159511,0.16922594797869,6.092134127232843,0.7615167659041053,79.51,2.510184895017236,65.67,4.005014102162331,0.7615167659041053,04/07/2002 00:00,Brazil,Defender,left,180.0,https://img.a.transfermarkt.technology/portrait/header/1005649-1709159139.jpg?lm=1,55000000
Nathan Collins,Brentford,3420,0.0657894736842105,0.041578947368421,0.1578947368421052,4.473684210526316,0.1578947368421052,86.33,1.947368421052632,62.96,4.2631578947368425,0.7631578947368421,30/04/2001 00:00,Ireland,Defender,right,193.0,https://img.a.transfermarkt.technology/portrait/header/469050-1688381729.jpg?lm=1,25000000
Casemiro,Manchester United,1513,0.1088565763384005,0.1189689358889623,0.5948446794448117,11.480502313284866,0.1784534038334435,80.21,5.769993390614673,67.24,6.12690019828156,1.1896893588896231,23/02/1992 00:00,Brazil,Midfield,right,185.0,https://img.a.transfermarkt.technology/portrait/header/16306-1699018876.jpg?lm=1,8000000
Yoane Wissa,Brentford,2927,0.5716091561325589,0.0562692176289716,1.3221728732490603,6.118893064571233,0.4612230953194396,79.4,0.9224461906388792,45.45,2.490604714724974,1.0454390160573963,03/09/1996 00:00,DR Congo,Attack,right,176.0,https://img.a.transfermarkt.technology/portrait/header/388165-1740646948.jpg?lm=1,28000000
Justin Kluivert,Bournemouth,2356,0.207427843803056,0.1424872665534804,1.1078098471986415,12.109507640067912,1.3752122241086588,81.03,1.4134125636672326,22.22,2.979626485568761,1.7954159592529713,05/05/1999 00:00,Netherlands,Midfield,both,172.0,https://img.a.transfermarkt.technology/portrait/header/330659-1779893085.jpg?lm=1,32000000
João Pedro,Brighton & Hove Albion,1953,0.2304147465437788,0.1423963133640553,0.9216589861751152,10.599078341013826,1.336405529953917,74.6,1.152073732718894,47.19,2.71889400921659,1.19815668202765,15/08/1980 00:00,Portugal,Defender,left,174.0,https://img.a.transfermarkt.technology/portrait/header/default.jpg?lm=1,100000
Rúben Dias,Manchester City,2273,0.0593928728552573,0.0471183457985041,0.277166739991201,18.174219093708757,0.0791904971403431,93.76,1.4650241970963485,52.11,3.088429388473383,0.4751429828420589,14/05/1997 00:00,Portugal,Defender,right,187.0,https://img.a.transfermarkt.technology/portrait/header/258004-1684921271.jpg?lm=1,60000000
Thomas Partey,Arsenal,2809,0.0733713065147739,0.0839444642221431,0.2883588465646137,15.122819508721964,0.7689569241723033,88.64,3.972944108223567,50.0,4.421502313990744,1.4417942328230686,13/06/1993 00:00,Ghana,Midfield,right,185.0,https://img.a.transfermarkt.technology/portrait/header/230784-1668430877.jpg?lm=1,5000000
Dominik Szoboszlai,Liverpool FC,2496,0.2646634615384615,0.2120192307692307,0.829326923076923,13.882211538461538,0.7572115384615384,85.76,1.6947115384615383,45.24,4.795673076923077,1.5865384615384617,25/10/2000 00:00,Hungary,Midfield,right,187.0,https://img.a.transfermarkt.technology/portrait/header/451276-1758715234.jpg?lm=1,85000000
Alex McCarthy,Southampton,450,0.0,0.0,0.0,1.2,0.0,69.84,0.0,100.0,8.8,0.0,03/12/1989 00:00,England,Goalkeeper,right,193.0,https://img.a.transfermarkt.technology/portrait/header/95976-1737919833.jpg?lm=1,300000
Antonee Robinson,Fulham,3167,0.0196084622671297,0.1176507736027786,0.0568361225134196,11.196716135143667,1.079886327754973,80.96,4.4616356173034415,66.67,4.4616356173034415,0.8809598989580044,08/08/1997 00:00,United States,Defender,left,183.0,https://img.a.transfermarkt.technology/portrait/header/349701-1703926612.jpg?lm=1,30000000
Callum Hudson-Odoi,Nottingham Forest,2218,0.1002254283137962,0.1059062218214607,0.6898106402164111,14.729486023444544,1.5013525698827772,88.61,1.4201983769161406,23.08,3.733092876465284,0.4869251577998196,07/11/2000 00:00,England,Attack,right,178.0,https://img.a.transfermarkt.technology/portrait/header/392768-1659969850.png?lm=1,30000000
Kepa Arrizabalaga,Bournemouth,2790,0.0019354838709677,0.0016129032258064,0.0,0.8387096774193549,0.032258064516129,70.37,0.032258064516129,88.89,8.064516129032258,0.064516129032258,03/10/1994 00:00,Spain,Goalkeeper,right,188.0,https://img.a.transfermarkt.technology/portrait/header/192279-1661855851.jpg?lm=1,7000000
Lisandro Martínez,Manchester United,1754,0.0667046750285062,0.0656784492588369,0.3078677309007982,8.055872291904219,0.3078677309007982,90.03,3.694412770809578,55.17,4.156214367160776,1.12884834663626,18/01/1998 00:00,Argentina,Defender,left,175.0,https://img.a.transfermarkt.technology/portrait/header/480762-1680681507.jpg?lm=1,50000000
Matz Sels,Nottingham Forest,3420,0.0,0.0084210526315789,0.0,1.605263157894737,0.0,48.56,0.0263157894736842,89.47,5.368421052631579,0.0263157894736842,26/02/1992 00:00,Belgium,Goalkeeper,right,188.0,https://img.a.transfermarkt.technology/portrait/header/127202-1665067633.jpg?lm=1,6000000
Aaron Ramsdale,Southampton,2700,0.0,0.0026666666666666,0.0,2.1666666666666665,0.0,59.43,0.0666666666666666,100.0,8.166666666666666,0.0333333333333333,14/05/1998 00:00,England,Goalkeeper,right,190.0,https://img.a.transfermarkt.technology/portrait/header/427568-1681828000.jpg?lm=1,12000000
Jacob Murphy,Newcastle United,2379,0.2163934426229508,0.2326607818411097,0.5674653215636822,11.614123581336695,1.3240857503152583,75.47,1.5510718789407314,23.81,3.707440100882724,0.416141235813367,24/02/1995 00:00,England,Attack,right,179.0,https://img.a.transfermarkt.technology/portrait/header/199527-1674210561.jpg?lm=1,15000000
Aaron Wan-Bissaka,West Ham United,3154,0.0339568801521876,0.0793278376664552,0.1426759670259987,10.900443880786304,1.826252377932784,82.77,3.8807863031071657,41.07,4.965123652504756,0.7133798351299937,26/11/1997 00:00,DR Congo,Defender,right,183.0,https://img.a.transfermarkt.technology/portrait/header/477758-1769112496.jpg?lm=1,22000000
Harry Wilson,Fulham,1163,0.3257953568357695,0.0905417024935511,1.3155631986242475,11.530524505588994,0.6964746345657782,77.94,2.0894239036973343,20.0,4.256233877901978,0.9286328460877042,22/03/1997 00:00,Wales,Attack,left,173.0,https://img.a.transfermarkt.technology/portrait/header/279455-1668070758.jpg?lm=1,20000000
Martin Dúbravka,Newcastle United,900,0.0,0.0,0.0,0.4,0.0,75.9,0.0,100.0,7.9,0.0,15/01/1989 00:00,Slovakia,Goalkeeper,right,191.0,https://img.a.transfermarkt.technology/portrait/header/74960-1700237195.jpg?lm=1,750000
Nikola Milenković,Nottingham Forest,3330,0.1086486486486486,0.0145945945945945,0.2162162162162162,2.135135135135135,0.027027027027027,82.85,2.108108108108108,71.63,2.2972972972972974,0.5405405405405406,12/10/1997 00:00,Serbia,Defender,right,195.0,https://img.a.transfermarkt.technology/portrait/header/413507-1661166461.jpg?lm=1,30000000
Marco Asensio,Aston Villa,745,0.346711409395973,0.1401342281879194,1.3288590604026844,14.375838926174495,1.4496644295302012,86.4,1.087248322147651,0.0,3.3825503355704694,1.3288590604026844,21/01/1996 00:00,Spain,Midfield,left,182.0,https://img.a.transfermarkt.technology/portrait/header/296622-1765459707.png?lm=1,15000000
Marc Guéhi,Crystal Palace,3060,0.058235294117647,0.0591176470588235,0.2058823529411764,5.941176470588236,0.3529411764705882,84.15,2.617647058823529,53.91,4.294117647058823,0.7058823529411765,13/07/2000 00:00,England,Defender,right,182.0,https://img.a.transfermarkt.technology/portrait/header/392757-1683030598.jpg?lm=1,55000000
Daniel Muñoz,Crystal Palace,3233,0.1372409526755335,0.0993813795236622,0.5010825858335911,6.959480358799876,0.5845963501391895,75.11,4.648932879678317,42.34,4.760284565419116,1.5589236003711722,26/05/1996 00:00,Colombia,Defender,right,181.0,https://img.a.transfermarkt.technology/portrait/header/493003-1718642628.jpg?lm=1,27000000
Dango Ouattara,Bournemouth,2012,0.3739562624254473,0.1471669980119284,0.8946322067594434,6.79920477137177,1.7445328031809146,65.86,2.05765407554672,41.82,4.11530815109344,0.7157057654075547,11/02/2002 00:00,Burkina Faso,Attack,left,177.0,https://img.a.transfermarkt.technology/portrait/header/823231-1737452292.jpg?lm=1,35000000
Nick Pope,Newcastle United,2520,0.0,0.0003571428571428,0.0,0.3571428571428571,0.0,65.25,0.0357142857142857,87.5,8.607142857142858,0.0714285714285714,19/04/1992 00:00,England,Goalkeeper,right,198.0,https://img.a.transfermarkt.technology/portrait/header/192080-1663841362.jpg?lm=1,7000000
Arijanet Murić,Ipswich Town,1620,0.0,0.0016666666666666,0.0,1.8333333333333333,0.0,68.16,0.0,91.67,9.77777777777778,0.0,07/11/1998 00:00,Kosovo,Goalkeeper,right,198.0,https://img.a.transfermarkt.technology/portrait/header/371021-1685718424.jpg?lm=1,7500000
Fraser Forster,Tottenham Hotspur,630,0.0,0.0,0.0,0.1428571428571428,0.1428571428571428,82.63,0.0,100.0,4.857142857142857,0.0,17/03/1988 00:00,England,Goalkeeper,right,201.0,https://img.a.transfermarkt.technology/portrait/header/52570-1676412801.jpg?lm=1,600000
Alisson,Liverpool FC,2509,0.0,0.0078915902750099,0.0,0.6098047030689518,0.0358708648864089,80.7,0.0358708648864089,100.0,7.855719410123555,0.0,02/10/1992 00:00,Brazil,Goalkeeper,right,193.0,https://img.a.transfermarkt.technology/portrait/header/105470-1780389358.jpg?lm=1,17000000
Christian Nørgaard,Brentford,2829,0.1387062566277837,0.0435843054082714,0.5090137857900318,9.06680805938494,0.2226935312831389,82.71,4.072110286320254,61.9,6.1399787910922585,1.3997879109225877,10/03/1994 00:00,Denmark,Midfield,right,187.0,https://img.a.transfermarkt.technology/portrait/header/148367-1699799827.jpg?lm=1,18000000
İlkay Gündoğan,Manchester City,2242,0.1296610169491525,0.1782337198929527,0.2809991079393398,20.63336306868867,0.6824264049955396,92.35,1.5254237288135593,56.0,4.656556645851918,0.6021409455842998,24/10/1990 00:00,Germany,Midfield,right,180.0,https://img.a.transfermarkt.technology/portrait/header/53622-1756980813.png?lm=1,3500000
Leandro Trossard,Arsenal,2558,0.2536747458952306,0.1446051602814699,0.7740422204847538,11.716184519155592,1.3369820172009383,80.54,1.4073494917904614,20.0,3.6591086786552,0.9499609069585614,04/12/1994 00:00,Belgium,Attack,right,172.0,https://img.a.transfermarkt.technology/portrait/header/144028-1702412939.jpg?lm=1,20000000
Brennan Johnson,Tottenham Hotspur,2186,0.4281793229643184,0.0844007319304666,0.8234217749313816,8.522415370539798,0.7822506861848125,75.83,1.7703568161024703,25.93,2.593778591033852,1.111619396157365,23/05/2001 00:00,Wales,Attack,right,186.0,https://img.a.transfermarkt.technology/portrait/header/470607-1692959021.jpg?lm=1,48000000
Evanilson,Bournemouth,2335,0.4501927194860814,0.0686081370449678,1.2334047109207709,4.316916488222699,0.2698072805139186,71.55,0.6552462526766596,40.0,2.582441113490364,1.4261241970021414,06/10/1999 00:00,Brazil,Attack,both,183.0,https://img.a.transfermarkt.technology/portrait/header/711337-1737452098.jpg?lm=1,40000000
Ibrahima Konaté,Liverpool FC,2565,0.0621052631578947,0.0326315789473684,0.1403508771929824,7.684210526315789,0.1052631578947368,90.3,2.0,70.75,3.43859649122807,0.9473684210526316,25/05/1999 00:00,France,Defender,right,194.0,https://img.a.transfermarkt.technology/portrait/header/357119-1669190550.jpg?lm=1,45000000
Lukasz Fabianski,West Ham United,1161,0.0,0.0007751937984496,0.0,1.0852713178294573,0.2325581395348837,63.55,0.0,66.67,7.674418604651162,0.1550387596899224,18/04/1985 00:00,Poland,Goalkeeper,right,190.0,https://img.a.transfermarkt.technology/portrait/header/29692-1685709486.jpg?lm=1,250000
Ryan Christie,Bournemouth,2131,0.0895354293758798,0.1262787423744721,0.5068043172219615,11.487564523697795,0.9713749413420928,82.08,3.5476302205537307,43.14,7.686532144533083,1.8160488033786957,22/02/1995 00:00,Scotland,Midfield,left,178.0,https://img.a.transfermarkt.technology/portrait/header/188077-1697450633.jpg?lm=1,9000000
Guglielmo Vicario,Tottenham Hotspur,2160,0.0,0.0004166666666666,0.0,0.1666666666666666,0.0416666666666666,85.94,0.0416666666666666,100.0,7.25,0.0,07/10/1996 00:00,Italy,Goalkeeper,right,194.0,https://img.a.transfermarkt.technology/portrait/header/286047-1725874745.jpg?lm=1,30000000
Jan Paul van Hecke,Brighton & Hove Albion,2960,0.0407432432432432,0.0437837837837837,0.152027027027027,10.094594594594597,0.152027027027027,88.48,2.097972972972973,61.94,3.983108108108108,0.7601351351351352,08/06/2000 00:00,Netherlands,Defender,right,189.0,https://img.a.transfermarkt.technology/portrait/header/576314-1742501220.jpg?lm=1,35000000
Emiliano Martínez,Aston Villa,3196,0.0,0.0016896120150187,0.0,1.2108886107634542,0.0281602002503128,77.0,0.0844806007509386,91.67,8.391739674593241,0.0563204005006257,02/09/1992 00:00,Argentina,Goalkeeper,right,195.0,https://img.a.transfermarkt.technology/portrait/header/111873-1668180824.jpg?lm=1,15000000
Cristian Romero,Tottenham Hotspur,1420,0.1007746478873239,0.0519718309859154,0.5070422535211268,9.190140845070422,0.0633802816901408,89.68,3.549295774647887,60.87,5.704225352112676,0.8873239436619718,27/04/1998 00:00,Argentina,Defender,right,185.0,https://img.a.transfermarkt.technology/portrait/header/355915-1665609429.jpg?lm=1,60000000
Ismaïla Sarr,Crystal Palace,2719,0.354836336888562,0.2230967267377712,0.9599117322545052,7.116586980507539,0.5627068775285031,70.0,1.0261125413755057,41.57,3.7403457153365207,0.4634056638470025,25/02/1998 00:00,Senegal,Attack,right,185.0,https://img.a.transfermarkt.technology/portrait/header/410225-1765811669.jpg?lm=1,35000000
Alex Palmer,Ipswich Town,1170,0.0,0.0015384615384615,0.0,1.6153846153846154,0.0,66.3,0.0,100.0,9.153846153846152,0.0769230769230769,10/08/1996 00:00,England,Goalkeeper,right,191.0,https://img.a.transfermarkt.technology/portrait/header/245625-1632908899.jpg?lm=1,900000
Sandro Tonali,Newcastle United,2631,0.1505131128848346,0.094412770809578,0.4104903078677309,11.562143671607751,0.6841505131128848,85.92,2.9076396807297606,48.0,6.05473204104903,1.2656784492588369,08/05/2000 00:00,Italy,Midfield,right,181.0,https://img.a.transfermarkt.technology/portrait/header/397033-1688389270.jpg?lm=1,75000000
Emmanuel Agbadou,Wolverhampton,1411,0.0542168674698795,0.0204110559886605,0.1275690999291283,3.890857547838413,0.6378454996456414,85.84,2.678951098511694,56.52,5.294117647058823,0.446491849751949,17/06/1997 00:00,Cote d'Ivoire,Defender,right,192.0,https://img.a.transfermarkt.technology/portrait/header/683895-1770396716.jpg?lm=1,9000000
,Leicester City,577,0.0655112651646447,0.2214904679376083,0.779896013864818,5.459272097053726,4.523396880415945,68.35,3.89948006932409,51.85,5.927209705372617,1.7157712305025996,,,,,,,0
Milos Kerkez,Bournemouth,3342,0.0158886894075403,0.0694793536804308,0.1346499102333931,9.29084380610413,0.59245960502693,80.44,2.612208258527828,36.36,4.551166965888689,0.8078994614003591,07/11/2003 00:00,Hungary,Defender,left,180.0,https://img.a.transfermarkt.technology/portrait/header/730861-1773172293.jpg?lm=1,40000000
Reiss Nelson,Fulham,488,0.2028688524590164,0.1788934426229508,1.1065573770491803,20.28688524590164,2.3975409836065573,91.36,2.581967213114754,0.0,5.348360655737705,1.290983606557377,10/12/1999 00:00,England,Attack,right,175.0,https://img.a.transfermarkt.technology/portrait/header/340325-1667418642.jpg?lm=1,15000000
Marc Cucurella,Chelsea,2990,0.0842809364548494,0.0719397993311036,0.3612040133779264,10.414715719063546,0.1204013377926421,88.73,2.859531772575251,35.96,3.9130434782608696,1.1137123745819395,22/07/1998 00:00,Spain,Defender,left,173.0,https://img.a.transfermarkt.technology/portrait/header/284857-1765185117.jpg?lm=1,50000000
Marcus Tavernier,Bournemouth,1938,0.2544891640866873,0.1695046439628482,0.7894736842105262,14.999999999999998,1.3003095975232195,80.3,2.2291021671826625,44.07,5.526315789473684,1.5789473684210524,22/03/1999 00:00,England,Midfield,left,178.0,https://img.a.transfermarkt.technology/portrait/header/399434-1700650360.jpg?lm=1,20000000
Anthony Gordon,Newcastle United,2444,0.2382569558101472,0.1881751227495908,0.6996726677577741,12.189034369885434,1.3993453355155483,80.96,1.4361702127659577,50.0,3.572013093289689,0.7364975450081833,24/02/2001 00:00,England,Attack,right,183.0,https://img.a.transfermarkt.technology/portrait/header/503733-1761080304.jpg?lm=1,60000000
Ederson,Manchester City,2321,0.0,0.007367514002585,0.0,1.008186126669539,0.0,86.26,0.0387763894872899,80.0,6.359327875915554,0.0387763894872899,13/01/1986 00:00,Brazil,Midfield,right,181.0,https://img.a.transfermarkt.technology/portrait/header/29035-1418655545.jpg?lm=1,700000
Trevoh Chalobah,Chelsea,1981,0.0913175164058556,0.0290762241292276,0.3180212014134275,5.542655224634022,0.3634528016153457,86.29,2.725896012115093,59.21,3.861686017163049,0.8632004038364461,05/07/1999 00:00,England,Defender,right,192.0,https://img.a.transfermarkt.technology/portrait/header/346314-1773301391.jpg?lm=1,35000000
Raúl Jiménez,Fulham,2505,0.3467065868263473,0.0747305389221557,1.18562874251497,6.359281437125749,0.7544910179640719,73.01,1.6167664670658684,47.67,2.874251497005988,1.401197604790419,05/05/1991 00:00,Mexico,Attack,right,187.0,https://img.a.transfermarkt.technology/portrait/header/206040-1742820547.jpg?lm=1,4000000
Carlos Alcaraz,Everton,770,0.2092207792207792,0.0794805194805194,1.4025974025974026,10.753246753246753,1.051948051948052,83.39,1.9870129870129871,62.5,4.558441558441559,1.6363636363636365,30/11/2002 00:00,Argentina,Midfield,right,176.0,https://img.a.transfermarkt.technology/portrait/header/748319-1694617058.jpg?lm=1,15000000
Rayan Aït-Nouri,Wolverhampton,3128,0.0773976982097186,0.1150895140664961,0.3740409207161125,9.494884910485936,1.8126598465473147,86.71,3.308823529411765,42.31,4.171994884910486,0.8631713554987213,06/06/2001 00:00,Algeria,Defender,left,180.0,https://img.a.transfermarkt.technology/portrait/header/578391-1761076429.jpg?lm=1,40000000
Ryan Gravenberch,Liverpool FC,3168,0.0318181818181818,0.1002840909090908,0.1420454545454545,12.613636363636363,1.0511363636363635,89.5,3.664772727272727,65.0,5.482954545454545,1.3352272727272727,16/05/2002 00:00,Netherlands,Midfield,right,190.0,https://img.a.transfermarkt.technology/portrait/header/478573-1718097194.jpg?lm=1,90000000
Anthony Elanga,Nottingham Forest,2507,0.1604706820901476,0.1834463502193857,0.86158755484643,8.974870362983646,0.8974870362983646,77.69,0.8974870362983646,39.34,3.195053849222178,0.3230953330674113,27/04/2002 00:00,Sweden,Attack,right,178.0,https://img.a.transfermarkt.technology/portrait/header/583189-1700739021.jpg?lm=1,50000000
Harvey Barnes,Newcastle United,1766,0.3684597961494903,0.2323895809739524,1.0702151755379388,11.568516421291053,1.2231030577576445,82.12,1.1211778029445072,31.82,2.802944507361268,0.7644394110985276,09/12/1997 00:00,England,Attack,right,182.0,https://img.a.transfermarkt.technology/portrait/header/398065-1761079974.jpg?lm=1,32000000
Iliman Ndiaye,Everton,2440,0.1726229508196721,0.0497950819672131,0.6639344262295082,8.077868852459016,2.5081967213114758,84.95,2.692622950819672,29.63,6.344262295081967,0.8852459016393442,06/03/2000 00:00,Senegal,Attack,right,180.0,https://img.a.transfermarkt.technology/portrait/header/623570-1765811829.jpg?lm=1,45000000
William Saliba,Arsenal,3041,0.0674778033541598,0.0381782308451167,0.0887865833607366,7.931601446892469,0.3551463334429464,94.58,2.4564288063137125,62.0,4.557711279184479,0.8286747780335415,24/03/2001 00:00,France,Defender,right,192.0,https://img.a.transfermarkt.technology/portrait/header/495666-1718697201.jpg?lm=1,90000000
Maxence Lacroix,Crystal Palace,3118,0.0998717126363053,0.0303078896728672,0.1731879409878127,2.742142398973701,0.2309172546504169,81.95,3.521488133418858,54.95,3.752405388069275,0.981398332264272,06/04/2000 00:00,France,Defender,right,190.0,https://img.a.transfermarkt.technology/portrait/header/434224-1657202248.jpg?lm=1,35000000
David Raya,Arsenal,3420,0.0,0.0018421052631578,0.0,1.5526315789473684,0.0263157894736842,70.62,0.0526315789473684,100.0,8.447368421052632,0.0263157894736842,15/09/1995 00:00,Spain,Goalkeeper,right,183.0,https://img.a.transfermarkt.technology/portrait/header/262749-1668168018.jpg?lm=1,35000000
Joachim Andersen,Fulham,2663,0.0361622230567029,0.0185880585805482,0.2027788208787082,8.888471648516711,0.1351858805858055,82.96,2.095381149079985,65.52,4.359744648892227,0.6759294029290274,31/05/1996 00:00,Denmark,Defender,right,192.0,https://img.a.transfermarkt.technology/portrait/header/260827-1668183482.jpg?lm=1,25000000
Kenny Tete,Fulham,1779,0.0688026981450253,0.0338954468802698,0.1011804384485666,9.662731871838112,0.4553119730185497,82.92,4.451939291736931,54.17,3.7436762225969646,1.7706576728499157,09/10/1995 00:00,Netherlands,Defender,right,180.0,https://img.a.transfermarkt.technology/portrait/header/206746-1746645948.jpg?lm=1,11000000
Kai Havertz,Arsenal,1874,0.4591248665955176,0.0802027748132337,1.0085378868729988,9.845250800426896,0.4322305229455709,79.84,1.0565635005336178,44.83,1.969050160085379,1.8249733191035216,11/06/1999 00:00,Germany,Attack,left,193.0,https://img.a.transfermarkt.technology/portrait/header/309400-1683903902.jpg?lm=1,55000000
Noni Madueke,Chelsea,2060,0.4211650485436893,0.1376213592233009,1.3980582524271843,9.87378640776699,1.966019417475728,83.64,1.529126213592233,36.67,3.66990291262136,0.9611650485436892,10/03/2002 00:00,England,Attack,left,182.0,https://img.a.transfermarkt.technology/portrait/header/503987-1683102348.jpg?lm=1,50000000
Robert Sánchez,Chelsea,2880,0.0,0.0015625,0.0,1.0625,0.0,65.3,0.0625,100.0,9.0,0.0625,18/11/1997 00:00,Spain,Goalkeeper,right,197.0,https://img.a.transfermarkt.technology/portrait/header/403151-1695028195.jpg?lm=1,22000000
Elliot Anderson,Nottingham Forest,2742,0.0692560175054704,0.1191466083150984,0.2297592997811816,11.291028446389497,1.1816192560175056,82.31,4.037199124726477,65.52,6.794310722100657,1.6083150984682717,06/11/2002 00:00,England,Midfield,right,179.0,https://img.a.transfermarkt.technology/portrait/header/567576-1696453772.jpg?lm=1,60000000
Neco Williams,Nottingham Forest,2599,0.079646017699115,0.0529819161215852,0.2424009234320892,7.964601769911504,0.6233166602539438,81.41,4.1900731050404,57.14,3.809157368218546,0.8310888803385919,13/04/2001 00:00,Wales,Defender,right,183.0,https://img.a.transfermarkt.technology/portrait/header/503680-1705499825.jpg?lm=1,17000000
Chris Wood,Nottingham Forest,2976,0.3329637096774193,0.0459677419354838,1.0584677419354838,3.235887096774193,0.1209677419354838,64.88,0.3326612903225806,39.17,1.5120967741935485,0.7560483870967741,07/12/1991 00:00,New Zealand,Attack,right,191.0,https://img.a.transfermarkt.technology/portrait/header/108725-1740646786.jpg?lm=1,8000000
Mikel Merino,Arsenal,1597,0.3330619912335629,0.0664996869129618,0.8453350031308704,10.200375704445836,0.5072010018785222,79.93,3.437695679398873,51.28,4.846587351283657,2.310582341891046,22/06/1996 00:00,Spain,Midfield,left,189.0,https://img.a.transfermarkt.technology/portrait/header/338424-1716803831.jpg?lm=1,30000000
Tomáš Souček,West Ham United,2570,0.2398832684824902,0.044124513618677,0.6303501945525292,6.023346303501945,0.2101167315175097,74.82,2.311284046692607,57.39,2.206225680933852,1.6459143968871597,27/02/1995 00:00,Czech Republic,Midfield,right,192.0,https://img.a.transfermarkt.technology/portrait/header/283628-1704184173.jpg?lm=1,12000000
Jarrad Branthwaite,Everton,2525,0.0427722772277227,0.0213861386138613,0.1069306930693069,4.277227722772277,0.1069306930693069,82.85,2.2455445544554453,59.05,3.3148514851485147,0.4277227722772277,27/06/2002 00:00,England,Defender,left,195.0,https://img.a.transfermarkt.technology/portrait/header/661053-1687975679.jpg?lm=1,45000000
Pedro Neto,Chelsea,2281,0.138097325734327,0.1882069267864971,0.6707584392810171,12.428759316089437,1.3415168785620342,88.65,1.2626041209995615,27.91,3.19596668128014,0.8285839544059623,09/03/2000 00:00,Portugal,Attack,left,174.0,https://img.a.transfermarkt.technology/portrait/header/487465-1763106447.jpg?lm=1,60000000
Jack Grealish,Manchester City,735,0.1383673469387755,0.2069387755102041,0.6122448979591837,25.836734693877556,1.5918367346938778,91.02,1.3469387755102042,12.5,3.1836734693877555,0.6122448979591837,10/09/1995 00:00,England,Attack,right,180.0,https://img.a.transfermarkt.technology/portrait/header/203460-1676499047.jpg?lm=1,25000000
,Liverpool FC,849,0.0402826855123674,0.2459363957597173,0.2120141342756183,15.053003533568903,0.5300353356890459,91.05,4.4522968197879855,38.46,3.2862190812720846,0.9540636042402828,,,,,,,0
Kevin Schade,Brentford,2309,0.3196188826331745,0.0686011260285838,1.0524036379385016,6.35339974014725,1.1693373754872238,64.29,1.715028150714595,52.94,3.2351667388479863,0.8185361628410568,27/11/2001 00:00,Germany,Attack,right,185.0,https://img.a.transfermarkt.technology/portrait/header/473050-1700560328.jpg?lm=1,22000000
Pervis Estupiñán,Brighton & Hove Albion,2403,0.0438202247191011,0.0932584269662921,0.3370786516853932,10.93632958801498,0.7116104868913858,88.3,3.820224719101124,63.01,5.5056179775280905,1.348314606741573,21/01/1998 00:00,Ecuador,Defender,left,175.0,https://img.a.transfermarkt.technology/portrait/header/349599-1668498118.jpg?lm=1,14000000
Lewis Cook,Bournemouth,2978,0.028408327736736,0.1133310946944257,0.1208865010073875,10.06380120886501,0.3928811282740094,81.93,3.6870382807253193,54.67,5.651443922095366,1.480859637340497,03/02/1997 00:00,England,Midfield,right,175.0,https://img.a.transfermarkt.technology/portrait/header/249089-1700671190.jpg?lm=1,13000000
Tyrone Mings,Aston Villa,1121,0.0658340767172167,0.0200713648528099,0.0802854594112399,5.379125780553077,0.1605709188224799,88.3,1.1239964317573594,54.9,3.0508474576271185,0.3211418376449598,13/03/1993 00:00,England,Defender,left,196.0,https://img.a.transfermarkt.technology/portrait/header/253677-1746644991.jpg?lm=1,4000000
Mario Lemina,Wolverhampton,1363,0.0924431401320616,0.0759354365370506,0.3301540719002201,5.150403521643434,0.6603081438004402,81.32,5.150403521643434,60.98,4.820249449743214,1.1225238444607484,01/09/1993 00:00,Gabon,Midfield,right,184.0,https://img.a.transfermarkt.technology/portrait/header/170934-1779991881.png?lm=1,6000000
,Everton,3072,0.0310546875,0.05771484375,0.146484375,8.96484375,0.52734375,87.08,5.302734375,62.5,5.68359375,1.611328125,,,,,,,0
Carlos Baleba,Brighton & Hove Albion,2670,0.1038202247191011,0.0407865168539325,0.3707865168539325,8.359550561797752,1.1123595505617978,87.92,4.213483146067415,59.09,6.640449438202247,1.348314606741573,03/01/2004 00:00,Cameroon,Midfield,left,179.0,https://img.a.transfermarkt.technology/portrait/header/973085-1666690662.jpg?lm=1,60000000
Vitaliy Mykolenko,Everton,3084,0.0142996108949416,0.0644941634241245,0.0291828793774319,6.682879377431907,0.2334630350194552,78.6,3.122568093385214,56.32,2.568093385214008,0.642023346303502,29/05/1999 00:00,Ukraine,Defender,left,180.0,https://img.a.transfermarkt.technology/portrait/header/404842-1708012303.jpg?lm=1,25000000
Nico O'Reilly,Manchester City,532,0.2182330827067669,0.1150375939849624,0.5075187969924811,13.026315789473683,1.5225563909774436,87.66,2.199248120300752,40.0,5.244360902255639,1.0150375939849623,21/03/2005 00:00,England,Defender,left,193.0,https://img.a.transfermarkt.technology/portrait/header/743413-1751367149.jpg?lm=1,40000000
Danny Welbeck,Brighton & Hove Albion,2122,0.372808671065033,0.0585296889726672,1.0179076343072573,6.870876531573987,0.5513666352497644,85.57,1.3147973609802073,34.69,1.950989632422243,0.4665409990574929,26/11/1990 00:00,England,Attack,right,185.0,https://img.a.transfermarkt.technology/portrait/header/67063-1746437656.jpg?lm=1,4000000
Diogo Dalot,Manchester United,2813,0.0655883398506932,0.0787060078208318,0.1599715606114468,9.438322076075364,0.8638464273018129,83.83,3.359402772840384,64.41,5.343050124422325,1.2797724848915748,18/03/1999 00:00,Portugal,Defender,right,183.0,https://img.a.transfermarkt.technology/portrait/header/357147-1727785546.jpg?lm=1,28000000
Bernd Leno,Fulham,3420,0.0,0.0018421052631578,0.0,0.9210526315789472,0.0,79.77,0.0526315789473684,90.0,7.815789473684211,0.0,04/03/1992 00:00,Germany,Goalkeeper,right,190.0,https://img.a.transfermarkt.technology/portrait/header/72476-1774470314.jpg?lm=1,8000000
Morgan Rogers,Aston Villa,3129,0.1892617449664429,0.15071907957814,0.5752636625119847,8.513902205177374,1.8983700862895492,75.35,1.4093959731543624,20.0,3.422818791946309,1.4381591562799616,26/07/2002 00:00,England,Midfield,right,187.0,https://img.a.transfermarkt.technology/portrait/header/503743-1706786450.jpg?lm=1,70000000
Kaoru Mitoma,Brighton & Hove Albion,2608,0.3161042944785276,0.1394171779141104,0.9317484662576688,11.905674846625766,1.794478527607362,80.79,2.036042944785276,50.0,3.416411042944785,1.3803680981595092,20/05/1997 00:00,Japan,Attack,right,178.0,https://img.a.transfermarkt.technology/portrait/header/504849-1731683095.jpg?lm=1,30000000
Tosin Adarabioyo,Chelsea,1439,0.0581653926337734,0.013759555246699,0.1250868658790827,4.378040305767894,0.2501737317581654,91.33,1.7512161223071578,60.0,2.564280750521195,0.5003474635163307,24/09/1997 00:00,England,Defender,right,197.0,https://img.a.transfermarkt.technology/portrait/header/258878-1646903871.jpg?lm=1,20000000
Matt Doherty,Wolverhampton,2121,0.0441301272984441,0.0517680339462517,0.1272984441301273,7.383309759547384,0.4667609618104668,85.21,2.545968882602546,71.79,4.497878359264498,0.7637906647807639,16/01/1992 00:00,Ireland,Defender,right,185.0,https://img.a.transfermarkt.technology/portrait/header/171679-1682598455.jpg?lm=1,1500000
Dan Burn,Newcastle United,3330,0.0529729729729729,0.0294594594594594,0.1891891891891892,2.621621621621621,0.081081081081081,88.62,1.7837837837837838,66.07,2.783783783783784,0.918918918918919,09/05/1992 00:00,England,Defender,left,201.0,https://img.a.transfermarkt.technology/portrait/header/134270-1682340860.jpg?lm=1,5000000
Ryan Sessegnon,Fulham,604,0.2443708609271523,0.1683774834437086,1.1920529801324502,9.68543046357616,1.1920529801324502,81.13,4.470198675496689,42.11,4.470198675496689,2.980132450331126,18/05/2000 00:00,England,Defender,left,178.0,https://img.a.transfermarkt.technology/portrait/header/392775-1722077271.jpg?lm=1,20000000
Levi Colwill,Chelsea,3149,0.0540171483010479,0.0345824071133693,0.1143220069863448,6.030485868529692,0.1714830104795173,89.71,2.2864401397268974,59.71,3.4582407113369324,1.28612257859638,26/02/2003 00:00,England,Defender,left,187.0,https://img.a.transfermarkt.technology/portrait/header/614258-1694614507.jpg?lm=1,50000000
Ryan Manning,Southampton,1498,0.0210280373831775,0.1682242990654205,0.0600801068090787,8.35113484646195,0.6608811748998664,83.71,2.7036048064085447,68.18,3.90520694259012,1.1415220293724966,14/06/1996 00:00,Ireland,Defender,left,173.0,https://img.a.transfermarkt.technology/portrait/header/262300-1720192030.jpg?lm=1,2800000
Riccardo Calafiori,Arsenal,984,0.0786585365853658,0.0649390243902439,0.5487804878048781,14.542682926829269,0.823170731707317,87.89,3.292682926829268,59.46,3.201219512195122,1.4634146341463414,19/05/2002 00:00,Italy,Defender,left,188.0,https://img.a.transfermarkt.technology/portrait/header/502821-1727382174.jpg?lm=1,50000000
Noussair Mazraoui,Manchester United,2848,0.0214887640449438,0.0590941011235955,0.0948033707865168,9.164325842696629,0.821629213483146,86.09,4.708567415730337,62.2,4.708567415730337,1.2008426966292134,14/11/1997 00:00,Morocco,Defender,right,183.0,https://img.a.transfermarkt.technology/portrait/header/340456-1700207898.jpg?lm=1,22000000
Lucas Digne,Aston Villa,2358,0.0305343511450381,0.1530534351145038,0.1145038167938931,8.358778625954198,0.3435114503816794,82.76,3.435114503816794,58.21,3.969465648854962,0.8015267175572519,20/07/1993 00:00,France,Defender,left,178.0,https://img.a.transfermarkt.technology/portrait/header/126664-1736160616.jpg?lm=1,8000000
Adam Wharton,Crystal Palace,1336,0.0249251497005988,0.1468562874251497,0.3368263473053892,11.317365269461078,0.1347305389221557,78.65,3.637724550898204,30.43,6.87125748502994,0.8083832335329341,06/02/2004 00:00,England,Midfield,left,182.0,https://img.a.transfermarkt.technology/portrait/header/744149-1716297290.jpg?lm=1,60000000
Ben White,Arsenal,1213,0.0341302555647155,0.1046166529266281,0.1483924154987634,12.910140148392417,0.0,86.44,2.671063478977741,66.67,2.7452596867271226,0.7419620774938169,08/10/1997 00:00,England,Defender,right,186.0,https://img.a.transfermarkt.technology/portrait/header/335721-1683275943.jpg?lm=1,30000000
Jadon Sancho,Chelsea,1773,0.1101522842639593,0.1578680203045685,0.4060913705583756,16.34517766497462,2.284263959390863,85.16,0.7614213197969544,35.29,5.025380710659898,0.3045685279187817,25/03/2000 00:00,England,Attack,right,180.0,https://img.a.transfermarkt.technology/portrait/header/401173-1688564217.jpg?lm=1,20000000
Wilfred Ndidi,Leicester City,2336,0.0778253424657534,0.0581763698630137,0.3082191780821918,5.81763698630137,0.5008561643835616,82.35,4.469178082191781,50.41,4.892979452054795,1.5025684931506849,16/12/1996 00:00,Nigeria,Midfield,right,183.0,https://img.a.transfermarkt.technology/portrait/header/274839-1765193511.jpg?lm=1,10000000
Marcus Rashford,Aston Villa,1427,0.2516468114926418,0.2175893482831114,1.0091100210231254,10.1541695865452,1.1352487736510162,78.48,1.3875262789067977,28.57,2.3966362999299227,0.5676243868255081,31/10/1997 00:00,England,Attack,right,185.0,https://img.a.transfermarkt.technology/portrait/header/258923-1674473054.jpg?lm=1,40000000
Manuel Akanji,Manchester City,2020,0.069059405940594,0.057029702970297,0.0891089108910891,21.20792079207921,0.0891089108910891,94.08,1.2475247524752475,46.97,4.589108910891089,0.7574257425742574,19/07/1995 00:00,Switzerland,Defender,right,188.0,https://img.a.transfermarkt.technology/portrait/header/284730-1684165752.jpg?lm=1,22000000
Gabriel Martinelli,Arsenal,2300,0.2899565217391304,0.1823478260869565,0.9782608695652172,9.939130434782609,1.2913043478260868,78.98,1.0956521739130434,30.36,3.052173913043478,0.6260869565217391,18/06/2001 00:00,Brazil,Attack,right,178.0,https://img.a.transfermarkt.technology/portrait/header/655488-1682689091.jpg?lm=1,45000000
Jurriën Timber,Arsenal,2422,0.0457060280759702,0.0471924029727497,0.1486374896779521,13.00578034682081,0.8918249380677126,87.9,2.972749793559042,52.38,3.4929810074318746,1.151940545004129,17/06/2001 00:00,Netherlands,Defender,right,179.0,https://img.a.transfermarkt.technology/portrait/header/420243-1702413077.jpg?lm=1,70000000
Yankuba Minteh,Brighton & Hove Albion,1854,0.1995145631067961,0.2436893203883494,0.7766990291262136,6.941747572815533,2.233009708737864,68.69,2.864077669902912,33.96,4.126213592233009,1.019417475728155,22/07/2004 00:00,The Gambia,Attack,left,180.0,https://img.a.transfermarkt.technology/portrait/header/1012534-1694774813.jpg?lm=1,40000000
Joelinton,Newcastle United,2404,0.1478785357737105,0.0872296173044925,0.5241264559068219,10.931780366056572,0.5615640599001663,83.76,2.995008319467554,55.14,5.578202995008319,2.171381031613977,14/08/1996 00:00,Brazil,Midfield,right,186.0,https://img.a.transfermarkt.technology/portrait/header/333241-1674210135.jpg?lm=1,30000000
Fabian Schär,Newcastle United,2937,0.1164453524004085,0.0315628192032686,0.3370786516853932,6.925434116445352,0.2451481103166496,84.5,2.4821246169560776,44.03,4.106230847803881,1.0725229826353422,20/12/1991 00:00,Switzerland,Defender,right,186.0,https://img.a.transfermarkt.technology/portrait/header/135343-1667990394.jpg?lm=1,6000000
James Ward-Prowse,West Ham United,1454,0.1052269601100412,0.1603163686382393,0.3713892709766162,11.327372764786796,0.123796423658872,91.66,2.2902338376891334,56.52,4.394773039889959,1.052269601100413,01/11/1994 00:00,England,Midfield,right,177.0,https://img.a.transfermarkt.technology/portrait/header/181579-1684751045.jpg?lm=1,6000000
Patrick Dorgu,Manchester United,842,0.0459619952494061,0.1357482185273159,0.2137767220902612,13.788598574821853,0.3206650831353919,86.12,3.741092636579572,64.0,3.954869358669834,1.8171021377672207,26/10/2004 00:00,Denmark,Attack,left,185.0,https://img.a.transfermarkt.technology/portrait/header/926952-1747857569.jpg?lm=1,30000000
James Garner,Everton,1599,0.0377110694183865,0.0776735459662288,0.225140712945591,8.442776735459663,0.3939962476547842,82.09,3.9399624765478425,45.83,4.108818011257036,1.125703564727955,13/03/2001 00:00,England,Midfield,right,182.0,https://img.a.transfermarkt.technology/portrait/header/505219-1662067244.jpg?lm=1,25000000
Amadou Onana,Aston Villa,1631,0.1169834457388105,0.0463519313304721,0.3310852237890864,7.890864500306559,0.7725321888412017,87.73,4.4696505211526665,61.11,3.973022685469037,1.765787860208461,16/08/2001 00:00,Belgium,Midfield,right,195.0,https://img.a.transfermarkt.technology/portrait/header/485706-1718697649.jpg?lm=1,42000000
Adam Webster,Brighton & Hove Albion,888,0.0253378378378378,0.0273648648648648,0.1013513513513513,9.527027027027026,0.1013513513513513,88.21,3.0405405405405403,77.42,3.547297297297297,0.7094594594594594,04/01/1995 00:00,England,Defender,right,190.0,https://img.a.transfermarkt.technology/portrait/header/212847-1681737411.jpg?lm=1,7000000
Mads Hermansen,Leicester City,2385,0.0,0.0015094339622641,0.0,1.169811320754717,0.0377358490566037,56.2,0.0377358490566037,80.0,7.660377358490566,0.0,11/07/2000 00:00,Denmark,Goalkeeper,right,187.0,https://img.a.transfermarkt.technology/portrait/header/400536-1707386039.jpg?lm=1,15000000
Mateus Fernandes,Southampton,2919,0.1236382322713258,0.1122302158273381,0.4316546762589928,9.928057553956837,1.510791366906475,84.55,3.6073997944501546,62.5,5.51901336073998,1.418293936279548,10/07/2004 00:00,Portugal,Midfield,right,180.0,https://img.a.transfermarkt.technology/portrait/header/880245-1727786403.jpg?lm=1,32000000
Ethan Pinnock,Brentford,1913,0.0512807109252483,0.0305802404600104,0.2822791427077888,3.669628855201255,0.1411395713538944,87.6,2.7757449032932566,59.81,2.352326189231573,0.3763721902770517,29/05/1993 00:00,Jamaica,Defender,left,194.0,https://img.a.transfermarkt.technology/portrait/header/442248-1719836196.jpg?lm=1,4000000
,West Ham United,3349,0.0443415945058226,0.0327859062406688,0.0806210809196775,4.380412063302479,0.4299790982382801,87.06,2.069274410271723,66.86,3.923559271424306,0.6180949537175277,,,,,,,0
Kieran Trippier,Newcastle United,1328,0.0081325301204819,0.0982680722891566,0.0,19.246987951807228,0.2710843373493976,85.36,3.38855421686747,57.89,4.608433734939759,1.0843373493975903,19/09/1990 00:00,England,Defender,right,173.0,https://img.a.transfermarkt.technology/portrait/header/95810-1696454076.jpg?lm=1,2500000
Jan Bednarek,Southampton,2535,0.023076923076923,0.0301775147928994,0.1065088757396449,3.3372781065088755,0.1065088757396449,92.87,3.266272189349112,66.06,3.7633136094674553,1.1005917159763312,12/04/1996 00:00,Poland,Defender,right,189.0,https://img.a.transfermarkt.technology/portrait/header/243028-1709158468.jpg?lm=1,11000000
Ollie Watkins,Aston Villa,2610,0.476551724137931,0.0713793103448275,1.3793103448275863,4.965517241379311,0.3448275862068966,74.15,0.6206896551724138,41.27,1.4827586206896552,1.0,30/12/1995 00:00,England,Attack,right,180.0,https://img.a.transfermarkt.technology/portrait/header/324358-1708341279.jpg?lm=1,30000000
Destiny Udogie,Tottenham Hotspur,1938,0.0139318885448916,0.0557275541795665,0.0464396284829721,12.120743034055726,0.6037151702786377,88.25,4.504643962848297,50.0,5.154798761609907,1.346749226006192,28/11/2002 00:00,Italy,Defender,left,188.0,https://img.a.transfermarkt.technology/portrait/header/556385-1697208468.jpg?lm=1,40000000
Michael Keane,Everton,1046,0.0533460803059273,0.0034416826003824,0.3441682600382409,1.9789674952198848,0.0,83.87,2.4091778202676863,56.52,2.237093690248566,0.7743785850860421,11/01/1993 00:00,England,Defender,right,188.0,https://img.a.transfermarkt.technology/portrait/header/118534-1687967021.jpg?lm=1,4000000
Reece James,Chelsea,1072,0.0369402985074626,0.0973880597014925,0.251865671641791,12.761194029850746,0.5876865671641791,88.43,1.9309701492537312,72.73,5.541044776119403,0.6716417910447761,07/11/1993 00:00,England,Defender,left,182.0,https://img.a.transfermarkt.technology/portrait/header/245585-1447774602.jpg?lm=1,400000
Ilya Zabarnyi,Bournemouth,3113,0.0367169932540957,0.0219723739158368,0.0289110183103115,5.637648570510762,0.1734661098618695,82.48,2.6887247028589787,63.64,4.539029874718921,0.578220366206232,01/09/2002 00:00,Ukraine,Defender,right,189.0,https://img.a.transfermarkt.technology/portrait/header/659089-1760065378.jpg?lm=1,50000000
Tyrick Mitchell,Crystal Palace,3102,0.0380077369439071,0.1076402321083172,0.0870406189555125,5.918762088974854,0.4642166344294003,73.56,3.191489361702128,48.78,4.874274661508704,0.6673114119922631,01/09/1999 00:00,England,Defender,left,181.0,https://img.a.transfermarkt.technology/portrait/header/730893-1693826944.jpg?lm=1,25000000
Ethan Nwaneri,Arsenal,946,0.1122621564482029,0.1702959830866807,0.8562367864693446,16.649048625792812,3.5200845665961946,89.01,1.236786469344609,33.33,3.2346723044397465,0.8562367864693446,21/03/2007 00:00,England,Midfield,left,176.0,https://img.a.transfermarkt.technology/portrait/header/890719-1730794927.jpg?lm=1,40000000
Matty Cash,Aston Villa,2077,0.0212325469427058,0.0541646605681271,0.2599903707270101,6.369764082811748,0.8233028406355319,84.55,3.423206547905633,50.0,3.509870004814636,1.1699566682715454,07/08/1997 00:00,Poland,Defender,right,185.0,https://img.a.transfermarkt.technology/portrait/header/425334-1668091733.jpg?lm=1,22000000
Dara O'Shea,Ipswich Town,3123,0.0365994236311239,0.0198847262247838,0.0576368876080691,3.832853025936599,0.0288184438040345,79.23,2.3631123919308354,57.64,3.170028818443804,0.6051873198847262,04/03/1999 00:00,Ireland,Defender,right,189.0,https://img.a.transfermarkt.technology/portrait/header/401320-1632909442.jpg?lm=1,15000000
Dejan Kulusevski,Tottenham Hotspur,2391,0.1592220828105395,0.1479297365119197,0.6775407779171895,13.70138017565872,1.4303638644918444,81.24,2.1831869510664994,38.46,4.554579673776662,1.806775407779172,25/04/2000 00:00,Sweden,Midfield,left,186.0,https://img.a.transfermarkt.technology/portrait/header/431755-1684943454.jpg?lm=1,45000000
Christian Eriksen,Manchester United,1092,0.0478021978021978,0.2151098901098901,0.1648351648351648,15.576923076923077,0.0,85.54,2.142857142857143,25.0,5.10989010989011,0.6593406593406593,14/02/1992 00:00,Denmark,Midfield,right,182.0,https://img.a.transfermarkt.technology/portrait/header/69633-1718628122.jpg?lm=1,3000000
Sepp van den Berg,Brentford,2588,0.0681607418856259,0.0184312210200927,0.2086553323029366,4.10355486862442,0.1391035548686244,85.69,2.0865533230293662,54.65,3.373261205564142,0.7998454404945904,20/12/2001 00:00,Netherlands,Defender,right,192.0,https://img.a.transfermarkt.technology/portrait/header/541231-1692000386.jpg?lm=1,28000000
Jake O'Brien,Everton,1574,0.0445997458703939,0.0182973316391359,0.1715374841168996,4.80304955527319,0.2287166454891995,81.32,1.7153748411689964,57.53,2.9733163913595937,0.7433290978398984,15/05/2001 00:00,Ireland,Defender,right,197.0,https://img.a.transfermarkt.technology/portrait/header/711544-1662362868.jpg?lm=1,16000000
Jean-Philippe Mateta,Crystal Palace,2654,0.4059155990957045,0.0769781461944235,1.1190655614167295,4.103240391861342,0.6782215523737755,68.1,0.6782215523737755,37.43,2.3059532780708367,0.9155990957045969,28/06/1997 00:00,France,Attack,right,192.0,https://img.a.transfermarkt.technology/portrait/header/420002-1723202650.jpg?lm=1,40000000
Jack Hinshelwood,Brighton & Hove Albion,1854,0.1296116504854368,0.0728155339805825,0.4854368932038834,9.12621359223301,0.0970873786407767,85.15,2.087378640776699,55.56,3.058252427184466,0.8737864077669902,11/04/2005 00:00,England,Midfield,right,182.0,https://img.a.transfermarkt.technology/portrait/header/867688-1698353957.jpg?lm=1,22000000
Nicolas Jackson,Chelsea,2238,0.4962466487935656,0.0772117962466487,1.407506702412869,5.46916890080429,0.7238605898123325,76.67,1.0053619302949062,37.93,1.93029490616622,1.407506702412869,20/06/2001 00:00,Senegal,Attack,right,187.0,https://img.a.transfermarkt.technology/portrait/header/776890-1757939139.jpg?lm=1,45000000
Emile Smith Rowe,Fulham,2061,0.1982532751091703,0.0890829694323144,0.4803493449781659,14.890829694323145,0.6986899563318778,91.31,1.834061135371179,23.08,3.275109170305677,0.8296943231441049,28/07/2000 00:00,England,Midfield,right,182.0,https://img.a.transfermarkt.technology/portrait/header/392765-1684164628.jpg?lm=1,22000000
Lucas Paquetá,West Ham United,2384,0.1419463087248322,0.1242030201342282,0.2265100671140939,12.34479865771812,0.792785234899329,78.82,3.171140939597316,45.28,5.625,2.000838926174497,27/08/1997 00:00,Brazil,Midfield,left,180.0,https://img.a.transfermarkt.technology/portrait/header/444523-1695370009.jpg?lm=1,35000000
André Onana,Manchester United,3060,0.0,0.0067647058823529,0.0,1.1764705882352942,0.0294117647058823,69.79,0.0588235294117647,100.0,7.205882352941177,0.0,02/04/1996 00:00,Cameroon,Goalkeeper,right,190.0,https://img.a.transfermarkt.technology/portrait/header/234509-1769612568.jpg?lm=1,15000000
André,Wolverhampton,2495,0.0151503006012024,0.0238076152304609,0.0360721442885771,6.889779559118237,0.5771543086172345,93.05,4.617234468937876,25.0,6.997995991983968,1.2985971943887775,16/07/2001 00:00,Brazil,Midfield,right,176.0,https://img.a.transfermarkt.technology/portrait/header/800176-1699348390.jpg?lm=1,28000000
Andreas Pereira,Fulham,2022,0.13486646884273,0.2051928783382789,0.400593471810089,10.727002967359052,0.6231454005934719,77.74,1.42433234421365,37.84,4.451038575667656,1.2462908011869438,01/01/1996 00:00,Brazil,Midfield,right,178.0,https://img.a.transfermarkt.technology/portrait/header/203394-1659355525.jpg?lm=1,15000000
Dean Henderson,Crystal Palace,3420,0.0002631578947368,0.001578947368421,0.0,1.368421052631579,0.0,57.36,0.0526315789473684,92.86,7.631578947368421,0.0,12/03/1997 00:00,England,Goalkeeper,right,188.0,https://img.a.transfermarkt.technology/portrait/header/258919-1716297478.jpg?lm=1,28000000
Mathys Tel,Tottenham Hotspur,934,0.2119914346895075,0.1455032119914346,0.867237687366167,7.516059957173447,1.4453961456102784,76.68,1.734475374732334,36.36,3.661670235546038,1.3490364025695931,27/04/2005 00:00,France,Attack,right,183.0,https://img.a.transfermarkt.technology/portrait/header/801734-1700040486.jpg?lm=1,30000000
Rico Lewis,Manchester City,1897,0.0654717975751186,0.0483921982076963,0.0948866631523458,17.31681602530311,0.4269899841855561,91.45,2.0400632577754347,30.0,4.5071164997364255,0.5693199789140748,21/11/2004 00:00,England,Defender,right,170.0,https://img.a.transfermarkt.technology/portrait/header/701057-1684856684.jpg?lm=1,35000000
Matthijs de Ligt,Manchester United,2128,0.1040413533834586,0.0114191729323308,0.4229323308270676,3.3411654135338344,0.0845864661654135,90.36,2.664473684210526,65.91,2.87593984962406,0.6766917293233082,12/08/1999 00:00,Netherlands,Defender,right,189.0,https://img.a.transfermarkt.technology/portrait/header/326031-1700659567.jpg?lm=1,65000000
Aaron Cresswell,West Ham United,847,0.0244391971664698,0.2018890200708382,0.0,9.669421487603303,0.1062573789846517,86.56,2.0188902007083827,50.0,3.825265643447461,0.4250295159386068,15/12/1989 00:00,England,Defender,left,170.0,https://img.a.transfermarkt.technology/portrait/header/92571-1700670925.jpg?lm=1,450000
Taylor Harwood-Bellis,Southampton,2828,0.0569660537482319,0.0213224893917963,0.2545968882602546,8.01980198019802,0.0954738330975954,88.14,1.845827439886846,55.75,3.9144271570014144,1.113861386138614,30/01/2002 00:00,England,Defender,right,188.0,https://img.a.transfermarkt.technology/portrait/header/503977-1687975943.jpg?lm=1,20000000
Rodrigo Bentancur,Tottenham Hotspur,1661,0.0720650210716435,0.0541842263696568,0.325105358217941,12.354003612281758,0.4876580373269115,88.2,4.334738109572546,52.94,6.556291390728477,1.8422636965683323,25/06/1997 00:00,Uruguay,Midfield,right,187.0,https://img.a.transfermarkt.technology/portrait/header/354362-1740605779.jpg?lm=1,27000000
Harry Maguire,Manchester United,1764,0.0928571428571428,0.0147959183673469,0.3571428571428571,3.775510204081632,0.1020408163265306,86.15,3.571428571428571,71.11,3.4693877551020407,0.9183673469387754,05/03/1993 00:00,England,Defender,right,194.0,https://img.a.transfermarkt.technology/portrait/header/177907-1663841733.jpg?lm=1,18000000
Nico González,Manchester City,763,0.0566186107470511,0.0577981651376146,0.2359108781127129,17.929226736566186,0.1179554390563564,92.27,2.830930537352556,57.14,3.656618610747051,1.5334207077326345,03/01/2002 00:00,Spain,Midfield,right,188.0,https://img.a.transfermarkt.technology/portrait/header/466805-1743669968.jpg?lm=1,45000000
Caoimhín Kelleher,Liverpool FC,900,0.0,0.001,0.0,0.6,0.1,72.07,0.0,100.0,7.9,0.0,23/11/1998 00:00,Ireland,Goalkeeper,right,188.0,https://img.a.transfermarkt.technology/portrait/header/340918-1708933663.jpg?lm=1,22000000
Kevin Danso,Tottenham Hotspur,843,0.0437722419928825,0.0138790035587188,0.3202846975088967,3.416370106761565,0.2135231316725978,86.46,1.387900355871886,63.64,2.882562277580071,0.9608540925266904,19/09/1998 00:00,Austria,Defender,right,190.0,https://img.a.transfermarkt.technology/portrait/header/263236-1691217955.png?lm=1,22000000
Curtis Jones,Liverpool FC,1735,0.2251296829971181,0.0819596541786743,0.6743515850144092,16.080691642651296,0.6224783861671469,93.67,2.3861671469740635,50.0,5.031700288184438,0.9337175792507204,30/01/2001 00:00,England,Midfield,right,185.0,https://img.a.transfermarkt.technology/portrait/header/433188-1701681163.jpg?lm=1,40000000
Bilal El Khannouss,Leicester City,2203,0.0535179300953245,0.1270540172492056,0.285973672265093,10.254198819791194,1.389014979573309,80.31,2.287789378120745,44.19,3.758511121198366,1.2256014525646846,10/05/2004 00:00,Morocco,Midfield,right,180.0,https://img.a.transfermarkt.technology/portrait/header/654982-1714038053.png?lm=1,30000000
Wesley Fofana,Chelsea,1176,0.0336734693877551,0.0168367346938775,0.0,6.275510204081633,0.6122448979591837,90.78,2.066326530612245,67.5,4.13265306122449,1.836734693877551,17/12/2000 00:00,France,Defender,right,188.0,https://img.a.transfermarkt.technology/portrait/header/475411-1683899212.jpg?lm=1,28000000
Ezri Konsa,Aston Villa,2937,0.0392236976506639,0.0193054136874361,0.153217568947906,4.841675178753831,0.2451481103166496,93.26,1.77732379979571,56.36,2.972420837589377,0.2757916241062308,23/10/1997 00:00,England,Defender,right,183.0,https://img.a.transfermarkt.technology/portrait/header/413403-1700651779.jpg?lm=1,35000000
John McGinn,Aston Villa,2247,0.1253671562082777,0.1085447263017356,0.2002670226969292,9.292389853137518,0.801068090787717,86.57,1.882510013351135,58.62,4.005340453938585,1.7222963951935917,18/10/1994 00:00,Scotland,Midfield,left,178.0,https://img.a.transfermarkt.technology/portrait/header/193116-1689172405.jpg?lm=1,15000000
Ashley Young,Everton,1881,0.0129186602870813,0.1392344497607655,0.1435406698564593,7.99043062200957,0.3349282296650718,73.54,3.971291866028708,50.0,3.5885167464114835,1.4354066985645937,09/07/1985 00:00,England,Defender,both,175.0,https://img.a.transfermarkt.technology/portrait/header/14086-1700736434.jpg?lm=1,400000
Michael Kayode,Brentford,537,0.0351955307262569,0.1156424581005586,0.0,6.536312849162011,1.5083798882681565,84.97,4.022346368715084,69.23,5.698324022346369,1.340782122905028,10/07/2004 00:00,Italy,Defender,right,179.0,https://img.a.transfermarkt.technology/portrait/header/823486-1725531169.jpg?lm=1,25000000
Nicolás Domínguez,Nottingham Forest,1970,0.0698984771573604,0.0726395939086294,0.4111675126903553,10.96446700507614,0.1370558375634517,87.7,5.253807106598985,54.0,5.208121827411167,1.5076142131979695,28/06/1998 00:00,Argentina,Midfield,right,179.0,https://img.a.transfermarkt.technology/portrait/header/497291-1767772056.jpg?lm=1,16000000
Ben Davies,Tottenham Hotspur,1330,0.0189473684210526,0.0338345864661654,0.0676691729323308,3.9924812030075194,0.0676691729323308,88.03,1.962406015037594,54.08,2.774436090225564,1.150375939849624,24/04/1993 00:00,Wales,Defender,left,181.0,https://img.a.transfermarkt.technology/portrait/header/192765-1668520095.jpg?lm=1,10000000
Saša Lukić,Fulham,2355,0.0443312101910828,0.0542675159235668,0.1146496815286624,10.624203821656051,0.3057324840764331,90.13,3.668789808917197,43.18,4.165605095541401,2.522292993630573,13/08/1996 00:00,Serbia,Midfield,right,182.0,https://img.a.transfermarkt.technology/portrait/header/245056-1746645290.jpg?lm=1,12000000
Jakub Stolarczyk,Leicester City,900,0.0,0.001,0.0,1.1,0.0,58.0,0.2,100.0,6.4,0.0,19/12/2000 00:00,Poland,Goalkeeper,right,194.0,https://img.a.transfermarkt.technology/portrait/header/486144-1692967745.jpg?lm=1,300000
Orel Mangala,Everton,1255,0.0803187250996016,0.0437450199203187,0.4302788844621514,9.035856573705178,1.00398406374502,90.27,2.653386454183267,42.86,3.5139442231075697,1.7211155378486056,18/03/1998 00:00,Belgium,Midfield,right,178.0,https://img.a.transfermarkt.technology/portrait/header/289592-1657181518.jpg?lm=1,20000000
Cameron Burgess,Ipswich Town,1540,0.066038961038961,0.0204545454545454,0.1753246753246753,3.9740259740259742,0.0,81.3,1.811688311688312,66.67,2.571428571428572,0.3506493506493506,21/10/1995 00:00,Australia,Defender,left,194.0,https://img.a.transfermarkt.technology/portrait/header/255788-1664180001.jpg?lm=1,500000
,Wolverhampton,2615,0.0251242829827915,0.0206500956022944,0.1032504780114722,4.577437858508604,0.6883365200764818,86.55,2.959847036328872,66.25,3.9923518164435934,0.8260038240917782,,,,,,,0
Tino Livramento,Newcastle United,2842,0.0104503870513722,0.0848698099929627,0.0633356790992259,10.703729767769175,0.7916959887403237,87.36,2.438423645320197,43.55,5.985221674876847,0.1900070372976776,12/11/2002 00:00,England,Defender,right,182.0,https://img.a.transfermarkt.technology/portrait/header/503981-1699383321.jpg?lm=1,40000000
Jakub Kiwior,Arsenal,1132,0.0135159010600706,0.0246466431095406,0.0795053003533568,9.063604240282686,0.2385159010600706,91.91,2.2261484098939928,45.83,2.464664310954064,0.7950530035335689,15/02/2000 00:00,Poland,Defender,left,189.0,https://img.a.transfermarkt.technology/portrait/header/425918-1683101307.jpg?lm=1,27000000
Dominic Solanke,Tottenham Hotspur,2206,0.4157298277425204,0.0469174977334542,1.0607434270172256,4.0797824116047146,0.6935630099728014,71.39,0.7751586582048957,42.99,1.5503173164097914,1.4687216681776971,14/09/1997 00:00,England,Attack,right,186.0,https://img.a.transfermarkt.technology/portrait/header/258889-1708340487.jpg?lm=1,40000000
Gabriel Jesus,Arsenal,627,0.4291866028708134,0.0746411483253588,1.1483253588516746,10.047846889952153,1.291866028708134,80.0,2.0095693779904304,32.14,4.019138755980861,2.0095693779904304,03/04/1997 00:00,Brazil,Attack,right,175.0,https://img.a.transfermarkt.technology/portrait/header/363205-1669711141.jpg?lm=1,20000000
Joël Veltman,Brighton & Hove Albion,1699,0.0248969982342554,0.070453207769276,0.0529723366686286,8.687463213655091,0.2118893466745144,82.43,3.2842848734549737,53.66,3.6021188934667454,1.4302530900529724,15/01/1992 00:00,Netherlands,Defender,right,184.0,https://img.a.transfermarkt.technology/portrait/header/111195-1700650522.jpg?lm=1,2500000
Jørgen Strand Larsen,Wolverhampton,2599,0.3556367833782224,0.0360138514813389,1.177375913813005,3.4282416313966912,0.2770296267795306,65.19,0.5540592535590612,40.12,1.4544055405925356,1.592920353982301,06/02/2000 00:00,Norway,Attack,right,193.0,https://img.a.transfermarkt.technology/portrait/header/429983-1743541067.jpg?lm=1,40000000
Rodrigo Muniz,Fulham,967,0.5407445708376422,0.0204756980351602,1.768355739400207,3.722854188210962,0.5584281282316443,65.71,1.3960703205791107,51.54,1.3029989658738368,1.0237849017580145,04/05/2001 00:00,Brazil,Attack,right,186.0,https://img.a.transfermarkt.technology/portrait/header/735571-1657802369.jpg?lm=1,20000000
John Stones,Manchester City,545,0.0710091743119266,0.0297247706422018,0.3302752293577982,15.688073394495412,0.3302752293577982,91.29,1.651376146788991,57.14,3.63302752293578,0.3302752293577982,28/05/1994 00:00,England,Defender,right,188.0,https://img.a.transfermarkt.technology/portrait/header/186590-1684764261.jpg?lm=1,18000000
Yasin Ayari,Brighton & Hove Albion,1990,0.1103517587939698,0.1193969849246231,0.3618090452261306,8.050251256281408,0.8140703517587939,85.44,3.57286432160804,43.24,5.336683417085427,1.6733668341708543,06/10/2003 00:00,Sweden,Midfield,right,172.0,https://img.a.transfermarkt.technology/portrait/header/667287-1746438362.jpg?lm=1,30000000
Joe Gomez,Liverpool FC,526,0.0564638783269962,0.0171102661596958,0.3422053231939164,7.8707224334600765,0.0,89.42,3.422053231939164,69.23,5.817490494296578,0.3422053231939164,23/05/1997 00:00,England,Defender,right,188.0,https://img.a.transfermarkt.technology/portrait/header/256178-1746645094.jpg?lm=1,15000000
Stefan Ortega,Manchester City,1099,0.0,0.0008189262966333,0.0,0.4913557779799818,0.0,79.4,0.0,100.0,6.141947224749773,0.0818926296633303,06/11/1992 00:00,Germany,Goalkeeper,right,185.0,https://img.a.transfermarkt.technology/portrait/header/85941-1668065114.jpg?lm=1,5000000
Ola Aina,Nottingham Forest,3003,0.0191808191808191,0.0665334665334665,0.0599400599400599,7.312687312687313,0.989010989010989,80.04,2.6373626373626373,40.63,5.694305694305695,0.6893106893106893,08/10/1996 00:00,Nigeria,Defender,right,184.0,https://img.a.transfermarkt.technology/portrait/header/236490-1707383919.jpg?lm=1,20000000
Jacob Ramsey,Aston Villa,1628,0.0867936117936118,0.121068796068796,0.2211302211302211,12.383292383292384,1.3820638820638822,86.64,2.100737100737101,35.0,4.5884520884520885,0.7186732186732187,28/05/2001 00:00,England,Midfield,right,180.0,https://img.a.transfermarkt.technology/portrait/header/503749-1687975464.jpg?lm=1,35000000
João Gomes,Wolverhampton,2987,0.0870773351188483,0.0572480749916303,0.2109139604954804,10.30465349849347,0.9039169735520588,86.21,4.248409775694677,28.95,6.026113157013726,2.109139604954804,29/04/1997 00:00,Portugal,Goalkeeper,right,190.0,https://img.a.transfermarkt.technology/portrait/header/343488-1446645700.jpg?lm=1,25000
Bart Verbruggen,Brighton & Hove Albion,3240,0.0,0.0011111111111111,0.0,0.8333333333333334,0.0555555555555555,75.06,0.0,90.91,7.666666666666667,0.0,18/08/2002 00:00,Netherlands,Goalkeeper,right,194.0,https://img.a.transfermarkt.technology/portrait/header/565093-1716990260.jpg?lm=1,35000000
Matt O'Riley,Brighton & Hove Albion,964,0.1904564315352697,0.1839211618257261,0.6535269709543569,8.869294605809129,0.7468879668049793,83.06,2.70746887966805,42.86,2.70746887966805,1.4937759336099583,21/11/2000 00:00,Denmark,Midfield,left,189.0,https://img.a.transfermarkt.technology/portrait/header/406634-1661800636.jpg?lm=1,20000000
Marshall Munetsi,Wolverhampton,1079,0.2752548656163114,0.094253938832252,0.5838739573679332,3.1696014828544947,0.2502316960148285,73.63,2.5023169601482853,54.72,2.9193697868396664,1.5848007414272474,22/06/1996 00:00,Zimbabwe,Midfield,right,188.0,https://img.a.transfermarkt.technology/portrait/header/414908-1723836952.png?lm=1,10000000
Julio Enciso,Ipswich Town,1178,0.2101018675721562,0.1008488964346349,1.6808149405772497,7.869269949066214,3.0560271646859083,73.73,0.9932088285229204,38.89,4.431239388794567,0.9168081494057724,23/01/2004 00:00,Paraguay,Midfield,right,173.0,https://img.a.transfermarkt.technology/portrait/header/660867-1669388786.jpg?lm=1,20000000
Alphonse Areola,West Ham United,2259,0.0,0.0011952191235059,0.0,1.0358565737051793,0.0,66.13,0.0796812749003984,100.0,7.091633466135458,0.0,27/02/1993 00:00,France,Goalkeeper,right,195.0,https://img.a.transfermarkt.technology/portrait/header/120629-1663243036.jpg?lm=1,7000000
Chris Richards,Crystal Palace,1925,0.0645194805194805,0.0285194805194805,0.2805194805194805,2.0103896103896104,0.0467532467532467,81.27,3.085714285714286,54.44,2.3844155844155845,0.5142857142857142,28/03/2000 00:00,United States,Defender,right,188.0,https://img.a.transfermarkt.technology/portrait/header/578539-1754244701.jpg?lm=1,25000000
Jacob Greaves,Ipswich Town,2205,0.053469387755102,0.0085714285714285,0.1632653061224489,4.938775510204081,0.1632653061224489,86.58,2.489795918367347,67.46,2.489795918367347,0.6530612244897959,12/09/2000 00:00,England,Defender,left,193.0,https://img.a.transfermarkt.technology/portrait/header/693095-1727786112.jpg?lm=1,16000000
Keane Lewis-Potter,Brentford,3101,0.0888100612705578,0.1430828764914543,0.4063205417607223,7.720090293453724,1.1899387294421155,80.53,2.031602708803612,43.55,4.237342792647533,0.5224121251209287,22/02/2001 00:00,England,Midfield,right,170.0,https://img.a.transfermarkt.technology/portrait/header/644401-1767003558.jpg?lm=1,15000000
Jamie Vardy,Leicester City,2839,0.3062345896442409,0.0814723494188094,0.8242338851708348,2.536104262064107,0.3487143360338147,69.27,0.7608312786192322,47.66,1.2363508277562525,0.7925325818950335,11/01/1987 00:00,England,Attack,right,179.0,https://img.a.transfermarkt.technology/portrait/header/197838-1683031278.jpg?lm=1,2000000
Vitaly Janelt,Brentford,2287,0.0322693484914735,0.0944468736335811,0.1574114560559685,9.287275907302142,0.1180585920419763,84.43,2.557936160909488,59.38,4.210756449497158,0.9444687363358112,10/05/1998 00:00,Germany,Midfield,left,184.0,https://img.a.transfermarkt.technology/portrait/header/270171-1649932358.jpg?lm=1,18000000
Malo Gusto,Chelsea,1876,0.0815565031982942,0.0930703624733475,0.2398720682302771,15.063965884861409,0.1918976545842217,89.04,3.310234541577825,37.5,5.708955223880597,0.9594882729211088,19/05/2003 00:00,France,Defender,right,178.0,https://img.a.transfermarkt.technology/portrait/header/620322-1752061866.jpg?lm=1,35000000
Niclas Füllkrug,West Ham United,788,0.2478426395939086,0.0479695431472081,0.7994923857868019,5.1395939086294415,0.1142131979695431,67.86,0.5710659898477157,42.39,2.0558375634517763,2.398477157360406,09/02/1993 00:00,Germany,Attack,right,189.0,https://img.a.transfermarkt.technology/portrait/header/75489-1768815337.jpg?lm=1,8000000
Brajan Gruda,Brighton & Hove Albion,698,0.1560171919770773,0.2488538681948424,0.6446991404011462,12.507163323782237,1.67621776504298,78.3,2.320916905444126,37.5,3.35243553008596,0.9025787965616046,31/05/2004 00:00,Germany,Midfield,left,178.0,https://img.a.transfermarkt.technology/portrait/header/700106-1770733562.jpg?lm=1,28000000
Djed Spence,Tottenham Hotspur,1805,0.0279224376731301,0.0678116343490304,0.149584487534626,10.27146814404432,1.894736842105263,86.82,3.390581717451523,60.0,5.434903047091412,1.0470914127423825,09/08/2000 00:00,England,Defender,right,184.0,https://img.a.transfermarkt.technology/portrait/header/483348-1746645656.jpg?lm=1,8000000
Tyler Adams,Bournemouth,1965,0.072824427480916,0.0348091603053435,0.0916030534351145,7.923664122137405,0.183206106870229,84.94,5.2671755725190845,63.27,5.221374045801527,2.0610687022900764,14/02/1999 00:00,United States,Midfield,right,175.0,https://img.a.transfermarkt.technology/portrait/header/332705-1754244571.jpg?lm=1,25000000
Liam Delap,Ipswich Town,2612,0.2680704441041347,0.0482388973966309,1.10260336906585,3.2044410413476263,1.3782542113323124,62.07,0.4479326186830015,43.28,2.343032159264931,2.4808575803981623,08/02/2003 00:00,England,Attack,right,186.0,https://img.a.transfermarkt.technology/portrait/header/610849-1746646306.jpg?lm=1,7000000
Jefferson Lerma,Crystal Palace,2289,0.0428571428571428,0.0684141546526867,0.3145478374836173,6.644823066841416,0.2752293577981651,77.82,3.027522935779817,52.33,6.055045871559633,1.3761467889908257,25/10/1994 00:00,Colombia,Midfield,right,179.0,https://img.a.transfermarkt.technology/portrait/header/262980-1693334146.jpg?lm=1,8000000
Diego Gómez,Brighton & Hove Albion,512,0.1529296875,0.2021484374999999,0.52734375,8.4375,1.0546875,82.35,5.09765625,71.43,5.625,1.40625,05/01/1984 00:00,Argentina,Midfield,right,164.0,https://img.a.transfermarkt.technology/portrait/header/s_45082_1420_2012_1.jpg?lm=1,200000
Sam Johnstone,Wolverhampton,630,0.0,0.0014285714285714,0.0,1.4285714285714286,0.0,62.65,0.0,100.0,7.714285714285714,0.0,25/03/1993 00:00,England,Goalkeeper,right,193.0,https://img.a.transfermarkt.technology/portrait/header/110864-1672915792.jpg?lm=1,5000000
Sander Berge,Fulham,2232,0.0141129032258064,0.0254032258064516,0.0403225806451612,10.282258064516128,0.4435483870967742,91.67,2.8629032258064515,56.0,5.080645161290322,1.25,14/02/1998 00:00,Norway,Midfield,right,195.0,https://img.a.transfermarkt.technology/portrait/header/333014-1780049344.jpg?lm=1,25000000
Lewis Dunk,Brighton & Hove Albion,2083,0.0349975996159385,0.0449351896303408,0.1296207393182909,9.375900144023044,0.0,91.42,1.2962073931829092,62.65,4.493518963034085,0.3024483917426788,21/11/1991 00:00,England,Defender,right,192.0,https://img.a.transfermarkt.technology/portrait/header/148153-1716297176.jpg?lm=1,4000000
Luke Thomas,Leicester City,1112,0.029136690647482,0.0412769784172661,0.0,5.422661870503597,0.2428057553956834,84.14,4.2086330935251794,54.17,3.399280575539568,1.2949640287769784,10/06/2001 00:00,England,Defender,left,181.0,https://img.a.transfermarkt.technology/portrait/header/505194-1687975540.jpg?lm=1,6000000
Konstantinos Mavropanos,West Ham United,2057,0.067379679144385,0.0183762761302868,0.2187651920272241,3.675255226057365,0.3937773456490034,86.9,3.281477880408362,69.41,3.3689839572192515,0.7438016528925621,11/12/1997 00:00,Greece,Defender,right,194.0,https://img.a.transfermarkt.technology/portrait/header/415912-1691999569.jpg?lm=1,15000000
Adama Traoré,Fulham,1794,0.2006688963210702,0.227257525083612,0.6020066889632107,9.531772575250836,2.408026755852843,81.2,1.0535117056856187,48.08,4.364548494983278,1.2040133779264215,03/02/1990 00:00,Cote d'Ivoire,Defender,left,170.0,https://img.a.transfermarkt.technology/portrait/header/70209-1703767394.png?lm=1,250000
Tom Cairney,Fulham,633,0.109478672985782,0.1649289099526066,0.5687203791469194,26.587677725118485,0.7109004739336493,92.74,2.4170616113744074,33.33,7.393364928909953,1.1374407582938388,20/01/1991 00:00,Scotland,Midfield,left,185.0,https://img.a.transfermarkt.technology/portrait/header/123275-1651652849.jpg?lm=1,750000
Ross Barkley,Aston Villa,615,0.2575609756097561,0.0629268292682926,0.8780487804878049,13.317073170731708,1.7560975609756098,85.71,3.5121951219512195,60.0,6.2926829268292686,1.170731707317073,05/12/1993 00:00,England,Midfield,right,189.0,https://img.a.transfermarkt.technology/portrait/header/131978-1662368517.jpg?lm=1,5000000
Boubacar Kamara,Aston Villa,1733,0.0425851125216387,0.0431044431621465,0.1557991921523369,8.828620888632429,0.4673975764570109,88.71,3.5833814195037506,44.68,4.518176572417772,1.5579919215233695,23/11/1999 00:00,France,Midfield,right,184.0,https://img.a.transfermarkt.technology/portrait/header/394327-1736160460.jpg?lm=1,40000000
Calvin Bassey,Fulham,3074,0.0298633702016916,0.0128822381262199,0.1171112556929082,6.792452830188679,0.4391672088484059,90.13,2.1665582303188025,57.14,4.9186727391021465,0.7612231620039036,31/12/1999 00:00,Nigeria,Defender,left,185.0,https://img.a.transfermarkt.technology/portrait/header/461883-1662989506.jpg?lm=1,28000000
Georginio Rutter,Brighton & Hove Albion,1673,0.249611476389719,0.0898386132695756,0.6455469216975493,7.101016138673042,1.452480573819486,68.6,2.6359832635983262,34.72,3.550508069336521,1.8290496114763897,20/04/2002 00:00,France,Attack,left,182.0,https://img.a.transfermarkt.technology/portrait/header/538977-1727785742.jpg?lm=1,32000000
Pape Matar Sarr,Tottenham Hotspur,1913,0.175013068478829,0.0371667537898588,0.6116048092002091,11.19707266074229,0.5175117616309461,87.59,3.7166753789858857,43.04,5.4103502352326185,1.5995818086774698,14/09/2002 00:00,Senegal,Midfield,right,184.0,https://img.a.transfermarkt.technology/portrait/header/568693-1668163083.jpg?lm=1,35000000
Manuel Ugarte,Manchester United,1796,0.0506124721603563,0.034576837416481,0.2004454342984409,8.569042316258352,0.9020044543429844,88.63,5.211581291759465,50.0,6.11358574610245,2.05456570155902,11/04/2001 00:00,Uruguay,Midfield,right,182.0,https://img.a.transfermarkt.technology/portrait/header/476701-1715107512.jpg?lm=1,30000000
Andrew Robertson,Liverpool FC,2492,0.0422552166934189,0.153852327447833,0.1083467094703049,14.446227929373997,0.2528089887640449,87.99,2.1669341894061,33.33,3.792134831460674,0.3972712680577849,11/03/1994 00:00,Scotland,Defender,left,178.0,https://img.a.transfermarkt.technology/portrait/header/234803-1709147379.jpg?lm=1,30000000
Mohammed Kudus,West Ham United,2601,0.2387543252595156,0.0934256055363322,0.7612456747404844,8.027681660899654,3.183391003460208,89.86,1.453287197231834,21.57,4.775086505190312,1.3494809688581315,02/08/2000 00:00,Ghana,Attack,left,177.0,https://img.a.transfermarkt.technology/portrait/header/543499-1668429218.jpg?lm=1,55000000
Christopher Nkunku,Chelsea,940,0.4624468085106383,0.0957446808510638,1.1489361702127658,13.97872340425532,0.9574468085106382,90.61,1.819148936170213,42.11,2.776595744680851,1.5319148936170213,14/11/1997 00:00,France,Attack,right,177.0,https://img.a.transfermarkt.technology/portrait/header/344381-1663686834.jpg?lm=1,65000000
Jean-Ricner Bellegarde,Wolverhampton,1706,0.0807151230949589,0.1450762016412661,0.2637749120750293,6.963657678780773,0.738569753810082,83.3,2.5849941383352872,34.48,3.270808909730363,1.6354044548651816,27/06/1998 00:00,Haiti,Midfield,right,172.0,https://img.a.transfermarkt.technology/portrait/header/450050-1769112628.jpg?lm=1,15000000
Marcos Senesi,Bournemouth,1119,0.0675603217158176,0.0394101876675603,0.0,9.410187667560322,0.4825737265415549,77.42,4.262734584450402,53.23,5.710455764075067,1.769436997319035,10/05/1997 00:00,Argentina,Defender,left,184.0,https://img.a.transfermarkt.technology/portrait/header/469781-1738824319.jpg?lm=1,22000000
Mats Wieffer,Brighton & Hove Albion,1045,0.0645933014354067,0.0869856459330143,0.3444976076555024,12.401913875598089,0.6028708133971292,86.4,6.459330143540671,57.63,5.856459330143541,1.9808612440191389,16/11/1999 00:00,Netherlands,Defender,right,188.0,https://img.a.transfermarkt.technology/portrait/header/415381-1779892289.jpg?lm=1,25000000
Alejandro Garnacho,Manchester United,2195,0.3005466970387244,0.1135763097949886,1.2300683371298404,11.644646924829155,1.0660592255125283,83.33,1.7630979498861048,11.11,4.428246013667426,0.4920273348519362,01/07/2004 00:00,Argentina,Attack,right,180.0,https://img.a.transfermarkt.technology/portrait/header/811779-1703629085.jpg?lm=1,45000000
Timothy Castagne,Fulham,1651,0.0207147183525136,0.0299818291944276,0.1635372501514233,7.904300423985463,0.2725620835857056,82.95,3.706844336765597,49.3,3.107207752877044,0.8176862507571169,05/12/1995 00:00,Belgium,Defender,right,185.0,https://img.a.transfermarkt.technology/portrait/header/262226-1762354618.jpg?lm=1,10000000
Oleksandr Zinchenko,Arsenal,542,0.1079335793357933,0.0863468634686347,0.0,21.586715867158677,0.4981549815498155,87.06,1.826568265682657,52.17,3.1549815498154983,1.328413284132841,15/12/1996 00:00,Ukraine,Defender,left,175.0,https://img.a.transfermarkt.technology/portrait/header/203853-1688658681.jpg?lm=1,15000000
James Justin,Leicester City,2928,0.0461065573770491,0.0255122950819672,0.2151639344262295,5.747950819672131,0.2766393442622951,78.1,3.19672131147541,55.2,2.7049180327868854,0.8913934426229508,23/02/1998 00:00,England,Defender,both,183.0,https://img.a.transfermarkt.technology/portrait/header/413220-1746646113.jpg?lm=1,12000000
Conor Bradley,Liverpool FC,755,0.0834437086092715,0.1692715231788079,0.3576158940397351,11.80132450331126,1.1920529801324502,84.28,2.1456953642384105,57.89,6.079470198675496,1.4304635761589404,09/07/2003 00:00,Northern Ireland,Defender,right,181.0,https://img.a.transfermarkt.technology/portrait/header/624258-1762340233.jpg?lm=1,30000000
Alex Scott,Bournemouth,751,0.0898801597869507,0.1210386151797603,0.8388814913448734,12.942743009320903,0.7190412782956058,85.24,4.434087882822903,50.0,6.231691078561917,2.03728362183755,21/08/2003 00:00,England,Midfield,right,178.0,https://img.a.transfermarkt.technology/portrait/header/855256-1656922605.jpg?lm=1,30000000
Harry Winks,Leicester City,1540,0.0128571428571428,0.0894155844155844,0.2337662337662337,10.402597402597404,0.1753246753246753,88.93,1.9285714285714288,57.14,6.194805194805195,0.525974025974026,02/02/1996 00:00,England,Midfield,right,178.0,https://img.a.transfermarkt.technology/portrait/header/249126-1663679564.jpg?lm=1,7000000
Betão,Everton,1541,0.4590525632706035,0.0274497079818299,1.343283582089552,3.09539260220636,1.1096690460739778,58.71,1.0512654120700842,48.53,2.3361453601557427,1.927319922128488,11/11/1983 00:00,Brazil,Defender,right,180.0,https://img.a.transfermarkt.technology/portrait/header/s_18445_1134_2012_1.jpg?lm=1,100000
Ryan Yates,Nottingham Forest,1928,0.1096991701244813,0.0233402489626556,0.4201244813278008,8.16908713692946,0.4201244813278008,82.73,3.174273858921162,61.54,4.854771784232366,2.474066390041494,21/11/1997 00:00,England,Midfield,right,190.0,https://img.a.transfermarkt.technology/portrait/header/425902-1684239778.jpg?lm=1,10000000
Pablo Sarabia,Wolverhampton,819,0.3164835164835164,0.2076923076923076,0.8791208791208791,13.076923076923077,0.6593406593406593,76.05,2.197802197802198,30.0,3.736263736263736,1.7582417582417582,11/05/1992 00:00,Spain,Midfield,left,174.0,https://img.a.transfermarkt.technology/portrait/header/74230-1762258624.jpg?lm=1,4000000
Ian Maatsen,Aston Villa,1164,0.0664948453608247,0.1878865979381443,0.3865979381443299,11.90721649484536,1.0051546391752575,86.85,3.402061855670103,62.5,5.180412371134021,0.8505154639175257,10/03/2002 00:00,Netherlands,Defender,left,178.0,https://img.a.transfermarkt.technology/portrait/header/485585-1704795222.jpg?lm=1,25000000
Nathan Aké,Manchester City,688,0.0287790697674418,0.0222383720930232,0.0,11.25,0.130813953488372,94.36,1.569767441860465,56.52,3.13953488372093,0.2616279069767441,18/02/1995 00:00,Netherlands,Defender,left,180.0,https://img.a.transfermarkt.technology/portrait/header/177476-1666733797.jpg?lm=1,18000000
Kyle Walker-Peters,Southampton,2922,0.0258726899383983,0.0708418891170431,0.1848049281314168,11.149897330595484,1.1704312114989732,90.5,1.9404517453798769,34.38,4.158110882956879,0.8624229979466118,13/04/1997 00:00,England,Defender,right,173.0,https://img.a.transfermarkt.technology/portrait/header/341051-1766483117.jpg?lm=1,13000000
Yegor Yarmolyuk,Brentford,1462,0.0375512995896032,0.0560191518467852,0.1231190150478796,9.541723666210672,0.8002735978112175,88.23,3.816689466484268,44.44,6.956224350205199,1.1696306429548564,01/03/2004 00:00,Ukraine,Midfield,right,180.0,https://img.a.transfermarkt.technology/portrait/header/717411-1740606151.jpg?lm=1,25000000
Mathias Jensen,Brentford,857,0.0252042007001166,0.1837806301050175,0.1050175029171528,13.652275379229872,0.9451575262543758,81.73,2.310385064177363,61.54,5.040840140023337,0.73512252042007,01/01/1996 00:00,Denmark,Midfield,right,180.0,https://img.a.transfermarkt.technology/portrait/header/319859-1684771732.jpg?lm=1,28000000
Crysencio Summerville,West Ham United,791,0.1854614412136535,0.1968394437420985,0.5689001264222503,8.533501896333753,1.4791403286978506,79.22,1.4791403286978506,28.57,4.323640960809102,1.0240202275600503,30/10/2001 00:00,Netherlands,Attack,right,174.0,https://img.a.transfermarkt.technology/portrait/header/474701-1701683744.jpg?lm=1,22000000
Facundo Buonanotte,Leicester City,1529,0.2313276651406148,0.1336167429692609,0.7063440156965337,7.122302158273382,1.648136036625245,79.61,3.826030085022891,32.73,4.650098103335514,2.1778940483976457,23/12/2004 00:00,Argentina,Midfield,left,174.0,https://img.a.transfermarkt.technology/portrait/header/983989-1682588141.jpg?lm=1,18000000
Ibrahim Sangaré,Nottingham Forest,597,0.0030150753768844,0.0316582914572864,0.1507537688442211,7.537688442211055,0.0,85.31,5.125628140703517,50.0,6.331658291457286,2.2613065326633164,02/12/1997 00:00,Cote d'Ivoire,Midfield,right,191.0,https://img.a.transfermarkt.technology/portrait/header/375885-1700738495.jpg?lm=1,22000000
Jota Silva,Nottingham Forest,891,0.2131313131313131,0.1858585858585858,0.7070707070707071,6.0606060606060606,1.0101010101010102,66.08,3.939393939393939,41.18,4.343434343434343,2.4242424242424243,01/08/1999 00:00,Portugal,Attack,right,179.0,https://img.a.transfermarkt.technology/portrait/header/663244-1770374751.png?lm=1,14000000
Micky van de Ven,Tottenham Hotspur,1018,0.0503929273084479,0.06188605108055,0.1768172888015717,6.100196463654224,0.3536345776031434,90.97,1.768172888015717,48.72,5.5697445972495085,0.8840864440078585,19/04/2001 00:00,Netherlands,Defender,left,193.0,https://img.a.transfermarkt.technology/portrait/header/557459-1744313600.jpg?lm=1,55000000
Joe Aribo,Southampton,2033,0.1195277914412198,0.0553369404820462,0.3098868666994589,9.25233644859813,0.9296606000983768,89.52,2.9660600098376784,52.0,4.958189867191343,0.8853910477127398,21/07/1996 00:00,Nigeria,Midfield,left,183.0,https://img.a.transfermarkt.technology/portrait/header/468198-1770053489.jpg?lm=1,4000000
Rodrigo Gomes,Wolverhampton,823,0.0743620899149453,0.0809234507897934,0.3280680437424058,8.311057108140949,0.5467800729040098,70.73,3.2806804374240586,32.0,3.0619684082624548,0.4374240583232078,07/07/2003 00:00,Portugal,Midfield,right,175.0,https://img.a.transfermarkt.technology/portrait/header/667121-1749738496.jpg?lm=1,12000000
Leif Davis,Ipswich Town,2746,0.0314639475600874,0.1556809905316824,0.065549890750182,7.27603787327021,0.4260742898761835,80.53,2.327021121631464,59.32,3.703568827385288,0.8849235251274581,31/12/1999 00:00,England,Defender,left,182.0,https://img.a.transfermarkt.technology/portrait/header/596446-1738823882.jpg?lm=1,20000000
Guido Rodríguez,West Ham United,1172,0.0176621160409556,0.0138225255972696,0.0767918088737201,5.60580204778157,0.2303754266211604,84.9,3.762798634812287,61.11,4.069965870307168,1.3822525597269624,12/04/1994 00:00,Argentina,Midfield,right,185.0,https://img.a.transfermarkt.technology/portrait/header/342385-1668181269.jpg?lm=1,6000000
José Sá,Wolverhampton,2609,0.0,0.0013798390187811,0.0,1.241855116903028,0.2759678037562285,59.25,0.0689919509390571,92.86,8.072058259869682,0.1379839018781142,17/01/1993 00:00,Portugal,Goalkeeper,right,192.0,https://img.a.transfermarkt.technology/portrait/header/249994-1696600015.jpg?lm=1,5000000
Wout Faes,Leicester City,2812,0.0489687055476529,0.0137624466571835,0.0320056899004267,3.232574679943101,0.1600284495021337,88.39,2.1763869132290186,55.95,2.880512091038407,0.7361308677098151,03/04/1998 00:00,Belgium,Defender,right,187.0,https://img.a.transfermarkt.technology/portrait/header/292808-1668080038.jpg?lm=1,12000000
Will Hughes,Crystal Palace,2118,0.0458923512747875,0.1121813031161473,0.0424929178470254,8.371104815864022,0.2124645892351274,81.01,3.739376770538244,51.35,5.141643059490085,2.762039660056657,17/04/1995 00:00,England,Midfield,left,185.0,https://img.a.transfermarkt.technology/portrait/header/207014-1700672424.jpg?lm=1,6000000
Diogo Jota,Liverpool FC,1206,0.591044776119403,0.0843283582089552,0.9701492537313432,8.059701492537313,0.8208955223880596,71.24,1.6417910447761193,40.74,3.059701492537313,1.716417910447761,04/12/1996 00:00,Portugal,Attack,right,178.0,https://img.a.transfermarkt.technology/portrait/header/340950-1751532770.jpg?lm=1,40000000
Emerson,West Ham United,2133,0.0822784810126582,0.0919831223628692,0.2953586497890295,7.4261603375527425,0.4219409282700422,82.37,3.4177215189873418,47.37,3.5443037974683547,1.0548523206751057,03/08/1994 00:00,Italy,Defender,left,176.0,https://img.a.transfermarkt.technology/portrait/header/181778-1660636930.jpg?lm=1,10000000
David Brooks,Bournemouth,960,0.23625,0.189375,1.125,12.84375,1.03125,82.18,1.78125,41.18,4.6875,1.03125,08/07/1997 00:00,Wales,Attack,left,173.0,https://img.a.transfermarkt.technology/portrait/header/277033-1700650102.jpg?lm=1,12000000
Abdoulaye Doucouré,Everton,2585,0.1441392649903288,0.048742746615087,0.3481624758220503,8.112185686653772,0.8355899419729207,82.74,2.019342359767892,40.0,5.222437137330754,1.7059961315280463,01/01/1993 00:00,Mali,Midfield,right,183.0,https://img.a.transfermarkt.technology/portrait/header/127187-1687966805.jpg?lm=1,6000000
Sam Morsy,Ipswich Town,2753,0.0143843080276062,0.0487104976389393,0.0980748274609517,9.480566654558665,0.5557573556120595,87.35,3.1710860879041047,42.86,5.132582637123138,1.5691972393752271,10/09/1991 00:00,Egypt,Midfield,right,175.0,https://img.a.transfermarkt.technology/portrait/header/123551-1658821486.jpg?lm=1,400000
Pau Torres,Aston Villa,2020,0.0231683168316831,0.0196039603960396,0.1336633663366336,7.440594059405941,0.6683168316831684,89.33,1.3811881188118813,39.58,2.7623762376237626,0.3564356435643565,16/01/1997 00:00,Spain,Defender,left,192.0,https://img.a.transfermarkt.technology/portrait/header/399776-1765899002.jpg?lm=1,25000000
Darwin Núñez,Liverpool FC,1137,0.4519788918205805,0.0411609498680738,1.029023746701847,5.778364116094987,0.633245382585752,71.43,1.978891820580475,37.04,3.245382585751979,2.137203166226913,24/06/1999 00:00,Uruguay,Attack,right,187.0,https://img.a.transfermarkt.technology/portrait/header/546543-1681827179.jpg?lm=1,70000000
Axel Disasi,Aston Villa,853,0.0390386869871043,0.0400937866354044,0.1055099648300117,7.069167643610785,1.0550996483001172,90.41,2.321219226260258,61.9,3.165298944900352,0.5275498241500586,11/03/1998 00:00,France,Defender,right,191.0,https://img.a.transfermarkt.technology/portrait/header/386047-1727785671.jpg?lm=1,15000000
Daichi Kamada,Crystal Palace,1594,0.061543287327478,0.0897741530740276,0.2258469259723964,9.316185696361355,0.3952321204516938,82.45,3.670012547051442,23.53,5.025094102885822,1.5809284818067753,05/08/1996 00:00,Japan,Midfield,right,180.0,https://img.a.transfermarkt.technology/portrait/header/356141-1707947777.jpg?lm=1,12000000
Leon Bailey,Aston Villa,1151,0.1352736750651607,0.2306689834926151,0.469157254561251,10.790616854908777,1.7202432667245873,77.56,0.7819287576020851,40.0,4.613379669852302,0.938314509122502,09/08/1997 00:00,Jamaica,Attack,left,178.0,https://img.a.transfermarkt.technology/portrait/header/387626-1767803367.jpg?lm=1,18000000
Myles Lewis-Skelly,Arsenal,1377,0.0104575163398692,0.0313725490196078,0.065359477124183,12.483660130718954,0.7843137254901961,93.55,1.8954248366013071,52.38,3.464052287581699,0.7189542483660131,26/09/2006 00:00,England,Defender,left,178.0,https://img.a.transfermarkt.technology/portrait/header/890721-1758053582.jpg?lm=1,40000000
Jhon Durán,Aston Villa,626,0.6987220447284346,0.0359424920127795,2.1565495207667733,5.894568690095847,0.4313099041533546,72.33,1.1501597444089458,47.5,2.731629392971246,2.012779552715655,13/12/2003 00:00,Colombia,Attack,left,185.0,https://img.a.transfermarkt.technology/portrait/header/649317-1772000650.png?lm=1,32000000
Mads Roerslev,Brentford,1107,0.016260162601626,0.1715447154471544,0.1626016260162601,8.455284552845528,0.5691056910569106,82.13,1.7886178861788615,41.67,3.170731707317073,0.4878048780487805,24/06/1999 00:00,Denmark,Defender,right,184.0,https://img.a.transfermarkt.technology/portrait/header/391005-1684772936.jpg?lm=1,6000000
Abdukodir Khusanov,Manchester City,504,0.0035714285714285,0.0160714285714285,0.0,7.857142857142858,0.0,91.3,1.4285714285714286,63.64,4.821428571428572,0.5357142857142857,29/02/2004 00:00,Uzbekistan,Defender,right,186.0,https://img.a.transfermarkt.technology/portrait/header/763079-1740493347.jpg?lm=1,35000000
Caleb Okoli,Leicester City,1128,0.0494680851063829,0.0143617021276595,0.1595744680851064,2.632978723404255,0.0,86.47,3.191489361702128,51.11,3.5106382978723403,1.2765957446808511,13/07/2001 00:00,Italy,Defender,right,191.0,https://img.a.transfermarkt.technology/portrait/header/461833-1652094910.jpg?lm=1,8000000
Kobbie Mainoo,Manchester United,1656,0.0418478260869565,0.0972826086956521,0.108695652173913,10.271739130434783,1.25,87.41,3.5326086956521743,38.0,4.782608695652175,1.4673913043478262,19/04/2005 00:00,England,Midfield,right,184.0,https://img.a.transfermarkt.technology/portrait/header/820374-1719349758.jpg?lm=1,40000000
Victor Kristiansen,Leicester City,2489,0.0047006830052229,0.0625552430695058,0.0,6.183206106870229,0.2892728003214142,81.79,4.664523905182804,35.38,3.579750903977501,0.6870229007633588,16/12/2002 00:00,Denmark,Defender,left,181.0,https://img.a.transfermarkt.technology/portrait/header/564529-1718628197.jpg?lm=1,14000000
Lucas Bergvall,Tottenham Hotspur,1219,0.0516817063166529,0.0605414273995077,0.1476620180475799,11.222313371616078,1.5504511894995898,88.66,4.651353568498769,52.94,5.389663658736669,1.4766201804758,02/02/2006 00:00,Sweden,Midfield,right,187.0,https://img.a.transfermarkt.technology/portrait/header/866246-1701861399.jpg?lm=1,40000000
Nélson Semedo,Wolverhampton,2891,0.0336215842269111,0.0532341750259425,0.2179176755447942,7.315807679003806,0.9961950882047736,82.22,2.6461432030439296,40.0,4.327222414389485,1.4942926323071604,16/11/1993 00:00,Portugal,Defender,right,177.0,https://img.a.transfermarkt.technology/portrait/header/231572-1765459986.jpg?lm=1,7500000
Jannik Vestergaard,Leicester City,1395,0.0064516129032258,0.0070967741935483,0.1290322580645161,2.903225806451613,0.2580645161290322,90.81,2.4516129032258065,58.7,2.967741935483871,0.7741935483870968,03/08/1992 00:00,Denmark,Defender,both,199.0,https://img.a.transfermarkt.technology/portrait/header/99331-1701083132.jpg?lm=1,4000000
Jack Stephens,Southampton,1394,0.0368005738880918,0.0180774748923959,0.1291248206599713,6.779053084648494,0.0,92.43,3.034433285509326,37.5,2.840746054519369,0.8393113342898135,27/01/1994 00:00,England,Defender,right,185.0,https://img.a.transfermarkt.technology/portrait/header/163744-1720190433.jpg?lm=1,1200000
Eddie Nketiah,Crystal Palace,1045,0.494354066985646,0.0749282296650717,1.3779904306220097,5.942583732057416,0.9473684210526316,75.74,1.5502392344497609,35.59,2.2392344497607657,2.6698564593301435,30/05/1999 00:00,England,Attack,right,175.0,https://img.a.transfermarkt.technology/portrait/header/340324-1730795033.jpg?lm=1,16000000
Flynn Downes,Southampton,2161,0.0262378528459046,0.0599722350763535,0.1249421564090698,7.454881999074502,0.3331790837575196,90.85,3.3734382230448863,50.0,3.456732993984266,2.0823692734844976,20/01/1999 00:00,England,Midfield,right,178.0,https://img.a.transfermarkt.technology/portrait/header/506189-1659355597.jpg?lm=1,12000000
Lesley Ugochukwu,Southampton,1664,0.046514423076923,0.032451923076923,0.0540865384615384,8.058894230769232,1.0276442307692308,85.57,3.4615384615384617,53.85,3.623798076923077,1.6766826923076923,26/03/2004 00:00,France,Midfield,right,190.0,https://img.a.transfermarkt.technology/portrait/header/711999-1666698684.jpg?lm=1,25000000
Timo Werner,Tottenham Hotspur,508,0.1736220472440944,0.2692913385826772,0.5314960629921259,13.818897637795274,1.7716535433070866,74.24,1.2401574803149606,0.0,3.188976377952756,0.5314960629921259,06/03/1996 00:00,Germany,Attack,right,180.0,https://img.a.transfermarkt.technology/portrait/header/170527-1774652461.jpg?lm=1,17000000
Stephy Mavididi,Leicester City,1620,0.1022222222222222,0.1811111111111111,0.3888888888888889,9.88888888888889,1.9444444444444444,82.77,2.5,37.5,4.611111111111111,1.0,31/05/1998 00:00,England,Attack,right,182.0,https://img.a.transfermarkt.technology/portrait/header/340328-1707385825.jpg?lm=1,8000000
Jack Clarke,Ipswich Town,1186,0.0887858347386172,0.0918212478920742,0.1517706576728499,9.258010118043844,1.897133220910624,78.92,2.9595278246205736,28.0,5.691399662731872,1.1382799325463744,23/11/2000 00:00,England,Attack,right,181.0,https://img.a.transfermarkt.technology/portrait/header/559794-1708003059.jpg?lm=1,15000000
Issa Diop,Fulham,1357,0.0351510685335298,0.006632277081798,0.1326455416359616,3.5814296241709656,0.0663227708179808,87.55,2.3212969786293294,60.61,2.984524686809138,0.6632277081798084,09/01/1997 00:00,Morocco,Defender,right,194.0,https://img.a.transfermarkt.technology/portrait/header/272622-1780316727.jpg?lm=1,10000000
Christian Walton,Ipswich Town,630,0.0,0.0014285714285714,0.0,1.5714285714285714,0.0,64.55,0.0,100.0,8.857142857142858,0.0,09/11/1995 00:00,England,Goalkeeper,left,195.0,https://img.a.transfermarkt.technology/portrait/header/208379-1720189930.jpg?lm=1,900000
Kyle Walker,Manchester City,973,0.0129496402877697,0.1239465570400822,0.184994861253854,18.96197327852004,0.277492291880781,88.65,1.8499486125385405,56.25,4.254881808838643,0.5549845837615621,28/05/1990 00:00,England,Defender,right,183.0,https://img.a.transfermarkt.technology/portrait/header/95424-1668090663.jpg?lm=1,2500000
Oliver Scarles,West Ham United,662,0.0149546827794561,0.0190332326283987,0.0,8.021148036253777,0.2719033232628399,81.68,4.350453172205438,50.0,4.622356495468278,0.6797583081570997,12/12/2005 00:00,England,Defender,left,180.0,https://img.a.transfermarkt.technology/portrait/header/922563-1667548640.jpg?lm=1,8000000
Luke Woolfenden,Ipswich Town,1186,0.0022765598650927,0.0037942664418212,0.0,2.7318718381112985,0.0,88.55,2.124789207419899,50.0,2.8836424957841484,0.3794266441821248,21/10/1998 00:00,England,Defender,right,193.0,https://img.a.transfermarkt.technology/portrait/header/527425-1664180037.jpg?lm=1,2000000
Paul Onuachu,Southampton,1067,0.3053420805998125,0.0236176194939081,1.2652296157450795,3.964386129334583,0.6747891283973758,61.3,0.6747891283973758,60.39,1.6026241799437675,2.3617619493908157,28/05/1994 00:00,Nigeria,Attack,right,201.0,https://img.a.transfermarkt.technology/portrait/header/272855-1756305316.png?lm=1,6000000
Tyler Dibling,Southampton,1883,0.1223579394583112,0.0697822623473181,0.4301646309081253,8.268720127456188,2.150823154540627,84.3,2.0074349442379185,28.57,3.823685608072225,1.4338821030270843,17/02/2006 00:00,England,Attack,left,178.0,https://img.a.transfermarkt.technology/portrait/header/866655-1724485194.jpg?lm=1,30000000
Edson Álvarez,West Ham United,1783,0.0191811553561413,0.0449242849130678,0.0504767246214245,9.641054402692092,0.7066741446999439,86.52,3.4324172742568706,55.56,4.441951766685362,2.120022434099832,24/10/1997 00:00,Mexico,Midfield,right,190.0,https://img.a.transfermarkt.technology/portrait/header/401356-1765380634.jpg?lm=1,22000000
Simon Adingra,Brighton & Hove Albion,1147,0.193025283347864,0.2189189189189189,0.6277244986922407,9.72972972972973,1.647776809067132,81.93,2.4324324324324325,63.64,3.687881429816914,1.020052310374891,01/01/2002 00:00,Cote d'Ivoire,Attack,right,175.0,https://img.a.transfermarkt.technology/portrait/header/658536-1746437487.jpg?lm=1,22000000
Álex Moreno,Nottingham Forest,966,0.0149068322981366,0.1043478260869565,0.0,8.198757763975156,0.7453416149068324,77.81,3.726708074534162,21.43,4.658385093167702,1.1180124223602486,08/06/1993 00:00,Spain,Defender,left,179.0,https://img.a.transfermarkt.technology/portrait/header/193098-1667289023.jpg?lm=1,3500000
Raheem Sterling,Arsenal,509,0.2528487229862475,0.0866404715127701,0.0,18.7426326129666,1.768172888015717,84.62,1.768172888015717,25.0,2.829076620825147,2.1218074656188604,08/12/1994 00:00,England,Attack,right,170.0,https://img.a.transfermarkt.technology/portrait/header/134425-1684165974.jpg?lm=1,5000000
Jens Cajuste,Ipswich Town,1976,0.0314271255060728,0.0337044534412955,0.0455465587044534,5.602226720647773,1.2753036437246963,85.93,3.279352226720648,37.14,4.873481781376518,1.0931174089068827,10/08/1999 00:00,Sweden,Midfield,right,188.0,https://img.a.transfermarkt.technology/portrait/header/468066-1691568301.jpg?lm=1,8000000
Mason Mount,Manchester United,625,0.47664,0.08352,1.296,11.808,0.144,83.97,2.736,30.77,2.592,2.304,10/01/1999 00:00,England,Midfield,right,181.0,https://img.a.transfermarkt.technology/portrait/header/346483-1683291495.jpg?lm=1,32000000
James Hill,Bournemouth,456,0.0572368421052631,0.0513157894736842,0.0,5.723684210526316,0.1973684210526315,71.71,4.736842105263158,55.56,2.5657894736842106,1.381578947368421,10/01/2002 00:00,England,Defender,right,184.0,https://img.a.transfermarkt.technology/portrait/header/611793-1774469525.jpg?lm=1,7000000
Boubakary Soumaré,Leicester City,2180,0.0107339449541284,0.0425229357798165,0.0,7.431192660550459,1.114678899082569,87.52,2.642201834862385,66.67,5.779816513761468,0.9908256880733946,27/02/1999 00:00,France,Midfield,right,188.0,https://img.a.transfermarkt.technology/portrait/header/344605-1746644742.jpg?lm=1,14000000
Nathan Broadhead,Ipswich Town,696,0.2237068965517241,0.1396551724137931,1.0344827586206895,7.758620689655173,2.1982758620689653,81.57,1.6810344827586208,9.09,4.137931034482759,0.5172413793103449,05/04/1998 00:00,Wales,Attack,right,178.0,https://img.a.transfermarkt.technology/portrait/header/344009-1629189855.jpg?lm=1,7000000
Welington,Southampton,486,0.0074074074074074,0.0296296296296296,0.0,5.37037037037037,0.9259259259259258,83.69,5.185185185185185,55.56,3.888888888888889,1.111111111111111,19/02/2001 00:00,Brazil,Defender,left,170.0,https://img.a.transfermarkt.technology/portrait/header/729264-1764146570.jpg?lm=1,3000000
Justin Devenny,Crystal Palace,519,0.1317919075144508,0.0710982658959537,1.0404624277456649,8.84393063583815,0.3468208092485549,77.96,2.947976878612717,13.33,4.682080924855492,1.3872832369942196,11/10/2003 00:00,Northern Ireland,Midfield,left,184.0,https://img.a.transfermarkt.technology/portrait/header/747009-1736159687.jpg?lm=1,8000000
Jesper Lindstrøm,Everton,1245,0.1532530120481927,0.1409638554216867,0.7228915662650602,7.951807228915662,0.5783132530120482,78.74,4.120481927710843,33.33,5.0602409638554215,1.0843373493975903,29/02/2000 00:00,Denmark,Attack,right,182.0,https://img.a.transfermarkt.technology/portrait/header/513245-1663065433.jpg?lm=1,22000000
Sean Longstaff,Newcastle United,837,0.064516129032258,0.0247311827956989,0.1075268817204301,9.032258064516128,0.2150537634408602,86.01,3.655913978494624,56.25,3.333333333333333,0.9677419354838708,30/10/1997 00:00,England,Midfield,right,187.0,https://img.a.transfermarkt.technology/portrait/header/346707-1682341336.jpg?lm=1,18000000
Victor Lindelöf,Manchester United,725,0.0,0.0124137931034482,0.0,4.344827586206897,0.0,93.68,1.862068965517241,53.13,3.6,0.993103448275862,17/07/1994 00:00,Sweden,Defender,right,187.0,https://img.a.transfermarkt.technology/portrait/header/184573-1695244778.jpg?lm=1,15000000
Conor Chaplin,Ipswich Town,869,0.1574223245109321,0.0642117376294591,0.4142692750287687,8.492520138089759,0.4142692750287687,74.84,1.9677790563866515,23.08,2.796317606444189,1.139240506329114,16/02/1997 00:00,England,Attack,left,168.0,https://img.a.transfermarkt.technology/portrait/header/349503-1612349000.jpg?lm=1,4000000
Jack Harrison,Everton,2088,0.1517241379310344,0.1349137931034482,0.3017241379310345,6.422413793103448,1.0344827586206895,73.29,1.8103448275862069,12.5,3.146551724137931,0.560344827586207,20/11/1996 00:00,England,Attack,left,175.0,https://img.a.transfermarkt.technology/portrait/header/417346-1711746777.jpg?lm=1,10000000
Igor Julião,Brighton & Hove Albion,967,0.0046535677352637,0.0251292657704239,0.0,6.235780765253361,0.4653567735263703,92.71,0.8376421923474665,57.14,3.90899689762151,0.8376421923474665,23/08/1994 00:00,Brazil,Defender,right,175.0,https://img.a.transfermarkt.technology/portrait/header/223977-1489611046.jpg?lm=1,500000
Gonçalo Guedes,Wolverhampton,1011,0.28486646884273,0.0827893175074184,0.712166172106825,9.97032640949555,0.8011869436201781,77.42,1.869436201780416,31.58,3.204747774480712,1.3353115727002969,29/11/1996 00:00,Portugal,Attack,right,179.0,https://img.a.transfermarkt.technology/portrait/header/225122-1701334424.jpg?lm=1,6000000
Dominic Calvert-Lewin,Everton,1629,0.3729281767955801,0.0370165745856353,1.1049723756906076,4.751381215469613,0.5524861878453038,63.48,0.8839779005524862,50.59,1.9337016574585637,1.4917127071823204,16/03/1997 00:00,England,Attack,right,189.0,https://img.a.transfermarkt.technology/portrait/header/306024-1685705768.jpg?lm=1,15000000
Kasey McAteer,Leicester City,874,0.1060640732265446,0.0648741418764302,0.7208237986270023,6.693363844393593,0.6178489702517163,78.64,2.883295194508009,43.33,4.633867276887872,1.853546910755149,22/11/2001 00:00,Ireland,Midfield,right,177.0,https://img.a.transfermarkt.technology/portrait/header/621193-1731659829.jpg?lm=1,900000
Santiago Bueno,Wolverhampton,1716,0.0225524475524475,0.0062937062937062,0.1573426573426573,1.7307692307692308,0.0,88.05,2.937062937062937,52.24,2.2552447552447554,1.3636363636363638,09/11/1998 00:00,Uruguay,Defender,right,190.0,https://img.a.transfermarkt.technology/portrait/header/438001-1738823992.jpg?lm=1,10000000
Radu Drăgușin,Tottenham Hotspur,1251,0.0086330935251798,0.0115107913669064,0.0719424460431654,4.316546762589928,0.0,85.17,1.7985611510791366,59.65,3.4532374100719423,0.4316546762589928,03/02/2002 00:00,Romania,Defender,right,191.0,https://img.a.transfermarkt.technology/portrait/header/568559-1704716630.jpg?lm=1,25000000
Joe Willock,Newcastle United,1097,0.1337283500455788,0.0762989972652689,0.2461257976298997,10.50136736554239,0.984503190519599,86.98,2.9535095715587967,25.0,3.2816773017319965,1.886964448495898,20/08/1999 00:00,England,Midfield,right,186.0,https://img.a.transfermarkt.technology/portrait/header/340329-1761077592.jpg?lm=1,16000000
Carlos Soler,West Ham United,1419,0.1179704016913319,0.120507399577167,0.5708245243128964,8.372093023255813,0.507399577167019,88.71,1.522198731501057,47.83,4.059196617336152,1.649048625792812,02/01/1997 00:00,Spain,Midfield,right,180.0,https://img.a.transfermarkt.technology/portrait/header/372246-1759159072.jpg?lm=1,8000000
Fábio Carvalho,Brentford,456,0.4914473684210527,0.1105263157894737,1.1842105263157896,11.644736842105264,0.3947368421052631,74.7,3.1578947368421053,25.0,5.921052631578948,0.986842105263158,30/08/2002 00:00,Portugal,Midfield,right,170.0,https://img.a.transfermarkt.technology/portrait/header/559263-1687517452.jpg?lm=1,14000000
Jordan Ayew,Leicester City,1701,0.1534391534391534,0.0783068783068783,0.5291005291005292,6.507936507936509,1.3756613756613758,80.33,2.1164021164021167,32.79,4.973544973544974,1.6402116402116402,11/09/1991 00:00,Ghana,Attack,right,182.0,https://img.a.transfermarkt.technology/portrait/header/108354-1668429913.jpg?lm=1,1800000
Tommy Doyle,Wolverhampton,521,0.0950095969289827,0.0570057581573896,0.345489443378119,13.301343570057584,0.8637236084452975,85.41,2.763915547024952,14.29,7.428023032629559,0.8637236084452975,17/10/2001 00:00,England,Midfield,right,172.0,https://img.a.transfermarkt.technology/portrait/header/433183-1682690588.jpg?lm=1,8000000
Filip Jørgensen,Chelsea,540,0.0,0.0,0.0,0.1666666666666666,0.0,82.35,0.0,100.0,4.5,0.1666666666666666,16/04/2002 00:00,Denmark,Goalkeeper,right,192.0,https://img.a.transfermarkt.technology/portrait/header/585323-1718280485.jpg?lm=1,15000000
Jean-Clair Todibo,West Ham United,1855,0.017466307277628,0.0048517520215633,0.0,2.911051212938005,0.4366576819407008,88.33,3.54177897574124,51.85,3.83288409703504,0.7762803234501348,30/12/1999 00:00,France,Defender,right,190.0,https://img.a.transfermarkt.technology/portrait/header/605184-1699439806.jpg?lm=1,23000000
Nathan Wood,Southampton,778,0.0266066838046272,0.005784061696658,0.0,2.892030848329049,0.4627249357326478,94.06,2.197943444730077,62.5,2.3136246786632397,1.0411311053984575,31/05/2002 00:00,England,Defender,right,188.0,https://img.a.transfermarkt.technology/portrait/header/503990-1720788273.jpg?lm=1,4000000
Craig Dawson,Wolverhampton,987,0.0446808510638297,0.0082066869300911,0.0911854103343465,3.282674772036474,0.0911854103343465,86.74,2.188449848024316,65.63,3.191489361702128,0.547112462006079,06/05/1990 00:00,England,Defender,right,188.0,https://img.a.transfermarkt.technology/portrait/header/121477-1700673087.jpg?lm=1,900000
Kristoffer Ajer,Brentford,1460,0.0591780821917808,0.0308219178082191,0.184931506849315,6.780821917808219,0.4315068493150685,77.78,2.3424657534246576,54.9,2.589041095890411,0.8013698630136987,17/04/1998 00:00,Norway,Defender,right,198.0,https://img.a.transfermarkt.technology/portrait/header/328658-1700649482.jpg?lm=1,16000000
Roméo Lavia,Chelsea,801,0.0292134831460674,0.0404494382022471,0.0,10.44943820224719,1.1235955056179774,92.18,4.269662921348314,66.67,4.4943820224719095,1.797752808988764,06/01/2004 00:00,Belgium,Midfield,right,181.0,https://img.a.transfermarkt.technology/portrait/header/628451-1683898478.jpg?lm=1,30000000
George Hirst,Ipswich Town,673,0.2848439821693908,0.0361069836552748,0.9361069836552748,4.011887072808321,0.2674591381872214,57.63,0.6686478454680534,58.18,1.6047548291233285,1.7384843982169391,15/02/1999 00:00,Scotland,Attack,right,191.0,https://img.a.transfermarkt.technology/portrait/header/420808-1738823357.jpg?lm=1,8000000
Omari Hutchinson,Ipswich Town,2590,0.099034749034749,0.0854826254826254,0.6602316602316602,7.922779922779923,1.7722007722007722,84.39,1.494208494208494,21.21,3.8223938223938223,1.0424710424710424,30/10/2003 00:00,England,Midfield,left,174.0,https://img.a.transfermarkt.technology/portrait/header/741238-1770845529.jpg?lm=1,30000000
Richarlison,Tottenham Hotspur,514,0.6513618677042802,0.1068093385214007,1.22568093385214,3.67704280155642,0.1750972762645914,62.5,0.8754863813229572,30.3,1.9260700389105057,1.22568093385214,10/05/1997 00:00,Brazil,Attack,right,184.0,https://img.a.transfermarkt.technology/portrait/header/378710-1665608231.jpg?lm=1,28000000
Yves Bissouma,Tottenham Hotspur,1430,0.0396503496503496,0.0396503496503496,0.2517482517482517,10.195804195804197,0.4405594405594406,89.01,4.216783216783217,50.0,5.349650349650349,1.7622377622377623,30/08/1996 00:00,Mali,Midfield,right,182.0,https://img.a.transfermarkt.technology/portrait/header/410425-1665607355.jpg?lm=1,15000000
Vladimír Coufal,West Ham United,1074,0.0251396648044692,0.0837988826815642,0.1675977653631284,7.877094972067039,0.4189944134078212,82.24,2.5139664804469275,57.5,3.2681564245810053,1.8435754189944131,22/08/1992 00:00,Czech Republic,Defender,right,174.0,https://img.a.transfermarkt.technology/portrait/header/157672-1755091456.jpg?lm=1,2700000
Joshua Zirkzee,Manchester United,1406,0.3085348506401138,0.0684921763869132,0.7041251778093883,6.465149359886202,0.7041251778093883,72.1,1.2802275960170697,29.87,3.6486486486486487,0.5761024182076814,22/05/2001 00:00,Netherlands,Attack,right,193.0,https://img.a.transfermarkt.technology/portrait/header/435648-1775738266.jpg?lm=1,25000000
Yukinari Sugawara,Southampton,1564,0.0281969309462915,0.1415601023017902,0.3452685421994885,10.070332480818417,0.5179028132992328,84.63,2.41687979539642,35.71,2.531969309462916,0.8631713554987213,28/06/2000 00:00,Japan,Defender,right,179.0,https://img.a.transfermarkt.technology/portrait/header/405385-1758702447.jpg?lm=1,7500000
Leny Yoro,Manchester United,1169,0.0538922155688622,0.0130881094952951,0.0769888793840889,6.236099230111206,0.1539777587681779,92.47,3.618477331052181,50.0,3.5414884516680925,0.6928999144568007,13/11/2005 00:00,France,Defender,right,190.0,https://img.a.transfermarkt.technology/portrait/header/923831-1747857948.jpg?lm=1,55000000
Jorginho,Arsenal,709,0.0076163610719322,0.0748942172073342,0.0,14.72496473906911,0.1269393511988716,86.89,2.411847672778561,25.0,6.98166431593794,1.904090267983075,20/12/1991 00:00,Italy,Midfield,right,180.0,https://img.a.transfermarkt.technology/portrait/header/102017-1682590896.jpg?lm=1,5000000
Wes Burns,Ipswich Town,933,0.0491961414790996,0.1128617363344051,0.0964630225080385,4.437299035369775,0.8681672025723473,69.85,2.2186495176848875,27.59,4.823151125401929,0.3858520900321543,23/11/1994 00:00,Wales,Midfield,right,173.0,https://img.a.transfermarkt.technology/portrait/header/255731-1664179868.jpg?lm=1,1200000
Adam Armstrong,Southampton,1252,0.1797124600638977,0.0409744408945686,0.646964856230032,6.110223642172524,0.4313099041533546,83.64,1.0782747603833869,35.71,1.6533546325878594,0.8626198083067093,10/02/1997 00:00,England,Attack,right,173.0,https://img.a.transfermarkt.technology/portrait/header/250426-1708002412.jpg?lm=1,9000000
Diego Carlos,Aston Villa,828,0.0706521739130434,0.0097826086956521,0.108695652173913,3.260869565217392,0.2173913043478261,89.0,1.4130434782608696,50.0,3.91304347826087,1.1956521739130437,15/03/1993 00:00,Brazil,Defender,right,185.0,https://img.a.transfermarkt.technology/portrait/header/329145-1737106245.jpg?lm=1,8500000
,Ipswich Town,804,0.2720149253731343,0.0380597014925373,0.6716417910447761,6.716417910447761,1.007462686567164,77.66,4.253731343283582,38.46,4.925373134328358,2.238805970149253,,,,,,,0
Rasmus Højlund,Manchester United,2022,0.2332344213649851,0.0471810089020771,0.5786350148367952,4.050445103857567,0.400593471810089,76.31,0.2225519287833828,24.6,1.5578635014836797,0.7566765578635015,04/02/2003 00:00,Denmark,Attack,left,191.0,https://img.a.transfermarkt.technology/portrait/header/610442-1757931324.jpg?lm=1,45000000
Cheick Doucouré,Crystal Palace,462,0.0779220779220779,0.0214285714285714,0.0,6.8181818181818175,0.3896103896103896,85.71,5.259740259740259,50.0,6.038961038961038,1.3636363636363635,08/01/2000 00:00,Mali,Midfield,right,180.0,https://img.a.transfermarkt.technology/portrait/header/543387-1693826399.jpg?lm=1,15000000
Tim Iroegbunam,Everton,582,0.0371134020618556,0.0201030927835051,0.0,4.793814432989691,1.2371134020618555,74.19,6.958762886597938,73.33,7.886597938144329,2.319587628865979,30/06/2003 00:00,England,Midfield,right,183.0,https://img.a.transfermarkt.technology/portrait/header/696589-1650877564.jpg?lm=1,12000000
Adam Smith,Bournemouth,1604,0.0364713216957605,0.0381546134663341,0.0,6.172069825436409,0.3366583541147132,78.71,2.188279301745636,48.28,2.8054862842892767,1.0660847880299251,29/04/1991 00:00,England,Defender,right,174.0,https://img.a.transfermarkt.technology/portrait/header/61841-1737920848.jpg?lm=1,500000
Jack Taylor,Ipswich Town,846,0.0787234042553191,0.0851063829787234,0.425531914893617,7.446808510638298,0.425531914893617,83.82,3.085106382978723,46.67,5.638297872340425,1.702127659574468,23/06/1998 00:00,Ireland,Midfield,right,185.0,https://img.a.transfermarkt.technology/portrait/header/458178-1706522764.jpg?lm=1,3000000
James Bree,Southampton,1078,0.0091836734693877,0.0584415584415584,0.0834879406307977,7.764378478664192,0.3339517625231911,86.49,2.3376623376623376,65.0,5.426716141001855,0.3339517625231911,11/12/1997 00:00,England,Defender,right,182.0,https://img.a.transfermarkt.technology/portrait/header/324223-1720190887.jpg?lm=1,2500000
Michail Antonio,West Ham United,844,0.2367298578199052,0.099170616113744,0.4265402843601895,4.691943127962085,0.9597156398104264,70.78,0.2132701421800947,43.59,2.3459715639810423,1.2796208530805686,28/03/1990 00:00,Jamaica,Attack,right,180.0,https://img.a.transfermarkt.technology/portrait/header/104124-1709884222.jpg?lm=1,700000
Kalvin Phillips,Ipswich Town,1239,0.0312348668280871,0.034866828087167,0.1452784503631961,7.627118644067796,0.3631961259079903,81.06,3.922518159806295,26.67,4.939467312348668,2.0338983050847457,02/12/1995 00:00,England,Midfield,right,179.0,https://img.a.transfermarkt.technology/portrait/header/351749-1661978510.jpg?lm=1,6000000
Hee-chan Hwang,Wolverhampton,661,0.1089258698940998,0.0449319213313161,0.4084720121028744,8.305597579425115,0.2723146747352496,83.6,1.0892586989409985,25.0,3.812405446293495,0.8169440242057489,26/01/1996 00:00,"Korea, South",Attack,right,177.0,https://img.a.transfermarkt.technology/portrait/header/292246-1708341416.jpg?lm=1,10000000
Jarell Quansah,Liverpool FC,496,0.0181451612903225,0.0362903225806451,0.0,6.350806451612903,0.1814516129032258,91.53,3.4475806451612905,41.18,3.4475806451612905,1.6330645161290325,29/01/2003 00:00,England,Defender,right,190.0,https://img.a.transfermarkt.technology/portrait/header/632349-1758704191.jpg?lm=1,40000000
Kamaldeen Sulemana,Southampton,1427,0.0939733707077785,0.0536089698668535,0.5045550105115627,7.063770147161878,2.459705676243868,83.84,1.7659425367904695,32.5,3.973370707778556,1.3875262789067977,15/02/2002 00:00,Ghana,Attack,right,175.0,https://img.a.transfermarkt.technology/portrait/header/746695-1751520001.jpg?lm=1,18000000
Morato,Nottingham Forest,922,0.0175704989154013,0.0039045553145336,0.0976138828633405,3.2212581344902387,0.1952277657266811,77.63,3.1236442516268985,30.0,3.5140997830802605,1.0737527114967462,30/06/2001 00:00,Brazil,Defender,left,192.0,https://img.a.transfermarkt.technology/portrait/header/673492-1701295349.jpg?lm=1,14000000
Sammie Szmodics,Ipswich Town,1001,0.3065934065934066,0.0413586413586413,1.078921078921079,3.8661338661338656,0.3596403596403597,77.01,1.978021978021978,35.29,3.776223776223776,0.8091908091908092,24/09/1995 00:00,Ireland,Midfield,right,168.0,https://img.a.transfermarkt.technology/portrait/header/292139-1708002780.jpg?lm=1,0
Patson Daka,Leicester City,736,0.1528532608695652,0.0097826086956521,0.4891304347826087,3.423913043478261,0.2445652173913043,73.91,2.4456521739130435,30.0,2.2010869565217392,1.8342391304347827,09/10/1998 00:00,Zambia,Attack,right,183.0,https://img.a.transfermarkt.technology/portrait/header/365172-1638810490.jpg?lm=1,15000000
Conor Coady,Leicester City,1732,0.0223441108545034,0.0270207852193995,0.1039260969976905,2.286374133949192,0.0519630484988452,91.47,1.351039260969977,37.14,3.2217090069284064,0.4157043879907621,25/02/1993 00:00,England,Defender,right,185.0,https://img.a.transfermarkt.technology/portrait/header/128901-1668090438.jpg?lm=1,1500000
Axel Tuanzebe,Ipswich Town,1717,0.0104834012813046,0.0146767617938264,0.0,7.33838089691322,0.209668025626092,86.14,2.830518345952242,56.1,2.568433313919627,0.891089108910891,14/11/1997 00:00,DR Congo,Defender,right,185.0,https://img.a.transfermarkt.technology/portrait/header/342046-1774470130.jpg?lm=1,5000000
Tariq Lamptey,Brighton & Hove Albion,869,0.0403912543153049,0.0818181818181818,0.2071346375143843,5.385500575373993,1.0356731875719218,87.04,2.4856156501726123,6.25,4.039125431530495,1.5535097813578826,30/09/2000 00:00,Ghana,Defender,right,163.0,https://img.a.transfermarkt.technology/portrait/header/504148-1692364960.jpg?lm=1,8000000
Wilson Odobert,Tottenham Hotspur,849,0.1706713780918728,0.0805653710247349,0.4240282685512367,10.070671378091872,1.2720848056537102,84.77,1.9081272084805652,33.33,3.604240282685512,0.2120141342756183,28/11/2004 00:00,France,Attack,right,182.0,https://img.a.transfermarkt.technology/portrait/header/743498-1740605858.jpg?lm=1,22000000
Will Smallbone,Southampton,695,0.0725179856115108,0.117841726618705,0.1294964028776978,8.546762589928058,0.5179856115107914,82.48,2.848920863309353,40.0,2.9784172661870505,1.4244604316546765,21/02/2000 00:00,Ireland,Midfield,right,183.0,https://img.a.transfermarkt.technology/portrait/header/444211-1740298247.jpg?lm=1,5000000
Oliver Skipp,Leicester City,1143,0.0283464566929133,0.0259842519685039,0.0787401574803149,5.511811023622047,0.5511811023622047,84.44,2.5196850393700787,66.67,3.622047244094488,1.6535433070866143,16/09/2000 00:00,England,Midfield,right,175.0,https://img.a.transfermarkt.technology/portrait/header/406638-1738824198.jpg?lm=1,7000000
Lamare Bogarde,Aston Villa,481,0.0074844074844074,0.0243243243243243,0.1871101871101871,7.484407484407485,0.3742203742203742,88.14,2.806652806652807,50.0,2.4324324324324325,1.496881496881497,05/01/2004 00:00,Netherlands,Midfield,right,185.0,https://img.a.transfermarkt.technology/portrait/header/645686-1724484880.jpg?lm=1,12000000
Ben Brereton Díaz,Southampton,458,0.1788209606986899,0.0275109170305676,0.1965065502183406,11.593886462882097,0.1965065502183406,79.25,0.5895196506550219,56.25,3.14410480349345,0.7860262008733625,18/04/1999 00:00,Chile,Attack,right,185.0,https://img.a.transfermarkt.technology/portrait/header/426192-1684144984.jpg?lm=1,6000000
Archie Gray,Tottenham Hotspur,1764,0.0010204081632653,0.010204081632653,0.0510204081632653,4.183673469387755,0.3571428571428571,89.34,1.7857142857142856,50.0,3.520408163265306,0.8673469387755102,12/03/2006 00:00,England,Midfield,right,187.0,https://img.a.transfermarkt.technology/portrait/header/922693-1695108880.jpg?lm=1,6000000
Bobby De Cordova-Reid,Leicester City,788,0.090228426395939,0.0182741116751269,0.3426395939086294,5.710659898477156,0.0,75.14,1.027918781725888,30.0,3.312182741116751,1.027918781725888,02/02/1993 00:00,Jamaica,Midfield,right,170.0,https://img.a.transfermarkt.technology/portrait/header/186186-1657802404.jpg?lm=1,5000000
Nathaniel Clyne,Crystal Palace,504,0.0035714285714285,0.0446428571428571,0.0,4.107142857142858,0.0,77.83,2.678571428571429,12.5,1.7857142857142858,0.3571428571428571,05/04/1991 00:00,England,Defender,right,175.0,https://img.a.transfermarkt.technology/portrait/header/85177-1700648209.jpg?lm=1,1500000
Ben Johnson,Ipswich Town,1366,0.0698389458272328,0.0566617862371888,0.1976573938506588,4.282576866764275,0.527086383601757,77.81,3.3601756954612005,51.35,3.7554904831625184,1.77891654465593,24/01/2000 00:00,England,Defender,right,184.0,https://img.a.transfermarkt.technology/portrait/header/468002-1694618190.jpg?lm=1,7000000
Taiwo Awoniyi,Nottingham Forest,477,0.4,0.0226415094339622,0.7547169811320755,4.90566037735849,0.7547169811320755,64.89,1.1320754716981132,26.92,3.39622641509434,1.509433962264151,12/08/1997 00:00,Nigeria,Attack,right,183.0,https://img.a.transfermarkt.technology/portrait/header/295313-1774469214.jpg?lm=1,12000000
Cameron Archer,Southampton,1452,0.306198347107438,0.0452479338842975,0.6818181818181819,4.028925619834711,0.9297520661157024,83.0,0.9297520661157024,23.08,2.169421487603306,0.9917355371900828,09/12/2001 00:00,England,Attack,right,175.0,https://img.a.transfermarkt.technology/portrait/header/533662-1641461875.jpg?lm=1,10000000
Julián Araujo,Bournemouth,516,0.0,0.0174418604651162,0.0,7.5,0.0,81.68,2.7906976744186047,25.0,5.058139534883721,1.2209302325581397,13/08/2001 00:00,Mexico,Defender,right,176.0,https://img.a.transfermarkt.technology/portrait/header/513970-1771532648.jpg?lm=1,10000000
Leo Román,Mallorca,630,0.0,0.0028571428571428,0.0,1.5714285714285714,0.1428571428571428,53.6,0.0,100.0,7.142857142857143,0.0,06/07/2000 00:00,Spain,Goalkeeper,right,189.0,https://img.a.transfermarkt.technology/portrait/header/562742-1745395600.jpg?lm=1,5000000
Raphinha,FC Barcelona,2844,0.5639240506329114,0.3199367088607595,1.360759493670886,16.170886075949365,1.6455696202531644,79.46,1.4873417721518989,60.0,2.9746835443037973,0.3481012658227848,14/12/1996 00:00,Brazil,Attack,left,176.0,https://img.a.transfermarkt.technology/portrait/header/411295-1729754479.png?lm=1,50000000
Lamine Yamal,FC Barcelona,2861,0.3085983921705698,0.3652219503670045,1.4785040195735757,19.912617965746243,5.06466270534778,78.93,1.8245368752184552,25.0,3.869276476756379,0.9437259699405802,13/07/2007 00:00,Spain,Attack,left,180.0,https://img.a.transfermarkt.technology/portrait/header/937958-1773173768.jpg?lm=1,120000000
Kylian Mbappé,Real Madrid,2915,0.5838421955403088,0.2034648370497427,2.624356775300172,17.691252144082334,2.562607204116638,85.28,0.2778730703259005,40.0,1.111492281303602,0.7718696397941681,20/12/1998 00:00,France,Attack,right,180.0,https://img.a.transfermarkt.technology/portrait/header/342229-1682683695.jpg?lm=1,180000000
Pedri,FC Barcelona,2892,0.0678423236514522,0.2800829875518672,0.3423236514522821,28.568464730290454,1.2448132780082988,89.03,2.70746887966805,53.85,7.904564315352697,0.3112033195020747,25/11/2002 00:00,Spain,Midfield,right,174.0,https://img.a.transfermarkt.technology/portrait/header/683840-1744278342.jpg?lm=1,80000000
Isco,Real Betis,1551,0.2286266924564796,0.2239845261121856,0.8704061895551257,26.2862669245648,1.5667311411992262,86.21,1.7988394584139265,37.14,4.119922630560928,1.334622823984526,21/04/1992 00:00,Spain,Midfield,right,176.0,https://img.a.transfermarkt.technology/portrait/header/85288-1744375744.jpg?lm=1,8000000
,Villarreal,2602,0.2213681783243658,0.4351268255188316,0.622598001537279,12.140661029976942,0.7263643351268255,74.02,1.7294388931591085,45.95,4.842428900845503,1.4873174481168332,,,,,,,0
Federico Valverde,Real Madrid,3032,0.0789577836411609,0.0937994722955145,0.6530343007915567,16.47427440633245,0.4749340369393139,91.12,3.116754617414248,62.79,5.16490765171504,0.3562005277044854,22/07/1998 00:00,Uruguay,Midfield,right,182.0,https://img.a.transfermarkt.technology/portrait/header/369081-1731018042.jpg?lm=1,120000000
Jude Bellingham,Real Madrid,2494,0.3587008821170809,0.1623897353648757,0.8299919807538091,17.646351242983158,1.479550922213312,87.54,3.2117080994386527,48.39,3.5004009623095427,1.1908580593424218,29/06/2003 00:00,England,Midfield,right,186.0,https://img.a.transfermarkt.technology/portrait/header/581678-1748102891.jpg?lm=1,160000000
Giovani Lo Celso,Real Betis,1455,0.1503092783505154,0.3216494845360824,1.1752577319587627,19.85567010309278,1.2989690721649485,84.82,2.4123711340206184,31.25,4.701030927835051,0.8041237113402061,09/04/1996 00:00,Argentina,Midfield,left,177.0,https://img.a.transfermarkt.technology/portrait/header/348795-1726734706.jpg?lm=1,16000000
Antony,Real Betis,1364,0.1893695014662756,0.1913489736070381,1.121700879765396,20.58651026392962,1.5835777126099708,84.02,2.309384164222874,26.32,4.816715542521995,0.9897360703812316,24/02/2000 00:00,Brazil,Attack,left,172.0,https://img.a.transfermarkt.technology/portrait/header/602105-1758783018.jpg?lm=1,30000000
Rodrygo,Real Madrid,1937,0.1858544140423335,0.1946824987093443,0.9292720702116676,22.16313887454827,2.2767165720185853,90.91,1.486835312338668,30.43,3.29891584925142,0.371708828084667,09/01/2001 00:00,Brazil,Attack,right,174.0,https://img.a.transfermarkt.technology/portrait/header/412363-1763041611.jpg?lm=1,110000000
Joan García,Espanyol,3420,0.0018421052631578,0.0018421052631578,0.0263157894736842,1.263157894736842,0.0,66.95,0.0,95.83,10.31578947368421,0.0,04/05/2001 00:00,Spain,Goalkeeper,right,194.0,https://img.a.transfermarkt.technology/portrait/header/561613-1747386081.jpg?lm=1,30000000
Luka Modrić,Real Madrid,1830,0.0762295081967213,0.3083606557377049,0.2950819672131147,29.95081967213115,0.6885245901639344,91.33,2.8524590163934427,31.58,5.163934426229509,1.1311475409836067,09/09/1985 00:00,Croatia,Midfield,right,172.0,https://img.a.transfermarkt.technology/portrait/header/27992-1687776160.jpg?lm=1,4000000
Vinicius Junior,Real Madrid,2257,0.3329641116526362,0.2783340717766947,1.1165263624280015,15.272485600354452,3.269827204253433,79.03,0.9570225963668586,12.5,2.83119184758529,1.1962782454585732,12/07/2000 00:00,Brazil,Attack,right,176.0,https://img.a.transfermarkt.technology/portrait/header/371998-1761575144.jpg?lm=1,180000000
Dani Olmo,FC Barcelona,1222,0.3645662847790507,0.2725040916530278,1.2520458265139116,15.687397708674304,1.6939443535188217,83.33,1.3993453355155483,50.0,3.3878887070376438,1.546644844517185,07/05/1998 00:00,Spain,Midfield,right,179.0,https://img.a.transfermarkt.technology/portrait/header/293385-1711546268.jpg?lm=1,60000000
Robert Lewandowski,FC Barcelona,2681,0.8053338306602014,0.0500186497575531,1.6113390525923164,5.87467362924282,0.6713912719134651,74.66,0.4364043267437523,48.05,1.5106303618052963,1.0070869078701976,21/08/1988 00:00,Poland,Attack,right,186.0,https://img.a.transfermarkt.technology/portrait/header/38253-1760445524.jpg?lm=1,15000000
Daniel Carvajal,Real Madrid,609,0.1935960591133005,0.038423645320197,0.1477832512315271,14.77832512315271,0.2955665024630542,88.06,3.251231527093596,58.33,3.103448275862069,0.4433497536945813,11/01/1992 00:00,Spain,Defender,right,173.0,https://img.a.transfermarkt.technology/portrait/header/138927-1721026790.jpg?lm=1,12000000
Cucho Hernández,Real Betis,1149,0.2968668407310705,0.0524804177545691,0.8616187989556136,8.14621409921671,1.3315926892950392,74.66,1.723237597911227,45.31,2.1932114882506526,0.7832898172323759,20/04/1999 00:00,Colombia,Attack,right,176.0,https://img.a.transfermarkt.technology/portrait/header/459463-1773344529.jpg?lm=1,18000000
Iago Aspas,Celta Vigo,1747,0.2076130509444763,0.2024613623354322,1.2364052661705782,14.424728105323412,0.7727532913566113,76.69,1.081854607899256,50.0,2.833428734974241,0.8242701774470521,01/08/1987 00:00,Spain,Attack,left,176.0,https://img.a.transfermarkt.technology/portrait/header/72047-1758827533.jpg?lm=1,1800000
Sergio Herrera,Osasuna,3330,0.0,0.0021621621621621,0.0,1.2702702702702702,0.027027027027027,66.52,0.054054054054054,83.33,9.027027027027026,0.027027027027027,05/06/1993 00:00,Spain,Goalkeeper,right,192.0,https://img.a.transfermarkt.technology/portrait/header/248738-1732220099.jpg?lm=1,3000000
Arda Güler,Real Madrid,1273,0.2283582089552238,0.3139041633935586,1.2018853102906522,22.05813040062844,1.4139827179890023,89.94,2.6158680282796545,42.11,3.959151610369207,1.0604870384917515,25/02/2005 00:00,Türkiye,Midfield,left,175.0,https://img.a.transfermarkt.technology/portrait/header/861410-1699472585.jpg?lm=1,45000000
,Atlético Madrid,2518,0.3967434471803018,0.1897934868943606,1.465448768864178,11.330420969023034,1.215250198570294,78.52,0.96505162827641,28.89,2.680698967434472,0.9293089753772836,,,,,,,0
Iñigo Martínez,FC Barcelona,2493,0.0176895306859205,0.0667870036101083,0.0722021660649819,13.068592057761734,0.1083032490974729,91.39,1.552346570397112,64.52,4.548736462093863,0.6498194945848376,17/05/1991 00:00,Spain,Defender,left,182.0,https://img.a.transfermarkt.technology/portrait/header/158863-1730119186.jpg?lm=1,5000000
Dani Raba,Leganés,1896,0.173259493670886,0.2183544303797468,0.8069620253164557,7.784810126582278,2.1835443037974684,73.8,2.420886075949367,23.81,4.272151898734177,1.89873417721519,29/10/1995 00:00,Spain,Attack,left,185.0,https://img.a.transfermarkt.technology/portrait/header/413262-1743493611.jpg?lm=1,2400000
Éder Militão,Real Madrid,940,0.0612765957446808,0.0153191489361702,0.2872340425531914,6.893617021276596,0.4787234042553191,89.8,2.9680851063829787,63.64,4.212765957446808,1.7234042553191489,18/01/1998 00:00,Brazil,Defender,right,186.0,https://img.a.transfermarkt.technology/portrait/header/401530-1719653438.jpg?lm=1,60000000
Ayoze Pérez,Villarreal,1977,0.5827010622154781,0.08649468892261,1.411229135053111,6.373292867981792,1.5477996965098637,77.92,1.593323216995448,28.26,2.5493171471927165,1.0015174506828528,29/07/1993 00:00,Spain,Attack,right,178.0,https://img.a.transfermarkt.technology/portrait/header/246968-1716803546.jpg?lm=1,6000000
Juan Foyth,Villarreal,1526,0.140956749672346,0.0536697247706422,0.2948885976408912,5.838794233289646,0.2359108781127129,87.54,2.595019659239843,59.42,3.5976408912188726,0.943643512450852,12/01/1998 00:00,Argentina,Defender,right,187.0,https://img.a.transfermarkt.technology/portrait/header/480763-1662668281.jpg?lm=1,15000000
Luiz Júnior,Villarreal,1457,0.0,0.0006177076183939,0.0,0.5559368565545642,0.0,66.58,0.0,87.5,9.080301990391217,0.0,14/01/2001 00:00,Brazil,Goalkeeper,left,192.0,https://img.a.transfermarkt.technology/portrait/header/712107-1758058969.jpg?lm=1,6000000
Antoine Griezmann,Atlético Madrid,2482,0.2157534246575342,0.236784850926672,0.652699435938759,14.794520547945204,0.5439161966156325,80.41,1.305398871877518,47.73,3.372280419016921,0.3988718775181305,21/03/1991 00:00,France,Attack,left,176.0,https://img.a.transfermarkt.technology/portrait/header/125781-1775233998.jpg?lm=1,11000000
Jules Koundé,FC Barcelona,2606,0.0625095932463545,0.1308902532617037,0.2072141212586339,16.577129700690712,0.7597851112816577,88.65,2.866462010744436,54.55,3.695318495778972,0.7597851112816577,12/11/1998 00:00,France,Defender,right,180.0,https://img.a.transfermarkt.technology/portrait/header/411975-1702502639.jpg?lm=1,45000000
Marcos Llorente,Atlético Madrid,2513,0.0275766016713091,0.1117389574214086,0.1790688420214882,10.779944289693594,0.5013927576601671,87.9,3.438121766812575,50.0,4.6916036609629925,0.823716673298846,30/01/1995 00:00,Spain,Defender,right,184.0,https://img.a.transfermarkt.technology/portrait/header/282411-1773182531.jpg?lm=1,22000000
Yan Diomande,Leganés,551,0.2809437386569873,0.1453720508166969,0.4900181488203267,10.780399274047188,3.756805807622505,87.08,3.593466424682396,20.0,6.696914700544465,1.3067150635208713,14/11/2006 00:00,Cote d'Ivoire,Attack,right,180.0,https://img.a.transfermarkt.technology/portrait/header/1390649-1759779499.jpg?lm=1,45000000
Dani Vivian,Athletic Club,2613,0.0661308840413318,0.0247990815154994,0.1722158438576349,6.647531572904707,0.3444316877152698,87.41,2.996555683122847,58.44,5.648679678530424,0.9299655568312284,05/07/1999 00:00,Spain,Defender,right,184.0,https://img.a.transfermarkt.technology/portrait/header/524000-1709674998.png?lm=1,25000000
Eduardo Camavinga,Real Madrid,1096,0.0361313868613138,0.0583029197080292,0.1642335766423358,14.37043795620438,1.2317518248175183,88.96,4.927007299270073,55.0,7.39051094890511,1.7244525547445255,10/11/2002 00:00,France,Midfield,left,182.0,https://img.a.transfermarkt.technology/portrait/header/640428-1668500874.jpg?lm=1,50000000
Nayef Aguerd,Real Sociedad,1763,0.1225184344866704,0.0137833238797504,0.2552467385138968,5.411230856494612,0.2552467385138968,87.74,2.1951219512195124,64.89,3.7266023823028926,0.5615428247305729,30/03/1996 00:00,Morocco,Defender,left,190.0,https://img.a.transfermarkt.technology/portrait/header/361914-1659355782.jpg?lm=1,22000000
Ante Budimir,Osasuna,2966,0.3747471341874578,0.0348954821308159,1.122724207687121,2.913014160485502,0.3034389750505731,57.21,0.667565745111261,50.37,1.638570465273095,1.426163182737694,22/07/1991 00:00,Croatia,Attack,left,190.0,https://img.a.transfermarkt.technology/portrait/header/46413-1732219707.jpg?lm=1,3000000
Antonio Raíllo,Mallorca,3209,0.0560922405733873,0.0269242754752259,0.2243689622935493,4.206918043004051,0.0560922405733873,88.95,1.6827672172016204,60.09,2.916796509816142,1.4023060143346835,08/10/1991 00:00,Spain,Defender,right,187.0,https://img.a.transfermarkt.technology/portrait/header/278296-1447228780.jpg?lm=1,1500000
Nahuel Tenaglia,Deportivo Alavés,2923,0.0674307218611016,0.0431063975367772,0.2771125555935683,5.449880260006843,0.5234348272322956,74.41,4.403010605542252,47.0,3.602463222716388,1.139240506329114,21/02/1996 00:00,Argentina,Defender,right,181.0,https://img.a.transfermarkt.technology/portrait/header/533568-1647530141.jpg?lm=1,3000000
Dani Ceballos,Real Madrid,1225,0.0257142857142857,0.1491428571428571,0.2204081632653061,24.612244897959183,0.5877551020408164,95.11,4.040816326530613,75.0,6.391836734693878,0.9551020408163264,07/08/1996 00:00,Spain,Midfield,right,179.0,https://img.a.transfermarkt.technology/portrait/header/319745-1723666162.jpg?lm=1,6000000
Rubén García,Osasuna,2438,0.1125922887612797,0.1709187858900738,0.36915504511895,11.88679245283019,0.4429860541427399,79.72,2.473338802296965,42.42,4.503691550451189,1.3289581624282198,14/07/1993 00:00,Spain,Attack,left,172.0,https://img.a.transfermarkt.technology/portrait/header/213260-1583310204.jpg?lm=1,1800000
Rodrigo De Paul,Atlético Madrid,2113,0.0549455750118315,0.2487458589682915,0.1703738760056791,18.911500236630385,0.5963085660198769,84.09,1.6611452910553717,36.36,5.451964032181732,0.8092759110269758,24/05/1994 00:00,Argentina,Midfield,right,180.0,https://img.a.transfermarkt.technology/portrait/header/255901-1771694448.jpg?lm=1,15000000
Sergio Gómez,Real Sociedad,2743,0.0620123951877506,0.2477214728399562,0.3281079110462996,10.36820998906307,0.7218374043018593,84.56,2.952971199416697,46.51,4.790375501275976,0.9515129420342692,04/09/2000 00:00,Spain,Defender,left,173.0,https://img.a.transfermarkt.technology/portrait/header/366930-1727678534.jpg?lm=1,15000000
Nicolas Pépé,Villarreal,1495,0.237190635451505,0.2462207357859532,1.0234113712374582,14.749163879598662,1.625418060200669,83.45,1.625418060200669,47.06,3.190635451505017,1.2040133779264215,29/05/1995 00:00,Cote d'Ivoire,Attack,left,183.0,https://img.a.transfermarkt.technology/portrait/header/343052-1758059244.jpg?lm=1,8500000
Thibaut Courtois,Real Madrid,2700,0.0,0.0006666666666666,0.0,0.3,0.0,80.26,0.0333333333333333,100.0,7.866666666666666,0.0,11/05/1992 00:00,Belgium,Goalkeeper,left,200.0,https://img.a.transfermarkt.technology/portrait/header/108390-1717280733.jpg?lm=1,28000000
Marcos Alonso,Celta Vigo,2655,0.0552542372881356,0.0691525423728813,0.4406779661016949,12.23728813559322,0.5423728813559322,90.47,2.3389830508474576,61.95,5.966101694915254,1.0508474576271187,28/12/1990 00:00,Spain,Defender,left,188.0,https://img.a.transfermarkt.technology/portrait/header/112515-1694505734.jpg?lm=1,2000000
Gerard Moreno,Villarreal,717,0.2271966527196653,0.2397489539748953,1.506276150627615,14.184100418410042,2.2594142259414225,79.73,1.1297071129707112,80.95,3.1380753138075312,1.2552301255230125,07/04/1992 00:00,Spain,Attack,left,180.0,https://img.a.transfermarkt.technology/portrait/header/177467-1726231623.jpg?lm=1,10000000
Yeray Álvarez,Athletic Club,1788,0.0241610738255033,0.0201342281879194,0.1006711409395973,4.832214765100671,0.3020134228187919,84.4,2.969798657718121,53.68,4.177852348993288,0.7550335570469798,24/01/1995 00:00,Spain,Defender,right,182.0,https://img.a.transfermarkt.technology/portrait/header/255488-1709675129.png?lm=1,8000000
Florian Lejeune,Rayo Vallecano,3326,0.0963319302465424,0.030847865303668,0.460012026458208,5.655441972339146,0.1082381238725195,84.02,2.3541791942273003,59.62,4.221286831028262,1.3529765484064942,20/05/1991 00:00,France,Defender,right,190.0,https://img.a.transfermarkt.technology/portrait/header/127108-1496825998.jpg?lm=1,3000000
Luis Milla,Getafe,2878,0.0328353022932592,0.1547949965253648,0.2501737317581654,11.070187630298818,0.6567060458651841,81.24,2.6580958999305078,45.71,5.253648366921473,1.1883252258512855,07/10/1994 00:00,Spain,Midfield,right,175.0,https://img.a.transfermarkt.technology/portrait/header/281989-1669364960.jpg?lm=1,3500000
Ronald Araujo,FC Barcelona,766,0.1116187989556135,0.0293733681462141,0.2349869451697128,7.989556135770235,0.0,91.92,2.4673629242819843,61.11,3.172323759791123,1.0574412532637076,07/03/1999 00:00,Uruguay,Defender,right,192.0,https://img.a.transfermarkt.technology/portrait/header/480267-1736431980.jpg?lm=1,70000000
Aurélien Tchouaméni,Real Madrid,2692,0.0551634472511144,0.0304234769687964,0.100297176820208,9.49479940564636,0.3343239227340267,92.91,3.109212481426449,73.27,4.780832095096582,0.8692421991084696,27/01/2000 00:00,France,Midfield,right,188.0,https://img.a.transfermarkt.technology/portrait/header/413112-1668500754.jpg?lm=1,100000000
Clément Lenglet,Atlético Madrid,1976,0.1097672064777328,0.0337044534412955,0.1821862348178137,5.010121457489879,0.1366396761133603,87.76,2.2317813765182186,50.0,3.3704453441295548,1.3208502024291495,17/06/1995 00:00,France,Defender,left,186.0,https://img.a.transfermarkt.technology/portrait/header/182904-1599988301.jpg?lm=1,10000000
Óscar Mingueza,Celta Vigo,2741,0.0479387085005472,0.211127325793506,0.3283473184968989,15.13681138270704,0.8208682962422473,80.89,1.9700839109813937,50.0,4.531192995257205,0.7880335643925575,13/05/1999 00:00,Spain,Defender,right,184.0,https://img.a.transfermarkt.technology/portrait/header/331505-1698852962.jpg?lm=1,8000000
Augusto Batalla,Rayo Vallecano,2880,0.0,0.0021875,0.0,1.625,0.1875,63.12,0.125,100.0,8.9375,0.03125,30/04/1996 00:00,Argentina,Goalkeeper,right,185.0,https://img.a.transfermarkt.technology/portrait/header/275218-1775761484.jpg?lm=1,5000000
Dominik Greif,Mallorca,2790,0.0,0.0029032258064516,0.0,1.5161290322580645,0.064516129032258,66.96,0.0,83.33,7.709677419354839,0.0,06/04/1997 00:00,Slovakia,Goalkeeper,right,197.0,https://img.a.transfermarkt.technology/portrait/header/316884-1773950159.jpg?lm=1,8000000
Sergi Cardona,Villarreal,2955,0.0749238578680203,0.1410152284263959,0.182741116751269,7.096446700507614,0.3045685279187817,79.98,3.380710659898477,60.56,3.98984771573604,1.1573604060913705,08/07/1999 00:00,Spain,Defender,both,186.0,https://img.a.transfermarkt.technology/portrait/header/678406-1697540707.jpg?lm=1,10000000
Ferran Torres,FC Barcelona,1109,0.645175834084761,0.2126239855725879,1.7853922452660054,12.010820559062218,0.8926961226330027,77.58,0.9738503155996392,35.71,2.191163210099188,0.405770964833183,29/02/2000 00:00,Spain,Attack,right,182.0,https://img.a.transfermarkt.technology/portrait/header/398184-1779789996.jpg?lm=1,30000000
Viktor Tsygankov,Girona FC,1920,0.13171875,0.20203125,0.46875,10.96875,0.703125,81.67,1.59375,34.48,3.234375,0.65625,15/11/1997 00:00,Ukraine,Attack,left,178.0,https://img.a.transfermarkt.technology/portrait/header/264372-1715881945.jpg?lm=1,15000000
Andriy Lunin,Real Madrid,630,0.0,0.0014285714285714,0.0,0.2857142857142857,0.0,84.8,0.1428571428571428,100.0,7.0,0.0,11/02/1999 00:00,Ukraine,Goalkeeper,right,191.0,https://img.a.transfermarkt.technology/portrait/header/404839-1701294131.jpg?lm=1,25000000
Takefusa Kubo,Real Sociedad,2382,0.1345088161209068,0.1416876574307304,0.5289672544080605,12.317380352644838,2.8337531486146097,77.03,1.8136020151133505,36.67,4.458438287153653,0.7934508816120908,04/06/2001 00:00,Japan,Attack,left,173.0,https://img.a.transfermarkt.technology/portrait/header/405398-1697110254.jpg?lm=1,30000000
Unai Simón,Athletic Club,1890,0.0,0.0023809523809523,0.0,1.4761904761904765,0.0,65.83,0.0476190476190476,100.0,8.238095238095237,0.0,11/06/1997 00:00,Spain,Goalkeeper,right,190.0,https://img.a.transfermarkt.technology/portrait/header/262396-1709674901.png?lm=1,30000000
Alejandro Catena,Osasuna,3076,0.0664174252275682,0.055299089726918,0.1462938881664499,2.779583875162549,0.2340702210663199,84.17,2.369960988296489,66.02,3.1599479843953184,1.0533159947984396,28/10/1994 00:00,Spain,Defender,right,194.0,https://img.a.transfermarkt.technology/portrait/header/449796-1732220159.jpg?lm=1,2800000
Marc Roca,Real Betis,909,0.1049504950495049,0.0495049504950495,0.396039603960396,10.594059405940596,0.396039603960396,87.64,3.3663366336633667,27.78,5.0495049504950495,1.5841584158415842,26/11/1996 00:00,Spain,Midfield,left,184.0,https://img.a.transfermarkt.technology/portrait/header/336869-1773344159.jpg?lm=1,9000000
Dodi Lukébakio,Sevilla,3098,0.2684312459651388,0.1167850225952227,1.132989025177534,8.337637185280826,2.4402840542285342,81.73,0.9586830213040672,46.15,3.486120077469335,1.132989025177534,24/09/1997 00:00,Belgium,Attack,left,187.0,https://img.a.transfermarkt.technology/portrait/header/303259-1657098989.jpg?lm=1,20000000
Santi Comesaña,Villarreal,2581,0.1628438589693917,0.0903138318481208,0.2789616427741185,10.077489345215032,0.6276636962417668,85.63,3.6265013560635415,39.51,5.579232855482371,1.2901975978302984,05/10/1996 00:00,Spain,Midfield,both,188.0,https://img.a.transfermarkt.technology/portrait/header/380598-1726231263.jpg?lm=1,6000000
Joan Jordán,Deportivo Alavés,1415,0.1055830388692579,0.1628268551236749,0.5088339222614842,15.01060070671378,0.381625441696113,81.82,2.6077738515901063,55.17,3.879858657243816,1.7809187279151943,06/07/1994 00:00,Spain,Midfield,right,185.0,https://img.a.transfermarkt.technology/portrait/header/263727-1620305031.jpg?lm=1,3500000
Pape Gueye,Villarreal,2232,0.1334677419354838,0.0854838709677419,0.6854838709677419,9.274193548387096,0.4435483870967742,81.55,3.2661290322580645,57.14,5.080645161290322,1.25,24/01/1999 00:00,Senegal,Midfield,left,189.0,https://img.a.transfermarkt.technology/portrait/header/485963-1768814767.jpg?lm=1,6000000
Lucas Vázquez,Real Madrid,2219,0.0584046867958539,0.1598017124831005,0.1216764308246958,14.23614240648941,0.7706173952230735,89.89,3.041910770617396,36.36,3.366381252816584,1.1762054979720595,01/07/1991 00:00,Spain,Defender,right,173.0,https://img.a.transfermarkt.technology/portrait/header/221316-1758702933.jpg?lm=1,2500000
Marc Bartra,Real Betis,2101,0.0509757258448357,0.0111375535459305,0.2141837220371251,3.940980485483103,0.2998572108519752,81.74,2.8272251308900525,54.84,3.769633507853403,0.6425511661113755,15/01/1991 00:00,Spain,Defender,right,184.0,https://img.a.transfermarkt.technology/portrait/header/99922-1724053472.jpg?lm=1,1000000
Kike García,Deportivo Alavés,2560,0.263671875,0.05484375,0.94921875,5.4140625,0.45703125,66.9,0.703125,52.09,3.1640625,1.72265625,25/11/1989 00:00,Spain,Attack,right,186.0,https://img.a.transfermarkt.technology/portrait/header/93936-1490620015.jpg?lm=1,1000000
Jan Oblak,Atlético Madrid,3240,0.0,0.0008333333333333,0.0,0.3055555555555556,0.0555555555555555,76.31,0.0,100.0,7.444444444444445,0.0,07/01/1993 00:00,Slovenia,Goalkeeper,right,188.0,https://img.a.transfermarkt.technology/portrait/header/121483-1719350076.jpg?lm=1,17000000
Álvaro García,Rayo Vallecano,2566,0.2690179267342166,0.2083398285268901,0.911925175370226,8.347622759158222,0.3507404520654715,71.25,2.279812938425565,35.71,3.296960249415432,0.6313328137178488,20/07/1986 00:00,Spain,Attack,right,168.0,https://img.a.transfermarkt.technology/portrait/header/default.jpg?lm=1,150000
Rui Silva,Real Betis,1350,0.0,0.002,0.0,0.4,0.0,75.66,0.0,100.0,8.6,0.0666666666666666,07/02/1994 00:00,Portugal,Goalkeeper,left,191.0,https://img.a.transfermarkt.technology/portrait/header/234811-1666770953.jpg?lm=1,8000000
Oihan Sancet,Athletic Club,1626,0.409040590405904,0.0824723247232472,1.1070110701107012,10.95940959409594,1.328413284132841,83.82,0.996309963099631,48.0,4.2619926199262,0.8856088560885609,25/04/2000 00:00,Spain,Midfield,right,188.0,https://img.a.transfermarkt.technology/portrait/header/571020-1709676037.png?lm=1,40000000
Fábio Silva,Las Palmas,1877,0.3097496004262121,0.0882258923814597,1.1507725093233885,5.370271710175813,1.006925945657965,68.56,0.767181672882259,49.06,2.301545018646777,1.8700053276505064,19/07/2002 00:00,Portugal,Attack,right,185.0,https://img.a.transfermarkt.technology/portrait/header/505653-1766483527.jpg?lm=1,28000000
Sergi Darder,Mallorca,2769,0.0718309859154929,0.1719393282773564,0.2925243770314193,10.140845070422536,1.105092091007584,81.43,1.820151679306609,58.33,3.965330444203684,0.6825568797399784,22/12/1993 00:00,Spain,Midfield,right,180.0,https://img.a.transfermarkt.technology/portrait/header/142021-1664975574.jpg?lm=1,3500000
Daley Blind,Girona FC,2779,0.015545160129543,0.0806405181720043,0.129543001079525,15.99856063332134,0.4857862540482188,90.2,2.6232457718603817,41.46,3.7567470313062254,0.6153292551277438,09/03/1990 00:00,Netherlands,Defender,left,180.0,https://img.a.transfermarkt.technology/portrait/header/12282-1718096647.jpg?lm=1,1400000
Marc Casadó,FC Barcelona,1623,0.0587800369685767,0.099815157116451,0.055452865064695,15.471349353049906,0.22181146025878,89.89,3.6598890942698703,28.13,4.99075785582255,1.44177449168207,14/09/2003 00:00,Spain,Midfield,right,172.0,https://img.a.transfermarkt.technology/portrait/header/636695-1729771427.jpg?lm=1,2500000
Fran García,Real Madrid,2189,0.0357697578803106,0.093741434444952,0.1233439926907263,15.9113750571037,0.3289173138419369,88.96,3.2480584741891274,44.74,4.358154408405665,0.5344906349931475,14/08/1999 00:00,Spain,Defender,left,169.0,https://img.a.transfermarkt.technology/portrait/header/341264-1688119965.jpg?lm=1,15000000
Antonio Rüdiger,Real Madrid,2298,0.0673629242819843,0.0356396866840731,0.1566579634464751,6.3054830287206265,0.1174934725848563,92.22,1.1357702349869452,58.06,3.994778067885117,0.5874673629242819,03/03/1993 00:00,Germany,Defender,right,190.0,https://img.a.transfermarkt.technology/portrait/header/86202-1684484602.jpg?lm=1,25000000
Iñaki Williams,Athletic Club,2653,0.250697323784395,0.170976253298153,0.8141726347531096,7.09008669430833,1.119487372785526,70.49,0.9837919336600076,57.69,2.9513758009800224,0.7463249151903505,15/06/1994 00:00,Ghana,Attack,right,186.0,https://img.a.transfermarkt.technology/portrait/header/255508-1709676323.png?lm=1,25000000
Juan Soriano,Leganés,540,0.0,0.0016666666666666,0.0,1.5,0.0,47.27,0.1666666666666666,0.0,9.333333333333334,0.0,23/08/1997 00:00,Spain,Goalkeeper,right,185.0,https://img.a.transfermarkt.technology/portrait/header/251892-1583333927.jpg?lm=1,1000000
Dani Parejo,Villarreal,2277,0.0371541501976284,0.075494071146245,0.1581027667984189,13.873517786561264,0.3162055335968379,88.98,3.0039525691699605,73.53,5.612648221343873,0.7905138339920948,16/04/1989 00:00,Spain,Midfield,right,182.0,https://img.a.transfermarkt.technology/portrait/header/59561-1688725780.jpg?lm=1,2500000
Omar Alderete,Getafe,2978,0.0519811954331766,0.0278038952316991,0.3022162525184688,5.167897918065816,0.5439892545332438,66.36,2.447951645399597,65.81,3.475486903962391,0.9973136333109468,26/12/1996 00:00,Paraguay,Defender,left,188.0,https://img.a.transfermarkt.technology/portrait/header/353032-1669365021.jpg?lm=1,12000000
Miguel Gutiérrez,Girona FC,2464,0.0599025974025974,0.1665584415584415,0.3287337662337662,10.15422077922078,1.0592532467532467,88.36,1.9358766233766236,23.81,5.25974025974026,1.0592532467532467,27/07/2001 00:00,Spain,Defender,left,180.0,https://img.a.transfermarkt.technology/portrait/header/525299-1755681125.jpg?lm=1,17000000
Axel Witsel,Atlético Madrid,858,0.0031468531468531,0.0681818181818181,0.0,2.7272727272727275,0.1048951048951049,90.79,2.832167832167832,58.97,3.3566433566433567,0.4195804195804196,12/01/1989 00:00,Belgium,Midfield,right,186.0,https://img.a.transfermarkt.technology/portrait/header/35047-1665067807.jpg?lm=1,1400000
Antonio Sivera,Deportivo Alavés,2812,0.0,0.0054409672830725,0.0,3.136557610241821,0.0,51.12,0.0640113798008534,85.71,7.617354196301565,0.1280227596017069,11/08/1996 00:00,Spain,Goalkeeper,right,185.0,https://img.a.transfermarkt.technology/portrait/header/298197-1713856039.jpg?lm=1,6000000
Fermín López,FC Barcelona,1255,0.406613545816733,0.3069322709163347,1.1474103585657371,17.067729083665338,1.792828685258964,86.15,1.7211155378486056,30.0,4.733067729083666,1.936254980079681,11/05/2003 00:00,Spain,Midfield,right,174.0,https://img.a.transfermarkt.technology/portrait/header/636703-1698086824.jpg?lm=1,30000000
Jasper Cillessen,Las Palmas,2337,0.0,0.0015404364569961,0.0,1.1938382541720154,0.0,63.36,0.0385109114249037,66.67,8.857509627727858,0.0,22/04/1989 00:00,Netherlands,Goalkeeper,right,187.0,https://img.a.transfermarkt.technology/portrait/header/146227-1764255346.png?lm=1,1300000
Ilias Akhomach,Villarreal,588,0.0872448979591836,0.2586734693877551,0.9183673469387756,7.346938775510204,2.9081632653061225,79.88,2.295918367346939,53.85,4.591836734693878,1.3775510204081634,16/04/2004 00:00,Morocco,Attack,left,175.0,https://img.a.transfermarkt.technology/portrait/header/709969-1636472170.jpg?lm=1,15000000
Martín Zubimendi,Real Sociedad,2962,0.0844699527346387,0.038588791357191,0.2430790006752194,9.75354490209318,0.5773126266036461,84.42,3.555030384875084,62.07,4.25388251181634,1.336934503713707,02/02/1999 00:00,Spain,Midfield,right,181.0,https://img.a.transfermarkt.technology/portrait/header/423440-1684149419.jpg?lm=1,50000000
Mouctar Diakhaby,Valencia,659,0.1775417298937784,0.0068285280728376,0.5462822458270107,2.04855842185129,0.2731411229135053,84.59,2.5948406676783007,78.26,3.141122913505311,0.2731411229135053,19/12/1996 00:00,Guinea,Defender,right,192.0,https://img.a.transfermarkt.technology/portrait/header/346289-1709636432.jpg?lm=1,2800000
Frenkie de Jong,FC Barcelona,1150,0.0516521739130434,0.1596521739130434,0.2347826086956521,26.37391304347826,0.3913043478260869,95.08,2.426086956521739,58.82,4.460869565217391,1.0956521739130434,12/05/1997 00:00,Netherlands,Midfield,right,181.0,https://img.a.transfermarkt.technology/portrait/header/326330-1746041680.jpg?lm=1,70000000
Unai Núñez,Athletic Club,645,0.0320930232558139,0.0097674418604651,0.0,2.3720930232558137,0.2790697674418604,87.08,3.767441860465116,52.0,3.9069767441860463,1.3953488372093024,30/01/1997 00:00,Spain,Defender,right,186.0,https://img.a.transfermarkt.technology/portrait/header/338285-1753679771.jpg?lm=1,7000000
David Soria,Getafe,3420,0.0,0.0039473684210526,0.0,2.3421052631578947,0.0,46.76,0.131578947368421,100.0,7.684210526315789,0.0,04/04/1993 00:00,Spain,Goalkeeper,right,192.0,https://img.a.transfermarkt.technology/portrait/header/226012-1696863038.jpg?lm=1,3000000
Diego Llorente,Real Betis,2522,0.0535289452815226,0.014274385408406,0.1784298176050753,3.140364789849326,0.2141157811260904,86.89,2.8191911181601905,63.11,3.318794607454401,0.7137192704203014,16/08/1993 00:00,Spain,Defender,right,186.0,https://img.a.transfermarkt.technology/portrait/header/246291-1675246130.jpg?lm=1,7000000
Alexander Sørloth,Atlético Madrid,1560,0.9369230769230767,0.0409615384615384,2.423076923076924,5.423076923076923,0.8076923076923077,65.52,0.576923076923077,65.77,2.3653846153846154,1.5,05/12/1995 00:00,Norway,Attack,left,195.0,https://img.a.transfermarkt.technology/portrait/header/238407-1716403969.jpg?lm=1,20000000
Marko Dmitrovic,Leganés,2880,0.0,0.0025,0.0,2.03125,0.03125,38.37,0.03125,100.0,9.75,0.03125,24/01/1992 00:00,Serbia,Goalkeeper,left,189.0,https://img.a.transfermarkt.technology/portrait/header/94308-1669364494.jpg?lm=1,900000
Yangel Herrera,Girona FC,2265,0.1434437086092715,0.0500662251655629,0.5562913907284768,8.781456953642383,0.7549668874172185,84.43,3.854304635761589,52.0,4.211920529801325,2.8609271523178808,07/01/1998 00:00,Venezuela,Midfield,right,184.0,https://img.a.transfermarkt.technology/portrait/header/378293-1719230693.jpg?lm=1,9000000
Leandro Cabrera,Espanyol,2870,0.0370034843205574,0.0235191637630662,0.1881533101045296,3.1986062717770034,0.0313588850174216,76.53,2.1951219512195124,63.64,2.602787456445993,0.7526132404181185,17/06/1991 00:00,Uruguay,Defender,left,190.0,https://img.a.transfermarkt.technology/portrait/header/102423-1747343579.jpg?lm=1,2500000
Álex Berenguer,Athletic Club,2352,0.2284438775510204,0.1695153061224489,0.7270408163265306,10.52295918367347,1.2627551020408163,77.06,1.6071428571428572,34.18,4.323979591836735,1.1096938775510203,04/07/1995 00:00,Spain,Attack,right,175.0,https://img.a.transfermarkt.technology/portrait/header/338425-1709676212.png?lm=1,12000000
Pepelu,Valencia,1742,0.026865671641791,0.1338117106773823,0.3099885189437428,15.034443168771528,0.4133180252583238,84.12,3.2032146957520093,51.11,5.114810562571757,1.3432835820895523,11/08/1998 00:00,Spain,Midfield,right,186.0,https://img.a.transfermarkt.technology/portrait/header/328480-1713971066.jpg?lm=1,22000000
Kirian Rodríguez,Las Palmas,1768,0.0794117647058823,0.0702488687782805,0.4581447963800905,9.6210407239819,0.5599547511312217,86.83,2.188914027149321,43.33,5.090497737556561,0.4581447963800905,05/03/1996 00:00,Spain,Midfield,right,178.0,https://img.a.transfermarkt.technology/portrait/header/566574-1737366030.jpg?lm=1,1000000
Edu Expósito,Espanyol,1052,0.0915399239543726,0.204467680608365,0.5133079847908746,9.4106463878327,1.2832699619771863,72.4,3.250950570342205,47.83,5.389733840304183,1.1977186311787074,01/08/1996 00:00,Spain,Midfield,right,178.0,https://img.a.transfermarkt.technology/portrait/header/506248-1747385472.jpg?lm=1,4000000
Iñaki Peña,FC Barcelona,1395,0.0,0.0,0.0,0.0,0.0,87.64,0.0,100.0,9.870967741935484,0.0,02/03/1999 00:00,Spain,Goalkeeper,right,184.0,https://img.a.transfermarkt.technology/portrait/header/283170-1702502364.jpg?lm=1,8000000
Aimar Oroz,Osasuna,2981,0.1020462931902046,0.1050654142905065,0.4830593760483059,11.442468970144247,1.479369339147937,83.98,1.6605166051660518,46.34,4.9513586044951365,0.8453539080845355,27/11/2001 00:00,Spain,Midfield,right,177.0,https://img.a.transfermarkt.technology/portrait/header/634131-1732220023.jpg?lm=1,9000000
José María Giménez,Atlético Madrid,1994,0.0203109327983951,0.0126379137412236,0.0451354062186559,3.4754262788365096,0.0902708124373119,91.81,2.3921765295887663,50.0,3.5205616850551658,0.5867602808425276,20/01/1995 00:00,Uruguay,Defender,right,185.0,https://img.a.transfermarkt.technology/portrait/header/250845-1664970029.jpg?lm=1,22000000
,Valencia,1811,0.0506902263942573,0.1590281612368857,0.1987852015461071,7.454445057979017,0.3478741027056874,81.91,4.075096631695196,50.0,4.62175593594699,1.3914964108227497,,,,,,,0
Eric García,FC Barcelona,1575,0.1325714285714285,0.0942857142857142,0.4571428571428571,15.6,0.2857142857142857,92.39,2.9714285714285715,49.09,3.085714285714286,1.1428571428571428,09/01/2001 00:00,Spain,Defender,right,182.0,https://img.a.transfermarkt.technology/portrait/header/466794-1693604801.jpg?lm=1,20000000
Pablo Fornals,Real Betis,1836,0.0901960784313725,0.1441176470588235,0.196078431372549,14.901960784313726,0.3431372549019608,82.88,2.1568627450980395,47.5,5.588235294117648,0.5882352941176471,22/02/1996 00:00,Spain,Midfield,right,178.0,https://img.a.transfermarkt.technology/portrait/header/357885-1773344365.jpg?lm=1,14000000
Jorge Sáenz,Leganés,1691,0.0723832052040212,0.0154346540508574,0.1596688350088705,2.341809580130101,0.2128917800118273,83.89,3.299822590183324,50.62,3.0869308101714963,1.596688350088705,17/11/1996 00:00,Spain,Defender,right,188.0,https://img.a.transfermarkt.technology/portrait/header/340339-1544697354.jpg?lm=1,1000000
Diego Rico,Getafe,2825,0.0111504424778761,0.1089557522123893,0.095575221238938,6.976991150442478,0.1911504424778761,69.42,3.631858407079646,58.33,4.205309734513274,1.2106194690265486,23/02/1993 00:00,Spain,Defender,left,183.0,https://img.a.transfermarkt.technology/portrait/header/249513-1697221474.jpg?lm=1,1200000
Raúl Asencio,Real Madrid,1673,0.0064554692169754,0.0236700537955768,0.0537955768081291,3.3891213389121337,0.3227734608487747,93.87,2.044231918708906,67.39,4.034668260609683,0.6455469216975493,20/05/1998 00:00,Spain,Attack,right,185.0,https://img.a.transfermarkt.technology/portrait/header/340260-1561982588.jpg?lm=1,350000
Bryan Gil,Girona FC,1734,0.1173010380622837,0.1676470588235294,0.7785467128027682,13.23529411764706,2.1280276816609,89.67,2.283737024221453,16.67,4.048442906574395,1.1418685121107266,11/02/2001 00:00,Spain,Attack,left,175.0,https://img.a.transfermarkt.technology/portrait/header/537382-1769784260.jpg?lm=1,12000000
Thierno Barry,Villarreal,2322,0.4507751937984496,0.0755813953488372,0.9689922480620154,3.72093023255814,0.6976744186046512,62.35,0.4263565891472868,66.67,1.3953488372093024,1.821705426356589,21/10/2002 00:00,France,Attack,right,195.0,https://img.a.transfermarkt.technology/portrait/header/937941-1743672693.jpg?lm=1,0
Pablo Maffeo,Mallorca,2373,0.0102402022756005,0.1331226295828065,0.0379266750948166,5.537294563843236,1.554993678887484,76.18,3.2237673830594185,52.5,4.058154235145386,0.8343868520859671,12/07/1997 00:00,Argentina,Defender,right,172.0,https://img.a.transfermarkt.technology/portrait/header/251876-1699449290.jpg?lm=1,5000000
Santiago Mouriño,Deportivo Alavés,1847,0.0453167298321602,0.0292365998917162,0.1949106659447753,3.118570655116405,0.1949106659447753,78.52,3.508391987005956,57.14,4.141851651326475,1.5592853275582026,13/02/2002 00:00,Uruguay,Defender,right,186.0,https://img.a.transfermarkt.technology/portrait/header/953901-1691396102.jpg?lm=1,10000000
Enzo Barrenechea,Valencia,2204,0.0518602540834845,0.0449183303085299,0.1225045372050816,10.494555353901998,0.4491833030852994,87.04,3.4709618874773143,60.66,4.777676950998186,1.0208711433756807,22/05/2001 00:00,Argentina,Midfield,right,186.0,https://img.a.transfermarkt.technology/portrait/header/671915-1758058491.jpg?lm=1,15000000
Carl Starfelt,Celta Vigo,2271,0.0198150594451783,0.009114927344782,0.0396301188903566,2.85336856010568,0.0396301188903566,93.67,2.813738441215324,54.78,3.051519154557464,0.8322324966974901,01/06/1995 00:00,Sweden,Defender,right,187.0,https://img.a.transfermarkt.technology/portrait/header/258987-1758827268.jpg?lm=1,6000000
Sandro Ramírez,Las Palmas,2045,0.1443520782396087,0.1412713936430318,0.9242053789731052,6.425427872860636,0.7041564792176039,74.08,1.892420537897311,42.86,4.092909535452323,1.1442542787286063,09/07/1995 00:00,Spain,Attack,right,174.0,https://img.a.transfermarkt.technology/portrait/header/199369-1726230862.jpg?lm=1,1500000
Álex Remiro,Real Sociedad,3240,0.0,0.0011111111111111,0.0,0.9166666666666666,0.0,72.02,0.0277777777777777,100.0,7.25,0.0,24/03/1995 00:00,Spain,Goalkeeper,right,192.0,https://img.a.transfermarkt.technology/portrait/header/212862-1694594210.jpg?lm=1,14000000
Saúl Ñíguez,Sevilla,1555,0.164951768488746,0.1308038585209003,0.5209003215434084,7.003215434083601,0.6945337620578778,80.31,3.993569131832797,54.05,4.977491961414791,2.5466237942122185,21/11/1994 00:00,Spain,Midfield,left,184.0,https://img.a.transfermarkt.technology/portrait/header/148928-1764256774.jpg?lm=1,2500000
Héctor Bellerín,Real Betis,578,0.0311418685121107,0.3316608996539792,0.1557093425605536,6.384083044982699,0.9342560553633218,83.15,2.958477508650519,42.86,2.024221453287197,0.9342560553633218,19/03/1995 00:00,Spain,Defender,right,178.0,https://img.a.transfermarkt.technology/portrait/header/191217-1773344002.jpg?lm=1,4000000
César Azpilicueta,Atlético Madrid,877,0.0246294184720638,0.0400228050171037,0.2052451539338654,10.570125427594071,0.1026225769669327,87.65,3.078677309007982,50.0,2.8734321550741164,0.8209806157354619,28/08/1989 00:00,Spain,Defender,right,178.0,https://img.a.transfermarkt.technology/portrait/header/57500-1668169250.jpg?lm=1,1200000
Dinko Horkas,Las Palmas,1083,0.0,0.0016620498614958,0.0,1.662049861495845,0.0831024930747922,73.56,0.0,100.0,7.811634349030471,0.0831024930747922,10/03/1999 00:00,Croatia,Goalkeeper,right,189.0,https://img.a.transfermarkt.technology/portrait/header/357770-1690574730.png?lm=1,0
Yuri Berchiche,Athletic Club,2048,0.024609375,0.09580078125,0.17578125,10.3271484375,0.263671875,85.45,2.63671875,58.33,5.3173828125,0.791015625,10/02/1990 00:00,Spain,Defender,left,181.0,https://img.a.transfermarkt.technology/portrait/header/61812-1709675167.png?lm=1,1800000
Luis Rioja,Valencia,2866,0.0527564549895324,0.1777390090718771,0.4396371249127704,9.357990230286113,1.3189113747383112,77.23,1.7899511514305653,42.11,3.5170969993021632,0.5966503838101884,16/10/1993 00:00,Spain,Attack,left,176.0,https://img.a.transfermarkt.technology/portrait/header/278837-1647530464.jpg?lm=1,2000000
Samuel Lino,Atlético Madrid,1561,0.3424727738629084,0.1268417680973735,1.0377962844330555,12.10762331838565,1.5566944266495837,82.01,2.3638693145419603,53.85,4.90070467648943,0.8648302370275465,23/12/1999 00:00,Brazil,Attack,right,177.0,https://img.a.transfermarkt.technology/portrait/header/694928-1695982815.jpg?lm=1,20000000
Martin Valjent,Mallorca,2765,0.0263652802893309,0.0152983725135623,0.162748643761302,4.06871609403255,0.1952983725135623,86.8,1.562386980108499,53.85,3.320072332730561,0.488245931283906,11/12/1995 00:00,Slovakia,Defender,right,187.0,https://img.a.transfermarkt.technology/portrait/header/277384-1738232660.jpg?lm=1,4500000
Lucien Agoumé,Sevilla,2130,0.0367605633802816,0.0671830985915492,0.0845070422535211,10.267605633802816,0.9295774647887324,82.89,4.690140845070422,50.0,5.746478873239436,2.0704225352112675,09/02/2002 00:00,France,Midfield,right,185.0,https://img.a.transfermarkt.technology/portrait/header/569384-1656577561.jpg?lm=1,6000000
Isi Palazón,Rayo Vallecano,2190,0.1898630136986301,0.1931506849315068,0.7397260273972603,13.027397260273974,1.0273972602739727,83.33,1.2328767123287672,31.03,4.191780821917808,1.6027397260273974,27/12/1994 00:00,Spain,Attack,left,169.0,https://img.a.transfermarkt.technology/portrait/header/362086-1726662958.jpg?lm=1,3000000
Pau Cubarsí,FC Barcelona,2620,0.0285114503816793,0.0326335877862595,0.0,9.206106870229007,0.2061068702290076,93.63,1.717557251908397,58.33,3.50381679389313,0.8244274809160306,22/01/2007 00:00,Spain,Defender,right,184.0,https://img.a.transfermarkt.technology/portrait/header/962110-1712779232.jpg?lm=1,30000000
Johnny Cardoso,Real Betis,2143,0.085254316378908,0.0340177321511899,0.2939804013065796,6.7615492300513305,1.0919272048530098,86.04,4.325711619225385,61.7,5.795613625758283,1.5958936070928609,20/09/2001 00:00,United States,Midfield,right,186.0,https://img.a.transfermarkt.technology/portrait/header/689505-1742036970.jpg?lm=1,25000000
Andrei Rațiu,Rayo Vallecano,3067,0.0537006847081839,0.1132702967068796,0.234757091620476,9.977176393870232,2.2301923703945223,84.15,2.875774372350832,37.74,4.959243560482556,0.7042712748614282,20/06/1998 00:00,Romania,Defender,right,183.0,https://img.a.transfermarkt.technology/portrait/header/527966-1765462531.jpg?lm=1,18000000
Kike Salas,Sevilla,2245,0.0765701559020044,0.0340757238307349,0.2806236080178174,3.928730512249444,0.1202672605790645,79.64,3.167037861915368,68.7,3.808463251670379,0.8418708240534521,23/04/2002 00:00,Spain,Defender,left,188.0,https://img.a.transfermarkt.technology/portrait/header/766583-1736865960.jpg?lm=1,6000000
Aridane Hernández,Rayo Vallecano,1023,0.0809384164222873,0.0070381231671554,0.1759530791788856,2.1114369501466275,0.2639296187683284,88.02,1.6715542521994131,68.85,4.222873900293255,0.4398826979472141,23/03/1989 00:00,Spain,Defender,right,188.0,https://img.a.transfermarkt.technology/portrait/header/82503-1484149571.jpg?lm=1,800000
Julen Agirrezabala,Athletic Club,1207,0.0,0.0007456503728251,0.0,0.5219552609776305,0.0,64.89,0.0,100.0,7.829328914664457,0.2236951118475559,26/12/2000 00:00,Spain,Goalkeeper,left,187.0,https://img.a.transfermarkt.technology/portrait/header/625014-1709674945.png?lm=1,5000000
Yéremy Pino,Villarreal,1948,0.1834188911704312,0.176488706365503,0.4158110882956878,9.33264887063655,1.1550308008213552,77.52,3.141683778234086,40.0,4.2967145790554415,2.2638603696098563,20/10/2002 00:00,Spain,Attack,right,172.0,https://img.a.transfermarkt.technology/portrait/header/568157-1686664370.jpg?lm=1,30000000
Carlos Vicente,Deportivo Alavés,3097,0.0784630287374879,0.1705844365515014,0.4068453341943817,6.567646109137876,0.9880529544720698,74.51,1.7726832418469487,36.17,3.8650306748466257,1.1042944785276074,23/04/1999 00:00,Spain,Attack,right,179.0,https://img.a.transfermarkt.technology/portrait/header/540536-1732115480.jpg?lm=1,4000000
Adnan Januzaj,Las Palmas,608,0.1273026315789473,0.2368421052631579,0.7401315789473685,12.286184210526317,2.0723684210526314,79.49,1.7763157894736843,22.22,4.440789473684211,0.7401315789473685,05/02/1995 00:00,Belgium,Attack,left,186.0,https://img.a.transfermarkt.technology/portrait/header/177847-1685115304.png?lm=1,1200000
Vedat Muriqi,Mallorca,2067,0.3261248185776488,0.074455732946299,0.8272859216255444,5.09433962264151,0.3918722786647315,61.95,0.6095791001451379,57.63,2.1335268505079825,1.2626995645863572,24/04/1994 00:00,Kosovo,Attack,left,194.0,https://img.a.transfermarkt.technology/portrait/header/256267-1779287008.jpg?lm=1,4500000
Nico Williams,Athletic Club,1998,0.1873873873873874,0.1873873873873874,0.8558558558558559,10.765765765765764,3.0630630630630638,79.17,1.576576576576577,37.93,4.324324324324325,0.7657657657657658,12/07/2002 00:00,Spain,Attack,right,181.0,https://img.a.transfermarkt.technology/portrait/header/709187-1709676169.png?lm=1,60000000
Arnau Martínez,Girona FC,2640,0.0426136363636363,0.060340909090909,0.2045454545454545,12.102272727272728,0.6818181818181819,88.14,2.7954545454545454,58.49,4.261363636363637,0.6818181818181819,25/04/2003 00:00,Spain,Defender,right,182.0,https://img.a.transfermarkt.technology/portrait/header/826224-1701444094.jpg?lm=1,10000000
Dani Rodríguez,Mallorca,2175,0.1142068965517241,0.1398620689655172,0.4137931034482758,6.910344827586207,0.6620689655172414,77.66,2.5241379310344825,43.08,2.896551724137931,2.1103448275862067,06/06/1988 00:00,Spain,Midfield,right,178.0,https://img.a.transfermarkt.technology/portrait/header/139435-1583332711.jpg?lm=1,100000
Marash Kumbulla,Espanyol,2975,0.0559663865546218,0.0099831932773109,0.1512605042016806,1.6336134453781512,0.1210084033613445,84.86,2.571428571428571,60.83,2.238655462184874,1.119327731092437,08/02/2000 00:00,Albania,Defender,right,191.0,https://img.a.transfermarkt.technology/portrait/header/371371-1716969202.jpg?lm=1,4500000
Omar El Hilali,Espanyol,3159,0.0008547008547008,0.0384615384615384,0.0,3.618233618233618,0.4843304843304843,80.64,4.501424501424501,55.22,3.7606837606837606,1.4814814814814814,12/09/2003 00:00,Morocco,Defender,right,183.0,https://img.a.transfermarkt.technology/portrait/header/822331-1683211692.jpg?lm=1,15000000
Mikel Jauregizar,Athletic Club,2243,0.0433348194382523,0.047347302719572,0.3209986625055729,9.509585376727598,0.8024966562639323,82.46,4.534106107891217,50.0,5.777975925100312,1.845742309407044,13/11/2003 00:00,Spain,Midfield,right,177.0,https://img.a.transfermarkt.technology/portrait/header/938729-1709675994.png?lm=1,800000
Iñigo Ruiz de Galarreta,Athletic Club,1492,0.0307640750670241,0.1646782841823056,0.0603217158176943,12.788203753351205,0.9651474530831098,83.46,3.136729222520107,40.0,7.238605898123324,2.5938337801608577,06/08/1993 00:00,Spain,Midfield,right,175.0,https://img.a.transfermarkt.technology/portrait/header/126751-1709675810.png?lm=1,2500000
Iván Sánchez,Real Valladolid,1413,0.0414012738853503,0.1872611464968153,0.3821656050955414,9.745222929936306,1.78343949044586,84.21,3.248407643312102,56.0,3.7579617834394905,0.9554140127388536,23/09/1992 00:00,Spain,Attack,left,169.0,https://img.a.transfermarkt.technology/portrait/header/221311-1601023639.jpg?lm=1,500000
Alejandro Balde,FC Barcelona,2292,0.018848167539267,0.1107329842931937,0.1178010471204188,11.387434554973822,1.806282722513089,91.21,0.9031413612565444,64.0,4.790575916230367,0.6282722513089005,18/10/2003 00:00,Spain,Defender,left,177.0,https://img.a.transfermarkt.technology/portrait/header/636688-1662836200.jpg?lm=1,60000000
Jon Martín,Real Sociedad,900,0.06,0.015,0.2,2.4,0.0,86.83,1.8,82.81,2.2,2.0,23/04/2006 00:00,Spain,Defender,right,187.0,https://img.a.transfermarkt.technology/portrait/header/1018938-1732794896.png?lm=1,10000000
Bryan Zaragoza,Osasuna,1855,0.1309973045822102,0.2488948787061994,0.6307277628032345,6.258760107816712,2.765498652291105,72.62,0.8247978436657682,16.67,2.6684636118598384,0.921832884097035,09/09/2001 00:00,Spain,Attack,right,164.0,https://img.a.transfermarkt.technology/portrait/header/713644-1714503809.jpg?lm=1,10000000
Paulo Gazzaniga,Girona FC,3195,0.0,0.0008450704225352,0.0,0.5070422535211268,0.0845070422535211,78.2,0.028169014084507,33.33,6.957746478873239,0.028169014084507,02/01/1992 00:00,Argentina,Goalkeeper,right,195.0,https://img.a.transfermarkt.technology/portrait/header/195488-1769783747.jpg?lm=1,2000000
Ilaix Moriba,Celta Vigo,2137,0.0724379971923256,0.1002339728591483,0.5053813757604119,11.286850725315864,0.6317267197005147,86.29,3.4534394010294807,52.83,4.548432381843706,1.3476836686944316,19/01/2003 00:00,Guinea,Midfield,right,185.0,https://img.a.transfermarkt.technology/portrait/header/617074-1758827372.jpg?lm=1,3000000
,FC Barcelona,1104,0.0717391304347826,0.1214673913043478,0.0815217391304347,18.01630434782609,0.733695652173913,90.99,3.260869565217391,43.75,4.9728260869565215,3.097826086956521,,,,,,,0
Suso,Sevilla,599,0.1111853088480801,0.1938230383973288,0.6010016694490817,19.8330550918197,2.1035058430717863,84.59,2.1035058430717863,28.57,4.657762938230384,0.9015025041736228,19/11/1993 00:00,Spain,Midfield,left,177.0,https://img.a.transfermarkt.technology/portrait/header/111961-1455551677.jpg?lm=1,4000000
Mauro Arambarri,Getafe,2664,0.1989864864864865,0.0206081081081081,0.6418918918918919,5.101351351351351,0.6081081081081081,74.68,2.128378378378378,51.3,4.628378378378378,1.7229729729729728,30/09/1995 00:00,Uruguay,Midfield,right,175.0,https://img.a.transfermarkt.technology/portrait/header/290249-1669365106.jpg?lm=1,10000000
Carles Aleñá,Deportivo Alavés,1551,0.0940038684719535,0.083558994197292,0.2901353965183752,9.980657640232108,0.8704061895551257,79.78,1.5667311411992262,57.14,3.423597678916828,1.102514506769826,05/01/1998 00:00,Spain,Midfield,left,180.0,https://img.a.transfermarkt.technology/portrait/header/284854-1669364902.jpg?lm=1,3000000
,Real Betis,1995,0.3162406015037594,0.0960902255639097,1.1729323308270676,11.32330827067669,2.075187969924812,75.98,1.9849624060150373,40.63,4.601503759398496,1.037593984962406,,,,,,,0
André Almeida,Valencia,1998,0.0545045045045045,0.2202702702702702,0.2252252252252252,14.234234234234236,0.990990990990991,88.62,2.5225225225225225,23.81,4.009009009009009,1.2612612612612613,10/09/1990 00:00,Portugal,Defender,right,185.0,https://img.a.transfermarkt.technology/portrait/header/83466-1603795224.jpg?lm=1,200000
Wojciech Szczesny,FC Barcelona,1350,0.0,0.0006666666666666,0.0,0.2,0.0666666666666666,87.47,0.0666666666666666,100.0,8.133333333333333,0.0666666666666666,18/04/1990 00:00,Poland,Goalkeeper,right,195.0,https://img.a.transfermarkt.technology/portrait/header/44058-1744278078.jpg?lm=1,6000000
Carlos Domínguez,Celta Vigo,1187,0.0159224936815501,0.0144060657118786,0.075821398483572,6.217354675652907,0.151642796967144,88.77,2.729570345408593,65.91,3.4119629317607414,0.6065711878685762,11/02/2001 00:00,Spain,Defender,left,187.0,https://img.a.transfermarkt.technology/portrait/header/636093-1629886975.jpg?lm=1,3000000
Pep Chavarría,Rayo Vallecano,2589,0.0406720741599073,0.0667439165701042,0.1042873696407879,9.038238702201625,0.3476245654692931,82.06,2.641946697566628,44.44,3.962920046349942,1.0776361529548089,10/04/1998 00:00,Spain,Defender,left,174.0,https://img.a.transfermarkt.technology/portrait/header/596122-1744713547.jpg?lm=1,10000000
Giuliano Simeone,Atlético Madrid,1950,0.1015384615384615,0.2164615384615384,0.323076923076923,9.323076923076922,1.3846153846153846,78.8,1.892307692307692,34.29,3.323076923076923,1.0615384615384615,18/12/2002 00:00,Argentina,Attack,right,173.0,https://img.a.transfermarkt.technology/portrait/header/742201-1741120599.jpg?lm=1,40000000
Diego Conde,Villarreal,1963,0.0,0.0009169638308711,0.0,0.641874681609781,0.0,77.46,0.1375445746306673,100.0,8.023433520122262,0.0,28/10/1998 00:00,Spain,Goalkeeper,right,188.0,https://img.a.transfermarkt.technology/portrait/header/341713-1669364743.jpg?lm=1,500000
Pablo Barrios,Atlético Madrid,2336,0.0497003424657534,0.0785958904109589,0.3082191780821918,13.446061643835616,0.9631849315068494,87.27,3.0821917808219177,62.5,5.04708904109589,1.0787671232876712,15/06/2003 00:00,Spain,Midfield,right,181.0,https://img.a.transfermarkt.technology/portrait/header/775605-1699431384.jpg?lm=1,60000000
Carlos Romero,Espanyol,2560,0.0699609375,0.0833203125,0.2109375,5.8359375,0.7734375,75.86,3.62109375,38.46,4.39453125,1.1953125,29/10/2001 00:00,Spain,Defender,left,174.0,https://img.a.transfermarkt.technology/portrait/header/709372-1747385379.jpg?lm=1,1500000
Manu Morlanes,Mallorca,1340,0.0382835820895522,0.0490298507462686,0.0671641791044776,11.21641791044776,0.2014925373134328,89.64,4.567164179104478,40.74,5.3059701492537314,1.007462686567164,12/01/1999 00:00,Spain,Midfield,right,178.0,https://img.a.transfermarkt.technology/portrait/header/335225-1552044533.jpg?lm=1,2400000
Chidera Ejuke,Sevilla,969,0.1003095975232198,0.1095975232198142,0.7430340557275541,12.074303405572754,4.365325077399381,84.15,2.2291021671826625,30.77,5.851393188854488,0.5572755417956656,02/01/1998 00:00,Nigeria,Attack,right,176.0,https://img.a.transfermarkt.technology/portrait/header/500067-1706264992.jpg?lm=1,6000000
Lucas Torró,Osasuna,2963,0.0707728653391832,0.0507256159298008,0.2126223422207222,7.35065811677354,0.1822477219034761,75.78,3.614579817752278,70.0,5.224434694566318,2.2780965237934523,19/07/1994 00:00,Spain,Midfield,right,190.0,https://img.a.transfermarkt.technology/portrait/header/213670-1732219931.jpg?lm=1,2800000
Juan Cruz,Leganés,2265,0.1041059602649006,0.1458278145695364,0.5562913907284768,6.516556291390728,1.5894039735099337,74.55,1.7880794701986753,44.12,4.331125827814569,0.5562913907284768,28/07/1992 00:00,Spain,Defender,left,182.0,https://img.a.transfermarkt.technology/portrait/header/169497-1732219962.jpg?lm=1,1200000
Alfon González,Celta Vigo,1372,0.3024052478134111,0.1397230320699708,1.3775510204081634,8.199708454810496,1.6399416909620992,77.04,0.8527696793002916,17.65,2.427113702623907,0.9839650145772596,04/05/1999 00:00,Spain,Attack,,172.0,https://img.a.transfermarkt.technology/portrait/header/357628-1734950388.jpg?lm=1,250000
Djibril Sow,Sevilla,2068,0.1031431334622824,0.0439555125725338,0.2611218568665377,8.965183752417795,0.4352030947775628,89.61,2.3065764023210837,54.0,4.787234042553192,1.0009671179883946,06/02/1997 00:00,Switzerland,Midfield,right,184.0,https://img.a.transfermarkt.technology/portrait/header/212723-1779793436.jpg?lm=1,9000000
Enzo Boyomo,Osasuna,3258,0.0414364640883977,0.0193370165745856,0.0828729281767955,3.176795580110497,0.2762430939226519,87.64,3.2596685082872927,44.44,3.646408839779005,1.2707182320441988,07/10/2001 00:00,Cameroon,Defender,right,184.0,https://img.a.transfermarkt.technology/portrait/header/541555-1728038860.jpg?lm=1,20000000
David López,Girona FC,2429,0.0322354878550844,0.046685878962536,0.1111568546727048,6.891724989707699,0.2223137093454096,92.35,1.704405104981474,52.46,3.5199670646356527,0.4446274186908193,09/10/1989 00:00,Spain,Defender,right,185.0,https://img.a.transfermarkt.technology/portrait/header/129444-1448529645.jpg?lm=1,2500000
Robin Le Normand,Atlético Madrid,2153,0.058104969809568,0.0422201579191825,0.1254064096609382,2.4663260566651184,0.0836042731072921,90.56,1.5466790524849048,57.45,3.4277751973989785,1.4630747793776129,11/11/1996 00:00,Spain,Defender,right,187.0,https://img.a.transfermarkt.technology/portrait/header/351809-1707948228.jpg?lm=1,40000000
Sergi Altimira,Real Betis,1977,0.0796661608497723,0.0523520485584218,0.1820940819423369,10.971168437025796,0.7283763277693476,89.67,3.8694992412746583,37.14,5.326251896813354,1.593323216995448,25/08/2001 00:00,Spain,Midfield,right,188.0,https://img.a.transfermarkt.technology/portrait/header/466801-1744375696.jpg?lm=1,2500000
Jon Moncayola,Osasuna,2112,0.0715909090909091,0.196875,0.3835227272727273,9.460227272727272,0.1704545454545454,80.21,3.451704545454546,46.88,3.877840909090909,1.4488636363636365,13/05/1998 00:00,Spain,Midfield,right,182.0,https://img.a.transfermarkt.technology/portrait/header/552425-1583310847.jpg?lm=1,7000000
Tanguy Nianzou,Sevilla,519,0.0329479768786127,0.0052023121387283,0.0,1.7341040462427746,0.5202312138728323,90.76,2.601156069364162,85.71,1.560693641618497,1.7341040462427746,07/06/2002 00:00,France,Defender,right,191.0,https://img.a.transfermarkt.technology/portrait/header/538996-1681463642.jpg?lm=1,1400000
Vicente Guaita,Celta Vigo,3060,0.0,0.0002941176470588,0.0,0.2941176470588235,0.0,77.94,0.0,100.0,9.176470588235292,0.0,10/01/1987 00:00,Spain,Goalkeeper,right,190.0,https://img.a.transfermarkt.technology/portrait/header/64399-1744193190.jpg?lm=1,400000
Óscar de Marcos,Athletic Club,1574,0.0571791613722998,0.1252223634053367,0.1143583227445997,10.120711562897078,0.2287166454891995,79.31,2.7445997458703943,40.0,5.088945362134689,0.914866581956798,14/04/1989 00:00,Spain,Defender,right,182.0,https://img.a.transfermarkt.technology/portrait/header/96718-1709675357.png?lm=1,1500000
César Tárrega,Valencia,3027,0.0603567888999008,0.0071357779980178,0.2081268582755203,2.7056491575817643,0.3270564915758176,84.7,2.140733399405352,58.55,3.0921704658077305,1.6650148662041626,26/02/2002 00:00,Spain,Defender,right,194.0,https://img.a.transfermarkt.technology/portrait/header/707274-1698963222.jpg?lm=1,15000000
Giorgi Mamardashvili,Valencia,3060,0.0,0.0014705882352941,0.0,1.0588235294117647,0.0,63.88,0.088235294117647,77.78,7.235294117647059,0.0294117647058823,29/09/2000 00:00,Georgia,Goalkeeper,left,197.0,https://img.a.transfermarkt.technology/portrait/header/502676-1716542116.jpg?lm=1,28000000
Karl Hein,Real Valladolid,2790,0.0,0.0019354838709677,0.0,1.6774193548387095,0.0,70.17,0.0,100.0,8.129032258064516,0.0,13/04/2002 00:00,Estonia,Goalkeeper,right,193.0,https://img.a.transfermarkt.technology/portrait/header/493513-1758702558.jpg?lm=1,3000000
Ladislav Krejčí,Girona FC,2439,0.0612546125461254,0.0291512915129151,0.1845018450184501,7.232472324723247,0.2583025830258302,90.47,2.103321033210332,68.75,3.726937269372693,0.8856088560885609,20/04/1999 00:00,Czech Republic,Defender,left,191.0,https://img.a.transfermarkt.technology/portrait/header/345911-1716965804.jpg?lm=1,22000000
Yáser Asprilla,Girona FC,1415,0.1310247349823321,0.214982332155477,0.6996466431095407,11.957597173144878,1.84452296819788,80.7,1.84452296819788,62.5,3.943462897526502,0.7632508833922261,19/11/2003 00:00,Colombia,Attack,left,176.0,https://img.a.transfermarkt.technology/portrait/header/857818-1779994366.png?lm=1,12000000
Abdul Mumin,Rayo Vallecano,2020,0.0271782178217821,0.0049009900990099,0.1782178217821782,2.1831683168316838,0.2227722772277227,83.63,2.6732673267326734,55.17,4.143564356435644,0.9801980198019804,06/06/1998 00:00,Ghana,Defender,right,188.0,https://img.a.transfermarkt.technology/portrait/header/451801-1776270192.jpg?lm=1,2500000
Álvaro Rodríguez,Getafe,852,0.1299295774647887,0.0369718309859154,1.056338028169014,4.647887323943662,1.6901408450704225,47.6,1.3732394366197185,54.69,3.2746478873239435,3.169014084507042,14/07/2004 00:00,Uruguay,Attack,left,193.0,https://img.a.transfermarkt.technology/portrait/header/948275-1660124773.jpg?lm=1,4000000
Andoni Gorosabel,Athletic Club,1489,0.0199462726662189,0.1015446608462055,0.0604432505036937,8.159838817998656,0.4231027535258563,83.71,3.928811282740094,41.67,3.3848220282068504,1.4506380120886502,04/08/1996 00:00,Spain,Defender,right,174.0,https://img.a.transfermarkt.technology/portrait/header/289255-1739190147.jpeg?lm=1,5000000
,Real Sociedad,1811,0.1610160132523467,0.1078409718387631,0.5466593042517945,9.491993373826617,1.2424075096631697,84.48,1.987852015461071,50.98,5.416896742131419,0.5466593042517945,,,,,,,0
Kiko Femenía,Villarreal,2229,0.0145356662180349,0.0860026917900403,0.0,9.569313593539704,0.686406460296097,90.43,3.633916554508749,33.33,4.118438761776582,0.847913862718708,02/02/1991 00:00,Spain,Defender,right,174.0,https://img.a.transfermarkt.technology/portrait/header/76467-1726231817.jpg?lm=1,1400000
Dário Essugo,Las Palmas,1952,0.0313524590163934,0.0313524590163934,0.1844262295081967,6.823770491803279,0.5532786885245902,85.64,4.656762295081967,48.39,5.440573770491803,1.7059426229508197,14/03/2005 00:00,Portugal,Midfield,right,178.0,https://img.a.transfermarkt.technology/portrait/header/670717-1742314930.jpg?lm=1,3500000
Christantus Uche,Getafe,2501,0.1342263094762095,0.1119152339064374,0.5037984806077569,6.981207516993203,1.1515393842463015,67.49,1.6193522590963616,41.82,3.9584166333466615,1.9792083166733307,19/05/2003 00:00,Nigeria,Attack,both,190.0,https://img.a.transfermarkt.technology/portrait/header/1124005-1748855413.jpg?lm=1,15000000
Valentin Rosier,Leganés,2592,0.0315972222222222,0.0434027777777777,0.1388888888888889,5.590277777777778,0.798611111111111,80.63,4.305555555555555,60.0,4.201388888888888,1.5277777777777777,19/08/1996 00:00,France,Defender,right,175.0,https://img.a.transfermarkt.technology/portrait/header/441170-1666619891.png?lm=1,3000000
Brahim Díaz,Real Madrid,1405,0.3529537366548043,0.1447686832740213,1.0889679715302492,13.13167259786477,1.5373665480427046,88.4,1.8576512455516012,17.65,3.4590747330960854,0.896797153024911,03/08/1999 00:00,Morocco,Attack,both,170.0,https://img.a.transfermarkt.technology/portrait/header/314678-1744193327.jpg?lm=1,40000000
Javi Rodríguez,Celta Vigo,2513,0.0848786311181854,0.0343812176681257,0.1790688420214882,7.449263828093912,0.3581376840429765,86.81,3.0799840827695983,55.13,3.115797851173896,1.3251094309590132,27/06/2003 00:00,Spain,Defender,right,178.0,https://img.a.transfermarkt.technology/portrait/header/1076815-1732611843.jpg?lm=1,15000000
Koke,Atlético Madrid,1927,0.0509081473793461,0.1036844836533471,0.1868188894654903,14.75869226777374,0.4203425012973534,89.15,3.082511676180592,47.37,5.697976128697457,1.0742086144265697,08/01/1992 00:00,Spain,Midfield,right,176.0,https://img.a.transfermarkt.technology/portrait/header/74229-1664970397.jpg?lm=1,7000000
Roberto Fernández,Espanyol,1507,0.2072329130723291,0.032249502322495,0.5374917053749171,2.9860650298606504,0.6569343065693432,72.76,0.418049104180491,40.0,1.9708029197080288,1.6721964167219645,25/01/1979 00:00,Spain,Goalkeeper,right,181.0,https://img.a.transfermarkt.technology/portrait/header/s_57800_16795_2013_10_17_1.jpg?lm=1,100000
,Real Betis,1710,0.0,0.0010526315789473,0.0,0.5263157894736842,0.0,73.33,0.0,80.0,8.052631578947368,0.0,,,,,,,0
Hugo Duro,Valencia,2172,0.355939226519337,0.0203038674033149,0.7458563535911602,3.729281767955801,0.2900552486187845,70.41,0.9530386740331492,36.97,1.9060773480662985,1.574585635359116,10/11/1999 00:00,Spain,Attack,left,177.0,https://img.a.transfermarkt.technology/portrait/header/573775-1683213249.jpg?lm=1,16000000
José Ángel Carmona,Sevilla,2954,0.01614759647935,0.0268111035883547,0.1218686526743398,6.245768449559919,0.5788761002031144,82.07,4.60054163845633,62.96,4.996614759647935,1.4928909952606635,29/01/2002 00:00,Spain,Defender,right,184.0,https://img.a.transfermarkt.technology/portrait/header/711625-1696862897.jpg?lm=1,12000000
José Copete,Mallorca,1537,0.0269355888093688,0.0087833441769681,0.1171112556929082,2.752114508783344,0.2342225113858165,84.17,2.69355888093689,62.79,2.69355888093689,1.5810019518542615,10/10/1999 00:00,Spain,Defender,left,190.0,https://img.a.transfermarkt.technology/portrait/header/520840-1674915512.JPG?lm=1,4000000
Rubén Vargas,Sevilla,677,0.2632200886262925,0.1169867060561299,0.6646971935007385,8.641063515509602,1.5952732644017726,73.63,1.329394387001477,53.85,4.121122599704579,1.4623338257016247,05/08/1998 00:00,Switzerland,Attack,right,179.0,https://img.a.transfermarkt.technology/portrait/header/345886-1779793578.jpg?lm=1,9000000
Toni Martínez,Deportivo Alavés,1013,0.3429417571569595,0.0808489634748272,1.3326752221125369,4.797630799605133,0.7996051332675221,60.26,1.154985192497532,51.97,2.6653504442250737,1.510365251727542,30/06/1997 00:00,Spain,Attack,right,187.0,https://img.a.transfermarkt.technology/portrait/header/302371-1606396665.png?lm=1,5000000
Ramón Terrats,Getafe,1374,0.1395196506550218,0.09235807860262,0.5895196506550218,7.270742358078603,1.703056768558952,73.18,2.1615720524017465,55.88,4.192139737991266,0.982532751091703,18/10/2000 00:00,Spain,Midfield,left,181.0,https://img.a.transfermarkt.technology/portrait/header/783396-1726231968.jpg?lm=1,4000000
Manu Fuster,Las Palmas,1016,0.0646653543307086,0.1621062992125984,0.6200787401574803,15.501968503937007,0.4429133858267716,83.7,2.037401574803149,23.53,5.580708661417322,1.062992125984252,22/10/1997 00:00,Spain,Attack,right,169.0,https://img.a.transfermarkt.technology/portrait/header/511021-1683202707.jpg?lm=1,1500000
Arthur,Girona FC,941,0.0200850159404888,0.0554729011689691,0.0956429330499468,14.250797024442084,0.7651434643995749,93.39,3.1562167906482466,0.0,4.686503719447396,1.5302869287991498,17/06/1999 00:00,Brazil,Defender,right,190.0,https://img.a.transfermarkt.technology/portrait/header/517518-1534845952.jpg?lm=1,10000
Conor Gallagher,Atlético Madrid,1637,0.1522907758094074,0.0632254123396456,0.2199144777031154,9.401343921808186,0.9346365302382408,86.59,3.573610262675626,29.03,5.882712278558338,1.7593158216249236,06/02/2000 00:00,England,Midfield,right,182.0,https://img.a.transfermarkt.technology/portrait/header/488362-1668500476.jpg?lm=1,35000000
Javi Puado,Espanyol,2987,0.2283896886508202,0.0620689655172413,0.7231335788416471,5.483762972882491,0.6327418814864412,79.53,0.813525276196853,23.08,3.163709407432206,0.6628724472715098,25/05/1998 00:00,Spain,Attack,right,177.0,https://img.a.transfermarkt.technology/portrait/header/408471-1698158226.jpg?lm=1,10000000
,Rayo Vallecano,2158,0.0800741427247451,0.0333642261353104,0.2502316960148285,7.840593141797961,0.5838739573679332,85.63,3.71177015755329,62.03,6.1723818350324375,1.876737720111214,,,,,,,0
Samú Costa,Mallorca,2654,0.0623963828183873,0.0640919366993217,0.2712886209495102,7.867370007535795,0.440844009042954,81.59,4.103240391861342,63.96,4.374529012810852,2.102486812358704,27/11/2000 00:00,Portugal,Midfield,left,185.0,https://img.a.transfermarkt.technology/portrait/header/657430-1753960841.jpg?lm=1,15000000
Matija Nastasić,Leganés,2112,0.0025568181818181,0.0149147727272727,0.0426136363636363,2.002840909090909,0.0426136363636363,82.88,1.960227272727273,68.42,2.1306818181818183,0.6392045454545455,28/03/1993 00:00,Serbia,Defender,left,187.0,https://img.a.transfermarkt.technology/portrait/header/143559-1531813376.jpg?lm=1,1500000
Sergio Carreira,Celta Vigo,1657,0.0325890162945081,0.1287266143633071,0.1629450814725407,9.287869643934824,0.7604103802051901,78.53,2.444176222088111,17.65,3.584791792395896,1.031985515992758,13/10/2000 00:00,Spain,Defender,right,170.0,https://img.a.transfermarkt.technology/portrait/header/545647-1773950983.jpg?lm=1,1500000
Logan Costa,Villarreal,2585,0.0243713733075435,0.0181044487427466,0.1740812379110251,5.222437137330754,0.0,87.92,2.0541586073500966,53.49,3.620889748549323,0.6615087040618955,01/04/2001 00:00,Cape Verde,Defender,right,190.0,https://img.a.transfermarkt.technology/portrait/header/484988-1708555203.jpg?lm=1,18000000
Sergio González,Leganés,2963,0.0446506918663516,0.0167060411744853,0.1518731015862301,2.035099561255484,0.1214984812689841,84.16,2.3995950050624364,52.46,2.4299696253796825,0.911238609517381,20/04/1992 00:00,Spain,Defender,right,189.0,https://img.a.transfermarkt.technology/portrait/header/308989-1701789701.jpg?lm=1,700000
Sergio Camello,Rayo Vallecano,1138,0.3187170474516696,0.0869947275922671,0.7117750439367312,6.4059753954305805,1.0281195079086116,80.63,1.0281195079086116,29.73,2.530755711775044,0.8699472759226714,10/02/2001 00:00,Spain,Attack,right,182.0,https://img.a.transfermarkt.technology/portrait/header/505674-1775761676.jpg?lm=1,3000000
Viti Rozada,Las Palmas,1986,0.0031722054380664,0.0580060422960725,0.0906344410876132,4.486404833836858,0.4078549848942598,84.13,4.441087613293052,48.65,3.851963746223565,1.2688821752265862,16/09/1997 00:00,Spain,Defender,right,172.0,https://img.a.transfermarkt.technology/portrait/header/438971-1702390831.jpg?lm=1,0
Javi Muñoz,Las Palmas,2590,0.0441312741312741,0.0795752895752895,0.2084942084942085,8.200772200772201,0.7297297297297297,79.81,2.640926640926641,36.59,3.891891891891892,1.0424710424710424,28/02/1995 00:00,Spain,Midfield,right,177.0,https://img.a.transfermarkt.technology/portrait/header/282421-1698852390.jpg?lm=1,1500000
Albert Sambi Lokonga,Sevilla,1474,0.0561736770691994,0.0567842605156038,0.3052917232021709,10.379918588873814,0.2442333785617368,89.62,1.89280868385346,66.67,4.21302578018996,1.3432835820895523,22/10/1999 00:00,Belgium,Midfield,right,183.0,https://img.a.transfermarkt.technology/portrait/header/381967-1758189027.jpg?lm=1,15000000
Borja Iglesias,Celta Vigo,1979,0.427033855482567,0.0618494188984335,1.273370389085397,5.002526528549773,0.5002526528549773,72.73,0.7731177362304195,34.15,2.091965639211723,1.8191005558362807,17/01/1993 00:00,Spain,Attack,right,187.0,https://img.a.transfermarkt.technology/portrait/header/278359-1686661509.jpg?lm=1,5000000
Cristhian Mosquera,Valencia,3320,0.0113855421686747,0.0073192771084337,0.0542168674698795,4.445783132530121,0.1355421686746988,91.24,2.466867469879518,45.16,5.150602409638554,0.3795180722891567,27/06/2004 00:00,Spain,Defender,right,191.0,https://img.a.transfermarkt.technology/portrait/header/646750-1749739359.jpg?lm=1,35000000
Juan Iglesias,Getafe,2889,0.0498442367601246,0.0563862928348909,0.0934579439252336,4.70404984423676,0.4049844236760124,60.46,4.080996884735202,48.65,3.302180685358256,1.4018691588785046,03/07/1998 00:00,Spain,Defender,right,187.0,https://img.a.transfermarkt.technology/portrait/header/390688-1632295269.jpg?lm=1,5000000
Javi Galán,Atlético Madrid,1790,0.0100558659217877,0.1543575418994413,0.0,8.044692737430168,1.4078212290502794,85.38,3.1675977653631286,49.02,3.5698324022346366,1.910614525139665,19/11/1994 00:00,Spain,Defender,left,172.0,https://img.a.transfermarkt.technology/portrait/header/448628-1706112804.jpg?lm=1,3500000
Gorka Guruzeta,Athletic Club,1847,0.3216025988088792,0.0331348132106118,0.9258256632376828,4.044396318354088,0.5360043313481321,74.0,1.2181916621548456,34.29,2.9723876556578235,1.949106659447753,12/09/1996 00:00,Spain,Attack,right,188.0,https://img.a.transfermarkt.technology/portrait/header/340205-1709676375.png?lm=1,18000000
Natan,Real Betis,2189,0.0143901324805847,0.0341251713111009,0.1644586569209684,2.754682503426222,0.0822293284604842,88.95,2.549109182275011,67.68,3.083599817268159,0.7811786203746003,06/02/2001 00:00,Brazil,Defender,left,188.0,https://img.a.transfermarkt.technology/portrait/header/735568-1708553167.jpg?lm=1,12000000
Adrià Pedrosa,Sevilla,2303,0.0351715154146765,0.0656534954407294,0.3126356925749023,6.057316543638732,0.6643508467216674,78.54,3.126356925749023,28.21,3.907946157186279,1.485019539730786,13/05/1998 00:00,Spain,Defender,left,172.0,https://img.a.transfermarkt.technology/portrait/header/501418-1583506190.jpg?lm=1,4000000
Unai López,Rayo Vallecano,1725,0.0834782608695652,0.0699130434782608,0.5739130434782609,12.365217391304348,0.7826086956521738,85.95,2.713043478260869,35.71,6.104347826086956,0.9391304347826086,30/10/1995 00:00,Spain,Midfield,right,170.0,https://img.a.transfermarkt.technology/portrait/header/192009-1726662500.jpg?lm=1,2500000
Yvan Neyou,Leganés,2321,0.0240413614821197,0.0411029728565273,0.1163291684618698,6.940973718224903,0.7367514002585093,88.1,3.063334769495907,54.76,4.691943127962086,1.2796208530805688,03/01/1997 00:00,Cameroon,Midfield,right,180.0,https://img.a.transfermarkt.technology/portrait/header/469669-1703762516.jpg?lm=1,2500000
Jonathan Bamba,Celta Vigo,814,0.0895577395577395,0.1802211302211302,0.6633906633906634,9.50859950859951,1.6584766584766586,82.77,1.87960687960688,37.5,5.749385749385749,0.773955773955774,26/03/1996 00:00,Cote d'Ivoire,Attack,right,175.0,https://img.a.transfermarkt.technology/portrait/header/292818-1771695536.jpg?lm=1,9000000
Alejandro Francés,Girona FC,1182,0.015989847715736,0.0350253807106599,0.0,7.84263959390863,0.5329949238578681,85.22,4.035532994923858,35.0,2.817258883248731,1.5228426395939088,01/08/2002 00:00,Spain,Defender,right,182.0,https://img.a.transfermarkt.technology/portrait/header/632896-1697808516.jpg?lm=1,0
Domingos Duarte,Getafe,1869,0.0096308186195826,0.0043338683788121,0.0481540930979133,2.2632423756019264,0.0,78.7,2.215088282504013,58.33,3.03370786516854,1.1556982343499198,10/03/1995 00:00,Portugal,Defender,right,192.0,https://img.a.transfermarkt.technology/portrait/header/257376-1583309064.jpg?lm=1,800000
Aitor Paredes,Athletic Club,1814,0.1136163175303197,0.0074421168687982,0.1488423373759647,2.282249173098126,0.0,83.58,1.835722160970232,51.67,3.0760749724366043,1.141124586549063,29/04/2000 00:00,Spain,Defender,right,185.0,https://img.a.transfermarkt.technology/portrait/header/591916-1709675052.png?lm=1,22000000
Fran Beltrán,Celta Vigo,2426,0.0374690849134377,0.0656636438582028,0.1483924154987634,9.64550700741962,0.3709810387469084,88.99,2.8194558944765045,41.67,4.414674361088211,1.2613355317394888,03/02/1999 00:00,Spain,Midfield,right,165.0,https://img.a.transfermarkt.technology/portrait/header/423444-1693921591.jpg?lm=1,6000000
Robert Navarro,Mallorca,1286,0.1392690513219284,0.1028771384136858,0.4199066874027993,10.217729393468115,2.4494556765163296,79.95,3.4292379471228616,35.71,6.578538102643857,0.9797822706065318,12/04/2002 00:00,Spain,Attack,right,178.0,https://img.a.transfermarkt.technology/portrait/header/563137-1567246327.jpg?lm=1,6000000
Cristhian Stuani,Girona FC,1068,0.4980337078651685,0.0817415730337078,1.601123595505618,2.528089887640449,0.1685393258426966,70.2,1.348314606741573,53.66,1.1797752808988764,2.9494382022471908,12/10/1986 00:00,Uruguay,Attack,right,184.0,https://img.a.transfermarkt.technology/portrait/header/59323-1726736068.jpg?lm=1,900000
Raúl Moro,Real Valladolid,2346,0.1599744245524296,0.210230179028133,0.6138107416879796,6.943734015345268,2.186700767263427,72.83,1.227621483375959,33.33,3.260869565217391,0.1534526854219949,05/12/2002 00:00,Spain,Attack,right,169.0,https://img.a.transfermarkt.technology/portrait/header/624942-1750837010.jpg?lm=1,2500000
Renato Tapia,Leganés,2433,0.0210850801479654,0.0303329223181257,0.2219482120838471,5.252774352651048,0.7028360049321825,79.54,3.255240443896424,56.14,5.733662145499383,1.405672009864365,28/07/1995 00:00,Peru,Midfield,right,185.0,https://img.a.transfermarkt.technology/portrait/header/277137-1718679726.jpg?lm=1,5000000
Nahuel Molina,Atlético Madrid,1581,0.0455407969639468,0.1092979127134724,0.0569259962049335,9.962049335863378,0.8538899430740038,82.52,3.2447817836812143,45.45,3.757115749525617,0.7400379506641366,06/04/1998 00:00,Argentina,Defender,right,175.0,https://img.a.transfermarkt.technology/portrait/header/424042-1697037362.jpg?lm=1,15000000
Nemanja Gudelj,Sevilla,2495,0.0303006012024048,0.034629258517034,0.2164328657314629,5.050100200400801,0.2164328657314629,88.46,2.488977955911824,63.01,2.6693386773547094,0.937875751503006,16/11/1991 00:00,Serbia,Midfield,right,187.0,https://img.a.transfermarkt.technology/portrait/header/74294-1718893660.jpg?lm=1,2500000
Juanlu Sánchez,Sevilla,1731,0.1117850953206239,0.0878682842287695,0.3119584055459272,8.890814558058924,0.5719237435008665,85.33,3.483535528596187,52.5,3.431542461005199,0.9358752166377816,15/08/2003 00:00,Spain,Defender,right,186.0,https://img.a.transfermarkt.technology/portrait/header/676042-1695240552.jpg?lm=1,15000000
Ricardo Rodríguez,Real Betis,1280,0.01265625,0.042890625,0.0703125,9.28125,0.28125,85.32,2.6015625,61.36,3.8671875,0.84375,25/08/1992 00:00,Switzerland,Defender,left,182.0,https://img.a.transfermarkt.technology/portrait/header/86784-1718216908.jpg?lm=1,3500000
Donny van de Beek,Girona FC,1438,0.0963838664812239,0.2228094575799722,0.3129346314325452,9.13769123783032,0.3755215577190542,83.72,2.4408901251738526,52.63,3.004172461752434,1.376912378303199,18/04/1997 00:00,Netherlands,Midfield,right,184.0,https://img.a.transfermarkt.technology/portrait/header/288255-1642174403.jpg?lm=1,2000000
Kike Pérez,Real Valladolid,1198,0.1547579298831385,0.081135225375626,0.3756260434056761,7.512520868113522,0.6010016694490817,82.15,3.3055091819699496,46.43,4.507512520868113,2.404006677796327,14/02/1997 00:00,Spain,Midfield,left,184.0,https://img.a.transfermarkt.technology/portrait/header/527698-1739282423.jpg?lm=1,2200000
Jon Aramburu,Real Sociedad,2471,0.0163901254552812,0.0498988263860785,0.1092675030352084,6.738162687171186,0.2913800080938891,80.8,4.8077701335491705,51.95,4.625657628490489,1.8211250505868068,23/07/2002 00:00,Venezuela,Defender,right,176.0,https://img.a.transfermarkt.technology/portrait/header/661145-1719915615.jpg?lm=1,5000000
Arnaut Danjuma,Girona FC,1548,0.2552325581395349,0.1360465116279069,0.988372093023256,8.720930232558139,1.3953488372093024,81.72,0.6976744186046512,50.0,2.441860465116279,0.988372093023256,31/01/1997 00:00,Netherlands,Attack,right,178.0,https://img.a.transfermarkt.technology/portrait/header/355861-1674657323.jpg?lm=1,13000000
Loïc Badé,Sevilla,2687,0.0211016002977298,0.0077037588388537,0.1339784145887607,3.81838481577968,0.569408262002233,86.44,2.5455898771864534,68.42,4.622255303312245,0.8708596948269446,11/04/2000 00:00,France,Defender,right,191.0,https://img.a.transfermarkt.technology/portrait/header/730581-1758704021.jpg?lm=1,28000000
,Real Valladolid,873,0.0278350515463917,0.0041237113402061,0.1030927835051546,1.752577319587629,0.3092783505154639,81.48,2.2680412371134024,70.45,3.608247422680413,0.6185567010309279,,,,,,,0
José Campaña,Las Palmas,1205,0.0097095435684647,0.0761825726141078,0.2240663900414937,10.829875518672198,0.5975103734439834,87.14,2.987551867219917,80.95,6.273858921161826,0.5228215767634855,31/05/1993 00:00,Spain,Midfield,right,179.0,https://img.a.transfermarkt.technology/portrait/header/120095-1601644816.jpg?lm=1,750000
Sheraldo Becker,Real Sociedad,994,0.1810865191146881,0.1512072434607645,1.1770623742454729,7.424547283702213,0.3621730382293762,77.05,0.3621730382293762,29.17,2.716297786720322,0.7243460764587525,09/02/1995 00:00,Suriname,Attack,right,180.0,https://img.a.transfermarkt.technology/portrait/header/188888-1692707512.jpg?lm=1,10000000
Ferland Mendy,Real Madrid,1007,0.0,0.0643495531281032,0.0,11.708043694141011,0.2681231380337637,94.32,2.323733862959285,66.67,3.217477656405164,0.4468718967229395,08/06/1995 00:00,France,Defender,left,180.0,https://img.a.transfermarkt.technology/portrait/header/291417-1701294025.jpg?lm=1,22000000
Yarek Gasiorowski,Valencia,955,0.1017801047120419,0.0320418848167539,0.0,4.712041884816754,0.0,81.64,4.335078534031414,64.86,3.769633507853403,0.4712041884816754,12/01/2005 00:00,Spain,Defender,left,191.0,https://img.a.transfermarkt.technology/portrait/header/895334-1730461387.jpg?lm=1,16000000
Pedro Díaz,Rayo Vallecano,1220,0.1172950819672131,0.1541803278688524,0.5901639344262295,12.098360655737704,1.475409836065574,84.17,2.2131147540983607,38.46,5.901639344262295,0.5163934426229508,05/06/1998 00:00,Spain,Midfield,right,180.0,https://img.a.transfermarkt.technology/portrait/header/363057-1664207844.jpg?lm=1,3000000
Álex Muñoz,Las Palmas,1430,0.0497202797202797,0.0427972027972027,0.3146853146853147,4.216783216783217,0.1258741258741258,82.32,3.461538461538461,53.19,2.202797202797203,1.888111888111888,30/07/1994 00:00,Spain,Defender,left,187.0,https://img.a.transfermarkt.technology/portrait/header/243760-1737365855.jpg?lm=1,1000000
Chimy Ávila,Real Betis,687,0.2397379912663755,0.1283842794759825,1.310043668122271,6.419213973799127,0.6550218340611353,76.14,1.310043668122271,46.67,3.6681222707423577,1.703056768558952,06/02/1994 00:00,Argentina,Attack,right,172.0,https://img.a.transfermarkt.technology/portrait/header/167721-1773344627.jpg?lm=1,1500000
Brais Méndez,Real Sociedad,1547,0.2053652230122818,0.1332255979314802,0.5235940530058176,12.217194570135746,0.8144796380090498,82.39,1.8034906270200384,38.78,4.421460892049127,2.385261797026503,07/01/1997 00:00,Spain,Midfield,left,187.0,https://img.a.transfermarkt.technology/portrait/header/309110-1665057568.jpg?lm=1,40000000
Marc-André ter Stegen,FC Barcelona,675,0.0,0.0013333333333333,0.0,0.1333333333333333,0.0,91.47,0.0,100.0,7.866666666666666,0.0,30/04/1992 00:00,Germany,Goalkeeper,right,187.0,https://img.a.transfermarkt.technology/portrait/header/74857-1674465246.jpg?lm=1,28000000
Alberto Moleiro,Las Palmas,2727,0.1808580858085808,0.1201320132013201,0.792079207920792,11.089108910891088,2.112211221122112,83.38,1.4851485148514851,17.86,4.356435643564357,1.023102310231023,30/09/2003 00:00,Spain,Attack,right,171.0,https://img.a.transfermarkt.technology/portrait/header/733576-1737365948.jpg?lm=1,30000000
Juanma Herzog,Las Palmas,1330,0.0581954887218045,0.0033834586466165,0.1353383458646616,1.3533834586466165,0.0,87.17,2.0300751879699246,63.38,2.774436090225564,0.4060150375939849,13/05/2004 00:00,Spain,Defender,right,186.0,https://img.a.transfermarkt.technology/portrait/header/1146029-1737365772.jpg?lm=1,1000000
Aitor Ruibal,Real Betis,1312,0.0617378048780487,0.1310213414634146,0.274390243902439,9.740853658536585,0.9603658536585366,84.82,3.155487804878049,35.0,4.870426829268292,0.6859756097560976,22/03/1996 00:00,Spain,Attack,right,176.0,https://img.a.transfermarkt.technology/portrait/header/378139-1773344244.jpg?lm=1,3500000
Oli McBurnie,Las Palmas,1861,0.2326168726491133,0.0493283181085437,0.6286942504030092,4.352498656636217,0.7737775389575497,65.85,1.015583019881784,47.31,1.9344438473938743,1.5475550779150995,04/06/1996 00:00,Scotland,Attack,right,188.0,https://img.a.transfermarkt.technology/portrait/header/298477-1700672702.jpg?lm=1,2500000
Hamari Traoré,Real Sociedad,706,0.0063739376770538,0.0522662889518413,0.0,7.776203966005666,0.764872521246459,87.43,3.5694050991501416,47.37,3.696883852691218,1.529745042492918,27/01/1992 00:00,Mali,Defender,right,175.0,https://img.a.transfermarkt.technology/portrait/header/297070-1664981394.jpg?lm=1,6000000
Gerard Martín,FC Barcelona,1045,0.0404784688995215,0.1421052631578947,0.1722488038277512,13.952153110047847,0.3444976076555024,85.08,3.014354066985646,70.0,3.6172248803827753,1.2057416267942584,26/02/2002 00:00,Spain,Defender,left,186.0,https://img.a.transfermarkt.technology/portrait/header/705395-1730119053.jpg?lm=1,0
Mikel Oyarzabal,Real Sociedad,2262,0.2840848806366047,0.0712201591511936,0.7161803713527851,4.854111405835544,0.3580901856763925,74.29,1.153846153846154,30.84,1.9098143236074272,0.5570291777188329,21/04/1997 00:00,Spain,Attack,left,181.0,https://img.a.transfermarkt.technology/portrait/header/351478-1749415304.jpg?lm=1,25000000
Pablo Durán,Celta Vigo,1411,0.2391920623671155,0.0637845499645641,0.6378454996456414,6.697377746279235,0.7654145995747696,73.73,1.5946137491141037,33.33,2.9340892983699507,2.0411055988660527,25/05/2001 00:00,Spain,Attack,right,176.0,https://img.a.transfermarkt.technology/portrait/header/905997-1761577329.jpg?lm=1,250000
Hugo Álvarez,Celta Vigo,1570,0.1410191082802548,0.1180891719745223,0.5159235668789809,12.439490445859876,1.834394904458599,79.2,1.9490445859872612,40.0,4.471337579617835,1.4331210191082804,02/07/2003 00:00,Spain,Attack,right,176.0,https://img.a.transfermarkt.technology/portrait/header/892929-1715867247.jpg?lm=1,1500000
Álvaro Tejero,Espanyol,1257,0.0443914081145584,0.2556085918854415,0.2863961813842482,7.374701670644391,0.2147971360381861,79.64,1.9331742243436756,50.0,4.582338902147972,1.002386634844869,20/07/1996 00:00,Spain,Defender,both,174.0,https://img.a.transfermarkt.technology/portrait/header/290273-1747385508.jpg?lm=1,2000000
Damián Rodríguez,Celta Vigo,944,0.0104872881355932,0.130614406779661,0.0,17.065677966101696,0.0,91.69,2.0021186440677967,0.0,4.671610169491525,1.2394067796610169,17/03/2003 00:00,Spain,Midfield,left,180.0,https://img.a.transfermarkt.technology/portrait/header/715628-1732612000.jpg?lm=1,500000
Mika Mármol,Las Palmas,2406,0.0153366583541147,0.0748129675810473,0.0,6.99501246882793,0.2618453865336658,79.39,3.703241895261845,56.0,2.917705735660848,1.234413965087282,02/07/2001 00:00,Spain,Defender,left,183.0,https://img.a.transfermarkt.technology/portrait/header/617060-1737366208.jpg?lm=1,15000000
,Espanyol,1425,0.0347368421052631,0.0524210526315789,0.1263157894736842,4.8,0.3789473684210526,77.65,3.4105263157894736,55.26,4.484210526315789,1.0105263157894735,,,,,,,0
Youssouf Sabaly,Real Betis,1589,0.0107614852108244,0.0521082441787287,0.0,8.722466960352422,0.4531151667715544,88.31,3.0018879798615483,40.91,4.927627438640655,1.0195091252359976,05/03/1993 00:00,Senegal,Defender,right,173.0,https://img.a.transfermarkt.technology/portrait/header/135492-1762259662.jpg?lm=1,2500000
Hugo Sotelo,Celta Vigo,1269,0.0134751773049645,0.1297872340425532,0.0,14.609929078014185,0.5673758865248227,88.62,2.3404255319148937,16.67,5.035460992907802,1.3475177304964538,19/12/2003 00:00,Spain,Midfield,right,180.0,https://img.a.transfermarkt.technology/portrait/header/892221-1758827715.jpg?lm=1,9000000
Juanpe,Girona FC,739,0.0085250338294993,0.0109607577807848,0.0,4.749661705006766,0.0,87.46,1.9485791610284169,71.43,2.6792963464140733,0.4871447902571042,30/04/1991 00:00,Spain,Defender,right,192.0,https://img.a.transfermarkt.technology/portrait/header/115333-1510233713.jpg?lm=1,500000
Iván Martín,Girona FC,2041,0.0762861342479176,0.0908378245957863,0.1322880940715335,14.287114159725624,1.1024007839294463,91.37,1.896129348358648,18.18,4.850563449289564,0.926016658500735,14/02/1999 00:00,Spain,Midfield,left,178.0,https://img.a.transfermarkt.technology/portrait/header/341278-1703177977.jpg?lm=1,6000000
Alfonso Pedraza,Villarreal,454,0.118942731277533,0.2696035242290749,0.3964757709251101,6.343612334801763,1.7841409691629957,78.66,1.7841409691629957,71.43,3.5682819383259914,0.7929515418502203,09/04/1996 00:00,Spain,Defender,left,184.0,https://img.a.transfermarkt.technology/portrait/header/356197-1620304916.jpg?lm=1,2500000
Fer López,Celta Vigo,690,0.358695652173913,0.1878260869565217,0.7826086956521738,12.52173913043478,2.347826086956521,86.61,1.434782608695652,18.18,3.260869565217391,1.6956521739130437,24/05/2004 00:00,Spain,Midfield,left,188.0,https://img.a.transfermarkt.technology/portrait/header/1064471-1744632582.jpg?lm=1,0
Diego López,Valencia,2760,0.2184782608695652,0.1519565217391304,0.4565217391304347,8.054347826086957,0.75,75.71,1.5326086956521738,20.0,3.4239130434782608,0.6847826086956521,03/11/1981 00:00,Spain,Goalkeeper,right,196.0,https://img.a.transfermarkt.technology/portrait/header/34370-1490690031.jpg?lm=1,300000
Beñat Prados,Athletic Club,1725,0.052695652173913,0.0699130434782608,0.2608695652173913,7.565217391304348,0.7826086956521738,82.47,4.330434782608696,57.69,4.747826086956522,2.0869565217391304,08/02/2001 00:00,Spain,Midfield,right,180.0,https://img.a.transfermarkt.technology/portrait/header/625047-1709675858.png?lm=1,15000000
Dani Cárdenas,Rayo Vallecano,540,0.0,0.0016666666666666,0.0,1.5,0.0,46.5,0.0,100.0,6.833333333333333,0.0,28/03/1997 00:00,Spain,Goalkeeper,right,186.0,https://img.a.transfermarkt.technology/portrait/header/397676-1663571879.jpg?lm=1,1800000
Ørjan Nyland,Sevilla,2674,0.0,0.0026925953627524,0.0,1.3462976813762153,0.0,59.08,0.1009723261032161,100.0,6.967090501121914,0.0336574420344053,10/09/1990 00:00,Norway,Goalkeeper,right,192.0,https://img.a.transfermarkt.technology/portrait/header/73517-1779430891.jpg?lm=1,900000
Facundo Garcés,Deportivo Alavés,676,0.0133136094674556,0.0958579881656804,0.1331360946745562,1.5976331360946745,0.0,76.41,1.4644970414201184,43.33,1.863905325443787,0.9319526627218936,05/09/1999 00:00,Malaysia,Defender,right,191.0,https://img.a.transfermarkt.technology/portrait/header/533354-1633539030.JPG?lm=1,0
Abdel Abqar,Deportivo Alavés,2467,0.0324685853263072,0.0142278070531009,0.0364815565464126,3.283340089177138,0.1094446696392379,76.95,2.7361167409809486,53.85,3.1738954195379003,1.7146331576813945,10/03/1999 00:00,Morocco,Defender,right,188.0,https://img.a.transfermarkt.technology/portrait/header/559979-1705337125.jpg?lm=1,7500000
Adrián Pica,Deportivo Alavés,507,0.0585798816568047,0.0071005917159763,0.1775147928994082,3.3727810650887573,0.1775147928994082,78.17,3.195266272189349,60.0,2.3076923076923075,1.0650887573964496,25/04/2002 00:00,Spain,Defender,right,190.0,https://img.a.transfermarkt.technology/portrait/header/895458-1751442592.jpg?lm=1,1000000
Florian Grillitsch,Real Valladolid,622,0.0115755627009646,0.0607717041800643,0.2893890675241157,7.668810289389067,1.5916398713826363,84.5,2.170418006430868,60.0,6.077170418006431,0.8681672025723473,07/08/1995 00:00,Austria,Midfield,right,187.0,https://img.a.transfermarkt.technology/portrait/header/195736-1691269821.jpg?lm=1,2000000
Munir El Haddadi,Leganés,877,0.1580387685290764,0.0513112884834663,0.9236031927023948,8.415051311288485,0.7183580387685291,79.12,1.3340935005701255,31.43,3.38654503990878,1.4367160775370582,01/09/1995 00:00,Morocco,Midfield,left,177.0,https://img.a.transfermarkt.technology/portrait/header/223725-1687272900.jpg?lm=1,2500000
Javi Guerra,Valencia,2593,0.0767065175472425,0.1117624373312765,0.3470883146934053,9.09371384496722,1.0065561126108755,80.43,2.4296182028538373,48.57,5.83108368684921,1.1801002699575782,15/03/1982 00:00,Spain,Attack,right,178.0,https://img.a.transfermarkt.technology/portrait/header/46215-1447238261.jpg?lm=1,200000
Johan Mojica,Mallorca,2753,0.030403196512895,0.144823828550672,0.0980748274609517,8.499818379949147,1.0788231020704686,78.02,2.059571376679985,33.33,5.917181256810752,0.5884489647657102,21/08/1992 00:00,Colombia,Defender,left,185.0,https://img.a.transfermarkt.technology/portrait/header/262939-1541161893.jpg?lm=1,1800000
Selim Amallah,Real Valladolid,1384,0.1658236994219653,0.0715317919075144,0.5202312138728323,6.372832369942197,2.145953757225433,83.42,2.861271676300578,23.81,4.747109826589595,2.0809248554913293,15/11/1996 00:00,Morocco,Midfield,right,185.0,https://img.a.transfermarkt.technology/portrait/header/377219-1616872969.jpg?lm=1,1500000
Óscar Rodríguez,Leganés,1325,0.1419622641509434,0.1141132075471698,0.4075471698113208,7.471698113207547,1.4264150943396228,76.78,3.5320754716981133,33.33,3.803773584905661,1.2905660377358492,28/06/1998 00:00,Spain,Midfield,right,174.0,https://img.a.transfermarkt.technology/portrait/header/284884-1697221442.jpg?lm=1,1800000
Omar Mascarell,Mallorca,2008,0.0228585657370517,0.0138944223107569,0.0896414342629482,5.333665338645418,0.4482071713147411,84.78,3.406374501992032,63.38,4.03386454183267,1.3446215139442232,02/02/1993 00:00,Equatorial Guinea,Midfield,right,181.0,https://img.a.transfermarkt.technology/portrait/header/142031-1531813358.jpg?lm=1,800000
Abel Bretones,Osasuna,2075,0.0212530120481927,0.0654939759036144,0.1734939759036144,6.636144578313252,0.780722891566265,76.29,3.383132530120481,55.26,4.597590361445783,1.0843373493975903,21/08/2000 00:00,Spain,Defender,left,188.0,https://img.a.transfermarkt.technology/portrait/header/658115-1690301272.jpg?lm=1,4500000
Pablo Marín,Real Sociedad,1261,0.1013481363996827,0.0549563838223632,0.4996034892942109,8.136399682791435,1.4274385408406027,82.12,2.141157811260904,40.91,4.425059476605869,1.3560666137985726,03/07/2003 00:00,Spain,Midfield,right,178.0,https://img.a.transfermarkt.technology/portrait/header/907813-1683212131.jpg?lm=1,1500000
Antonio Blanco,Deportivo Alavés,2738,0.0272826880934989,0.0591672753834916,0.0986121256391526,7.954711468224982,0.4930606281957633,80.79,3.5829072315558803,45.31,5.390796201607013,2.169466764061359,23/07/2000 00:00,Spain,Midfield,right,176.0,https://img.a.transfermarkt.technology/portrait/header/495621-1705337231.jpg?lm=1,10000000
Jesús Areso,Osasuna,3088,0.0064119170984455,0.0912240932642487,0.0,8.481217616580311,0.6994818652849741,80.92,1.7778497409326426,58.7,3.439119170984456,0.9034974093264247,02/07/1999 00:00,Spain,Defender,right,182.0,https://img.a.transfermarkt.technology/portrait/header/488626-1675800186.jpg?lm=1,10000000
Fernando Calero,Espanyol,738,0.0268292682926829,0.0097560975609756,0.1219512195121951,3.1707317073170733,0.0,85.83,4.146341463414634,43.33,3.1707317073170733,0.7317073170731708,14/09/1995 00:00,Spain,Defender,right,184.0,https://img.a.transfermarkt.technology/portrait/header/357884-1447238696.jpg?lm=1,2500000
William Carvalho,Real Betis,488,0.0405737704918032,0.1327868852459016,0.1844262295081967,20.28688524590164,0.5532786885245902,87.72,2.2131147540983607,54.55,5.348360655737705,1.290983606557377,07/04/1992 00:00,Portugal,Midfield,right,189.0,https://img.a.transfermarkt.technology/portrait/header/100131-1662113601.jpg?lm=1,3000000
,Rayo Vallecano,841,0.0481569560047562,0.0663495838287752,0.2140309155766944,8.668252080856123,0.535077288941736,76.8,5.671819262782401,56.0,5.885850178359096,1.9262782401902496,,,,,,,0
Carlos Benítez,Deportivo Alavés,515,0.0454368932038834,0.1100970873786407,0.3495145631067961,8.912621359223301,0.6990291262135923,70.18,4.718446601941747,50.0,5.592233009708738,3.145631067961165,25/11/2002 00:00,Spain,Midfield,right,175.0,https://img.a.transfermarkt.technology/portrait/header/default.jpg?lm=1,150000
Anuar,Real Valladolid,1728,0.0880208333333333,0.0369791666666666,0.3125,4.0625,0.3645833333333333,84.5,2.916666666666667,41.67,3.697916666666667,1.5625,15/01/1995 00:00,Morocco,Attack,right,173.0,https://img.a.transfermarkt.technology/portrait/header/327126-1541148555.jpg?lm=1,800000
Igor Zubeldia,Real Sociedad,2273,0.0277166739991201,0.0229652441706995,0.1583809942806863,4.395072591289045,0.2375714914210294,86.9,2.5736911570611527,43.62,3.405191377034756,1.50461944566652,30/03/1997 00:00,Spain,Defender,right,181.0,https://img.a.transfermarkt.technology/portrait/header/355628-1664974849.jpg?lm=1,9000000
Maroan Sannadi,Athletic Club,751,0.418242343541944,0.0790945406125166,0.8388814913448734,7.4300932090545935,1.6777629826897469,75.16,0.7190412782956058,46.88,2.8761651131824237,2.396804260985353,01/02/2001 00:00,Morocco,Attack,right,192.0,https://img.a.transfermarkt.technology/portrait/header/1054934-1736857054.jpg?lm=1,0
Jorge Herrando,Osasuna,1389,0.0803455723542116,0.0051835853131749,0.1943844492440604,2.3326133909287257,0.0647948164146868,86.11,1.8790496760259177,72.5,2.3326133909287257,1.6198704103671706,28/02/2001 00:00,Spain,Defender,left,192.0,https://img.a.transfermarkt.technology/portrait/header/555500-1732219992.jpg?lm=1,3500000
Ángel Correa,Atlético Madrid,795,0.5139622641509434,0.2535849056603774,1.5849056603773584,11.886792452830187,1.471698113207547,79.76,1.471698113207547,11.11,4.528301886792453,2.037735849056604,09/03/1995 00:00,Argentina,Attack,right,171.0,https://img.a.transfermarkt.technology/portrait/header/266807-1701212448.jpg?lm=1,9000000
Jesús Rodríguez,Real Betis,1129,0.1817537643932683,0.0550044286979627,0.6377325066430469,9.486271036315324,2.391496899911426,75.97,1.753764393268379,27.27,4.62356067316209,1.3551815766164748,21/05/1993 00:00,Mexico,Goalkeeper,,185.0,https://img.a.transfermarkt.technology/portrait/header/222010-1647123363.jpg?lm=1,0
Denis Suárez,Villarreal,619,0.1381260096930533,0.2588045234248788,0.4361873990306946,11.777059773828755,1.4539579967689822,83.4,2.1809369951534734,14.29,3.634894991922456,0.1453957996768982,06/01/1994 00:00,Spain,Midfield,right,176.0,https://img.a.transfermarkt.technology/portrait/header/165007-1687272769.jpg?lm=1,1500000
Coba da Costa,Getafe,1015,0.103743842364532,0.1321182266009852,0.70935960591133,6.472906403940886,1.6847290640394088,69.88,3.280788177339901,50.0,3.103448275862069,0.8866995073891625,26/07/2002 00:00,Guinea-Bissau,Attack,right,182.0,https://img.a.transfermarkt.technology/portrait/header/1033005-1732139109.JPG?lm=1,2500000
Borja Mayoral,Getafe,1105,0.2223529411764705,0.0260633484162895,0.7330316742081447,5.782805429864253,0.4886877828054298,81.25,0.5701357466063348,30.0,2.932126696832579,0.7330316742081447,05/04/1997 00:00,Spain,Attack,right,182.0,https://img.a.transfermarkt.technology/portrait/header/298976-1669365430.jpg?lm=1,7500000
Jorge de Frutos,Rayo Vallecano,2511,0.2275985663082437,0.0835125448028673,0.6810035842293907,6.666666666666667,1.146953405017921,73.83,2.0071684587813623,37.5,3.978494623655914,1.4695340501792116,20/02/1997 00:00,Spain,Attack,right,173.0,https://img.a.transfermarkt.technology/portrait/header/455181-1756820871.jpg?lm=1,4000000
Bojan Miovski,Girona FC,881,0.2768444948921679,0.0214528944381384,0.4086265607264472,2.553916004540295,0.3064699205448354,77.98,0.9194097616345062,36.11,1.3280363223609533,1.3280363223609533,24/06/1999 00:00,North Macedonia,Attack,left,189.0,https://img.a.transfermarkt.technology/portrait/header/476219-1611947628.jpeg?lm=1,2500000
Alex Král,Espanyol,2723,0.0535438854204921,0.0538744032317297,0.0661035622475211,4.957767168564083,0.9585016525890562,75.19,2.743297833272126,56.72,4.197576202717591,1.0246052148365772,19/05/1998 00:00,Czech Republic,Midfield,right,186.0,https://img.a.transfermarkt.technology/portrait/header/337333-1691614545.jpg?lm=1,5000000
Jailson,Celta Vigo,630,0.0214285714285714,0.0157142857142857,0.2857142857142857,7.285714285714286,0.4285714285714285,90.61,3.142857142857143,51.43,4.571428571428571,0.5714285714285714,07/09/1995 00:00,Brazil,Midfield,right,187.0,https://img.a.transfermarkt.technology/portrait/header/366948-1757574500.jpg?lm=1,1500000
Seydouba Cissé,Leganés,2451,0.1108935128518971,0.034516523867809,0.1835985312117503,8.115055079559363,1.1015911872705018,85.45,2.607099143206854,40.63,5.65483476132191,1.4320685434516522,10/02/2001 00:00,Guinea,Midfield,right,178.0,https://img.a.transfermarkt.technology/portrait/header/543537-1698881175.jpg?lm=1,0
Mikel Vesga,Athletic Club,995,0.0379899497487437,0.0669346733668341,0.271356783919598,9.678391959798995,0.6331658291457286,81.52,3.3467336683417086,60.98,5.969849246231156,1.2663316582914572,08/04/1993 00:00,Spain,Midfield,left,191.0,https://img.a.transfermarkt.technology/portrait/header/300168-1709675412.png?lm=1,4000000
Bertuğ Yıldırım,Getafe,1099,0.2096451319381256,0.0466787989080982,0.5732484076433121,3.193812556869882,0.5732484076433121,55.06,0.9008189262966334,52.14,1.9654231119199272,2.7024567788899,12/07/2002 00:00,Türkiye,Attack,right,191.0,https://img.a.transfermarkt.technology/portrait/header/672803-1759748214.jpg?lm=1,2200000
Gerard Gumbau,Rayo Vallecano,851,0.1142185663924794,0.0856639247943595,0.5287896592244419,8.883666274970622,0.2115158636897767,80.21,2.326674500587544,41.46,2.855464159811986,2.2209165687426555,18/12/1994 00:00,Spain,Midfield,left,188.0,https://img.a.transfermarkt.technology/portrait/header/268670-1499871303.jpg?lm=1,1400000
Adrià Altimira,Leganés,1646,0.0147630619684082,0.0382746051032806,0.1093560145808019,6.17861482381531,0.5467800729040098,81.5,3.0619684082624548,38.71,3.882138517618469,1.4763061968408264,28/03/2001 00:00,Spain,Defender,right,170.0,https://img.a.transfermarkt.technology/portrait/header/466807-1761075979.jpg?lm=1,2000000
Jon Guridi,Deportivo Alavés,2097,0.1467811158798283,0.0450643776824034,0.5150214592274678,8.15450643776824,0.3433476394849785,75.67,2.317596566523605,42.11,3.6909871244635193,1.502145922746781,28/02/1995 00:00,Spain,Midfield,left,179.0,https://img.a.transfermarkt.technology/portrait/header/289257-1604301765.jpg?lm=1,4000000
Scott McKenna,Las Palmas,2467,0.0372111876773409,0.0153222537494933,0.0,2.4442642886096477,0.1094446696392379,86.94,1.0944466963923791,65.89,2.5172274017024727,0.4742602351033644,12/11/1996 00:00,Scotland,Defender,left,189.0,https://img.a.transfermarkt.technology/portrait/header/255906-1718274297.jpg?lm=1,9000000
Thierry Correia,Valencia,771,0.0373540856031128,0.088715953307393,0.3501945525291829,8.054474708171206,1.050583657587549,73.37,3.618677042801557,33.33,4.43579766536965,1.7509727626459144,09/03/1999 00:00,Portugal,Defender,right,176.0,https://img.a.transfermarkt.technology/portrait/header/367466-1548510976.jpg?lm=1,3000000
Jon Pacheco,Real Sociedad,851,0.0095182138660399,0.0380728554641598,0.0,3.490011750881316,0.1057579318448883,83.33,2.538190364277321,51.35,3.7015276145710927,1.9036427732079904,08/01/2001 00:00,Spain,Defender,left,184.0,https://img.a.transfermarkt.technology/portrait/header/580560-1631178086.jpg?lm=1,5000000
Javi Sánchez,Real Valladolid,2031,0.0212703101920236,0.0168389955686853,0.2215657311669128,2.2156573116691285,0.0886262924667651,87.82,2.127031019202364,52.31,2.5258493353028064,0.8419497784342689,14/03/1997 00:00,Spain,Defender,right,189.0,https://img.a.transfermarkt.technology/portrait/header/340853-1448530734.jpg?lm=1,2500000
Irvin Cardona,Espanyol,601,0.1617304492512479,0.1826955074875207,0.4492512479201331,7.18801996672213,0.4492512479201331,65.49,1.7970049916805324,45.0,2.845257903494176,1.1980033277870217,08/08/1997 00:00,Malta,Attack,right,185.0,https://img.a.transfermarkt.technology/portrait/header/342226-1723534120.jpg?lm=1,2500000
Jon Ander Olasagasti,Real Sociedad,852,0.0971830985915493,0.076056338028169,0.2112676056338028,9.507042253521126,0.3169014084507042,78.99,3.8028169014084505,35.29,4.436619718309859,1.584507042253521,16/08/2000 00:00,Spain,Midfield,left,176.0,https://img.a.transfermarkt.technology/portrait/header/625660-1695238891.jpg?lm=1,1200000
Stefan Bajcetic,Las Palmas,975,0.0258461538461538,0.0276923076923076,0.1846153846153846,6.184615384615384,1.015384615384615,73.35,4.061538461538461,56.67,5.63076923076923,1.9384615384615385,22/10/2004 00:00,Spain,Midfield,right,185.0,https://img.a.transfermarkt.technology/portrait/header/864799-1661441233.jpg?lm=1,7000000
Toni Lato,Mallorca,650,0.0,0.1052307692307692,0.0,6.923076923076923,0.0,77.78,3.1846153846153844,46.15,4.153846153846154,1.6615384615384614,21/11/1997 00:00,Spain,Defender,left,171.0,https://img.a.transfermarkt.technology/portrait/header/320271-1496906352.jpg?lm=1,1500000
Cenk Özkacar,Real Valladolid,756,0.0154761904761904,0.0333333333333333,0.0,1.5476190476190474,0.0,84.65,3.214285714285714,44.44,3.571428571428571,0.5952380952380952,06/10/2000 00:00,Türkiye,Defender,left,190.0,https://img.a.transfermarkt.technology/portrait/header/615350-1641457298.jpg?lm=1,2000000
Williot Swedberg,Celta Vigo,1347,0.3547884187082405,0.1503340757238307,1.0022271714922049,7.750556792873051,0.6681514476614699,76.32,1.7371937639198218,34.78,3.0734966592427617,1.4031180400890868,01/02/2004 00:00,Sweden,Attack,right,187.0,https://img.a.transfermarkt.technology/portrait/header/764859-1765193019.jpg?lm=1,5000000
Héctor Fort,FC Barcelona,596,0.034731543624161,0.1978187919463087,0.0,16.459731543624162,0.3020134228187919,92.36,2.869127516778524,30.0,4.832214765100671,1.2080536912751678,02/08/2006 00:00,Spain,Defender,right,185.0,https://img.a.transfermarkt.technology/portrait/header/937955-1702504973.jpg?lm=1,10000000
Allan Nyom,Getafe,903,0.0508305647840531,0.0318936877076412,0.3986710963455149,5.083056478405315,0.3986710963455149,80.0,2.1926910299003324,32.0,3.18936877076412,1.7940199335548173,10/05/1988 00:00,Cameroon,Defender,right,189.0,https://img.a.transfermarkt.technology/portrait/header/111508-1541162382.jpg?lm=1,200000
Carlos Martín,Deportivo Alavés,1336,0.1542664670658682,0.0943113772455089,0.8083832335329341,5.389221556886227,0.6062874251497006,68.28,3.2335329341317363,45.71,3.7050898203592815,2.155688622754491,22/04/2002 00:00,Spain,Attack,right,184.0,https://img.a.transfermarkt.technology/portrait/header/618813-1707924109.jpg?lm=1,2500000
Adrián Embarba,Rayo Vallecano,1626,0.1173431734317343,0.140590405904059,0.6642066420664207,8.025830258302584,1.1070110701107012,74.1,2.988929889298893,29.17,3.708487084870849,1.3837638376383763,07/05/1992 00:00,Spain,Attack,right,173.0,https://img.a.transfermarkt.technology/portrait/header/288318-1583506487.jpg?lm=1,1000000
Vitor Roque,Real Betis,1237,0.4445432497978981,0.0487469684721099,1.3823767178658044,3.783346806790623,0.7275666936135813,73.4,1.3096200485044462,31.91,2.5464834276475345,2.182700080840744,28/02/2005 00:00,Brazil,Attack,right,174.0,https://img.a.transfermarkt.technology/portrait/header/943837-1744743482.jpg?lm=1,35000000
Luis Pérez,Real Valladolid,2558,0.0052775605942142,0.0928850664581704,0.070367474589523,5.0312744331509,0.4222048475371384,80.59,2.462861610633307,33.33,2.7091477716966383,0.4573885848318999,04/02/1995 00:00,Spain,Defender,right,175.0,https://img.a.transfermarkt.technology/portrait/header/358115-1755778491.jpg?lm=1,1200000
Takuma Asano,Mallorca,1067,0.2083411433926898,0.0531396438612933,0.6747891283973758,5.398313027179007,0.5060918462980318,73.37,1.6026241799437675,18.75,3.542642924086223,0.4217432052483598,10/11/1994 00:00,Japan,Attack,right,173.0,https://img.a.transfermarkt.technology/portrait/header/245744-1657284052.jpg?lm=1,1800000
Lucas Rosa,Real Valladolid,1890,0.0409523809523809,0.0733333333333333,0.1428571428571428,4.714285714285714,0.6666666666666666,79.94,3.9047619047619047,64.29,4.190476190476191,1.6666666666666667,03/04/2000 00:00,Brazil,Defender,right,177.0,https://img.a.transfermarkt.technology/portrait/header/468309-1761068100.jpg?lm=1,4000000
Rodrigo Riquelme,Atlético Madrid,522,0.1482758620689655,0.1344827586206896,0.6896551724137931,15.517241379310343,1.0344827586206895,87.22,2.241379310344828,42.86,3.6206896551724137,1.3793103448275863,02/04/2000 00:00,Spain,Attack,right,174.0,https://img.a.transfermarkt.technology/portrait/header/461617-1701212385.jpg?lm=1,8000000
Manuel Sánchez,Deportivo Alavés,2646,0.0571428571428571,0.0438775510204081,0.0680272108843537,5.680272108843537,0.272108843537415,73.08,3.8435374149659856,21.43,3.571428571428572,1.9047619047619049,06/02/2006 00:00,Mexico,Defender,,178.0,https://img.a.transfermarkt.technology/portrait/header/default.jpg?lm=1,0
Beñat Turrientes,Real Sociedad,939,0.0527156549520766,0.0373801916932907,0.1916932907348242,9.77635782747604,1.2460063897763578,92.13,1.9169329073482428,35.71,4.313099041533547,1.2460063897763578,31/01/2002 00:00,Spain,Midfield,right,181.0,https://img.a.transfermarkt.technology/portrait/header/634431-1702416501.jpg?lm=1,8000000
Randy Nteka,Rayo Vallecano,1152,0.2039062499999999,0.0249999999999999,0.625,4.53125,0.390625,66.06,1.5625,44.09,2.03125,3.046875,06/12/1997 00:00,Angola,Midfield,left,189.0,https://img.a.transfermarkt.technology/portrait/header/560483-1600680162.jpg?lm=1,1200000
Oriol Romeu,Girona FC,1375,0.0091636363636363,0.0484363636363636,0.0654545454545454,10.145454545454545,0.2618181818181818,90.86,3.2727272727272725,41.94,4.647272727272727,1.8327272727272723,24/09/1991 00:00,Spain,Midfield,right,183.0,https://img.a.transfermarkt.technology/portrait/header/66100-1701118491.jpg?lm=1,700000
,Osasuna,765,0.4070588235294117,0.0529411764705882,1.411764705882353,5.764705882352941,1.2941176470588236,71.7,1.5294117647058822,48.84,1.6470588235294117,1.2941176470588236,,,,,,,0
Stoichkov,Deportivo Alavés,701,0.1412268188302425,0.0937232524964336,0.3851640513552068,7.0613409415121255,0.7703281027104137,65.5,1.9258202567760343,28.57,5.6490727532097,1.155492154065621,05/11/1993 00:00,Spain,Attack,right,178.0,https://img.a.transfermarkt.technology/portrait/header/271021-1572959967.jpg?lm=1,0
Óscar Valentín,Rayo Vallecano,1845,0.0209756097560975,0.0541463414634146,0.048780487804878,7.073170731707317,0.2439024390243902,83.17,3.707317073170732,45.83,5.317073170731708,2.7804878048780486,20/08/1994 00:00,Spain,Midfield,right,177.0,https://img.a.transfermarkt.technology/portrait/header/517753-1765909833.jpg?lm=1,4000000
Brian Oliván,Espanyol,1024,0.031640625,0.0729492187499999,0.087890625,7.119140625,0.087890625,75.38,2.021484375,23.08,2.4609375,1.142578125,01/04/1994 00:00,Spain,Defender,left,175.0,https://img.a.transfermarkt.technology/portrait/header/166677-1626938634.jpg?lm=1,6000000
,Getafe,2553,0.0126909518213866,0.0292596944770857,0.0,4.477085781433607,0.2467685076380728,77.96,1.6216216216216215,59.46,3.595769682726204,1.4101057579318448,,,,,,,0
Pol Lozano,Espanyol,1958,0.0078140960163432,0.0450459652706843,0.0919305413687436,7.722165474974464,0.229826353421859,85.13,3.447395301327885,38.46,3.953013278855976,2.574055158324821,06/10/1999 00:00,Spain,Midfield,right,176.0,https://img.a.transfermarkt.technology/portrait/header/412045-1568028635.jpg?lm=1,2000000
Raúl Albiol,Villarreal,1199,0.0075062552126772,0.0097581317764804,0.0,2.6271893244370306,0.0,89.64,1.201000834028357,66.67,3.3027522935779814,0.8256880733944953,04/09/1985 00:00,Spain,Defender,right,190.0,https://img.a.transfermarkt.technology/portrait/header/15452-1664974689.jpg?lm=1,800000
Iñigo Lekue,Athletic Club,768,0.0210937499999999,0.059765625,0.0,7.3828125,0.703125,80.41,2.8125,75.0,4.5703125,0.5859375,04/05/1993 00:00,Spain,Defender,right,180.0,https://img.a.transfermarkt.technology/portrait/header/255501-1709675295.png?lm=1,3000000
Aihen Muñoz,Real Sociedad,1104,0.0130434782608695,0.0220108695652173,0.0,5.869565217391304,0.5706521739130435,77.39,3.097826086956521,58.54,3.505434782608696,1.2228260869565215,16/08/1997 00:00,Spain,Defender,left,175.0,https://img.a.transfermarkt.technology/portrait/header/517842-1699007158.jpg?lm=1,8000000
Juanmi Latasa,Real Valladolid,1403,0.2822523164647185,0.0256593014967925,0.8339272986457591,2.950819672131148,0.5131860299358517,60.24,0.2565930149679258,61.54,1.5395580898075554,2.5659301496792586,23/03/2001 00:00,Spain,Attack,left,192.0,https://img.a.transfermarkt.technology/portrait/header/623521-1696862713.jpg?lm=1,2000000
Aleksandar Sedlar,Deportivo Alavés,600,0.0045,0.0045,0.0,2.4,0.0,82.83,4.2,60.0,2.7,1.35,13/12/1991 00:00,Serbia,Defender,right,180.0,https://img.a.transfermarkt.technology/portrait/header/237499-1583331610.jpg?lm=1,275000
Portu,Girona FC,792,0.1818181818181818,0.1727272727272727,0.4545454545454545,8.409090909090908,0.4545454545454545,78.74,1.477272727272727,43.48,2.727272727272727,1.5909090909090908,21/05/1992 00:00,Spain,Attack,right,167.0,https://img.a.transfermarkt.technology/portrait/header/99353-1669365520.jpg?lm=1,1500000
Antoniu Roca,Espanyol,1042,0.0751439539347408,0.0915547024952015,0.345489443378119,5.959692898272553,2.504798464491363,72.82,2.504798464491363,25.0,3.3685220729366603,1.6410748560460653,05/09/2002 00:00,Spain,Attack,right,180.0,https://img.a.transfermarkt.technology/portrait/header/834744-1734596565.jpg?lm=1,0
Ander Barrenetxea,Real Sociedad,1258,0.117329093799682,0.1767090620031796,0.5723370429252782,9.94435612082671,1.860095389507154,77.39,2.647058823529412,31.82,6.29570747217806,2.360890302066773,27/12/2001 00:00,Spain,Attack,right,175.0,https://img.a.transfermarkt.technology/portrait/header/616369-1699472801.jpg?lm=1,20000000
Carles Pérez,Getafe,1436,0.1485376044568245,0.0821030640668523,0.564066852367688,5.577994428969359,1.3161559888579386,73.54,2.4442896935933147,31.71,3.1337047353760443,2.7576601671309198,16/02/1998 00:00,Spain,Attack,left,173.0,https://img.a.transfermarkt.technology/portrait/header/282810-1698852701.jpg?lm=1,1800000
Iván Balliu,Rayo Vallecano,1225,0.000734693877551,0.0271836734693877,0.0,6.685714285714286,0.2204081632653061,77.59,2.204081632653061,33.33,2.86530612244898,1.3959183673469389,01/01/1992 00:00,Albania,Defender,right,172.0,https://img.a.transfermarkt.technology/portrait/header/85295-1688119678.jpg?lm=1,1200000
Mamadou Sylla,Real Valladolid,1601,0.1090568394753279,0.0365396627108057,0.3935040599625234,3.372891942535915,0.2810743285446596,65.04,0.6745783885071831,41.18,1.9675202998126171,0.8994378513429108,20/03/1994 00:00,Senegal,Attack,right,180.0,https://img.a.transfermarkt.technology/portrait/header/166683-1592750860.png?lm=1,1200000
Walid Cheddira,Espanyol,641,0.140405616224649,0.063182527301092,0.561622464898596,3.229329173166927,0.561622464898596,72.28,0.842433697347894,37.5,2.667706708268331,4.21216848673947,22/01/1998 00:00,Morocco,Attack,right,187.0,https://img.a.transfermarkt.technology/portrait/header/521407-1770273321.jpg?lm=1,6000000
José Gragera,Espanyol,569,0.007908611599297,0.007908611599297,0.0,3.637961335676626,0.0,87.96,4.586994727592267,64.71,2.688927943760984,2.8471001757469248,14/05/2000 00:00,Spain,Midfield,right,186.0,https://img.a.transfermarkt.technology/portrait/header/557147-1664207582.jpg?lm=1,1500000
Ander Guevara,Deportivo Alavés,1953,0.0396313364055299,0.0290322580645161,0.1382488479262673,8.294930875576037,0.4147465437788019,77.45,2.903225806451613,45.07,5.529953917050691,1.7972350230414746,07/07/1997 00:00,Spain,Midfield,right,180.0,https://img.a.transfermarkt.technology/portrait/header/465967-1705338008.jpg?lm=1,5000000
Jofre Carreras,Espanyol,2191,0.1031036056595161,0.0764034687357371,0.4518484710178,5.011410314924692,1.6020082154267457,72.21,1.519853947968964,22.73,4.313099041533547,1.1501597444089458,17/06/2001 00:00,Spain,Attack,right,175.0,https://img.a.transfermarkt.technology/portrait/header/628498-1747385604.jpg?lm=1,600000
Pablo Ibáñez,Osasuna,1307,0.106044376434583,0.025478194338179,0.3442999234889058,7.57459831675593,0.8951798010711554,76.63,2.6166794185156848,43.18,3.856159143075746,1.928079571537873,20/09/1998 00:00,Spain,Midfield,right,179.0,https://img.a.transfermarkt.technology/portrait/header/785353-1680676751.jpg?lm=1,3000000
Darwin Machís,Real Valladolid,643,0.1273716951788491,0.1273716951788491,0.2799377916018662,6.578538102643857,0.6998444790046656,72.4,1.3996889580093312,75.0,4.758942457231726,0.5598755832037324,07/02/1993 00:00,Venezuela,Attack,right,170.0,https://img.a.transfermarkt.technology/portrait/header/211251-1719836851.jpg?lm=1,450000
Javi Hernández,Leganés,2399,0.0285118799499791,0.05177157148812,0.2250937890787828,6.002501042100875,0.6002501042100875,77.16,1.838265944143393,47.73,4.2017507294706125,1.838265944143393,02/05/1998 00:00,Spain,Defender,left,180.0,https://img.a.transfermarkt.technology/portrait/header/422466-1770126002.png?lm=1,2000000
Cyle Larin,Mallorca,1781,0.2875350926445816,0.0217293655249859,0.7580011229646266,3.587871982032566,0.4042672655811342,69.06,0.6569343065693432,43.42,2.324536777091522,1.617069062324537,17/04/1995 00:00,Canada,Attack,right,188.0,https://img.a.transfermarkt.technology/portrait/header/343463-1720430112.jpg?lm=1,3500000
Dimitri Foulquier,Valencia,2298,0.016840731070496,0.0783289817232375,0.0783289817232375,6.383812010443863,0.3133159268929503,81.46,2.5065274151436028,38.24,3.7989556135770233,0.9399477806788512,23/03/1993 00:00,Guadeloupe,Defender,right,183.0,https://img.a.transfermarkt.technology/portrait/header/170472-1447230887.jpg?lm=1,1200000
Umar Sadiq,Valencia,1049,0.3105815061963775,0.0437559580552907,0.6005719733079123,4.804575786463299,1.372735938989514,68.98,1.201143946615825,50.0,1.6301239275500476,3.1744518589132507,02/02/1997 00:00,Nigeria,Attack,right,191.0,https://img.a.transfermarkt.technology/portrait/header/337715-1728040426.jpg?lm=1,4000000
Adam Aznou,Real Valladolid,874,0.02883295194508,0.0381006864988558,0.102974828375286,4.324942791762014,1.956521739130435,70.99,3.91304347826087,68.75,5.766590389016018,1.4416475972540046,02/06/2006 00:00,Morocco,Defender,left,178.0,https://img.a.transfermarkt.technology/portrait/header/938146-1739807816.jpg?lm=1,7000000
Reinildo Mandava,Atlético Madrid,950,0.0066315789473684,0.0161052631578947,0.0947368421052631,5.873684210526316,0.3789473684210526,84.04,3.221052631578948,40.0,4.926315789473684,1.8,21/01/1994 00:00,Mozambique,Defender,left,180.0,https://img.a.transfermarkt.technology/portrait/header/240692-1666818500.jpg?lm=1,5000000
Romain Perraud,Real Betis,2006,0.0246759720837487,0.060568295114656,0.2243270189431705,9.19740777666999,0.4935194416749751,83.11,2.602193419740778,33.33,4.262213359920239,1.166500498504487,22/09/1997 00:00,France,Defender,left,173.0,https://img.a.transfermarkt.technology/portrait/header/318523-1582538263.jpg?lm=1,5000000
Álex Suárez,Las Palmas,2468,0.0193273905996758,0.0076580226904376,0.1094003241491086,2.589141004862237,0.0,86.0,1.932739059967585,35.14,2.479740680713128,0.9846029173419774,18/03/1993 00:00,Spain,Defender,right,180.0,https://img.a.transfermarkt.technology/portrait/header/510396-1702391032.jpg?lm=1,1200000
Peque Fernández,Sevilla,1164,0.1925257731958763,0.072680412371134,0.3092783505154639,8.350515463917526,0.8505154639175257,82.01,1.855670103092784,25.71,3.170103092783505,1.7010309278350515,04/10/2002 00:00,Spain,Attack,right,172.0,https://img.a.transfermarkt.technology/portrait/header/639733-1615192753.jpg?lm=1,3500000
Cédric Bakambu,Real Betis,710,0.4030985915492958,0.096338028169014,1.3943661971830985,5.070422535211267,0.1267605633802817,68.29,0.7605633802816901,30.0,3.169014084507042,2.9154929577464785,11/04/1991 00:00,DR Congo,Attack,right,182.0,https://img.a.transfermarkt.technology/portrait/header/127048-1766415258.jpg?lm=1,1400000
Marcos André,Real Valladolid,1208,0.2004139072847682,0.0216059602649006,0.1490066225165562,3.129139072847682,1.2665562913907285,66.83,0.968543046357616,52.17,3.2781456953642385,0.8940397350993378,20/10/1996 00:00,Brazil,Attack,right,185.0,https://img.a.transfermarkt.technology/portrait/header/481084-1601535152.jpg?lm=1,800000
Antonio Sánchez,Mallorca,1401,0.0693790149892933,0.0616702355460385,0.1284796573875803,6.295503211991435,0.8993576017130621,76.27,2.955032119914347,29.17,4.946466809421842,1.5417558886509637,22/04/1997 00:00,Spain,Midfield,right,179.0,https://img.a.transfermarkt.technology/portrait/header/513031-1576533215.jpg?lm=1,2400000
Pere Milla,Espanyol,459,0.2882352941176471,0.0627450980392156,0.9803921568627452,5.882352941176471,0.3921568627450981,62.76,1.7647058823529411,57.89,4.901960784313726,0.9803921568627452,23/09/1992 00:00,Spain,Attack,left,180.0,https://img.a.transfermarkt.technology/portrait/header/225593-1541151194.jpg?lm=1,1200000
Darko Brasanac,Leganés,1620,0.0972222222222222,0.0305555555555555,0.1666666666666666,6.5,0.1111111111111111,77.0,2.333333333333333,32.79,3.388888888888889,2.111111111111111,12/02/1992 00:00,Serbia,Midfield,right,178.0,https://img.a.transfermarkt.technology/portrait/header/95641-1541146477.jpg?lm=1,400000
Álvaro Djaló,Athletic Club,657,0.1136986301369862,0.0863013698630137,0.4109589041095891,3.6986301369863015,1.9178082191780823,71.43,1.2328767123287672,35.48,3.8356164383561646,2.602739726027397,16/08/1999 00:00,Guinea-Bissau,Attack,right,175.0,https://img.a.transfermarkt.technology/portrait/header/671649-1762259842.jpg?lm=1,4500000
Yoel Lago,Celta Vigo,583,0.0,0.0077186963979416,0.0,4.631217838765009,0.4631217838765008,92.45,2.469982847341338,33.33,3.39622641509434,2.469982847341338,25/03/2004 00:00,Spain,Defender,right,185.0,https://img.a.transfermarkt.technology/portrait/header/939374-1758827211.jpg?lm=1,200000
Sergi Gómez,Espanyol,671,0.0388971684053651,0.002682563338301,0.1341281669150521,0.6706408345752608,0.0,89.11,2.011922503725782,33.33,2.1460506706408347,0.8047690014903129,28/03/1992 00:00,Spain,Defender,right,185.0,https://img.a.transfermarkt.technology/portrait/header/92947-1447159892.jpg?lm=1,2000000
Pau Navarro,Villarreal,917,0.0009814612868047,0.0166848418756815,0.0,6.183206106870229,0.2944383860414395,90.47,2.649945474372956,39.13,4.5147219193020725,0.9814612868047984,25/04/2005 00:00,Spain,Defender,right,185.0,https://img.a.transfermarkt.technology/portrait/header/1061336-1734596703.jpg?lm=1,5000000
Mario Martín,Real Valladolid,1761,0.0899488926746167,0.0633730834752981,0.6643952299829642,5.672913117546848,0.9710391822827938,85.75,4.241908006814311,47.69,4.241908006814311,2.5553662691652472,05/03/2004 00:00,Spain,Midfield,right,177.0,https://img.a.transfermarkt.technology/portrait/header/948273-1707861820.jpg?lm=1,300000
Anastasios Douvikas,Celta Vigo,692,0.5722543352601156,0.0286127167630057,1.1705202312138727,2.601156069364162,0.5202312138728323,71.43,1.560693641618497,39.47,1.9508670520231213,1.300578034682081,02/08/1999 00:00,Greece,Attack,right,186.0,https://img.a.transfermarkt.technology/portrait/header/523318-1682331342.jpg?lm=1,6000000
Jesús Vázquez,Valencia,927,0.0155339805825242,0.0572815533980582,0.0970873786407767,7.0873786407766985,1.3592233009708736,77.04,3.203883495145631,48.0,4.077669902912621,1.6504854368932038,18/01/1980 00:00,Spain,Midfield,right,183.0,https://img.a.transfermarkt.technology/portrait/header/s_27683_897_2012_2.jpg?lm=1,50000
Aritz Elustondo,Real Sociedad,1463,0.0264524948735475,0.0227614490772385,0.0,4.429254955570745,0.1845522898154477,86.34,1.9070403280929595,52.73,3.260423786739576,1.5379357484620642,28/03/1994 00:00,Spain,Defender,right,180.0,https://img.a.transfermarkt.technology/portrait/header/229804-1664970965.jpg?lm=1,1800000
Tamás Nikitscher,Real Valladolid,855,0.0073684210526315,0.0094736842105263,0.1052631578947368,3.3684210526315788,0.5263157894736842,91.61,2.9473684210526314,62.5,3.5789473684210527,1.894736842105263,03/11/1999 00:00,Hungary,Midfield,right,193.0,https://img.a.transfermarkt.technology/portrait/header/633056-1732087351.jpg?lm=1,500000
Abel Ruiz,Girona FC,1357,0.2142225497420781,0.048415622697126,0.5969049373618276,5.305821665438467,0.4642593957258659,89.43,0.7295504789977892,32.14,1.3927781871775975,0.4642593957258659,28/01/2000 00:00,Spain,Attack,right,182.0,https://img.a.transfermarkt.technology/portrait/header/340376-1694617385.jpg?lm=1,3000000
Juan Bernat,Getafe,945,0.0438095238095238,0.0819047619047619,0.0952380952380952,6.190476190476191,1.4285714285714286,76.64,2.952380952380953,50.0,3.7142857142857135,1.0476190476190477,01/03/1993 00:00,Spain,Defender,left,170.0,https://img.a.transfermarkt.technology/portrait/header/126719-1672304606.jpg?lm=1,1500000
Enric Franquesa,Leganés,630,0.0428571428571428,0.0185714285714285,0.1428571428571428,2.857142857142857,1.2857142857142858,73.01,3.142857142857143,50.0,4.142857142857143,1.1428571428571428,26/02/1997 00:00,Spain,Defender,left,175.0,https://img.a.transfermarkt.technology/portrait/header/282700-1625480292.jpg?lm=1,1000000
Tomás Conechny,Deportivo Alavés,851,0.2527614571092832,0.0824911868390129,1.0575793184488838,6.239717978848414,0.6345475910693302,67.14,2.2209165687426555,51.11,4.759106933019976,2.9612220916568743,30/03/1998 00:00,Argentina,Attack,left,176.0,https://img.a.transfermarkt.technology/portrait/header/401571-1752788547.jpg?lm=1,0
Alejo Veliz,Espanyol,1131,0.183023872679045,0.0079575596816976,0.4774535809018568,2.387267904509284,0.0795755968169761,64.86,0.3978779840848806,47.27,1.5915119363395225,1.5915119363395225,19/09/2003 00:00,Argentina,Attack,right,186.0,https://img.a.transfermarkt.technology/portrait/header/888493-1674736266.JPG?lm=1,9000000
Iker Muñoz,Osasuna,618,0.0626213592233009,0.1033980582524271,0.0,9.611650485436892,0.2912621359223301,80.0,1.3106796116504855,47.83,4.077669902912621,1.7475728155339807,05/09/2002 00:00,Spain,Midfield,right,180.0,https://img.a.transfermarkt.technology/portrait/header/710677-1697557434.jpg?lm=1,2000000
Juan Cruz,Osasuna,1514,0.0077278731836195,0.0124834874504623,0.0,6.122853368560105,0.059445178335535,82.4,2.080581241743725,47.37,2.7344782034346102,0.95112285336856,28/07/1992 00:00,Spain,Defender,left,182.0,https://img.a.transfermarkt.technology/portrait/header/169497-1732219962.jpg?lm=1,1200000
Marvin Park,Las Palmas,1029,0.0218658892128279,0.1023323615160349,0.0,6.997084548104956,0.1749271137026239,78.85,3.498542274052478,37.04,4.635568513119534,1.749271137026239,03/07/2000 00:00,Spain,Defender,right,177.0,https://img.a.transfermarkt.technology/portrait/header/603940-1718888602.jpg?lm=1,1200000
Juanmi,Getafe,961,0.3390218522372529,0.0271592091571279,0.7492195629552549,4.120707596253903,0.7492195629552549,78.61,2.247658688865765,57.14,3.4651404786680544,2.341311134235172,20/05/1993 00:00,Spain,Attack,right,172.0,https://img.a.transfermarkt.technology/portrait/header/126737-1653043231.jpg?lm=1,1200000
Iker Losada,Celta Vigo,718,0.1917827298050139,0.1002785515320334,0.3760445682451253,10.403899721448468,0.5013927576601671,76.92,2.13091922005571,31.25,3.384401114206128,0.5013927576601671,01/08/2001 00:00,Spain,Attack,right,175.0,https://img.a.transfermarkt.technology/portrait/header/632741-1569337955.jpg?lm=1,500000
Jesús Owono,Deportivo Alavés,486,0.0,0.0018518518518518,0.0,2.0370370370370368,0.1851851851851851,58.0,0.1851851851851851,100.0,5.37037037037037,0.1851851851851851,01/03/2001 00:00,Equatorial Guinea,Goalkeeper,both,186.0,https://img.a.transfermarkt.technology/portrait/header/631693-1767009098.jpg?lm=1,1000000
Diego García,Leganés,1218,0.2933497536945813,0.0169950738916256,0.6650246305418719,3.251231527093596,0.2955665024630542,65.03,0.2216748768472906,33.59,1.8472906403940887,1.625615763546798,18/04/2000 00:00,Spain,Attack,right,188.0,https://img.a.transfermarkt.technology/portrait/header/852727-1701788787.jpg?lm=1,1500000
Abdón Prats,Mallorca,465,0.2883870967741935,0.0232258064516129,1.161290322580645,3.096774193548387,0.1935483870967742,67.05,0.5806451612903225,35.29,2.5161290322580645,1.161290322580645,07/12/1992 00:00,Spain,Attack,left,181.0,https://img.a.transfermarkt.technology/portrait/header/177452-1696950061.jpg?lm=1,900000
Willy Kambwala,Villarreal,1114,0.0258527827648114,0.0072710951526032,0.0807899461400359,1.2118491921005383,0.4039497307001795,88.39,2.181328545780969,47.06,2.423698384201077,0.4039497307001795,25/08/2004 00:00,France,Defender,right,192.0,https://img.a.transfermarkt.technology/portrait/header/780630-1743688107.jpg?lm=1,4000000
Álvaro Aguado,Espanyol,463,0.112742980561555,0.0796976241900647,0.1943844492440604,12.63498920086393,0.9719222462203024,80.17,1.749460043196544,75.0,7.1922246220302375,0.9719222462203024,01/05/1996 00:00,Spain,Midfield,right,175.0,https://img.a.transfermarkt.technology/portrait/header/449496-1659984006.jpeg?lm=1,3000000
Chuki,Real Valladolid,731,0.253625170998632,0.1822161422708618,0.8618331053351573,3.32421340629275,0.4924760601915185,74.64,0.984952120383037,16.67,2.4623803009575926,0.3693570451436389,29/04/2004 00:00,Spain,Midfield,left,176.0,https://img.a.transfermarkt.technology/portrait/header/926763-1700777200.jpg?lm=1,4000000
Fran Pérez,Valencia,604,0.0461920529801324,0.2309602649006622,0.1490066225165562,9.387417218543046,1.1920529801324502,81.63,2.980132450331126,41.67,4.02317880794702,0.8940397350993378,09/09/2002 00:00,Spain,Attack,right,176.0,https://img.a.transfermarkt.technology/portrait/header/622988-1683212780.jpg?lm=1,8000000
Rafa Mir,Valencia,743,0.3609690444145356,0.0593539703903095,0.969044414535666,5.2086137281292055,0.2422611036339165,73.44,2.0592193808882904,35.29,2.1803499327052487,1.5746971736204574,18/06/1997 00:00,Spain,Attack,right,191.0,https://img.a.transfermarkt.technology/portrait/header/361254-1720020544.jpg?lm=1,2500000
Adama Boiro,Athletic Club,1104,0.0203804347826086,0.0464673913043478,0.0,7.092391304347825,0.6521739130434783,83.87,2.608695652173913,65.38,3.668478260869565,1.059782608695652,22/06/2002 00:00,Spain,Defender,left,183.0,https://img.a.transfermarkt.technology/portrait/header/710671-1709677000.png?lm=1,0
Stanko Juric,Real Valladolid,1746,0.0417525773195876,0.0134020618556701,0.1030927835051546,3.350515463917526,0.3092783505154639,84.55,3.65979381443299,67.57,4.690721649484536,1.9587628865979383,16/08/1996 00:00,Croatia,Midfield,right,188.0,https://img.a.transfermarkt.technology/portrait/header/388125-1614711691.jpg?lm=1,1200000
Unai Gómez,Athletic Club,1277,0.1303837118245888,0.0606108065779169,0.2819107282693813,5.990602975724355,0.8457321848081442,77.14,0.9866875489428348,48.33,2.9600626468285043,0.8457321848081442,25/05/2003 00:00,Spain,Midfield,left,183.0,https://img.a.transfermarkt.technology/portrait/header/834752-1709676122.png?lm=1,6000000
Álvaro Fernández,Sevilla,746,0.0,0.0012064343163538,0.0,1.0857908847184985,0.0,61.86,0.0,100.0,8.445040214477212,0.0,13/04/1998 00:00,Spain,Goalkeeper,right,185.0,https://img.a.transfermarkt.technology/portrait/header/453704-1694431085.jpg?lm=1,2500000
Moussa Diarra,Deportivo Alavés,1879,0.0014369345396487,0.0177221926556679,0.0,4.262905800957957,0.3352847259180415,84.12,2.9217668972857904,53.23,3.640234167110165,1.341138903672166,10/11/2000 00:00,Mali,Defender,left,185.0,https://img.a.transfermarkt.technology/portrait/header/694509-1708555512.jpg?lm=1,2000000
Orri Óskarsson,Real Sociedad,948,0.4841772151898734,0.0427215189873417,0.6645569620253164,3.79746835443038,0.189873417721519,55.68,0.759493670886076,36.05,1.4240506329113924,0.6645569620253164,29/08/2004 00:00,Iceland,Attack,right,186.0,https://img.a.transfermarkt.technology/portrait/header/660438-1692090952.jpg?lm=1,12000000
Juan Berrocal,Getafe,1076,0.0317843866171003,0.0083643122676579,0.0,2.592936802973977,0.0,76.13,2.4256505576208176,62.5,2.9275092936802976,1.4219330855018588,05/02/1999 00:00,Spain,Defender,both,187.0,https://img.a.transfermarkt.technology/portrait/header/461843-1771527114.jpg?lm=1,1500000
Dani Gómez,Valencia,541,0.4408502772643253,0.0116451016635859,0.99815157116451,3.659889094269871,0.499075785582255,74.07,0.8317929759704251,22.58,2.3290203327171906,1.1645101663585953,30/07/1998 00:00,Spain,Attack,right,178.0,https://img.a.transfermarkt.technology/portrait/header/422460-1603806732.jpg?lm=1,1200000
Óscar Trejo,Rayo Vallecano,525,0.1011428571428571,0.0548571428571428,0.3428571428571428,17.485714285714288,1.3714285714285714,86.78,2.0571428571428574,41.67,4.285714285714286,2.9142857142857146,26/04/1988 00:00,Argentina,Midfield,right,180.0,https://img.a.transfermarkt.technology/portrait/header/30321-1653039805.jpg?lm=1,1000000
Benito Ramírez,Las Palmas,513,0.0543859649122807,0.1736842105263157,0.175438596491228,9.824561403508772,0.5263157894736842,84.92,1.9298245614035088,26.67,5.614035087719298,0.8771929824561403,11/07/1995 00:00,Spain,Attack,left,179.0,https://img.a.transfermarkt.technology/portrait/header/282672-1658407951.jpg?lm=1,600000
Jaime Mata,Las Palmas,671,0.3366616989567809,0.0375558867362146,0.8047690014903129,6.1698956780924,0.6706408345752608,71.02,1.4754098360655736,46.43,2.4143070044709387,2.682563338301043,24/10/1988 00:00,Spain,Attack,right,186.0,https://img.a.transfermarkt.technology/portrait/header/227961-1530601381.jpg?lm=1,900000
Mateu Morey,Mallorca,763,0.0519003931847968,0.0271297509829619,0.1179554390563564,4.954128440366972,1.0615989515072084,82.08,4.36435124508519,57.14,4.836173001310616,2.0052424639580604,02/03/2000 00:00,Spain,Defender,right,173.0,https://img.a.transfermarkt.technology/portrait/header/388513-1661413734.jpg?lm=1,1500000
David Torres,Real Valladolid,1386,0.0175324675324675,0.0071428571428571,0.0649350649350649,2.012987012987013,0.0649350649350649,82.95,1.5584415584415583,50.0,1.7532467532467533,0.8441558441558441,16/06/1986 00:00,Spain,Attack,left,183.0,https://img.a.transfermarkt.technology/portrait/header/default.jpg?lm=1,200000
Enzo Loiodice,Las Palmas,694,0.035014409221902,0.0298270893371757,0.5187319884726225,7.39193083573487,0.5187319884726225,86.11,3.5014409221902016,50.0,3.760806916426513,1.296829971181556,27/11/2000 00:00,France,Midfield,left,177.0,https://img.a.transfermarkt.technology/portrait/header/581781-1737366411.jpg?lm=1,1200000
,Getafe,467,0.240899357601713,0.05203426124197,0.7708779443254817,4.62526766595289,0.5781584582441113,69.81,2.505353319057816,41.67,3.854389721627409,1.734475374732334,,,,,,,0
Javi López,Real Sociedad,1939,0.0046415678184631,0.0487364620938628,0.0464156781846312,6.219700876740588,0.8354822073233625,83.47,2.3671995874161937,34.48,4.270242392986075,1.3924703455389376,21/01/1986 00:00,Spain,Defender,right,180.0,https://img.a.transfermarkt.technology/portrait/header/72310-1447228662.jpg?lm=1,200000
Rubén Peña,Osasuna,810,0.0788888888888888,0.0833333333333333,0.3333333333333333,7.888888888888889,1.1111111111111112,66.81,2.0,31.82,3.6666666666666665,1.3333333333333333,18/07/1991 00:00,Spain,Defender,right,170.0,https://img.a.transfermarkt.technology/portrait/header/238868-1490952343.jpg?lm=1,600000
Isaac Romero,Sevilla,2166,0.246398891966759,0.0897506925207756,0.8310249307479225,3.947368421052632,0.8725761772853186,73.25,0.8310249307479225,36.59,2.451523545706371,1.5789473684210529,18/05/2000 00:00,Spain,Attack,left,183.0,https://img.a.transfermarkt.technology/portrait/header/687609-1762342231.jpg?lm=1,18000000
Álex Sola,Getafe,1035,0.0843478260869565,0.0678260869565217,0.1739130434782608,5.739130434782608,1.826086956521739,68.78,2.4347826086956523,39.58,4.086956521739131,2.0869565217391304,09/06/1999 00:00,Spain,Attack,right,178.0,https://img.a.transfermarkt.technology/portrait/header/434990-1680536108.jpg?lm=1,2000000
Eric Bailly,Villarreal,627,0.0459330143540669,0.0071770334928229,0.0,3.444976076555024,0.4306220095693779,87.7,2.583732057416268,61.11,2.727272727272727,1.0047846889952152,12/04/1994 00:00,Cote d'Ivoire,Defender,right,187.0,https://img.a.transfermarkt.technology/portrait/header/286384-1696075364.png?lm=1,1500000
Moi Gómez,Osasuna,818,0.0506112469437652,0.1210268948655256,0.1100244498777506,11.882640586797066,1.5403422982885089,82.76,2.0904645476772616,36.84,7.26161369193154,1.5403422982885089,23/06/1994 00:00,Spain,Midfield,right,176.0,https://img.a.transfermarkt.technology/portrait/header/175449-1664970613.jpg?lm=1,1800000
Miguel de la Fuente,Leganés,1742,0.1710103329506314,0.0392652123995407,0.8266360505166476,2.273249138920781,0.4133180252583238,60.54,1.0332950631458095,23.02,1.3949483352468428,1.188289322617681,03/09/1999 00:00,Spain,Attack,right,182.0,https://img.a.transfermarkt.technology/portrait/header/480883-1647530867.jpg?lm=1,2000000
Javier Manquillo,Celta Vigo,517,0.0,0.0156673114119922,0.0,7.4854932301740815,0.0,90.38,2.437137330754352,35.71,3.133462282398453,1.5667311411992264,05/05/1994 00:00,Spain,Defender,right,178.0,https://img.a.transfermarkt.technology/portrait/header/162029-1700647906.jpg?lm=1,1800000
Eray Cömert,Real Valladolid,1789,0.0442705422023476,0.0055338177752934,0.0503074343208496,3.068753493571828,0.2012297372833985,87.98,2.465064281721632,51.22,2.565679150363332,0.9055338177752936,04/02/1998 00:00,Switzerland,Defender,right,183.0,https://img.a.transfermarkt.technology/portrait/header/298583-1779792788.jpg?lm=1,2000000
Marcão,Sevilla,565,0.0,0.0127433628318584,0.0,2.5486725663716814,0.3185840707964602,90.45,2.707964601769912,70.0,4.300884955752212,1.4336283185840708,02/04/1986 00:00,Brazil,Attack,right,180.0,https://img.a.transfermarkt.technology/portrait/header/default.jpg?lm=1,100000
André Ferreira,Real Valladolid,540,0.0,0.0016666666666666,0.0,0.6666666666666666,0.0,66.67,0.0,0.0,7.166666666666667,0.0,15/06/1990 00:00,Portugal,Attack,right,182.0,https://img.a.transfermarkt.technology/portrait/header/237665-1441719853.jpg?lm=1,100000
Jhon Solís,Girona FC,524,0.1133587786259542,0.0583969465648855,0.1717557251908397,9.961832061068703,0.8587786259541985,90.69,2.9198473282442747,37.5,4.637404580152672,1.545801526717557,12/02/1999 00:00,Colombia,Midfield,right,171.0,https://img.a.transfermarkt.technology/portrait/header/663187-1674164568.JPG?lm=1,0
Antonio Candela,Real Valladolid,910,0.0039560439560439,0.0672527472527472,0.0,3.4615384615384617,0.5934065934065934,80.67,1.4835164835164836,27.27,2.274725274725274,0.4945054945054945,27/04/2000 00:00,Italy,Defender,right,185.0,https://img.a.transfermarkt.technology/portrait/header/392881-1717659772.jpg?lm=1,900000
Joseph Aidoo,Real Valladolid,590,0.0061016949152542,0.0106779661016949,0.0,1.6779661016949152,0.1525423728813559,89.06,1.6779661016949152,50.0,3.9661016949152543,0.6101694915254238,29/09/1995 00:00,Ghana,Defender,right,181.0,https://img.a.transfermarkt.technology/portrait/header/358250-1773950910.jpg?lm=1,4000000
Bremer,Juventus,540,0.0216666666666666,0.01,0.0,5.0,0.5,92.84,3.5,63.16,3.8333333333333335,1.5,18/03/1997 00:00,Brazil,Defender,right,188.0,https://img.a.transfermarkt.technology/portrait/header/516716-1725531520.jpg?lm=1,35000000
Hakan Çalhanoğlu,Inter,1961,0.058745537990821,0.2570117287098419,0.6884242733299337,17.34829168791433,0.1376848546659867,90.2,2.799592044875064,45.71,5.04844467108618,1.0096889342172362,08/02/1994 00:00,Türkiye,Midfield,right,178.0,https://img.a.transfermarkt.technology/portrait/header/126414-1709035146.jpg?lm=1,22000000
Paulo Dybala,AS Roma,1420,0.2535211267605634,0.3276760563380281,1.204225352112676,15.274647887323942,0.6971830985915493,86.49,1.204225352112676,32.0,3.992957746478873,0.380281690140845,15/11/1993 00:00,Argentina,Attack,left,177.0,https://img.a.transfermarkt.technology/portrait/header/206050-1725530843.jpg?lm=1,5000000
Mattia Zaccagni,Lazio,2705,0.1573752310536044,0.1347504621072088,0.565619223659889,11.245841035120147,1.463955637707948,84.89,2.229205175600739,47.62,2.8613678373382623,1.164510166358595,16/06/1995 00:00,Italy,Attack,right,177.0,https://img.a.transfermarkt.technology/portrait/header/283735-1695026445.jpg?lm=1,15000000
Mateo Retegui,Atalanta,2402,0.5747710241465445,0.0828059950041631,1.4238134887593672,7.418817651956703,0.4496253122398001,78.06,0.6744379683597003,42.15,2.5853455453788508,1.199000832639467,29/04/1999 00:00,Italy,Attack,right,186.0,https://img.a.transfermarkt.technology/portrait/header/554903-1681311414.jpg?lm=1,40000000
Ademola Lookman,Atalanta,2263,0.3813963764913831,0.3137870083959346,1.3919575784357048,13.561643835616438,1.4714980114891736,79.03,1.3919575784357048,56.25,2.744144940344675,1.2328767123287672,20/10/1997 00:00,Nigeria,Attack,right,174.0,https://img.a.transfermarkt.technology/portrait/header/406040-1769763751.jpg?lm=1,35000000
Vanja Milinković-Savić,Torino,3330,0.0,0.007027027027027,0.0,3.1621621621621623,0.0,64.18,0.027027027027027,86.67,9.37837837837838,0.027027027027027,20/02/1997 00:00,Serbia,Goalkeeper,right,202.0,https://img.a.transfermarkt.technology/portrait/header/257474-1730125139.jpg?lm=1,5000000
Marcus Thuram,Inter,2298,0.3939947780678851,0.1597911227154047,1.0574412532637074,7.48041775456919,0.9399477806788512,75.0,0.8224543080939948,57.83,2.7806788511749345,1.1749347258485638,06/08/1997 00:00,France,Attack,right,192.0,https://img.a.transfermarkt.technology/portrait/header/318528-1746041509.jpg?lm=1,60000000
Christian Pulisic,AC Milan,2489,0.3196464443551627,0.2263559662515066,0.8678184009642427,12.402571313780635,1.4102049015668945,83.55,1.7356368019284854,20.75,3.398955403776617,0.7231820008035356,18/09/1998 00:00,United States,Attack,right,177.0,https://img.a.transfermarkt.technology/portrait/header/315779-1691696699.jpg?lm=1,60000000
Filip Stanković,Venezia,1368,0.0,0.0006578947368421,0.0,0.3947368421052631,0.0,69.63,0.0,100.0,6.907894736842105,0.0,25/02/2002 00:00,Serbia,Goalkeeper,right,187.0,https://img.a.transfermarkt.technology/portrait/header/552223-1677782675.PNG?lm=1,5000000
Scott McTominay,SSC Napoli,2941,0.2276776606596396,0.0517171030261815,1.009860591635498,6.120367222033322,1.1934716082964978,85.12,2.050323019381163,54.92,4.376062563753825,1.3770826249574974,08/12/1996 00:00,Scotland,Midfield,right,191.0,https://img.a.transfermarkt.technology/portrait/header/315969-1718626681.jpg?lm=1,45000000
Amir Rrahmani,SSC Napoli,3406,0.0761009982384028,0.0192894891368173,0.1056958308866705,6.870229007633588,0.1056958308866705,91.04,1.7439812096300646,69.57,3.567234292425133,1.1098062243100413,24/02/1994 00:00,Kosovo,Defender,right,192.0,https://img.a.transfermarkt.technology/portrait/header/257732-1663579350.jpg?lm=1,12000000
Khvicha Kvaratskhelia,SSC Napoli,1187,0.254759898904802,0.2251895534962089,1.2889637742207245,11.449031171019378,1.4406065711878686,83.29,1.4406065711878686,50.0,3.4119629317607414,0.9098567818028644,12/02/2001 00:00,Georgia,Attack,both,183.0,https://img.a.transfermarkt.technology/portrait/header/502670-1777411223.jpg?lm=1,90000000
Josep Martínez,Inter,450,0.0,0.0,0.0,0.2,0.0,84.96,0.0,100.0,5.6,0.0,27/05/1998 00:00,Spain,Goalkeeper,right,191.0,https://img.a.transfermarkt.technology/portrait/header/388516-1686153132.jpg?lm=1,9000000
Leandro Paredes,AS Roma,1370,0.0486131386861313,0.1018248175182481,0.5912408759124088,13.072992700729928,0.1970802919708029,91.6,2.956204379562044,75.0,5.452554744525548,0.9854014598540146,29/06/1994 00:00,Argentina,Midfield,right,180.0,https://img.a.transfermarkt.technology/portrait/header/166237-1692881087.jpg?lm=1,5000000
Manuel Locatelli,Juventus,2840,0.0339084507042253,0.0865140845070422,0.2852112676056338,18.19014084507042,0.2535211267605634,88.74,3.01056338028169,60.66,4.468309859154929,1.4577464788732393,08/01/1998 00:00,Italy,Midfield,right,185.0,https://img.a.transfermarkt.technology/portrait/header/265088-1730125083.jpg?lm=1,25000000
Kenan Yıldız,Juventus,2408,0.1580980066445182,0.1808970099667774,0.8596345514950166,13.791528239202655,2.2051495016611296,86.16,2.2051495016611296,23.53,4.597176079734219,0.9343853820598006,04/05/2005 00:00,Türkiye,Attack,both,187.0,https://img.a.transfermarkt.technology/portrait/header/845654-1759822280.jpg?lm=1,75000000
Riccardo Orsolini,Bologna,1885,0.3642970822281168,0.1360742705570292,1.336870026525199,7.448275862068966,1.5755968169761274,70.88,1.1458885941644563,52.27,3.1034482758620694,1.2891246684350133,24/01/1997 00:00,Italy,Attack,left,186.0,https://img.a.transfermarkt.technology/portrait/header/368482-1724827463.jpg?lm=1,25000000
Alexis Saelemaekers,AS Roma,1494,0.15,0.1367469879518072,0.7228915662650601,12.951807228915662,1.325301204819277,86.36,2.650602409638554,75.0,4.759036144578313,0.7831325301204819,27/06/1999 00:00,Belgium,Midfield,right,180.0,https://img.a.transfermarkt.technology/portrait/header/381950-1757604189.jpg?lm=1,12000000
Federico Dimarco,Inter,2229,0.1348586810228802,0.2055181695827725,0.8882907133243607,10.53835800807537,0.161507402422611,84.05,1.5746971736204576,35.0,3.0686406460296096,0.7671601615074024,10/11/1997 00:00,Italy,Defender,left,175.0,https://img.a.transfermarkt.technology/portrait/header/198116-1725531769.jpg?lm=1,50000000
Tijjani Reijnders,AC Milan,3132,0.1948275862068965,0.103735632183908,0.8045977011494253,13.419540229885058,1.0344827586206895,89.54,1.8390804597701151,25.0,3.591954022988506,0.8045977011494253,29/07/1998 00:00,Netherlands,Midfield,right,185.0,https://img.a.transfermarkt.technology/portrait/header/460939-1773302677.jpg?lm=1,65000000
Nico Paz,Como,2699,0.2827713968136347,0.1287143386439422,1.3004816598740274,13.204890700259355,2.3008521674694333,83.42,2.400889218228974,57.41,3.934790663208596,1.5672471285661358,08/09/2004 00:00,Argentina,Midfield,left,186.0,https://img.a.transfermarkt.technology/portrait/header/948294-1699472504.jpg?lm=1,65000000
Oumar Solet,Udinese,1674,0.0451612903225806,0.0413978494623655,0.3763440860215054,5.32258064516129,1.3440860215053765,89.32,2.6881720430107525,48.78,4.946236559139785,0.913978494623656,07/02/2000 00:00,France,Defender,right,192.0,https://img.a.transfermarkt.technology/portrait/header/463665-1739281800.jpg?lm=1,17000000
Christos Mandas,Lazio,810,0.0,0.0044444444444444,0.0,1.6666666666666667,0.0,69.36,0.0,85.71,9.11111111111111,0.0,17/09/2001 00:00,Greece,Goalkeeper,right,189.0,https://img.a.transfermarkt.technology/portrait/header/481675-1724268727.jpg?lm=1,3000000
Alessandro Bastoni,Inter,2420,0.0312396694214876,0.1026446280991735,0.0743801652892562,13.12809917355372,0.2603305785123967,90.51,2.5289256198347108,65.71,3.5702479338842976,1.6363636363636362,13/04/1999 00:00,Italy,Defender,left,190.0,https://img.a.transfermarkt.technology/portrait/header/315853-1742497518.jpg?lm=1,80000000
Renato Veiga,Juventus,1094,0.0839122486288848,0.016453382084095,0.4113345521023766,4.524680073126143,0.0822669104204753,88.03,2.961608775137112,71.05,3.126142595978062,0.740402193784278,29/07/2003 00:00,Portugal,Defender,left,190.0,https://img.a.transfermarkt.technology/portrait/header/805714-1749414999.jpg?lm=1,25000000
Matías Soulé,AS Roma,1799,0.1510839355197332,0.1720956086714841,0.7003891050583658,16.108949416342416,1.7509727626459146,87.35,1.7509727626459146,34.48,5.252918287937744,0.6003335186214565,15/04/2003 00:00,Argentina,Attack,left,182.0,https://img.a.transfermarkt.technology/portrait/header/668951-1725529266.jpg?lm=1,25000000
Theo Hernández,AC Milan,2696,0.0627596439169139,0.1358679525222552,0.5675074183976261,11.11646884272997,0.8011869436201781,87.54,1.7692878338278932,69.81,4.306379821958457,0.5675074183976261,06/10/1997 00:00,France,Defender,left,184.0,https://img.a.transfermarkt.technology/portrait/header/339808-1725532072.jpg?lm=1,60000000
Lautaro Martínez,Inter,2577,0.470081490104773,0.1515715948777648,1.1874272409778812,6.845168800931315,0.5937136204889406,76.6,1.3969732246798603,47.37,2.549476135040745,1.431897555296857,22/08/1997 00:00,Argentina,Attack,right,174.0,https://img.a.transfermarkt.technology/portrait/header/406625-1695024988.jpg?lm=1,85000000
Florian Thauvin,Udinese,1971,0.2899543378995434,0.2159817351598174,1.2328767123287672,9.315068493150685,1.7808219178082192,78.46,1.2328767123287672,33.33,3.1050228310502286,0.4566210045662101,26/01/1993 00:00,France,Attack,left,181.0,https://img.a.transfermarkt.technology/portrait/header/184892-1759159434.jpg?lm=1,5000000
Nicolò Barella,Inter,2526,0.0776722090261282,0.1834916864608076,0.3206650831353919,16.63895486935867,0.8194774346793349,85.13,2.209026128266033,51.92,5.878859857482185,0.8907363420427553,07/02/1997 00:00,Italy,Midfield,right,175.0,https://img.a.transfermarkt.technology/portrait/header/255942-1725531625.jpg?lm=1,60000000
Mile Svilar,AS Roma,3420,0.0013157894736842,0.0007894736842105,0.0,0.5789473684210527,0.0,76.16,0.0,87.5,7.578947368421052,0.0,27/08/1999 00:00,Serbia,Goalkeeper,right,189.0,https://img.a.transfermarkt.technology/portrait/header/338670-1725532174.jpg?lm=1,35000000
Rafael Leão,AC Milan,2330,0.2800429184549356,0.2394849785407725,1.1201716738197425,9.733905579399142,2.278969957081545,77.04,0.8497854077253219,52.0,2.5493562231759657,0.7339055793991416,10/06/1999 00:00,Portugal,Attack,right,188.0,https://img.a.transfermarkt.technology/portrait/header/357164-1730126553.jpg?lm=1,90000000
Marco Carnesecchi,Atalanta,3060,0.0,0.0005882352941176,0.0,0.4411764705882353,0.0,70.4,0.0,100.0,8.470588235294118,0.0,01/07/2000 00:00,Italy,Goalkeeper,right,191.0,https://img.a.transfermarkt.technology/portrait/header/459763-1695027944.jpg?lm=1,16000000
,Lazio,2395,0.428768267223382,0.0962004175365344,1.5407098121085596,5.974947807933194,0.6012526096033403,70.33,0.7139874739039667,51.49,1.9164926931106472,1.427974947807933,,,,,,,0
Giovanni Di Lorenzo,SSC Napoli,3330,0.0764864864864864,0.1045945945945946,0.1621621621621621,11.702702702702704,0.1081081081081081,85.22,2.621621621621621,50.54,2.5405405405405403,1.2432432432432432,04/08/1993 00:00,Italy,Defender,right,183.0,https://img.a.transfermarkt.technology/portrait/header/169880-1730126691.jpg?lm=1,10000000
Elia Caprile,Cagliari,1944,0.0,0.0013888888888888,0.0,0.8796296296296295,0.0,66.0,0.0462962962962962,100.0,8.842592592592592,0.0,25/08/2001 00:00,Italy,Goalkeeper,right,191.0,https://img.a.transfermarkt.technology/portrait/header/421873-1704902651.jpg?lm=1,15000000
Alessandro Buongiorno,SSC Napoli,1926,0.0378504672897196,0.0275700934579439,0.1869158878504673,4.018691588785047,0.0467289719626168,91.04,3.457943925233645,68.18,3.9252336448598135,0.7943925233644861,06/06/1999 00:00,Italy,Defender,left,190.0,https://img.a.transfermarkt.technology/portrait/header/386446-1663596475.jpg?lm=1,45000000
Éderson,Atalanta,2888,0.1268351800554016,0.1505193905817174,0.3739612188365651,16.360803324099724,0.7167590027700831,87.22,2.711218836565097,60.0,5.796398891966759,0.96606648199446,07/07/1999 00:00,Brazil,Midfield,right,183.0,https://img.a.transfermarkt.technology/portrait/header/607854-1646648856.jpg?lm=1,40000000
Marten de Roon,Atalanta,3058,0.0256049705689993,0.0838783518639633,0.1177240026160889,15.62786134728581,0.1765860039241334,87.11,3.561151079136691,61.84,4.120340091563113,1.4126880313930674,29/03/1991 00:00,Netherlands,Midfield,right,185.0,https://img.a.transfermarkt.technology/portrait/header/133179-1779892536.jpg?lm=1,7000000
David de Gea,Fiorentina,3150,0.0,0.0014285714285714,0.0,1.0285714285714285,0.0,70.44,0.0285714285714285,100.0,6.514285714285714,0.0,07/11/1990 00:00,Spain,Goalkeeper,right,192.0,https://img.a.transfermarkt.technology/portrait/header/59377-1667548362.jpg?lm=1,3500000
Nicola Leali,Genoa,2610,0.0,0.0013793103448275,0.0,0.9310344827586208,0.0,67.84,0.0,100.0,7.103448275862069,0.0344827586206896,17/02/1993 00:00,Italy,Goalkeeper,right,193.0,https://img.a.transfermarkt.technology/portrait/header/136111-1692963337.jpg?lm=1,1500000
Nikola Krstović,Lecce,3068,0.2848435462842242,0.0492829204693611,1.2320730117340286,5.016297262059974,0.4986962190352021,66.67,0.7333767926988266,41.41,2.1121251629726205,1.6720990873533246,05/04/2000 00:00,Montenegro,Attack,right,185.0,https://img.a.transfermarkt.technology/portrait/header/434433-1730126208.jpg?lm=1,6000000
Juan Miranda,Bologna,2291,0.0282845918812745,0.2184199039720646,0.1964207769532955,13.94587516368398,0.2749890877346137,82.07,2.1606285464862505,52.86,3.810563072893933,1.0213880401571367,19/01/2000 00:00,Spain,Defender,left,185.0,https://img.a.transfermarkt.technology/portrait/header/341227-1752838396.jpg?lm=1,15000000
Lucas Da Cunha,Como,2625,0.0685714285714285,0.1594285714285714,0.48,13.44,0.4114285714285714,87.87,2.125714285714285,38.1,5.382857142857143,0.72,09/06/2001 00:00,France,Midfield,left,174.0,https://img.a.transfermarkt.technology/portrait/header/495667-1778088169.jpg?lm=1,15000000
Nicolò Rovella,Lazio,2728,0.0511363636363636,0.069941348973607,0.2639296187683284,10.689149560117302,0.593841642228739,91.03,4.321847507331379,35.48,5.080645161290323,1.4186217008797657,04/12/2001 00:00,Italy,Midfield,right,179.0,https://img.a.transfermarkt.technology/portrait/header/525704-1730127184.jpg?lm=1,28000000
,Lecce,2143,0.0466168922071861,0.0277181521231917,0.0419972001866542,1.9318712085860943,0.3359776014932338,86.8,2.771815212319179,67.86,2.435837610825945,0.377974801679888,,,,,,,0
Dan Ndoye,Bologna,2151,0.2259414225941423,0.1125523012552301,0.8368200836820084,10.125523012552302,1.5481171548117156,78.47,1.4644351464435148,41.67,3.7238493723849375,0.9623430962343096,25/10/2000 00:00,Switzerland,Attack,right,184.0,https://img.a.transfermarkt.technology/portrait/header/365108-1718218474.jpg?lm=1,40000000
Assane Diao,Como,1257,0.2649164677804296,0.0408114558472553,0.9307875894988068,7.159904534606206,1.360381861575179,82.93,2.0047732696897373,34.62,2.935560859188544,1.431980906921241,07/09/2005 00:00,Senegal,Attack,right,185.0,https://img.a.transfermarkt.technology/portrait/header/1061282-1699273116.jpg?lm=1,12000000
Adrián Bernabé,Parma,1461,0.0831622176591375,0.0930184804928131,0.3080082135523613,13.798767967145787,0.924024640657084,85.7,2.217659137577002,55.56,4.435318275154004,0.5544147843942505,26/05/2001 00:00,Spain,Midfield,left,170.0,https://img.a.transfermarkt.technology/portrait/header/466802-1714503707.jpg?lm=1,15000000
Berat Djimsiti,Atalanta,2652,0.091289592760181,0.0247737556561086,0.1357466063348416,7.126696832579186,0.0339366515837104,88.09,3.156108597285068,60.67,3.4615384615384617,0.7805429864253394,19/02/1993 00:00,Albania,Defender,right,190.0,https://img.a.transfermarkt.technology/portrait/header/165513-1718627443.jpg?lm=1,10000000
Gabriel Strefezza,Como,2632,0.1244680851063829,0.1415653495440729,0.7522796352583587,11.45516717325228,1.231003039513678,82.06,2.393617021276596,28.57,3.6930091185410334,1.5729483282674772,18/04/1997 00:00,Brazil,Attack,right,168.0,https://img.a.transfermarkt.technology/portrait/header/457673-1757716704.png?lm=1,7000000
Pedro,Lazio,1093,0.3112534309240622,0.1704483074107959,1.4821591948764867,13.83348581884721,1.3174748398902103,86.98,1.8115279048490396,14.29,4.858188472095152,1.3998170173833486,10/03/1984 00:00,Spain,Midfield,right,180.0,https://img.a.transfermarkt.technology/portrait/header/default.jpg?lm=1,150000
Francesco Acerbi,Inter,1714,0.0210035005834305,0.0719369894982497,0.0525087514585764,6.406067677946324,0.1575262543757292,92.72,2.5729288214702453,67.39,3.2555425904317388,0.5775962660443408,10/02/1988 00:00,Italy,Defender,left,192.0,https://img.a.transfermarkt.technology/portrait/header/131075-1663572709.jpg?lm=1,2500000
Charles De Ketelaere,Atalanta,2079,0.3151515151515151,0.2095238095238095,0.9090909090909092,15.367965367965366,1.8614718614718613,79.25,0.6926406926406926,48.68,3.3766233766233764,0.9523809523809524,10/03/2001 00:00,Belgium,Midfield,left,192.0,https://img.a.transfermarkt.technology/portrait/header/435772-1659601388.jpg?lm=1,34000000
Yann Sommer,Inter,2970,0.0,0.0006060606060606,0.0,0.303030303030303,0.0,86.71,0.0,100.0,6.454545454545454,0.0,17/12/1988 00:00,Switzerland,Goalkeeper,right,183.0,https://img.a.transfermarkt.technology/portrait/header/42205-1669897427.jpg?lm=1,2500000
Johan Vásquez,Genoa,3041,0.0722130878000657,0.012134166392634,0.2367642222952976,3.2259125287734296,0.1479776389345609,85.14,3.1371259454126927,55.62,3.610654390003288,0.917461361394278,22/10/1998 00:00,Mexico,Defender,left,185.0,https://img.a.transfermarkt.technology/portrait/header/532937-1742929864.jpg?lm=1,10000000
Sebastiano Esposito,Empoli,2341,0.1587782998718496,0.0826569841947885,0.8073472874839811,7.343015805211448,1.1149081589064502,63.84,2.6527125160187954,32.53,4.075181546347714,1.8069201196070053,02/07/2002 00:00,Italy,Attack,right,183.0,https://img.a.transfermarkt.technology/portrait/header/538918-1730127469.jpg?lm=1,9000000
Wladimiro Falcone,Lecce,3420,0.0,0.0018421052631578,0.0,1.0789473684210529,0.0,57.12,0.0,100.0,7.973684210526316,0.0263157894736842,12/04/1995 00:00,Italy,Goalkeeper,right,195.0,https://img.a.transfermarkt.technology/portrait/header/238537-1693308504.jpg?lm=1,3500000
Mike Maignan,AC Milan,3295,0.0,0.0057359635811836,0.0,0.928679817905918,0.0273141122913505,84.72,0.0,100.0,7.866464339908952,0.0273141122913505,03/07/1995 00:00,France,Goalkeeper,right,191.0,https://img.a.transfermarkt.technology/portrait/header/182906-1681459155.jpg?lm=1,38000000
Yerry Mina,Cagliari,2576,0.0817546583850931,0.0244565217391304,0.2795031055900621,3.2841614906832297,0.1048136645962732,86.05,3.5986024844720497,64.24,5.520186335403727,1.3975155279503104,23/09/1994 00:00,Colombia,Defender,right,195.0,https://img.a.transfermarkt.technology/portrait/header/289446-1730186402.jpg?lm=1,3000000
Strahinja Pavlović,AC Milan,1869,0.0866773675762439,0.0187800963081862,0.3852327447833066,6.645264847512038,0.1926163723916533,89.02,3.274478330658106,66.18,3.226324237560193,0.9630818619582664,24/05/2001 00:00,Serbia,Defender,left,194.0,https://img.a.transfermarkt.technology/portrait/header/574671-1757664768.jpg?lm=1,28000000
Angeliño,AS Roma,3179,0.0302925448254168,0.1121107266435986,0.1415539477823214,9.653979238754324,0.3114186851211072,82.03,2.094998427178358,53.45,2.859389745202894,0.9059452658068576,04/01/1997 00:00,Spain,Defender,left,171.0,https://img.a.transfermarkt.technology/portrait/header/277179-1706626191.jpg?lm=1,17000000
Mattéo Guendouzi,Lazio,3274,0.0368356750152718,0.0764202810018326,0.2474037874160048,16.713500305436774,0.4123396456933414,90.6,1.8967623701893708,45.0,4.755650580329871,0.7697006719609041,14/04/1999 00:00,France,Midfield,right,185.0,https://img.a.transfermarkt.technology/portrait/header/465830-1770049970.png?lm=1,25000000
Frank Anguissa,SSC Napoli,2857,0.140182009100455,0.0834791739586979,0.4095204760238012,10.679033951697583,0.7875393769688485,85.49,2.4256212810640534,56.2,4.725236261813091,1.2285614280714037,16/11/1995 00:00,Cameroon,Midfield,right,184.0,https://img.a.transfermarkt.technology/portrait/header/354361-1695026237.jpg?lm=1,25000000
Rolando Mandragora,Fiorentina,1913,0.0884474647151071,0.1284370099320439,0.705697856769472,7.668583376894929,0.3293256664924203,80.02,1.8818609513852589,46.67,2.86983795086252,0.9879769994772608,29/06/1997 00:00,Italy,Midfield,left,183.0,https://img.a.transfermarkt.technology/portrait/header/308279-1663591807.jpg?lm=1,8500000
Emerson Royal,AC Milan,1382,0.0247467438494934,0.0742402315484804,0.130246020260492,9.117221418234443,0.4558610709117221,89.96,3.8422575976845152,64.1,3.8422575976845152,2.2141823444283646,14/01/1999 00:00,Brazil,Defender,right,183.0,https://img.a.transfermarkt.technology/portrait/header/476344-1737380789.jpg?lm=1,18000000
Jean Butez,Como,1665,0.0,0.0021621621621621,0.0,1.5135135135135136,0.0,75.15,0.0,100.0,10.64864864864865,0.054054054054054,08/06/1995 00:00,France,Goalkeeper,right,189.0,https://img.a.transfermarkt.technology/portrait/header/290537-1704961364.jpg?lm=1,4500000
Henrikh Mkhitaryan,Inter,2410,0.0556431535269709,0.1542323651452282,0.0746887966804979,17.066390041493776,0.2614107883817427,88.55,2.240663900414938,64.86,4.892116182572614,1.2323651452282158,21/01/1989 00:00,Armenia,Midfield,both,177.0,https://img.a.transfermarkt.technology/portrait/header/55735-1664973670.jpg?lm=1,3500000
Giacomo Raspadori,SSC Napoli,1119,0.3297587131367291,0.1761394101876675,1.126005361930295,7.399463806970509,0.7238605898123325,76.25,1.6890080428954424,31.25,3.4584450402144773,0.96514745308311,18/02/2000 00:00,Italy,Attack,right,172.0,https://img.a.transfermarkt.technology/portrait/header/405885-1708552564.jpg?lm=1,22000000
Mattia Perin,Juventus,450,0.0,0.002,0.0,0.6,0.0,75.66,0.0,100.0,9.6,0.0,10/11/1992 00:00,Italy,Goalkeeper,right,188.0,https://img.a.transfermarkt.technology/portrait/header/110923-1695107834.jpg?lm=1,2000000
Matteo Politano,SSC Napoli,2828,0.0977015558698727,0.1667609618104667,0.4455445544554455,10.820367751060822,1.0183875530410185,80.18,1.3366336633663367,23.08,3.0233380480905234,0.4455445544554455,03/08/1993 00:00,Italy,Attack,left,171.0,https://img.a.transfermarkt.technology/portrait/header/165895-1692963030.jpg?lm=1,8000000
Robin Gosens,Fiorentina,2527,0.0648199445983379,0.0609022556390977,0.2849228333992877,7.05184012663237,0.1424614166996438,78.99,2.635536208943411,62.61,2.4574594380688564,0.854768500197863,05/07/1994 00:00,Germany,Defender,left,183.0,https://img.a.transfermarkt.technology/portrait/header/273132-1686641124.jpg?lm=1,6000000
Aarón Martín,Genoa,3088,0.0259391191709844,0.1774935233160622,0.116580310880829,6.033031088082902,0.349740932642487,81.09,2.623056994818653,37.04,4.255181347150259,1.1075129533678756,22/04/1997 00:00,Spain,Defender,left,178.0,https://img.a.transfermarkt.technology/portrait/header/251878-1730126148.jpg?lm=1,5000000
Khéphren Thuram,Juventus,2337,0.1340179717586649,0.0677792041078305,0.4236200256739409,11.399229781771504,1.5019255455712452,89.4,2.233632862644416,48.28,4.2362002567394095,1.386392811296534,26/03/2001 00:00,France,Midfield,right,192.0,https://img.a.transfermarkt.technology/portrait/header/463618-1683889273.jpg?lm=1,40000000
Yacine Adli,Fiorentina,1276,0.0726489028213166,0.1586990595611285,0.3526645768025078,12.978056426332287,0.8463949843260189,85.66,2.68025078369906,23.81,5.431034482758621,0.6347962382445141,29/07/2000 00:00,Algeria,Midfield,right,186.0,https://img.a.transfermarkt.technology/portrait/header/395236-1725531271.jpg?lm=1,9000000
Edoardo Bove,Fiorentina,884,0.0570135746606334,0.0845022624434389,0.2036199095022624,8.552036199095022,0.7126696832579185,83.28,3.0542986425339365,42.86,4.581447963800905,1.6289592760180995,16/05/2002 00:00,Italy,Midfield,right,181.0,https://img.a.transfermarkt.technology/portrait/header/562049-1725532201.jpg?lm=1,5000000
Mats Hummels,AS Roma,918,0.046078431372549,0.0088235294117647,0.0980392156862745,2.450980392156863,0.3921568627450981,89.4,5.490196078431373,58.97,4.019607843137255,0.8823529411764707,16/12/1988 00:00,Germany,Defender,right,191.0,https://img.a.transfermarkt.technology/portrait/header/39728-1709560545.jpg?lm=1,2000000
Stefan de Vrij,Inter,1719,0.0575916230366492,0.0172774869109947,0.1570680628272251,4.240837696335079,0.1570680628272251,93.29,2.1465968586387434,63.11,3.4554973821989527,0.4712041884816753,05/02/1992 00:00,Netherlands,Defender,right,189.0,https://img.a.transfermarkt.technology/portrait/header/111196-1663572651.jpg?lm=1,3500000
Nicolás Valentini,Hellas Verona,1132,0.0262367491166077,0.0310070671378091,0.0,4.4522968197879855,0.1590106007067137,68.43,3.975265017667845,79.37,3.418727915194346,1.7491166077738516,06/04/2001 00:00,Argentina,Defender,left,187.0,https://img.a.transfermarkt.technology/portrait/header/860992-1711028718.jpg?lm=1,5000000
Evan Ndicka,AS Roma,3420,0.0255263157894736,0.0110526315789473,0.131578947368421,4.7105263157894735,0.0,92.19,1.7105263157894737,55.36,3.526315789473684,0.9736842105263158,20/08/1999 00:00,Cote d'Ivoire,Defender,left,192.0,https://img.a.transfermarkt.technology/portrait/header/371149-1757605149.jpg?lm=1,30000000
Randal Kolo Muani,Juventus,1164,0.3030927835051546,0.0587628865979381,1.0824742268041236,5.103092783505154,1.3917525773195876,72.82,1.1597938144329896,27.03,2.551546391752577,2.0876288659793816,05/12/1998 00:00,France,Attack,right,187.0,https://img.a.transfermarkt.technology/portrait/header/487969-1718697120.jpg?lm=1,25000000
Mario Gila,Lazio,2742,0.0338074398249453,0.0341356673960612,0.1312910284463895,7.38512035010941,0.1312910284463895,91.98,2.7242888402625822,51.15,5.021881838074399,1.050328227571116,29/08/2000 00:00,Spain,Defender,right,185.0,https://img.a.transfermarkt.technology/portrait/header/618341-1730127774.jpg?lm=1,30000000
Teun Koopmeiners,Juventus,1997,0.1703555332999499,0.1703555332999499,0.4957436154231346,10.095142714071104,0.4506760140210315,87.76,1.802704056084126,50.0,2.298447671507261,1.442163244867301,28/02/1998 00:00,Netherlands,Midfield,left,184.0,https://img.a.transfermarkt.technology/portrait/header/360518-1707302998.jpg?lm=1,28000000
Denzel Dumfries,Inter,1951,0.2444900051255766,0.1277806253203485,0.876473603280369,7.61148129164531,0.5996924654023578,76.68,1.4300358790363916,72.15,2.9984623270117887,2.4910302409021017,18/04/1996 00:00,Netherlands,Defender,right,188.0,https://img.a.transfermarkt.technology/portrait/header/321528-1746042223.jpg?lm=1,25000000
Mathías Olivera,SSC Napoli,2371,0.0432728806410797,0.0315056938000843,0.0759173344580345,8.502741459299873,0.1897933361450864,85.91,3.4542387178405733,52.56,3.530156052298608,1.062842682412484,31/10/1997 00:00,Uruguay,Defender,left,185.0,https://img.a.transfermarkt.technology/portrait/header/376514-1681910576.jpg?lm=1,18000000
Moise Kean,Fiorentina,2710,0.5898154981549816,0.0358671586715867,1.6937269372693726,2.623616236162362,1.4612546125461254,71.79,0.4317343173431734,51.49,1.7269372693726937,1.3616236162361623,28/02/2000 00:00,Italy,Attack,right,183.0,https://img.a.transfermarkt.technology/portrait/header/364135-1725532147.jpg?lm=1,45000000
Duván Zapata,Torino,589,0.5118845500848896,0.0702886247877759,1.528013582342954,5.806451612903226,0.1528013582342954,69.42,1.3752122241086588,40.82,2.2920203735144318,1.528013582342954,01/04/1991 00:00,Colombia,Attack,right,188.0,https://img.a.transfermarkt.technology/portrait/header/73794-1730126644.jpg?lm=1,8000000
Zion Suzuki,Parma,3315,0.0,0.0029864253393665,0.0,2.334841628959276,0.0,63.23,0.0271493212669683,94.12,9.339366515837105,0.0814479638009049,21/08/2002 00:00,Japan,Goalkeeper,right,190.0,https://img.a.transfermarkt.technology/portrait/header/432298-1780323348.jpg?lm=1,20000000
Bryan Cristante,AS Roma,2047,0.0927699071812408,0.0571568148510014,0.3077674645823156,11.431362970200292,0.263800683927699,83.5,2.9457743038593063,52.07,4.7923790913532,1.626770884220811,03/03/1995 00:00,Italy,Midfield,right,186.0,https://img.a.transfermarkt.technology/portrait/header/199248-1724827920.jpg?lm=1,7000000
Matteo Gabbia,AC Milan,2161,0.0449791763072651,0.0104118463674224,0.1665895418787598,3.956501619620546,0.0416473854696899,91.49,1.4993058769088383,57.65,2.873669597408607,0.8329477093937991,21/10/1999 00:00,Italy,Defender,right,185.0,https://img.a.transfermarkt.technology/portrait/header/323167-1661351918.jpg?lm=1,8000000
Benjamin Pavard,Inter,1584,0.03125,0.0539772727272727,0.0568181818181818,9.659090909090908,0.0,92.05,2.5568181818181817,54.79,2.6136363636363638,1.0227272727272727,28/03/1996 00:00,France,Defender,right,186.0,https://img.a.transfermarkt.technology/portrait/header/353366-1713819215.jpg?lm=1,20000000
Răzvan Sava,Udinese,1080,0.0,0.0016666666666666,0.0,0.9166666666666666,0.0,68.85,0.0,0.0,5.916666666666667,0.0833333333333333,21/06/2002 00:00,Romania,Goalkeeper,right,197.0,https://img.a.transfermarkt.technology/portrait/header/568617-1730124399.jpg?lm=1,2500000
Stefano Turati,Monza,2677,0.0,0.001680986178558,0.0,1.1430706014194996,0.0,67.48,0.0,91.67,7.69891669779604,0.0,05/09/2001 00:00,Italy,Goalkeeper,right,188.0,https://img.a.transfermarkt.technology/portrait/header/543666-1686126590.jpg?lm=1,7000000
,Como,2617,0.0546809323653037,0.0405808177302254,0.1375620940007642,5.227359572029041,0.1375620940007642,87.83,2.1666029805120366,71.71,3.645395491020252,0.7222009935040122,,,,,,,0
Pablo Marí,Fiorentina,2727,0.0099009900990099,0.0082508250825082,0.033003300330033,3.201320132013201,0.198019801980198,90.69,3.366336633663366,68.27,3.2343234323432344,1.353135313531353,31/08/1993 00:00,Spain,Defender,left,193.0,https://img.a.transfermarkt.technology/portrait/header/210178-1739282325.jpg?lm=1,2500000
Dodô,Fiorentina,3119,0.0375120230843218,0.1232125681308111,0.1731324142353318,6.550176338570054,1.5004809233728758,81.92,2.279576787431869,43.33,5.280538634177621,0.6925296569413273,16/10/1987 00:00,Brazil,Attack,right,174.0,https://img.a.transfermarkt.technology/portrait/header/default.jpg?lm=1,150000
Ardian Ismajli,Empoli,2510,0.0111155378486055,0.0032270916334661,0.0,0.5378486055776892,0.0,86.84,3.0836653386454183,59.4,2.9760956175298805,0.7529880478087649,30/09/1996 00:00,Albania,Defender,right,187.0,https://img.a.transfermarkt.technology/portrait/header/435228-1663677962.jpg?lm=1,6000000
Michele Di Gregorio,Juventus,2970,0.0,0.0015151515151515,0.0,0.9696969696969696,0.0,73.62,0.0303030303030303,91.67,6.393939393939394,0.0,27/07/1997 00:00,Italy,Goalkeeper,right,187.0,https://img.a.transfermarkt.technology/portrait/header/301238-1730125609.jpg?lm=1,18000000
Sam Beukema,Bologna,3016,0.0435676392572944,0.030736074270557,0.1492042440318302,7.102122015915119,0.029840848806366,86.69,2.506631299734748,56.32,4.028514588859416,0.8355437665782492,17/11/1998 00:00,Netherlands,Defender,right,188.0,https://img.a.transfermarkt.technology/portrait/header/433984-1696837343.jpg?lm=1,28000000
Ionuț Radu,Venezia,1350,0.0,0.002,0.0,1.4,0.0666666666666666,53.11,0.0,100.0,8.933333333333334,0.0,28/05/1997 00:00,Romania,Goalkeeper,right,188.0,https://img.a.transfermarkt.technology/portrait/header/303657-1699432718.jpg?lm=1,5000000
Stanislav Lobotka,SSC Napoli,2647,0.0112202493388741,0.0632414053645636,0.0,9.690215338118623,0.2720060445787684,91.05,2.312051378919532,50.0,5.644125425009444,0.8160181337363053,25/11/1994 00:00,Slovakia,Midfield,right,168.0,https://img.a.transfermarkt.technology/portrait/header/192735-1661509021.jpg?lm=1,18000000
Nuno Tavares,Lazio,1698,0.057773851590106,0.2607773851590106,0.2650176678445229,9.911660777385158,2.597173144876325,84.13,2.597173144876325,50.0,5.512367491166078,0.9540636042402828,26/01/2000 00:00,Portugal,Defender,left,183.0,https://img.a.transfermarkt.technology/portrait/header/535955-1730127360.jpg?lm=1,15000000
Andrea Cambiaso,Juventus,2222,0.0295679567956795,0.0834383438343834,0.243024302430243,12.596759675967595,1.0936093609360935,91.39,2.511251125112511,38.89,4.698469846984699,1.134113411341134,20/02/2000 00:00,Italy,Defender,both,182.0,https://img.a.transfermarkt.technology/portrait/header/459658-1662127057.jpg?lm=1,30000000
Raoul Bellanova,Atalanta,2495,0.0393186372745491,0.1843286573146292,0.1803607214428857,9.12625250501002,0.7575150300601202,84.17,1.5150300601202404,52.08,4.364729458917836,0.5771543086172345,17/05/2000 00:00,Italy,Midfield,right,188.0,https://img.a.transfermarkt.technology/portrait/header/357992-1695028689.jpg?lm=1,15000000
Carlos Augusto,Inter,1653,0.1557168784029038,0.0800362976406533,0.3811252268602541,8.929219600725952,0.3811252268602541,90.02,2.0689655172413794,62.37,3.8112522686025407,0.5444646098003629,07/01/1999 00:00,Brazil,Defender,left,184.0,https://img.a.transfermarkt.technology/portrait/header/585982-1735891597.jpg?lm=1,26000000
Juan Cuadrado,Atalanta,825,0.1003636363636363,0.2116363636363636,0.4363636363636364,18.763636363636365,1.8545454545454547,85.33,2.8363636363636364,70.59,3.381818181818182,0.981818181818182,26/05/1988 00:00,Colombia,Midfield,right,176.0,https://img.a.transfermarkt.technology/portrait/header/91970-1663576912.jpg?lm=1,1000000
Gianluca Mancini,AS Roma,3144,0.0475190839694656,0.0223282442748091,0.200381679389313,6.526717557251909,0.0286259541984732,87.21,2.204198473282443,62.89,2.833969465648855,1.4026717557251909,17/04/1996 00:00,Italy,Defender,right,190.0,https://img.a.transfermarkt.technology/portrait/header/256448-1663581060.jpg?lm=1,15000000
Federico Gatti,Juventus,2213,0.0996384997740623,0.0109805693628558,0.3660189787618617,3.2128332580207863,0.2846814279258924,95.18,1.870763669227293,57.81,4.47356529597831,0.8133755083596927,24/06/1998 00:00,Italy,Defender,right,190.0,https://img.a.transfermarkt.technology/portrait/header/509022-1725531068.jpg?lm=1,20000000
Romelu Lukaku,SSC Napoli,2870,0.310766550522648,0.0818466898954703,0.7526132404181185,5.174216027874564,0.1881533101045296,71.2,0.156794425087108,42.86,1.0662020905923344,1.4738675958188152,13/05/1993 00:00,Belgium,Attack,left,191.0,https://img.a.transfermarkt.technology/portrait/header/96341-1661780981.jpg?lm=1,15000000
Nicolò Cambiaghi,Bologna,614,0.1143322475570032,0.3180781758957655,0.5863192182410424,9.6742671009772,1.6123778501628665,84.97,2.638436482084691,27.27,4.250814332247558,1.3192182410423454,28/12/2000 00:00,Italy,Attack,right,176.0,https://img.a.transfermarkt.technology/portrait/header/459151-1695031545.jpg?lm=1,18000000
Charalampos Lykogiannis,Bologna,1050,0.0205714285714285,0.1782857142857143,0.1714285714285714,8.82857142857143,0.3428571428571428,79.61,2.9142857142857146,66.67,3.0,0.8571428571428572,22/10/1993 00:00,Greece,Defender,left,191.0,https://img.a.transfermarkt.technology/portrait/header/136514-1663656826.jpg?lm=1,1500000
Cristiano Biraghi,Torino,1600,0.0348749999999999,0.15075,0.1687499999999999,8.49375,0.0562499999999999,83.35,1.7999999999999998,48.15,2.75625,0.73125,01/09/1992 00:00,Italy,Defender,left,185.0,https://img.a.transfermarkt.technology/portrait/header/124555-1724827712.jpg?lm=1,1400000
Sead Kolasinac,Atalanta,1910,0.037696335078534,0.0697382198952879,0.1413612565445026,11.214659685863875,0.1413612565445026,88.08,3.1099476439790577,56.45,6.361256544502618,1.7905759162303665,20/06/1993 00:00,Bosnia-Herzegovina,Defender,left,183.0,https://img.a.transfermarkt.technology/portrait/header/94005-1666815100.jpg?lm=1,10000000
Christian Kabasele,Udinese,1163,0.1153052450558899,0.0410146173688736,0.3095442820292347,4.875322441960447,0.0773860705073086,85.43,2.398968185726569,62.5,2.5537403267411865,1.5477214101461736,24/02/1991 00:00,Belgium,Defender,right,187.0,https://img.a.transfermarkt.technology/portrait/header/81512-1692277533.jpg?lm=1,800000
Nico González,Juventus,1776,0.2047297297297297,0.0597972972972972,1.064189189189189,8.614864864864865,0.8614864864864864,77.34,1.6722972972972971,55.05,3.496621621621621,1.5202702702702702,03/01/2002 00:00,Spain,Midfield,right,188.0,https://img.a.transfermarkt.technology/portrait/header/466805-1743669968.jpg?lm=1,45000000
Álvaro Morata,AC Milan,1105,0.3152036199095022,0.0203619909502262,0.8144796380090498,5.131221719457013,0.4886877828054298,78.43,1.7104072398190044,42.86,2.524886877828054,2.0361990950226243,23/10/1992 00:00,Spain,Attack,right,189.0,https://img.a.transfermarkt.technology/portrait/header/128223-1719989301.jpg?lm=1,16000000
Morten Frendrup,Genoa,3107,0.0483746379143868,0.0225941422594142,0.2607016414547795,5.996137753459928,0.2896684905053105,85.87,4.316060508529128,44.29,5.329900225297714,1.477309301577084,07/04/2001 00:00,Denmark,Midfield,right,178.0,https://img.a.transfermarkt.technology/portrait/header/503871-1707815910.jpg?lm=1,15000000
Enrico Delprato,Parma,2946,0.0629327902240325,0.0274949083503055,0.1527494908350305,4.582484725050916,0.0610997963340122,85.92,1.5885947046843176,47.56,3.84928716904277,0.6109979633401221,10/11/1999 00:00,Italy,Defender,right,183.0,https://img.a.transfermarkt.technology/portrait/header/392956-1730185180.jpg?lm=1,6000000
João Félix,AC Milan,767,0.3027379400260756,0.1560625814863103,0.938722294654498,11.264667535853976,1.760104302477184,83.97,0.8213820078226858,50.0,3.520208604954368,1.4080834419817472,10/11/1999 00:00,Portugal,Attack,right,181.0,https://img.a.transfermarkt.technology/portrait/header/462250-1668165358.jpg?lm=1,25000000
Alex Meret,SSC Napoli,3006,0.0,0.0005988023952095,0.0,0.2694610778443114,0.0,84.52,0.0,100.0,6.556886227544911,0.029940119760479,22/03/1997 00:00,Italy,Goalkeeper,left,190.0,https://img.a.transfermarkt.technology/portrait/header/240414-1695025886.jpg?lm=1,14000000
Nikola Moro,Bologna,1229,0.0358828315703824,0.0746948738812042,0.1464605370219691,14.279902359641984,0.5126118795768918,82.55,3.5150528885272583,51.52,5.345809601301871,1.61106590724166,12/03/1998 00:00,Croatia,Midfield,right,184.0,https://img.a.transfermarkt.technology/portrait/header/316934-1692964241.jpg?lm=1,6500000
Pierre Kalulu,Juventus,2335,0.0262098501070663,0.029678800856531,0.1156316916488222,8.518201284796575,0.1541755888650963,93.83,2.235546038543897,36.49,3.661670235546039,1.0021413276231264,05/06/2000 00:00,France,Defender,right,182.0,https://img.a.transfermarkt.technology/portrait/header/585949-1684854558.jpg?lm=1,28000000
Remo Freuler,Bologna,3214,0.0355631611698817,0.044803982576229,0.1120099564405725,12.62912258867455,0.1400124455507156,88.54,3.276291225886746,50.0,4.0883634100808965,1.316116988176727,15/04/1992 00:00,Switzerland,Midfield,right,180.0,https://img.a.transfermarkt.technology/portrait/header/148252-1688044464.jpg?lm=1,4000000
Ondrej Duda,Hellas Verona,2403,0.0385767790262172,0.097003745318352,0.1872659176029962,7.865168539325843,0.9363295880149812,82.56,2.8838951310861423,51.61,7.04119850187266,1.9101123595505616,05/12/1994 00:00,Slovakia,Midfield,right,180.0,https://img.a.transfermarkt.technology/portrait/header/232418-1716967836.jpg?lm=1,3200000
Saúl Coco,Torino,2847,0.0373024236037934,0.006322444678609,0.1896733403582718,2.8767123287671232,0.2212855637513171,88.54,2.655426765015806,51.64,2.750263435194942,1.6754478398314014,09/02/1999 00:00,Equatorial Guinea,Defender,right,187.0,https://img.a.transfermarkt.technology/portrait/header/588426-1725531089.jpg?lm=1,8000000
Luca Ranieri,Fiorentina,3077,0.0310042248943776,0.0403639909002274,0.1462463438414039,3.68540786480338,0.2632434189145271,86.31,2.047448813779656,45.28,2.7786805329866757,0.7312317192070198,23/04/1999 00:00,Italy,Defender,left,187.0,https://img.a.transfermarkt.technology/portrait/header/346561-1692962464.jpg?lm=1,7000000
Maduka Okoye,Udinese,2250,0.0,0.0024,0.0,0.8,0.0,75.6,0.0,100.0,7.28,0.0,28/08/1999 00:00,Nigeria,Goalkeeper,right,198.0,https://img.a.transfermarkt.technology/portrait/header/340353-1729542646.jpg?lm=1,8000000
Weston McKennie,Juventus,2320,0.1078448275862068,0.135,0.3103448275862069,11.405172413793103,0.7758620689655172,85.06,1.8232758620689653,54.55,4.0344827586206895,1.2413793103448276,28/08/1998 00:00,United States,Midfield,right,185.0,https://img.a.transfermarkt.technology/portrait/header/332697-1754245044.jpg?lm=1,22000000
Samuel Chukwueze,AC Milan,947,0.2537486800422386,0.2309398099260823,0.7602956705385427,11.49947201689546,2.470960929250264,83.66,1.8057022175290391,41.18,3.6114044350580783,0.2851108764519535,22/05/1999 00:00,Nigeria,Attack,left,172.0,https://img.a.transfermarkt.technology/portrait/header/401922-1767008430.jpg?lm=1,20000000
Mario Pašalić,Atalanta,1969,0.2673946165566277,0.1014728288471305,0.5485017775520569,16.18080243778568,0.228542407313357,88.21,1.7369222955815136,50.0,5.119349923819198,0.8684611477907568,09/02/1995 00:00,Croatia,Midfield,right,188.0,https://img.a.transfermarkt.technology/portrait/header/205938-1716240830.jpg?lm=1,7000000
Jacopo Fazzini,Empoli,1393,0.1996410624551328,0.0478104809763101,0.5814788226848528,8.269921033740129,1.4860014357501794,77.63,2.455132806891601,43.18,4.522613065326633,1.4860014357501794,16/03/2003 00:00,Italy,Midfield,right,178.0,https://img.a.transfermarkt.technology/portrait/header/691482-1673249779.jpg?lm=1,6000000
Billy Gilmour,SSC Napoli,1178,0.0389643463497453,0.1451612903225806,0.0764006791171477,10.848896434634977,0.3820033955857385,89.3,2.5212224108658745,47.37,4.889643463497453,1.069609507640068,11/06/2001 00:00,Scotland,Midfield,right,170.0,https://img.a.transfermarkt.technology/portrait/header/423744-1701544195.jpg?lm=1,20000000
Lorenzo Lucca,Udinese,2361,0.2607369758576874,0.0301143583227446,0.9911054637865312,2.2871664548919948,0.4574332909783989,64.86,0.6480304955527318,43.7,1.6772554002541296,2.477763659466328,10/09/2000 00:00,Italy,Attack,right,201.0,https://img.a.transfermarkt.technology/portrait/header/572265-1725531439.jpg?lm=1,25000000
Lewis Ferguson,Bologna,985,0.0164467005076142,0.0703553299492385,0.182741116751269,15.076142131979696,0.4568527918781725,88.89,2.649746192893401,51.61,2.5583756345177666,2.467005076142132,24/08/1999 00:00,Scotland,Midfield,right,181.0,https://img.a.transfermarkt.technology/portrait/header/428563-1753445535.jpg?lm=1,20000000
Malick Thiaw,AC Milan,1803,0.0289517470881863,0.010981697171381,0.0499168053244592,5.091514143094842,0.1497504159733776,93.57,1.94675540765391,64.47,3.24459234608985,1.1980033277870217,08/08/2001 00:00,Germany,Defender,right,194.0,https://img.a.transfermarkt.technology/portrait/header/521964-1682063635.jpg?lm=1,25000000
Andrea Pinamonti,Genoa,2860,0.2227972027972028,0.0402797202797202,0.944055944055944,3.367132867132867,0.3461538461538461,64.29,0.3461538461538461,43.22,1.6678321678321677,0.6608391608391608,19/05/1999 00:00,Italy,Attack,right,185.0,https://img.a.transfermarkt.technology/portrait/header/315865-1692883161.jpg?lm=1,15000000
Patrick Cutrone,Como,2053,0.2783731125182659,0.0903068679980516,1.1397954213346324,6.268874817340477,0.3945445689235266,74.89,0.9206039941548954,25.27,2.3672674135411595,1.00828056502679,03/01/1998 00:00,Italy,Attack,right,183.0,https://img.a.transfermarkt.technology/portrait/header/265078-1714818222.jpg?lm=1,5000000
Yann Bisseck,Inter,1645,0.1362310030395137,0.0678419452887538,0.2735562310030395,8.917933130699089,0.1641337386018237,92.36,1.8601823708206688,73.85,3.6109422492401215,0.8753799392097265,29/11/2000 00:00,Germany,Defender,right,196.0,https://img.a.transfermarkt.technology/portrait/header/441986-1742497863.jpg?lm=1,35000000
Francisco Conceição,Juventus,1342,0.1555886736214605,0.2970938897168405,0.8718330849478391,10.797317436661698,2.3472429210134127,85.2,1.9448584202682564,18.18,3.6885245901639343,1.609538002980626,14/12/2002 00:00,Portugal,Attack,left,170.0,https://img.a.transfermarkt.technology/portrait/header/487474-1749069081.jpg?lm=1,30000000
Emil Holm,Bologna,1137,0.0451187335092348,0.0720316622691293,0.237467018469657,9.973614775725594,0.79155672823219,79.22,3.482849604221636,59.62,3.720316622691293,1.266490765171504,13/05/2000 00:00,Sweden,Defender,right,191.0,https://img.a.transfermarkt.technology/portrait/header/496745-1688450376.jpg?lm=1,13000000
Lazar Samardžić,Atalanta,1149,0.160574412532637,0.3164490861618799,1.0182767624020888,21.85378590078329,2.114882506527415,83.57,1.8015665796344649,14.81,3.91644908616188,1.4882506527415142,24/02/2002 00:00,Serbia,Midfield,left,184.0,https://img.a.transfermarkt.technology/portrait/header/528833-1757605226.jpg?lm=1,15000000
Zeki Çelik,AS Roma,2261,0.022689075630252,0.0398053958425475,0.1592215833701901,10.03095975232198,0.3184431667403803,84.49,3.065015479876161,53.57,2.985404688191066,1.2339672711189738,17/02/1997 00:00,Türkiye,Defender,right,180.0,https://img.a.transfermarkt.technology/portrait/header/251075-1725530746.jpg?lm=1,12000000
Matteo Ruggeri,Atalanta,1760,0.0122727272727272,0.094090909090909,0.1022727272727272,15.392045454545451,0.3068181818181817,87.14,3.1193181818181817,57.5,6.340909090909091,0.6136363636363635,11/07/2002 00:00,Italy,Defender,left,187.0,https://img.a.transfermarkt.technology/portrait/header/616631-1742497680.jpg?lm=1,15000000
Joaquín Correa,Inter,735,0.2559183673469388,0.1065306122448979,0.7346938775510204,15.06122448979592,0.7346938775510204,87.93,1.3469387755102042,25.0,3.795918367346939,0.979591836734694,13/08/1994 00:00,Argentina,Attack,right,188.0,https://img.a.transfermarkt.technology/portrait/header/227081-1724826843.jpg?lm=1,3000000
Fali Candé,Venezia,1530,0.0635294117647058,0.0117647058823529,0.1176470588235294,4.352941176470588,0.5294117647058824,82.43,2.3529411764705883,48.78,4.647058823529412,1.411764705882353,24/01/1998 00:00,Guinea-Bissau,Defender,left,184.0,https://img.a.transfermarkt.technology/portrait/header/520530-1697463489.png?lm=1,3000000
Nikola Vlašić,Torino,2128,0.0795112781954887,0.0841635338345864,0.5075187969924811,10.99624060150376,1.0150375939849623,82.29,1.9454887218045112,48.33,3.933270676691729,1.1842105263157894,04/10/1997 00:00,Croatia,Midfield,right,179.0,https://img.a.transfermarkt.technology/portrait/header/293200-1695028630.jpg?lm=1,10000000
Cesare Casadei,Torino,1023,0.102932551319648,0.0351906158357771,0.6158357771260997,6.334310850439882,0.6158357771260997,79.7,1.495601173020528,69.57,3.6070381231671553,1.407624633431085,10/01/2003 00:00,Italy,Midfield,right,192.0,https://img.a.transfermarkt.technology/portrait/header/622380-1692967622.jpg?lm=1,14000000
Alessio Romagnoli,Lazio,2674,0.0659685863874345,0.0090875093492894,0.269259536275243,4.510097232610321,0.0336574420344053,91.96,2.4906507105459985,64.44,3.231114435302917,0.976065818997756,12/01/1995 00:00,Italy,Defender,left,185.0,https://img.a.transfermarkt.technology/portrait/header/197747-1730125586.jpg?lm=1,7000000
Eljif Elmas,Torino,1025,0.1299512195121951,0.0974634146341463,0.8780487804878049,9.482926829268292,1.1414634146341462,83.72,1.4048780487804875,40.0,2.897560975609756,1.1414634146341462,24/09/1999 00:00,North Macedonia,Midfield,right,184.0,https://img.a.transfermarkt.technology/portrait/header/400489-1709127683.jpg?lm=1,20000000
Antonino Gallo,Lecce,2615,0.008604206500956,0.0932695984703632,0.1032504780114722,5.954110898661567,0.4474187380497131,70.45,2.925430210325048,41.27,3.9923518164435934,0.4130019120458891,05/01/2000 00:00,Italy,Defender,left,183.0,https://img.a.transfermarkt.technology/portrait/header/392516-1663745734.jpg?lm=1,4000000
Alen Sherri,Cagliari,622,0.0,0.0014469453376205,0.0,0.4340836012861736,0.0,69.46,0.2893890675241157,0.0,6.366559485530546,0.0,15/12/1997 00:00,Albania,Goalkeeper,right,197.0,https://img.a.transfermarkt.technology/portrait/header/304144-1730124783.jpg?lm=1,1000000
Danilo Cataldi,Fiorentina,1768,0.0498868778280542,0.0391968325791855,0.254524886877828,7.635746606334841,0.1527149321266968,86.16,2.392533936651584,54.55,5.80316742081448,0.7635746606334841,06/08/1994 00:00,Italy,Midfield,right,180.0,https://img.a.transfermarkt.technology/portrait/header/199733-1661513736.jpg?lm=1,3500000
Hernani,Parma,1329,0.0338600451467268,0.0873589164785553,0.4063205417607223,9.413092550790068,0.5417607223476297,78.5,4.469525959367946,48.65,4.604966139954853,2.234762979683973,27/03/1994 00:00,Brazil,Midfield,both,188.0,https://img.a.transfermarkt.technology/portrait/header/181768-1686211173.jpg?lm=1,1500000
Kristjan Asllani,Inter,1007,0.0822244289970208,0.1662363455809334,0.4468718967229395,12.065541211519363,0.0893743793445878,92.01,2.055610724925521,50.0,4.379344587884806,0.804369414101291,09/03/2002 00:00,Albania,Midfield,right,179.0,https://img.a.transfermarkt.technology/portrait/header/543771-1716969431.jpg?lm=1,13000000
Artem Dovbyk,AS Roma,2430,0.3959259259259259,0.0574074074074074,1.0,5.444444444444445,0.2592592592592592,74.94,0.2222222222222222,41.75,0.9629629629629628,1.1111111111111112,21/06/1997 00:00,Ukraine,Attack,left,189.0,https://img.a.transfermarkt.technology/portrait/header/343537-1719215184.jpg?lm=1,20000000
Alieu Fadera,Como,1667,0.0923215356928614,0.1036592681463707,0.4859028194361128,8.206358728254349,1.4037192561487704,77.14,4.103179364127175,42.31,5.128974205158968,2.159568086382724,03/11/2001 00:00,The Gambia,Attack,right,182.0,https://img.a.transfermarkt.technology/portrait/header/749552-1753767931.jpg?lm=1,2500000
Máximo Perrone,Como,1859,0.04308768154922,0.0818181818181818,0.0968262506724045,10.457235072619689,0.1452393760086067,90.98,2.807961269499731,40.74,4.647660032275417,1.2587412587412588,07/01/2003 00:00,Argentina,Midfield,left,177.0,https://img.a.transfermarkt.technology/portrait/header/668547-1681246573.jpg?lm=1,25000000
David Neres,SSC Napoli,1294,0.1870942812982998,0.2218701700154559,0.4868624420401855,10.850077279752703,2.295208655332303,86.06,1.947449768160742,21.43,3.6166924265842346,0.973724884080371,03/03/1997 00:00,Brazil,Attack,left,176.0,https://img.a.transfermarkt.technology/portrait/header/469822-1701334470.jpg?lm=1,28000000
Jhon Lucumí,Bologna,2613,0.0213547646383467,0.0244546498277841,0.0688863375430539,5.648679678530424,0.3444316877152698,91.51,2.721010332950631,50.0,6.061997703788748,0.7577497129735935,26/06/1998 00:00,Colombia,Defender,left,187.0,https://img.a.transfermarkt.technology/portrait/header/413565-1753445789.jpg?lm=1,17000000
Federico Baschirotto,Lecce,3420,0.0323684210526315,0.0134210526315789,0.2105263157894736,1.973684210526316,0.1052631578947368,86.71,1.5789473684210529,64.81,2.4473684210526314,0.8157894736842105,20/09/1996 00:00,Italy,Defender,right,187.0,https://img.a.transfermarkt.technology/portrait/header/351955-1730126092.jpg?lm=1,4000000
Kike Pérez,Venezia,1120,0.0674999999999999,0.1197321428571428,0.5625,12.294642857142858,1.0446428571428572,78.73,4.098214285714286,48.39,5.705357142857142,2.4910714285714284,14/02/1997 00:00,Spain,Midfield,left,184.0,https://img.a.transfermarkt.technology/portrait/header/527698-1739282423.jpg?lm=1,2200000
Jaka Bijol,Udinese,2964,0.0610323886639676,0.0224696356275303,0.1821862348178138,3.977732793522268,0.0607287449392712,83.83,2.459514170040486,67.07,3.066801619433199,1.487854251012146,05/02/1999 00:00,Slovenia,Defender,right,190.0,https://img.a.transfermarkt.technology/portrait/header/371851-1695029407.jpg?lm=1,18000000
Hans Nicolussi Caviglia,Venezia,2870,0.0762020905923345,0.0724390243902439,0.627177700348432,8.623693379790941,0.5331010452961672,82.55,2.35191637630662,53.85,4.609756097560975,1.56794425087108,18/06/2000 00:00,Italy,Midfield,right,184.0,https://img.a.transfermarkt.technology/portrait/header/430280-1743004805.jpg?lm=1,3000000
Santiago Castro,Bologna,2305,0.2674620390455531,0.059349240780911,0.8199566160520607,5.310195227765727,0.7028199566160521,78.0,0.8199566160520607,35.19,2.6941431670282,1.913232104121475,18/09/2004 00:00,Argentina,Attack,right,179.0,https://img.a.transfermarkt.technology/portrait/header/849520-1724827267.jpg?lm=1,12000000
Maxence Caqueret,Como,1097,0.0680948040109389,0.0886052871467639,0.2461257976298997,14.111212397447584,1.1485870556061988,85.58,3.527803099361896,23.08,5.660893345487694,1.3947128532360986,15/02/2000 00:00,France,Midfield,right,174.0,https://img.a.transfermarkt.technology/portrait/header/395237-1739281407.jpg?lm=1,20000000
Samuel Mbangula,Juventus,710,0.0785915492957746,0.1001408450704225,0.6338028169014084,10.140845070422534,1.1408450704225352,89.47,2.2816901408450705,22.22,4.183098591549296,0.7605633802816901,16/01/2004 00:00,Belgium,Attack,right,179.0,https://img.a.transfermarkt.technology/portrait/header/654991-1758702407.jpg?lm=1,0
Joel Pohjanpalo,Venezia,1615,0.2496594427244582,0.0573993808049535,0.9473684210526316,4.569659442724459,0.1671826625386997,61.05,0.3900928792569659,43.81,1.1145510835913313,0.6687306501547988,13/09/1994 00:00,Finland,Attack,right,186.0,https://img.a.transfermarkt.technology/portrait/header/173491-1658913890.jpg?lm=1,3500000
Luca Pellegrini,Lazio,1074,0.0553072625698324,0.1365921787709497,0.3351955307262569,11.81564245810056,0.9217877094972068,81.18,3.519553072625698,56.25,3.435754189944134,1.5083798882681565,07/03/1999 00:00,Italy,Defender,left,178.0,https://img.a.transfermarkt.technology/portrait/header/346567-1663065246.jpg?lm=1,3500000
Manu Koné,AS Roma,2582,0.1164213787761425,0.0543764523625096,0.313710302091402,10.422153369481022,1.04570100697134,91.32,2.26568551510457,40.35,4.566227730441518,0.975987606506584,17/05/2001 00:00,France,Midfield,right,185.0,https://img.a.transfermarkt.technology/portrait/header/624690-1757931309.jpg?lm=1,50000000
,Parma,1554,0.1882239382239382,0.0179536679536679,0.6370656370656371,3.011583011583012,0.3474903474903475,47.43,0.1737451737451737,70.29,1.2162162162162162,1.1003861003861004,,,,,,,0
Daniele Ghilardi,Hellas Verona,2031,0.025258493353028,0.0181683899556868,0.1772525849335302,3.766617429837519,0.0886262924667651,80.68,3.2791728212703104,50.6,2.4372230428360413,1.4623338257016247,06/01/2003 00:00,Italy,Defender,right,189.0,https://img.a.transfermarkt.technology/portrait/header/701819-1725530673.jpg?lm=1,8000000
Diego Coppola,Hellas Verona,2926,0.0230690362269309,0.0055365686944634,0.1230348598769651,1.107313738892686,0.0307587149692412,81.42,4.244702665755297,64.56,2.737525632262474,1.3533834586466165,28/12/2003 00:00,Italy,Defender,right,193.0,https://img.a.transfermarkt.technology/portrait/header/660860-1663671800.jpg?lm=1,10000000
Ange-Yoan Bonny,Parma,2545,0.2486051080550098,0.0763850687622789,0.7779960707269155,6.400785854616895,1.1669941060903732,76.84,1.3084479371316309,26.32,2.2632612966601178,0.7426326129666012,25/10/2003 00:00,Cote d'Ivoire,Attack,right,189.0,https://img.a.transfermarkt.technology/portrait/header/827734-1751380953.jpg?lm=1,0
Devyne Rensch,AS Roma,470,0.0517021276595744,0.1474468085106383,0.3829787234042553,8.042553191489361,0.0,85.71,4.595744680851063,58.82,2.48936170212766,0.1914893617021276,18/01/2003 00:00,Netherlands,Defender,right,181.0,https://img.a.transfermarkt.technology/portrait/header/557407-1683881379.jpg?lm=1,8500000
Davide Zappacosta,Atalanta,2076,0.0988439306358381,0.130057803468208,0.5202312138728323,11.921965317919076,0.5202312138728323,85.89,1.6040462427745663,47.83,3.8583815028901736,0.823699421965318,11/06/1992 00:00,Italy,Midfield,right,182.0,https://img.a.transfermarkt.technology/portrait/header/173859-1661268432.jpg?lm=1,3500000
Adam Masina,Torino,1926,0.0336448598130841,0.0345794392523364,0.0934579439252336,4.906542056074767,0.2803738317757009,85.39,2.8037383177570097,73.91,4.112149532710281,1.074766355140187,02/01/1994 00:00,Morocco,Defender,left,191.0,https://img.a.transfermarkt.technology/portrait/header/286949-1658130450.jpg?lm=1,1400000
Albert Gudmundsson,Fiorentina,1285,0.2066147859922178,0.0672373540856031,1.050583657587549,8.614785992217898,1.050583657587549,86.81,1.050583657587549,25.0,3.712062256809338,0.9105058365758756,15/06/1997 00:00,Iceland,Attack,right,177.0,https://img.a.transfermarkt.technology/portrait/header/305947-1705389252.jpg?lm=1,30000000
Ignace Van der Brempt,Como,1264,0.032753164556962,0.0277689873417721,0.2136075949367088,6.906645569620253,0.9256329113924052,82.87,4.0585443037974684,52.94,4.200949367088608,1.495253164556962,01/04/2002 00:00,Belgium,Defender,right,187.0,https://img.a.transfermarkt.technology/portrait/header/490423-1757664819.jpg?lm=1,3500000
Ché Adams,Torino,2657,0.2757245013172751,0.096876176138502,0.8806925103500188,5.080918328942416,0.3726006774557772,75.23,0.4742190440346255,36.73,1.6936394429808057,0.9823108769288672,13/07/1996 00:00,Scotland,Attack,right,179.0,https://img.a.transfermarkt.technology/portrait/header/346779-1716381473.jpg?lm=1,18000000
Youssouf Fofana,AC Milan,2509,0.0473495416500597,0.0943403746512554,0.1793543244320446,9.326424870466322,0.5021921084097251,86.33,2.6903148664806698,34.38,5.416500597847748,1.00438421681945,10/01/1999 00:00,France,Midfield,right,185.0,https://img.a.transfermarkt.technology/portrait/header/569598-1725528517.jpg?lm=1,30000000
Dany Mota,Monza,2111,0.2174324964471814,0.0741828517290383,0.4689720511605874,6.224538133585978,0.5542396968261487,75.95,0.9379441023211748,46.27,2.600663192799621,1.27901468498342,02/05/1998 00:00,Portugal,Attack,right,180.0,https://img.a.transfermarkt.technology/portrait/header/347253-1652095197.jpg?lm=1,5000000
Isak Hien,Atalanta,2325,0.0387096774193548,0.0081290322580645,0.0774193548387096,2.283870967741936,0.232258064516129,89.77,3.0580645161290323,54.4,5.458064516129032,1.3935483870967742,13/01/1999 00:00,Sweden,Defender,right,191.0,https://img.a.transfermarkt.technology/portrait/header/503075-1725531359.jpg?lm=1,25000000
Juan Jesus,SSC Napoli,1075,0.0284651162790697,0.0117209302325581,0.0,3.767441860465116,0.0,89.74,2.8465116279069766,59.52,2.511627906976744,1.172093023255814,10/06/1991 00:00,Brazil,Defender,left,185.0,https://img.a.transfermarkt.technology/portrait/header/121985-1630496408.jpg?lm=1,1500000
Samuel Gigot,Lazio,688,0.1713662790697674,0.0065406976744186,0.3924418604651162,2.6162790697674416,0.130813953488372,91.96,2.2238372093023253,79.17,1.962209302325581,1.0465116279069766,12/10/1993 00:00,France,Defender,right,187.0,https://img.a.transfermarkt.technology/portrait/header/276896-1703066101.jpg?lm=1,9000000
Boulaye Dia,Lazio,2194,0.2928896991795807,0.0607110300820419,0.8204193254329991,5.5788514129443945,0.6973564266180493,84.16,1.1485870556061988,26.92,2.256153144940748,0.943482224247949,16/11/1996 00:00,Senegal,Attack,right,180.0,https://img.a.transfermarkt.technology/portrait/header/626913-1730127040.jpg?lm=1,10000000
Fikayo Tomori,AC Milan,1611,0.0044692737430167,0.0430167597765363,0.0,4.804469273743017,0.111731843575419,92.89,3.3519553072625703,47.46,3.3519553072625703,0.558659217877095,19/12/1997 00:00,England,Defender,right,185.0,https://img.a.transfermarkt.technology/portrait/header/303254-1684856117.jpg?lm=1,40000000
Tommaso Augello,Cagliari,2714,0.0086219602063375,0.1585114222549742,0.0,7.5276344878408255,0.7958732498157701,78.23,2.1554900515843776,68.92,4.476787030213707,0.4974207811348563,30/08/1994 00:00,Italy,Defender,left,180.0,https://img.a.transfermarkt.technology/portrait/header/284595-1663679538.jpg?lm=1,1200000
Guillermo Maripán,Torino,2341,0.0365228534814181,0.035753951302862,0.1922255446390431,3.806065783853054,0.0768902178556172,86.76,3.114053823152499,59.84,3.4600598035027765,1.1149081589064502,06/05/1994 00:00,Chile,Defender,right,193.0,https://img.a.transfermarkt.technology/portrait/header/249730-1730123458.jpg?lm=1,4000000
Samuele Birindelli,Monza,1474,0.1270013568521031,0.0677747625508819,0.6105834464043419,6.655359565807328,0.3052917232021709,80.0,1.9538670284938944,25.0,2.869742198100407,0.9769335142469472,19/07/1999 00:00,Italy,Defender,right,176.0,https://img.a.transfermarkt.technology/portrait/header/461019-1613547152.jpg?lm=1,2500000
Georgios Kyriakopoulos,Monza,2761,0.0277073524085476,0.0824701195219123,0.2933719666787396,7.203911626222383,0.4889532777978993,80.52,2.053603766751177,43.64,2.9663165519739225,0.7497283592901123,21/08/1990 00:00,Greece,Goalkeeper,left,191.0,https://img.a.transfermarkt.technology/portrait/header/default.jpg?lm=1,50000
Tete Morente,Lecce,2029,0.1184327254805322,0.0545588960078856,0.5766387382947264,8.915722030556925,1.330704780680138,79.29,1.818629866929522,64.06,4.613109906357812,1.153277476589453,04/12/1996 00:00,Spain,Attack,right,184.0,https://img.a.transfermarkt.technology/portrait/header/339816-1730123532.jpg?lm=1,1800000
Gustav Isaksen,Lazio,2226,0.2074123989218328,0.1115902964959568,1.0107816711590296,8.288409703504042,1.778975741239892,84.99,1.0512129380053907,34.21,2.7493261455525606,0.9299191374663072,19/04/2001 00:00,Denmark,Attack,left,181.0,https://img.a.transfermarkt.technology/portrait/header/462823-1695026324.jpg?lm=1,17000000
,Juventus,1644,0.1877737226277372,0.0645985401459854,0.4927007299270073,10.51094890510949,0.7116788321167884,88.27,2.737226277372263,44.19,3.2846715328467155,1.094890510948905,,,,,,,0
Hassane Kamara,Udinese,2006,0.0403788634097706,0.1018444666001994,0.1345962113659023,6.326021934197408,0.8075772681954138,81.82,2.73678963110668,65.63,4.127617148554338,1.1216350947158524,05/03/1994 00:00,Cote d'Ivoire,Defender,left,170.0,https://img.a.transfermarkt.technology/portrait/header/290017-1730126484.jpg?lm=1,3000000
Medon Berisha,Lecce,723,0.0908713692946058,0.1045643153526971,0.7468879668049793,10.33195020746888,0.3734439834024896,82.14,2.863070539419087,46.67,4.481327800829876,1.991701244813278,21/10/2003 00:00,Albania,Midfield,right,186.0,https://img.a.transfermarkt.technology/portrait/header/583046-1662114572.jpg?lm=1,6000000
Piotr Zielinski,Inter,984,0.0978658536585365,0.0960365853658536,0.5487804878048781,16.1890243902439,0.5487804878048781,92.5,1.829268292682927,76.92,5.304878048780488,0.823170731707317,20/05/1994 00:00,Poland,Midfield,both,180.0,https://img.a.transfermarkt.technology/portrait/header/181136-1692962961.jpg?lm=1,10000000
Giorgio Altare,Venezia,751,0.0179760319573901,0.0191744340878828,0.1198402130492676,3.2356857523302263,0.5992010652463382,76.0,3.595206391478029,55.26,3.2356857523302263,1.1984021304926764,09/08/1998 00:00,Italy,Defender,right,190.0,https://img.a.transfermarkt.technology/portrait/header/354909-1630510736.jpg?lm=1,800000
Ruben Loftus-Cheek,AC Milan,1031,0.061105722599418,0.0759456838021338,0.1745877788554801,10.387972841901068,0.9602327837051406,90.59,1.9204655674102813,63.33,4.190106692531523,2.0077594568380213,23/01/1996 00:00,England,Midfield,right,191.0,https://img.a.transfermarkt.technology/portrait/header/202886-1692879593.jpg?lm=1,25000000
Mattia Viti,Empoli,2576,0.0269021739130434,0.0076863354037267,0.0698757763975155,3.388975155279503,0.2096273291925465,80.26,3.947981366459627,54.78,3.388975155279503,1.0481366459627328,24/01/2002 00:00,Italy,Defender,left,190.0,https://img.a.transfermarkt.technology/portrait/header/493702-1692882028.jpg?lm=1,5000000
Alessio Zerbin,Venezia,1522,0.1182654402102496,0.1371879106438896,0.354796320630749,7.036793692509855,1.2417871222076216,66.5,4.021024967148489,43.48,4.080157687253614,2.128777923784494,03/03/1999 00:00,Italy,Midfield,right,182.0,https://img.a.transfermarkt.technology/portrait/header/433584-1757604547.jpg?lm=1,2200000
Michel Aebischer,Bologna,728,0.0506868131868131,0.0754120879120879,0.6181318681318682,11.126373626373626,0.3708791208791209,89.33,3.090659340659341,35.71,4.326923076923077,1.978021978021978,06/01/1997 00:00,Switzerland,Midfield,right,183.0,https://img.a.transfermarkt.technology/portrait/header/237658-1669289063.jpg?lm=1,4500000
Ivan Provedel,Lazio,2610,0.0,0.0027586206896551,0.0,1.206896551724138,0.0,75.47,0.0344827586206896,90.91,6.517241379310345,0.0,17/03/1994 00:00,Italy,Goalkeeper,right,194.0,https://img.a.transfermarkt.technology/portrait/header/197929-1695160944.jpg?lm=1,3000000
Tino Anjorin,Empoli,1117,0.0692927484333034,0.0926589077887197,0.5640107430617726,6.687555953446732,1.2891674127126231,83.18,3.384064458370636,37.5,5.237242614145031,1.9337511190689345,23/11/2001 00:00,England,Midfield,right,186.0,https://img.a.transfermarkt.technology/portrait/header/433181-1751866018.jpg?lm=1,1000000
Samuele Ricci,Torino,2836,0.0399858956276445,0.0371297602256699,0.2221438645980253,7.521156558533145,0.1904090267983074,89.82,1.904090267983075,55.88,4.125528913963328,1.2059238363892806,21/08/2001 00:00,Italy,Midfield,right,181.0,https://img.a.transfermarkt.technology/portrait/header/467992-1730125512.jpg?lm=1,22000000
Kyle Walker,AC Milan,658,0.0054711246200607,0.0615501519756838,0.0,8.890577507598785,0.6838905775075989,90.59,3.556231003039514,60.0,5.060790273556231,0.9574468085106383,28/05/1990 00:00,England,Defender,right,183.0,https://img.a.transfermarkt.technology/portrait/header/95424-1668090663.jpg?lm=1,2500000
Jesse Joronen,Venezia,702,0.0,0.0012820512820512,0.0,0.2564102564102564,0.0,69.41,0.0,100.0,9.487179487179487,0.1282051282051282,21/03/1993 00:00,Finland,Goalkeeper,right,197.0,https://img.a.transfermarkt.technology/portrait/header/131758-1724827205.jpg?lm=1,500000
Stephan El Shaarawy,AS Roma,1110,0.1986486486486486,0.1589189189189189,0.9729729729729728,11.27027027027027,1.3783783783783785,82.39,2.108108108108108,20.83,3.891891891891892,0.5675675675675675,27/10/1992 00:00,Italy,Attack,right,178.0,https://img.a.transfermarkt.technology/portrait/header/94529-1730124909.jpg?lm=1,2500000
Patrick Dorgu,Lecce,1843,0.1587086272381986,0.0512750949538795,0.4883342376559956,7.276180141074335,0.6348345089527944,78.77,3.0765056972327725,57.41,4.834508952794357,1.1720021703743897,26/10/2004 00:00,Denmark,Attack,left,185.0,https://img.a.transfermarkt.technology/portrait/header/926952-1747857569.jpg?lm=1,30000000
Frédéric Guilbert,Lecce,2451,0.0113831089351285,0.0771113831089351,0.0,5.98531211750306,0.6609547123623011,80.0,4.112607099143207,57.97,3.084455324357405,1.211750305997552,24/12/1994 00:00,France,Defender,right,178.0,https://img.a.transfermarkt.technology/portrait/header/354352-1753434772.jpg?lm=1,800000
Douglas Luiz,Juventus,522,0.1120689655172413,0.2172413793103448,0.3448275862068966,13.620689655172416,1.896551724137931,90.42,2.931034482758621,55.56,5.344827586206897,2.413793103448276,09/05/1998 00:00,Brazil,Midfield,right,177.0,https://img.a.transfermarkt.technology/portrait/header/447661-1696598670.jpg?lm=1,25000000
Milan Badelj,Genoa,1486,0.0563257065948855,0.0545087483176312,0.1816958277254374,8.35800807537012,0.5450874831763122,82.38,2.9676985195154777,62.5,4.481830417227456,1.0901749663526243,25/02/1989 00:00,Croatia,Midfield,right,186.0,https://img.a.transfermarkt.technology/portrait/header/40633-1692277462.jpg?lm=1,800000
Lorenzo Pellegrini,AS Roma,1632,0.225,0.1483455882352941,0.7720588235294118,8.713235294117647,0.6066176470588236,83.93,1.6544117647058825,35.48,3.3639705882352944,1.4338235294117647,19/06/1996 00:00,Italy,Midfield,right,186.0,https://img.a.transfermarkt.technology/portrait/header/286297-1692962972.jpg?lm=1,9000000
Nicolò Fagioli,Fiorentina,1541,0.0654120700843608,0.144841012329656,0.2920181700194678,12.206359506813756,0.7008436080467229,88.96,2.3361453601557427,33.33,4.613887086307592,1.1096690460739778,12/02/2001 00:00,Italy,Midfield,right,178.0,https://img.a.transfermarkt.technology/portrait/header/432090-1695025310.jpg?lm=1,20000000
Riccardo Sottil,AC Milan,952,0.0992647058823529,0.1351890756302521,0.5672268907563025,9.07563025210084,1.134453781512605,81.88,0.9453781512605042,35.71,4.632352941176471,0.7563025210084033,03/06/1999 00:00,Italy,Attack,right,180.0,https://img.a.transfermarkt.technology/portrait/header/386455-1663591627.jpg?lm=1,3500000
Michael Svoboda,Venezia,1314,0.0136986301369863,0.0828767123287671,0.273972602739726,4.794520547945206,0.136986301369863,85.12,3.2876712328767126,56.92,4.863013698630137,0.4794520547945206,15/10/1998 00:00,Austria,Defender,right,195.0,https://img.a.transfermarkt.technology/portrait/header/438961-1717659180.jpg?lm=1,900000
Dušan Vlahović,Juventus,1797,0.4697829716193656,0.045575959933222,1.5025041736227047,5.158597662771286,0.4507512520868114,71.59,0.2504173622704507,47.56,1.8030050083472453,1.3522537562604342,28/01/2000 00:00,Serbia,Attack,left,190.0,https://img.a.transfermarkt.technology/portrait/header/357498-1683293071.jpg?lm=1,35000000
Sandi Lovrić,Udinese,2326,0.102536543422184,0.0936371453138435,0.4643164230438521,8.667239896818572,0.8125537403267412,85.18,2.631126397248495,5.56,4.565778159931212,2.0894239036973343,28/03/1998 00:00,Slovenia,Midfield,right,180.0,https://img.a.transfermarkt.technology/portrait/header/268429-1725531957.jpg?lm=1,6000000
Pietro Comuzzo,Fiorentina,2202,0.0212534059945504,0.009400544959128,0.0817438692098092,3.7602179836512266,0.0,86.32,2.942779291553134,59.63,3.5149863760217985,1.021798365122616,20/02/2005 00:00,Italy,Defender,right,188.0,https://img.a.transfermarkt.technology/portrait/header/746712-1730183199.jpg?lm=1,23000000
Jens Odgaard,Bologna,1975,0.1649620253164557,0.0660759493670886,1.0025316455696205,6.69873417721519,0.6835443037974684,77.94,1.3215189873417723,42.06,3.189873417721519,1.913924050632912,31/03/1999 00:00,Denmark,Midfield,left,188.0,https://img.a.transfermarkt.technology/portrait/header/345590-1706697621.jpg?lm=1,15000000
Keinan Davis,Udinese,1071,0.242016806722689,0.0588235294117647,0.9243697478991596,6.890756302521008,1.4285714285714286,76.75,0.8403361344537815,48.1,2.857142857142857,2.016806722689076,13/02/1998 00:00,England,Attack,left,189.0,https://img.a.transfermarkt.technology/portrait/header/412660-1707127382.jpg?lm=1,4000000
Mërgim Vojvoda,Como,1826,0.0330230010952902,0.0887185104052574,0.0492880613362541,9.315443592552027,0.443592552026287,85.62,1.823658269441402,46.67,3.992332968236583,1.0350492880613362,01/02/1995 00:00,Kosovo,Defender,right,187.0,https://img.a.transfermarkt.technology/portrait/header/336125-1661351703.jpg?lm=1,3000000
Hamza Rafia,Lecce,1064,0.0422932330827067,0.1116541353383458,0.169172932330827,9.219924812030074,0.8458646616541353,83.09,4.060150375939849,31.58,5.244360902255639,2.199248120300752,02/04/1999 00:00,Tunisia,Midfield,right,181.0,https://img.a.transfermarkt.technology/portrait/header/418571-1725530321.jpg?lm=1,1700000
Christian Kouamé,Empoli,1127,0.2611357586512866,0.1078083407275953,0.479148181011535,7.027506654835848,0.95829636202307,65.65,1.5971606033717836,62.6,3.034605146406389,1.5971606033717836,06/12/1997 00:00,Cote d'Ivoire,Attack,right,193.0,https://img.a.transfermarkt.technology/portrait/header/337725-1663591953.jpg?lm=1,2500000
Antoine Hainaut,Parma,1207,0.0618889809444904,0.1021541010770505,0.2236951118475559,6.412593206296603,0.9693454846727424,76.67,3.0571665285832643,67.35,4.324772162386081,0.9693454846727424,18/02/2002 00:00,France,Defender,right,187.0,https://img.a.transfermarkt.technology/portrait/header/917375-1730185355.jpg?lm=1,1700000
Leonardo Spinazzola,SSC Napoli,1536,0.043359375,0.2015625,0.234375,9.9609375,1.640625,83.55,1.5234375,50.0,3.6328125,0.3515625,25/03/1993 00:00,Italy,Defender,right,186.0,https://img.a.transfermarkt.technology/portrait/header/118689-1663580982.jpg?lm=1,3500000
Lloyd Kelly,Juventus,1015,0.0345812807881773,0.022167487684729,0.0886699507389162,8.423645320197044,0.0,84.91,1.5073891625615763,57.14,4.876847290640394,1.2413793103448274,06/10/1998 00:00,England,Defender,left,189.0,https://img.a.transfermarkt.technology/portrait/header/480116-1739281396.jpg?lm=1,20000000
Álex Jiménez,AC Milan,1270,0.0715748031496063,0.094251968503937,0.3543307086614173,8.433070866141733,1.84251968503937,82.94,2.763779527559055,40.91,4.889763779527559,0.8503937007874016,08/05/2005 00:00,Spain,Defender,right,177.0,https://img.a.transfermarkt.technology/portrait/header/741257-1751532035.jpg?lm=1,4000000
Gianluca Busio,Venezia,2531,0.0874753062030817,0.0643619122876333,0.2489134729355985,7.076254444883445,0.5333860134334255,78.18,2.311339391544844,48.53,3.804820229158435,0.9245357566179376,28/05/2002 00:00,United States,Midfield,right,172.0,https://img.a.transfermarkt.technology/portrait/header/504209-1717660047.jpg?lm=1,5500000
Mateo Pellegrino,Parma,745,0.4602684563758389,0.0700671140939597,1.087248322147651,4.711409395973154,0.3624161073825503,55.0,0.4832214765100671,52.08,2.416107382550335,3.2617449664429525,22/10/2001 00:00,Argentina,Attack,left,192.0,https://img.a.transfermarkt.technology/portrait/header/856530-1751532694.jpg?lm=1,0
Valentin Mihăilă,Parma,1300,0.1668461538461538,0.0768461538461538,0.7615384615384615,11.146153846153846,0.6923076923076923,80.26,2.5615384615384613,34.15,2.7,1.176923076923077,02/02/2000 00:00,Romania,Attack,right,180.0,https://img.a.transfermarkt.technology/portrait/header/535469-1759320869.jpg?lm=1,2400000
Armando Izzo,Monza,2444,0.01620294599018,0.0106792144026186,0.0736497545008183,3.53518821603928,0.220949263502455,88.34,3.130114566284779,44.88,3.314238952536825,2.393617021276596,02/03/1992 00:00,Italy,Defender,right,183.0,https://img.a.transfermarkt.technology/portrait/header/32113-1770426329.jpg?lm=1,1300000
Patrizio Masini,Genoa,1544,0.0238989637305699,0.0256476683937823,0.0582901554404145,5.30440414507772,0.5829015544041452,79.52,4.022020725388601,54.55,5.071243523316062,2.098445595854922,27/01/2001 00:00,Italy,Midfield,right,182.0,https://img.a.transfermarkt.technology/portrait/header/459665-1742901177.jpg?lm=1,0
Nicola Zalewski,Inter,982,0.0476578411405295,0.2208757637474541,0.2749490835030549,10.631364562118126,1.0081466395112015,83.45,1.924643584521385,45.0,4.032586558044806,0.824847250509165,23/01/2002 00:00,Poland,Midfield,right,175.0,https://img.a.transfermarkt.technology/portrait/header/550108-1725530902.jpg?lm=1,15000000
Emanuele Valeri,Parma,2878,0.0369006254343293,0.1078874218207088,0.1563585823488533,5.472550382209868,0.375260597637248,73.82,2.5017373175816537,48.78,3.877692842251564,0.8756080611535789,07/12/1998 00:00,Italy,Defender,left,180.0,https://img.a.transfermarkt.technology/portrait/header/445126-1663684061.jpg?lm=1,2300000
Gvidas Gineitis,Torino,1423,0.0917076598735066,0.1385101897399859,0.5059732958538299,7.3998594518622625,0.5059732958538299,80.76,2.719606465214336,43.75,3.605059732958538,1.454673225579761,15/04/2004 00:00,Lithuania,Midfield,left,191.0,https://img.a.transfermarkt.technology/portrait/header/798929-1730125690.jpg?lm=1,5500000
Alessandro Circati,Parma,540,0.045,0.0033333333333333,0.0,1.1666666666666667,0.0,86.03,1.6666666666666667,80.95,1.8333333333333333,0.6666666666666666,10/10/2003 00:00,Australia,Defender,right,190.0,https://img.a.transfermarkt.technology/portrait/header/867137-1780322535.jpg?lm=1,0
Borna Sosa,Torino,1184,0.0235641891891891,0.0691722972972973,0.0760135135135135,8.20945945945946,0.2280405405405405,83.05,3.040540540540541,45.71,4.028716216216217,0.9121621621621622,21/01/1998 00:00,Croatia,Defender,left,187.0,https://img.a.transfermarkt.technology/portrait/header/293194-1716241200.jpg?lm=1,4000000
Mattia Bani,Genoa,1511,0.0732627399073461,0.0101257445400397,0.1786896095301125,1.5486432825943084,0.1191264063534083,87.94,2.442091330244871,47.92,3.5737921906022505,0.4169424222369292,10/12/1993 00:00,Italy,Defender,right,188.0,https://img.a.transfermarkt.technology/portrait/header/176139-1753439273.jpg?lm=1,2500000
Juan Cabal,Juventus,461,0.0292841648590021,0.0566160520607375,0.0,7.418655097613883,0.7809110629067246,87.97,2.3427331887201737,66.67,3.904555314533623,1.366594360086768,08/01/2001 00:00,Colombia,Defender,left,186.0,https://img.a.transfermarkt.technology/portrait/header/686965-1692964112.jpg?lm=1,9000000
Gianluca Caprari,Monza,1663,0.1444978953698136,0.1114852675886951,0.5953096812988575,10.823812387251952,0.5411906193625977,86.65,1.4612146722790138,22.22,3.084786530366807,0.974143114852676,30/07/1993 00:00,Italy,Attack,right,171.0,https://img.a.transfermarkt.technology/portrait/header/146752-1663659110.jpg?lm=1,4000000
Simon Sohm,Parma,2999,0.0945315105035011,0.0621207069023007,0.3901300433477825,8.072690896965655,0.4501500500166722,86.06,1.62054018006002,50.85,3.8112704234744914,0.5701900633544514,11/04/2001 00:00,Switzerland,Midfield,right,188.0,https://img.a.transfermarkt.technology/portrait/header/507486-1753435341.jpg?lm=1,2500000
Davide Frattesi,Inter,1194,0.3090452261306532,0.0618090452261306,0.6030150753768844,4.824120603015075,0.5276381909547738,84.39,1.658291457286432,43.48,3.618090452261306,0.829145728643216,22/09/1999 00:00,Italy,Midfield,right,178.0,https://img.a.transfermarkt.technology/portrait/header/394300-1730126974.jpg?lm=1,28000000
Manuel Lazzari,Lazio,1415,0.0076325088339222,0.1004946996466431,0.127208480565371,8.65017667844523,0.9540636042402828,87.11,2.2897526501766787,31.58,3.180212014134276,0.7632508833922261,29/11/1993 00:00,Italy,Defender,right,174.0,https://img.a.transfermarkt.technology/portrait/header/331401-1707947147.jpg?lm=1,2500000
Kingsley Ehizibue,Udinese,2510,0.0444621513944223,0.0652589641434263,0.1434262948207171,4.804780876494024,0.4302788844621514,78.77,2.796812749003984,46.77,3.944223107569721,1.1832669322709164,25/05/1995 00:00,Netherlands,Defender,right,189.0,https://img.a.transfermarkt.technology/portrait/header/272812-1753444231.jpg?lm=1,2000000
Thórir Jóhann Helgason,Lecce,1157,0.0902333621434745,0.0731201382886776,0.3889369057908383,6.378565254969749,0.6222990492653414,73.21,1.2445980985306828,50.0,3.5782195332757127,0.7778738115816767,28/09/2000 00:00,Iceland,Midfield,right,187.0,https://img.a.transfermarkt.technology/portrait/header/488996-1725530709.jpg?lm=1,1000000
Sebastiano Luperto,Cagliari,3240,0.0597222222222222,0.0211111111111111,0.1666666666666666,3.055555555555556,0.0277777777777777,84.85,2.25,52.59,3.861111111111111,0.6388888888888888,06/09/1996 00:00,Italy,Defender,left,191.0,https://img.a.transfermarkt.technology/portrait/header/278531-1730125275.jpg?lm=1,4000000
Davide Calabria,Bologna,976,0.0479508196721311,0.0627049180327868,0.0,10.881147540983608,0.2766393442622951,86.48,3.0430327868852456,57.14,4.241803278688525,0.9221311475409836,06/12/1996 00:00,Italy,Defender,right,176.0,https://img.a.transfermarkt.technology/portrait/header/262523-1756043138.png?lm=1,13000000
Matteo Darmian,Inter,1793,0.0978806469604015,0.0667596207473508,0.2007808142777468,7.479085331846068,0.2007808142777468,85.36,1.9074177356385944,48.28,1.9576129392080317,1.3050752928053542,02/12/1989 00:00,Italy,Defender,right,183.0,https://img.a.transfermarkt.technology/portrait/header/54906-1695027410.jpg?lm=1,1500000
Botond Balogh,Parma,2053,0.0188504627374573,0.0113979542133463,0.0,1.4905017048222116,0.0,89.55,2.674135411592791,55.38,2.805650267900633,0.7452508524111058,06/06/2002 00:00,Hungary,Defender,right,189.0,https://img.a.transfermarkt.technology/portrait/header/543727-1760087992.png?lm=1,750000
Tomas Suslov,Hellas Verona,2097,0.0690987124463519,0.0746781115879828,0.3004291845493562,6.051502145922747,1.5450643776824031,77.68,3.0901287553648067,16.67,3.776824034334764,2.317596566523605,07/06/2002 00:00,Slovakia,Midfield,left,174.0,https://img.a.transfermarkt.technology/portrait/header/540333-1695032418.jpg?lm=1,7000000
Nicolò Savona,Juventus,1726,0.0234646581691772,0.0469293163383545,0.2085747392815759,7.665121668597915,0.3128621089223639,91.49,2.085747392815759,33.33,3.754345307068366,0.6778679026651216,19/03/2003 00:00,Italy,Defender,right,192.0,https://img.a.transfermarkt.technology/portrait/header/708072-1730125797.jpg?lm=1,15000000
,Bologna,2365,0.0,0.001522198731501,0.0,1.2177589852008457,0.0380549682875264,76.29,0.0380549682875264,75.0,7.382663847780127,0.0380549682875264,,,,,,,0
Anastasios Douvikas,Como,578,0.3970588235294117,0.1089965397923875,0.7785467128027681,5.4498269896193765,0.7785467128027681,77.67,0.6228373702422145,31.03,1.7128027681660898,2.024221453287197,02/08/1999 00:00,Greece,Attack,right,186.0,https://img.a.transfermarkt.technology/portrait/header/523318-1682331342.jpg?lm=1,6000000
Stefan Posch,Atalanta,1110,0.0405405405405405,0.0478378378378378,0.1621621621621621,8.837837837837837,0.3243243243243243,80.86,4.297297297297297,54.29,5.27027027027027,2.189189189189189,14/05/1997 00:00,Austria,Defender,right,190.0,https://img.a.transfermarkt.technology/portrait/header/223974-1725531246.jpg?lm=1,14000000
Jay Idzes,Venezia,3128,0.0549552429667519,0.0126598465473145,0.0863171355498721,3.337595907928389,0.028772378516624,87.11,2.2154731457800514,41.13,3.251278772378517,1.438618925831202,02/06/2000 00:00,Indonesia,Defender,right,190.0,https://img.a.transfermarkt.technology/portrait/header/546926-1725530125.jpg?lm=1,750000
Álex Valle,Como,1034,0.0252417794970986,0.041779497098646,0.0870406189555125,9.922630560928432,0.7833655705996132,85.29,2.959381044487428,28.57,4.439071566731141,1.218568665377176,25/04/2004 00:00,Spain,Defender,left,178.0,https://img.a.transfermarkt.technology/portrait/header/709957-1757603064.jpg?lm=1,10000000
Alberto Dossena,Como,1829,0.0388737014762165,0.0211591033351558,0.1968288682340076,1.8698742482230728,0.1968288682340076,87.94,2.706396938217605,72.09,3.34609075997813,1.082558775287042,13/10/1998 00:00,Italy,Defender,right,195.0,https://img.a.transfermarkt.technology/portrait/header/385394-1686510717.jpg?lm=1,5000000
Fabio Miretti,Genoa,1694,0.1684179456906729,0.113164108618654,0.3187721369539551,6.1629279811098,1.3282172373081464,80.12,1.859504132231405,34.29,4.515938606847698,1.2219598583234947,03/08/2003 00:00,Italy,Midfield,right,180.0,https://img.a.transfermarkt.technology/portrait/header/571607-1652773586.jpg?lm=1,14000000
Marko Arnautovic,Inter,562,0.5252669039145907,0.145729537366548,0.9608540925266904,9.768683274021353,0.3202846975088968,74.83,1.2811387900355873,60.0,1.601423487544484,0.6405693950177936,19/04/1989 00:00,Austria,Attack,both,192.0,https://img.a.transfermarkt.technology/portrait/header/41384-1716316175.jpg?lm=1,2500000
,Como,635,0.0623622047244094,0.0198425196850393,0.4251968503937008,5.385826771653544,0.0,85.84,3.68503937007874,52.38,3.8267716535433074,1.5590551181102363,,,,,,,0
Mikael Egill Ellertsson,Venezia,2480,0.0413709677419354,0.0649596774193548,0.1814516129032257,4.681451612903226,0.5806451612903225,73.0,2.721774193548387,47.06,2.685483870967742,0.7983870967741935,11/03/2002 00:00,Iceland,Midfield,left,182.0,https://img.a.transfermarkt.technology/portrait/header/566615-1730125923.jpg?lm=1,3500000
Koni De Winter,Genoa,2133,0.0877637130801687,0.0071729957805907,0.2953586497890295,2.827004219409283,0.2531645569620253,86.85,2.4472573839662446,69.09,4.810126582278481,1.8143459915611813,12/06/2002 00:00,Belgium,Defender,right,191.0,https://img.a.transfermarkt.technology/portrait/header/490384-1730126791.jpg?lm=1,12000000
Martín Payero,Udinese,1383,0.0832971800433839,0.0728850325379609,0.3253796095444685,7.483731019522776,1.9522776572668112,82.44,2.407809110629067,50.0,4.880694143167028,2.27765726681128,11/09/1998 00:00,Argentina,Midfield,right,182.0,https://img.a.transfermarkt.technology/portrait/header/555820-1707213845.jpg?lm=1,6000000
Eldor Shomurodov,AS Roma,1108,0.3874548736462093,0.1129061371841155,1.1371841155234657,8.203971119133573,0.6498194945848376,76.79,1.3808664259927796,38.81,2.9241877256317688,1.1371841155234657,29/06/1995 00:00,Uzbekistan,Attack,right,190.0,https://img.a.transfermarkt.technology/portrait/header/358166-1759747995.jpg?lm=1,5000000
Gabriele Zappa,Cagliari,3062,0.0246897452645329,0.0981711299804049,0.1469627694317439,6.290006531678641,0.3821032005225342,78.71,1.8517308948399736,43.75,3.615284128020901,0.7348138471587197,22/12/1999 00:00,Italy,Defender,right,187.0,https://img.a.transfermarkt.technology/portrait/header/392569-1695033763.jpg?lm=1,4000000
Matías Vecino,Lazio,875,0.2334857142857143,0.2869714285714286,0.5142857142857143,7.302857142857143,0.1028571428571428,81.73,1.851428571428572,52.54,2.982857142857143,2.0571428571428574,24/08/1991 00:00,Uruguay,Midfield,right,187.0,https://img.a.transfermarkt.technology/portrait/header/143812-1695026891.jpg?lm=1,1500000
Andrea Carboni,Monza,2196,0.0122950819672131,0.0090163934426229,0.040983606557377,3.8524590163934422,0.2049180327868852,86.89,3.565573770491804,48.78,2.540983606557377,1.1885245901639343,04/02/2001 00:00,Italy,Defender,left,187.0,https://img.a.transfermarkt.technology/portrait/header/481834-1730125183.jpg?lm=1,2500000
Sergi Roberto,Como,696,0.0866379310344827,0.0659482758620689,0.1293103448275862,12.801724137931034,0.3879310344827586,90.95,2.9741379310344827,43.75,6.206896551724138,0.9051724137931034,07/02/1992 00:00,Spain,Midfield,right,178.0,https://img.a.transfermarkt.technology/portrait/header/85370-1662585931.jpg?lm=1,1500000
Danilo,Juventus,582,0.0154639175257731,0.0943298969072164,0.0,13.917525773195877,0.0,91.11,2.938144329896907,69.57,3.711340206185567,1.7010309278350515,10/05/1984 00:00,Brazil,Defender,right,185.0,https://img.a.transfermarkt.technology/portrait/header/32816-1595921001.jpg?lm=1,300000
Simone Scuffet,SSC Napoli,1260,0.0,0.0014285714285714,0.0,0.5714285714285714,0.0,67.6,0.0,80.0,7.5,0.0,31/05/1996 00:00,Italy,Goalkeeper,right,193.0,https://img.a.transfermarkt.technology/portrait/header/238993-1753431413.jpg?lm=1,1000000
Daniel Mosquera,Hellas Verona,1371,0.4352297592997812,0.0584245076586433,1.050328227571116,5.645514223194748,1.050328227571116,69.18,0.8533916849015317,46.82,3.5448577680525166,2.8884026258205693,20/10/1999 00:00,Colombia,Attack,right,180.0,https://img.a.transfermarkt.technology/portrait/header/651569-1722324016.jpg?lm=1,0
Nicolò Casale,Bologna,1046,0.0438814531548757,0.0438814531548757,0.1720841300191204,3.5277246653919696,0.2581261950286806,88.21,2.925430210325048,61.29,3.78585086042065,2.1510516252390057,14/02/1998 00:00,Italy,Defender,right,191.0,https://img.a.transfermarkt.technology/portrait/header/389837-1695026993.jpg?lm=1,5000000
Rafael Tolói,Atalanta,464,0.0135775862068965,0.0969827586206896,0.0,9.310344827586206,0.3879310344827586,88.24,3.4913793103448274,90.0,6.400862068965517,1.1637931034482758,10/10/1990 00:00,Italy,Defender,right,185.0,https://img.a.transfermarkt.technology/portrait/header/72441-1663583172.jpg?lm=1,2500000
Semuel Pizzignacco,Monza,736,0.0,0.0012228260869565,0.0,0.7336956521739131,0.0,71.48,0.0,100.0,6.480978260869565,0.0,01/09/2001 00:00,Italy,Goalkeeper,right,188.0,https://img.a.transfermarkt.technology/portrait/header/537171-1725530533.jpg?lm=1,750000
Alessandro Bianco,Monza,2622,0.0439359267734553,0.0459954233409611,0.205949656750572,8.20366132723112,0.5835240274599542,87.68,2.5057208237986277,37.78,4.290617848970252,1.4759725400457666,01/10/2002 00:00,Italy,Midfield,right,173.0,https://img.a.transfermarkt.technology/portrait/header/602124-1762637367.png?lm=1,1200000
Răzvan Marin,Cagliari,1407,0.0543710021321961,0.2257995735607675,0.6396588486140725,8.891257995735607,0.8315565031982942,81.16,1.535181236673774,37.04,4.477611940298508,1.5991471215351811,23/05/1996 00:00,Romania,Midfield,right,178.0,https://img.a.transfermarkt.technology/portrait/header/295183-1754429183.png?lm=1,3000000
Tommaso Pobega,Bologna,1178,0.1619694397283531,0.0634125636672326,0.6112054329371817,8.022071307300509,0.2292020373514431,83.63,3.5908319185059425,48.39,3.4380305602716468,2.5212224108658745,15/07/1999 00:00,Italy,Midfield,left,188.0,https://img.a.transfermarkt.technology/portrait/header/392538-1661767249.jpg?lm=1,9000000
Patrick Ciurria,Monza,1117,0.0684870188003581,0.1256938227394807,0.1611459265890779,6.284691136974037,0.4028648164726947,80.65,2.2560429722470903,25.0,2.5783348254252463,1.369740376007162,09/02/1995 00:00,Italy,Midfield,both,178.0,https://img.a.transfermarkt.technology/portrait/header/255838-1695030937.jpg?lm=1,1000000
Pierluigi Gollini,AS Roma,630,0.0,0.0028571428571428,0.0,1.2857142857142858,0.0,80.79,0.0,0.0,4.571428571428571,0.0,18/03/1995 00:00,Italy,Goalkeeper,right,194.0,https://img.a.transfermarkt.technology/portrait/header/244192-1695026486.jpg?lm=1,800000
Lucas Beltrán,Fiorentina,1958,0.1415730337078651,0.0868743615934627,0.4136874361593463,7.12461695607763,0.689479060265577,78.75,1.2870275791624106,36.36,2.7119509703779365,1.4708886618998978,29/03/2001 00:00,Argentina,Attack,right,176.0,https://img.a.transfermarkt.technology/portrait/header/628366-1692881138.jpg?lm=1,16000000
Nicolas Viola,Cagliari,1280,0.166640625,0.18140625,0.6328125,7.6640625,0.7734375,68.94,1.1953125,46.67,3.65625,1.40625,12/10/1989 00:00,Italy,Midfield,left,180.0,https://img.a.transfermarkt.technology/portrait/header/85393-1692962279.jpg?lm=1,500000
José Luis Palomino,Cagliari,1082,0.0399260628465804,0.0141404805914972,0.0831792975970425,3.909426987060998,0.0,87.68,4.075785582255083,57.14,4.1589648798521255,0.9149722735674676,05/01/1990 00:00,Argentina,Defender,left,188.0,https://img.a.transfermarkt.technology/portrait/header/125020-1771860248.jpg?lm=1,550000
Keita Baldé,Monza,640,0.1603125,0.06046875,0.703125,10.546875,0.703125,90.28,0.421875,31.25,1.6875,0.984375,08/03/1995 00:00,Senegal,Attack,both,178.0,https://img.a.transfermarkt.technology/portrait/header/238752-1726065554.png?lm=1,900000
Lorenzo Montipò,Hellas Verona,3240,0.0,0.0027777777777777,0.0,2.0,0.0,44.36,0.0277777777777777,91.67,7.083333333333333,0.0,20/02/1996 00:00,Italy,Goalkeeper,right,191.0,https://img.a.transfermarkt.technology/portrait/header/241923-1724828092.jpg?lm=1,2000000
Andrea Colpani,Fiorentina,1490,0.1618791946308724,0.0815436241610738,0.7248322147651006,9.483221476510066,0.7248322147651006,86.12,1.4496644295302012,40.74,2.7785234899328857,1.3288590604026844,11/05/1999 00:00,Italy,Midfield,left,184.0,https://img.a.transfermarkt.technology/portrait/header/392959-1730183016.jpg?lm=1,6000000
Lautaro Valenti,Parma,1557,0.0156069364161849,0.0092485549132947,0.1156069364161849,1.9653179190751444,0.0,84.67,1.7341040462427746,54.35,2.7745664739884397,1.3872832369942196,14/01/1999 00:00,Argentina,Defender,left,188.0,https://img.a.transfermarkt.technology/portrait/header/625202-1725530168.jpg?lm=1,1500000
Lautaro Giannetti,Udinese,882,0.0081632653061224,0.0255102040816326,0.2040816326530612,1.6326530612244896,0.0,82.46,3.775510204081632,68.18,2.8571428571428568,0.7142857142857142,13/11/1993 00:00,Argentina,Defender,right,185.0,https://img.a.transfermarkt.technology/portrait/header/225963-1757670028.jpg?lm=1,1500000
Lorenzo Colombo,Empoli,2249,0.2132947976878612,0.0364161849710982,0.8003557136505114,4.562027567807915,0.9604268563806136,68.42,1.3205869275233435,30.34,2.9212983548243665,1.840818141396176,08/03/2002 00:00,Italy,Attack,left,183.0,https://img.a.transfermarkt.technology/portrait/header/487843-1730186148.jpg?lm=1,6000000
Suat Serdar,Hellas Verona,1377,0.1333333333333333,0.0352941176470588,0.5228758169934641,6.405228758169934,1.2418300653594772,76.47,2.810457516339869,54.84,4.836601307189542,2.156862745098039,11/04/1997 00:00,Germany,Midfield,right,184.0,https://img.a.transfermarkt.technology/portrait/header/261905-1744314720.jpg?lm=1,4500000
Casper Tengstedt,Hellas Verona,1531,0.2574787720444154,0.0646636185499673,0.6466361854996734,4.467668190725016,0.5290659699542782,69.4,0.6466361854996734,24.69,2.1750489875898102,0.3527106466361854,01/06/2000 00:00,Denmark,Attack,right,184.0,https://img.a.transfermarkt.technology/portrait/header/464598-1753199741.jpg?lm=1,5000000
Alberto Grassi,Empoli,2228,0.0420107719928186,0.0282764811490125,0.1615798922800718,5.332136445242369,0.2019748653500897,75.9,2.9084380610412923,56.36,5.008976660682226,1.131059245960503,07/03/1995 00:00,Italy,Midfield,right,183.0,https://img.a.transfermarkt.technology/portrait/header/197473-1695031303.jpg?lm=1,1800000
Kacper Urbański,Monza,755,0.0560264900662251,0.0691390728476821,0.23841059602649,12.874172185430464,0.7152317880794702,87.57,1.6688741721854303,30.0,4.6490066225165565,1.5496688741721854,07/09/2004 00:00,Poland,Midfield,right,183.0,https://img.a.transfermarkt.technology/portrait/header/699442-1696837702.jpg?lm=1,3500000
Michel Adopo,Cagliari,2417,0.0402151427389325,0.049151841125362,0.1489449731071576,7.782374844848987,0.7074886222589988,83.9,3.053371948696732,54.72,5.02689284236657,1.079851055026893,19/07/2000 00:00,France,Midfield,right,187.0,https://img.a.transfermarkt.technology/portrait/header/564305-1730186534.jpg?lm=1,6000000
Ivan Ilić,Torino,921,0.0928338762214983,0.0899022801302931,0.3908794788273615,11.335504885993489,0.5863192182410424,86.71,0.977198697068404,22.22,2.7361563517915317,1.0749185667752443,17/03/2001 00:00,Serbia,Midfield,left,186.0,https://img.a.transfermarkt.technology/portrait/header/470794-1716239802.jpg?lm=1,18000000
Fabiano Parisi,Fiorentina,1112,0.0372302158273381,0.0760791366906474,0.4046762589928057,6.879496402877698,0.8093525179856115,80.1,3.5611510791366907,41.94,5.179856115107913,1.3758992805755397,09/11/2000 00:00,Italy,Defender,left,178.0,https://img.a.transfermarkt.technology/portrait/header/547985-1663677780.jpg?lm=1,9500000
Jurgen Ekkelenkamp,Udinese,1902,0.1320189274447949,0.0586750788643533,0.4258675078864353,7.287066246056782,0.473186119873817,81.03,2.271293375394322,54.55,3.8801261829653,1.3722397476340695,05/04/2000 00:00,Netherlands,Midfield,right,188.0,https://img.a.transfermarkt.technology/portrait/header/361068-1757604896.jpg?lm=1,7000000
Jesper Karlström,Udinese,3189,0.0206020696142991,0.0397930385700846,0.0564440263405456,7.253057384760114,0.1693320790216368,83.79,2.70931326434619,50.79,4.120413922859831,1.1853245531514582,21/06/1995 00:00,Sweden,Midfield,right,185.0,https://img.a.transfermarkt.technology/portrait/header/222855-1730184243.jpg?lm=1,4000000
Daniel Maldini,Atalanta,1571,0.4084659452577975,0.0819223424570337,1.0884786760025462,6.702737110120942,2.062380649267982,72.52,1.2603437301082112,49.21,3.4373010821133034,1.031190324633991,11/10/2001 00:00,Italy,Midfield,right,188.0,https://img.a.transfermarkt.technology/portrait/header/539134-1695031448.jpg?lm=1,4500000
Niccolò Pisilli,AS Roma,1225,0.1917551020408163,0.072734693877551,0.5877551020408164,10.653061224489797,0.3673469387755102,85.25,2.571428571428572,12.5,4.261224489795919,1.3959183673469389,23/09/2004 00:00,Italy,Midfield,right,180.0,https://img.a.transfermarkt.technology/portrait/header/813137-1683527978.jpg?lm=1,12000000
Yannik Engelhardt,Como,1185,0.0425316455696202,0.1040506329113924,0.1518987341772152,7.89873417721519,0.6835443037974683,88.97,3.113924050632912,55.0,4.708860759493671,1.5949367088607596,07/02/2001 00:00,Germany,Midfield,right,184.0,https://img.a.transfermarkt.technology/portrait/header/405670-1760966867.jpg?lm=1,6000000
Giuseppe Pezzella,Empoli,2887,0.0162105992379632,0.1368548666435746,0.0935226879113266,4.582611707655006,0.5299618981641843,72.75,2.182196051264288,65.45,2.743332178732248,1.527537235885002,29/11/1997 00:00,Italy,Defender,left,187.0,https://img.a.transfermarkt.technology/portrait/header/336960-1661521548.jpg?lm=1,2200000
Michael Folorunsho,Fiorentina,685,0.158978102189781,0.0722627737226277,0.3941605839416058,7.094890510948906,1.1824817518248176,75.55,3.547445255474453,60.61,4.072992700729928,2.2335766423357666,07/02/1998 00:00,Italy,Midfield,right,190.0,https://img.a.transfermarkt.technology/portrait/header/377042-1722173196.jpg?lm=1,6000000
Fisayo Dele-Bashiru,Lazio,953,0.1029380902413431,0.0736621196222455,0.472193074501574,8.027282266526758,1.3221406086044072,89.46,1.3221406086044072,18.75,4.53305351521511,0.7555089192025184,06/02/2001 00:00,Nigeria,Midfield,right,186.0,https://img.a.transfermarkt.technology/portrait/header/530742-1683029896.jpg?lm=1,2000000
Luka Jović,AC Milan,568,0.3818661971830986,0.1616197183098591,0.6338028169014085,6.021126760563381,0.6338028169014085,82.48,0.1584507042253521,52.63,1.426056338028169,0.6338028169014085,23/12/1997 00:00,Serbia,Attack,right,182.0,https://img.a.transfermarkt.technology/portrait/header/257462-1757717450.png?lm=1,6000000
Lorenzo De Silvestri,Bologna,1065,0.076056338028169,0.032112676056338,0.3380281690140845,5.492957746478873,0.0845070422535211,80.23,1.7746478873239435,44.83,2.197183098591549,1.436619718309859,23/05/1988 00:00,Italy,Defender,right,187.0,https://img.a.transfermarkt.technology/portrait/header/33571-1595929290.jpg?lm=1,400000
Luca Marianucci,Empoli,1068,0.0412921348314606,0.0193820224719101,0.1685393258426966,3.455056179775281,0.4213483146067415,78.75,3.960674157303371,45.16,3.623595505617977,0.9269662921348314,23/07/2004 00:00,Italy,Defender,right,186.0,https://img.a.transfermarkt.technology/portrait/header/814446-1721740329.jpg?lm=1,175000
Benja Domínguez,Bologna,1310,0.1538931297709923,0.0638931297709923,1.16793893129771,8.65648854961832,1.923664122137405,80.85,1.5114503816793894,8.7,4.259541984732825,0.6870229007633588,19/09/2003 00:00,Argentina,Attack,right,172.0,https://img.a.transfermarkt.technology/portrait/header/961022-1757664923.png?lm=1,12000000
Dennis Man,Parma,2005,0.2572069825436409,0.1225436408977556,0.8977556109725685,12.703241895261844,1.1221945137157108,81.53,0.942643391521197,34.62,3.2319201995012468,0.3591022443890274,26/08/1998 00:00,Romania,Attack,left,183.0,https://img.a.transfermarkt.technology/portrait/header/397486-1718259797.jpg?lm=1,3500000
Magnus Andersen,Venezia,692,0.0364161849710982,0.080635838150289,0.2601156069364161,7.023121387283237,0.2601156069364161,82.35,2.4710982658959537,53.33,4.03179190751445,0.9104046242774566,03/04/2006 00:00,Denmark,Defender,,,https://img.a.transfermarkt.technology/portrait/header/default.jpg?lm=1,0
Devis Vásquez,Empoli,2880,0.0,0.0021875,0.0,1.375,0.03125,56.56,0.0,90.0,8.03125,0.03125,12/05/1998 00:00,Colombia,Goalkeeper,right,195.0,https://img.a.transfermarkt.technology/portrait/header/495722-1770806559.jpg?lm=1,350000
Alfred Duncan,Venezia,959,0.073201251303441,0.0957247132429614,0.3753910323253389,10.886339937434828,1.2200208550573517,82.98,2.346193952033368,52.63,4.880083420229406,2.064650677789364,10/03/1993 00:00,Ghana,Midfield,left,178.0,https://img.a.transfermarkt.technology/portrait/header/184894-1663591729.jpg?lm=1,4000000
,Lazio,2341,0.0776591200341734,0.022682614267407,0.3844510892780862,7.035454933788978,0.3844510892780862,87.8,1.845365228534814,54.39,3.190944041008116,0.7689021785561725,,,,,,,0
Liam Henderson,Empoli,2345,0.0249466950959488,0.1139872068230277,0.115138592750533,7.06183368869936,0.230277185501066,78.41,2.187633262260128,44.44,3.415778251599147,3.1855010660980807,25/04/1996 00:00,Scotland,Midfield,right,183.0,https://img.a.transfermarkt.technology/portrait/header/193867-1661523222.jpg?lm=1,1400000
Leonardo Pavoletti,Cagliari,452,0.5276548672566371,0.1373893805309734,1.393805309734513,8.163716814159292,0.0,58.6,0.1991150442477876,51.38,1.7920353982300885,4.977876106194691,26/11/1988 00:00,Italy,Attack,right,188.0,https://img.a.transfermarkt.technology/portrait/header/64793-1725530760.jpg?lm=1,700000
Valentino Lazaro,Torino,2322,0.0410852713178294,0.1333333333333333,0.0775193798449612,8.255813953488373,0.5426356589147286,81.64,1.4341085271317828,40.48,3.643410852713178,1.162790697674419,24/03/1996 00:00,Austria,Midfield,right,181.0,https://img.a.transfermarkt.technology/portrait/header/186368-1692819728.jpg?lm=1,3500000
Gianluca Gaetano,Cagliari,1003,0.4387836490528414,0.2054835493519441,0.5383848454636092,10.49850448654038,1.2562313060817547,75.15,1.5254237288135597,33.33,3.050847457627119,1.4356929212362912,05/05/2000 00:00,Italy,Midfield,right,183.0,https://img.a.transfermarkt.technology/portrait/header/358008-1757604842.jpg?lm=1,4000000
Mehdi Taremi,Inter,816,0.2889705882352941,0.1158088235294117,0.7720588235294118,8.713235294117647,0.6617647058823529,81.42,0.7720588235294118,43.18,3.198529411764706,0.9926470588235294,18/07/1992 00:00,Iran,Attack,right,185.0,https://img.a.transfermarkt.technology/portrait/header/307058-1757716838.png?lm=1,2500000
Marin Šverko,Venezia,1119,0.0329758713136729,0.0265415549597855,0.0804289544235924,4.423592493297587,0.4825737265415549,85.77,2.89544235924933,50.0,3.53887399463807,0.7238605898123325,04/02/1998 00:00,Croatia,Defender,left,187.0,https://img.a.transfermarkt.technology/portrait/header/282169-1695108109.jpg?lm=1,400000
Stefano Sabelli,Genoa,2069,0.0060898985016916,0.0748187530207829,0.0434992750120831,6.133397776703722,0.1739971000483325,70.96,3.47994200096665,40.91,4.001933301111649,1.0874818753020783,13/01/1993 00:00,Italy,Defender,right,176.0,https://img.a.transfermarkt.technology/portrait/header/167491-1753439397.jpg?lm=1,1400000
Matteo Pessina,Monza,856,0.0178738317757009,0.0231308411214953,0.0,7.990654205607477,0.5257009345794392,87.76,2.838785046728972,55.56,6.098130841121495,0.5257009345794392,21/04/1997 00:00,Italy,Midfield,left,187.0,https://img.a.transfermarkt.technology/portrait/header/332179-1661268524.jpg?lm=1,5000000
Alessandro Deiola,Cagliari,1446,0.108298755186722,0.0423236514522821,0.3734439834024896,6.099585062240664,0.1867219917012448,75.4,2.7385892116182573,56.72,4.232365145228216,1.991701244813278,01/08/1995 00:00,Italy,Midfield,right,190.0,https://img.a.transfermarkt.technology/portrait/header/235931-1692964002.jpg?lm=1,1600000
Ylber Ramadani,Lecce,1819,0.0296866410115448,0.0212754260582737,0.296866410115448,5.244639912039582,0.6432105552501374,83.01,3.710830126443101,36.59,5.788894997251236,0.8905992303463441,12/04/1996 00:00,Albania,Midfield,right,185.0,https://img.a.transfermarkt.technology/portrait/header/442703-1691151579.jpg?lm=1,1800000
Youssef Maleh,Empoli,1514,0.0517173051519154,0.0261558784676354,0.178335535006605,7.5495376486129455,0.23778071334214,73.83,3.6261558784676353,35.71,5.70673712021136,1.90224570673712,22/08/1998 00:00,Morocco,Midfield,left,179.0,https://img.a.transfermarkt.technology/portrait/header/324377-1753434607.jpg?lm=1,4500000
Tammy Abraham,AC Milan,1183,0.4229923922231615,0.0958579881656804,0.989010989010989,4.640743871513102,0.3043110735418428,69.55,1.4454775993237532,50.68,0.9129332206255284,1.749788672865596,02/10/1997 00:00,England,Attack,right,194.0,https://img.a.transfermarkt.technology/portrait/header/331726-1761563884.jpg?lm=1,14000000
Tijjani Noslin,Lazio,893,0.2045912653975363,0.1078387458006718,0.6047032474804032,6.349384098544233,0.8062709966405375,77.83,0.7054871220604703,46.55,2.217245240761478,2.116461366181411,07/07/1999 00:00,Netherlands,Attack,right,178.0,https://img.a.transfermarkt.technology/portrait/header/457736-1730184958.jpg?lm=1,6500000
Cheikh Niasse,Hellas Verona,757,0.0463672391017173,0.0332892998678996,0.11889035667107,6.538969616908851,0.11889035667107,80.93,4.16116248348745,48.78,3.09114927344782,1.30779392338177,19/01/2000 00:00,Senegal,Midfield,right,188.0,https://img.a.transfermarkt.technology/portrait/header/644032-1595970130.jpg?lm=1,2800000
Amin Sarr,Hellas Verona,1918,0.1571949947862356,0.0483315954118873,0.3284671532846716,6.475495307612096,0.6569343065693432,70.89,1.173096976016684,41.25,1.9708029197080288,2.2054223149113663,11/03/2001 00:00,Sweden,Attack,right,188.0,https://img.a.transfermarkt.technology/portrait/header/748382-1695624167.jpg?lm=1,4000000
Darko Lazović,Hellas Verona,1468,0.1054495912806539,0.1091280653950953,0.2452316076294278,5.2111716621253406,0.4291553133514986,67.02,1.9618528610354224,40.91,3.61716621253406,0.5517711171662125,15/09/1990 00:00,Serbia,Midfield,right,181.0,https://img.a.transfermarkt.technology/portrait/header/70411-1762957152.png?lm=1,1500000
Thijs Dallinga,Bologna,1163,0.3296646603611349,0.0533963886500429,0.8512467755803955,6.887360275150472,0.1547721410146173,72.41,0.8512467755803955,52.5,2.708512467755804,1.8572656921754085,03/08/2000 00:00,Netherlands,Attack,right,190.0,https://img.a.transfermarkt.technology/portrait/header/538964-1737495076.jpg?lm=1,12000000
Domagoj Bradarić,Hellas Verona,1948,0.0378850102669404,0.0970225872689938,0.1848049281314168,5.590349075975359,0.6930184804928131,75.88,2.3562628336755647,43.24,3.696098562628337,0.9702258726899384,10/12/1999 00:00,Croatia,Defender,left,178.0,https://img.a.transfermarkt.technology/portrait/header/357796-1730186706.jpg?lm=1,5000000
Alessandro Vogliacco,Parma,1488,0.0864919354838709,0.0157258064516129,0.1814516129032257,4.475806451612903,0.0604838709677419,87.18,1.9354838709677415,57.69,2.661290322580645,1.3306451612903225,14/09/1998 00:00,Italy,Defender,right,186.0,https://img.a.transfermarkt.technology/portrait/header/330208-1762636759.png?lm=1,2000000
Ridgeciano Haps,Venezia,1376,0.0804505813953488,0.0542877906976744,0.1962209302325581,5.232558139534883,0.3270348837209302,80.67,2.420058139534884,50.0,3.5319767441860463,0.9156976744186046,12/06/1993 00:00,Suriname,Defender,left,175.0,https://img.a.transfermarkt.technology/portrait/header/228444-1630656845.jpg?lm=1,900000
Abdou Harroui,Hellas Verona,462,0.4207792207792207,0.1129870129870129,0.7792207792207791,9.35064935064935,1.1688311688311688,82.01,2.142857142857143,53.33,4.285714285714286,1.948051948051948,13/01/1998 00:00,Morocco,Midfield,both,182.0,https://img.a.transfermarkt.technology/portrait/header/416386-1730186775.jpg?lm=1,1800000
Marin Pongracic,Fiorentina,1340,0.0033582089552238,0.0194776119402985,0.0671641791044776,4.634328358208955,0.6044776119402985,89.19,2.014925373134328,70.27,4.902985074626866,1.7462686567164178,11/09/1997 00:00,Croatia,Defender,right,193.0,https://img.a.transfermarkt.technology/portrait/header/282144-1657202331.jpg?lm=1,7500000
Andrea Belotti,Como,611,0.3667757774140753,0.0176759410801964,0.44189852700491,4.713584288052373,0.2945990180032733,78.26,1.1783960720130933,42.55,2.504091653027823,1.32569558101473,20/12/1993 00:00,Italy,Attack,right,181.0,https://img.a.transfermarkt.technology/portrait/header/167727-1663581136.jpg?lm=1,1500000
Santiago Gimenez,AC Milan,676,0.5405325443786981,0.0599112426035502,1.331360946745562,3.994082840236687,0.9319526627218936,80.85,0.7988165680473372,38.89,1.863905325443787,1.4644970414201184,18/04/2001 00:00,Mexico,Attack,left,183.0,https://img.a.transfermarkt.technology/portrait/header/552955-1739903736.jpg?lm=1,40000000
Marco Brescianini,Atalanta,1010,0.2789108910891089,0.065049504950495,0.712871287128713,11.04950495049505,0.712871287128713,82.58,1.7821782178217822,54.55,4.455445544554456,1.9603960396039608,20/01/2000 00:00,Italy,Midfield,left,188.0,https://img.a.transfermarkt.technology/portrait/header/459128-1730183739.jpg?lm=1,7500000
Liberato Cacace,Empoli,2234,0.1043419874664279,0.0608325872873769,0.3625783348254252,6.4861235452103845,0.5640107430617726,74.49,2.376902417188899,45.16,3.948075201432408,1.0877350044762757,27/09/2000 00:00,New Zealand,Defender,left,183.0,https://img.a.transfermarkt.technology/portrait/header/469211-1730125371.jpg?lm=1,3000000
Edoardo Goldaniga,Como,2543,0.0739677546205269,0.0127408572552103,0.1769563507668108,4.317734958710185,0.1061738104600865,87.95,2.3712151002752653,59.34,2.6189539913488007,1.5572158867479355,02/11/1993 00:00,Italy,Defender,right,193.0,https://img.a.transfermarkt.technology/portrait/header/242940-1725530007.jpg?lm=1,1200000
Sebastian Walukiewicz,Torino,1848,0.0189935064935064,0.0282467532467532,0.0487012987012987,7.11038961038961,0.2922077922077922,83.14,2.8246753246753245,41.79,2.8246753246753245,1.607142857142857,05/04/2000 00:00,Poland,Defender,right,188.0,https://img.a.transfermarkt.technology/portrait/header/345458-1716985042.jpg?lm=1,4500000
Zito Luvumbo,Cagliari,1614,0.1154275092936802,0.1198884758364312,0.2230483271375464,4.349442379182156,1.3940520446096654,72.53,0.7806691449814126,26.09,2.7881040892193307,2.1189591078066914,09/03/2002 00:00,Angola,Attack,left,171.0,https://img.a.transfermarkt.technology/portrait/header/666547-1655123282.jpg?lm=1,7500000
Anas Haj Mohamed,Parma,455,0.1345054945054945,0.1325274725274725,0.5934065934065934,10.87912087912088,0.7912087912087913,79.86,1.3846153846153846,53.85,2.967032967032967,1.1868131868131868,26/03/2005 00:00,Tunisia,Attack,right,174.0,https://img.a.transfermarkt.technology/portrait/header/883122-1739284158.jpg?lm=1,800000
Thomas Kristensen,Udinese,1770,0.0472881355932203,0.0279661016949152,0.0508474576271186,5.084745762711864,0.5084745762711864,80.58,2.6440677966101696,64.21,3.2033898305084745,1.5762711864406778,17/04/1983 00:00,Denmark,Midfield,right,188.0,https://img.a.transfermarkt.technology/portrait/header/23492-1418852325.jpg?lm=1,150000
Alberto Moreno,Como,1741,0.0191269385410683,0.0827110855829982,0.3101665709362435,8.788052843193567,0.1550832854681217,84.85,2.016082711085583,35.48,3.82538770821367,0.8788052843193567,05/07/1992 00:00,Spain,Defender,left,171.0,https://img.a.transfermarkt.technology/portrait/header/207917-1687268193.jpg?lm=1,1000000
Lassana Coulibaly,Lecce,2678,0.0278939507094846,0.0208364451082897,0.1008215085884988,5.074682598954444,0.6049290515309933,82.45,2.218073188946976,42.47,4.906646751306945,1.3106796116504853,10/04/1996 00:00,Mali,Midfield,right,183.0,https://img.a.transfermarkt.technology/portrait/header/386552-1725529617.jpg?lm=1,3500000
Junior Messias,Genoa,851,0.1681551116333725,0.0666274970622796,0.6345475910693302,6.874265569917744,1.0575793184488838,68.29,2.009400705052879,34.15,4.124559341950646,0.8460634547591069,13/05/1991 00:00,Brazil,Attack,left,174.0,https://img.a.transfermarkt.technology/portrait/header/449151-1663575000.jpg?lm=1,2500000
Rui Modesto,Udinese,612,0.0735294117647058,0.0720588235294117,0.2941176470588235,10.0,0.4411764705882353,77.19,3.5294117647058822,41.67,3.823529411764706,1.4705882352941178,07/10/1999 00:00,Angola,Attack,right,181.0,https://img.a.transfermarkt.technology/portrait/header/671799-1718958112.jpg?lm=1,1800000
Odilon Kossounou,Atalanta,1125,0.0424,0.0168,0.32,8.0,0.4,88.74,2.32,54.76,4.96,1.2,04/01/2001 00:00,Cote d'Ivoire,Defender,right,191.0,https://img.a.transfermarkt.technology/portrait/header/644771-1730183693.jpg?lm=1,22000000
Nicolò Zaniolo,Fiorentina,700,0.2044285714285714,0.108,1.0285714285714287,9.0,1.542857142857143,81.93,0.5142857142857143,31.82,2.8285714285714287,2.571428571428572,02/07/1999 00:00,Italy,Attack,left,190.0,https://img.a.transfermarkt.technology/portrait/header/392085-1713472570.jpg?lm=1,13000000
Amir Richardson,Fiorentina,1078,0.071799628942486,0.0542671614100185,0.4174397031539889,11.855287569573283,0.9183673469387756,88.14,3.00556586270872,54.29,4.257884972170687,2.588126159554731,24/01/2002 00:00,Morocco,Midfield,left,197.0,https://img.a.transfermarkt.technology/portrait/header/893675-1725529481.jpg?lm=1,4500000
Nahuel Estévez,Parma,664,0.0108433734939759,0.0731927710843373,0.1355421686746988,6.6415662650602405,0.4066265060240963,78.98,2.575301204819277,82.35,3.795180722891566,1.219879518072289,14/11/1995 00:00,Argentina,Midfield,right,181.0,https://img.a.transfermarkt.technology/portrait/header/552472-1739284138.jpg?lm=1,1800000
Martin Frese,Hellas Verona,551,0.0114337568058076,0.0310344827586206,0.0,5.390199637023594,0.0,74.18,4.246823956442832,50.0,2.2867513611615244,1.4700544464609802,04/01/1998 00:00,Denmark,Defender,left,179.0,https://img.a.transfermarkt.technology/portrait/header/488785-1701443446.jpg?lm=1,2000000
Vitinha,Genoa,1337,0.1117427075542258,0.1359760658189977,0.4038893044128646,4.038893044128646,1.480927449513837,64.18,2.3560209424083767,51.67,3.5676888556469706,1.5482423335826476,13/02/2000 00:00,Portugal,Midfield,right,172.0,https://img.a.transfermarkt.technology/portrait/header/487469-1749415169.jpg?lm=1,110000000
Federico Ravaglia,Bologna,1055,0.0,0.0017061611374407,0.0,1.5355450236966826,0.1706161137440758,76.17,0.0,100.0,6.8246445497630335,0.0,11/11/1999 00:00,Italy,Goalkeeper,right,196.0,https://img.a.transfermarkt.technology/portrait/header/390304-1701253429.jpg?lm=1,1000000
Arthur Atta,Udinese,1246,0.096067415730337,0.0989566613162118,0.5056179775280899,11.195826645264846,1.9502407704654892,82.38,1.9502407704654892,41.18,4.117174959871589,1.1556982343499198,14/01/2003 00:00,France,Midfield,right,189.0,https://img.a.transfermarkt.technology/portrait/header/855308-1752140643.jpg?lm=1,15000000
Mandela Keita,Parma,1827,0.0064039408866995,0.0374384236453202,0.1970443349753694,6.45320197044335,0.8374384236453202,90.52,3.2019704433497536,53.33,4.630541871921182,1.379310344827586,10/05/2002 00:00,Belgium,Midfield,right,180.0,https://img.a.transfermarkt.technology/portrait/header/707844-1706174326.jpg?lm=1,12000000
Gaetano Oristanio,Venezia,2333,0.1651093013287612,0.0844834976425203,0.4629232747535362,6.480925846549508,2.121731675953708,77.31,0.8872696099442778,28.3,3.240462923274754,1.9288469781397344,28/09/2002 00:00,Italy,Midfield,left,174.0,https://img.a.transfermarkt.technology/portrait/header/613393-1692963581.jpg?lm=1,4000000
Giovanni Leoni,Parma,1203,0.0172069825436409,0.0037406483790523,0.0748129675810473,2.169576059850374,0.2244389027431421,88.69,2.169576059850374,62.96,2.543640897755611,0.8229426433915211,21/12/2006 00:00,Italy,Defender,right,196.0,https://img.a.transfermarkt.technology/portrait/header/1086619-1751532399.jpg?lm=1,0
Santiago Pierotti,Lecce,1947,0.1419106317411402,0.0647149460708782,0.3235747303543914,5.177195685670262,1.0169491525423728,73.28,2.773497688751926,43.48,5.130970724191063,2.542372881355932,03/04/2001 00:00,Argentina,Attack,right,189.0,https://img.a.transfermarkt.technology/portrait/header/674806-1709016512.jpg?lm=1,2500000
Luca Caldirola,Monza,876,0.0297945205479452,0.0246575342465753,0.2054794520547945,3.5958904109589045,0.1027397260273972,90.52,2.26027397260274,51.85,1.952054794520548,1.8493150684931507,01/02/1991 00:00,Italy,Defender,left,186.0,https://img.a.transfermarkt.technology/portrait/header/88680-1712508051.jpg?lm=1,400000
Yunus Musah,AC Milan,1581,0.1053130929791271,0.0825426944971536,0.2846299810246679,10.360531309297912,1.1954459203036054,88.94,1.935483870967742,33.33,3.415559772296015,2.049335863377609,29/11/2002 00:00,United States,Midfield,right,178.0,https://img.a.transfermarkt.technology/portrait/header/503991-1684913655.jpg?lm=1,22000000
Adam Obert,Cagliari,1076,0.0752788104089219,0.0184014869888475,0.1672862453531598,5.771375464684015,0.4182156133828996,77.03,4.516728624535316,53.19,4.934944237918216,1.8401486988847584,23/08/2002 00:00,Slovakia,Defender,left,188.0,https://img.a.transfermarkt.technology/portrait/header/568333-1695033793.jpg?lm=1,4000000
Roberto Piccoli,Cagliari,3142,0.3299809038828772,0.0148949713558243,0.8879694462126034,3.236791852323361,0.4010184595798854,67.73,0.4583068109484405,40.89,1.5467854869509867,1.7186505410566515,27/01/2001 00:00,Italy,Attack,right,190.0,https://img.a.transfermarkt.technology/portrait/header/432092-1753438910.jpg?lm=1,18000000
Pontus Almqvist,Parma,1120,0.1695535714285714,0.0723214285714285,0.8035714285714286,6.75,1.6071428571428572,75.36,2.892857142857143,36.0,3.2142857142857144,1.2053571428571428,10/07/1999 00:00,Sweden,Attack,left,183.0,https://img.a.transfermarkt.technology/portrait/header/300532-1692964187.jpg?lm=1,2000000
Matteo Cancellieri,Parma,1440,0.17125,0.0425,0.4375,4.625,1.75,70.59,2.4375,50.0,3.4375,1.625,12/02/2002 00:00,Italy,Attack,left,185.0,https://img.a.transfermarkt.technology/portrait/header/550106-1687191024.jpg?lm=1,4800000
Grigoris Kastanos,Hellas Verona,866,0.1008083140877598,0.1028868360277136,0.5196304849884527,8.210161662817553,0.0,73.13,3.117782909930716,45.45,4.988452655889145,1.558891454965358,30/01/1998 00:00,Cyprus,Midfield,left,179.0,https://img.a.transfermarkt.technology/portrait/header/298635-1725530400.jpg?lm=1,1800000
Warren Bondo,AC Milan,1785,0.0216806722689075,0.0302521008403361,0.1008403361344537,6.100840336134454,1.0588235294117647,89.96,2.26890756302521,43.75,5.19327731092437,1.6134453781512603,15/09/2003 00:00,France,Midfield,right,177.0,https://img.a.transfermarkt.technology/portrait/header/659516-1739281834.jpg?lm=1,6000000
Balthazar Pierret,Lecce,1725,0.0088695652173913,0.0292173913043478,0.0,6.991304347826087,0.6782608695652174,84.55,3.652173913043478,45.31,4.852173913043478,1.7739130434782608,15/05/2000 00:00,France,Midfield,left,186.0,https://img.a.transfermarkt.technology/portrait/header/642002-1730185630.jpg?lm=1,900000
Alessandro Zanoli,Genoa,1714,0.0225787631271878,0.0582847141190198,0.1575262543757292,4.305717619603267,1.0501750291715286,71.93,2.152858809801633,51.28,3.150525087514586,0.8926487747957993,03/10/2000 00:00,Italy,Defender,right,188.0,https://img.a.transfermarkt.technology/portrait/header/397225-1673603620.jpg?lm=1,5000000
Tommaso Baldanzi,AS Roma,848,0.1528301886792452,0.0891509433962264,0.4245283018867924,13.691037735849056,1.804245283018868,85.17,1.910377358490566,25.0,5.09433962264151,0.7429245283018868,23/03/2003 00:00,Italy,Midfield,left,170.0,https://img.a.transfermarkt.technology/portrait/header/641537-1661764089.jpg?lm=1,10000000
Emmanuel Gyasi,Empoli,3224,0.1099875930521091,0.0463399503722084,0.2233250620347394,4.661910669975186,0.5583126550868486,75.53,1.7586848635235732,38.39,3.768610421836229,1.563275434243176,11/01/1994 00:00,Ghana,Midfield,right,181.0,https://img.a.transfermarkt.technology/portrait/header/241076-1663687225.jpg?lm=1,1000000
Antonio Sanabria,Torino,1330,0.1448120300751879,0.0473684210526315,0.2706766917293233,4.466165413533834,0.4060150375939849,78.57,0.2706766917293233,30.95,1.6240601503759398,1.0827067669172932,04/03/1996 00:00,Paraguay,Attack,right,180.0,https://img.a.transfermarkt.technology/portrait/header/234523-1692963077.jpg?lm=1,7000000
Jordan Zemura,Udinese,1415,0.065512367491166,0.0915901060070671,0.1908127208480565,6.614840989399293,1.2720848056537104,78.71,2.9893992932862195,28.57,3.8162544169611303,1.3992932862190814,14/11/1999 00:00,Zimbabwe,Defender,left,173.0,https://img.a.transfermarkt.technology/portrait/header/633530-1730184134.jpg?lm=1,4000000
Jackson Tchatchoua,Hellas Verona,3169,0.0457242032186809,0.0860523824550331,0.0852003786683496,4.913221836541496,0.5964026506784476,79.14,1.8176080782581256,46.97,3.436415272956769,0.7384032817923636,14/09/2001 00:00,Cameroon,Defender,right,180.0,https://img.a.transfermarkt.technology/portrait/header/848509-1725529771.jpg?lm=1,3000000
Ante Rebić,Lecce,799,0.2489361702127659,0.1374217772215269,0.5632040050062578,8.67334167709637,0.9011264080100124,65.4,1.5769712140175218,42.19,3.7171464330413015,2.14017521902378,21/09/1993 00:00,Croatia,Attack,right,185.0,https://img.a.transfermarkt.technology/portrait/header/187587-1767281169.jpg?lm=1,2200000
Giangiacomo Magnani,Hellas Verona,1072,0.0965485074626865,0.0041977611940298,0.167910447761194,2.3507462686567164,0.083955223880597,81.56,3.1063432835820897,62.5,3.1902985074626864,0.6716417910447761,04/10/1995 00:00,Italy,Defender,right,192.0,https://img.a.transfermarkt.technology/portrait/header/310458-1725529511.jpg?lm=1,3000000
Caleb Ekuban,Genoa,543,0.4160220994475138,0.0348066298342541,0.994475138121547,5.469613259668509,0.4972375690607735,68.93,0.6629834254143646,38.71,3.314917127071823,2.4861878453038675,23/03/1994 00:00,Ghana,Attack,right,182.0,https://img.a.transfermarkt.technology/portrait/header/199953-1707213734.jpg?lm=1,1300000
Jeff Ekhator,Genoa,787,0.1578144853875476,0.0663278271918678,0.3430749682337993,5.374841168996189,0.457433290978399,71.52,1.0292249047013975,33.33,3.659466327827192,1.7153748411689964,11/11/2006 00:00,Italy,Attack,right,188.0,https://img.a.transfermarkt.technology/portrait/header/934878-1757663221.jpg?lm=1,7000000
Tomás Palacios,Monza,455,0.0079120879120879,0.0138461538461538,0.0,6.32967032967033,1.5824175824175826,89.54,3.956043956043956,60.0,6.131868131868132,0.3956043956043956,28/04/2003 00:00,Argentina,Defender,left,196.0,https://img.a.transfermarkt.technology/portrait/header/993645-1739282030.jpg?lm=1,3500000
Antoine Bernede,Hellas Verona,598,0.115886287625418,0.057190635451505,0.3010033444816053,9.03010033444816,0.3010033444816053,76.0,3.0100334448160533,42.86,5.719063545150501,2.4080267558528425,26/05/1999 00:00,France,Midfield,right,178.0,https://img.a.transfermarkt.technology/portrait/header/395512-1739282210.jpg?lm=1,3500000
John Yeboah,Venezia,1231,0.2061738424045491,0.1103980503655564,0.7311129163281885,9.138911454102356,1.7546709991876523,77.47,0.7311129163281885,37.5,3.290008123476848,1.023558082859464,23/06/2000 00:00,Ecuador,Attack,left,170.0,https://img.a.transfermarkt.technology/portrait/header/439914-1668768754.png?lm=1,1500000
Daniel Fila,Venezia,500,0.2556,0.063,1.08,5.22,0.36,77.78,0.36,25.93,1.62,2.3400000000000003,21/08/2002 00:00,Czech Republic,Attack,left,190.0,https://img.a.transfermarkt.technology/portrait/header/666268-1739282166.jpg?lm=1,2300000
Marco Silvestri,Empoli,450,0.0,0.004,0.0,1.8,0.0,59.09,0.0,100.0,6.2,0.0,02/03/1991 00:00,Italy,Goalkeeper,right,191.0,https://img.a.transfermarkt.technology/portrait/header/85528-1663664993.jpg?lm=1,500000
Jonathan Ikoné,Como,864,0.2791666666666667,0.0979166666666666,1.0416666666666667,10.0,1.5625,82.64,2.1875,36.36,3.854166666666667,0.625,02/05/1998 00:00,France,Attack,left,175.0,https://img.a.transfermarkt.technology/portrait/header/324690-1697179025.jpg?lm=1,5000000
Oier Zarraga,Udinese,896,0.0401785714285714,0.0602678571428571,0.1004464285714285,6.830357142857142,0.2008928571428571,87.5,2.109375,35.29,2.5111607142857144,1.2053571428571428,04/01/1999 00:00,Spain,Midfield,right,175.0,https://img.a.transfermarkt.technology/portrait/header/524010-1692963352.jpg?lm=1,1800000
Pasquale Mazzocchi,SSC Napoli,735,0.0330612244897959,0.0673469387755102,0.1224489795918367,7.102040816326531,1.2244897959183674,83.97,2.4489795918367347,38.46,3.795918367346939,1.1020408163265307,27/07/1995 00:00,Italy,Defender,right,183.0,https://img.a.transfermarkt.technology/portrait/header/250153-1725529479.jpg?lm=1,1700000
Karol Linetty,Torino,1559,0.0617703656189865,0.0531109685695958,0.2309172546504169,5.59974342527261,0.4041051956382296,85.15,2.944194996792816,39.13,3.6369467607440655,2.251443232841565,02/02/1995 00:00,Poland,Midfield,right,175.0,https://img.a.transfermarkt.technology/portrait/header/225873-1760088540.png?lm=1,1500000
Antoine Makoumbou,Cagliari,2164,0.0124768946395563,0.0399260628465804,0.0415896487985212,8.27634011090573,0.4158964879852125,89.33,2.4537892791127542,18.18,4.533271719038817,1.122920517560074,18/07/1998 00:00,Congo,Midfield,right,187.0,https://img.a.transfermarkt.technology/portrait/header/460651-1758537931.png?lm=1,4500000
Danilo D'Ambrosio,Monza,1095,0.0476712328767123,0.0271232876712328,0.3287671232876712,4.356164383561644,0.1643835616438356,88.26,3.534246575342466,41.03,3.780821917808219,1.479452054794521,09/09/1988 00:00,Italy,Defender,right,180.0,https://img.a.transfermarkt.technology/portrait/header/55769-1595925735.jpg?lm=1,700000
Morten Thorsby,Genoa,1902,0.1315457413249211,0.0591482649842271,0.3312302839116719,6.482649842271294,0.4258675078864353,67.63,2.555205047318612,50.95,2.413249211356467,2.5078864353312302,05/05/1996 00:00,Norway,Midfield,right,188.0,https://img.a.transfermarkt.technology/portrait/header/226524-1725529624.jpg?lm=1,3000000
Pepe Reina,Como,1035,0.0,0.0017391304347826,0.0,0.5217391304347826,0.0,73.68,0.0,100.0,7.217391304347826,0.0869565217391304,31/08/1982 00:00,Spain,Goalkeeper,right,188.0,https://img.a.transfermarkt.technology/portrait/header/7825-1724826388.jpg?lm=1,600000
Patric,Lazio,604,0.1594370860927152,0.0104304635761589,0.1490066225165562,4.619205298013245,0.0,89.2,1.7880794701986755,53.33,4.321192052980132,0.7450331125827815,17/04/1993 00:00,Spain,Defender,right,184.0,https://img.a.transfermarkt.technology/portrait/header/126729-1695026786.jpg?lm=1,1500000
Reda Belahyane,Lazio,1848,0.0112012987012987,0.0326298701298701,0.0974025974025974,7.353896103896103,1.753246753246753,84.92,2.6785714285714284,31.82,5.941558441558441,1.7045454545454544,01/06/2004 00:00,Morocco,Midfield,right,173.0,https://img.a.transfermarkt.technology/portrait/header/982855-1757602905.jpg?lm=1,8500000
Noah Okafor,SSC Napoli,469,0.2724946695095949,0.1669509594882729,1.343283582089552,6.908315565031983,2.686567164179104,80.0,1.343283582089552,36.36,2.11087420042644,1.535181236673774,24/05/2000 00:00,Switzerland,Attack,right,185.0,https://img.a.transfermarkt.technology/portrait/header/346890-1692879855.jpg?lm=1,18000000
Mohamed Kaba,Lecce,452,0.0736725663716814,0.0139380530973451,0.0,6.769911504424779,0.3982300884955752,80.7,3.384955752212389,42.86,3.7831858407079646,1.1946902654867255,27/10/2001 00:00,Guinea,Midfield,right,185.0,https://img.a.transfermarkt.technology/portrait/header/911328-1695033138.jpg?lm=1,3500000
Gaby Jean,Lecce,1387,0.0032444124008651,0.0077865897620764,0.0648882480173035,2.6604181687094446,0.129776496034607,84.53,1.4924297043979813,61.76,3.568853640951694,0.9733237202595528,19/02/2000 00:00,France,Defender,left,191.0,https://img.a.transfermarkt.technology/portrait/header/805886-1692033275.png?lm=1,2000000
Nadir Zortea,Cagliari,2728,0.101282991202346,0.0735703812316715,0.3299120234604105,3.991935483870968,1.25366568914956,73.2,1.6165689149560118,36.17,3.1671554252199416,1.088709677419355,19/06/1999 00:00,Italy,Defender,right,187.0,https://img.a.transfermarkt.technology/portrait/header/392966-1730186481.jpg?lm=1,7500000
Alan Matturro,Genoa,902,0.017960088691796,0.0259423503325942,0.2993348115299334,1.895787139689579,0.2993348115299334,79.81,2.494456762749446,48.48,2.5942350332594235,0.9977827050997784,11/10/2004 00:00,Uruguay,Defender,left,189.0,https://img.a.transfermarkt.technology/portrait/header/861981-1692967519.jpg?lm=1,4000000
Jesper Karlsson,Lecce,800,0.1473749999999999,0.06075,0.7875,7.199999999999999,0.8999999999999999,77.06,0.4499999999999999,23.08,2.25,1.125,25/07/1998 00:00,Sweden,Attack,right,179.0,https://img.a.transfermarkt.technology/portrait/header/367992-1739281929.jpg?lm=1,4000000
Mattia Felici,Cagliari,923,0.0594799566630552,0.071180931744312,0.5850487540628385,8.678223185265438,1.8526543878656556,72.84,2.340195016251354,41.18,4.972914409534128,1.7551462621885157,17/04/2001 00:00,Italy,Attack,right,182.0,https://img.a.transfermarkt.technology/portrait/header/600041-1730125232.jpg?lm=1,2800000
Pedro Pereira,Monza,2691,0.040133779264214,0.0471571906354515,0.2006688963210702,5.451505016722408,0.4682274247491639,83.14,2.4749163879598663,40.3,2.9431438127090304,1.605351170568562,03/01/1984 00:00,Portugal,Attack,right,170.0,https://img.a.transfermarkt.technology/portrait/header/56798-1485351301.jpg?lm=1,75000
Adrien Tamèze,Torino,659,0.0532625189681335,0.0969650986342943,0.4097116843702579,7.784522003034902,0.5462822458270107,87.93,2.04855842185129,57.89,3.4142640364188166,1.0925644916540214,04/02/1994 00:00,France,Midfield,right,182.0,https://img.a.transfermarkt.technology/portrait/header/157507-1663672063.jpg?lm=1,2000000
Iker Bravo,Udinese,688,0.1177325581395348,0.0562499999999999,0.5232558139534883,7.848837209302325,1.438953488372093,84.7,1.438953488372093,29.27,3.924418604651162,1.569767441860465,13/01/2005 00:00,Spain,Attack,right,182.0,https://img.a.transfermarkt.technology/portrait/header/741292-1753444385.jpg?lm=1,5000000
Mattia De Sciglio,Empoli,781,0.0702944942381562,0.028809218950064,0.3457106274007682,2.765685019206146,0.115236875800256,77.65,2.9961587708066584,75.0,3.1113956466069146,0.9218950064020488,20/10/1992 00:00,Italy,Defender,right,183.0,https://img.a.transfermarkt.technology/portrait/header/88682-1663577192.jpg?lm=1,1000000
Filippo Terracciano,AC Milan,550,0.0278181818181818,0.013090909090909,0.1636363636363636,4.909090909090909,0.0,89.69,2.4545454545454546,66.67,3.4363636363636365,1.8,08/02/2003 00:00,Italy,Defender,right,186.0,https://img.a.transfermarkt.technology/portrait/header/631007-1739283881.jpg?lm=1,4500000
Jean-Daniel Akpa Akpro,Monza,970,0.0315463917525773,0.0194845360824742,0.1855670103092783,5.103092783505154,1.11340206185567,80.62,3.989690721649484,40.74,5.010309278350515,2.22680412371134,11/10/1992 00:00,Cote d'Ivoire,Midfield,right,180.0,https://img.a.transfermarkt.technology/portrait/header/170481-1739282767.jpg?lm=1,500000
Saba Goglichidze,Empoli,2546,0.0106048703849175,0.0077769049489395,0.0,2.509819324430479,0.1413982717989002,78.38,3.428908091123331,37.5,3.817753338570306,0.9190887666928516,25/06/2004 00:00,Georgia,Defender,right,192.0,https://img.a.transfermarkt.technology/portrait/header/906160-1732017345.jpg?lm=1,4500000
Christian Gytkjaer,Venezia,768,0.20859375,0.033984375,0.703125,3.3984375,0.1171875,56.13,0.703125,29.63,1.7578125,1.2890625,06/05/1990 00:00,Denmark,Attack,right,185.0,https://img.a.transfermarkt.technology/portrait/header/76274-1661763625.jpg?lm=1,800000
Francesco Zampano,Venezia,1648,0.0628033980582524,0.0382281553398058,0.2184466019417476,5.242718446601942,0.4368932038834952,76.96,2.020631067961165,37.93,4.205097087378641,1.3106796116504855,30/09/1993 00:00,Italy,Midfield,right,177.0,https://img.a.transfermarkt.technology/portrait/header/216872-1758807325.png?lm=1,800000
Woyo Coulibaly,Parma,1085,0.0116129032258064,0.0671889400921659,0.0,7.714285714285714,0.663594470046083,88.37,1.7419354838709675,50.0,4.976958525345622,0.9953917050691244,26/05/1999 00:00,Mali,Defender,both,182.0,https://img.a.transfermarkt.technology/portrait/header/592975-1725530223.jpg?lm=1,2000000
Ola Solbakken,Empoli,764,0.0918848167539267,0.0400523560209424,0.3534031413612565,6.596858638743456,0.824607329842932,73.02,1.0602094240837696,31.03,2.238219895287958,0.9424083769633508,07/09/1998 00:00,Norway,Attack,left,189.0,https://img.a.transfermarkt.technology/portrait/header/431811-1673251136.jpg?lm=1,2500000
Lameck Banda,Lecce,609,0.1788177339901477,0.1226600985221674,0.5911330049261084,4.876847290640394,1.477832512315271,84.96,1.477832512315271,13.33,4.433497536945813,1.477832512315271,29/01/2001 00:00,Zambia,Attack,right,169.0,https://img.a.transfermarkt.technology/portrait/header/545538-1663744937.jpg?lm=1,3000000
Mirko Marić,Venezia,476,0.1720588235294117,0.0472689075630252,0.1890756302521008,6.61764705882353,0.5672268907563025,73.29,1.7016806722689075,35.85,2.8361344537815127,0.9453781512605042,16/05/1995 00:00,Croatia,Attack,left,188.0,https://img.a.transfermarkt.technology/portrait/header/215649-1661764396.jpg?lm=1,500000
Gaetano Castrovilli,Monza,759,0.0462450592885375,0.0782608695652174,0.0,7.944664031620553,0.7114624505928854,82.15,2.608695652173913,14.29,4.150197628458498,1.4229249011857708,17/02/1997 00:00,Italy,Midfield,right,187.0,https://img.a.transfermarkt.technology/portrait/header/303116-1730126731.jpg?lm=1,750000
Issa Doumbia,Venezia,944,0.1020127118644067,0.018114406779661,0.4766949152542373,5.911016949152542,1.048728813559322,78.6,2.192796610169492,46.15,4.290254237288136,1.7161016949152543,16/10/2003 00:00,Italy,Midfield,right,187.0,https://img.a.transfermarkt.technology/portrait/header/924349-1730186334.jpg?lm=1,0
Loum Tchaouna,Lazio,653,0.3431852986217458,0.1019908116385911,1.10260336906585,8.683001531393568,0.6891271056661562,76.3,1.653905053598775,15.63,2.4808575803981623,1.3782542113323124,08/09/2003 00:00,France,Attack,left,180.0,https://img.a.transfermarkt.technology/portrait/header/607226-1695710683.jpg?lm=1,15000000
Flavius Daniliuc,Hellas Verona,1004,0.0134462151394422,0.0125498007968127,0.1792828685258964,4.392430278884462,0.3585657370517928,84.05,2.958167330677291,52.78,3.944223107569721,1.0756972111553786,27/04/2001 00:00,Austria,Defender,right,188.0,https://img.a.transfermarkt.technology/portrait/header/322655-1727704012.jpg?lm=1,3000000
Giovanni Fabbian,Bologna,1023,0.2058651026392961,0.0492668621700879,0.4398826979472141,4.39882697947214,0.1759530791788856,75.38,1.0557184750733135,34.55,2.727272727272727,1.847507331378299,14/01/2003 00:00,Italy,Midfield,right,190.0,https://img.a.transfermarkt.technology/portrait/header/633668-1695027735.jpg?lm=1,10000000
Dailon Livramento,Hellas Verona,953,0.1709338929695698,0.0821615949632738,0.3777544596012592,5.288562434417629,0.5666316894018888,59.63,1.6998950682056664,38.37,1.983210912906611,1.983210912906611,04/05/2001 00:00,Cape Verde,Attack,right,185.0,https://img.a.transfermarkt.technology/portrait/header/676411-1664798687.jpg?lm=1,0
Joël Schingtienne,Venezia,1121,0.0,0.0112399643175735,0.0,3.9339875111507583,0.4014272970561998,86.22,3.2917038358608384,22.22,3.9339875111507583,0.5619982158786797,14/08/2002 00:00,Belgium,Defender,right,188.0,https://img.a.transfermarkt.technology/portrait/header/707809-1713280148.png?lm=1,2000000
Yann Karamoh,Torino,1058,0.1046313799621928,0.0850661625708884,0.5103969754253308,6.12476370510397,1.0207939508506616,72.73,0.6805293005671077,35.71,3.572778827977316,1.0207939508506616,08/07/1998 00:00,France,Attack,right,184.0,https://img.a.transfermarkt.technology/portrait/header/324804-1663596515.jpg?lm=1,2500000
Brooke Norton-Cuffy,Genoa,721,0.0324549237170596,0.0162274618585298,0.2496532593619972,3.61997226074896,0.8737864077669903,79.91,1.8723994452149797,42.86,3.245492371705964,0.8737864077669903,12/01/2004 00:00,England,Defender,right,181.0,https://img.a.transfermarkt.technology/portrait/header/728733-1736498622.jpg?lm=1,0
Antonio Candela,Venezia,1011,0.0311572700296735,0.0471810089020771,0.0,5.074183976261128,0.5341246290801187,77.95,3.471810089020772,51.85,3.382789317507419,1.2462908011869438,27/04/2000 00:00,Italy,Defender,right,185.0,https://img.a.transfermarkt.technology/portrait/header/392881-1717659772.jpg?lm=1,900000
Marcus Pedersen,Torino,1377,0.0352941176470588,0.0241830065359477,0.196078431372549,4.57516339869281,0.457516339869281,77.93,1.699346405228758,24.0,2.810457516339869,1.0457516339869282,08/06/1990 00:00,Norway,Attack,right,180.0,https://img.a.transfermarkt.technology/portrait/header/41609-1611235147.jpeg?lm=1,100000
Samuele Vignato,Monza,467,0.0501070663811563,0.0462526766595289,0.1927194860813704,9.25053533190578,0.7708779443254817,82.24,1.1563169164882223,26.32,2.312633832976445,0.5781584582441113,24/02/2004 00:00,Italy,Midfield,right,172.0,https://img.a.transfermarkt.technology/portrait/header/650966-1707129316.jpg?lm=1,3500000
Matteo Prati,Cagliari,579,0.0170984455958549,0.0652849740932642,0.0,5.595854922279792,0.466321243523316,72.54,2.6424870466321244,12.5,3.730569948186528,1.243523316062176,28/12/2003 00:00,Italy,Midfield,right,185.0,https://img.a.transfermarkt.technology/portrait/header/876298-1686214955.jpg?lm=1,6000000
Emil Audero,Como,720,0.0,0.00125,0.0,0.25,0.0,80.27,0.0,66.67,6.125,0.0,18/01/1997 00:00,Indonesia,Goalkeeper,right,192.0,https://img.a.transfermarkt.technology/portrait/header/256339-1663679682.jpg?lm=1,3200000
Paweł Dawidowicz,Hellas Verona,1853,0.0145709660010793,0.0082568807339449,0.0,3.545601726929304,0.0971397733405288,83.42,3.157042633567188,52.38,2.62277388019428,1.7485159201295195,20/05/1995 00:00,Poland,Defender,both,189.0,https://img.a.transfermarkt.technology/portrait/header/248732-1769416411.png?lm=1,2000000
,Udinese,736,0.0464673913043478,0.028125,0.2445652173913043,6.236413043478262,0.6114130434782609,92.55,1.956521739130435,53.85,2.8125,1.8342391304347827,,,,,,,0
Achraf Hakimi,Paris Saint-Germain,2067,0.1297532656023222,0.2316400580551524,0.5660377358490567,30.04354136429608,1.1320754716981134,90.88,3.4397677793904213,40.91,5.921625544267054,0.8272859216255444,04/11/1998 00:00,Morocco,Defender,right,181.0,https://img.a.transfermarkt.technology/portrait/header/398073-1672304327.jpg?lm=1,80000000
Ousmane Dembélé,Paris Saint-Germain,1736,0.8206797235023042,0.3722350230414746,2.644009216589862,23.58870967741936,2.17741935483871,83.21,1.036866359447005,40.0,2.0218894009216597,0.4147465437788019,15/05/1997 00:00,France,Attack,both,178.0,https://img.a.transfermarkt.technology/portrait/header/288230-1684148641.jpg?lm=1,100000000
Rayan Cherki,Olympique Lyonnais,2053,0.2196298100340964,0.514223088163663,0.8329274232830005,20.69167072576717,2.104237700925475,84.13,0.9644422795908428,33.33,3.638577691183634,0.7014125669751583,17/08/2003 00:00,France,Midfield,both,177.0,https://img.a.transfermarkt.technology/portrait/header/607223-1773302431.jpg?lm=1,50000000
Mason Greenwood,Olympique de Marseille,2814,0.2980810234541578,0.2507462686567164,1.791044776119403,13.84861407249467,1.7270788912579955,83.25,1.5031982942430704,53.33,2.814498933901919,0.767590618336887,01/10/2001 00:00,England,Attack,both,181.0,https://img.a.transfermarkt.technology/portrait/header/532826-1693987766.jpg?lm=1,50000000
Vitinha,Paris Saint-Germain,2035,0.0818181818181818,0.1667321867321867,0.6191646191646192,28.48157248157248,1.194103194103194,93.75,2.520884520884521,16.67,6.368550368550369,0.398034398034398,13/02/2000 00:00,Portugal,Midfield,right,172.0,https://img.a.transfermarkt.technology/portrait/header/487469-1749415169.jpg?lm=1,110000000
Khvicha Kvaratskhelia,Paris Saint-Germain,920,0.3208695652173913,0.3727173913043478,1.4673913043478262,21.619565217391305,2.4456521739130435,89.35,2.0543478260869565,37.5,2.641304347826088,1.173913043478261,12/02/2001 00:00,Georgia,Attack,both,183.0,https://img.a.transfermarkt.technology/portrait/header/502670-1777411223.jpg?lm=1,90000000
Kang-in Lee,Paris Saint-Germain,1665,0.1897297297297297,0.3481081081081081,0.7567567567567568,26.864864864864863,1.5675675675675675,92.0,1.5135135135135136,33.33,3.945945945945946,1.135135135135135,19/02/2001 00:00,"Korea, South",Midfield,left,173.0,https://img.a.transfermarkt.technology/portrait/header/557149-1703978046.jpg?lm=1,25000000
João Neves,Paris Saint-Germain,1857,0.1444264943457189,0.189983844911147,0.5815831987075929,17.68982229402262,0.7754442649434572,92.22,4.168012924071083,64.71,5.961227786752827,0.8239095315024233,27/09/2004 00:00,Portugal,Midfield,right,174.0,https://img.a.transfermarkt.technology/portrait/header/670681-1701295511.jpg?lm=1,110000000
Andrey Santos,RC Strasbourg,2857,0.1593979698984949,0.0614280714035701,0.504025201260063,7.150857542877144,0.5670283514175709,88.61,4.473223661183059,60.61,5.92229611480574,0.9135456772838644,03/05/2004 00:00,Brazil,Midfield,right,180.0,https://img.a.transfermarkt.technology/portrait/header/743600-1732576153.png?lm=1,40000000
Mika Biereth,AS Monaco,1237,0.7101050929668553,0.2357316087308003,1.746160064672595,6.329830234438157,0.0727566693613581,64.04,0.6548100242522231,39.58,1.673403395311237,1.3823767178658044,08/02/2003 00:00,Denmark,Attack,right,187.0,https://img.a.transfermarkt.technology/portrait/header/565821-1736777758.jpg?lm=1,22000000
Adrien Rabiot,Olympique de Marseille,2483,0.2631494160289971,0.1377366089407974,0.8699154248892469,15.839710028191703,0.9424083769633508,86.84,2.537253322593637,57.38,4.494563028594443,1.9210632299637536,03/04/1995 00:00,France,Midfield,left,191.0,https://img.a.transfermarkt.technology/portrait/header/182913-1681462009.jpg?lm=1,20000000
Jonathan Clauss,Nice,2311,0.086845521419299,0.265599307659022,0.3115534400692341,10.359151882302037,0.4283859800951969,77.51,3.8944180008654254,60.71,4.439636520986586,1.0125486802250108,25/09/1992 00:00,France,Defender,right,178.0,https://img.a.transfermarkt.technology/portrait/header/175639-1756827010.jpg?lm=1,4500000
,RC Strasbourg,2790,0.0,0.0016129032258064,0.0,0.967741935483871,0.032258064516129,78.77,0.032258064516129,100.0,8.838709677419354,0.0,,,,,,,0
Przemyslaw Frankowski,RC Lens,1388,0.0460374639769452,0.1899855907780979,0.4538904899135446,18.155619596541783,0.3890489913544668,83.45,3.306916426512968,53.33,3.9553314121037455,1.1671469740634006,12/04/1995 00:00,Poland,Defender,right,175.0,https://img.a.transfermarkt.technology/portrait/header/239743-1669189009.jpg?lm=1,7000000
Pierre-Emile Højbjerg,Olympique de Marseille,2666,0.1107276819204801,0.150225056264066,0.2700675168792198,17.250562640660164,0.2363090772693173,92.71,3.578394598649662,52.5,5.772693173293323,1.0127531882970742,05/08/1995 00:00,Denmark,Midfield,right,185.0,https://img.a.transfermarkt.technology/portrait/header/167799-1629882773.jpg?lm=1,18000000
Mathew Ryan,RC Lens,1260,0.0,0.0007142857142857,0.0,0.2857142857142857,0.0,68.69,0.1428571428571428,100.0,8.857142857142858,0.0,08/04/1992 00:00,Australia,Goalkeeper,right,184.0,https://img.a.transfermarkt.technology/portrait/header/128969-1668505563.jpg?lm=1,2000000
Gaëtan Perrin,Auxerre,2704,0.2026997041420118,0.1574334319526627,0.8653846153846154,8.587278106508876,1.9970414201183435,78.48,2.030325443786982,18.75,4.127218934911243,0.7988165680473372,07/06/1996 00:00,France,Attack,right,169.0,https://img.a.transfermarkt.technology/portrait/header/353404-1672330321.jpg?lm=1,2000000
Désiré Doué,Paris Saint-Germain,1734,0.2667820069204152,0.2942906574394464,1.0380622837370244,18.529411764705884,2.9584775086505197,86.12,3.166089965397924,44.44,4.826989619377163,1.453287197231834,03/06/2005 00:00,France,Attack,right,181.0,https://img.a.transfermarkt.technology/portrait/header/914562-1667317075.jpg?lm=1,90000000
Dilane Bakwa,RC Strasbourg,2509,0.1563969709047429,0.2145077720207254,0.7891590275009964,10.115583897967316,1.7935432443204464,81.26,1.470705460342766,57.89,3.3001195695496217,1.040255081705859,26/08/2002 00:00,France,Attack,left,180.0,https://img.a.transfermarkt.technology/portrait/header/540664-1775762611.jpg?lm=1,32000000
Maghnes Akliouche,AS Monaco,2409,0.3168119551681195,0.2925280199252802,0.7098381070983811,16.662515566625157,1.8679950186799503,84.87,2.4657534246575343,17.86,4.8941469489414695,1.158156911581569,25/02/2002 00:00,France,Attack,left,183.0,https://img.a.transfermarkt.technology/portrait/header/745200-1717406573.jpg?lm=1,45000000
Corentin Tolisso,Olympique Lyonnais,2340,0.2061538461538461,0.1865384615384615,0.7692307692307693,15.23076923076923,0.4230769230769231,86.09,3.0384615384615383,46.55,4.923076923076923,1.6923076923076923,03/08/1994 00:00,France,Midfield,right,181.0,https://img.a.transfermarkt.technology/portrait/header/190393-1672830594.jpg?lm=1,5000000
Donovan Léon,Auxerre,2880,0.0,0.003125,0.0,1.75,0.0625,52.09,0.0,88.89,10.03125,0.03125,03/11/1992 00:00,French Guiana,Goalkeeper,right,187.0,https://img.a.transfermarkt.technology/portrait/header/170911-1593969267.jpg?lm=1,900000
Nuno Mendes,Paris Saint-Germain,1683,0.1171122994652406,0.2192513368983957,0.4812834224598931,16.31016042780749,1.6577540106951871,88.59,2.5668449197860963,59.26,5.775401069518717,0.6951871657754011,19/06/2002 00:00,Portugal,Defender,left,180.0,https://img.a.transfermarkt.technology/portrait/header/616341-1749417164.jpg?lm=1,75000000
Marquinhos,Paris Saint-Germain,1725,0.0563478260869565,0.0500869565217391,0.1565217391304347,13.513043478260869,0.1565217391304347,95.09,2.139130434782609,64.0,5.373913043478261,0.9391304347826086,14/05/1994 00:00,Brazil,Defender,right,183.0,https://img.a.transfermarkt.technology/portrait/header/181767-1672303747.jpg?lm=1,30000000
Yahia Fofana,Angers,2970,0.0,0.0012121212121212,0.0,0.7272727272727273,0.0606060606060606,62.74,0.0303030303030303,72.73,9.666666666666666,0.0,21/08/2000 00:00,Cote d'Ivoire,Goalkeeper,right,194.0,https://img.a.transfermarkt.technology/portrait/header/418651-1759315646.jpg?lm=1,2500000
Lamine Camara,AS Monaco,2064,0.0998546511627907,0.2171511627906976,0.3924418604651162,12.209302325581396,0.5232558139534884,87.36,4.229651162790698,52.27,6.671511627906977,1.962209302325581,01/01/2004 00:00,Senegal,Midfield,right,173.0,https://img.a.transfermarkt.technology/portrait/header/918969-1726834088.jpg?lm=1,30000000
Fabián Ruiz,Paris Saint-Germain,1929,0.1936236391912908,0.23701399688958,0.5598755832037325,20.575427682737168,0.6531881804043546,90.99,2.472783825816485,38.46,6.298600311041991,0.2799377916018662,03/04/1996 00:00,Spain,Midfield,left,189.0,https://img.a.transfermarkt.technology/portrait/header/350219-1718958379.jpg?lm=1,40000000
Marcin Bulka,Nice,3060,0.0,0.0020588235294117,0.0,0.5,0.0,77.48,0.0,100.0,8.764705882352942,0.0,04/10/1999 00:00,Poland,Goalkeeper,right,199.0,https://img.a.transfermarkt.technology/portrait/header/465955-1739970628.jpg?lm=1,17000000
Jubal,Auxerre,2643,0.0691259931895573,0.0275822928490351,0.3745743473325766,1.7707150964812712,0.1021566401816118,87.01,2.894438138479001,68.18,3.064699205448354,0.9194097616345064,29/08/1993 00:00,Brazil,Defender,right,190.0,https://img.a.transfermarkt.technology/portrait/header/149928-1753530529.png?lm=1,2000000
Bradley Barcola,Paris Saint-Germain,2192,0.5575729927007299,0.2434762773722627,1.6012773722627738,16.094890510948908,1.395985401459854,83.45,1.8886861313868613,66.67,2.7509124087591244,1.2317518248175183,02/09/2002 00:00,France,Attack,right,182.0,https://img.a.transfermarkt.technology/portrait/header/708265-1780063967.jpg?lm=1,70000000
Yehvann Diouf,Stade de Reims,3060,0.0017647058823529,0.0008823529411764,0.0294117647058823,0.7352941176470589,0.0588235294117647,65.85,0.088235294117647,100.0,9.088235294117649,0.0,16/11/1999 00:00,Senegal,Goalkeeper,right,188.0,https://img.a.transfermarkt.technology/portrait/header/448632-1756822717.jpg?lm=1,8000000
Evann Guessand,Nice,2586,0.3194895591647331,0.184106728538283,0.9396751740139212,6.577726218097448,1.705336426914153,77.2,2.0533642691415315,45.45,3.410672853828306,1.566125290023202,01/07/2001 00:00,Cote d'Ivoire,Attack,right,188.0,https://img.a.transfermarkt.technology/portrait/header/500689-1765812945.jpg?lm=1,28000000
Brice Samba,Stade Rennais,2879,0.0,0.0025008683570684,0.0,0.8753039249739494,0.0312608544633553,77.2,0.093782563390066,100.0,7.846474470302189,0.0,25/04/1994 00:00,France,Goalkeeper,left,187.0,https://img.a.transfermarkt.technology/portrait/header/191056-1602242038.jpg?lm=1,10000000
,Lille,1765,0.1937677053824362,0.1616430594900849,0.6628895184135978,14.175637393767706,1.3767705382436262,82.74,2.2436260623229463,11.76,3.620396600566573,0.9688385269121812,,,,,,,0
Benjamin André,Lille,2693,0.0464537690308206,0.0895655402896398,0.1336799108800594,13.869290753806164,0.3007797994801336,83.9,5.046416635722244,53.89,6.316375789082808,1.6709988860007428,03/08/1990 00:00,France,Midfield,right,180.0,https://img.a.transfermarkt.technology/portrait/header/84301-1666690769.jpg?lm=1,4000000
Gaëtan Laborde,Nice,1838,0.4044613710554952,0.1273122959738846,1.2731229597388467,6.120783460282917,0.88139281828074,73.29,1.2241566920565834,50.52,2.3993471164309037,1.4200217627856366,03/05/1994 00:00,France,Attack,left,181.0,https://img.a.transfermarkt.technology/portrait/header/181378-1739972757.jpg?lm=1,10000000
Kevin Danso,RC Lens,1080,0.0458333333333333,0.0325,0.1666666666666666,7.083333333333333,0.0833333333333333,86.01,3.25,64.06,4.916666666666667,2.25,19/09/1998 00:00,Austria,Defender,right,190.0,https://img.a.transfermarkt.technology/portrait/header/263236-1691217955.png?lm=1,22000000
Emmanuel Agbadou,Stade de Reims,1260,0.0378571428571428,0.0249999999999999,0.2142857142857142,6.642857142857143,0.6428571428571429,88.07,3.142857142857143,58.06,6.071428571428571,0.9285714285714286,17/06/1997 00:00,Cote d'Ivoire,Defender,right,192.0,https://img.a.transfermarkt.technology/portrait/header/683895-1770396716.jpg?lm=1,9000000
Ludovic Blas,Stade Rennais,2302,0.1954821894005212,0.2126846220677671,1.0165073848827106,10.82971329278888,1.7202432667245873,81.64,1.993918331885317,24.0,3.4404865334491745,1.2119895742832318,31/12/1997 00:00,France,Midfield,left,180.0,https://img.a.transfermarkt.technology/portrait/header/288225-1762353535.jpg?lm=1,15000000
Téji Savanier,Montpellier,2339,0.0958101752885848,0.2970500213766567,0.6541256947413425,13.890551517742626,1.115861479264643,76.68,1.7315091919623773,44.68,4.694313809320223,0.8465156049593844,22/12/1991 00:00,France,Midfield,right,172.0,https://img.a.transfermarkt.technology/portrait/header/127156-1773268067.png?lm=1,9000000
Pierre Lees-Melou,Stade Brestois,1528,0.0700916230366492,0.1295811518324607,0.4712041884816754,11.19109947643979,0.7068062827225131,86.55,3.534031413612565,36.36,7.362565445026178,1.8848167539267016,25/05/1993 00:00,France,Midfield,right,185.0,https://img.a.transfermarkt.technology/portrait/header/377393-1710182831.jpg?lm=1,10000000
Amine Gouiri,Olympique de Marseille,2088,0.5120689655172415,0.1435344827586206,1.767241379310345,9.741379310344827,1.0775862068965518,84.6,0.7327586206896552,28.57,2.7586206896551726,1.25,16/02/2000 00:00,Algeria,Attack,right,181.0,https://img.a.transfermarkt.technology/portrait/header/418659-1762353913.jpg?lm=1,28000000
Aleksandr Golovin,AS Monaco,1161,0.1782945736434108,0.2503875968992248,0.6976744186046512,15.581395348837209,1.7054263565891472,79.19,3.875968992248062,43.48,7.829457364341085,1.937984496124031,30/05/1996 00:00,Russia,Midfield,right,178.0,https://img.a.transfermarkt.technology/portrait/header/263918-1614091807.jpg?lm=1,18000000
Nicolás Tagliafico,Olympique Lyonnais,1911,0.1422291993720565,0.0682888540031397,0.3296703296703296,10.21978021978022,0.0470957613814756,88.24,4.379905808477237,48.08,4.803767660910518,1.9309262166405023,31/08/1992 00:00,Argentina,Defender,left,171.0,https://img.a.transfermarkt.technology/portrait/header/131225-1668181437.jpg?lm=1,8000000
Jonathan David,Lille,2558,0.3736512900703674,0.1129397967161845,1.2314308053166536,8.338545738858484,0.7036747458952307,82.74,1.0906958561376077,28.81,2.322126661454261,0.8795934323690383,14/01/2000 00:00,Canada,Attack,both,178.0,https://img.a.transfermarkt.technology/portrait/header/533738-1760114012.jpg?lm=1,35000000
Denis Zakaria,AS Monaco,2149,0.1545369939506747,0.0841786877617496,0.460679385760819,8.794788273615636,0.8794788273615636,90.89,3.1409958120055843,60.0,6.910190786412286,1.3401582131223826,20/11/1996 00:00,Switzerland,Midfield,right,190.0,https://img.a.transfermarkt.technology/portrait/header/334526-1667990520.jpg?lm=1,25000000
Leandro Ribeiro,Lille,2700,0.0523333333333333,0.033,0.1333333333333333,8.066666666666666,0.1666666666666666,91.4,1.9666666666666663,71.11,5.833333333333333,0.9333333333333332,13/01/1995 00:00,Brazil,Attack,right,178.0,https://img.a.transfermarkt.technology/portrait/header/333117-1439481524.JPG?lm=1,550000
Luis Henrique,Olympique de Marseille,2620,0.1432442748091603,0.1720992366412213,0.4809160305343511,14.942748091603054,1.751908396946565,84.12,0.8931297709923665,0.0,3.984732824427481,0.2748091603053435,17/03/1998 00:00,Brazil,Attack,right,184.0,https://img.a.transfermarkt.technology/portrait/header/379877-1597039151.jpg?lm=1,150000
Caio Henrique,AS Monaco,1932,0.0074534161490683,0.2739130434782609,0.046583850931677,12.018633540372672,0.6521739130434783,77.94,2.748447204968944,46.67,5.124223602484473,0.7453416149068324,31/07/1997 00:00,Brazil,Defender,left,178.0,https://img.a.transfermarkt.technology/portrait/header/420064-1614091193.jpg?lm=1,15000000
Abdukodir Khusanov,RC Lens,975,0.0221538461538461,0.0212307692307692,0.4615384615384615,4.615384615384615,0.0923076923076923,88.95,3.784615384615385,70.0,4.615384615384615,1.2,29/02/2004 00:00,Uzbekistan,Defender,right,186.0,https://img.a.transfermarkt.technology/portrait/header/763079-1740493347.jpg?lm=1,35000000
Hervé Koffi,RC Lens,450,0.0,0.002,0.0,0.8,0.0,67.86,0.2,100.0,7.6,0.0,16/10/1996 00:00,Burkina Faso,Goalkeeper,right,186.0,https://img.a.transfermarkt.technology/portrait/header/415383-1672499883.jpg?lm=1,3000000
Edon Zhegrova,Lille,985,0.2074111675126903,0.2192893401015228,0.8223350253807107,14.253807106598984,2.1015228426395938,86.05,0.8223350253807107,60.0,3.8375634517766497,0.9137055837563453,31/03/1999 00:00,Kosovo,Attack,left,180.0,https://img.a.transfermarkt.technology/portrait/header/496857-1767803628.jpg?lm=1,20000000
,RC Lens,686,0.0104956268221574,0.0301749271137026,0.1311953352769679,1.4431486880466473,0.3935860058309038,93.88,4.329446064139942,76.67,4.854227405247814,0.9183673469387756,,,,,,,0
Neil El Aynaoui,RC Lens,1605,0.0930841121495327,0.1334579439252336,0.5607476635514019,10.205607476635514,0.2803738317757009,88.27,3.869158878504673,60.98,5.046728971962617,1.9065420560747663,02/07/2001 00:00,Morocco,Midfield,right,185.0,https://img.a.transfermarkt.technology/portrait/header/901019-1757603917.jpg?lm=1,8000000
Youssouf Ndayishimiye,Nice,1934,0.0423474663908996,0.0190796277145811,0.1861427094105481,6.468459152016546,0.2792140641158221,89.87,2.8386763185108586,56.92,5.305067218200621,0.8841778697001035,27/10/1998 00:00,Burundi,Defender,right,183.0,https://img.a.transfermarkt.technology/portrait/header/674612-1739970953.jpg?lm=1,8000000
Jérémy Jacquet,Stade Rennais,929,0.0697524219590958,0.0629709364908503,0.2906350914962325,7.072120559741657,0.4843918191603875,84.73,5.134553283100107,63.33,3.9720129171151775,1.2594187298170074,13/07/2005 00:00,France,Defender,right,190.0,https://img.a.transfermarkt.technology/portrait/header/1004301-1714503850.jpg?lm=1,20000000
Hicham Boudaoui,Nice,2438,0.0981952420016406,0.1044708777686628,0.7013945857260049,9.044298605414276,0.9228876127973747,84.35,3.6177194421657095,32.69,6.460213289581624,1.5135356849876949,23/09/1999 00:00,Algeria,Midfield,right,175.0,https://img.a.transfermarkt.technology/portrait/header/560593-1756824680.jpg?lm=1,12000000
Thilo Kehrer,AS Monaco,2384,0.0566275167785234,0.0181208053691275,0.3020134228187919,6.00251677852349,0.0377516778523489,90.16,2.7558724832214767,60.0,4.983221476510067,0.8682885906040269,21/09/1996 00:00,Germany,Defender,both,186.0,https://img.a.transfermarkt.technology/portrait/header/228948-1737490227.jpg?lm=1,18000000
Alidu Seidu,Stade Rennais,806,0.014516129032258,0.0491315136476426,0.0,7.704714640198511,1.0049627791563276,86.4,4.01985111662531,43.48,7.481389578163771,1.1166253101736971,04/06/2000 00:00,Ghana,Defender,right,173.0,https://img.a.transfermarkt.technology/portrait/header/798404-1679507806.jpg?lm=1,6000000
Rémy Cabella,Lille,1032,0.3470930232558139,0.2694767441860465,0.6104651162790697,22.67441860465116,1.6569767441860466,86.82,4.098837209302325,27.27,5.494186046511628,1.3953488372093024,08/03/1990 00:00,France,Midfield,right,172.0,https://img.a.transfermarkt.technology/portrait/header/113707-1757716597.png?lm=1,1500000
Lucas Perri,Olympique Lyonnais,2970,0.0,0.0015151515151515,0.0,0.8181818181818182,0.0,73.74,0.0303030303030303,100.0,7.727272727272727,0.0303030303030303,10/12/1997 00:00,Brazil,Goalkeeper,right,197.0,https://img.a.transfermarkt.technology/portrait/header/352041-1733188777.jpg?lm=1,6000000
Aron Dønnum,Toulouse,2696,0.0704376854599406,0.1882789317507418,0.2336795252225519,8.112017804154302,1.5689910979228487,76.75,2.8041543026706237,43.33,5.708456973293768,1.268545994065282,20/04/1998 00:00,Norway,Midfield,left,178.0,https://img.a.transfermarkt.technology/portrait/header/476836-1678012976.jpg?lm=1,3500000
Ismaël Bennacer,Olympique de Marseille,649,0.0110939907550077,0.2066255778120184,0.0,25.79352850539291,0.970724191063174,93.56,4.298921417565485,33.33,6.933744221879815,2.6348228043143296,01/12/1997 00:00,Algeria,Midfield,left,175.0,https://img.a.transfermarkt.technology/portrait/header/351816-1663575089.jpg?lm=1,9000000
Adrien Thomasson,RC Lens,2623,0.2041555470834921,0.1784216545939763,0.4460541364849409,12.798322531452534,0.8921082729698818,83.91,3.739992375142966,27.42,7.068242470453678,1.7499046892870758,10/12/1993 00:00,France,Midfield,right,175.0,https://img.a.transfermarkt.technology/portrait/header/215977-1673538425.jpg?lm=1,4500000
Marco Asensio,Paris Saint-Germain,626,0.8065495207667732,0.237220447284345,2.1565495207667733,17.53993610223642,0.5750798722044729,90.22,0.5750798722044729,33.33,2.587859424920128,0.1437699680511182,21/01/1996 00:00,Spain,Midfield,left,182.0,https://img.a.transfermarkt.technology/portrait/header/296622-1765459707.png?lm=1,15000000
Lucas Stassin,Saint-Étienne,1875,0.3792,0.15024,1.104,6.96,1.008,76.55,0.912,34.69,1.776,1.536,29/11/2004 00:00,Belgium,Attack,right,183.0,https://img.a.transfermarkt.technology/portrait/header/655012-1727721924.jpg?lm=1,15000000
Ludovic Ajorque,Stade Brestois,2504,0.3461261980830671,0.0639776357827476,0.970447284345048,5.64297124600639,0.2875399361022364,69.55,1.1501597444089458,50.19,2.2284345047923324,2.1924920127795526,25/02/1994 00:00,France,Attack,left,196.0,https://img.a.transfermarkt.technology/portrait/header/283994-1692000251.jpg?lm=1,3000000
Djaoui Cissé,Stade Rennais,1129,0.0342781222320637,0.0613817537643932,0.5580159433126661,12.83436669619132,1.0363153232949514,88.21,3.66696191319752,23.53,6.217891939769708,1.9929140832595216,31/01/2004 00:00,France,Midfield,right,188.0,https://img.a.transfermarkt.technology/portrait/header/931160-1740392570.jpg?lm=1,15000000
Vanderson,AS Monaco,2077,0.0957631198844487,0.1642272508425613,0.3466538276360134,10.78960038517092,1.0399614829080404,79.67,4.983148772267693,46.94,6.629754453538758,1.213288396726047,27/09/1984 00:00,Brazil,Defender,left,176.0,https://img.a.transfermarkt.technology/portrait/header/default.jpg?lm=1,50000
Azor Matusiwa,Stade Rennais,2078,0.0541385948026949,0.069730510105871,0.0866217516843118,10.351299326275264,0.7362848893166506,87.29,4.24446583253128,63.27,5.803657362848893,1.2560153994225216,28/04/1998 00:00,Netherlands,Midfield,right,173.0,https://img.a.transfermarkt.technology/portrait/header/315145-1639675049.png?lm=1,11000000
Gerónimo Rulli,Olympique de Marseille,3060,0.0,0.0005882352941176,0.0,0.2647058823529412,0.0,86.9,0.1470588235294117,90.91,6.823529411764706,0.0588235294117647,20/05/1992 00:00,Argentina,Goalkeeper,right,189.0,https://img.a.transfermarkt.technology/portrait/header/229604-1698670758.jpg?lm=1,9000000
Moses Simon,Nantes,2621,0.0947729874093857,0.1974437237695536,0.5837466615795498,5.665776421213277,2.231972529568867,75.26,1.0988172453262113,20.83,4.051888592140404,0.3777184280808851,12/07/1995 00:00,Nigeria,Attack,right,168.0,https://img.a.transfermarkt.technology/portrait/header/274862-1703065226.jpg?lm=1,7000000
Joseph Okumu,Stade de Reims,1699,0.0524426133019423,0.0233078281341965,0.1059446733372572,7.99882283696292,0.7416127133608005,82.02,2.9134785167745734,64.29,4.979399646851089,0.7945850500294291,26/05/1997 00:00,Kenya,Defender,right,190.0,https://img.a.transfermarkt.technology/portrait/header/453376-1723832031.png?lm=1,9000000
Lucas Chevalier,Lille,3060,0.0,0.0064705882352941,0.0,0.5294117647058824,0.0,77.14,0.088235294117647,100.0,7.588235294117647,0.0,06/11/2001 00:00,France,Goalkeeper,right,189.0,https://img.a.transfermarkt.technology/portrait/header/463600-1708342501.jpg?lm=1,25000000
Cristian Cásseres Jr.,Toulouse,2704,0.0342825443786982,0.1194896449704142,0.1664201183431952,7.02292899408284,0.7322485207100592,82.49,4.59319526627219,58.54,5.724852071005917,1.7640532544378698,20/01/2000 00:00,Venezuela,Midfield,right,176.0,https://img.a.transfermarkt.technology/portrait/header/467632-1646141354.JPG?lm=1,7000000
Kenny Lala,Stade Brestois,2685,0.0221229050279329,0.1672625698324022,0.2346368715083799,9.05027932960894,0.5027932960893855,81.56,3.0502793296089385,38.1,5.162011173184358,0.6033519553072626,03/10/1991 00:00,France,Defender,right,178.0,https://img.a.transfermarkt.technology/portrait/header/174196-1677254936.jpg?lm=1,1800000
Gabriel Suazo,Toulouse,2161,0.0349838037945395,0.2003239241092086,0.1665895418787598,10.95326237852846,1.0411846367422488,82.66,3.956501619620546,42.42,5.205923183711245,1.3327163350300786,09/08/1997 00:00,Chile,Defender,left,178.0,https://img.a.transfermarkt.technology/portrait/header/385105-1752224979.jpg?lm=1,7000000
Thiago Almada,Olympique Lyonnais,953,0.1879328436516264,0.2285414480587618,0.472193074501574,22.004197271773347,0.7555089192025184,90.52,1.983210912906611,33.33,5.288562434417629,0.944386149003148,26/04/2001 00:00,Argentina,Attack,right,171.0,https://img.a.transfermarkt.technology/portrait/header/576028-1773174386.jpg?lm=1,20000000
Junya Ito,Stade de Reims,2700,0.157,0.302,0.3666666666666666,10.8,1.5666666666666669,76.34,1.9333333333333331,39.13,4.5,0.4666666666666667,09/03/1993 00:00,Japan,Attack,right,177.0,https://img.a.transfermarkt.technology/portrait/header/348791-1723820780.png?lm=1,3500000
Abdoulaye Touré,Le Havre,2329,0.091970802919708,0.0432803778445684,0.579647917561185,6.530699871189352,0.6569343065693432,82.82,3.6711034778875056,63.46,6.182911120652641,1.15929583512237,03/03/1994 00:00,Guinea,Midfield,right,188.0,https://img.a.transfermarkt.technology/portrait/header/181382-1485420758.jpg?lm=1,3000000
Mahdi Camara,Stade Brestois,2669,0.133870363431997,0.0869988759835144,0.6744098913450731,7.823154739602848,0.977894342450356,88.01,3.50693143499438,37.25,3.304608467590858,1.3825402772573998,30/06/1998 00:00,France,Midfield,right,176.0,https://img.a.transfermarkt.technology/portrait/header/324795-1710182811.jpg?lm=1,10000000
Romain Del Castillo,Stade Brestois,1266,0.1101895734597156,0.2950236966824645,0.8530805687203792,12.440758293838863,1.3507109004739335,76.06,2.6303317535545023,40.0,5.18957345971564,0.7819905213270142,29/03/1996 00:00,France,Attack,left,172.0,https://img.a.transfermarkt.technology/portrait/header/353399-1593964996.jpg?lm=1,10000000
Thomas Meunier,Lille,1951,0.0871860584315735,0.1116350589441312,0.5074320861096874,14.94618144541261,0.645822655048693,83.12,4.013326499231163,63.46,4.059456688877499,1.2455151204510508,12/09/1991 00:00,Belgium,Defender,right,191.0,https://img.a.transfermarkt.technology/portrait/header/100986-1741073106.jpg?lm=1,1800000
Eliesse Ben Seghir,AS Monaco,1756,0.2106492027334851,0.2337129840546696,1.0763097949886105,16.605922551252846,1.7938496583143506,82.45,2.2551252847380407,40.54,4.407744874715261,1.2813211845102506,16/02/2005 00:00,Morocco,Attack,right,178.0,https://img.a.transfermarkt.technology/portrait/header/810895-1758703148.jpg?lm=1,24000000
Christopher Operi,Le Havre,1170,0.0176923076923076,0.2453846153846153,0.0769230769230769,8.153846153846153,1.0769230769230769,78.81,2.076923076923077,64.71,3.923076923076923,0.6923076923076923,29/04/1997 00:00,Cote d'Ivoire,Defender,left,183.0,https://img.a.transfermarkt.technology/portrait/header/469976-1759746677.jpg?lm=1,4000000
Lucas Beraldo,Paris Saint-Germain,2011,0.0389358528095474,0.0425161611138736,0.1790154152163103,9.443063152660368,0.0447538538040775,94.71,2.640477374440577,69.12,5.146693187468921,0.9845847836897066,24/11/2003 00:00,Brazil,Defender,left,186.0,https://img.a.transfermarkt.technology/portrait/header/872171-1715107660.jpg?lm=1,20000000
Charlie Cresswell,Toulouse,2591,0.1142802006947124,0.038209185642609,0.4862987263604786,2.917792358162872,0.1042068699343882,83.41,2.1883442686221537,66.44,3.577769201080664,0.9725974527209572,17/08/2002 00:00,England,Defender,right,190.0,https://img.a.transfermarkt.technology/portrait/header/597659-1641461698.jpg?lm=1,15000000
Valentín Barco,RC Strasbourg,1163,0.0410146173688736,0.1137575236457437,0.0773860705073086,10.369733447979364,0.6964746345657782,85.37,3.7919174548581256,53.33,6.113499570077386,1.3155631986242475,23/07/2004 00:00,Argentina,Midfield,left,170.0,https://img.a.transfermarkt.technology/portrait/header/849410-1750770955.png?lm=1,13000000
Melvin Bard,Nice,1941,0.1020092735703245,0.1173106646058732,0.3709428129829984,7.04791344667697,1.0200927357032457,81.02,3.8021638330757344,54.55,5.749613601236476,0.7882534775888718,06/11/2000 00:00,France,Defender,left,173.0,https://img.a.transfermarkt.technology/portrait/header/532775-1756826939.jpg?lm=1,10000000
Arnaud Kalimuendo,Stade Rennais,2589,0.3045191193511008,0.0730011587485515,1.2514484356894555,5.840092699884125,0.7300115874855156,80.78,0.7995365005793743,27.16,2.190034762456547,1.0081112398609502,20/01/2002 00:00,France,Attack,right,178.0,https://img.a.transfermarkt.technology/portrait/header/585959-1666698479.jpg?lm=1,25000000
Rasmus Nicolaisen,Toulouse,624,0.0620192307692307,0.0259615384615384,0.1442307692307692,4.038461538461538,0.1442307692307692,88.02,2.3076923076923075,70.0,4.182692307692308,0.5769230769230769,16/03/1997 00:00,Denmark,Defender,left,191.0,https://img.a.transfermarkt.technology/portrait/header/283227-1626438001.jpg?lm=1,5000000
Ruben Aguilar,RC Lens,1129,0.0613817537643932,0.1100088573959255,0.2391496899911426,13.392382639503984,0.7174490699734278,83.41,3.746678476527901,38.46,6.297608503100089,1.1160318866253325,26/04/1993 00:00,France,Defender,right,172.0,https://img.a.transfermarkt.technology/portrait/header/203746-1614090581.jpg?lm=1,3000000
Zuriko Davitashvili,Saint-Étienne,2761,0.2144875045273451,0.181238681637088,0.8801159000362188,10.398406374501992,1.5646504889532775,83.7,1.2386816370880116,24.62,4.009416877942774,0.6519377037305324,15/02/2001 00:00,Georgia,Attack,right,175.0,https://img.a.transfermarkt.technology/portrait/header/427572-1727721934.jpg?lm=1,3000000
Douglas Augusto,Nantes,2315,0.1325701943844492,0.045097192224622,0.5831533477321814,8.203023758099352,0.4665226781857451,87.07,3.926565874730022,40.68,4.315334773218143,1.632829373650108,13/01/1997 00:00,Brazil,Midfield,left,173.0,https://img.a.transfermarkt.technology/portrait/header/393621-1753530925.png?lm=1,7000000
Yanis Zouaoui,Le Havre,982,0.0128309572301425,0.2868635437881873,0.1832993890020366,5.957230142566191,1.1914460285132382,75.38,2.566191446028513,63.64,3.757637474541752,0.7331975560081466,28/04/1998 00:00,France,Defender,left,183.0,https://img.a.transfermarkt.technology/portrait/header/691841-1741881750.jpg?lm=1,1800000
Gautier Larsonneur,Saint-Étienne,3033,0.0,0.001186943620178,0.0,0.5934718100890207,0.0,61.26,0.029673590504451,76.47,8.041543026706231,0.0,23/02/1997 00:00,France,Goalkeeper,right,181.0,https://img.a.transfermarkt.technology/portrait/header/357047-1727720726.jpg?lm=1,3000000
Sebastian Nanasi,RC Strasbourg,2122,0.2739868049010367,0.1976437323279924,0.5089538171536286,10.051837888784164,0.8058435438265786,83.95,1.1451460885956644,21.43,3.011310084825636,0.3817153628652214,16/05/2002 00:00,Sweden,Midfield,right,178.0,https://img.a.transfermarkt.technology/portrait/header/579928-1732576164.png?lm=1,15000000
Julien Le Cardinal,Stade Brestois,1379,0.0287164612037708,0.0228426395939086,0.2610587382160986,3.850616388687455,0.2610587382160986,87.22,3.9158810732414793,60.42,3.132704858593183,0.7831762146482958,03/08/1997 00:00,France,Defender,right,184.0,https://img.a.transfermarkt.technology/portrait/header/794349-1727808054.jpg?lm=1,1500000
Mathieu Gorgelin,Le Havre,1440,0.0,0.000625,0.0,0.4375,0.0625,74.51,0.125,77.78,8.0625,0.0,05/08/1990 00:00,France,Goalkeeper,left,187.0,https://img.a.transfermarkt.technology/portrait/header/60543-1704795204.jpg?lm=1,200000
,Auxerre,2106,0.3341880341880342,0.1213675213675213,1.2393162393162394,8.504273504273504,1.4529914529914532,78.37,2.094017094017094,41.18,4.273504273504273,1.2820512820512822,,,,,,,0
Wilfried Singo,AS Monaco,2102,0.0813510941960038,0.065080875356803,0.2140818268315889,6.550903901046623,0.2568981921979067,87.0,3.4253092293054235,65.06,5.908658420551856,1.5413891531874406,25/12/2000 00:00,Cote d'Ivoire,Defender,right,190.0,https://img.a.transfermarkt.technology/portrait/header/648779-1779991391.png?lm=1,28000000
Alexandre Lacazette,Olympique Lyonnais,2061,0.5266375545851528,0.2126637554585153,1.6157205240174672,8.820960698689957,0.6113537117903931,73.52,0.9170305676855895,32.0,1.2227074235807862,2.096069868995633,28/05/1991 00:00,France,Attack,right,175.0,https://img.a.transfermarkt.technology/portrait/header/93720-1672830448.jpg?lm=1,5000000
Diego Moreira,RC Strasbourg,2574,0.0657342657342657,0.258041958041958,0.2797202797202797,7.552447552447552,1.993006993006993,81.56,2.762237762237762,47.37,4.86013986013986,0.9090909090909092,06/08/2004 00:00,Belgium,Midfield,left,179.0,https://img.a.transfermarkt.technology/portrait/header/655006-1732575837.png?lm=1,18000000
Mohammed Salisu,AS Monaco,1035,0.068695652173913,0.0156521739130434,0.4347826086956521,5.217391304347826,0.0,85.38,3.8260869565217392,66.67,4.782608695652174,0.782608695652174,17/04/1999 00:00,Ghana,Defender,left,188.0,https://img.a.transfermarkt.technology/portrait/header/563963-1668428508.jpg?lm=1,10000000
Willian Pacho,Paris Saint-Germain,2130,0.0130985915492957,0.0169014084507042,0.0422535211267605,3.929577464788732,0.0845070422535211,94.88,4.056338028169014,52.73,5.028169014084507,0.8450704225352113,16/10/2001 00:00,Ecuador,Defender,left,188.0,https://img.a.transfermarkt.technology/portrait/header/661171-1696508666.jpg?lm=1,70000000
Bafodé Diakité,Lille,2767,0.0757860498735092,0.0260209613299602,0.2276834116371521,6.049873509215757,0.2927358149620527,93.44,1.8865196964221176,72.41,4.5211420310805925,1.4311528731478136,06/01/2001 00:00,France,Defender,right,184.0,https://img.a.transfermarkt.technology/portrait/header/463605-1666691072.jpg?lm=1,35000000
Gonçalo Ramos,Paris Saint-Germain,1069,0.9505144995322732,0.1136576239476146,2.6941066417212345,7.324602432179607,0.0841908325537885,80.67,0.9260991580916744,57.14,1.5154349859681946,0.6735266604303086,20/06/2001 00:00,Portugal,Attack,right,185.0,https://img.a.transfermarkt.technology/portrait/header/550550-1681906158.jpg?lm=1,35000000
Adrien Truffert,Stade Rennais,2762,0.0765749456915278,0.1316437364228819,0.3584359160028964,9.319333816075307,0.5213613323678493,84.9,2.8674873280231714,51.72,4.529326574945691,0.8146270818247646,20/11/2001 00:00,France,Defender,left,176.0,https://img.a.transfermarkt.technology/portrait/header/654539-1754901329.jpg?lm=1,20000000
Malick Fofana,Olympique Lyonnais,1597,0.2175328741390106,0.247401377582968,0.8453350031308704,12.680025046963056,1.3525360050093926,83.57,1.6906700062617408,14.29,3.550407013149656,0.7326236693800877,31/03/2005 00:00,Belgium,Attack,right,169.0,https://img.a.transfermarkt.technology/portrait/header/743386-1761589148.jpg?lm=1,30000000
Vincent Sierro,Toulouse,2409,0.1004981320049813,0.1326276463262764,0.336239103362391,9.564134495641346,0.448318804483188,81.11,2.2415940224159403,46.27,4.669987546699876,1.270236612702366,08/10/1995 00:00,Switzerland,Midfield,right,185.0,https://img.a.transfermarkt.technology/portrait/header/280387-1708555105.jpg?lm=1,4000000
Ali Abdi,Nice,1417,0.2724770642201835,0.1111503175723359,0.6986591390261115,6.47847565278758,0.7621736062103035,78.91,4.001411432604093,59.46,4.573041637261821,1.7148906139731828,20/12/1993 00:00,Tunisia,Defender,left,183.0,https://img.a.transfermarkt.technology/portrait/header/211474-1756827001.jpg?lm=1,2500000
Marco Bizot,Stade Brestois,2880,0.0,0.0015625,0.0,0.96875,0.0,65.35,0.0625,100.0,8.0,0.03125,10/03/1991 00:00,Netherlands,Goalkeeper,right,193.0,https://img.a.transfermarkt.technology/portrait/header/124884-1707302509.jpg?lm=1,4000000
Anthony Rouault,Stade Rennais,973,0.0471736896197327,0.0194244604316546,0.277492291880781,4.439876670092497,0.0,91.75,1.8499486125385405,63.64,4.439876670092497,0.6474820143884892,29/05/2001 00:00,France,Defender,right,186.0,https://img.a.transfermarkt.technology/portrait/header/690799-1723707069.jpg?lm=1,9000000
Nathan Zézé,Nantes,1513,0.0172504957038995,0.0095175148711169,0.1189689358889623,3.093192333113021,0.1784534038334435,85.8,3.6285525446133513,54.39,3.747521480502314,1.0112359550561798,18/06/2005 00:00,France,Defender,left,190.0,https://img.a.transfermarkt.technology/portrait/header/923832-1703065128.jpg?lm=1,18000000
Brendan Chardonnet,Stade Brestois,2417,0.0301613570541994,0.0424493173355399,0.0372362432767894,3.1278444352503105,0.0,82.19,2.7554820024824163,59.0,3.3884981381878365,1.3405047579644187,22/12/1994 00:00,France,Defender,right,181.0,https://img.a.transfermarkt.technology/portrait/header/250779-1582538208.jpg?lm=1,8000000
Marshall Munetsi,Stade de Reims,1694,0.2109208972845336,0.0940377804014167,0.5312868949232585,4.037780401416765,0.3187721369539551,69.73,2.8158205430932703,46.15,3.825265643447461,1.487603305785124,22/06/1996 00:00,Zimbabwe,Midfield,right,188.0,https://img.a.transfermarkt.technology/portrait/header/414908-1723836952.png?lm=1,10000000
Himad Abdelli,Angers,2848,0.1020716292134831,0.1159761235955056,0.3792134831460674,13.77808988764045,1.8012640449438202,84.53,2.338483146067416,42.86,6.099016853932584,1.5168539325842696,17/11/1999 00:00,Algeria,Midfield,right,185.0,https://img.a.transfermarkt.technology/portrait/header/592979-1750956367.png?lm=1,3000000
Guéla Doué,RC Strasbourg,2716,0.0384388807069219,0.0361192930780559,0.1988217967599411,7.654639175257732,0.894698085419735,86.79,3.280559646539028,59.79,5.36818851251841,1.3586156111929308,17/10/2002 00:00,Cote d'Ivoire,Defender,right,186.0,https://img.a.transfermarkt.technology/portrait/header/711980-1732575765.png?lm=1,18000000
Takumi Minamino,AS Monaco,2244,0.3565508021390374,0.1909090909090909,0.8422459893048129,9.705882352941176,0.481283422459893,73.43,1.7245989304812834,38.0,3.5294117647058822,1.2433155080213905,16/01/1995 00:00,Japan,Attack,right,172.0,https://img.a.transfermarkt.technology/portrait/header/165793-1737490576.jpg?lm=1,12000000
Valentin Rongier,Olympique de Marseille,1587,0.0572778827977315,0.0827977315689981,0.3969754253308128,15.198487712665408,0.6238185255198488,90.82,4.706994328922495,53.85,4.877126654064273,2.0982986767485823,07/12/1994 00:00,France,Midfield,right,173.0,https://img.a.transfermarkt.technology/portrait/header/332889-1703065877.jpg?lm=1,9000000
Warren Zaïre-Emery,Paris Saint-Germain,2052,0.0732456140350877,0.062719298245614,0.3070175438596491,18.59649122807017,0.8771929824561403,93.25,3.245614035087719,39.13,5.964912280701754,1.0964912280701753,08/03/2006 00:00,France,Midfield,right,178.0,https://img.a.transfermarkt.technology/portrait/header/810092-1777411744.jpg?lm=1,50000000
Geoffrey Kondogbia,Olympique de Marseille,2021,0.0213755566551212,0.0503216229589312,0.0445324096981692,10.821375556655122,0.4453240969816922,92.63,3.651657595249876,62.79,4.809500247402276,0.8461157842652153,15/02/1993 00:00,Central African Republic,Midfield,left,188.0,https://img.a.transfermarkt.technology/portrait/header/127189-1703066053.jpg?lm=1,5000000
Ismaily,Lille,914,0.0669584245076586,0.1230853391684901,0.4923413566739606,11.422319474835886,0.7877461706783371,87.94,4.529540481400438,44.44,4.529540481400438,1.2800875273522976,11/01/1990 00:00,Brazil,Defender,left,177.0,https://img.a.transfermarkt.technology/portrait/header/124028-1666690981.jpg?lm=1,700000
Josué Casimir,Le Havre,2010,0.1495522388059701,0.1002985074626865,0.4477611940298507,5.059701492537314,0.9850746268656716,77.2,1.9701492537313436,27.27,3.7164179104477615,1.2537313432835822,24/09/2001 00:00,Haiti,Attack,right,178.0,https://img.a.transfermarkt.technology/portrait/header/763182-1661006947.jpg?lm=1,3500000
Keito Nakamura,Stade de Reims,2661,0.3071025930101466,0.1139797068771138,1.116121758737317,7.237880496054115,1.0146561443066515,77.9,1.2514092446448704,33.33,3.923337091319053,0.9808342728297632,28/07/2000 00:00,Japan,Attack,right,180.0,https://img.a.transfermarkt.technology/portrait/header/405397-1723837290.png?lm=1,8000000
Anthony Lopes,Nantes,1564,0.0,0.0011508951406649,0.0,0.5754475703324808,0.0,61.1,0.1150895140664961,83.33,6.502557544757034,0.057544757033248,01/10/1990 00:00,Portugal,Goalkeeper,left,184.0,https://img.a.transfermarkt.technology/portrait/header/60561-1640775949.jpg?lm=1,4000000
Florian Tardieu,Saint-Étienne,1253,0.0474062250598563,0.1228252194732641,0.2154828411811652,25.35514764565044,0.2154828411811652,87.1,2.6576217079010376,60.71,6.177174780526736,0.7182761372705506,22/04/1992 00:00,France,Midfield,right,181.0,https://img.a.transfermarkt.technology/portrait/header/212804-1727722208.jpg?lm=1,500000
Florent Hanin,Angers,2677,0.0326111318640268,0.0857302951064624,0.0336197235711617,8.06873365707882,0.3698169592827792,81.31,3.899887934254763,40.43,4.437803511393351,0.537915577138588,04/02/1990 00:00,France,Defender,left,177.0,https://img.a.transfermarkt.technology/portrait/header/111811-1750955915.png?lm=1,500000
Yann Gboho,Toulouse,2340,0.215,0.1580769230769231,1.0,9.653846153846152,1.9230769230769231,77.81,1.4230769230769231,15.15,4.115384615384615,0.6153846153846154,14/01/2001 00:00,France,Attack,right,178.0,https://img.a.transfermarkt.technology/portrait/header/463613-1672485001.jpg?lm=1,12000000
Cédric Kipré,Stade de Reims,2199,0.0261937244201909,0.0581173260572987,0.0409276944065484,4.7066848567530695,0.4092769440654843,89.56,3.028649386084584,61.76,2.987721691678036,0.9822646657571624,09/12/1996 00:00,Cote d'Ivoire,Defender,right,193.0,https://img.a.transfermarkt.technology/portrait/header/364827-1723832143.png?lm=1,2200000
Alban Lafont,Nantes,1080,0.0,0.0033333333333333,0.0,1.4166666666666667,0.0,65.16,0.0833333333333333,100.0,6.833333333333333,0.0,23/01/1999 00:00,Cote d'Ivoire,Goalkeeper,right,196.0,https://img.a.transfermarkt.technology/portrait/header/357117-1756042679.png?lm=1,3000000
Lassine Sinayoko,Auxerre,2306,0.2248048568950563,0.1342584562012142,0.7025151777970511,8.156981786643538,1.0928013876843017,79.15,1.795316565481353,29.79,2.966175195143105,1.4050303555941022,08/12/1999 00:00,Mali,Attack,right,186.0,https://img.a.transfermarkt.technology/portrait/header/569140-1635851830.jpg?lm=1,1200000
Facundo Medina,RC Lens,2546,0.0629222309505106,0.1208955223880597,0.1060487038491751,11.66535742340927,0.3534956794972506,88.65,2.6865671641791047,56.36,5.832678711704635,1.0251374705420266,28/05/1999 00:00,Argentina,Defender,left,184.0,https://img.a.transfermarkt.technology/portrait/header/474800-1653402999.jpg?lm=1,20000000
Mitchel Bakker,Lille,1138,0.2348857644991213,0.1818980667838312,0.7908611599297013,13.998242530755713,0.8699472759226714,82.66,2.768014059753954,23.08,3.637961335676626,1.4235500878734624,20/06/2000 00:00,Netherlands,Midfield,left,189.0,https://img.a.transfermarkt.technology/portrait/header/361065-1658913284.jpg?lm=1,4000000
Joshua King,Toulouse,1681,0.3555026769779892,0.0845925044616299,1.124330755502677,5.407495538370018,1.8738845925044616,72.43,0.91017251635931,40.43,3.212373587150506,1.8738845925044616,15/01/1992 00:00,Norway,Attack,right,180.0,https://img.a.transfermarkt.technology/portrait/header/91059-1696447644.png?lm=1,1500000
Amir Murillo,Olympique de Marseille,2436,0.0572660098522167,0.1064039408866995,0.1477832512315271,10.123152709359609,0.5172413793103449,89.7,2.4753694581280787,70.0,5.098522167487685,1.0714285714285714,11/02/1996 00:00,Panama,Defender,right,184.0,https://img.a.transfermarkt.technology/portrait/header/354482-1770806107.png?lm=1,10000000
Tanguy Ndombélé,Nice,1140,0.1855263157894737,0.106578947368421,0.2368421052631579,7.421052631578948,1.973684210526316,88.27,3.868421052631579,23.08,5.289473684210527,0.7894736842105263,28/12/1996 00:00,France,Midfield,right,181.0,https://img.a.transfermarkt.technology/portrait/header/450936-1756824689.jpg?lm=1,3000000
Jonathan Gradit,RC Lens,2115,0.0323404255319148,0.04,0.1702127659574468,7.48936170212766,0.1276595744680851,85.8,2.936170212765957,58.72,3.106382978723404,1.2340425531914894,24/11/1992 00:00,France,Defender,right,180.0,https://img.a.transfermarkt.technology/portrait/header/126557-1738580496.jpg?lm=1,4500000
Ainsley Maitland-Niles,Olympique Lyonnais,2013,0.1314456035767511,0.1435171385991058,0.3129657228017883,10.685543964232489,0.7600596125186289,87.0,4.292101341281669,51.72,3.979135618479881,0.7153502235469449,29/08/1997 00:00,England,Defender,right,180.0,https://img.a.transfermarkt.technology/portrait/header/285845-1702991138.jpg?lm=1,9000000
Osame Sahraoui,Lille,1292,0.1985294117647058,0.301625386996904,0.6269349845201239,18.11145510835913,2.438080495356037,85.23,1.393188854489164,0.0,4.040247678018575,0.5572755417956656,11/06/2001 00:00,Morocco,Attack,right,170.0,https://img.a.transfermarkt.technology/portrait/header/580657-1723713882.jpg?lm=1,10000000
Sofiane Diop,Nice,1066,0.5048780487804878,0.2338649155722326,0.9287054409005628,13.930581613508442,0.8442776735459662,81.02,3.3771106941838647,27.27,6.163227016885553,1.4352720450281424,09/06/2000 00:00,Morocco,Attack,right,175.0,https://img.a.transfermarkt.technology/portrait/header/569389-1756824417.jpg?lm=1,10000000
Issa Soumaré,Le Havre,1911,0.179905808477237,0.0885400313971742,0.8948194662480377,6.357927786499215,0.7535321821036106,65.94,1.9309262166405023,59.86,4.615384615384615,0.8006279434850863,10/10/2000 00:00,Senegal,Attack,right,184.0,https://img.a.transfermarkt.technology/portrait/header/568698-1669738231.jpg?lm=1,5000000
Pierre Ekwah,Saint-Étienne,2552,0.0260971786833855,0.0560736677115987,0.2115987460815047,10.015673981191224,0.670062695924765,88.41,3.6677115987460818,70.83,5.536833855799373,1.481191222570533,15/01/2002 00:00,France,Midfield,left,189.0,https://img.a.transfermarkt.technology/portrait/header/538994-1727722378.jpg?lm=1,500000
Florian Sotoca,RC Lens,1797,0.2328881469115192,0.1432387312186978,0.9015025041736228,14.774624373956597,0.8013355592654424,78.34,1.8030050083472453,61.97,3.956594323873122,0.7512520868113524,25/10/1990 00:00,France,Attack,right,187.0,https://img.a.transfermarkt.technology/portrait/header/354726-1701294869.jpg?lm=1,1500000
Mory Gbane,Stade de Reims,1125,0.0136,0.0616,0.16,5.04,0.4,85.32,3.04,62.5,3.92,0.96,25/12/2000 00:00,Cote d'Ivoire,Midfield,right,188.0,https://img.a.transfermarkt.technology/portrait/header/717585-1710239409.png?lm=1,4000000
Mathias Pereira Lage,Stade Brestois,1596,0.1906015037593984,0.1855263157894736,0.8458646616541353,5.75187969924812,0.5639097744360902,73.11,3.214285714285714,48.78,4.342105263157895,1.6917293233082706,30/11/1996 00:00,Portugal,Attack,right,180.0,https://img.a.transfermarkt.technology/portrait/header/424072-1755031981.jpg?lm=1,3500000
Félix Lemaréchal,RC Strasbourg,1788,0.1545302013422818,0.1011744966442952,0.5033557046979865,7.651006711409396,1.2080536912751678,81.71,2.466442953020134,35.9,3.120805369127517,1.5100671140939597,07/08/2003 00:00,France,Midfield,right,180.0,https://img.a.transfermarkt.technology/portrait/header/659518-1732576183.png?lm=1,10000000
Aïssa Mandi,Lille,1736,0.017626728110599,0.0648041474654377,0.1036866359447004,8.398617511520738,0.1555299539170507,89.53,2.3847926267281108,39.47,3.4735023041474657,0.3629032258064516,22/10/1991 00:00,Algeria,Defender,right,186.0,https://img.a.transfermarkt.technology/portrait/header/80293-1780325909.jpg?lm=1,1800000
Georges Mikautadze,Olympique Lyonnais,1445,0.4434602076124567,0.232318339100346,1.6193771626297575,8.906574394463666,1.0588235294117645,78.59,0.6851211072664359,27.27,2.740484429065744,0.4359861591695501,31/10/2000 00:00,Georgia,Attack,right,176.0,https://img.a.transfermarkt.technology/portrait/header/729814-1719222514.jpg?lm=1,28000000
Irvin Cardona,Saint-Étienne,1046,0.3174952198852772,0.1479923518164436,1.032504780114723,11.271510516252391,0.6883365200764818,72.16,0.8604206500956023,47.62,2.4091778202676863,1.032504780114723,08/08/1997 00:00,Malta,Attack,right,185.0,https://img.a.transfermarkt.technology/portrait/header/342226-1723534120.jpg?lm=1,2500000
Jordan Lefort,Angers,3060,0.0164705882352941,0.0349999999999999,0.0294117647058823,3.764705882352941,0.2352941176470588,83.51,2.4705882352941178,58.57,3.235294117647059,0.4117647058823529,09/08/1993 00:00,Mauritania,Defender,left,184.0,https://img.a.transfermarkt.technology/portrait/header/192492-1750956054.png?lm=1,900000
Djibril Sidibé,Toulouse,2117,0.0174303259329239,0.1504959848842701,0.0425129900803023,7.8223901747756255,0.4676428908833254,81.22,3.613604156825697,63.33,4.2087860179499295,0.8502598016060463,29/07/1992 00:00,France,Defender,right,183.0,https://img.a.transfermarkt.technology/portrait/header/161869-1604261378.jpg?lm=1,1500000
Philipp Köhn,AS Monaco,1710,0.0,0.0005263157894736,0.0,0.1578947368421052,0.0,72.27,0.0,100.0,7.315789473684211,0.0,02/04/1998 00:00,Switzerland,Goalkeeper,right,190.0,https://img.a.transfermarkt.technology/portrait/header/251322-1661531623.png?lm=1,4000000
Emmanuel Emegha,RC Strasbourg,2302,0.6482189400521284,0.0273675065160729,1.3683753258036488,2.8540399652476105,0.2736750651607297,80.71,0.2736750651607297,39.71,2.3457862728062557,1.4074717636837533,03/02/2003 00:00,Netherlands,Attack,right,196.0,https://img.a.transfermarkt.technology/portrait/header/559328-1732575392.png?lm=1,28000000
Leo Østigård,Stade Rennais,1228,0.0483713355048859,0.014657980456026,0.1465798045602606,3.444625407166124,0.0732899022801303,84.8,2.5651465798045603,68.57,3.737785016286645,1.3192182410423454,28/11/1999 00:00,Norway,Defender,right,183.0,https://img.a.transfermarkt.technology/portrait/header/367284-1708552959.jpg?lm=1,10000000
Anass Zaroury,RC Lens,1425,0.1054736842105263,0.2096842105263157,0.7578947368421053,10.23157894736842,1.0736842105263158,76.82,1.831578947368421,28.57,3.726315789473684,0.8210526315789474,07/11/2000 00:00,Morocco,Attack,right,176.0,https://img.a.transfermarkt.technology/portrait/header/491296-1756043546.png?lm=1,8000000
Benjamin Lecomte,Montpellier,2673,0.0,0.003030303030303,0.0,1.3468013468013469,0.0,64.07,0.0,100.0,7.104377104377105,0.0,26/04/1991 00:00,France,Goalkeeper,left,186.0,https://img.a.transfermarkt.technology/portrait/header/127181-1779952065.jpg?lm=1,3500000
Arnaud Nordin,Montpellier,1171,0.1936806148590948,0.0883859948761742,0.9991460290350128,6.45602049530316,1.7677198975234842,75.87,2.2288642186165672,40.63,3.612297181895816,0.9991460290350128,17/06/1998 00:00,France,Attack,both,170.0,https://img.a.transfermarkt.technology/portrait/header/324811-1752587724.jpg?lm=1,4000000
Chuba Akpom,Lille,637,0.4846153846153846,0.0593406593406593,1.554160125588697,3.673469387755102,0.565149136577708,68.04,1.130298273155416,60.71,1.554160125588697,1.554160125588697,09/10/1995 00:00,England,Attack,right,183.0,https://img.a.transfermarkt.technology/portrait/header/197642-1678463529.jpg?lm=1,6000000
Habib Diarra,RC Strasbourg,2356,0.0679966044142614,0.1631154499151103,0.4584040747028862,7.601867572156197,0.4966044142614601,86.51,1.337011884550085,42.86,3.4380305602716468,0.9932088285229204,03/01/2004 00:00,Senegal,Midfield,right,178.0,https://img.a.transfermarkt.technology/portrait/header/876631-1765811931.jpg?lm=1,32000000
Clinton Mata,Olympique Lyonnais,2370,0.0091139240506329,0.0839240506329113,0.0,5.810126582278481,0.5316455696202532,90.1,3.3037974683544307,55.26,4.89873417721519,1.0253164556962029,07/11/1992 00:00,Angola,Defender,right,180.0,https://img.a.transfermarkt.technology/portrait/header/187718-1616529648.jpg?lm=1,4000000
Leonardo Balerdi,Olympique de Marseille,2276,0.0359841827768014,0.0320298769771529,0.0790861159929701,7.1572934973637965,0.8699472759226714,93.98,3.637961335676626,63.49,6.366432337434095,1.1072056239015815,26/01/1999 00:00,Argentina,Defender,right,187.0,https://img.a.transfermarkt.technology/portrait/header/575998-1640777749.jpg?lm=1,20000000
Gianluigi Donnarumma,Paris Saint-Germain,2092,0.0,0.0004302103250478,0.0,0.1290630975143403,0.0,85.42,0.0430210325047801,100.0,6.625239005736138,0.0,25/02/1999 00:00,Italy,Goalkeeper,right,196.0,https://img.a.transfermarkt.technology/portrait/header/315858-1761076746.jpg?lm=1,45000000
Matthis Abline,Nantes,2782,0.2368080517613227,0.1090222861250898,0.8734723220704529,4.205607476635514,1.1322789360172538,68.51,0.4852624011502516,45.71,2.6851186196980588,1.0999281092739035,28/03/2003 00:00,France,Attack,right,182.0,https://img.a.transfermarkt.technology/portrait/header/659543-1704213657.jpg?lm=1,20000000
Louis Leroux,Nantes,822,0.1653284671532846,0.0733576642335766,0.5474452554744526,6.131386861313869,0.8759124087591241,83.63,3.613138686131387,54.55,4.708029197080292,1.094890510948905,23/01/2006 00:00,France,Midfield,left,184.0,https://img.a.transfermarkt.technology/portrait/header/1119456-1740392399.jpg?lm=1,0
Quentin Merlin,Olympique de Marseille,1602,0.1157303370786516,0.1365168539325842,0.5617977528089887,14.044943820224718,0.2247191011235955,86.93,2.02247191011236,31.82,3.8764044943820224,0.6179775280898876,16/05/2002 00:00,France,Defender,left,174.0,https://img.a.transfermarkt.technology/portrait/header/557613-1704213356.jpg?lm=1,12000000
Kamory Doumbia,Stade Brestois,1328,0.1917921686746987,0.1199548192771084,0.677710843373494,10.03012048192771,1.2876506024096386,85.63,4.676204819277108,31.25,5.896084337349397,1.1521084337349397,18/02/2003 00:00,Mali,Midfield,right,170.0,https://img.a.transfermarkt.technology/portrait/header/671594-1639672362.png?lm=1,5000000
Mohamed-Ali Cho,Nice,1635,0.2168807339449541,0.1921100917431192,0.8256880733944953,7.486238532110091,1.1009174311926604,77.1,0.9908256880733944,33.33,3.798165137614679,0.6605504587155963,19/01/2004 00:00,France,Attack,left,182.0,https://img.a.transfermarkt.technology/portrait/header/670847-1756824395.jpg?lm=1,12000000
Moussa Niakhaté,Olympique Lyonnais,2725,0.0039633027522935,0.0350091743119266,0.0330275229357798,3.9633027522935778,0.0990825688073394,91.08,2.377981651376147,64.18,3.930275229357798,1.1229357798165138,08/03/1996 00:00,Senegal,Defender,left,190.0,https://img.a.transfermarkt.technology/portrait/header/291200-1780384737.jpg?lm=1,16000000
,Olympique Lyonnais,1590,0.12,0.050943396226415,0.0566037735849056,3.339622641509434,0.0566037735849056,91.12,2.094339622641509,74.55,3.679245283018868,1.5283018867924527,,,,,,,0
Jérémie Boga,Nice,1064,0.20046992481203,0.2672932330827067,1.43796992481203,11.25,2.1146616541353382,85.48,1.099624060150376,42.86,3.721804511278195,0.0845864661654135,03/01/1997 00:00,Cote d'Ivoire,Attack,right,172.0,https://img.a.transfermarkt.technology/portrait/header/216569-1756824408.jpg?lm=1,8000000
Massadio Haïdara,Stade Brestois,1680,0.0155357142857142,0.045,0.0535714285714285,8.142857142857142,0.8035714285714285,80.85,2.839285714285714,68.42,2.892857142857143,1.0714285714285714,02/12/1992 00:00,Mali,Defender,left,179.0,https://img.a.transfermarkt.technology/portrait/header/170929-1760088165.png?lm=1,900000
Kévin Danois,Auxerre,1466,0.0920873124147339,0.1246248294679399,0.1841746248294679,11.173260572987722,1.2892223738062756,82.93,4.2360163710777625,42.42,6.261937244201911,1.3506139154160983,28/06/2004 00:00,France,Midfield,right,183.0,https://img.a.transfermarkt.technology/portrait/header/743496-1672330479.jpg?lm=1,100000
Mickaël Nadé,Saint-Étienne,2278,0.0205443371378402,0.0209394205443371,0.0790166812993854,3.753292361720808,0.1580333625987708,89.86,3.63476733977173,73.81,4.543459174714662,0.7506584723441616,04/03/1999 00:00,France,Defender,left,193.0,https://img.a.transfermarkt.technology/portrait/header/494586-1727722979.jpg?lm=1,2000000
Tom Louchet,Nice,780,0.0911538461538461,0.15,0.4615384615384615,10.961538461538462,0.4615384615384615,87.33,5.1923076923076925,78.57,4.153846153846154,0.9230769230769232,04/05/2003 00:00,France,Midfield,both,178.0,https://img.a.transfermarkt.technology/portrait/header/750904-1756824707.jpg?lm=1,5000000
Jordan James,Stade Rennais,1193,0.0648784576697401,0.1267393126571667,0.2263202011735121,10.486169321039396,0.6789606035205364,87.71,3.3193629505448445,58.82,4.073763621123218,1.961441743503772,02/07/2004 00:00,Wales,Midfield,right,182.0,https://img.a.transfermarkt.technology/portrait/header/667517-1675157129.png?lm=1,8000000
Abdoulaye Ndiaye,Stade Brestois,1712,0.0483644859813084,0.0115654205607476,0.1051401869158878,2.4707943925233646,0.1051401869158878,86.72,3.154205607476636,55.95,3.7850467289719623,1.0514018691588785,10/04/2002 00:00,Senegal,Defender,left,195.0,https://img.a.transfermarkt.technology/portrait/header/673514-1767803264.jpg?lm=1,3000000
Haris Belkebla,Angers,1795,0.0045125348189415,0.0160445682451253,0.0,6.56824512534819,0.4512534818941504,88.09,4.562674094707521,32.26,4.512534818941504,0.9025069637883008,28/01/1994 00:00,Algeria,Midfield,right,177.0,https://img.a.transfermarkt.technology/portrait/header/138055-1750956421.png?lm=1,2500000
Badredine Bouanani,Nice,1112,0.1553956834532374,0.1788669064748201,1.2140287769784173,11.088129496402876,1.1330935251798562,82.01,1.7805755395683454,11.11,3.5611510791366907,1.0521582733812949,08/12/2004 00:00,Algeria,Attack,left,177.0,https://img.a.transfermarkt.technology/portrait/header/707242-1756822874.jpg?lm=1,12000000
Romain Faivre,Stade Brestois,906,0.1788079470198675,0.1788079470198675,0.9933774834437088,11.225165562913908,1.6887417218543046,86.21,1.6887417218543046,41.18,4.172185430463577,0.5960264900662252,14/07/1998 00:00,France,Midfield,left,180.0,https://img.a.transfermarkt.technology/portrait/header/555076-1672831296.jpg?lm=1,15000000
,Olympique Lyonnais,1099,0.0466787989080982,0.189171974522293,0.2456778889899909,12.611464968152868,0.4913557779799818,86.07,2.7843494085532305,43.75,3.685168334849864,1.3102820746132848,,,,,,,0
Matvey Safonov,Paris Saint-Germain,878,0.0,0.0010250569476082,0.0,0.6150341685649202,0.0,77.27,0.10250569476082,0.0,7.1753986332574025,0.0,25/02/1999 00:00,Russia,Goalkeeper,right,192.0,https://img.a.transfermarkt.technology/portrait/header/318470-1732658603.jpg?lm=1,15000000
Mohamed Abdelmonem,Nice,855,0.0,0.02,0.0,7.157894736842105,0.1052631578947368,90.66,3.789473684210526,62.0,5.2631578947368425,0.9473684210526316,01/02/1999 00:00,Egypt,Defender,right,183.0,https://img.a.transfermarkt.technology/portrait/header/566025-1739971401.jpg?lm=1,3000000
Dante,Nice,1966,0.021057985757884,0.0233468972533062,0.091556459816887,6.042726347914547,0.2746693794506612,88.76,3.021363173957273,64.06,5.127161749745676,0.8697863682604272,18/10/1983 00:00,Brazil,Defender,left,188.0,https://img.a.transfermarkt.technology/portrait/header/16136-1756826930.jpg?lm=1,500000
Baptiste Santamaria,Nice,1421,0.0677691766361717,0.03926812104152,0.2533427163969036,8.550316678395495,0.5700211118930331,83.36,3.86347642505278,58.46,5.256861365235749,1.3300492610837438,09/03/1995 00:00,France,Midfield,right,183.0,https://img.a.transfermarkt.technology/portrait/header/285323-1739972064.jpg?lm=1,4500000
Lilian Brassier,Stade Rennais,2024,0.0778162055335968,0.0235671936758893,0.133399209486166,8.537549407114625,0.133399209486166,86.89,2.4011857707509883,73.85,4.313241106719368,0.7114624505928854,02/11/1999 00:00,France,Defender,left,186.0,https://img.a.transfermarkt.technology/portrait/header/485960-1736237346.jpg?lm=1,10000000
Gautier Lloris,Le Havre,2769,0.0380281690140845,0.0162513542795232,0.0650054171180931,3.607800650054172,0.1300108342361863,87.59,3.315276273022752,65.0,3.2502708559046587,1.007583965330444,18/07/1995 00:00,France,Defender,left,191.0,https://img.a.transfermarkt.technology/portrait/header/249636-1704795536.jpg?lm=1,3000000
Nemanja Matić,Olympique Lyonnais,2031,0.0031019202363367,0.0890694239290989,0.0443131462333825,13.95864106351551,0.3545051698670605,87.55,2.658788774002954,51.72,5.539143279172821,0.5760709010339734,01/08/1988 00:00,Serbia,Midfield,left,194.0,https://img.a.transfermarkt.technology/portrait/header/74683-1655212906.jpg?lm=1,3000000
Jhoanner Chávez,RC Lens,598,0.0451505016722408,0.1941471571906354,0.451505016722408,7.525083612040134,0.451505016722408,77.19,2.25752508361204,58.33,3.762541806020067,1.5050167224080266,25/04/2002 00:00,Ecuador,Defender,left,182.0,https://img.a.transfermarkt.technology/portrait/header/713787-1656676313.JPG?lm=1,3000000
Seko Fofana,Stade Rennais,844,0.1812796208530805,0.1034360189573459,0.6398104265402843,15.355450236966824,1.2796208530805686,91.16,1.919431279620853,70.0,4.478672985781991,0.9597156398104264,07/05/1995 00:00,Cote d'Ivoire,Midfield,right,185.0,https://img.a.transfermarkt.technology/portrait/header/182893-1653394911.jpg?lm=1,8000000
Sinaly Diomandé,Auxerre,1945,0.0620051413881748,0.0129562982005141,0.1850899742930591,3.886889460154242,0.3701799485861182,85.37,3.19280205655527,54.9,3.979434447300771,1.1105398457583548,09/04/2001 00:00,Cote d'Ivoire,Defender,right,184.0,https://img.a.transfermarkt.technology/portrait/header/702441-1672831343.jpg?lm=1,4000000
Saïd Benrahma,Olympique Lyonnais,737,0.2405698778833107,0.3333785617367707,0.4884667571234736,13.67706919945726,0.9769335142469472,79.29,1.4654002713704208,0.0,3.9077340569877888,0.7327001356852104,10/08/1995 00:00,Algeria,Attack,right,172.0,https://img.a.transfermarkt.technology/portrait/header/290532-1686212081.jpg?lm=1,9000000
Clément Akpa,Auxerre,2495,0.0079358717434869,0.0324649298597194,0.0360721442885771,4.2565130260521045,0.2885771543086172,84.14,3.498997995991984,55.71,4.18436873747495,0.5410821643286573,24/11/2001 00:00,Cote d'Ivoire,Defender,left,181.0,https://img.a.transfermarkt.technology/portrait/header/806793-1709202392.jpg?lm=1,8000000
Senny Mayulu,Paris Saint-Germain,813,0.3154981549815498,0.2247232472324723,0.8856088560885609,16.162361623616235,1.6605166051660516,90.14,3.321033210332103,16.67,3.5424354243542435,2.2140221402214024,17/05/2006 00:00,France,Midfield,both,183.0,https://img.a.transfermarkt.technology/portrait/header/903693-1716562599.jpg?lm=1,40000000
Yaya Fofana,Stade de Reims,638,0.0860501567398119,0.136833855799373,0.5642633228840126,5.501567398119122,1.974921630094044,76.99,2.8213166144200628,28.57,4.655172413793104,2.2570532915360504,12/06/2004 00:00,Cote d'Ivoire,Midfield,right,180.0,https://img.a.transfermarkt.technology/portrait/header/1044893-1723838377.png?lm=1,150000
Ernest Nuamah,Olympique Lyonnais,1065,0.1850704225352112,0.1115492957746478,1.0985915492957743,11.661971830985914,1.8591549295774648,83.94,2.4507042253521125,48.15,5.070422535211267,1.5211267605633805,01/11/2003 00:00,Ghana,Attack,left,178.0,https://img.a.transfermarkt.technology/portrait/header/955070-1702991257.jpg?lm=1,12000000
Estéban Lepaul,Angers,1638,0.2873626373626374,0.0928571428571428,0.934065934065934,3.6813186813186816,0.3296703296703296,69.91,0.8241758241758242,42.68,2.4725274725274726,0.8791208791208791,18/04/2000 00:00,France,Attack,right,181.0,https://img.a.transfermarkt.technology/portrait/header/461607-1750956916.png?lm=1,0
Mamadou Sarr,RC Strasbourg,2368,0.0296452702702702,0.0117820945945945,0.0,2.7744932432432434,0.3800675675675676,93.86,2.356418918918919,50.0,3.7246621621621614,1.102195945945946,29/08/2005 00:00,Senegal,Defender,right,194.0,https://img.a.transfermarkt.technology/portrait/header/910905-1773787147.jpg?lm=1,25000000
Valentin Atangana,Stade de Reims,2865,0.0782198952879581,0.0223036649214659,0.1884816753926701,4.554973821989529,0.4397905759162304,87.79,3.329842931937173,58.33,3.675392670157068,1.7905759162303665,25/08/2005 00:00,France,Midfield,right,176.0,https://img.a.transfermarkt.technology/portrait/header/923759-1723836219.png?lm=1,1000000
Pedro Chirivella,Nantes,2362,0.018670618120237,0.0792548687552921,0.0762066045723962,11.392887383573244,0.1143099068585944,85.75,2.4005080440304827,38.46,4.419983065198984,0.9525825571549534,23/05/1997 00:00,Spain,Midfield,right,178.0,https://img.a.transfermarkt.technology/portrait/header/242273-1756043210.png?lm=1,5000000
Moïse Bombito,Nice,2195,0.035261958997722,0.0229612756264236,0.041002277904328,4.387243735763098,0.4920273348519362,90.34,2.2551252847380407,48.04,3.9772209567198176,1.1480637813211845,30/03/2000 00:00,Canada,Defender,right,190.0,https://img.a.transfermarkt.technology/portrait/header/1089202-1756826846.jpg?lm=1,8000000
Amine Harit,Olympique de Marseille,541,0.1364140480591497,0.2495378927911275,0.8317929759704251,13.142329020332715,1.3308687615526802,87.24,1.8299445471349356,14.29,3.992606284658041,0.99815157116451,18/06/1997 00:00,Morocco,Attack,right,180.0,https://img.a.transfermarkt.technology/portrait/header/372711-1759747205.jpg?lm=1,15000000
Jonathan Rowe,Olympique de Marseille,817,0.3877600979192167,0.2478580171358629,1.6523867809057529,10.79559363525092,2.2031823745410035,86.1,1.8727050183598533,36.36,2.313341493268054,1.5422276621787026,30/04/2003 00:00,England,Attack,right,173.0,https://img.a.transfermarkt.technology/portrait/header/672381-1750074903.jpg?lm=1,500000
Gideon Mensah,Auxerre,2284,0.0063047285464098,0.0685639229422066,0.0394045534150613,7.211033274956217,1.1427320490367776,83.08,4.6497373029772335,44.44,6.777583187390543,1.300350262697023,18/07/1998 00:00,Ghana,Defender,left,178.0,https://img.a.transfermarkt.technology/portrait/header/397171-1565700436.jpg?lm=1,3500000
Arthur Desmas,Le Havre,1620,0.0,0.0011111111111111,0.0,0.6666666666666666,0.0,75.5,0.0,100.0,6.611111111111111,0.0555555555555555,07/04/1994 00:00,France,Goalkeeper,right,196.0,https://img.a.transfermarkt.technology/portrait/header/379869-1625740346.jpg?lm=1,2500000
Sergio Akieme,Stade de Reims,2526,0.0527315914489311,0.0901425178147268,0.2494061757719715,5.095011876484561,0.4631828978622327,86.16,1.817102137767221,42.22,3.883610451306413,0.8907363420427553,16/12/1997 00:00,Spain,Defender,left,175.0,https://img.a.transfermarkt.technology/portrait/header/355627-1723835849.png?lm=1,7000000
Matias Fernandez-Pardo,Lille,1064,0.2393796992481203,0.1632518796992481,1.0150375939849623,7.951127819548872,1.6917293233082706,78.55,1.268796992481203,8.33,2.960526315789473,1.5225563909774436,03/02/2005 00:00,Belgium,Attack,right,188.0,https://img.a.transfermarkt.technology/portrait/header/724129-1780057362.jpg?lm=1,3000000
Ulisses Garcia,Olympique de Marseille,937,0.1459978655282817,0.1181430096051227,0.192102454642476,11.334044823906083,0.6723585912486659,88.1,2.113127001067236,73.91,4.610458911419424,0.768409818569904,11/01/1996 00:00,Switzerland,Defender,left,182.0,https://img.a.transfermarkt.technology/portrait/header/192616-1700236348.jpg?lm=1,3000000
Jean-Eudes Aholou,Angers,1978,0.0832659251769464,0.0332153690596562,0.3185035389282103,4.823053589484328,0.5460060667340748,84.74,4.049544994944388,62.9,4.550050556117291,2.2750252780586453,20/03/1994 00:00,Cote d'Ivoire,Midfield,left,186.0,https://img.a.transfermarkt.technology/portrait/header/178313-1757880528.jpeg?lm=1,800000
Angel Gomes,Lille,737,0.1135685210312076,0.1905020352781547,0.3663500678426052,12.455902306648577,0.6105834464043419,82.34,1.2211668928086838,50.0,2.442333785617368,0.4884667571234736,31/08/2000 00:00,England,Midfield,right,168.0,https://img.a.transfermarkt.technology/portrait/header/392770-1666690396.jpg?lm=1,18000000
Radoslaw Majecki,AS Monaco,1350,0.0,0.0013333333333333,0.0,0.2666666666666666,0.0,69.49,0.0,100.0,7.4,0.0,16/11/1999 00:00,Poland,Goalkeeper,right,193.0,https://img.a.transfermarkt.technology/portrait/header/346546-1672484869.jpg?lm=1,4000000
Mahamadou Nagida,Stade Rennais,456,0.2980263157894737,0.0552631578947368,0.5921052631578948,7.894736842105264,0.986842105263158,86.31,3.355263157894737,29.41,7.302631578947369,0.986842105263158,28/06/2005 00:00,Cameroon,Defender,left,176.0,https://img.a.transfermarkt.technology/portrait/header/1176345-1702911497.jpg?lm=1,1500000
Angelo Fulgini,RC Lens,1059,0.2031161473087818,0.3220963172804532,0.7648725212464589,16.40226628895184,0.9348441926345608,81.79,1.3597733711048157,37.5,4.419263456090651,1.3597733711048157,20/08/1996 00:00,New Caledonia,Midfield,right,183.0,https://img.a.transfermarkt.technology/portrait/header/250013-1657707374.jpg?lm=1,5000000
Deiver Machado,RC Lens,1805,0.1166759002770082,0.1431024930747922,0.2493074792243767,8.02770083102493,1.146814404432133,86.88,2.5927977839335177,50.0,4.437673130193906,1.3961218836565097,02/09/1993 00:00,Colombia,Defender,left,180.0,https://img.a.transfermarkt.technology/portrait/header/332560-1704797088.jpg?lm=1,4000000
Akor Adams,Montpellier,1079,0.35032437442076,0.0125115848007414,1.000926784059314,2.5857275254865617,0.5838739573679332,65.12,0.4170528266913809,50.91,2.001853568118628,1.417979610750695,29/01/2000 00:00,Nigeria,Attack,right,190.0,https://img.a.transfermarkt.technology/portrait/header/607034-1767008026.jpg?lm=1,10000000
Gabriel Osho,Auxerre,1657,0.0532287266143633,0.0092335546167773,0.1629450814725407,3.747736873868437,0.2172601086300543,89.53,1.9010259505129752,64.52,2.8243814121907063,0.5974652987326493,14/08/1998 00:00,Nigeria,Defender,right,185.0,https://img.a.transfermarkt.technology/portrait/header/364409-1684493913.jpg?lm=1,3000000
Hiroki Sekine,Stade de Reims,884,0.013235294117647,0.0488687782805429,0.0,7.941176470588235,0.6108597285067873,83.29,1.425339366515837,52.17,2.138009049773756,0.4072398190045249,11/08/2002 00:00,Japan,Defender,right,187.0,https://img.a.transfermarkt.technology/portrait/header/1137808-1723238645.jpg?lm=1,0
Ismaël Koné,Stade Rennais,829,0.0477683956574185,0.1617611580217129,0.4342581423401689,9.553679131483715,0.8685162846803378,86.39,2.714113389626056,44.44,3.5826296743063937,1.3027744270205068,16/06/2002 00:00,Canada,Midfield,right,188.0,https://img.a.transfermarkt.technology/portrait/header/921655-1757604633.jpg?lm=1,14000000
Derek Cornelius,Olympique de Marseille,1423,0.0562895291637385,0.0252986647926914,0.0632466619817287,8.664792691496837,0.0,93.76,2.403373155305692,66.67,4.237526352775825,1.5811665495432186,25/11/1997 00:00,Canada,Defender,left,187.0,https://img.a.transfermarkt.technology/portrait/header/328609-1618857970.jpg?lm=1,4000000
Tanner Tessmann,Olympique Lyonnais,1261,0.0678033306899286,0.0570975416336241,0.7137192704203014,10.206185567010309,0.7137192704203014,90.63,3.140364789849326,17.39,4.4964314036478985,0.999206978588422,24/09/2001 00:00,United States,Midfield,right,188.0,https://img.a.transfermarkt.technology/portrait/header/670096-1722196121.jpg?lm=1,12000000
Léo Pétrot,Saint-Étienne,2617,0.0192586931601069,0.0522735957202904,0.1031715705005731,7.8066488345433696,0.2407336645013374,81.12,3.748567061520825,53.49,4.023691249522353,0.7565915170042032,15/04/1997 00:00,France,Defender,left,188.0,https://img.a.transfermarkt.technology/portrait/header/412829-1727723239.jpg?lm=1,1500000
Johann Lepenant,Nantes,2064,0.0610465116279069,0.0763081395348837,0.2180232558139535,7.325581395348837,0.7848837209302325,81.71,3.75,55.0,3.880813953488372,2.2238372093023258,22/10/2002 00:00,France,Midfield,right,176.0,https://img.a.transfermarkt.technology/portrait/header/585973-1672830993.jpg?lm=1,7000000
Lorenz Assignon,Stade Rennais,2362,0.0838272650296359,0.1409822184589331,0.1905165114309907,10.745131244707874,1.066892464013548,81.44,2.819644369178662,63.33,4.191363251481795,1.9813717188823032,22/06/2000 00:00,France,Defender,right,181.0,https://img.a.transfermarkt.technology/portrait/header/711969-1753307527.jpg?lm=1,12000000
Nicolas Pallois,Nantes,2020,0.0187128712871287,0.0178217821782178,0.0445544554455445,3.1633663366336635,0.1336633663366336,83.95,3.9653465346534658,55.56,4.2772277227722775,0.9801980198019804,19/09/1987 00:00,France,Defender,left,189.0,https://img.a.transfermarkt.technology/portrait/header/139279-1704213256.jpg?lm=1,300000
Nikola Maksimović,Montpellier,583,0.0030874785591766,0.0108061749571183,0.0,2.9331046312178386,0.3087478559176672,93.18,2.3156089193825045,38.1,2.1612349914236706,0.4631217838765008,25/11/1991 00:00,Serbia,Defender,right,193.0,https://img.a.transfermarkt.technology/portrait/header/124715-1696432924.png?lm=1,450000
Jordan Teze,AS Monaco,586,0.1858361774744027,0.3133105802047781,0.3071672354948805,9.829351535836178,0.7679180887372014,83.28,3.686006825938567,46.67,4.453924914675768,1.5358361774744027,30/09/1999 00:00,Netherlands,Defender,right,183.0,https://img.a.transfermarkt.technology/portrait/header/364245-1707214531.jpg?lm=1,12000000
Malang Sarr,RC Lens,1389,0.0174946004319654,0.0421166306695464,0.0647948164146868,6.220302375809935,0.1295896328293736,89.56,2.786177105831533,76.0,4.470842332613391,0.8423326133909287,23/01/1999 00:00,France,Defender,left,183.0,https://img.a.transfermarkt.technology/portrait/header/344596-1606395203.png?lm=1,10000000
Farid El Melali,Angers,1901,0.1661756970015781,0.141083640189374,0.6628090478695423,7.196212519726459,2.4618621778011573,77.9,2.083114150447133,22.22,4.734350341925302,0.9942135718043136,13/07/1997 00:00,Algeria,Attack,both,168.0,https://img.a.transfermarkt.technology/portrait/header/425400-1765217100.jpg?lm=1,800000
Lucas Hernández,Paris Saint-Germain,875,0.0041142857142857,0.0185142857142857,0.0,8.331428571428573,0.2057142857142857,92.11,3.1885714285714286,65.0,4.628571428571429,0.9257142857142858,14/02/1996 00:00,France,Defender,left,184.0,https://img.a.transfermarkt.technology/portrait/header/281963-1667830435.jpg?lm=1,20000000
Mark McKenzie,Toulouse,2497,0.050100120144173,0.0086503804565478,0.0720865038045654,4.721665999199039,0.1441730076091309,87.63,2.6672006407689226,56.41,4.613536243492191,1.0812975570684822,25/02/1999 00:00,United States,Defender,right,184.0,https://img.a.transfermarkt.technology/portrait/header/429259-1714036622.png?lm=1,6000000
Gabriel Gudmundsson,Lille,1806,0.0363787375415282,0.098172757475083,0.2491694352159468,9.56810631229236,0.9966777408637874,85.28,2.6411960132890364,57.14,4.136212624584718,1.495016611295681,29/04/1999 00:00,Sweden,Defender,left,180.0,https://img.a.transfermarkt.technology/portrait/header/362108-1666691160.jpg?lm=1,15000000
Christopher Wooh,Stade Rennais,1458,0.0808641975308642,0.0160493827160493,0.2469135802469136,4.074074074074074,0.4320987654320988,87.38,3.641975308641976,67.74,3.2716049382716053,2.037037037037037,18/09/2001 00:00,Cameroon,Defender,right,191.0,https://img.a.transfermarkt.technology/portrait/header/572326-1757070323.png?lm=1,5000000
Mousa Tamari,Stade Rennais,1693,0.2631423508564678,0.1313053750738334,0.7442409923213231,6.804489072652097,1.5948021264028354,81.59,1.2226816302421737,36.67,3.5085646780862376,0.5847607796810396,10/06/1997 00:00,Jordan,Attack,left,178.0,https://img.a.transfermarkt.technology/portrait/header/551505-1702663087.JPG?lm=1,6000000
Soungoutou Magassa,AS Monaco,1054,0.0409867172675521,0.0563567362428842,0.2561669829222011,8.624288425047439,1.2808349146110058,85.81,5.806451612903226,38.24,7.685009487666035,2.390891840607211,08/10/2003 00:00,France,Midfield,right,190.0,https://img.a.transfermarkt.technology/portrait/header/745181-1766482964.jpg?lm=1,17000000
Rayan Raveloson,Auxerre,734,0.1005449591280654,0.0343324250681199,0.6130790190735695,5.64032697547684,0.8583106267029973,88.45,1.348773841961853,47.06,5.395095367847412,1.103542234332425,16/01/1997 00:00,Madagascar,Midfield,right,182.0,https://img.a.transfermarkt.technology/portrait/header/344576-1646079954.JPG?lm=1,1800000
Kelvin Amian,Nantes,2169,0.0402489626556016,0.0734439834024896,0.1659751037344398,6.016597510373444,0.5394190871369294,81.81,2.821576763485477,50.0,2.240663900414938,0.954356846473029,08/02/1998 00:00,France,Defender,right,180.0,https://img.a.transfermarkt.technology/portrait/header/344072-1638174640.jpg?lm=1,2500000
Zakaria Aboukhlal,Toulouse,1907,0.4091767173571053,0.0948610382800209,1.3686418458311482,4.813843733613004,0.7551127425275301,68.95,1.3214472994231776,36.51,2.8788673308862087,1.651809124278972,18/02/2000 00:00,Morocco,Attack,both,179.0,https://img.a.transfermarkt.technology/portrait/header/393238-1753798031.jpg?lm=1,9000000
Breel Embolo,AS Monaco,1844,0.5222342733188721,0.1771691973969631,0.9273318872017354,5.563991323210413,0.683297180043384,71.02,1.2201735357917571,50.82,2.8308026030368767,1.3177874186550975,14/02/1997 00:00,Switzerland,Attack,right,187.0,https://img.a.transfermarkt.technology/portrait/header/237662-1779793638.jpg?lm=1,12000000
Mostafa Mohamed,Nantes,1245,0.3983132530120482,0.0267469879518072,1.1566265060240963,4.409638554216867,0.8674698795180723,66.53,2.0240963855421685,52.78,3.614457831325301,2.3132530120481927,28/11/1997 00:00,Egypt,Attack,right,185.0,https://img.a.transfermarkt.technology/portrait/header/462348-1703065403.jpg?lm=1,4000000
Goduine Koyalipou,RC Lens,891,0.5131313131313131,0.0696969696969696,1.5151515151515151,4.545454545454545,1.2121212121212122,70.59,0.404040404040404,41.46,1.5151515151515151,0.7070707070707071,15/02/2000 00:00,Central African Republic,Attack,right,184.0,https://img.a.transfermarkt.technology/portrait/header/525140-1714738152.png?lm=1,2500000
Rémy Labeau Lascary,RC Lens,635,0.3628346456692913,0.0864566929133858,0.7086614173228347,7.511811023622047,1.7007874015748032,78.95,2.409448818897638,46.15,2.9763779527559056,3.25984251968504,03/03/2003 00:00,France,Attack,right,184.0,https://img.a.transfermarkt.technology/portrait/header/917778-1676913774.jpg?lm=1,1800000
Jordan Veretout,Olympique Lyonnais,1571,0.1059834500318268,0.0521323997453851,0.5155951623169955,11.801400381922342,0.2864417568427753,85.73,2.0050922978994272,48.28,5.041374920432845,1.3176320814767664,01/03/1993 00:00,France,Midfield,right,177.0,https://img.a.transfermarkt.technology/portrait/header/164771-1762258648.jpg?lm=1,3500000
Ismaël Doukouré,RC Strasbourg,2645,0.0193950850661625,0.0163327032136105,0.0340264650283553,4.6275992438563325,0.44234404536862,89.23,2.2117202268431,60.87,3.504725897920605,1.0207939508506616,24/07/2003 00:00,France,Defender,right,183.0,https://img.a.transfermarkt.technology/portrait/header/786436-1732576094.png?lm=1,18000000
Benjamin Bouchouari,Saint-Étienne,1783,0.0343241727425687,0.0721817162086371,0.1514301738642737,18.02019068984857,1.4638250140213125,87.09,2.574312955692653,25.93,6.208637128435222,0.7571508693213685,13/11/2001 00:00,Morocco,Midfield,right,165.0,https://img.a.transfermarkt.technology/portrait/header/783094-1769002275.png?lm=1,0
Rafik Messali,Toulouse,457,0.0531728665207877,0.1989059080962801,0.0,8.468271334792123,0.7877461706783371,75.4,4.923413566739606,63.64,5.514223194748359,1.7724288840262583,28/04/2003 00:00,Algeria,Defender,right,177.0,https://img.a.transfermarkt.technology/portrait/header/883865-1741897311.jpg?lm=1,800000
Glen Kamara,Stade Rennais,660,0.0231818181818181,0.0981818181818181,0.0,12.40909090909091,0.5454545454545455,90.71,4.090909090909091,25.0,5.727272727272728,0.9545454545454546,28/10/1995 00:00,Finland,Midfield,right,178.0,https://img.a.transfermarkt.technology/portrait/header/242632-1663177745.jpg?lm=1,2500000
Jean-Charles Castelletto,Nantes,2622,0.0665903890160183,0.0123569794050343,0.205949656750572,4.08466819221968,0.102974828375286,89.18,2.025171624713959,65.43,3.1235697940503435,1.1670480549199085,26/01/1995 00:00,Cameroon,Defender,both,186.0,https://img.a.transfermarkt.technology/portrait/header/182875-1704213298.jpg?lm=1,3200000
Amadou Koné,Stade de Reims,1320,0.0375,0.0334090909090909,0.2727272727272727,6.272727272727273,1.0227272727272727,86.41,4.636363636363637,50.0,5.386363636363637,1.2954545454545454,14/05/2005 00:00,Cote d'Ivoire,Midfield,left,178.0,https://img.a.transfermarkt.technology/portrait/header/1178474-1723820351.png?lm=1,500000
Hans Hateboer,Stade Rennais,1680,0.0230357142857142,0.0760714285714285,0.0,8.839285714285714,0.3214285714285714,87.92,3.214285714285714,63.64,3.321428571428571,1.0714285714285714,09/01/1994 00:00,Netherlands,Defender,right,187.0,https://img.a.transfermarkt.technology/portrait/header/275303-1661509184.jpg?lm=1,2000000
Luck Zogbé,Stade Brestois,644,0.0391304347826087,0.0195652173913043,0.139751552795031,4.332298136645963,0.5590062111801242,83.53,6.428571428571428,75.0,7.127329192546584,1.2577639751552794,24/03/2005 00:00,Cote d'Ivoire,Defender,right,178.0,https://img.a.transfermarkt.technology/portrait/header/1144999-1725882803.jpg?lm=1,100000
Pablo Rosario,Nice,1794,0.15,0.0431438127090301,0.4013377926421405,6.923076923076923,0.451505016722408,85.33,3.060200668896321,59.52,3.0100334448160533,1.2040133779264215,07/01/1997 00:00,Dominican Republic,Midfield,right,188.0,https://img.a.transfermarkt.technology/portrait/header/370791-1773342182.jpg?lm=1,8000000
Mamadou Diakhon,Stade de Reims,867,0.1058823529411764,0.0591695501730103,0.8304498269896194,7.370242214532872,2.595155709342561,86.7,1.6608996539792389,7.14,3.944636678200692,0.5190311418685122,22/09/2005 00:00,Senegal,Attack,right,180.0,https://img.a.transfermarkt.technology/portrait/header/1054839-1723837204.png?lm=1,5000000
Zinedine Ferhat,Angers,844,0.1450236966824644,0.222867298578199,0.533175355450237,10.876777251184834,1.066350710900474,75.54,2.0260663507109005,44.74,5.011848341232227,1.1729857819905212,01/03/1993 00:00,Algeria,Attack,right,180.0,https://img.a.transfermarkt.technology/portrait/header/232895-1750956943.png?lm=1,2300000
Ngal'ayel Mukau,Lille,1218,0.0561576354679803,0.0502463054187192,0.1477832512315271,10.935960591133004,0.6650246305418719,89.92,3.5467980295566504,50.0,4.655172413793103,1.4039408866995071,03/11/2004 00:00,DR Congo,Midfield,left,186.0,https://img.a.transfermarkt.technology/portrait/header/1016015-1741120243.jpg?lm=1,12000000
André Gomes,Lille,1288,0.0377329192546583,0.1208850931677018,0.2096273291925465,15.3027950310559,0.6987577639751552,90.39,2.3059006211180124,56.25,6.428571428571428,1.6770186335403725,30/07/1993 00:00,Portugal,Midfield,right,190.0,https://img.a.transfermarkt.technology/portrait/header/221025-1774688269.jpg?lm=1,4500000
Louis Mouton,Saint-Étienne,1042,0.1252399232245681,0.110556621880998,0.2591170825335893,11.314779270633398,1.0364683301343571,82.79,5.095969289827256,31.25,5.441458733205375,2.0729366602687143,03/06/2002 00:00,France,Midfield,right,180.0,https://img.a.transfermarkt.technology/portrait/header/904662-1727722197.jpg?lm=1,500000
Wesley Saïd,RC Lens,919,0.3114254624591948,0.0940152339499456,0.6855277475516867,7.3449401523395,0.88139281828074,80.59,1.76278563656148,37.04,1.6648531011969534,2.1545157780195865,19/04/1995 00:00,France,Attack,right,171.0,https://img.a.transfermarkt.technology/portrait/header/182916-1593971458.jpg?lm=1,4000000
Nampalys Mendy,RC Lens,599,0.0315525876460767,0.0330550918196995,0.0,9.766277128547578,0.1502504173622704,89.93,3.6060100166944906,50.0,4.507512520868113,1.6527545909849748,23/06/1992 00:00,Senegal,Midfield,right,168.0,https://img.a.transfermarkt.technology/portrait/header/111051-1756666510.jpg?lm=1,3000000
Abdallah Sima,Stade Brestois,1243,0.4221238938053097,0.0615446500402252,1.3032984714400644,5.864843121480289,0.4344328238133547,72.2,1.158487530168946,48.24,4.416733708769107,1.158487530168946,17/06/2001 00:00,Senegal,Attack,right,188.0,https://img.a.transfermarkt.technology/portrait/header/776798-1672669896.jpg?lm=1,4000000
Yoann Salmier,Le Havre,801,0.0910112359550561,0.0247191011235955,0.3370786516853932,3.7078651685393256,0.449438202247191,81.35,2.696629213483146,62.5,2.4719101123595504,0.898876404494382,21/11/1992 00:00,French Guiana,Defender,right,188.0,https://img.a.transfermarkt.technology/portrait/header/351843-1764608514.jpg?lm=1,1500000
Ayyoub Bouaddi,Lille,1154,0.0093587521663778,0.0967071057192374,0.0779896013864818,8.890814558058924,1.0918544194107451,88.14,4.679376083188908,45.0,4.835355285961872,1.4038128249566724,02/10/2007 00:00,Morocco,Midfield,right,186.0,https://img.a.transfermarkt.technology/portrait/header/1097139-1741119960.jpg?lm=1,40000000
Albert Grønbæk,Stade Rennais,813,0.1682656826568265,0.0940959409594096,0.996309963099631,7.8597785977859775,1.2177121771217712,68.72,2.7675276752767526,26.67,2.656826568265682,1.1070110701107012,23/05/2001 00:00,Denmark,Midfield,right,181.0,https://img.a.transfermarkt.technology/portrait/header/503866-1729079861.jpg?lm=1,8000000
Ki-Jana Hoever,Auxerre,2139,0.0206171107994389,0.0727910238429172,0.2103786816269285,7.068723702664797,0.3786816269284712,73.27,3.02945301542777,55.81,3.8288920056100975,0.9256661991584854,18/01/2002 00:00,Netherlands,Defender,right,183.0,https://img.a.transfermarkt.technology/portrait/header/485583-1724259461.jpg?lm=1,5000000
Ibrahim Sissoko,Saint-Étienne,829,0.3712907117008444,0.0379975874547647,0.5428226779252111,4.125452352231605,0.3256936067551267,67.82,1.411338962605549,39.19,2.4969843184559712,4.0168878166465625,29/11/1991 00:00,Cote d'Ivoire,Midfield,left,174.0,https://img.a.transfermarkt.technology/portrait/header/157058-1604433166.png?lm=1,200000
Daler Kuzyaev,Le Havre,564,0.0319148936170212,0.1069148936170212,0.4787234042553192,7.180851063829787,0.3191489361702128,82.28,3.5106382978723403,63.64,4.308510638297872,1.2765957446808511,15/01/1993 00:00,Russia,Midfield,right,182.0,https://img.a.transfermarkt.technology/portrait/header/279570-1758737579.png?lm=1,8000000
Rabby Nzingoula,Montpellier,1695,0.0568141592920354,0.0690265486725663,0.3185840707964602,5.04424778761062,1.3805309734513276,78.8,5.097345132743363,46.34,5.415929203539823,1.9646017699115048,25/11/2005 00:00,France,Midfield,right,183.0,https://img.a.transfermarkt.technology/portrait/header/1068110-1771530826.jpg?lm=1,2000000
Sorba Thomas,Nantes,1331,0.1007513148009015,0.2008264462809917,0.067618332081142,6.42374154770849,0.608564988730278,76.07,1.555221637866266,29.17,4.462809917355371,0.8790383170548459,25/01/1999 00:00,Wales,Attack,right,185.0,https://img.a.transfermarkt.technology/portrait/header/475416-1668520548.jpg?lm=1,7000000
Maxence Caqueret,Olympique Lyonnais,579,0.1025906735751295,0.0932642487046632,0.155440414507772,14.922279792746114,1.088082901554404,81.79,4.352331606217616,25.0,3.730569948186528,0.6217616580310881,15/02/2000 00:00,France,Midfield,right,174.0,https://img.a.transfermarkt.technology/portrait/header/395237-1739281407.jpg?lm=1,20000000
Andy Diouf,RC Lens,2240,0.118125,0.1305803571428571,0.2008928571428571,11.772321428571429,1.7276785714285714,82.28,2.0892857142857144,38.0,6.1875,1.7276785714285714,17/05/2003 00:00,France,Midfield,left,187.0,https://img.a.transfermarkt.technology/portrait/header/711976-1756099849.jpg?lm=1,9000000
Mikayil Faye,Stade Rennais,693,0.0454545454545454,0.0428571428571428,0.3896103896103896,7.272727272727272,0.2597402597402597,88.87,3.5064935064935066,58.33,5.324675324675325,1.2987012987012987,14/07/2004 00:00,Senegal,Defender,left,183.0,https://img.a.transfermarkt.technology/portrait/header/666974-1737970456.jpg?lm=1,6000000
Elisha Owusu,Auxerre,2354,0.0141461342395921,0.0210280373831775,0.1146983857264231,4.282073067119796,0.3440951571792693,82.66,4.396771452846219,37.21,5.88785046728972,1.873406966864911,07/11/1997 00:00,Ghana,Midfield,right,182.0,https://img.a.transfermarkt.technology/portrait/header/395695-1626767315.jpg?lm=1,2500000
Modibo Sagnan,Montpellier,2117,0.0335852621634388,0.0238072744449692,0.1700519603212092,2.678318375059046,0.5526688710439301,88.92,3.656117146905999,48.78,3.868682097307511,1.4029286726499763,14/04/1999 00:00,Mali,Defender,left,187.0,https://img.a.transfermarkt.technology/portrait/header/524925-1759315957.jpg?lm=1,3000000
Aurélio Buta,Stade de Reims,1977,0.0118361153262518,0.0655538694992412,0.0455235204855842,6.965098634294386,0.409711684370258,85.03,2.685887708649469,44.44,3.141122913505311,1.4567526555386952,10/02/1997 00:00,Portugal,Defender,right,172.0,https://img.a.transfermarkt.technology/portrait/header/258039-1725288770.png?lm=1,3000000
Yassine Kechta,Le Havre,2113,0.1052058684335068,0.0617605300520586,0.383341221012778,7.326076668244203,0.5537150970184571,82.56,3.663038334122101,26.32,4.813061997160435,1.7889256980596309,25/02/2002 00:00,Morocco,Midfield,left,174.0,https://img.a.transfermarkt.technology/portrait/header/667967-1675949617.jpg?lm=1,5000000
Rassoul Ndiaye,Le Havre,1084,0.1461254612546125,0.0714022140221402,0.4151291512915129,7.223247232472325,0.2490774907749077,78.52,3.9022140221402215,40.0,5.479704797047971,0.996309963099631,11/12/2001 00:00,Senegal,Midfield,right,179.0,https://img.a.transfermarkt.technology/portrait/header/662242-1654095080.jpg?lm=1,5000000
Tanguy Coulibaly,Montpellier,1482,0.2526315789473684,0.0637651821862348,0.7894736842105264,6.315789473684212,1.9433198380566803,82.12,2.8542510121457494,48.89,4.554655870445345,2.732793522267207,18/02/2001 00:00,France,Attack,left,179.0,https://img.a.transfermarkt.technology/portrait/header/618425-1762872193.jpg?lm=1,2000000
Augustine Boakye,Saint-Étienne,741,0.2222672064777328,0.1153846153846153,1.0931174089068827,12.388663967611338,1.5789473684210529,76.61,1.5789473684210529,26.32,3.2793522267206483,2.307692307692308,03/11/2000 00:00,Ghana,Attack,left,178.0,https://img.a.transfermarkt.technology/portrait/header/579263-1727722384.jpg?lm=1,4000000
Emmanuel Biumla,Angers,1334,0.0472263868065966,0.0053973013493253,0.1349325337331334,1.4842578710644676,0.472263868065967,88.71,1.8215892053973013,56.67,2.496251874062968,0.472263868065967,08/05/2005 00:00,France,Defender,right,185.0,https://img.a.transfermarkt.technology/portrait/header/1071956-1750955479.png?lm=1,0
Carlens Arcus,Angers,2055,0.0017518248175182,0.0635036496350364,0.0,6.306569343065694,0.3503649635036496,85.29,3.45985401459854,54.39,3.547445255474453,1.664233576642336,28/06/1996 00:00,Haiti,Defender,right,176.0,https://img.a.transfermarkt.technology/portrait/header/371686-1750955924.png?lm=1,700000
André Ayew,Le Havre,1451,0.2909028256374913,0.0161268090971743,0.558235699517574,2.7911784975878704,0.31013094417643,78.51,1.302549965541006,37.25,1.6126809097174362,1.178497587870434,17/12/1989 00:00,Ghana,Attack,left,175.0,https://img.a.transfermarkt.technology/portrait/header/45403-1668429304.jpg?lm=1,400000
Tino Kadewere,Nantes,524,0.2954198473282443,0.0858778625954198,1.0305343511450382,6.870229007633588,0.6870229007633588,76.19,3.435114503816794,55.56,5.8396946564885495,1.0305343511450382,05/01/1996 00:00,Zimbabwe,Attack,right,183.0,https://img.a.transfermarkt.technology/portrait/header/384060-1640776127.jpg?lm=1,1800000
Warren Kamanzi,Toulouse,1058,0.1097353497164461,0.0399810964083175,0.2551984877126654,8.081285444234403,1.3610586011342154,82.99,3.2325141776937616,87.5,4.7637051039697536,1.3610586011342154,11/11/2000 00:00,Norway,Defender,right,177.0,https://img.a.transfermarkt.technology/portrait/header/794758-1671210731.jpg?lm=1,2000000
Jaydee Canvot,Toulouse,1116,0.0169354838709677,0.0266129032258064,0.0806451612903225,5.64516129032258,0.564516129032258,86.72,2.7419354838709675,53.33,4.032258064516129,1.4516129032258065,29/07/2006 00:00,France,Defender,right,188.0,https://img.a.transfermarkt.technology/portrait/header/1006411-1741897197.jpg?lm=1,20000000
Loïc Nego,Le Havre,2461,0.0259650548557496,0.0588785046728972,0.0731409995936611,6.363266964648517,0.6216984965461194,77.19,3.1816334823242585,55.88,4.059325477448192,0.987403494514425,15/01/1991 00:00,Hungary,Defender,right,181.0,https://img.a.transfermarkt.technology/portrait/header/122840-1700236720.jpg?lm=1,600000
,Montpellier,728,0.089010989010989,0.0061813186813186,0.0,2.2252747252747254,0.0,83.33,4.574175824175824,59.57,2.5961538461538463,1.8543956043956045,,,,,,,0
Joris Chotard,Montpellier,1871,0.0620523784072688,0.0471405665419561,0.1443078567610903,6.926777124532336,0.3848209513629075,84.41,2.8861571352218065,60.71,4.425440940673437,0.7696419027258151,24/09/2001 00:00,France,Midfield,right,179.0,https://img.a.transfermarkt.technology/portrait/header/624037-1702663463.JPG?lm=1,10000000
Andrew Omobamidele,RC Strasbourg,554,0.0,0.0064981949458483,0.0,1.787003610108303,0.1624548736462094,94.1,2.436823104693141,75.0,4.061371841155235,2.111913357400722,23/06/2002 00:00,Ireland,Defender,right,188.0,https://img.a.transfermarkt.technology/portrait/header/621993-1750770741.png?lm=1,7000000
Teddy Teuma,Stade de Reims,754,0.0728116710875331,0.1503978779840848,0.3580901856763925,14.920424403183024,0.3580901856763925,84.45,3.580901856763925,33.33,5.013262599469496,1.312997347480106,30/09/1993 00:00,Malta,Midfield,left,176.0,https://img.a.transfermarkt.technology/portrait/header/409153-1723821029.png?lm=1,2500000
Abakar Sylla,RC Strasbourg,951,0.0397476340694006,0.0104100946372239,0.0946372239747634,2.8391167192429023,0.2839116719242902,89.15,3.5962145110410098,52.63,3.690851735015773,1.608832807570978,25/12/2002 00:00,Cote d'Ivoire,Defender,left,188.0,https://img.a.transfermarkt.technology/portrait/header/962555-1732575720.png?lm=1,3000000
Saël Kumbedi,Olympique Lyonnais,965,0.0289119170984455,0.0755440414507772,0.1865284974093264,7.367875647668394,0.839378238341969,86.3,3.357512953367876,30.0,2.984455958549223,1.5854922279792747,26/03/2005 00:00,France,Defender,right,175.0,https://img.a.transfermarkt.technology/portrait/header/951579-1672831110.jpg?lm=1,9000000
Mahamadou Diawara,Le Havre,609,0.0502463054187192,0.038423645320197,0.1477832512315271,7.536945812807882,0.8866995073891626,85.34,5.024630541871921,20.0,6.3546798029556655,2.3645320197044337,17/02/2005 00:00,France,Midfield,left,187.0,https://img.a.transfermarkt.technology/portrait/header/1053147-1713179514.jpeg?lm=1,2000000
Steve Mandanda,Stade Rennais,1486,0.0,0.0012113055181695,0.0,0.6662180349932705,0.1211305518169582,66.51,0.0,100.0,7.510094212651412,0.0,28/03/1985 00:00,France,Goalkeeper,right,187.0,https://img.a.transfermarkt.technology/portrait/header/23951-1666698933.jpg?lm=1,500000
Antoine Mendy,Nice,833,0.0648259303721488,0.0280912364945978,0.1080432172869147,4.645858343337334,0.5402160864345738,83.49,4.105642256902761,56.67,5.186074429771908,1.404561824729892,27/05/2004 00:00,Senegal,Defender,right,187.0,https://img.a.transfermarkt.technology/portrait/header/891998-1756827019.jpg?lm=1,4000000
Neal Maupay,Olympique de Marseille,1051,0.3596574690770694,0.1147478591817316,0.8563273073263559,7.621313035204568,0.5137963843958135,84.25,0.9419600380589916,36.36,1.7982873453853474,0.8563273073263559,14/08/1996 00:00,France,Attack,right,171.0,https://img.a.transfermarkt.technology/portrait/header/217115-1700737951.jpg?lm=1,12000000
,Montpellier,1902,0.007570977917981,0.0572555205047318,0.0946372239747634,5.962145110410095,0.2839116719242902,79.6,3.3123028391167195,61.76,2.8391167192429023,0.9936908517350158,,,,,,,0
Theo Bair,Auxerre,958,0.282776617954071,0.0836116910229645,1.315240083507307,4.979123173277662,0.1878914405010438,64.39,0.6576200417536535,54.37,1.4091858037578289,1.8789144050104385,27/08/1999 00:00,Canada,Attack,right,194.0,https://img.a.transfermarkt.technology/portrait/header/501709-1618858914.jpg?lm=1,1800000
Shavy Babicka,Toulouse,1211,0.2883567299752271,0.142691990090834,0.6688687035507844,5.722543352601156,0.8175061932287365,74.38,1.7836498761354251,28.0,4.013212221304707,1.1890999174236168,01/06/2000 00:00,Gabon,Attack,right,179.0,https://img.a.transfermarkt.technology/portrait/header/916920-1769598370.png?lm=1,1500000
Ado Onaiwu,Auxerre,990,0.3690909090909091,0.1027272727272727,1.2727272727272727,9.181818181818182,1.0,74.45,1.2727272727272727,57.81,4.090909090909091,0.8181818181818182,08/11/1995 00:00,Japan,Attack,right,180.0,https://img.a.transfermarkt.technology/portrait/header/308133-1774735604.jpg?lm=1,700000
Junior Mwanga,Le Havre,1252,0.1020766773162939,0.1078274760383386,0.2875399361022364,6.038338658146965,0.646964856230032,86.44,3.809904153354633,57.89,5.535143769968051,1.7971246006389776,11/05/2003 00:00,France,Midfield,both,184.0,https://img.a.transfermarkt.technology/portrait/header/1011200-1732575482.png?lm=1,7000000
Wahbi Khazri,Montpellier,1096,0.1888686131386861,0.1502737226277372,0.4927007299270073,7.308394160583942,0.5748175182481752,74.74,2.4635036496350367,31.25,3.613138686131387,1.8886861313868613,08/02/1991 00:00,Tunisia,Attack,right,176.0,https://img.a.transfermarkt.technology/portrait/header/103565-1702663230.JPG?lm=1,600000
Saïdou Sow,Nantes,1819,0.0529411764705882,0.0059373282023089,0.148433205057724,1.9791094007696532,0.2473886750962066,88.07,2.6717976910390324,46.03,3.364485981308411,0.6926882902693787,04/07/2002 00:00,Guinea,Defender,right,187.0,https://img.a.transfermarkt.technology/portrait/header/807128-1732575624.png?lm=1,3000000
Becir Omeragic,Montpellier,1803,0.0144758735440931,0.0174708818635607,0.1497504159733776,3.144758735440932,0.5490848585690515,92.89,2.2462562396006653,37.04,3.7437603993344415,0.64891846921797,20/01/2002 00:00,Switzerland,Defender,right,186.0,https://img.a.transfermarkt.technology/portrait/header/507344-1702665167.JPG?lm=1,4000000
Ümit Akdağ,Toulouse,517,0.013926499032882,0.013926499032882,0.0,5.396518375241779,0.1740812379110251,80.31,3.3075435203094776,69.23,4.177949709864604,1.3926499032882012,06/10/2003 00:00,Romania,Defender,left,192.0,https://img.a.transfermarkt.technology/portrait/header/958647-1761656477.jpg?lm=1,1500000
Khalil Fayad,Montpellier,1026,0.1114035087719298,0.0482456140350877,0.3508771929824561,9.298245614035087,1.4912280701754386,85.74,3.5964912280701755,64.71,6.491228070175438,1.8421052631578947,09/06/2004 00:00,Morocco,Midfield,right,172.0,https://img.a.transfermarkt.technology/portrait/header/782630-1773267960.png?lm=1,5000000
Marcus Coco,Nantes,966,0.0055900621118012,0.1024844720496894,0.0,5.962732919254659,0.2795031055900621,83.25,3.5403726708074537,56.25,3.91304347826087,2.7950310559006213,24/06/1996 00:00,Guadeloupe,Defender,right,184.0,https://img.a.transfermarkt.technology/portrait/header/353365-1704213736.jpg?lm=1,850000
Folarin Balogun,AS Monaco,626,0.6857827476038338,0.1653354632587859,1.437699680511182,4.888178913738019,0.5750798722044729,71.19,0.2875399361022364,16.0,2.1565495207667733,1.0063897763578276,03/07/2001 00:00,United States,Attack,right,178.0,https://img.a.transfermarkt.technology/portrait/header/503770-1672838317.jpg?lm=1,22000000
Antoine Joujou,Le Havre,959,0.0600625651720542,0.2693430656934307,0.1876955161626694,6.100104275286757,2.815432742440042,69.82,2.346193952033368,21.74,5.537017726798749,0.6569343065693432,12/03/2003 00:00,France,Attack,right,189.0,https://img.a.transfermarkt.technology/portrait/header/1028162-1683803729.jpg?lm=1,2000000
,Montpellier,714,0.0554621848739495,0.080672268907563,0.2521008403361344,5.798319327731092,0.1260504201680672,85.29,3.277310924369748,35.71,3.1512605042016806,0.6302521008403361,,,,,,,0
Guillaume Restes,Toulouse,2545,0.0,0.0007072691552062,0.0,0.3182711198428291,0.0,69.33,0.106090373280943,66.67,6.117878192534381,0.0353634577603143,11/03/2005 00:00,France,Goalkeeper,left,188.0,https://img.a.transfermarkt.technology/portrait/header/912902-1676656145.jpg?lm=1,20000000
Jean-Kévin Duverne,Nantes,537,0.0469273743016759,0.0201117318435754,0.0,5.698324022346369,0.3351955307262569,79.76,4.860335195530726,75.0,3.35195530726257,2.346368715083799,12/07/1997 00:00,Haiti,Defender,right,186.0,https://img.a.transfermarkt.technology/portrait/header/344864-1704213124.jpg?lm=1,3500000
Assane Dioussé,Auxerre,688,0.0078488372093023,0.0130813953488372,0.2616279069767441,6.017441860465116,0.2616279069767441,89.89,3.5319767441860463,25.0,5.363372093023256,2.3546511627906974,20/09/1997 00:00,Senegal,Midfield,left,175.0,https://img.a.transfermarkt.technology/portrait/header/287635-1657714916.jpg?lm=1,900000
Mathieu Cafaro,Saint-Étienne,736,0.1809782608695652,0.1589673913043478,1.2228260869565215,7.2146739130434785,0.8559782608695653,75.24,2.078804347826087,42.86,3.668478260869565,1.345108695652174,25/03/1997 00:00,France,Attack,right,175.0,https://img.a.transfermarkt.technology/portrait/header/399383-1727721832.jpg?lm=1,3000000
Oussama Targhalline,Le Havre,994,0.0135814889336016,0.106841046277666,0.0,10.955734406438632,0.4527162977867203,83.09,3.4406438631790746,57.14,3.893360160965795,0.9959758551307848,20/05/2002 00:00,Morocco,Midfield,right,186.0,https://img.a.transfermarkt.technology/portrait/header/667965-1741951121.jpg?lm=1,8000000
Frank Magri,Toulouse,1534,0.3496740547588005,0.1091264667535854,1.1147327249022163,3.872229465449805,0.2346805736636245,72.2,0.7040417209908736,32.8,1.2320730117340286,1.5254237288135593,04/09/1999 00:00,Cameroon,Attack,right,178.0,https://img.a.transfermarkt.technology/portrait/header/807689-1653399470.jpg?lm=1,4000000
Abdoulaye Bamba,Angers,1520,0.0047368421052631,0.0177631578947368,0.0,1.5986842105263157,0.1184210526315789,89.64,2.4276315789473686,37.93,2.7828947368421053,0.5921052631578947,25/04/1990 00:00,Cote d'Ivoire,Defender,right,182.0,https://img.a.transfermarkt.technology/portrait/header/62351-1750955806.png?lm=1,400000
Andy Delort,Montpellier,584,0.225,0.0863013698630137,0.9246575342465754,5.3938356164383565,0.4623287671232877,52.29,0.7705479452054794,43.94,1.5410958904109588,1.6952054794520548,09/10/1991 00:00,Algeria,Attack,right,181.0,https://img.a.transfermarkt.technology/portrait/header/122797-1593970837.jpg?lm=1,1500000
George Ilenikhena,AS Monaco,722,0.6319944598337951,0.0685595567867036,1.1218836565096952,5.110803324099723,0.3739612188365651,72.5,0.7479224376731302,45.16,1.2465373961218835,1.745152354570637,16/08/2006 00:00,Nigeria,Attack,left,185.0,https://img.a.transfermarkt.technology/portrait/header/1004834-1702545922.jpg?lm=1,12000000
Ahmed Hassan,Le Havre,854,0.4405152224824356,0.0758782201405152,0.9484777517564402,3.3723653395784545,0.6323185011709602,77.98,0.8430913348946136,48.78,2.529274004683841,1.475409836065574,05/03/1993 00:00,Egypt,Attack,right,191.0,https://img.a.transfermarkt.technology/portrait/header/184816-1669802583.png?lm=1,1200000
Paul Joly,Auxerre,1024,0.0518554687499999,0.1291992187499999,0.439453125,7.03125,0.52734375,71.34,6.50390625,61.9,4.921875,0.87890625,07/06/2000 00:00,France,Defender,right,182.0,https://img.a.transfermarkt.technology/portrait/header/806168-1667290785.jpg?lm=1,1200000
Mama Baldé,Stade Brestois,1185,0.2377215189873417,0.1025316455696202,0.6835443037974683,6.30379746835443,1.2911392405063291,73.28,1.6708860759493671,43.18,2.886075949367089,1.518987341772152,06/11/1995 00:00,Guinea-Bissau,Attack,right,176.0,https://img.a.transfermarkt.technology/portrait/header/325223-1702991373.jpg?lm=1,3500000
Pierrick Capelle,Angers,489,0.0423312883435582,0.1233128834355828,0.0,9.202453987730062,1.4723926380368098,82.81,6.441717791411043,37.5,5.153374233128834,2.2085889570552144,15/04/1987 00:00,France,Midfield,left,181.0,https://img.a.transfermarkt.technology/portrait/header/214532-1750956399.png?lm=1,250000
Hugo Magnetti,Stade Brestois,2335,0.0304496788008565,0.0250535331905781,0.2312633832976445,6.706638115631692,0.3468950749464668,86.37,2.6980728051391867,50.0,4.278372591006424,1.1177730192719486,30/05/1998 00:00,France,Midfield,right,180.0,https://img.a.transfermarkt.technology/portrait/header/474662-1582538510.jpg?lm=1,7000000
Jonas Martin,Stade Brestois,505,0.073069306930693,0.0801980198019802,0.1782178217821782,8.732673267326733,0.3564356435643565,89.47,3.742574257425743,40.0,5.346534653465347,1.2475247524752475,09/04/1990 00:00,France,Midfield,right,184.0,https://img.a.transfermarkt.technology/portrait/header/127142-1676911402.jpg?lm=1,300000
Étienne Youté Kinkoué,Le Havre,2327,0.0502793296089385,0.0112161581435324,0.1160292221744735,3.364847443059734,0.0773528147829823,89.16,1.8564675547915768,55.32,2.5139664804469275,0.5414697034808766,14/01/2002 00:00,France,Defender,right,196.0,https://img.a.transfermarkt.technology/portrait/header/639712-1732894435.jpg?lm=1,7000000
Dennis Appiah,Saint-Étienne,2124,0.0084745762711864,0.0927966101694915,0.0847457627118644,8.6864406779661,0.847457627118644,76.63,4.23728813559322,46.55,3.813559322033898,1.5677966101694911,09/06/1992 00:00,France,Defender,right,179.0,https://img.a.transfermarkt.technology/portrait/header/111038-1727723257.jpg?lm=1,700000
Christian Mawissa,AS Monaco,1521,0.0041420118343195,0.0076923076923076,0.0591715976331361,4.319526627218935,0.591715976331361,87.96,4.023668639053255,62.0,4.142011834319527,1.124260355029586,18/04/2005 00:00,France,Defender,left,184.0,https://img.a.transfermarkt.technology/portrait/header/1005240-1708555606.jpg?lm=1,15000000
Han-Noah Massengo,Auxerre,1056,0.0349431818181818,0.0477272727272727,0.2556818181818182,5.454545454545455,0.8522727272727273,85.45,2.897727272727273,38.89,4.857954545454546,1.4488636363636365,07/07/2001 00:00,France,Midfield,right,178.0,https://img.a.transfermarkt.technology/portrait/header/536508-1755200310.jpg?lm=1,4000000
Abdoul Ouattara,RC Strasbourg,481,0.0636174636174636,0.028066528066528,0.5613305613305614,7.484407484407485,0.3742203742203742,87.98,2.806652806652807,33.33,4.864864864864865,1.30977130977131,22/10/2005 00:00,Cote d'Ivoire,Defender,,180.0,https://img.a.transfermarkt.technology/portrait/header/991487-1732487466.png?lm=1,9000000
Jordan Ferri,Montpellier,1780,0.0222471910112359,0.0657303370786516,0.1516853932584269,13.044943820224718,0.4550561797752809,90.2,2.5786516853932584,44.83,6.674157303370786,1.7696629213483146,12/03/1992 00:00,France,Midfield,right,173.0,https://img.a.transfermarkt.technology/portrait/header/118284-1702663473.JPG?lm=1,500000
Nicolas Cozza,Nantes,2051,0.0636274987810824,0.0491467576791808,0.2632862018527547,4.651389566065334,0.2194051682106289,77.84,3.686006825938567,48.39,2.7206240858118,0.6143344709897611,08/01/1999 00:00,France,Defender,left,181.0,https://img.a.transfermarkt.technology/portrait/header/485965-1689865641.jpg?lm=1,3000000
Edimilson Fernandes,Stade Brestois,1109,0.0300270513976555,0.0454463480613165,0.1623083859332732,6.411181244364292,0.2434625788999098,85.79,2.353471596032461,55.56,5.599639314697926,0.5680793507664562,15/04/1996 00:00,Switzerland,Midfield,right,187.0,https://img.a.transfermarkt.technology/portrait/header/247555-1628596987.jpg?lm=1,2500000
Timothée Pembélé,Le Havre,1122,0.103475935828877,0.0377005347593582,0.2406417112299465,5.614973262032086,1.2032085561497323,84.54,3.288770053475936,41.67,3.6898395721925135,0.7219251336898396,09/09/2002 00:00,France,Defender,right,183.0,https://img.a.transfermarkt.technology/portrait/header/538998-1754900983.jpg?lm=1,5000000
Krépin Diatta,AS Monaco,510,0.03,0.1570588235294117,0.1764705882352941,11.470588235294118,1.4117647058823528,79.62,4.764705882352941,59.26,6.352941176470588,2.4705882352941173,25/02/1999 00:00,Senegal,Midfield,right,175.0,https://img.a.transfermarkt.technology/portrait/header/490426-1668163198.jpg?lm=1,6000000
Jacques Ekomié,Angers,715,0.0025174825174825,0.01006993006993,0.0,5.160839160839161,0.5034965034965034,77.06,3.2727272727272725,45.83,4.153846153846153,1.3846153846153846,19/08/2003 00:00,Gabon,Defender,left,179.0,https://img.a.transfermarkt.technology/portrait/header/970279-1750955900.png?lm=1,600000
Oumar Diakité,Stade de Reims,1646,0.2569866342648846,0.0634264884568651,0.4921020656136087,5.358444714459296,1.0935601458080195,83.67,1.2575941676792224,29.41,3.2260024301336574,1.4763061968408264,20/12/2003 00:00,Cote d'Ivoire,Attack,right,185.0,https://img.a.transfermarkt.technology/portrait/header/847279-1723837401.png?lm=1,5000000
M'Bala Nzola,RC Lens,1464,0.5293032786885246,0.0547131147540983,1.1065573770491803,7.315573770491803,0.8606557377049181,75.59,0.6147540983606558,48.72,2.2131147540983607,1.8442622950819676,18/08/1996 00:00,Angola,Attack,left,185.0,https://img.a.transfermarkt.technology/portrait/header/354814-1664974000.jpg?lm=1,6000000
Théo Sainte-Luce,Montpellier,1024,0.1142578125,0.0685546875,0.3515625,4.482421875,1.0546875,76.95,3.1640625,54.55,3.427734375,0.703125,20/10/1998 00:00,France,Defender,left,176.0,https://img.a.transfermarkt.technology/portrait/header/537127-1773267587.png?lm=1,1000000
,Stade Rennais,551,0.3985480943738657,0.0718693284936479,0.8166969147005445,4.736842105263158,0.1633393829401089,67.39,0.3266787658802178,55.56,0.8166969147005445,2.2867513611615244,,,,,,,0
Dylan Batubinsika,Saint-Étienne,2017,0.0361427863163113,0.0174020823004462,0.0892414476945959,2.40951908775409,0.2677243430837878,91.63,2.900347050074368,70.31,3.3911750123946454,1.0708973723351511,15/02/1996 00:00,DR Congo,Defender,right,188.0,https://img.a.transfermarkt.technology/portrait/header/289432-1777737278.png?lm=1,700000
Yaël Mouanga,Montpellier,946,0.0095137420718816,0.0095137420718816,0.0,4.090909090909091,0.4756871035940803,88.03,2.2832980972515857,48.28,2.758985200845666,0.9513742071881608,23/07/2005 00:00,France,Defender,right,183.0,https://img.a.transfermarkt.technology/portrait/header/970364-1773267553.png?lm=1,0
,Angers,549,0.3786885245901639,0.0278688524590163,1.1475409836065575,4.918032786885246,0.3278688524590164,80.61,0.6557377049180328,29.41,0.819672131147541,1.475409836065574,,,,,,,0
Sékou Mara,RC Strasbourg,782,0.2221227621483376,0.0609974424552429,0.690537084398977,4.718670076726343,1.265984654731458,70.17,1.381074168797954,42.22,2.41687979539642,2.0716112531969317,30/07/2002 00:00,France,Attack,right,183.0,https://img.a.transfermarkt.technology/portrait/header/557612-1731603567.png?lm=1,4000000
Ibrahima Niane,Angers,947,0.4704329461457233,0.0361140443505807,1.0454065469904965,4.466737064413938,0.5702217529039071,69.35,0.8553326293558606,42.19,3.041182682154171,1.4255543822597676,11/03/1999 00:00,Senegal,Attack,right,187.0,https://img.a.transfermarkt.technology/portrait/header/490417-1750956872.png?lm=1,2000000
Aïmen Moueffek,Saint-Étienne,1042,0.0941458733205374,0.0906909788867562,0.1727447216890595,8.291746641074857,0.9500959692898272,85.17,2.159309021113244,33.33,5.095969289827256,1.727447216890595,09/04/2001 00:00,Morocco,Midfield,right,179.0,https://img.a.transfermarkt.technology/portrait/header/484992-1727722286.jpg?lm=1,1000000
Emmanuel Sabbi,Le Havre,650,0.2616923076923076,0.047076923076923,0.6923076923076923,4.984615384615385,1.523076923076923,78.57,2.353846153846154,40.91,3.6,1.523076923076923,24/12/1997 00:00,United States,Attack,right,178.0,https://img.a.transfermarkt.technology/portrait/header/381187-1771861917.jpg?lm=1,2500000
Yassin Belkhdim,Angers,1525,0.0436721311475409,0.0318688524590164,0.2950819672131148,4.367213114754099,0.1180327868852459,83.4,4.367213114754099,31.82,4.367213114754099,1.6524590163934427,14/02/2002 00:00,Morocco,Midfield,right,175.0,https://img.a.transfermarkt.technology/portrait/header/807688-1750956388.png?lm=1,100000
Kjetil Haug,Toulouse,497,0.0,0.0,0.0,0.9054325955734408,0.0,58.97,0.0,0.0,5.613682092555332,0.0,12/06/1998 00:00,Norway,Goalkeeper,right,191.0,https://img.a.transfermarkt.technology/portrait/header/328770-1663671597.jpg?lm=1,500000
Benjamin Kold,Saint-Étienne,523,0.1720841300191204,0.0826003824091778,0.3441682600382409,7.743785850860421,1.548757170172084,83.87,1.548757170172084,14.29,4.130019120458891,0.6883365200764818,13/05/2004 00:00,Denmark,Midfield,right,177.0,https://img.a.transfermarkt.technology/portrait/header/default.jpg?lm=1,0
Yunis Abdelhamid,Saint-Étienne,1015,0.0212807881773398,0.0310344827586206,0.0886699507389162,2.926108374384236,0.2660098522167488,86.83,2.748768472906404,63.33,3.724137931034482,1.41871921182266,28/09/1987 00:00,Morocco,Defender,left,190.0,https://img.a.transfermarkt.technology/portrait/header/199704-1727723225.jpg?lm=1,350000
Jim Allevinah,Angers,1766,0.2063986409966024,0.0856172140430351,0.5096262740656852,5.80973952434881,0.7644394110985276,80.14,1.579841449603624,30.56,4.484711211778029,0.9173272933182332,27/02/1995 00:00,Gabon,Attack,right,172.0,https://img.a.transfermarkt.technology/portrait/header/646733-1750956955.png?lm=1,2000000
Issiaga Sylla,Montpellier,1143,0.1448818897637795,0.0574803149606299,0.1574803149606299,6.850393700787402,0.7086614173228347,80.13,2.834645669291339,51.16,4.094488188976378,1.0236220472440944,01/01/1994 00:00,Guinea,Defender,left,180.0,https://img.a.transfermarkt.technology/portrait/header/220878-1762632555.png?lm=1,2500000
Jordan Amavi,Stade Brestois,792,0.0295454545454545,0.0488636363636363,0.3409090909090909,7.613636363636363,0.7954545454545454,73.7,3.5227272727272725,72.73,3.977272727272727,1.7045454545454544,09/03/1994 00:00,France,Defender,left,176.0,https://img.a.transfermarkt.technology/portrait/header/241229-1598304378.jpg?lm=1,1200000
John Patrick,Stade de Reims,543,0.0265193370165745,0.0414364640883977,0.1657458563535911,5.966850828729282,0.994475138121547,76.28,4.972375690607735,46.15,5.138121546961326,2.320441988950276,24/09/2003 00:00,Ireland,Midfield,right,192.0,https://img.a.transfermarkt.technology/portrait/header/841121-1732137454.jpg?lm=1,800000
Pol Lirola,Olympique de Marseille,687,0.0786026200873362,0.096943231441048,0.131004366812227,10.218340611353712,0.131004366812227,86.18,2.2270742358078603,36.36,3.799126637554585,1.1790393013100435,13/08/1997 00:00,Spain,Defender,right,183.0,https://img.a.transfermarkt.technology/portrait/header/298975-1673514557.jpg?lm=1,1800000
Mathis Amougou,Saint-Étienne,864,0.046875,0.0291666666666666,0.1041666666666666,6.666666666666667,0.5208333333333334,78.31,3.4375,20.0,3.854166666666667,0.625,18/01/2006 00:00,France,Midfield,right,177.0,https://img.a.transfermarkt.technology/portrait/header/1010854-1727721658.jpg?lm=1,0
Florian Ayé,Auxerre,584,0.2928082191780822,0.0184931506849315,0.6164383561643836,4.315068493150685,0.3082191780821918,75.4,1.386986301369863,25.49,2.1575342465753424,1.5410958904109588,19/01/1997 00:00,France,Attack,right,184.0,https://img.a.transfermarkt.technology/portrait/header/372713-1567613065.jpg?lm=1,2000000
Maxime Bernauer,Saint-Étienne,762,0.0070866141732283,0.0141732283464566,0.0,5.669291338582677,0.2362204724409448,87.65,1.7716535433070866,60.0,4.606299212598425,1.1811023622047243,01/07/1998 00:00,France,Defender,right,185.0,https://img.a.transfermarkt.technology/portrait/header/324819-1595959090.jpg?lm=1,1800000
Junior Ndiaye,Montpellier,455,0.1008791208791208,0.1028571428571428,0.3956043956043956,3.164835164835165,0.3956043956043956,70.13,0.5934065934065934,26.09,0.7912087912087913,1.7802197802197803,29/03/2005 00:00,United Arab Emirates,Attack,left,183.0,https://img.a.transfermarkt.technology/portrait/header/default.jpg?lm=1,50000
Yvann Maçon,Saint-Étienne,767,0.0340286831812255,0.0328552803129074,0.2346805736636245,11.38200782268579,1.1734028683181226,77.87,2.8161668839634943,18.75,5.397653194263364,3.0508474576271185,01/10/1998 00:00,Guadeloupe,Defender,right,176.0,https://img.a.transfermarkt.technology/portrait/header/580747-1777737106.png?lm=1,2000000
Nhoa Sangui,Stade de Reims,1158,0.0077720207253886,0.0396373056994818,0.0,7.8497409326424865,0.7772020725388601,84.56,1.865284974093264,33.33,4.974093264248705,0.699481865284974,27/02/2006 00:00,France,Defender,left,178.0,https://img.a.transfermarkt.technology/portrait/header/955281-1723838815.png?lm=1,5000000
Elye Wahi,Olympique de Marseille,575,0.8201739130434781,0.0344347826086956,1.7217391304347824,5.165217391304347,0.3130434782608695,81.48,0.1565217391304347,23.53,1.252173913043478,2.660869565217391,02/01/2003 00:00,Cote d'Ivoire,Attack,right,184.0,https://img.a.transfermarkt.technology/portrait/header/659542-1753984614.jpg?lm=1,12000000
Arouna Sangante,Le Havre,1251,0.0726618705035971,0.0100719424460431,0.2877697841726618,4.60431654676259,0.3597122302158273,87.66,3.309352517985612,58.62,3.8129496402877696,1.5827338129496402,12/04/2002 00:00,Senegal,Defender,right,189.0,https://img.a.transfermarkt.technology/portrait/header/768380-1738244271.jpg?lm=1,10000000
Fodé Ballo-Touré,Le Havre,595,0.0,0.0226890756302521,0.0,3.9327731092436977,0.7563025210084034,87.67,1.8151260504201685,50.0,4.689075630252101,0.453781512605042,03/01/1997 00:00,Senegal,Defender,left,182.0,https://img.a.transfermarkt.technology/portrait/header/296422-1614110347.jpg?lm=1,1000000
Pierre Cornud,Saint-Étienne,584,0.0,0.0446917808219178,0.0,6.934931506849315,0.3082191780821918,83.88,3.2363013698630136,42.86,5.085616438356165,1.5410958904109588,12/12/1996 00:00,France,Defender,left,177.0,https://img.a.transfermarkt.technology/portrait/header/536156-1727723010.jpg?lm=1,800000
Lilian Raolisoa,Angers,1326,0.0461538461538461,0.1140271493212669,0.0678733031674208,7.873303167420815,1.5610859728506787,76.72,3.800904977375566,57.14,5.158371040723982,1.0859728506787332,16/06/2000 00:00,France,Defender,right,178.0,https://img.a.transfermarkt.technology/portrait/header/829874-1750955865.png?lm=1,600000
Falaye Sacko,Montpellier,1208,0.0,0.0178807947019867,0.0,7.673841059602648,0.2235099337748344,84.6,2.01158940397351,37.5,4.321192052980132,1.1175496688741722,01/05/1995 00:00,Mali,Defender,right,180.0,https://img.a.transfermarkt.technology/portrait/header/364857-1761021311.png?lm=1,4000000
Bamo Meïté,Montpellier,458,0.0039301310043668,0.0039301310043668,0.0,1.9650655021834065,0.1965065502183406,88.72,1.7685589519650655,50.0,1.572052401746725,1.7685589519650655,03/12/2001 00:00,Cote d'Ivoire,Defender,right,184.0,https://img.a.transfermarkt.technology/portrait/header/807165-1724754649.jpg?lm=1,4000000
Omar Marmoush,Eintracht Frankfurt,1454,0.4524759284731773,0.2562585969738652,2.2283356258596974,9.718019257221458,2.847317744154058,79.59,0.8665749656121046,33.33,3.1568088033012383,0.4951856946354883,07/02/1999 00:00,Egypt,Attack,right,183.0,https://img.a.transfermarkt.technology/portrait/header/445939-1747656490.jpg?lm=1,65000000
Joshua Kimmich,FC Bayern München,2847,0.0559536354056902,0.3331928345626975,0.3161222339304531,30.94836670179136,0.3793466807165437,92.93,2.2760800842992626,57.14,6.006322444678609,0.4741833508956796,08/02/1995 00:00,Germany,Midfield,right,177.0,https://img.a.transfermarkt.technology/portrait/header/161056-1700039639.jpg?lm=1,40000000
Michael Olise,FC Bayern München,2346,0.3740409207161125,0.479923273657289,1.381074168797954,24.93606138107417,2.762148337595908,86.21,1.6879795396419437,47.83,4.028132992327365,0.8439897698209718,12/12/2001 00:00,France,Attack,left,184.0,https://img.a.transfermarkt.technology/portrait/header/566723-1762944477.jpg?lm=1,130000000
Harry Kane,FC Bayern München,2389,0.5066973629133529,0.2090832984512348,2.0343239849309334,9.041439933026371,0.8664713269150273,80.71,0.5650899958141482,60.0,2.2980326496442025,0.3390539974884889,28/07/1993 00:00,England,Attack,right,188.0,https://img.a.transfermarkt.technology/portrait/header/132098-1700211169.jpg?lm=1,65000000
Florian Wirtz,Bayer 04 Leverkusen,2355,0.24,0.360764331210191,1.4904458598726114,24.9171974522293,3.1337579617834392,82.33,1.5668789808917196,19.57,4.318471337579617,0.840764331210191,03/05/2003 00:00,Germany,Midfield,right,177.0,https://img.a.transfermarkt.technology/portrait/header/598577-1689710503.jpg?lm=1,110000000
Xavi Simons,RB Leipzig,2157,0.2132127955493741,0.2495132127955494,0.9596662030598052,14.728789986091796,1.376912378303199,82.9,1.6689847009735743,42.22,5.340751043115438,1.0013908205841446,21/04/2003 00:00,Netherlands,Midfield,right,179.0,https://img.a.transfermarkt.technology/portrait/header/566931-1729778226.jpg?lm=1,80000000
Jamal Musiala,FC Bayern München,1804,0.4649667405764967,0.2963414634146342,1.5964523281596452,16.263858093126387,3.592017738359202,83.53,2.1951219512195124,33.33,3.741685144124169,0.9977827050997784,26/02/2003 00:00,Germany,Midfield,right,184.0,https://img.a.transfermarkt.technology/portrait/header/580195-1711745441.jpg?lm=1,130000000
Franck Honorat,Borussia M'gladbach,1452,0.2807851239669421,0.303099173553719,0.5578512396694215,8.801652892561984,0.7438016528925621,75.55,1.3636363636363638,42.86,4.462809917355372,0.4338842975206611,11/08/1996 00:00,France,Attack,right,180.0,https://img.a.transfermarkt.technology/portrait/header/229006-1691248904.jpg?lm=1,12000000
Granit Xhaka,Bayer 04 Leverkusen,2891,0.0283292978208232,0.1587685921826357,0.0933932895191975,25.55863023175372,0.2179176755447942,90.85,1.8678657903839504,62.32,5.572466274645452,1.0273261847111728,27/09/1992 00:00,Switzerland,Midfield,left,186.0,https://img.a.transfermarkt.technology/portrait/header/111455-1689711080.jpg?lm=1,10000000
Angelo Stiller,VfB Stuttgart,2743,0.0577469923441487,0.282500911410864,0.1312431644185198,18.89901567626686,0.6562158220925993,89.9,2.460809332847248,44.0,4.593510754648196,0.6890266131972294,04/04/2001 00:00,Germany,Midfield,left,183.0,https://img.a.transfermarkt.technology/portrait/header/443710-1753308094.jpg?lm=1,45000000
Maximilian Mittelstädt,VfB Stuttgart,2475,0.032,0.256,0.1454545454545454,13.927272727272728,0.7636363636363637,87.37,4.581818181818182,56.82,4.327272727272727,0.8727272727272727,18/03/1997 00:00,Germany,Defender,left,180.0,https://img.a.transfermarkt.technology/portrait/header/282660-1723707584.jpg?lm=1,18000000
Moritz Nicolas,Borussia M'gladbach,1640,0.0,0.0010975609756097,0.0,0.6585365853658537,0.0,82.86,0.0548780487804878,87.5,9.164634146341465,0.0,21/10/1997 00:00,Germany,Goalkeeper,right,193.0,https://img.a.transfermarkt.technology/portrait/header/284270-1722945496.jpg?lm=1,5000000
Dayot Upamecano,FC Bayern München,1761,0.0618398637137989,0.0613287904599659,0.3066439522998296,13.33901192504259,0.1533219761499148,94.08,3.577512776831346,58.82,5.877342419080068,1.0221465076660987,27/10/1998 00:00,France,Defender,right,186.0,https://img.a.transfermarkt.technology/portrait/header/344695-1701245272.jpg?lm=1,70000000
Nadiem Amiri,1. FSV Mainz 05,2481,0.141837968561064,0.332285368802902,0.94316807738815,15.01813784764208,1.1608222490931075,82.53,2.3941958887545343,50.0,7.50906892382104,1.596130592503023,27/10/1996 00:00,Germany,Midfield,right,180.0,https://img.a.transfermarkt.technology/portrait/header/232454-1722885996.jpg?lm=1,17000000
Alejandro Grimaldo,Bayer 04 Leverkusen,2643,0.0854710556186152,0.2914869466515323,0.4767309875141884,19.37570942111237,0.681044267877412,86.39,1.362088535754824,48.48,4.835414301929625,0.5107832009080591,20/09/1995 00:00,Spain,Defender,left,171.0,https://img.a.transfermarkt.technology/portrait/header/193082-1689710805.jpg?lm=1,24000000
Vincenzo Grifo,SC Freiburg,2452,0.2004078303425775,0.2918026101141925,1.064437194127243,11.415171288743885,0.9176182707993475,82.02,1.431484502446982,48.39,4.918433931484502,0.5505709624796085,07/04/1993 00:00,Italy,Attack,right,180.0,https://img.a.transfermarkt.technology/portrait/header/185077-1753983973.jpg?lm=1,5000000
Tim Kleindienst,Borussia M'gladbach,2742,0.3922319474835886,0.1296498905908096,1.2800875273522976,4.923413566739606,0.4595185995623632,62.0,1.3785557986870898,53.76,2.428884026258206,2.461706783369803,31/08/1995 00:00,Germany,Attack,both,194.0,https://img.a.transfermarkt.technology/portrait/header/193033-1722945738.jpg?lm=1,12000000
Marius Müller,VfL Wolfsburg,474,0.0,0.0037974683544303,0.0,1.518987341772152,0.0,66.14,0.0,100.0,9.30379746835443,0.0,12/07/1993 00:00,Germany,Goalkeeper,right,192.0,https://img.a.transfermarkt.technology/portrait/header/118161-1724771088.jpg?lm=1,1000000
Raphaël Guerreiro,FC Bayern München,1581,0.16280834914611,0.2698292220113852,0.6261859582542695,20.550284629981025,0.5692599620493358,90.01,1.650853889943074,38.1,5.351043643263758,0.5123339658444023,22/12/1993 00:00,Portugal,Defender,left,170.0,https://img.a.transfermarkt.technology/portrait/header/170986-1711745629.jpg?lm=1,12000000
Hugo Ekitiké,Eintracht Frankfurt,2578,0.6748254460822343,0.1881691233514352,1.6757176105508145,6.982156710628394,1.8153607447633824,76.44,0.8029480217222653,46.02,3.037238169123351,1.3615205585725367,20/06/2002 00:00,France,Attack,right,190.0,https://img.a.transfermarkt.technology/portrait/header/709726-1758714741.jpg?lm=1,85000000
Willi Orbán,RB Leipzig,2224,0.1618705035971223,0.0271133093525179,0.283273381294964,6.029676258992805,0.1214028776978417,88.05,2.3875899280575537,68.87,4.93705035971223,0.9307553956834532,03/11/1992 00:00,Hungary,Defender,right,186.0,https://img.a.transfermarkt.technology/portrait/header/93740-1724337179.jpg?lm=1,6000000
Thomas Dähne,Holstein Kiel,810,0.0,0.0011111111111111,0.0,0.3333333333333333,0.0,73.24,0.0,100.0,10.22222222222222,0.1111111111111111,04/01/1994 00:00,Germany,Goalkeeper,both,193.0,https://img.a.transfermarkt.technology/portrait/header/115979-1753730638.jpg?lm=1,350000
Marvin Ducksch,SV Werder Bremen,2433,0.316276202219482,0.3351418002466091,1.1097410604192357,8.545006165228113,0.2589395807644882,70.58,0.6658446362515412,40.82,2.4044389642416766,0.2219482120838471,07/03/1994 00:00,Germany,Attack,right,188.0,https://img.a.transfermarkt.technology/portrait/header/125103-1772009480.jpg?lm=1,2000000
Finn Dahmen,FC Augsburg,1710,0.0,0.0026315789473684,0.0,1.263157894736842,0.0,67.51,0.0526315789473684,100.0,7.2105263157894735,0.0,27/03/1998 00:00,Germany,Goalkeeper,right,186.0,https://img.a.transfermarkt.technology/portrait/header/251299-1755200500.jpg?lm=1,12000000
Tom Bischof,TSG Hoffenheim,2567,0.0771328398909232,0.1689910401246591,0.6310868718348267,11.920529801324504,1.016751071289443,83.67,4.382547721075185,40.0,5.469419555901831,1.5777171795870666,28/06/2005 00:00,Germany,Midfield,left,176.0,https://img.a.transfermarkt.technology/portrait/header/822959-1758269709.jpg?lm=1,40000000
Serhou Guirassy,Borussia Dortmund,2601,0.6844290657439446,0.1065743944636678,1.2802768166089966,5.363321799307959,0.3806228373702422,72.96,0.3806228373702422,54.03,1.5570934256055364,0.5536332179930796,12/03/1996 00:00,Guinea,Attack,right,187.0,https://img.a.transfermarkt.technology/portrait/header/270541-1755989642.jpg?lm=1,40000000
Péter Gulácsi,RB Leipzig,2632,0.0,0.0006838905775075,0.0,0.2735562310030395,0.0,79.37,0.0341945288753799,91.67,8.206686930091186,0.0,06/05/1990 00:00,Hungary,Goalkeeper,right,193.0,https://img.a.transfermarkt.technology/portrait/header/57071-1719214600.jpg?lm=1,2000000
Kauã Santos,Eintracht Frankfurt,765,0.0,0.0011764705882352,0.0,0.8235294117647058,0.0,66.67,0.0,100.0,9.764705882352942,0.0,11/04/2003 00:00,Brazil,Goalkeeper,right,196.0,https://img.a.transfermarkt.technology/portrait/header/997861-1696509170.jpg?lm=1,7000000
Romano Schmid,SV Werder Bremen,2839,0.1128566396618527,0.2799225079253258,0.4755195491370201,16.389573793589292,1.4265586474110603,79.0,1.7118703768932724,47.17,5.294117647058823,0.8876364917224375,27/01/2000 00:00,Austria,Midfield,right,168.0,https://img.a.transfermarkt.technology/portrait/header/346853-1730117104.jpg?lm=1,17000000
Alphonso Davies,FC Bayern München,1561,0.0714926329276105,0.1291479820627802,0.1729660474055092,19.94875080076874,1.7873158231902626,91.07,2.4791800128123,52.94,6.630365150544523,0.461242793081358,02/11/2000 00:00,Canada,Defender,left,185.0,https://img.a.transfermarkt.technology/portrait/header/424204-1711745534.jpg?lm=1,50000000
Waldemar Anton,Borussia Dortmund,1947,0.0762711864406779,0.0832049306625577,0.1386748844375963,9.060092449922958,0.9244992295839752,91.46,2.958397534668721,63.01,5.63944530046225,0.9244992295839752,20/07/1996 00:00,Germany,Defender,right,189.0,https://img.a.transfermarkt.technology/portrait/header/193004-1723922551.jpg?lm=1,18000000
Jonathan Burkardt,1. FSV Mainz 05,2120,0.5620754716981132,0.1124999999999999,1.2735849056603772,5.433962264150943,0.6792452830188679,74.64,0.6792452830188679,19.44,3.0990566037735845,0.9764150943396226,11/07/2000 00:00,Germany,Attack,right,181.0,https://img.a.transfermarkt.technology/portrait/header/333647-1753985077.jpg?lm=1,35000000
Nathaniel Brown,Eintracht Frankfurt,1953,0.1004608294930875,0.2124423963133641,0.2304147465437788,7.096774193548387,0.5069124423963134,85.76,3.963133640552996,25.0,3.7327188940092166,0.6912442396313364,16/06/2003 00:00,Germany,Defender,left,176.0,https://img.a.transfermarkt.technology/portrait/header/691892-1724772335.jpg?lm=1,35000000
Paul Nebel,1. FSV Mainz 05,2355,0.2189808917197452,0.2155414012738853,0.6878980891719745,11.808917197452228,0.9554140127388536,78.18,1.9490445859872607,23.68,4.738853503184713,1.414012738853503,10/10/2002 00:00,Germany,Midfield,both,169.0,https://img.a.transfermarkt.technology/portrait/header/503160-1722886613.jpg?lm=1,18000000
Jens Stage,SV Werder Bremen,2212,0.292133815551537,0.1607142857142857,0.6103074141048824,7.730560578661844,0.325497287522604,78.51,2.726039783001808,54.84,4.638336347197106,1.5461121157323687,08/11/1996 00:00,Denmark,Midfield,right,187.0,https://img.a.transfermarkt.technology/portrait/header/289835-1660208628.jpg?lm=1,14000000
David Raum,RB Leipzig,1788,0.0246644295302013,0.372986577181208,0.2013422818791946,8.909395973154362,0.5536912751677853,78.6,2.3657718120805367,39.39,4.630872483221476,1.157718120805369,22/04/1998 00:00,Germany,Defender,left,181.0,https://img.a.transfermarkt.technology/portrait/header/318204-1713945422.jpg?lm=1,20000000
Patrik Schick,Bayer 04 Leverkusen,1694,0.6237308146399055,0.0488783943329397,1.859504132231405,5.684769775678866,0.5312868949232585,78.36,0.5312868949232585,45.1,1.54073199527745,1.2750885478158205,24/01/1996 00:00,Czech Republic,Attack,left,191.0,https://img.a.transfermarkt.technology/portrait/header/242086-1727378322.jpg?lm=1,25000000
Denis Vavro,VfL Wolfsburg,2462,0.0500812347684809,0.019740048740861,0.255889520714866,4.898456539398863,0.1096669374492282,87.57,2.1202274573517466,70.43,3.253452477660439,0.255889520714866,10/04/1996 00:00,Slovakia,Defender,right,189.0,https://img.a.transfermarkt.technology/portrait/header/239962-1752735947.jpg?lm=1,7000000
Noah Atubolu,SC Freiburg,2308,0.0,0.0035095320623916,0.0,1.520797227036395,0.0,71.89,0.0,90.91,9.670710571923744,0.0,25/05/2002 00:00,Germany,Goalkeeper,right,190.0,https://img.a.transfermarkt.technology/portrait/header/526845-1753984204.jpg?lm=1,20000000
Diogo Leite,1. FC Union Berlin,2458,0.0479658258746948,0.0834825061025223,0.2929210740439382,6.407648494711148,0.3661513425549227,78.43,4.247355573637104,54.68,3.661513425549227,0.8787632221318146,23/01/1999 00:00,Portugal,Defender,left,190.0,https://img.a.transfermarkt.technology/portrait/header/357156-1691999912.jpg?lm=1,12000000
Leroy Sané,FC Bayern München,1633,0.5638089406001224,0.3372933251684017,1.6533986527862827,19.12431108389467,2.149418248622168,86.44,1.6533986527862827,53.85,4.519289650949173,0.8818126148193508,11/01/1996 00:00,Germany,Attack,left,183.0,https://img.a.transfermarkt.technology/portrait/header/192565-1694587968.jpg?lm=1,23000000
Jae-sung Lee,1. FSV Mainz 05,2661,0.1792559188275084,0.1582863585118376,0.5073280721533259,9.503945885005637,0.3720405862457722,79.98,2.604284103720406,41.46,4.024802705749718,0.7779030439684329,10/08/1992 00:00,"Korea, South",Midfield,left,180.0,https://img.a.transfermarkt.technology/portrait/header/314398-1668504727.jpg?lm=1,2000000
Exequiel Palacios,Bayer 04 Leverkusen,1158,0.1181347150259067,0.1849740932642486,0.699481865284974,22.927461139896373,0.6217616580310881,90.21,2.7202072538860103,11.11,5.9067357512953365,0.699481865284974,05/10/1998 00:00,Argentina,Midfield,right,178.0,https://img.a.transfermarkt.technology/portrait/header/401578-1695368200.jpg?lm=1,30000000
Mohamed Amoura,VfL Wolfsburg,2481,0.2684401451027811,0.1353083434099153,1.0157194679564692,8.633615477629988,1.3422007255139057,72.75,1.378476420798065,29.85,3.3373639661426844,1.0882708585247884,09/05/2000 00:00,Algeria,Attack,right,170.0,https://img.a.transfermarkt.technology/portrait/header/746910-1724771303.jpg?lm=1,32000000
Ritsu Doan,SC Freiburg,2874,0.2019832985386221,0.1863256784968684,0.7202505219206681,9.801670146137788,1.7536534446764092,75.6,2.5052192066805845,32.08,4.164926931106471,0.8455114822546973,16/06/1998 00:00,Japan,Attack,left,172.0,https://img.a.transfermarkt.technology/portrait/header/358504-1757597784.jpg?lm=1,18000000
Aleix García,Bayer 04 Leverkusen,1457,0.0599176389842141,0.2365820178448867,0.3088538091969801,22.73164035689773,0.247083047357584,91.06,1.4824982841455043,27.27,4.262182566918325,0.4941660947151681,28/06/1997 00:00,Spain,Midfield,right,173.0,https://img.a.transfermarkt.technology/portrait/header/261504-1727378020.jpg?lm=1,20000000
Piero Hincapié,Bayer 04 Leverkusen,2670,0.0991011235955056,0.1173033707865168,0.1011235955056179,10.820224719101123,0.1685393258426966,89.36,2.831460674157303,60.55,3.539325842696629,0.8764044943820224,09/01/2002 00:00,Ecuador,Defender,left,184.0,https://img.a.transfermarkt.technology/portrait/header/659813-1727377918.jpg?lm=1,50000000
Robin Zentner,1. FSV Mainz 05,2880,0.0003125,0.0078125,0.0,2.46875,0.0,58.98,0.0625,100.0,8.15625,0.03125,28/10/1994 00:00,Germany,Goalkeeper,right,194.0,https://img.a.transfermarkt.technology/portrait/header/160963-1676499369.jpg?lm=1,3000000
Alexis Claude-Maurice,FC Augsburg,2125,0.2007529411764706,0.0783529411764706,0.9317647058823528,8.258823529411766,1.7788235294117647,84.63,2.3717647058823528,37.84,3.0494117647058823,1.1011764705882354,06/06/1998 00:00,France,Midfield,right,176.0,https://img.a.transfermarkt.technology/portrait/header/384593-1755201378.jpg?lm=1,12000000
Aleksandar Pavlovic,FC Bayern München,1456,0.0346153846153846,0.1199175824175824,0.2472527472527472,23.983516483516485,0.3090659340659341,93.54,2.657967032967033,54.55,4.450549450549451,1.050824175824176,03/05/2004 00:00,Germany,Midfield,both,188.0,https://img.a.transfermarkt.technology/portrait/header/792380-1727098078.jpg?lm=1,65000000
Min-jae Kim,FC Bayern München,2289,0.0644823066841415,0.0361730013106159,0.1965923984272608,11.44167758846658,0.1179554390563564,92.59,2.830930537352556,64.57,6.015727391874181,0.982961992136304,15/11/1996 00:00,"Korea, South",Defender,right,190.0,https://img.a.transfermarkt.technology/portrait/header/503482-1700208062.jpg?lm=1,25000000
Jonas Wind,VfL Wolfsburg,1976,0.1890182186234818,0.2236336032388664,0.5921052631578947,8.6082995951417,0.2732793522267207,71.55,0.728744939271255,49.75,2.687246963562753,0.6831983805668016,07/02/1999 00:00,Denmark,Attack,right,190.0,https://img.a.transfermarkt.technology/portrait/header/391004-1752736403.jpg?lm=1,7000000
Andrej Kramaric,TSG Hoffenheim,2779,0.3070169125584743,0.1839510615329255,0.8420295070169126,12.177042101475353,0.647715005397625,83.52,0.7124865059373876,27.27,4.40446203670385,0.388629003238575,19/06/1991 00:00,Croatia,Midfield,right,177.0,https://img.a.transfermarkt.technology/portrait/header/46580-1755089885.jpg?lm=1,3000000
Chrislain Matsima,FC Augsburg,2551,0.0642101136809094,0.0232849862798902,0.0705605644845158,5.927087416699334,0.2469619756958055,86.46,2.9282634261074088,70.83,5.045080360642885,0.3528028224225794,15/05/2002 00:00,France,Defender,right,193.0,https://img.a.transfermarkt.technology/portrait/header/569383-1755200922.jpg?lm=1,22000000
Maximilian Arnold,VfL Wolfsburg,2359,0.0339550657058075,0.1663416701992369,0.4578211106401017,8.889359898261976,0.0381517592200084,84.13,2.212802034760492,39.47,5.8753709198813056,1.1445527766002543,27/05/1994 00:00,Germany,Midfield,left,184.0,https://img.a.transfermarkt.technology/portrait/header/117674-1660652294.JPG?lm=1,4500000
Leon Goretzka,FC Bayern München,1321,0.1880393641180923,0.1628311884935655,0.7494322482967449,19.825889477668436,0.4769114307342922,90.57,2.79333838001514,53.45,5.246025738077215,0.817562452687358,06/02/1995 00:00,Germany,Midfield,right,189.0,https://img.a.transfermarkt.technology/portrait/header/153084-1700040179.jpg?lm=1,15000000
Julian Brandt,Borussia Dortmund,2318,0.1848144952545297,0.2543140638481449,0.5823986194995686,14.598792062122518,0.7377049180327868,82.62,1.553062985332183,27.5,4.620362381363244,0.3106125970664365,02/05/1996 00:00,Germany,Midfield,right,185.0,https://img.a.transfermarkt.technology/portrait/header/187492-1709560849.jpg?lm=1,20000000
Pascal Groß,Borussia Dortmund,2338,0.0923866552609067,0.2448246364414029,0.2694610778443114,15.051325919589392,0.1154833190761334,85.94,2.0402053036783574,42.86,3.6954662104362703,0.6928999144568007,15/06/1991 00:00,Germany,Midfield,right,181.0,https://img.a.transfermarkt.technology/portrait/header/82873-1746195832.jpg?lm=1,3500000
Adam Hlozek,TSG Hoffenheim,1874,0.2660618996798292,0.1527214514407684,1.200640341515475,7.011739594450374,1.584845250800427,70.89,1.248665955176094,50.62,3.169690501600854,0.7203842049092849,25/07/2002 00:00,Czech Republic,Attack,right,188.0,https://img.a.transfermarkt.technology/portrait/header/552057-1755092070.jpg?lm=1,15000000
Nikola Vasilj,FC St. Pauli,2970,0.0,0.0045454545454545,0.0,1.6666666666666667,0.0303030303030303,71.64,0.0,100.0,7.787878787878788,0.0303030303030303,02/12/1995 00:00,Bosnia-Herzegovina,Goalkeeper,right,193.0,https://img.a.transfermarkt.technology/portrait/header/248454-1755032189.jpg?lm=1,4500000
Kingsley Coman,FC Bayern München,1284,0.3042056074766355,0.2964953271028037,1.1915887850467288,17.593457943925234,2.733644859813084,88.6,1.7523364485981308,42.86,4.135514018691588,0.6308411214953271,13/06/1996 00:00,France,Attack,right,181.0,https://img.a.transfermarkt.technology/portrait/header/243714-1700040256.jpg?lm=1,22000000
Moritz Jenz,1. FSV Mainz 05,1606,0.0868617683686176,0.0207347447073474,0.2801992528019925,2.8019925280199254,0.112079701120797,84.34,3.698630136986301,64.1,4.090909090909091,1.5130759651307597,30/04/1999 00:00,Germany,Defender,right,190.0,https://img.a.transfermarkt.technology/portrait/header/460245-1689865901.jpg?lm=1,5000000
Nico Elvedi,Borussia M'gladbach,2136,0.0859550561797752,0.0143258426966292,0.1685393258426966,3.033707865168539,0.0,92.22,2.8651685393258424,54.17,3.75,0.3792134831460674,30/09/1996 00:00,Switzerland,Defender,right,189.0,https://img.a.transfermarkt.technology/portrait/header/192635-1691249306.jpg?lm=1,8000000
Jonathan Tah,Bayer 04 Leverkusen,2970,0.0339393939393939,0.056060606060606,0.2121212121212121,8.515151515151516,0.0909090909090909,93.12,1.6666666666666667,77.0,5.0,0.4848484848484848,11/02/1996 00:00,Germany,Defender,right,195.0,https://img.a.transfermarkt.technology/portrait/header/196357-1695367765.jpg?lm=1,30000000
Rasmus Kristensen,Eintracht Frankfurt,2515,0.0894632206759443,0.173558648111332,0.2862823061630218,11.522862823061631,0.7872763419483102,79.31,2.8270377733598413,58.67,4.330019880715706,0.8588469184890657,11/07/1997 00:00,Denmark,Defender,right,187.0,https://img.a.transfermarkt.technology/portrait/header/369684-1725875948.jpg?lm=1,14000000
Anton Stach,TSG Hoffenheim,2590,0.0698455598455598,0.1115444015444015,0.3474903474903474,8.895752895752896,0.5212355212355212,83.4,3.891891891891892,56.84,5.942084942084942,1.3204633204633205,15/11/1998 00:00,Germany,Midfield,right,194.0,https://img.a.transfermarkt.technology/portrait/header/344069-1723921116.jpg?lm=1,20000000
Frederik Rönnow,1. FC Union Berlin,2430,0.0033333333333333,0.004074074074074,0.0,1.4074074074074074,0.037037037037037,63.59,0.0,100.0,8.777777777777779,0.0,04/08/1992 00:00,Denmark,Goalkeeper,right,188.0,https://img.a.transfermarkt.technology/portrait/header/107775-1692707378.jpg?lm=1,2500000
Jeffrey Gouweleeuw,FC Augsburg,2945,0.0284210526315789,0.0901528013582343,0.1528013582342954,7.089983022071308,0.2139219015280135,83.6,2.597623089983022,64.29,4.308998302207131,0.6723259762308998,10/07/1991 00:00,Netherlands,Defender,right,188.0,https://img.a.transfermarkt.technology/portrait/header/106405-1755201296.jpg?lm=1,1000000
Atakan Karazor,VfB Stuttgart,2626,0.0774562071591774,0.0846534653465346,0.2399086062452399,12.02970297029703,0.4112718964204113,87.09,3.118811881188119,57.28,5.860624523990861,1.3023610053313024,13/10/1996 00:00,Türkiye,Midfield,right,191.0,https://img.a.transfermarkt.technology/portrait/header/232320-1753307846.jpg?lm=1,9000000
Arthur Theate,Eintracht Frankfurt,2709,0.0797342192691029,0.0554817275747508,0.2990033222591362,8.40531561461794,0.3322259136212624,84.44,2.491694352159468,54.55,4.086378737541528,0.4651162790697674,25/05/2000 00:00,Belgium,Defender,left,185.0,https://img.a.transfermarkt.technology/portrait/header/368891-1757597860.jpg?lm=1,24000000
Robin Koch,Eintracht Frankfurt,2589,0.060486674391657,0.0159907300115874,0.2085747392815759,3.9281575898030128,0.0347624565469293,90.8,1.7033603707995366,67.3,3.893395133256083,0.8342989571263036,17/07/1996 00:00,Germany,Defender,right,192.0,https://img.a.transfermarkt.technology/portrait/header/328784-1753984898.jpg?lm=1,15000000
Dominik Kohr,1. FSV Mainz 05,2304,0.06171875,0.066015625,0.1953125,5.0390625,0.1953125,82.21,4.0625,52.0,3.8671875,1.796875,31/01/1994 00:00,Germany,Defender,right,183.0,https://img.a.transfermarkt.technology/portrait/header/118847-1722886760.jpg?lm=1,2000000
Patrick Mainka,1. FC Heidenheim,3060,0.0570588235294117,0.0191176470588235,0.2647058823529412,3.941176470588236,0.1764705882352941,85.76,3.7058823529411766,63.01,4.470588235294118,0.5,06/11/1994 00:00,Germany,Defender,right,194.0,https://img.a.transfermarkt.technology/portrait/header/133731-1755087959.jpg?lm=1,2500000
Daniel Svensson,Borussia Dortmund,786,0.0870229007633588,0.1488549618320611,0.2290076335877862,13.053435114503818,0.1145038167938931,82.47,2.290076335877863,28.57,3.5496183206106875,0.4580152671755725,12/02/2002 00:00,Sweden,Defender,left,183.0,https://img.a.transfermarkt.technology/portrait/header/579287-1739179044.jpg?lm=1,22000000
Nico Schlotterbeck,Borussia Dortmund,1984,0.0603326612903225,0.0943548387096774,0.1814516129032258,14.017137096774194,0.6350806451612904,89.63,2.721774193548387,65.43,7.121975806451613,0.8165322580645161,01/12/1999 00:00,Germany,Defender,left,191.0,https://img.a.transfermarkt.technology/portrait/header/388198-1709560457.jpg?lm=1,55000000
Karim Adeyemi,Borussia Dortmund,1446,0.3410788381742738,0.2539419087136929,1.120331950207469,7.157676348547718,2.489626556016597,78.42,1.6804979253112031,37.5,2.987551867219917,1.6804979253112031,18/01/2002 00:00,Germany,Attack,left,180.0,https://img.a.transfermarkt.technology/portrait/header/496094-1712859708.jpg?lm=1,60000000
Eric Dier,FC Bayern München,1468,0.066825613079019,0.0705040871934604,0.3678474114441417,10.177111716621257,0.1226158038147139,94.01,2.391008174386921,55.21,4.904632152588556,0.9809264305177112,15/01/1994 00:00,England,Defender,right,191.0,https://img.a.transfermarkt.technology/portrait/header/175722-1665608595.jpg?lm=1,7000000
Léo Scienza,1. FC Heidenheim,1153,0.1615784908933217,0.32081526452732,1.1708586296617518,8.508239375542063,2.8881179531656547,74.14,1.7172593235039029,18.75,4.137033824804857,1.248915871639202,13/09/1998 00:00,Brazil,Midfield,both,175.0,https://img.a.transfermarkt.technology/portrait/header/804219-1721852378.jpg?lm=1,9000000
Eric Smith,FC St. Pauli,2829,0.045493107104984,0.0906680805938494,0.2863202545068929,8.112407211028632,0.0954400848356309,84.27,2.64050901378579,47.14,4.422057264050902,0.8589607635206786,08/01/1997 00:00,Sweden,Defender,right,192.0,https://img.a.transfermarkt.technology/portrait/header/292534-1755032356.jpg?lm=1,5000000
Josip Stanisic,FC Bayern München,885,0.0264406779661016,0.1383050847457627,0.0,16.47457627118644,0.5084745762711864,92.32,1.9322033898305084,64.71,6.508474576271186,0.2033898305084745,02/04/2000 00:00,Croatia,Defender,both,187.0,https://img.a.transfermarkt.technology/portrait/header/483046-1716966862.jpg?lm=1,32000000
Deniz Undav,VfB Stuttgart,1734,0.6051903114186852,0.1967128027681661,1.6089965397923875,8.92733564013841,0.5190311418685122,74.78,0.726643598615917,41.07,2.491349480968858,1.2975778546712804,19/07/1996 00:00,Germany,Attack,both,179.0,https://img.a.transfermarkt.technology/portrait/header/339314-1691999036.jpg?lm=1,25000000
Kevin Stöger,Borussia M'gladbach,1553,0.1344494526722472,0.2405022537025112,0.695428203477141,16.57437218287186,0.9851899549259496,81.74,3.0714745653573727,25.0,4.346426271732131,1.2749517063747584,27/08/1993 00:00,Austria,Midfield,left,175.0,https://img.a.transfermarkt.technology/portrait/header/106872-1722945684.jpg?lm=1,3000000
Jamie Gittens,Borussia Dortmund,1798,0.1802002224694104,0.207230255839822,1.2013348164627364,9.160177975528365,3.85428253615128,82.47,2.052280311457175,41.67,3.153503893214683,1.2513904338153503,08/08/2004 00:00,England,Attack,right,178.0,https://img.a.transfermarkt.technology/portrait/header/670882-1736780080.jpg?lm=1,40000000
Philipp Hofmann,VfL Bochum 1848,2284,0.2186952714535902,0.1036339754816112,0.7486865148861647,5.122591943957969,0.394045534150613,64.69,0.8274956217162872,56.71,2.049036777583188,1.418563922942207,30/03/1993 00:00,Germany,Attack,left,195.0,https://img.a.transfermarkt.technology/portrait/header/119037-1753297934.jpg?lm=1,750000
Alassane Pléa,Borussia M'gladbach,1913,0.309566126502875,0.1547830632514375,0.6586513329848406,10.961840041819132,0.7997909043387349,75.62,0.4234187140616832,31.91,3.105070569785677,0.7997909043387349,10/03/1993 00:00,France,Attack,right,181.0,https://img.a.transfermarkt.technology/portrait/header/167329-1627997314.jpg?lm=1,3000000
Shuto Machino,Holstein Kiel,1962,0.2233944954128439,0.1188073394495412,1.055045871559633,5.73394495412844,0.4587155963302752,71.99,0.6880733944954128,39.13,2.293577981651376,0.8715596330275229,30/09/1999 00:00,Japan,Attack,right,185.0,https://img.a.transfermarkt.technology/portrait/header/550580-1760967093.jpg?lm=1,7000000
Kamil Grabara,VfL Wolfsburg,2586,0.0,0.0048723897911832,0.0,1.9837587006960555,0.0696055684454756,66.44,0.0,100.0,7.34338747099768,0.0,08/01/1999 00:00,Poland,Goalkeeper,right,195.0,https://img.a.transfermarkt.technology/portrait/header/346551-1724770843.jpg?lm=1,12000000
Mitchell Weiser,SV Werder Bremen,2870,0.1696515679442508,0.1699651567944251,0.470383275261324,9.062717770034842,1.0975609756097562,74.59,2.602787456445993,40.0,4.766550522648084,0.940766550522648,21/04/1994 00:00,Germany,Defender,right,177.0,https://img.a.transfermarkt.technology/portrait/header/119211-1756027949.jpg?lm=1,3500000
Felix Nmecha,Borussia Dortmund,1511,0.0780277961614824,0.0679020516214427,0.357379219060225,11.853077432164133,1.012574454003971,88.72,3.395102581072138,52.27,5.062872270019855,1.3103904698874915,10/10/2000 00:00,Germany,Midfield,right,190.0,https://img.a.transfermarkt.technology/portrait/header/406640-1709560961.jpg?lm=1,45000000
Bernardo,VfL Bochum 1848,1691,0.0351271437019515,0.0878178592548787,0.0532229450029568,7.185097575399173,0.1596688350088705,74.62,3.778829095209935,67.42,4.36428149024246,1.277350680070964,14/05/1995 00:00,Brazil,Defender,left,186.0,https://img.a.transfermarkt.technology/portrait/header/364258-1691250245.jpg?lm=1,5000000
Serge Gnabry,FC Bayern München,1249,0.487830264211369,0.3076861489191352,1.2970376301040831,14.483586869495596,1.2970376301040831,85.89,1.8734987990392316,28.57,3.386709367493995,1.3690952762209767,14/07/1995 00:00,Germany,Attack,right,176.0,https://img.a.transfermarkt.technology/portrait/header/159471-1759909173.jpg?lm=1,20000000
Loïs Openda,RB Leipzig,2463,0.3018270401948842,0.0840438489646772,1.2058465286236295,6.029232643118148,0.8038976857490865,66.67,0.5115712545676004,39.62,1.9732034104750305,1.0596833130328869,16/02/2000 00:00,Belgium,Attack,right,177.0,https://img.a.transfermarkt.technology/portrait/header/368887-1713944805.jpg?lm=1,60000000
Stefan Bell,1. FSV Mainz 05,1438,0.0481919332406119,0.0413073713490959,0.2503477051460361,3.066759388038943,0.125173852573018,79.1,3.129346314325452,67.2,4.068150208623088,1.502086230876217,24/08/1991 00:00,Germany,Defender,right,192.0,https://img.a.transfermarkt.technology/portrait/header/82350-1657706740.jpg?lm=1,600000
Marco Friedl,SV Werder Bremen,2164,0.0191312384473197,0.0187153419593345,0.1247689463955637,3.4935304990757854,0.2495378927911275,90.4,3.992606284658041,52.75,5.864140480591497,1.0813308687615526,16/03/1998 00:00,Austria,Defender,left,187.0,https://img.a.transfermarkt.technology/portrait/header/156990-1756027279.jpg?lm=1,12000000
Ramy Bensebaini,Borussia Dortmund,2035,0.0561670761670761,0.1021621621621621,0.0884520884520884,11.233415233415233,0.2211302211302211,87.31,3.714987714987715,60.29,4.422604422604422,1.2383292383292384,16/04/1995 00:00,Algeria,Defender,left,187.0,https://img.a.transfermarkt.technology/portrait/header/284732-1730103772.jpg?lm=1,7000000
Oliver Baumann,TSG Hoffenheim,2520,0.0,0.0239285714285714,0.0,2.142857142857143,0.0357142857142857,65.57,0.0714285714285714,100.0,9.464285714285714,0.0,02/06/1990 00:00,Germany,Goalkeeper,right,187.0,https://img.a.transfermarkt.technology/portrait/header/55089-1755090197.jpg?lm=1,3000000
Marius Bülter,TSG Hoffenheim,1739,0.1899367452558941,0.1749281196089706,0.7763082231167338,6.365727429557216,1.242093156986774,73.41,0.8798159861989648,39.13,3.2604945370902816,0.5692926969522714,29/03/1993 00:00,Germany,Attack,right,188.0,https://img.a.transfermarkt.technology/portrait/header/116088-1691269482.jpg?lm=1,2000000
,VfL Bochum 1848,2479,0.1154497781363452,0.1379588543767648,0.471964501815248,9.983864461476402,0.6534893102057281,74.61,2.9043969342476808,37.88,5.845098830173457,1.8152480839048004,,,,,,,0
Rocco Reitz,Borussia M'gladbach,1840,0.0841304347826087,0.1076086956521739,0.3423913043478261,6.407608695652175,0.8315217391304348,79.6,5.135869565217392,51.43,4.597826086956522,0.9782608695652176,29/05/2002 00:00,Germany,Midfield,right,176.0,https://img.a.transfermarkt.technology/portrait/header/467434-1760966939.jpg?lm=1,17000000
Alexander Bernhardsson,Holstein Kiel,1271,0.2938630999213218,0.0863886703383162,0.991345397324941,4.744295830055075,1.5578284815106216,63.64,2.4075531077891426,35.85,3.186467348544453,1.4870180959874115,08/09/1998 00:00,Sweden,Attack,left,185.0,https://img.a.transfermarkt.technology/portrait/header/633454-1756808339.jpg?lm=1,3000000
Kevin Trapp,Eintracht Frankfurt,2295,0.0,0.0011764705882352,0.0,0.3529411764705882,0.0,69.51,0.0,57.14,8.745098039215685,0.0,08/07/1990 00:00,Germany,Goalkeeper,right,189.0,https://img.a.transfermarkt.technology/portrait/header/45672-1724772525.jpg?lm=1,2000000
Marvin Pieringer,1. FC Heidenheim,2223,0.2663967611336033,0.0927125506072874,0.8097165991902834,5.506072874493928,0.6477732793522267,66.92,1.2550607287449391,37.13,2.5506072874493926,2.0242914979757085,04/10/1999 00:00,Germany,Attack,right,191.0,https://img.a.transfermarkt.technology/portrait/header/471055-1755088557.jpg?lm=1,4500000
Julian Weigl,Borussia M'gladbach,2888,0.0233725761772853,0.0576523545706371,0.1869806094182825,6.980609418282548,0.2181440443213296,89.05,3.147506925207756,67.24,4.144736842105263,0.7167590027700831,08/09/1995 00:00,Germany,Midfield,right,186.0,https://img.a.transfermarkt.technology/portrait/header/196792-1662965628.jpg?lm=1,5000000
,Bayer 04 Leverkusen,450,0.0,0.002,0.0,0.6,0.0,82.31,0.0,66.67,7.8,0.0,,,,,,,0
Castello Lukeba,RB Leipzig,1577,0.0228281547241597,0.0313887127457197,0.0570703868103994,7.704502219403931,1.14140773620799,86.51,2.7393785668991755,65.0,4.223208623969563,0.6848446417247939,17/12/2002 00:00,France,Defender,left,184.0,https://img.a.transfermarkt.technology/portrait/header/618472-1713897532.jpg?lm=1,45000000
Ridle Baku,RB Leipzig,2452,0.1049755301794453,0.122226753670473,0.4037520391517129,8.515497553017944,0.9176182707993475,78.09,2.6060358890701467,32.65,4.14763458401305,0.9543230016313214,08/04/1998 00:00,Germany,Defender,right,176.0,https://img.a.transfermarkt.technology/portrait/header/327251-1764846399.jpg?lm=1,7000000
Anthony Caci,1. FSV Mainz 05,2703,0.1035516093229744,0.2623751387347391,0.3995560488346281,10.455049944506104,0.9655937846836848,75.12,2.896781354051054,50.72,4.361820199778024,1.2319644839067705,01/07/1997 00:00,France,Defender,both,184.0,https://img.a.transfermarkt.technology/portrait/header/453016-1657706767.jpg?lm=1,10000000
Jackson Irvine,FC St. Pauli,2610,0.1113793103448275,0.0851724137931034,0.4482758620689655,7.0344827586206895,0.3103448275862069,71.82,3.1724137931034484,56.86,4.310344827586207,1.3103448275862069,07/03/1993 00:00,Australia,Midfield,right,189.0,https://img.a.transfermarkt.technology/portrait/header/192557-1755032060.jpg?lm=1,1500000
Morgan Guilavogui,FC St. Pauli,1813,0.3554329840044125,0.1211252068394925,0.7446221731936017,7.892995035852178,1.0424710424710424,67.42,2.233866519580805,46.21,3.524544953116381,2.3827909542195256,10/03/1998 00:00,Guinea,Attack,right,189.0,https://img.a.transfermarkt.technology/portrait/header/691786-1771718061.jpg?lm=1,4000000
Keven Schlotterbeck,FC Augsburg,1298,0.0533898305084745,0.034668721109399,0.3466872110939907,5.130970724191063,0.2080123266563944,85.01,2.357473035439137,68.97,3.8135593220338975,0.6933744221879815,28/04/1997 00:00,Germany,Defender,left,188.0,https://img.a.transfermarkt.technology/portrait/header/413843-1755201026.jpg?lm=1,6000000
Jeff Chabot,VfB Stuttgart,2280,0.0789473684210526,0.031578947368421,0.1578947368421052,6.592105263157895,0.1184210526315789,90.05,2.960526315789474,63.78,3.868421052631579,1.381578947368421,12/02/1998 00:00,Germany,Defender,left,195.0,https://img.a.transfermarkt.technology/portrait/header/303219-1723707145.jpg?lm=1,15000000
Steven Skrzybski,Holstein Kiel,1332,0.1844594594594594,0.2236486486486486,0.8783783783783783,7.297297297297297,0.8783783783783783,73.11,2.0270270270270268,23.08,3.918918918918919,1.081081081081081,18/11/1992 00:00,Germany,Attack,right,174.0,https://img.a.transfermarkt.technology/portrait/header/93827-1756808950.jpg?lm=1,1300000
Michael Zetterer,SV Werder Bremen,3060,0.0,0.0035294117647058,0.0,0.7352941176470589,0.0294117647058823,75.51,0.0294117647058823,88.89,9.088235294117649,0.0,12/07/1995 00:00,Germany,Goalkeeper,both,187.0,https://img.a.transfermarkt.technology/portrait/header/196813-1757598019.jpg?lm=1,4500000
Tom Krauß,VfL Bochum 1848,1080,0.0316666666666666,0.0825,0.1666666666666666,14.0,1.0,82.12,3.8333333333333335,52.94,6.5,1.1666666666666667,22/06/2001 00:00,Germany,Midfield,right,182.0,https://img.a.transfermarkt.technology/portrait/header/405687-1752739063.jpg?lm=1,3500000
Matthias Ginter,SC Freiburg,2565,0.0985964912280701,0.0529824561403508,0.1403508771929824,4.912280701754386,0.1403508771929824,83.48,1.719298245614035,61.64,3.263157894736842,0.4561403508771929,19/01/1994 00:00,Germany,Defender,right,189.0,https://img.a.transfermarkt.technology/portrait/header/124502-1753984264.jpg?lm=1,6000000
Ansgar Knauff,Eintracht Frankfurt,1608,0.2731343283582089,0.253544776119403,0.6716417910447761,7.5,1.4552238805970148,68.52,2.966417910447761,39.58,4.253731343283582,1.5111940298507462,10/01/2002 00:00,Germany,Attack,right,180.0,https://img.a.transfermarkt.technology/portrait/header/429874-1663065826.jpg?lm=1,15000000
Kaishu Sano,1. FSV Mainz 05,3045,0.0263054187192118,0.0585221674876847,0.0591133004926108,8.778325123152708,0.9458128078817734,80.9,3.724137931034482,52.47,5.615763546798029,0.4729064039408867,30/12/2000 00:00,Japan,Midfield,right,176.0,https://img.a.transfermarkt.technology/portrait/header/643574-1752587688.jpg?lm=1,25000000
Dimitrios Giannoulis,FC Augsburg,2655,0.0379661016949152,0.183728813559322,0.135593220338983,9.898305084745765,0.9830508474576272,77.63,3.1864406779661016,30.3,4.610169491525424,0.576271186440678,17/10/1995 00:00,Greece,Defender,left,178.0,https://img.a.transfermarkt.technology/portrait/header/295630-1755201178.jpg?lm=1,3000000
Manuel Neuer,FC Bayern München,1980,0.0,0.0022727272727272,0.0,1.0909090909090908,0.0454545454545454,85.04,0.0454545454545454,100.0,7.0,0.0,27/03/1986 00:00,Germany,Goalkeeper,right,193.0,https://img.a.transfermarkt.technology/portrait/header/17259-1762943283.jpg?lm=1,4000000
Ivan Ordets,VfL Bochum 1848,1774,0.0350056369785794,0.0903043968432919,0.0,2.4859075535512964,0.0507328072153325,80.3,2.6888387824126267,67.14,3.804960541149944,1.116121758737317,08/07/1992 00:00,Ukraine,Defender,right,195.0,https://img.a.transfermarkt.technology/portrait/header/118850-1721851592.jpg?lm=1,750000
Robin Hack,Borussia M'gladbach,2188,0.2225319926873857,0.1571297989031078,0.9872029250457038,7.897623400365631,1.0283363802559415,79.53,1.2751371115173675,41.3,5.059414990859232,0.7815356489945156,27/08/1998 00:00,Germany,Attack,right,178.0,https://img.a.transfermarkt.technology/portrait/header/284010-1722945425.jpg?lm=1,12000000
Niklas Stark,SV Werder Bremen,2110,0.0460663507109004,0.0115165876777251,0.1279620853080569,3.327014218009479,0.0426540284360189,85.76,2.9431279620853084,60.76,3.113744075829384,1.2796208530805688,14/04/1995 00:00,Germany,Defender,right,190.0,https://img.a.transfermarkt.technology/portrait/header/162434-1756028002.jpg?lm=1,3500000
Tuta,Eintracht Frankfurt,2282,0.042988606485539,0.028396143733567,0.1971954425942156,5.0087642418930765,0.5127081507449606,88.21,3.312883435582822,50.56,4.732690622261175,1.1831726555652935,04/07/1999 00:00,Brazil,Defender,right,185.0,https://img.a.transfermarkt.technology/portrait/header/546213-1762259656.png?lm=1,12000000
Chris Führich,VfB Stuttgart,1990,0.1334170854271356,0.2731658291457286,0.542713567839196,16.190954773869347,1.809045226130653,85.23,0.949748743718593,38.46,2.8944723618090453,0.4070351758793969,09/01/1998 00:00,Germany,Attack,right,181.0,https://img.a.transfermarkt.technology/portrait/header/272278-1691999004.jpg?lm=1,10000000
Mario Götze,Eintracht Frankfurt,1546,0.1717335058214747,0.1082794307891332,0.2910737386804657,13.214747736093145,0.5239327296248383,81.08,2.794307891332471,23.08,6.054333764553687,0.8732212160413972,03/06/1992 00:00,Germany,Midfield,right,176.0,https://img.a.transfermarkt.technology/portrait/header/74842-1663065102.jpg?lm=1,3500000
Danel Sinani,FC St. Pauli,1275,0.1129411764705882,0.1778823529411765,0.8470588235294118,10.305882352941175,0.7058823529411765,77.28,1.0588235294117647,23.81,3.670588235294118,1.7647058823529411,05/04/1997 00:00,Luxembourg,Midfield,left,185.0,https://img.a.transfermarkt.technology/portrait/header/346499-1755033100.jpg?lm=1,1000000
Nick Woltemade,VfB Stuttgart,1636,0.4411980440097799,0.189242053789731,1.430317848410758,8.416870415647923,1.7053789731051343,71.61,0.6051344743276283,44.74,2.9156479217603914,1.3202933985330074,14/02/2002 00:00,Germany,Attack,right,198.0,https://img.a.transfermarkt.technology/portrait/header/455661-1779983237.jpg?lm=1,70000000
Lukas Kübler,SC Freiburg,1849,0.1328826392644672,0.0511087074094104,0.5354245538128718,7.836668469442942,0.0,79.24,4.526771227690643,63.77,3.5532720389399675,1.216873985938345,30/08/1992 00:00,Germany,Defender,right,182.0,https://img.a.transfermarkt.technology/portrait/header/93604-1658412582.jpg?lm=1,1500000
Andreas Skov Olsen,VfL Wolfsburg,532,0.1421052631578947,0.2182330827067669,0.169172932330827,12.687969924812029,0.6766917293233082,87.55,1.6917293233082706,50.0,3.045112781954887,0.3383458646616541,29/12/1999 00:00,Denmark,Attack,left,187.0,https://img.a.transfermarkt.technology/portrait/header/432982-1752736201.jpg?lm=1,10000000
Maximilian Wittek,VfL Bochum 1848,2641,0.04600530102234,0.2082165846270352,0.2385460053010223,8.212798182506626,0.4089360090874668,74.19,2.998864066641424,48.98,3.74858008330178,1.1245740249905338,21/08/1995 00:00,Germany,Defender,left,173.0,https://img.a.transfermarkt.technology/portrait/header/196793-1721851854.jpg?lm=1,1000000
El Chadaille Bitshiabu,RB Leipzig,1130,0.0223008849557522,0.047787610619469,0.2389380530973451,6.769911504424779,0.1592920353982301,85.35,3.185840707964602,53.66,4.380530973451328,0.6371681415929203,16/05/2005 00:00,France,Defender,left,196.0,https://img.a.transfermarkt.technology/portrait/header/787912-1672304780.jpg?lm=1,15000000
Frans Krätzig,1. FC Heidenheim,1281,0.0442622950819672,0.1271662763466042,0.2107728337236534,8.079625292740047,0.6323185011709602,81.6,3.583138173302108,50.0,4.426229508196721,0.5620608899297425,14/01/2003 00:00,Germany,Defender,left,177.0,https://img.a.transfermarkt.technology/portrait/header/604320-1754993796.png?lm=1,2800000
Robert Andrich,Bayer 04 Leverkusen,1611,0.0720670391061452,0.0536312849162011,0.2793296089385475,10.279329608938548,0.111731843575419,89.69,2.9608938547486034,61.76,4.078212290502794,1.6201117318435756,22/09/1994 00:00,Germany,Midfield,right,187.0,https://img.a.transfermarkt.technology/portrait/header/159088-1758703807.jpg?lm=1,7000000
Andrej Ilic,1. FC Union Berlin,943,0.3922587486744432,0.0171792152704135,1.1452810180275717,4.103923647932131,0.0954400848356309,58.51,0.6680805938494168,48.62,1.5270413573700954,1.3361611876988335,03/04/2000 00:00,Serbia,Attack,right,189.0,https://img.a.transfermarkt.technology/portrait/header/583699-1726350811.jpg?lm=1,6000000
Christopher Trimmel,1. FC Union Berlin,1744,0.0118692660550458,0.1677178899082569,0.1548165137614679,5.470183486238533,0.1032110091743119,66.21,2.889908256880734,64.86,3.251146788990826,0.7224770642201835,24/02/1987 00:00,Austria,Defender,right,189.0,https://img.a.transfermarkt.technology/portrait/header/75921-1692707564.jpg?lm=1,600000
Benjamin Sesko,RB Leipzig,2407,0.3114665558786871,0.0646863315330286,1.1591192355629414,4.786040714582468,1.4582467802243455,68.22,0.4486913169921063,57.38,2.3182384711258828,0.9721645201495638,31/05/2003 00:00,Slovenia,Attack,right,195.0,https://img.a.transfermarkt.technology/portrait/header/627442-1779803478.jpg?lm=1,50000000
Victor Boniface,Bayer 04 Leverkusen,1014,0.6284023668639053,0.0931952662721893,1.5976331360946745,5.502958579881656,1.331360946745562,71.49,0.4437869822485207,58.18,2.485207100591716,1.242603550295858,23/12/2000 00:00,Nigeria,Attack,right,190.0,https://img.a.transfermarkt.technology/portrait/header/656681-1758702484.jpg?lm=1,12000000
Hauke Wahl,FC St. Pauli,2970,0.0275757575757575,0.0484848484848484,0.1212121212121212,5.181818181818182,0.2424242424242424,87.11,2.0303030303030303,50.0,3.909090909090909,0.3939393939393939,15/04/1994 00:00,Germany,Defender,right,189.0,https://img.a.transfermarkt.technology/portrait/header/154147-1755032459.jpg?lm=1,1500000
Cédric Zesiger,FC Augsburg,1748,0.0648741418764302,0.0638443935926773,0.154462242562929,4.4279176201373005,0.205949656750572,79.9,2.5743707093821517,50.0,3.7585812356979407,1.4931350114416475,24/06/1998 00:00,Switzerland,Defender,left,194.0,https://img.a.transfermarkt.technology/portrait/header/382478-1755200960.jpg?lm=1,5000000
Felix Agu,SV Werder Bremen,1762,0.0704880817253121,0.1287173666288308,0.2043132803632236,5.7207718501702605,0.4597048808172531,81.09,2.6049943246311007,41.18,3.422247446083995,0.5618615209988649,27/09/1999 00:00,Nigeria,Defender,right,180.0,https://img.a.transfermarkt.technology/portrait/header/393512-1722887707.jpg?lm=1,8000000
Leonidas Stergiou,VfB Stuttgart,855,0.111578947368421,0.0726315789473684,0.1052631578947368,8.736842105263158,0.4210526315789473,83.3,4.0,42.86,3.684210526315789,0.631578947368421,03/03/2002 00:00,Switzerland,Defender,right,181.0,https://img.a.transfermarkt.technology/portrait/header/507345-1723707260.jpg?lm=1,3500000
Konrad Laimer,FC Bayern München,1704,0.1114436619718309,0.1663732394366197,0.3169014084507042,19.59507042253521,0.897887323943662,88.81,3.01056338028169,53.57,4.278169014084507,1.8485915492957743,27/05/1997 00:00,Austria,Defender,right,180.0,https://img.a.transfermarkt.technology/portrait/header/223967-1700659266.jpg?lm=1,32000000
Patrick Wimmer,VfL Wolfsburg,1789,0.1866405813303521,0.1705422023476802,0.5030743432084964,8.40134153158189,1.8613750698714369,67.8,3.9742873113471218,44.32,4.628283957518167,1.811067635550587,30/05/2001 00:00,Austria,Attack,right,182.0,https://img.a.transfermarkt.technology/portrait/header/533295-1752736631.jpg?lm=1,15000000
,Bayer 04 Leverkusen,2610,0.0,0.0010344827586206,0.0,0.2758620689655172,0.0,72.59,0.0,50.0,7.9655172413793105,0.0,,,,,,,0
Maximilian Beier,Borussia Dortmund,1590,0.4364150943396226,0.1432075471698113,0.7358490566037735,7.018867924528301,1.2452830188679245,72.58,1.811320754716981,54.55,2.773584905660377,0.962264150943396,17/10/2002 00:00,Germany,Attack,right,185.0,https://img.a.transfermarkt.technology/portrait/header/578392-1733829348.jpg?lm=1,30000000
Karol Mets,FC St. Pauli,900,0.013,0.037,0.0,6.1,0.0,83.63,2.5,70.59,3.5,0.7,16/05/1993 00:00,Estonia,Defender,left,191.0,https://img.a.transfermarkt.technology/portrait/header/139304-1755032511.jpg?lm=1,1000000
Emre Can,Borussia Dortmund,2111,0.0179062055897678,0.0575556608242539,0.127901468498342,9.54997631454287,0.63950734249171,90.14,2.984367598294647,63.89,4.817621980104216,1.065845570819517,12/01/1994 00:00,Germany,Defender,right,186.0,https://img.a.transfermarkt.technology/portrait/header/119296-1709561046.jpg?lm=1,6000000
Lukas Klostermann,RB Leipzig,1837,0.0166575939031028,0.0323353293413173,0.0979858464888405,6.565051714752314,0.195971692977681,89.58,2.498639085465433,41.18,3.6254763200870985,0.6369080021774632,03/06/1996 00:00,Germany,Defender,right,189.0,https://img.a.transfermarkt.technology/portrait/header/215599-1724337278.jpg?lm=1,3500000
Julian Ryerson,Borussia Dortmund,2270,0.0293392070484581,0.1907048458149779,0.198237885462555,10.744493392070485,1.4273127753303965,89.48,2.696035242290749,32.35,4.757709251101322,1.2290748898678414,17/11/1997 00:00,Norway,Defender,right,183.0,https://img.a.transfermarkt.technology/portrait/header/370789-1709561216.jpg?lm=1,20000000
Amos Pieper,SV Werder Bremen,1517,0.0255108767303889,0.0344100197758734,0.05932762030323,3.5003295978905737,0.1186552406064601,85.14,3.3223467369808835,50.0,3.3223467369808835,0.6526038233355307,17/01/1998 00:00,Germany,Defender,right,192.0,https://img.a.transfermarkt.technology/portrait/header/334221-1756028162.jpg?lm=1,4000000
Nordi Mukiele,Bayer 04 Leverkusen,904,0.1413716814159292,0.0935840707964601,0.2986725663716814,9.856194690265486,0.8960176991150443,81.37,3.584070796460177,50.0,4.579646017699115,0.5973451327433629,01/11/1997 00:00,France,Defender,right,187.0,https://img.a.transfermarkt.technology/portrait/header/348026-1727378130.jpg?lm=1,15000000
Kiliann Sildillia,SC Freiburg,815,0.0519018404907975,0.0817177914110429,0.2208588957055214,5.300613496932516,0.6625766871165645,77.78,3.0920245398773005,50.0,3.644171779141105,1.1042944785276074,16/05/2002 00:00,France,Defender,right,186.0,https://img.a.transfermarkt.technology/portrait/header/548348-1691998588.jpg?lm=1,15000000
Florian Grillitsch,TSG Hoffenheim,604,0.023841059602649,0.1117549668874172,0.1490066225165562,13.708609271523178,0.7450331125827815,86.86,3.4271523178807946,34.78,4.619205298013245,0.5960264900662251,07/08/1995 00:00,Austria,Midfield,right,187.0,https://img.a.transfermarkt.technology/portrait/header/195736-1691269821.jpg?lm=1,2000000
Patrick Erras,Holstein Kiel,833,0.0983193277310924,0.0183673469387755,0.1080432172869147,1.9447779111644656,0.0,91.96,1.8367346938775508,60.0,2.593037214885954,1.1884753901560623,21/01/1995 00:00,Germany,Defender,right,196.0,https://img.a.transfermarkt.technology/portrait/header/193859-1756808503.jpg?lm=1,300000
Noah Weißhaupt,FC St. Pauli,1246,0.1502407704654895,0.1372391653290529,0.2889245585874799,8.089887640449438,1.0112359550561798,71.95,0.5778491171749599,44.12,3.9004815409309783,0.7945425361155698,20/09/2001 00:00,Germany,Attack,right,182.0,https://img.a.transfermarkt.technology/portrait/header/392163-1658413281.jpg?lm=1,5000000
Martin Terrier,Bayer 04 Leverkusen,583,0.3782161234991424,0.2593481989708405,0.9262435677530017,10.65180102915952,0.3087478559176672,84.21,0.7718696397941681,45.83,1.234991423670669,0.3087478559176672,04/03/1997 00:00,France,Attack,right,184.0,https://img.a.transfermarkt.technology/portrait/header/442891-1727378397.jpg?lm=1,12000000
Budu Zivzivadze,1. FC Heidenheim,967,0.1572905894519131,0.1312306101344364,0.9307135470527406,4.746639089968976,0.8376421923474665,69.5,1.861427094105481,26.74,3.0713547052740435,0.8376421923474665,10/03/1994 00:00,Georgia,Attack,both,189.0,https://img.a.transfermarkt.technology/portrait/header/187097-1755088727.jpg?lm=1,1200000
Manolis Saliakas,FC St. Pauli,2328,0.0564432989690721,0.1140463917525773,0.2319587628865979,7.538659793814433,0.1159793814432989,75.6,2.551546391752577,56.0,3.247422680412371,0.6572164948453608,12/09/1996 00:00,Greece,Defender,right,177.0,https://img.a.transfermarkt.technology/portrait/header/242661-1755032759.jpg?lm=1,1500000
Philipp Treu,FC St. Pauli,2885,0.0386828422876949,0.0870363951473136,0.1247833622183708,7.923743500866551,0.4055459272097053,82.99,2.495667244367417,36.84,4.5857885615251295,0.6239168110918544,03/12/2000 00:00,Germany,Defender,right,173.0,https://img.a.transfermarkt.technology/portrait/header/335993-1753984451.jpg?lm=1,8000000
Konstantinos Koulierakis,VfL Wolfsburg,2476,0.0348949919224555,0.0290791599353796,0.1090468497576736,4.725363489499192,0.2544426494345719,83.77,2.6534733441033924,59.41,3.3804523424878834,0.8723747980613893,28/11/2003 00:00,Greece,Defender,left,188.0,https://img.a.transfermarkt.technology/portrait/header/669380-1752736071.jpg?lm=1,25000000
Lucas Höler,SC Freiburg,1881,0.3339712918660287,0.0837320574162679,0.9090909090909092,7.942583732057416,0.861244019138756,67.01,2.105263157894737,56.55,3.253588516746412,1.4354066985645937,10/07/1994 00:00,Germany,Attack,right,184.0,https://img.a.transfermarkt.technology/portrait/header/248999-1753984328.jpg?lm=1,4000000
Ko Itakura,Borussia M'gladbach,2790,0.0519354838709677,0.0474193548387096,0.2258064516129032,2.4516129032258065,0.3870967741935484,89.45,2.193548387096774,64.36,3.064516129032258,0.9032258064516128,27/01/1997 00:00,Japan,Defender,right,188.0,https://img.a.transfermarkt.technology/portrait/header/355816-1662966245.jpg?lm=1,10000000
Ermedin Demirovic,VfB Stuttgart,1861,0.6112842557764643,0.0831810854379365,1.4508328855454058,4.981192907039226,0.2418054809242343,71.47,0.7254164427727029,41.46,1.5959161740999463,1.160666308436325,25/03/1998 00:00,Bosnia-Herzegovina,Attack,right,185.0,https://img.a.transfermarkt.technology/portrait/header/335457-1723707508.jpg?lm=1,22000000
Elias Saad,FC St. Pauli,912,0.2773026315789474,0.106578947368421,0.7894736842105263,8.980263157894738,1.5789473684210529,79.91,2.2697368421052637,25.81,4.243421052631579,1.6776315789473686,27/12/1999 00:00,Tunisia,Attack,right,185.0,https://img.a.transfermarkt.technology/portrait/header/526466-1755201952.jpg?lm=1,0
Jean-Mattéo Bahoya,Eintracht Frankfurt,927,0.1805825242718446,0.2223300970873786,0.2912621359223301,8.54368932038835,1.6504854368932038,78.27,3.203883495145631,66.67,4.951456310679611,0.8737864077669902,07/05/2005 00:00,France,Attack,right,180.0,https://img.a.transfermarkt.technology/portrait/header/939964-1724772389.jpg?lm=1,25000000
Kevin Kampl,RB Leipzig,1596,0.0462406015037593,0.1511278195488722,0.112781954887218,13.703007518796992,0.7330827067669172,91.07,2.87593984962406,18.75,5.639097744360902,1.1278195488721805,09/10/1990 00:00,Slovenia,Midfield,right,178.0,https://img.a.transfermarkt.technology/portrait/header/53418-1742828221.jpg?lm=1,3500000
Jonas Omlin,Borussia M'gladbach,979,0.0,0.0009193054136874,0.0,0.1838610827374872,0.0919305413687436,71.06,0.0,100.0,9.284984678243104,0.0919305413687436,10/01/1994 00:00,Switzerland,Goalkeeper,right,190.0,https://img.a.transfermarkt.technology/portrait/header/247915-1691248651.jpg?lm=1,1500000
Ellyes Skhiri,Eintracht Frankfurt,2240,0.0554464285714285,0.07875,0.0803571428571428,8.276785714285714,0.4419642857142857,88.94,2.852678571428571,51.28,4.21875,0.8839285714285714,10/05/1995 00:00,Tunisia,Midfield,right,185.0,https://img.a.transfermarkt.technology/portrait/header/290587-1696509403.jpg?lm=1,6000000
Leopold Querfeld,1. FC Union Berlin,1750,0.0586285714285714,0.0642857142857143,0.2057142857142857,3.651428571428572,0.1542857142857143,81.41,2.262857142857143,54.92,3.3942857142857146,1.0285714285714287,20/12/2003 00:00,Austria,Defender,right,190.0,https://img.a.transfermarkt.technology/portrait/header/597432-1726351317.jpg?lm=1,18000000
Enzo Millot,VfB Stuttgart,1850,0.3322702702702702,0.1722162162162162,0.9243243243243242,14.594594594594591,1.508108108108108,87.32,2.091891891891892,29.63,4.816216216216215,1.2162162162162162,17/07/2002 00:00,France,Midfield,left,175.0,https://img.a.transfermarkt.technology/portrait/header/569366-1723707547.jpg?lm=1,28000000
Hugo Larsson,Eintracht Frankfurt,2403,0.1157303370786516,0.0704119850187265,0.3745318352059925,8.50187265917603,0.449438202247191,87.44,2.8838951310861423,48.15,4.531835205992509,0.7865168539325843,27/06/2004 00:00,Sweden,Midfield,right,187.0,https://img.a.transfermarkt.technology/portrait/header/931838-1696509259.jpg?lm=1,40000000
Maximilian Eggestein,SC Freiburg,2855,0.0617863397548161,0.080385288966725,0.3782837127845884,8.952714535901926,0.3467600700525394,84.04,3.026269702276708,51.28,4.854640980735552,0.6935201401050788,08/12/1996 00:00,Germany,Midfield,right,181.0,https://img.a.transfermarkt.technology/portrait/header/190284-1723189965.jpg?lm=1,10000000
Gregor Kobel,Borussia Dortmund,2880,0.0,0.0009375,0.0,0.6875,0.0625,77.97,0.03125,100.0,7.90625,0.0,06/12/1997 00:00,Switzerland,Goalkeeper,right,196.0,https://img.a.transfermarkt.technology/portrait/header/257814-1709559904.jpg?lm=1,40000000
Nicolas Seiwald,RB Leipzig,2081,0.009514656415185,0.1154733301297453,0.0,9.557904853435849,0.1729937530033637,84.95,3.632868813070639,41.38,5.406054781355118,1.1677078327727053,04/05/2001 00:00,Austria,Midfield,right,180.0,https://img.a.transfermarkt.technology/portrait/header/404950-1716315232.jpg?lm=1,16000000
Valentin Gendrey,TSG Hoffenheim,1416,0.0699152542372881,0.1697033898305084,0.3177966101694915,8.26271186440678,0.1906779661016949,76.01,2.860169491525424,50.98,3.305084745762712,0.7627118644067797,21/06/2000 00:00,France,Defender,right,179.0,https://img.a.transfermarkt.technology/portrait/header/569387-1663745931.jpg?lm=1,7000000
Kevin Müller,1. FC Heidenheim,2940,0.0,0.0024489795918367,0.0,1.0102040816326532,0.0,72.67,0.0918367346938775,90.91,8.510204081632654,0.0,15/03/1991 00:00,Germany,Goalkeeper,right,190.0,https://img.a.transfermarkt.technology/portrait/header/43824-1755089032.jpg?lm=1,300000
Alexander Nübel,VfB Stuttgart,3060,0.0,0.005,0.0,0.7941176470588235,0.0294117647058823,74.74,0.0,83.33,8.029411764705882,0.0,30/09/1996 00:00,Germany,Goalkeeper,right,193.0,https://img.a.transfermarkt.technology/portrait/header/195778-1691998861.jpg?lm=1,12000000
Thomas Müller,FC Bayern München,1255,0.2725099601593625,0.2933067729083665,0.7888446215139442,14.557768924302788,0.5737051792828686,78.01,0.7171314741035857,39.58,1.7211155378486056,1.00398406374502,13/09/1989 00:00,Germany,Attack,right,185.0,https://img.a.transfermarkt.technology/portrait/header/58358-1771861722.jpg?lm=1,5000000
Jan Schöppner,1. FC Heidenheim,2686,0.1296723752792256,0.0696947133283693,0.4355919583023082,6.399851079672375,0.4690990320178704,75.05,3.3172002978406554,49.17,4.355919583023082,1.0722263588979897,12/06/1999 00:00,Germany,Midfield,right,190.0,https://img.a.transfermarkt.technology/portrait/header/581357-1721852254.jpg?lm=1,4000000
Frank Onyeka,FC Augsburg,2597,0.0488640739314593,0.0686176357335387,0.2079322294955718,8.178667693492491,0.6237966884867154,84.93,3.2576049287639584,43.59,5.09433962264151,1.6288024643819792,01/01/1998 00:00,Nigeria,Midfield,right,183.0,https://img.a.transfermarkt.technology/portrait/header/421637-1726605377.jpg?lm=1,7000000
Benjamin Henrichs,RB Leipzig,940,0.045,0.1953191489361702,0.0957446808510638,8.425531914893616,0.8617021276595744,76.69,4.5,64.29,5.74468085106383,1.24468085106383,23/02/1997 00:00,Germany,Defender,right,185.0,https://img.a.transfermarkt.technology/portrait/header/202591-1715858341.jpg?lm=1,20000000
Adrian Beck,1. FC Heidenheim,1610,0.1816770186335403,0.1062111801242235,0.7267080745341615,8.217391304347826,2.2360248447204967,82.01,2.5155279503105588,59.18,7.3229813664596275,0.8944099378881988,09/06/1997 00:00,Germany,Midfield,right,186.0,https://img.a.transfermarkt.technology/portrait/header/273669-1721852328.jpg?lm=1,2000000
Mathias Honsak,1. FC Heidenheim,1184,0.247804054054054,0.1451858108108108,0.7601351351351352,4.940878378378379,0.6841216216216216,73.75,1.900337837837838,50.0,4.180743243243243,1.0641891891891893,20/12/1996 00:00,Austria,Attack,left,188.0,https://img.a.transfermarkt.technology/portrait/header/283497-1721852632.jpg?lm=1,2000000
Gerrit Holtmann,VfL Bochum 1848,1100,0.1677272727272727,0.2274545454545454,0.6545454545454545,6.627272727272728,0.4090909090909091,78.09,3.272727272727273,44.0,3.8454545454545457,2.1272727272727274,25/03/1995 00:00,Philippines,Attack,left,185.0,https://img.a.transfermarkt.technology/portrait/header/190289-1721851662.jpg?lm=1,700000
Edmond Tapsoba,Bayer 04 Leverkusen,2511,0.0408602150537634,0.0473118279569892,0.07168458781362,12.114695340501791,0.3942652329749104,87.08,2.2580645161290325,61.36,4.444444444444445,1.2186379928315412,02/02/1999 00:00,Burkina Faso,Defender,right,194.0,https://img.a.transfermarkt.technology/portrait/header/564545-1695368009.jpg?lm=1,35000000
Oliver Burke,SV Werder Bremen,931,0.4002148227712137,0.1092373791621911,1.2567132116004296,7.926960257787325,0.6766917293233082,63.0,1.2567132116004296,64.52,2.513426423200859,1.1600429645542427,07/04/1997 00:00,Scotland,Attack,right,188.0,https://img.a.transfermarkt.technology/portrait/header/341317-1755624913.jpg?lm=1,4000000
Philipp Lienhart,SC Freiburg,2771,0.0149404547094911,0.030855286900036,0.032479249368459,6.268495128112595,0.1299169974738361,87.57,1.8837964633706243,61.29,3.670155178635872,0.7145434861060989,11/07/1996 00:00,Austria,Defender,right,189.0,https://img.a.transfermarkt.technology/portrait/header/225657-1658411602.jpg?lm=1,12000000
John Tolkin,Holstein Kiel,739,0.0073071718538565,0.1278755074424898,0.0,4.749661705006766,0.6089309878213803,72.92,3.1664411366711778,60.0,2.557510148849797,0.2435723951285521,31/07/2002 00:00,United States,Defender,left,170.0,https://img.a.transfermarkt.technology/portrait/header/683812-1710582118.jpg?lm=1,2500000
Kristijan Jakic,FC Augsburg,2308,0.0311958405545927,0.0686308492201039,0.2339688041594454,8.578856152512998,0.5459272097053726,83.93,2.8856152512998268,55.22,5.186308492201039,0.8968804159445407,14/05/1997 00:00,Croatia,Midfield,right,184.0,https://img.a.transfermarkt.technology/portrait/header/374954-1755201482.jpg?lm=1,6000000
Jamie Leweling,VfB Stuttgart,1675,0.083820895522388,0.1778507462686567,0.8597014925373134,8.113432835820896,2.202985074626865,76.94,1.4507462686567163,60.0,3.922388059701493,0.9134328358208956,26/02/2001 00:00,Germany,Attack,both,185.0,https://img.a.transfermarkt.technology/portrait/header/518505-1691999306.jpg?lm=1,25000000
Can Uzun,Eintracht Frankfurt,675,0.4,0.1533333333333333,1.4666666666666666,12.4,1.4666666666666666,82.92,1.4666666666666666,62.5,4.133333333333334,1.0666666666666669,11/11/2005 00:00,Türkiye,Midfield,right,186.0,https://img.a.transfermarkt.technology/portrait/header/816585-1724772468.jpg?lm=1,45000000
Amine Adli,Bayer 04 Leverkusen,764,0.3227748691099477,0.2179319371727748,0.824607329842932,14.842931937172777,1.7670157068062826,81.07,1.7670157068062826,44.9,3.534031413612565,1.7670157068062826,10/05/2000 00:00,Morocco,Attack,left,180.0,https://img.a.transfermarkt.technology/portrait/header/532776-1689710574.jpg?lm=1,20000000
Woo-yeong Jeong,1. FC Union Berlin,1203,0.2064837905236907,0.140648379052369,0.4488778054862842,11.221945137157109,0.8977556109725685,79.43,1.5710723192019949,34.21,5.012468827930174,1.1970074812967582,20/09/1999 00:00,"Korea, South",Midfield,right,179.0,https://img.a.transfermarkt.technology/portrait/header/297583-1723707463.jpg?lm=1,3500000
Luca Philipp,TSG Hoffenheim,540,0.0,0.0033333333333333,0.0,1.3333333333333333,0.0,59.06,0.1666666666666666,0.0,7.0,0.0,28/11/2000 00:00,Germany,Goalkeeper,right,192.0,https://img.a.transfermarkt.technology/portrait/header/432671-1755092013.jpg?lm=1,750000
Nediljko Labrovic,FC Augsburg,1350,0.0,0.006,0.0,1.2,0.0,65.58,0.0,87.5,8.733333333333333,0.0,10/10/1999 00:00,Croatia,Goalkeeper,right,196.0,https://img.a.transfermarkt.technology/portrait/header/610190-1755200567.jpg?lm=1,2000000
Julián Malatini,SV Werder Bremen,452,0.047787610619469,0.0915929203539823,0.1991150442477876,7.367256637168142,0.3982300884955752,86.87,3.584070796460177,66.67,3.7831858407079646,1.7920353982300885,31/05/2001 00:00,Argentina,Defender,right,191.0,https://img.a.transfermarkt.technology/portrait/header/830108-1722887346.jpg?lm=1,2000000
Anthony Rouault,VfB Stuttgart,1219,0.0383921246923708,0.0339622641509433,0.0738310090237899,4.725184577522559,0.1476620180475799,90.22,2.51025430680886,61.82,4.651353568498769,1.3289581624282198,29/05/2001 00:00,France,Defender,right,186.0,https://img.a.transfermarkt.technology/portrait/header/690799-1723707069.jpg?lm=1,9000000
Marius Wolf,FC Augsburg,2168,0.0286439114391143,0.1888837638376383,0.0830258302583025,10.087638376383763,0.7887453874538746,70.55,2.117158671586716,50.0,3.404059040590406,0.7887453874538746,27/05/1995 00:00,Germany,Defender,right,188.0,https://img.a.transfermarkt.technology/portrait/header/193900-1755201094.jpg?lm=1,2500000
Bazoumana Touré,TSG Hoffenheim,618,0.1995145631067961,0.2650485436893204,0.7281553398058253,7.718446601941748,1.7475728155339807,72.15,2.184466019417476,41.38,3.932038834951456,1.8932038834951457,02/03/2006 00:00,Cote d'Ivoire,Attack,left,175.0,https://img.a.transfermarkt.technology/portrait/header/1067904-1755092124.jpg?lm=1,25000000
Jeremie Frimpong,Bayer 04 Leverkusen,2326,0.1625107480653482,0.1799226139294927,0.6190885640584695,9.17024935511608,0.9673258813413586,83.97,1.586414445399828,35.0,3.250214961306965,0.7738607050730868,10/12/2000 00:00,Netherlands,Defender,right,172.0,https://img.a.transfermarkt.technology/portrait/header/484547-1689710682.jpg?lm=1,38000000
Phillip Tietz,FC Augsburg,1684,0.2816508313539192,0.0753562945368171,1.0688836104513064,6.573634204275535,0.8016627078384798,62.34,0.8551068883610451,47.31,2.565320665083135,1.9239904988123515,09/07/1997 00:00,Germany,Attack,right,190.0,https://img.a.transfermarkt.technology/portrait/header/288340-1755201829.jpg?lm=1,3500000
Joakim Maehle,VfL Wolfsburg,2190,0.0834246575342465,0.1261643835616438,0.2876712328767123,9.904109589041097,0.7808219178082192,81.56,2.4246575342465757,58.62,5.013698630136987,0.3698630136986301,20/05/1997 00:00,Denmark,Defender,right,185.0,https://img.a.transfermarkt.technology/portrait/header/369674-1724770995.jpg?lm=1,9000000
Antonio Nusa,RB Leipzig,1564,0.088618925831202,0.149616368286445,0.4028132992327366,8.286445012787725,2.2442455242966752,77.84,2.186700767263427,37.5,4.488491048593351,0.8056265984654732,17/04/2005 00:00,Norway,Attack,right,183.0,https://img.a.transfermarkt.technology/portrait/header/894914-1724337096.jpg?lm=1,32000000
Kevin Akpoguma,TSG Hoffenheim,2221,0.0040522287257991,0.0251238180999549,0.0405222872579918,6.726699684826655,0.3241782980639351,88.2,3.3633498424133275,50.0,4.3358847366051325,1.0130571814497975,19/04/1995 00:00,Nigeria,Defender,right,192.0,https://img.a.transfermarkt.technology/portrait/header/160241-1723920979.jpg?lm=1,2000000
Robert Skov,1. FC Union Berlin,773,0.0838292367399741,0.2724450194049159,0.5821474773609314,6.520051746442432,0.3492884864165588,70.55,2.445019404915912,56.25,4.657179818887451,1.5135834411384217,20/05/1996 00:00,Denmark,Midfield,left,185.0,https://img.a.transfermarkt.technology/portrait/header/270393-1726350741.jpg?lm=1,3000000
Myron Boadu,VfL Bochum 1848,1043,0.5936720997123682,0.1406519654841802,1.2943432406519657,5.177372962607862,0.9491850431447748,71.35,0.2588686481303931,48.72,1.725790987535954,0.9491850431447748,14/01/2001 00:00,Netherlands,Attack,right,183.0,https://img.a.transfermarkt.technology/portrait/header/412932-1666692057.jpg?lm=1,5000000
Josip Juranovic,1. FC Union Berlin,1167,0.0223650385604113,0.2089974293059125,0.1542416452442159,6.015424164524422,0.8483290488431876,71.5,2.159383033419023,44.44,4.781491002570694,0.6169665809768637,16/08/1995 00:00,Croatia,Defender,right,173.0,https://img.a.transfermarkt.technology/portrait/header/362977-1691614466.jpg?lm=1,2500000
Elvis Rexhbecaj,FC Augsburg,1792,0.0708147321428571,0.0999441964285714,0.2511160714285714,8.889508928571429,0.5022321428571428,76.96,2.1595982142857144,36.67,4.268973214285714,0.6529017857142857,01/11/1997 00:00,Kosovo,Midfield,left,182.0,https://img.a.transfermarkt.technology/portrait/header/280575-1755201620.jpg?lm=1,3500000
Niklas Süle,Borussia Dortmund,1059,0.0535410764872521,0.0305949008498583,0.1699716713881019,9.773371104815864,0.254957507082153,92.99,1.5297450424929178,66.67,4.504249291784702,0.4249291784702549,03/09/1995 00:00,Germany,Defender,right,195.0,https://img.a.transfermarkt.technology/portrait/header/166601-1709560223.jpg?lm=1,5000000
Ibrahima Sissoko,VfL Bochum 1848,2535,0.0479289940828402,0.0958579881656804,0.2485207100591716,6.674556213017751,1.0650887573964496,76.37,3.4437869822485205,59.35,5.36094674556213,2.556213017751479,27/10/1997 00:00,Mali,Midfield,right,193.0,https://img.a.transfermarkt.technology/portrait/header/372712-1721851302.jpg?lm=1,3000000
Niklas Dorsch,1. FC Heidenheim,1377,0.065359477124183,0.1287581699346405,0.196078431372549,7.908496732026143,0.457516339869281,86.57,2.8758169934640523,47.06,4.967320261437909,0.9803921568627452,15/01/1998 00:00,Germany,Midfield,right,178.0,https://img.a.transfermarkt.technology/portrait/header/251302-1755087869.jpg?lm=1,3000000
Alexander Prass,TSG Hoffenheim,1576,0.0502538071065989,0.1616116751269035,0.0571065989847715,8.680203045685278,1.1421319796954317,75.59,2.91243654822335,47.22,5.253807106598984,0.9708121827411168,26/05/2001 00:00,Austria,Midfield,left,182.0,https://img.a.transfermarkt.technology/portrait/header/434116-1723921044.jpg?lm=1,5000000
Finn Becker,TSG Hoffenheim,666,0.0162162162162162,0.0486486486486486,0.2702702702702702,10.81081081081081,0.8108108108108107,83.96,2.8378378378378377,77.78,6.756756756756756,0.6756756756756757,08/06/2000 00:00,Germany,Midfield,left,177.0,https://img.a.transfermarkt.technology/portrait/header/334999-1755090337.jpg?lm=1,1500000
,Borussia M'gladbach,848,0.1974056603773585,0.1326650943396226,1.3797169811320755,8.066037735849056,0.955188679245283,77.78,2.22877358490566,34.62,2.22877358490566,0.7429245283018868,,,,,,,0
Senne Lynen,SV Werder Bremen,2744,0.0377186588921282,0.0377186588921282,0.0983965014577259,5.870991253644315,0.3935860058309038,83.42,4.493440233236152,47.17,6.264577259475219,1.2463556851311954,19/02/1999 00:00,Belgium,Midfield,right,185.0,https://img.a.transfermarkt.technology/portrait/header/338668-1756028282.jpg?lm=1,10000000
András Schäfer,1. FC Union Berlin,1467,0.0349693251533742,0.0717791411042944,0.0613496932515337,6.441717791411043,0.7361963190184049,75.15,4.417177914110429,58.14,4.233128834355828,1.656441717791411,13/04/1999 00:00,Hungary,Midfield,right,178.0,https://img.a.transfermarkt.technology/portrait/header/454863-1726351222.jpg?lm=1,4500000
Benedikt Pichler,Holstein Kiel,793,0.2587641866330391,0.133921815889029,1.021437578814628,4.880201765447667,0.9079445145018916,65.67,0.7944514501891551,57.53,1.7023959646910465,1.5889029003783102,20/07/1997 00:00,Austria,Attack,right,189.0,https://img.a.transfermarkt.technology/portrait/header/331362-1757925435.png?lm=1,1500000
Tiago Tomás,VfL Wolfsburg,1896,0.2572784810126582,0.0707278481012658,0.949367088607595,5.363924050632911,1.3765822784810129,72.1,1.9936708860759491,21.43,3.5126582278481013,1.4240506329113924,16/06/2002 00:00,Portugal,Attack,right,180.0,https://img.a.transfermarkt.technology/portrait/header/616344-1695623995.jpg?lm=1,15000000
Georgios Masouras,VfL Bochum 1848,1063,0.3268109125117591,0.0931326434619002,1.2699905926622763,5.333960489181561,0.4233301975540922,76.19,1.862652869238005,41.27,3.725305738476011,1.0159924741298212,01/01/1994 00:00,Greece,Attack,right,184.0,https://img.a.transfermarkt.technology/portrait/header/329517-1718287090.jpg?lm=1,1800000
Erhan Masovic,VfL Bochum 1848,913,0.0640744797371303,0.0463307776560788,0.3943044906900328,3.548740416210296,0.0,83.29,2.5629791894852136,59.46,3.154435925520263,1.182913472070099,22/11/1998 00:00,Serbia,Defender,both,189.0,https://img.a.transfermarkt.technology/portrait/header/343959-1657283131.jpg?lm=1,1500000
Danilho Doekhi,1. FC Union Berlin,2970,0.0718181818181818,0.0239393939393939,0.1212121212121212,3.090909090909091,0.0909090909090909,78.79,2.363636363636364,54.72,2.787878787878788,1.0606060606060606,30/06/1998 00:00,Netherlands,Defender,right,190.0,https://img.a.transfermarkt.technology/portrait/header/387047-1692707468.jpg?lm=1,13000000
David Nemeth,FC St. Pauli,2141,0.0092480149462867,0.0142923867351704,0.0420364315740308,3.3629145259224664,0.1681457262961233,87.14,2.5642223260158805,55.07,3.657169546940682,0.8827650630546474,18/03/2001 00:00,Austria,Defender,both,191.0,https://img.a.transfermarkt.technology/portrait/header/451906-1755032414.jpg?lm=1,4000000
Kevin Vogt,1. FC Union Berlin,1280,0.000703125,0.016875,0.0703125,4.359375,0.28125,87.76,1.265625,50.0,5.8359375,0.5625,23/09/1991 00:00,Germany,Defender,right,194.0,https://img.a.transfermarkt.technology/portrait/header/84435-1753298205.jpg?lm=1,400000
Nnamdi Collins,Eintracht Frankfurt,1489,0.047750167897918,0.0743451981195433,0.1208865010073875,6.225654801880457,0.7253190060443251,88.52,2.961719274680994,50.0,4.7145735392881125,1.5715245130960376,10/01/2004 00:00,Germany,Defender,right,188.0,https://img.a.transfermarkt.technology/portrait/header/684315-1724772257.jpg?lm=1,15000000
Rani Khedira,1. FC Union Berlin,2647,0.046581035134114,0.0316207026822818,0.034000755572346,4.726105024556102,0.1700037778617302,76.36,3.6040800906686816,48.78,3.638080846241028,1.4620324896108805,27/01/1994 00:00,Tunisia,Midfield,right,189.0,https://img.a.transfermarkt.technology/portrait/header/124410-1692707430.jpg?lm=1,2000000
Farès Chaïbi,Eintracht Frankfurt,1019,0.2287536800785083,0.258783120706575,0.5299313052011776,9.71540726202159,0.6182531894013739,74.34,2.031403336604514,44.74,2.649656526005888,0.4416094210009813,28/11/2002 00:00,Algeria,Midfield,right,183.0,https://img.a.transfermarkt.technology/portrait/header/855015-1693383538.jpg?lm=1,15000000
Marvin Friedrich,Borussia M'gladbach,991,0.0408678102926337,0.0408678102926337,0.1816347124117053,3.360242179616549,0.1816347124117053,88.49,1.8163471241170532,62.96,3.814328960645813,0.4540867810292633,13/12/1995 00:00,Germany,Defender,right,193.0,https://img.a.transfermarkt.technology/portrait/header/196231-1662966392.jpg?lm=1,1800000
Christian Günter,SC Freiburg,2323,0.0302195436934997,0.1631080499354283,0.2324580284115368,6.741282823934568,0.1162290142057684,78.64,1.2010331467929405,31.82,2.363323288850624,0.5424020662935859,28/02/1993 00:00,Germany,Defender,left,184.0,https://img.a.transfermarkt.technology/portrait/header/93707-1753984492.jpg?lm=1,2000000
Phillipp Mwene,1. FSV Mainz 05,2617,0.0522735957202904,0.1299961788307221,0.1719526175009552,8.597630875047765,0.7565915170042032,77.07,2.579289262514329,37.04,3.782957585021016,0.8253725640045854,29/01/1994 00:00,Austria,Defender,right,170.0,https://img.a.transfermarkt.technology/portrait/header/127573-1722886402.jpg?lm=1,1500000
Justin Njinmah,SV Werder Bremen,958,0.3579331941544885,0.1427974947807933,0.7515657620041754,7.045929018789145,1.033402922755741,65.44,0.8455114822546973,44.44,1.8789144050104385,0.6576200417536535,15/11/2000 00:00,Germany,Attack,right,185.0,https://img.a.transfermarkt.technology/portrait/header/596153-1722887298.jpg?lm=1,7000000
Timo Horn,VfL Bochum 1848,1170,0.0,0.0061538461538461,0.0,2.923076923076923,0.0,54.37,0.0,100.0,7.923076923076923,0.0,12/05/1993 00:00,Germany,Goalkeeper,left,192.0,https://img.a.transfermarkt.technology/portrait/header/84938-1753298252.jpg?lm=1,700000
Leonardo Bittencourt,SV Werder Bremen,1001,0.1456543456543456,0.1663336663336663,0.8091908091908092,12.857142857142858,0.0899100899100899,86.37,3.5964035964035967,28.57,3.956043956043956,1.3486513486513487,19/12/1993 00:00,Germany,Midfield,right,171.0,https://img.a.transfermarkt.technology/portrait/header/93844-1756027773.jpg?lm=1,1200000
Finn Porath,Holstein Kiel,1971,0.0858447488584474,0.0821917808219178,0.5479452054794521,5.616438356164384,0.7305936073059361,70.51,2.968036529680365,51.92,3.60730593607306,1.4155251141552512,23/02/1997 00:00,Germany,Midfield,right,180.0,https://img.a.transfermarkt.technology/portrait/header/241307-1657792610.jpg?lm=1,600000
Phil Harres,Holstein Kiel,1544,0.3357512953367875,0.0647020725388601,0.9909326424870468,2.506476683937824,0.2914507772020726,56.42,0.8743523316062176,43.55,2.3316062176165806,2.040155440414508,25/03/2002 00:00,Germany,Attack,right,193.0,https://img.a.transfermarkt.technology/portrait/header/606119-1756808533.jpg?lm=1,0
Marcel Sabitzer,Borussia Dortmund,1613,0.0993180409175449,0.0864848109113453,0.4463732176069436,12.21946683199008,0.3347799132052077,86.83,2.17606943583385,58.06,3.236205827650341,0.6695598264104154,17/03/1994 00:00,Austria,Midfield,right,178.0,https://img.a.transfermarkt.technology/portrait/header/106987-1711745992.jpg?lm=1,7000000
Sacha Boey,FC Bayern München,599,0.0210350584307178,0.2704507512520868,0.1502504173622704,25.84307178631052,0.9015025041736228,93.79,3.3055091819699496,37.5,5.7095158597662765,1.0517529215358932,13/09/2000 00:00,France,Defender,right,178.0,https://img.a.transfermarkt.technology/portrait/header/475413-1706907003.jpg?lm=1,15000000
Danny da Costa,1. FSV Mainz 05,2011,0.0044753853804077,0.0563898557931377,0.0447538538040775,7.787170561909497,0.3580308304326206,79.25,3.0880159124813527,45.83,4.3858776727996025,0.8503232222774739,13/07/1993 00:00,Germany,Defender,right,187.0,https://img.a.transfermarkt.technology/portrait/header/85906-1752588257.jpg?lm=1,1200000
Marnon Busch,1. FC Heidenheim,1397,0.0225483178239083,0.1153185397279885,0.1932712956335003,7.40873299928418,0.1932712956335003,76.04,2.512526843235505,46.43,3.994273443092341,0.5153901216893343,08/12/1994 00:00,Germany,Defender,right,182.0,https://img.a.transfermarkt.technology/portrait/header/117478-1755087683.jpg?lm=1,1200000
Amadou Haidara,RB Leipzig,1333,0.0918229557389347,0.0837209302325581,0.1350337584396099,8.642160540135034,0.4726181545386346,81.16,3.2408102025506373,52.54,5.941485371342836,1.5528882220555138,31/01/1998 00:00,Mali,Midfield,right,178.0,https://img.a.transfermarkt.technology/portrait/header/402008-1713945184.jpg?lm=1,20000000
Philipp Sander,Borussia M'gladbach,1407,0.0754797441364605,0.062046908315565,0.511727078891258,6.844349680170576,0.7036247334754797,82.69,3.582089552238806,60.0,5.245202558635395,1.023454157782516,21/02/1998 00:00,Germany,Midfield,both,186.0,https://img.a.transfermarkt.technology/portrait/header/388409-1760966764.jpg?lm=1,4000000
Jakub Kaminski,VfL Wolfsburg,1138,0.0735500878734622,0.2839191564147627,0.2372583479789103,8.936731107205624,0.632688927943761,75.0,2.372583479789104,25.93,4.112478031634447,0.7908611599297013,05/06/2002 00:00,Poland,Attack,right,179.0,https://img.a.transfermarkt.technology/portrait/header/407098-1752743041.jpg?lm=1,12000000
Leo Østigård,TSG Hoffenheim,928,0.0310344827586206,0.0339439655172413,0.0,4.461206896551724,0.1939655172413793,84.15,1.7456896551724137,64.52,4.267241379310344,1.8426724137931036,28/11/1999 00:00,Norway,Defender,right,183.0,https://img.a.transfermarkt.technology/portrait/header/367284-1708552959.jpg?lm=1,10000000
Mattias Svanberg,VfL Wolfsburg,1221,0.2683046683046683,0.1164619164619164,0.5896805896805897,6.339066339066339,0.7371007371007371,73.81,2.57985257985258,39.39,3.538083538083538,1.1793611793611791,05/01/1999 00:00,Sweden,Midfield,right,185.0,https://img.a.transfermarkt.technology/portrait/header/342405-1752736577.jpg?lm=1,12000000
Kosta Nedeljkovic,RB Leipzig,477,0.0981132075471698,0.1150943396226415,0.0,9.622641509433963,0.1886792452830188,90.45,2.452830188679245,0.0,2.0754716981132075,1.3207547169811322,16/12/2005 00:00,Serbia,Defender,right,184.0,https://img.a.transfermarkt.technology/portrait/header/848682-1744279498.jpg?lm=1,0
Benedict Hollerbach,1. FC Union Berlin,2464,0.2180600649350649,0.081452922077922,0.8400974025974026,5.588474025974026,1.4610389610389611,72.41,1.6436688311688312,31.52,3.944805194805195,1.4245129870129871,17/05/2001 00:00,Germany,Attack,both,181.0,https://img.a.transfermarkt.technology/portrait/header/453870-1752587912.jpg?lm=1,10000000
Sebastiaan Bornauw,VfL Wolfsburg,791,0.13653603034134,0.015929203539823,0.3413400758533501,2.616940581542351,0.0,82.01,2.389380530973451,62.07,3.1858407079646014,1.3653603034134003,22/03/1999 00:00,Belgium,Defender,right,191.0,https://img.a.transfermarkt.technology/portrait/header/338629-1657202272.jpg?lm=1,5000000
Jakov Medic,VfL Bochum 1848,1595,0.0445768025078369,0.0304702194357366,0.1692789968652037,2.313479623824452,0.1128526645768025,87.68,1.974921630094044,53.57,4.06269592476489,0.5642633228840126,07/09/1998 00:00,Croatia,Defender,right,193.0,https://img.a.transfermarkt.technology/portrait/header/488755-1689779607.jpg?lm=1,2000000
,1. FC Union Berlin,1592,0.0972361809045226,0.082537688442211,0.4522613065326633,6.670854271356784,0.2826633165829145,69.93,3.5615577889447234,49.43,4.239949748743719,1.4133165829145728,,,,,,,0
Lars Ritzka,FC St. Pauli,925,0.0428108108108108,0.0321081081081081,0.0972972972972972,4.67027027027027,0.0,71.35,5.837837837837838,24.14,3.4054054054054053,0.9729729729729728,07/05/1998 00:00,Germany,Defender,left,185.0,https://img.a.transfermarkt.technology/portrait/header/333903-1755032658.jpg?lm=1,0
Oladapo Afolayan,FC St. Pauli,1635,0.1728440366972477,0.1976146788990825,0.7155963302752293,6.055045871559632,2.642201834862385,75.57,1.3761467889908257,29.23,3.9633027522935778,1.1559633027522935,11/09/1997 00:00,England,Attack,right,180.0,https://img.a.transfermarkt.technology/portrait/header/487850-1755033148.jpg?lm=1,1000000
James Sands,FC St. Pauli,451,0.0099778270509977,0.0279379157427937,0.0,5.388026607538802,0.1995565410199556,77.11,3.991130820399113,68.0,4.1906873614190685,2.1951219512195124,06/07/2000 00:00,United States,Midfield,right,186.0,https://img.a.transfermarkt.technology/portrait/header/393321-1755032856.jpg?lm=1,2500000
Nicolas Höfler,SC Freiburg,787,0.0263024142312579,0.0411689961880559,0.0,7.662007623888184,0.457433290978399,87.13,5.374841168996189,65.12,3.0876747141041934,1.3722998729351972,09/03/1990 00:00,Germany,Midfield,right,181.0,https://img.a.transfermarkt.technology/portrait/header/55099-1658412737.jpg?lm=1,500000
Marco Grüll,SV Werder Bremen,1197,0.3,0.1105263157894736,0.7518796992481203,8.571428571428571,0.9774436090225564,80.2,1.1278195488721805,23.08,3.233082706766917,1.6541353383458646,06/07/1998 00:00,Austria,Attack,both,181.0,https://img.a.transfermarkt.technology/portrait/header/391766-1756027360.jpg?lm=1,6000000
Fabian Rieder,VfB Stuttgart,875,0.1419428571428571,0.2499428571428572,0.7200000000000001,11.52,0.9257142857142858,75.64,2.7771428571428576,23.53,4.628571428571429,1.4400000000000002,16/02/2002 00:00,Switzerland,Midfield,left,179.0,https://img.a.transfermarkt.technology/portrait/header/507341-1773671220.jpg?lm=1,8000000
Max Moerstedt,TSG Hoffenheim,450,0.152,0.1159999999999999,0.8,6.4,0.2,68.32,1.0,43.59,2.2,1.2,15/01/2006 00:00,Germany,Attack,right,194.0,https://img.a.transfermarkt.technology/portrait/header/923595-1723920909.jpg?lm=1,7000000
Eren Dinkçi,SC Freiburg,1193,0.0867560771165129,0.0935456831517183,0.2263202011735121,8.977367979882649,1.207041072925398,77.98,2.1123218776194466,30.0,4.149203688181056,0.6789606035205364,13/12/2001 00:00,Türkiye,Attack,right,188.0,https://img.a.transfermarkt.technology/portrait/header/645774-1753984116.jpg?lm=1,6000000
Lucas Tousart,1. FC Union Berlin,567,0.0619047619047619,0.0888888888888889,0.7936507936507937,3.968253968253968,0.7936507936507937,67.5,3.8095238095238098,55.56,5.079365079365079,1.746031746031746,29/04/1997 00:00,France,Midfield,right,184.0,https://img.a.transfermarkt.technology/portrait/header/353948-1691614305.jpg?lm=1,2000000
Finn Jeltsch,VfB Stuttgart,793,0.0056746532156368,0.0385876418663303,0.0,4.426229508196721,0.2269861286254728,92.32,3.518284993694829,57.14,3.858764186633039,0.7944514501891551,17/07/2006 00:00,Germany,Defender,right,188.0,https://img.a.transfermarkt.technology/portrait/header/924117-1753307360.jpg?lm=1,25000000
Jacob Bruun Larsen,VfB Stuttgart,822,0.3153284671532846,0.2551094890510949,1.094890510948905,12.043795620437956,1.8613138686131387,77.94,0.7664233576642336,47.06,2.956204379562044,0.437956204379562,19/09/1998 00:00,Denmark,Attack,right,183.0,https://img.a.transfermarkt.technology/portrait/header/293281-1657201254.jpg?lm=1,5000000
Arthur Chaves,TSG Hoffenheim,2191,0.0332724783204016,0.0147877681424007,0.0821542674577818,4.354176175262437,0.1232314011866727,82.9,3.614787768142401,51.47,3.820173436786855,1.5609310816978548,29/01/2001 00:00,Brazil,Defender,right,188.0,https://img.a.transfermarkt.technology/portrait/header/875332-1773660988.jpg?lm=1,5000000
Anthony Jung,SV Werder Bremen,1905,0.0018897637795275,0.0222047244094488,0.0,7.228346456692913,0.3307086614173228,89.76,2.787401574803149,62.96,3.826771653543307,0.4251968503937007,03/11/1991 00:00,Germany,Defender,left,186.0,https://img.a.transfermarkt.technology/portrait/header/58995-1753984159.jpg?lm=1,700000
Lukas Nmecha,VfL Wolfsburg,474,0.8620253164556962,0.0911392405063291,1.7088607594936709,5.506329113924051,0.759493670886076,66.07,0.759493670886076,58.06,2.848101265822785,1.3291139240506329,14/12/1998 00:00,Germany,Attack,right,185.0,https://img.a.transfermarkt.technology/portrait/header/314288-1657203640.jpg?lm=1,8000000
Arne Maier,FC Augsburg,931,0.1479054779806659,0.2474758324382384,0.5800214822771214,14.983888292158968,0.6766917293233082,83.04,1.8367346938775508,36.36,6.960257787325456,0.870032223415682,08/01/1999 00:00,Germany,Midfield,right,186.0,https://img.a.transfermarkt.technology/portrait/header/296397-1755201583.jpg?lm=1,2000000
Johannes Eggestein,FC St. Pauli,1869,0.1521669341894061,0.0640449438202247,0.6260032102728732,6.115569823434992,0.3370786516853932,78.39,0.2407704654895666,25.22,2.792937399678973,0.5296950240770466,08/05/1998 00:00,Germany,Attack,right,183.0,https://img.a.transfermarkt.technology/portrait/header/251303-1723632371.jpeg?lm=1,800000
Pavel Kaderabek,TSG Hoffenheim,1579,0.0433185560481317,0.0957568081063964,0.1709943001899936,7.181760607979734,0.2849905003166561,72.61,2.564914502849905,55.34,1.4249525015832805,1.1969601013299558,25/04/1992 00:00,Czech Republic,Midfield,right,182.0,https://img.a.transfermarkt.technology/portrait/header/143798-1657200722.jpg?lm=1,1500000
Nicolai Remberg,Holstein Kiel,2420,0.0561570247933884,0.0416528925619834,0.1115702479338843,4.5,0.2603305785123967,78.39,2.7520661157024797,62.33,3.756198347107438,1.5991735537190082,19/06/2000 00:00,Germany,Midfield,right,188.0,https://img.a.transfermarkt.technology/portrait/header/592534-1758188560.jpg?lm=1,5000000
László Bénes,1. FC Union Berlin,591,0.1370558375634517,0.2010152284263959,1.065989847715736,11.573604060913706,0.1522842639593908,71.7,0.7614213197969544,46.67,4.720812182741117,1.370558375634518,09/09/1997 00:00,Slovakia,Midfield,left,181.0,https://img.a.transfermarkt.technology/portrait/header/243188-1770893430.jpg?lm=1,3000000
Patrick Osterhage,SC Freiburg,2274,0.0617414248021108,0.0815303430079155,0.1187335092348285,7.757255936675462,0.4353562005277045,85.31,2.4934036939313984,46.27,4.195250659630607,0.9894459102902377,01/02/2000 00:00,Germany,Midfield,left,186.0,https://img.a.transfermarkt.technology/portrait/header/443331-1723190030.jpg?lm=1,12000000
Yorbe Vertessen,1. FC Union Berlin,713,0.1476858345021037,0.2272089761570827,0.6311360448807853,6.437587657784011,2.2720897615708275,69.19,1.1360448807854138,33.33,4.0392706872370265,1.767180925666199,08/01/2001 00:00,Belgium,Attack,right,174.0,https://img.a.transfermarkt.technology/portrait/header/409517-1754993819.png?lm=1,5000000
Christoph Baumgartner,RB Leipzig,1622,0.2508014796547472,0.0971023427866831,0.8323057953144266,7.102342786683107,0.9432799013563502,70.6,3.1072749691738597,51.85,4.771886559802713,2.441430332922318,01/08/1999 00:00,Austria,Midfield,right,180.0,https://img.a.transfermarkt.technology/portrait/header/324278-1716315718.jpg?lm=1,18000000
Haris Tabakovic,TSG Hoffenheim,817,0.3690330477356181,0.1024479804161566,1.1015911872705018,4.736842105263158,0.4406364749082007,64.56,0.4406364749082007,54.88,1.4320685434516525,1.6523867809057529,20/06/1994 00:00,Bosnia-Herzegovina,Attack,right,196.0,https://img.a.transfermarkt.technology/portrait/header/203123-1720778399.jpg?lm=1,3000000
Lutsharel Geertruida,RB Leipzig,1570,0.062484076433121,0.0911464968152866,0.1146496815286624,8.770700636942676,0.4012738853503185,88.4,2.923566878980892,66.67,4.757961783439491,0.9745222929936308,18/07/2000 00:00,Netherlands,Defender,right,184.0,https://img.a.transfermarkt.technology/portrait/header/420210-1729520430.jpg?lm=1,32000000
Nathan Tella,Bayer 04 Leverkusen,1368,0.2032894736842105,0.1078947368421052,0.7236842105263158,7.565789473684211,1.25,80.71,1.3157894736842106,31.58,2.4342105263157894,1.4473684210526316,05/07/1999 00:00,Nigeria,Attack,right,173.0,https://img.a.transfermarkt.technology/portrait/header/340322-1727377772.jpg?lm=1,15000000
Bence Dárdai,VfL Wolfsburg,1312,0.0713414634146341,0.0665396341463414,0.0685975609756097,6.310975609756098,0.2057926829268292,81.67,2.4695121951219514,42.31,3.567073170731708,0.6173780487804879,24/01/2006 00:00,Hungary,Midfield,right,189.0,https://img.a.transfermarkt.technology/portrait/header/789252-1752736165.jpg?lm=1,7000000
Marco Komenda,Holstein Kiel,1319,0.0068233510235026,0.0579984836997725,0.0,6.072782410917362,0.0682335102350265,79.61,2.183472327520849,34.04,2.524639878695982,1.0917361637604246,26/11/1996 00:00,Germany,Defender,left,184.0,https://img.a.transfermarkt.technology/portrait/header/335631-1756808693.jpg?lm=1,800000
André Silva,SV Werder Bremen,513,0.2701754385964912,0.1298245614035087,1.7543859649122806,9.473684210526317,0.175438596491228,72.97,0.7017543859649122,43.33,2.982456140350877,0.7017543859649122,06/11/1995 00:00,Portugal,Attack,right,186.0,https://img.a.transfermarkt.technology/portrait/header/198008-1724336978.jpg?lm=1,6000000
Felix Passlack,VfL Bochum 1848,2256,0.0506648936170212,0.1340425531914893,0.2393617021276596,6.143617021276596,0.4787234042553192,70.92,2.672872340425532,32.35,4.428191489361702,1.1170212765957448,29/05/1998 00:00,Germany,Defender,right,170.0,https://img.a.transfermarkt.technology/portrait/header/274461-1691250368.jpg?lm=1,1000000
Patrick Drewes,VfL Bochum 1848,1800,0.0,0.0025,0.0,0.6,0.0,64.4,0.0,100.0,8.0,0.05,04/02/1993 00:00,Germany,Goalkeeper,right,194.0,https://img.a.transfermarkt.technology/portrait/header/94192-1721851751.jpg?lm=1,400000
Salih Özcan,Borussia Dortmund,745,0.0543624161073825,0.1171812080536912,0.0,12.442953020134228,0.7248322147651006,78.37,3.74496644295302,62.5,7.248322147651006,1.9328859060402683,11/01/1998 00:00,Türkiye,Midfield,right,183.0,https://img.a.transfermarkt.technology/portrait/header/244940-1709561120.jpg?lm=1,3500000
Tim Siersleben,1. FC Heidenheim,1182,0.0441624365482233,0.0479695431472081,0.1522842639593908,4.34010152284264,0.2284263959390863,82.28,3.1218274111675126,48.78,2.817258883248731,1.218274111675127,09/03/2000 00:00,Germany,Defender,left,187.0,https://img.a.transfermarkt.technology/portrait/header/337092-1755087413.jpg?lm=1,2500000
Benedikt Gimber,1. FC Heidenheim,2677,0.0242062009712364,0.0154650728427344,0.0336197235711617,2.1852820321255138,0.268957788569294,83.07,3.46283152782966,54.1,3.294732909973852,2.050803137840867,19/02/1997 00:00,Germany,Defender,left,187.0,https://img.a.transfermarkt.technology/portrait/header/227084-1755087520.jpg?lm=1,2500000
Ramon Hendriks,VfB Stuttgart,1166,0.0331903945111492,0.119639794168096,0.0771869639794168,5.32590051457976,0.385934819897084,87.15,3.0102915951972555,61.22,3.0874785591766725,0.9262435677530017,18/07/2001 00:00,Netherlands,Defender,left,189.0,https://img.a.transfermarkt.technology/portrait/header/436064-1753734234.jpg?lm=1,5000000
Maxim Leitsch,1. FSV Mainz 05,677,0.1595273264401772,0.025258493353028,0.1329394387001477,4.918759231905465,0.0,79.55,2.924667651403249,38.0,4.7858197932053175,1.329394387001477,18/05/1998 00:00,Germany,Defender,left,189.0,https://img.a.transfermarkt.technology/portrait/header/334207-1676499456.jpg?lm=1,1500000
Andreas Hanche-Olsen,1. FSV Mainz 05,1279,0.0584050039093041,0.0436278342455043,0.1407349491790461,2.8850664581704457,0.070367474589523,83.41,2.322126661454261,60.98,3.096168881939015,1.4073494917904614,17/01/1997 00:00,Norway,Defender,right,185.0,https://img.a.transfermarkt.technology/portrait/header/370683-1692000124.jpg?lm=1,5000000
David Zec,Holstein Kiel,1545,0.0722330097087378,0.0192233009708737,0.2912621359223301,1.9805825242718444,0.2912621359223301,87.76,2.3300970873786406,42.17,4.427184466019417,1.2233009708737863,05/01/2000 00:00,Slovenia,Defender,right,190.0,https://img.a.transfermarkt.technology/portrait/header/469709-1756809046.jpg?lm=1,2500000
Timon Weiner,Holstein Kiel,2250,0.0,0.002,0.0,0.8,0.0,65.21,0.0,92.86,9.56,0.04,18/01/1999 00:00,Germany,Goalkeeper,both,191.0,https://img.a.transfermarkt.technology/portrait/header/296428-1756809019.jpg?lm=1,500000
João Palhinha,FC Bayern München,686,0.0879008746355685,0.0603498542274052,0.3935860058309038,12.72594752186589,0.2623906705539359,92.9,3.1486880466472305,64.52,2.230320699708455,1.7055393586005831,09/07/1995 00:00,Portugal,Midfield,right,190.0,https://img.a.transfermarkt.technology/portrait/header/257455-1684773447.jpg?lm=1,25000000
Anrie Chase,VfB Stuttgart,737,0.0170963364993215,0.0573948439620081,0.0,5.251017639077341,0.2442333785617368,92.05,2.3202170963365,56.67,2.564450474898236,1.4654002713704208,24/03/2004 00:00,Japan,Defender,right,188.0,https://img.a.transfermarkt.technology/portrait/header/948537-1758627800.png?lm=1,2000000
,1. FC Union Berlin,873,0.3072164948453608,0.034020618556701,0.8247422680412372,3.608247422680413,0.7216494845360826,68.98,1.5463917525773196,53.16,3.195876288659794,2.164948453608248,,,,,,,0
Oscar Højlund,Eintracht Frankfurt,714,0.1210084033613445,0.0415966386554621,0.2521008403361344,8.823529411764705,1.0084033613445378,88.21,3.277310924369748,29.17,5.042016806722689,1.512605042016807,04/01/2005 00:00,Denmark,Midfield,right,184.0,https://img.a.transfermarkt.technology/portrait/header/846310-1724771793.jpg?lm=1,7500000
Armin Gigovic,Holstein Kiel,1906,0.0883001049317943,0.0826337880377754,0.5194123819517313,5.099685204616999,0.944386149003148,79.73,2.1720881427072403,48.65,5.524658971668416,1.038824763903463,06/04/2002 00:00,Bosnia-Herzegovina,Midfield,right,187.0,https://img.a.transfermarkt.technology/portrait/header/651269-1752734921.jpg?lm=1,2000000
Janik Haberer,1. FC Union Berlin,1704,0.038556338028169,0.0987676056338028,0.1584507042253521,5.334507042253521,0.1056338028169014,78.48,2.9577464788732395,33.33,4.383802816901408,1.1619718309859155,02/04/1994 00:00,Germany,Midfield,right,187.0,https://img.a.transfermarkt.technology/portrait/header/177779-1692707721.jpg?lm=1,2500000
Derrick Köhn,SV Werder Bremen,1360,0.0496323529411764,0.1336764705882352,0.2647058823529412,9.727941176470589,0.9926470588235294,83.72,1.9852941176470589,40.91,3.772058823529412,0.9264705882352942,04/02/1999 00:00,Ghana,Defender,left,180.0,https://img.a.transfermarkt.technology/portrait/header/391780-1707464358.png?lm=1,4000000
Aljoscha Kemlein,1. FC Union Berlin,902,0.0937915742793791,0.0668514412416851,0.2993348115299334,6.585365853658536,0.4988913525498891,75.45,1.5964523281596452,58.82,5.687361419068736,1.496674057649667,02/08/2004 00:00,Germany,Midfield,right,188.0,https://img.a.transfermarkt.technology/portrait/header/692737-1691614020.jpg?lm=1,9000000
Jonas Urbig,FC Bayern München,720,0.0,0.01875,0.0,1.375,0.0,78.66,0.0,100.0,9.0,0.0,08/08/2003 00:00,Germany,Goalkeeper,both,189.0,https://img.a.transfermarkt.technology/portrait/header/607720-1737037032.jpg?lm=1,2000000
Dani de Wit,VfL Bochum 1848,1166,0.1636363636363636,0.0409090909090909,0.5403087478559176,5.480274442538593,0.0771869639794168,73.1,3.164665523156089,45.56,2.778730703259005,1.8524871355060035,28/01/1998 00:00,Netherlands,Midfield,right,184.0,https://img.a.transfermarkt.technology/portrait/header/340459-1753095664.jpg?lm=1,2500000
Max Geschwill,Holstein Kiel,1284,0.0609813084112149,0.0616822429906542,0.1401869158878504,4.205607476635514,0.1401869158878504,77.65,3.925233644859813,41.67,3.714953271028037,0.911214953271028,07/07/2001 00:00,Germany,Defender,left,185.0,https://img.a.transfermarkt.technology/portrait/header/471890-1755504982.jpg?lm=1,1200000
Gift Orban,TSG Hoffenheim,690,0.4382608695652173,0.118695652173913,0.5217391304347826,3.652173913043478,0.5217391304347826,71.85,0.3913043478260869,35.71,2.347826086956521,1.9565217391304348,17/07/2002 00:00,Nigeria,Attack,right,178.0,https://img.a.transfermarkt.technology/portrait/header/1018259-1755091563.jpg?lm=1,8500000
Lasse Rosenboom,Holstein Kiel,1747,0.0968517458500286,0.0628506010303377,0.2575844304522037,3.4516313680595307,0.3606182026330853,62.81,3.40011448196909,44.44,2.936462507155123,0.9788208357183744,19/01/2002 00:00,Germany,Defender,right,190.0,https://img.a.transfermarkt.technology/portrait/header/512352-1756808877.jpg?lm=1,1200000
Mert Kömür,FC Augsburg,646,0.1588235294117647,0.1852941176470588,0.9752321981424148,7.801857585139318,1.671826625386997,76.04,0.8359133126934984,40.0,4.458204334365325,0.9752321981424148,17/07/2005 00:00,Germany,Midfield,both,184.0,https://img.a.transfermarkt.technology/portrait/header/777005-1755201514.jpg?lm=1,12000000
Fredrik Jensen,FC Augsburg,772,0.0792746113989637,0.0757772020725388,0.0,6.878238341968912,0.8160621761658031,74.38,1.2823834196891193,31.58,1.7487046632124352,0.5829015544041452,09/09/1997 00:00,Finland,Midfield,right,183.0,https://img.a.transfermarkt.technology/portrait/header/249157-1722850499.jpg?lm=1,3000000
Donyell Malen,Borussia Dortmund,610,0.4337704918032787,0.0708196721311475,0.8852459016393442,9.0,1.6229508196721312,75.44,0.4426229508196721,25.0,2.2131147540983607,0.2950819672131147,19/01/1999 00:00,Netherlands,Attack,right,176.0,https://img.a.transfermarkt.technology/portrait/header/326029-1711746104.jpg?lm=1,25000000
Milos Veljkovic,SV Werder Bremen,1038,0.0485549132947976,0.0485549132947976,0.0867052023121387,6.416184971098266,0.0,87.89,1.0404624277456649,58.14,2.7745664739884397,0.4335260115606936,26/09/1995 00:00,Serbia,Defender,right,188.0,https://img.a.transfermarkt.technology/portrait/header/202228-1694527030.jpg?lm=1,2500000
Alexander Schwolow,1. FC Union Berlin,540,0.0,0.0166666666666666,0.0,0.5,0.0,68.33,0.0,100.0,6.333333333333333,0.0,02/06/1992 00:00,Germany,Goalkeeper,right,190.0,https://img.a.transfermarkt.technology/portrait/header/93763-1726351593.jpg?lm=1,450000
Nelson Weiper,1. FSV Mainz 05,710,0.5197183098591549,0.0925352112676056,1.5211267605633805,6.591549295774648,1.2676056338028168,69.51,0.8873239436619718,43.59,2.535211267605633,2.408450704225352,17/03/2005 00:00,Germany,Attack,right,192.0,https://img.a.transfermarkt.technology/portrait/header/796213-1692000176.jpg?lm=1,12000000
Paul Wanner,1. FC Heidenheim,1781,0.1465468837731611,0.0914654688377316,0.3537338573834924,8.893879842784953,1.2633352049410445,77.12,2.2234699606962383,40.0,4.54800673778776,1.162268388545761,23/12/2005 00:00,Austria,Midfield,left,185.0,https://img.a.transfermarkt.technology/portrait/header/900909-1780305172.jpg?lm=1,14000000
,SC Freiburg,1243,0.028238133547868,0.0166532582461786,0.0724054706355591,3.692679002413516,1.013676588897828,87.38,2.4617860016090103,35.29,4.344328238133548,0.6516492357200322,,,,,,,0
,1. FC Heidenheim,2621,0.0185425410148798,0.1140022892025944,0.1030141167493323,7.966425028615032,0.8584509729111026,73.65,2.438000763067532,38.46,4.669973292636398,0.7897748950782144,,,,,,,0
Josha Vagnoman,VfB Stuttgart,1835,0.0720980926430517,0.1079019073569482,0.3433242506811989,6.768392370572207,0.3923705722070844,82.38,1.9618528610354224,53.49,4.512261580381471,0.88283378746594,11/12/2000 00:00,Germany,Defender,right,190.0,https://img.a.transfermarkt.technology/portrait/header/448258-1691999620.jpg?lm=1,10000000
Sirlord Conteh,1. FC Heidenheim,896,0.2059151785714285,0.1456473214285714,0.5022321428571428,7.232142857142857,0.6026785714285714,76.26,1.0044642857142856,44.44,1.7075892857142856,0.8035714285714286,09/07/1996 00:00,Germany,Attack,right,178.0,https://img.a.transfermarkt.technology/portrait/header/307183-1721852922.jpg?lm=1,1500000
Carlo Boukhalfa,FC St. Pauli,1667,0.076124775044991,0.0593881223755249,0.2159568086382723,5.938812237552489,0.647870425914817,72.91,2.0515896820635877,36.36,3.239352129574085,0.9718056388722256,03/05/1999 00:00,Germany,Midfield,left,186.0,https://img.a.transfermarkt.technology/portrait/header/329373-1755009056.png?lm=1,500000
Henri Koudossou,FC Augsburg,741,0.0109311740890688,0.0959514170040485,0.0,7.408906882591093,0.97165991902834,82.8,4.008097165991903,53.33,4.736842105263158,0.8502024291497977,03/09/1999 00:00,Germany,Defender,right,180.0,https://img.a.transfermarkt.technology/portrait/header/515624-1722850046.jpg?lm=1,1200000
Stefan Lainer,Borussia M'gladbach,764,0.037696335078534,0.0494764397905759,0.1178010471204188,6.479057591623037,0.5890052356020943,82.78,4.005235602094241,35.71,2.8272251308900525,1.2958115183246073,27/08/1992 00:00,Austria,Defender,right,175.0,https://img.a.transfermarkt.technology/portrait/header/85791-1754993552.png?lm=1,1000000
Joe Scally,Borussia M'gladbach,2586,0.0132250580046403,0.0448955916473317,0.0348027842227378,5.498839907192576,1.0788863109048723,84.71,2.1229698375870067,45.28,3.3758700696055683,0.8004640371229698,31/12/2002 00:00,United States,Defender,right,184.0,https://img.a.transfermarkt.technology/portrait/header/504153-1760967039.jpg?lm=1,7000000
Yan Couto,Borussia Dortmund,892,0.0272421524663677,0.2300448430493273,0.2017937219730941,14.630044843049326,1.311659192825112,85.2,3.430493273542601,12.5,5.54932735426009,1.210762331838565,03/06/2002 00:00,Brazil,Midfield,right,168.0,https://img.a.transfermarkt.technology/portrait/header/627228-1723922216.jpg?lm=1,20000000
Kilian Fischer,VfL Wolfsburg,2306,0.0128794449262792,0.037467476149176,0.039028620988725,7.766695576756287,0.3902862098872506,81.52,3.23937554206418,37.93,3.278404163052905,1.326973113616652,12/10/2000 00:00,Germany,Defender,both,182.0,https://img.a.transfermarkt.technology/portrait/header/435796-1752736015.jpg?lm=1,7500000
Michael Gregoritsch,SC Freiburg,645,0.2511627906976744,0.101860465116279,0.8372093023255813,5.162790697674418,0.5581395348837209,64.1,0.6976744186046512,47.69,2.511627906976744,0.9767441860465116,18/04/1994 00:00,Austria,Attack,left,193.0,https://img.a.transfermarkt.technology/portrait/header/120205-1773661423.jpg?lm=1,1500000
Yannick Gerhardt,VfL Wolfsburg,1515,0.073069306930693,0.0659405940594059,0.2376237623762376,8.613861386138614,0.0594059405940594,79.13,2.6732673267326734,42.31,2.9108910891089117,1.1881188118811885,13/03/1994 00:00,Germany,Midfield,left,184.0,https://img.a.transfermarkt.technology/portrait/header/119277-1657203024.jpg?lm=1,2000000
Junior Adamu,SC Freiburg,1555,0.3235369774919614,0.1099678456591639,0.6945337620578778,4.282958199356913,0.5787781350482315,64.69,1.215434083601286,32.12,3.0096463022508035,2.1993569131832795,06/06/2001 00:00,Austria,Attack,right,183.0,https://img.a.transfermarkt.technology/portrait/header/452477-1753955032.jpg?lm=1,5000000
Hyun-seok Hong,1. FSV Mainz 05,543,0.0861878453038674,0.2005524861878453,0.3314917127071823,10.607734806629834,0.6629834254143646,79.82,2.4861878453038675,30.77,4.143646408839779,0.4972375690607735,16/06/1999 00:00,"Korea, South",Midfield,left,177.0,https://img.a.transfermarkt.technology/portrait/header/562948-1752587798.jpg?lm=1,3000000
Luca Netz,Borussia M'gladbach,962,0.0205821205821205,0.0982328482328482,0.0,9.44906444906445,0.5613305613305614,81.26,3.180873180873181,44.0,3.9293139293139294,0.7484407484407485,15/05/2003 00:00,Germany,Defender,left,184.0,https://img.a.transfermarkt.technology/portrait/header/524285-1760967382.jpg?lm=1,6000000
Arthur Vermeeren,RB Leipzig,1585,0.021577287066246,0.0755205047318612,0.056782334384858,10.050473186119874,0.3406940063091482,86.48,3.123028391167193,28.57,5.337539432176656,1.249211356466877,07/02/2005 00:00,Belgium,Midfield,right,180.0,https://img.a.transfermarkt.technology/portrait/header/926694-1729520583.jpg?lm=1,28000000
Tim Oermann,VfL Bochum 1848,2132,0.0067542213883677,0.0312382739212007,0.0,3.3771106941838647,0.2532833020637898,83.94,2.870544090056285,41.27,4.094746716697936,0.6754221388367729,06/10/2003 00:00,Germany,Defender,right,189.0,https://img.a.transfermarkt.technology/portrait/header/696164-1657283257.jpg?lm=1,4000000
Jonas Föhrenbach,1. FC Heidenheim,1832,0.0127729257641921,0.1051310043668122,0.0491266375545851,5.453056768558953,0.343886462882096,74.93,2.9967248908296944,43.75,3.2914847161572056,0.6877729257641921,26/01/1996 00:00,Germany,Defender,left,184.0,https://img.a.transfermarkt.technology/portrait/header/192169-1755087596.jpg?lm=1,1500000
Aster Vranckx,VfL Wolfsburg,571,0.0,0.0709281961471103,0.0,5.831873905429072,0.788091068301226,83.84,3.309982486865149,31.82,3.467600700525394,1.8914185639229424,04/10/2002 00:00,Belgium,Midfield,right,183.0,https://img.a.transfermarkt.technology/portrait/header/503881-1657202999.jpg?lm=1,7000000
Siebe Van der Heyden,FC St. Pauli,876,0.1777397260273972,0.0164383561643835,0.2054794520547945,5.6506849315068495,0.1027397260273972,81.43,3.493150684931507,63.27,3.2876712328767126,1.6438356164383563,30/05/1998 00:00,Belgium,Defender,left,185.0,https://img.a.transfermarkt.technology/portrait/header/400131-1642262598.jpg?lm=1,3000000
Armindo Sieb,1. FSV Mainz 05,772,0.3287564766839378,0.0676165803108808,0.8160621761658031,6.1787564766839385,1.2823834196891193,71.35,1.2823834196891193,37.5,3.380829015544041,1.5155440414507773,17/02/2003 00:00,Germany,Attack,both,175.0,https://img.a.transfermarkt.technology/portrait/header/569033-1722886149.jpg?lm=1,1500000
Fiete Arp,Holstein Kiel,711,0.2772151898734177,0.2151898734177215,1.3924050632911391,4.556962025316455,1.7721518987341771,65.19,2.0253164556962022,13.33,2.6582278481012658,2.531645569620253,06/01/2000 00:00,Germany,Midfield,right,186.0,https://img.a.transfermarkt.technology/portrait/header/343337-1756889674.jpg?lm=1,500000
Timo Becker,Holstein Kiel,2444,0.0556055646481178,0.0360883797054009,0.1472995090016366,2.7986906710310966,0.44189852700491,77.07,2.5777414075286416,44.93,3.6088379705400975,0.3314238952536825,25/03/1997 00:00,Germany,Defender,right,190.0,https://img.a.transfermarkt.technology/portrait/header/282349-1753385190.jpg?lm=1,1500000
Lewis Holtby,Holstein Kiel,1235,0.0415384615384615,0.1319028340080972,0.0728744939271255,6.048582995951417,0.5101214574898786,80.5,4.008097165991903,40.0,5.246963562753037,0.9473684210526316,18/09/1990 00:00,Germany,Midfield,left,176.0,https://img.a.transfermarkt.technology/portrait/header/55508-1721850987.jpg?lm=1,400000
Luca Kerber,1. FC Heidenheim,785,0.0687898089171974,0.0470063694267515,0.5732484076433122,3.3248407643312103,0.1146496815286624,75.21,3.554140127388536,36.67,3.0955414012738856,2.5222929936305736,10/03/2002 00:00,Germany,Midfield,right,184.0,https://img.a.transfermarkt.technology/portrait/header/809498-1721852758.jpg?lm=1,2000000
Maximilian Bauer,FC Augsburg,656,0.0246951219512195,0.0164634146341463,0.1371951219512195,5.899390243902439,0.0,81.87,2.7439024390243905,61.76,2.7439024390243905,0.9603658536585366,09/02/2000 00:00,Germany,Defender,right,189.0,https://img.a.transfermarkt.technology/portrait/header/388363-1755201222.jpg?lm=1,1500000
Samuel Essende,FC Augsburg,1647,0.2289617486338798,0.0765027322404371,0.7103825136612022,4.590163934426229,0.7650273224043715,66.1,0.3825136612021858,42.96,2.295081967213114,2.459016393442623,23/01/1998 00:00,DR Congo,Attack,right,193.0,https://img.a.transfermarkt.technology/portrait/header/395522-1755201898.jpg?lm=1,3500000
Dennis Geiger,TSG Hoffenheim,744,0.0205645161290322,0.089516129032258,0.1209677419354838,10.282258064516128,0.4838709677419354,88.35,3.75,33.33,4.233870967741935,3.1451612903225805,10/06/1998 00:00,Germany,Midfield,right,173.0,https://img.a.transfermarkt.technology/portrait/header/251309-1723921207.jpg?lm=1,1500000
Arthur,Bayer 04 Leverkusen,765,0.0070588235294117,0.1164705882352941,0.0,9.294117647058824,0.5882352941176471,82.26,2.7058823529411766,43.48,3.647058823529412,2.3529411764705883,17/06/1999 00:00,Brazil,Defender,right,190.0,https://img.a.transfermarkt.technology/portrait/header/517518-1534845952.jpg?lm=1,10000
Magnus Knudsen,Holstein Kiel,1865,0.0342627345844504,0.096514745308311,0.193029490616622,4.343163538873995,0.4343163538873995,84.94,2.89544235924933,28.21,3.812332439678285,1.351206434316354,15/06/2001 00:00,Norway,Midfield,right,186.0,https://img.a.transfermarkt.technology/portrait/header/651735-1721850811.jpg?lm=1,2000000
Silvan Widmer,1. FSV Mainz 05,546,0.0543956043956044,0.0857142857142857,0.1648351648351648,8.736263736263737,0.0,78.4,2.6373626373626373,48.15,2.6373626373626373,0.8241758241758242,05/03/1993 00:00,Switzerland,Defender,right,183.0,https://img.a.transfermarkt.technology/portrait/header/168989-1629202510.jpg?lm=1,800000
Tim Skarke,1. FC Union Berlin,1114,0.1365350089766606,0.0904847396768402,0.6463195691202872,5.332136445242369,0.8078994614003591,72.01,1.5350089766606825,25.0,4.201077199281867,0.8078994614003591,07/09/1996 00:00,Germany,Attack,right,181.0,https://img.a.transfermarkt.technology/portrait/header/287920-1747224742.jpg?lm=1,1800000
Marko Ivezic,Holstein Kiel,1657,0.0298732649366324,0.0141219070609535,0.0,2.172601086300543,0.2172601086300543,86.11,3.041641520820761,51.52,3.856366928183464,1.4665057332528666,02/12/2001 00:00,Serbia,Defender,right,191.0,https://img.a.transfermarkt.technology/portrait/header/706024-1756808564.jpg?lm=1,1500000
David Jurásek,TSG Hoffenheim,615,0.0160975609756097,0.128780487804878,0.2926829268292683,9.804878048780488,0.4390243902439024,73.7,1.7560975609756098,60.0,5.853658536585366,0.1463414634146341,07/08/2000 00:00,Czech Republic,Defender,left,183.0,https://img.a.transfermarkt.technology/portrait/header/500054-1701333965.jpg?lm=1,4500000
Lennard Maloney,1. FSV Mainz 05,800,0.037125,0.007875,0.0,2.475,0.1124999999999999,71.38,4.05,60.0,4.6125,1.4625,08/10/1999 00:00,United States,Midfield,right,188.0,https://img.a.transfermarkt.technology/portrait/header/392710-1752587852.jpg?lm=1,3500000
Anthony Losilla,VfL Bochum 1848,1090,0.0107339449541284,0.0528440366972477,0.0,5.4495412844036695,0.0825688073394495,77.56,3.798165137614679,56.52,3.7155963302752295,1.4862385321100915,10/03/1986 00:00,France,Midfield,right,185.0,https://img.a.transfermarkt.technology/portrait/header/111266-1657283817.jpg?lm=1,500000
Koji Miyoshi,VfL Bochum 1848,453,0.2205298013245033,0.1271523178807947,0.9933774834437088,5.364238410596027,0.9933774834437088,64.1,1.9867549668874172,13.33,4.370860927152318,1.7880794701986755,26/03/1997 00:00,Japan,Midfield,left,167.0,https://img.a.transfermarkt.technology/portrait/header/295060-1753298404.jpg?lm=1,1000000
Stanley Nsoki,TSG Hoffenheim,1324,0.0067975830815709,0.0299093655589123,0.0679758308157099,4.962235649546828,0.7477341389728097,86.58,3.262839879154079,57.89,5.370090634441088,0.8157099697885197,09/04/1999 00:00,France,Defender,left,184.0,https://img.a.transfermarkt.technology/portrait/header/371141-1755624516.jpg?lm=1,1800000
Florian Müller,SC Freiburg,752,0.0,0.0047872340425531,0.0,1.9148936170212765,0.0,60.14,0.0,0.0,7.659574468085106,0.0,13/11/1997 00:00,Germany,Goalkeeper,left,190.0,https://img.a.transfermarkt.technology/portrait/header/284769-1691998669.jpg?lm=1,1200000
Lukas Ullrich,Borussia M'gladbach,1916,0.040866388308977,0.090187891440501,0.0939457202505219,3.710855949895616,0.3757828810020877,77.65,2.2546972860125263,41.18,3.4290187891440502,1.033402922755741,16/03/2004 00:00,Germany,Defender,left,180.0,https://img.a.transfermarkt.technology/portrait/header/787151-1691248738.jpg?lm=1,7000000
Moritz Broschinski,VfL Bochum 1848,1309,0.2647058823529412,0.1003819709702062,0.7563025210084033,4.606569900687548,0.962566844919786,69.92,1.306340718105424,40.0,3.9877769289534,1.650114591291062,23/09/2000 00:00,Germany,Attack,right,190.0,https://img.a.transfermarkt.technology/portrait/header/406973-1691250658.jpg?lm=1,1500000
,Borussia M'gladbach,825,0.4112727272727273,0.0589090909090909,0.981818181818182,5.781818181818182,0.6545454545454545,75.12,0.981818181818182,45.16,2.5090909090909093,1.2000000000000002,,,,,,,0
Jordy Makengo,SC Freiburg,753,0.0,0.0585657370517928,0.0,5.0199203187251,0.4780876494023904,84.43,2.749003984063745,45.45,3.1075697211155378,0.597609561752988,03/08/2001 00:00,France,Defender,left,191.0,https://img.a.transfermarkt.technology/portrait/header/815078-1753955122.jpg?lm=1,6000000
Merlin Röhl,SC Freiburg,966,0.0717391304347826,0.103416149068323,0.2795031055900621,6.242236024844721,1.1180124223602486,77.97,2.049689440993789,32.08,4.565217391304349,1.956521739130435,05/07/2002 00:00,Germany,Midfield,right,192.0,https://img.a.transfermarkt.technology/portrait/header/608832-1726649794.jpg?lm=1,16000000
Carl Johansson,Holstein Kiel,578,0.0077854671280276,0.043598615916955,0.1557093425605536,1.7128027681660898,0.0,88.12,2.179930795847751,58.82,2.8027681660899653,0.7785467128027681,23/05/1994 00:00,Sweden,Defender,right,194.0,https://img.a.transfermarkt.technology/portrait/header/225043-1756808586.jpg?lm=1,450000
