player_id,name,club_id,season_type
1131987,Bart Verbruggen,10204,2
215168,Bernd Leno,9879,2
1067256,Djordje Petrovic,8678,2
303919,Jordan Pickford,8668,2
209405,Virgil van Dijk,8650,2
950474,James Garner,8668,2
523825,Jarrod Bowen,8654,2
1177358,Adrien Truffert,8678,2
766611,Nikola Milenkovic,10203,2
1089691,Elliot Anderson,10203,2
776689,Caoimhín Kelleher,9937,2
562727,David Raya,9825,2
719330,Dean Henderson,9826,2
243138,James Tarkowski,8668,2
785411,Marcos Senesi,8678,2
883080,Morgan Rogers,10252,2
1302005,Igor Thiago,9937,2
1429912,Michael Kayode,9937,2
1120224,Tyrick Mitchell,9826,2
846005,Dominik Szoboszlai,8650,2
362694,Luke Shaw,10260,2
974618,Jan Paul van Hecke,10204,2
1078788,Neco Williams,10203,2
933576,Antoine Semenyo,8456,2
844425,Marc Guéhi,8456,2
72241,Martin Dúbravka,8191,2
1125720,Robin Roefs,8472,2
774448,Ferdi Kadioglu,10204,2
1098607,Jake O'Brien,8668,2
780432,Ethan Ampadu,8463,2
1137705,Enzo Fernández,8455,2
789502,Morgan Gibbs-White,10203,2
820140,Ibrahima Konaté,8650,2
654096,Declan Rice,9825,2
159833,Kyle Walker,8191,2
950485,Maxence Lacroix,9826,2
422685,Bruno Fernandes,10260,2
618878,Gianluigi Donnarumma,8456,2
1097466,Micky van de Ven,8586,2
789571,Robert Sánchez,8455,2
1067763,Trai Hume,8472,2
710159,Ezri Konsa,10252,2
1356312,Mateus Fernandes,8654,2
729731,Matty Cash,10252,2
1031325,Martín Zubimendi,9825,2
956683,Ryan Gravenberch,8650,2
961306,Nathan Collins,9937,2
1137407,Malick Thiaw,10261,2
874025,Vitaliy Mykolenko,8668,2
737066,Erling Haaland,8456,2
717174,Joe Rodon,8463,2
1250443,Maxime Estève,8191,2
796974,Pascal Struijk,8463,2
1049999,Enzo Le Fée,8472,2
540963,Sander Berge,9879,2
207236,Granit Xhaka,8472,2
1359649,Noah Sadiki,8472,2
488139,Bernardo Silva,8456,2
1178602,Senne Lammens,10260,2
503659,Joachim Andersen,9879,2
955529,Matheus Nunes,8456,2
1233655,Alex Scott,8678,2
540088,Ollie Watkins,10252,2
201690,Lewis Dunk,10204,2
268375,Emiliano Martínez,10252,2
1174672,João Gomes,8602,2
950829,Chris Richards,9826,2
789646,Jayden Bogle,8463,2
1137668,Moisés Caicedo,8455,2
751998,Omar Alderete,8472,2
941573,Pedro Porro,8586,2
538501,Guglielmo Vicario,8586,2
602304,Nordi Mukiele,8472,2
965764,Iliman Ndiaye,8668,2
793907,Trevoh Chalobah,8455,2
1174296,André,8602,2
919435,Sepp van den Berg,9937,2
1098096,Evanilson,8678,2
1083796,Kevin Schade,9937,2
795179,Gabriel,9825,2
806552,Cody Gakpo,8650,2
789630,Marcus Tavernier,8678,2
1171140,Jaidon Anthony,8191,2
612150,Dominic Calvert-Lewin,8463,2
1451265,Malick Diouf,8654,2
873289,Marc Cucurella,8455,2
494417,Harry Wilson,9879,2
1021382,João Pedro,8455,2
181069,Matz Sels,10203,2
1157236,Yehor Yarmoliuk,9937,2
831489,Alexis Mac Allister,8650,2
1300526,Nico O'Reilly,8456,2
843040,Pedro Neto,8455,2
744494,Gabriel Gudmundsson,8463,2
886016,Kiernan Dewsbury-Hall,8668,2
923312,Bryan Mbeumo,10260,2
751550,Diogo Dalot,10260,2
955406,William Saliba,9825,2
290410,Michael Keane,8668,2
208494,Casemiro,10260,2
1296650,Adam Wharton,9826,2
848034,Santiago Bueno,8602,2
867414,Sandro Tonali,10261,2
877401,Calvin Bassey,9879,2
719219,Konstantinos Mavropanos,8654,2
863098,Matheus Cunha,10260,2
941213,Crysencio Summerville,8654,2
952322,Brenden Aaronson,8463,2
942381,Jurriën Timber,9825,2
850354,Bruno Guimarães,10261,2
604785,Alex Iwobi,9879,2
280484,Nick Pope,10261,2
859282,Daniel Muñoz,9826,2
1400227,Yankuba Minteh,10204,2
1152455,Florian Wirtz,8650,2
881735,Anton Stach,8463,2
1116391,Hugo Bueno,8602,2
798029,Ladislav Krejcí,8602,2
1200631,Lesley Ugochukwu,8191,2
1070052,Amad Diallo,10260,2
319784,Alisson Becker,8650,2
1526689,Álex Jiménez,8678,2
821100,Jørgen Strand Larsen,9826,2
1082102,Igor Jesus,10203,2
1250253,Dango Ouattara,9937,2
1197250,Malo Gusto,8455,2
113836,Danny Welbeck,10204,2
1195281,Milos Kerkez,8650,2
650616,Mathias Jensen,9937,2
664500,Viktor Gyökeres,9825,2
961995,Bukayo Saka,9825,2
706297,Jean-Philippe Mateta,9826,2
292313,Raul Jiménez,9879,2
188058,Daniel Burn,10261,2
524437,Tomás Soucek,8654,2
524434,João Palhinha,8586,2
1197655,Lewis Hall,10261,2
771294,Ismaïla Sarr,9826,2
356406,John McGinn,10252,2
974268,Daniel Ballard,8472,2
292462,Mohamed Salah,8650,2
1200657,Yerson Mosquera,8602,2
614006,Rúben Dias,8456,2
1354561,Diego Gómez,10204,2
1458711,Murillo,10203,2
793255,Florentino,8191,2
959407,James Hill,8678,2
179410,Idrissa Gana Gueye,8668,2
1047676,Yéremi Pino,9826,2
815006,Phil Foden,8456,2
760320,Aaron Wan-Bissaka,8654,2
795371,Ibrahim Sangaré,10203,2
416175,José Sá,8602,2
888912,Mikkel Damsgaard,9937,2
894803,Djed Spence,8586,2
318615,Leandro Trossard,9825,2
163604,Karl Darlow,8463,2
600524,Reinildo,8472,2
1010426,Keane Lewis-Potter,9937,2
1096353,Cole Palmer,8455,2
760359,Harvey Barnes,10261,2
807729,Reece James,8455,2
654908,Richarlison,8586,2
535936,Joelinton,10261,2
940446,Brian Brobbey,8472,2
933768,Curtis Jones,8650,2
889534,Emile Smith Rowe,9879,2
1168311,Yasin Ayari,10204,2
156008,Jordan Henderson,9937,2
1398392,Thierno Barry,8668,2
1106563,Nick Woltemade,10261,2
621515,Daichi Kamada,9826,2
970243,Mats Wieffer,10204,2
818975,Eberechi Eze,9825,2
710158,James Justin,8463,2
861805,Jaka Bijol,8463,2
620618,Rodrigo Bentancur,8586,2
789066,Cristian Romero,8586,2
465960,Youri Tielemans,10252,2
210111,Lucas Digne,10252,2
846383,Callum Hudson-Odoi,10203,2
465750,Timothy Castagne,9879,2
956682,Sven Botman,10261,2
1210943,Jackson Tchatchoua,8602,2
1393669,Quilindschy Hartman,8191,2
773991,Ryan Sessegnon,9879,2
955214,Jean-Clair Todibo,8654,2
906937,Anthony Gordon,10261,2
1197030,Hugo Ekitiké,8650,2
552718,Kristoffer Ajer,9937,2
210164,Alphonse Areola,8654,2
469804,Kenny Tete,9879,2
1137667,Piero Hincapié,9825,2
956925,Georginio Rutter,10204,2
1609213,Mateus Mané,8602,2
1104053,Rayan Cherki,8456,2
942368,Jérémy Doku,8456,2
729769,Tyler Adams,8678,2
873559,Zian Flemming,8191,2
1185748,Amadou Onana,10252,2
610184,Emiliano Buendía,10252,2
523193,Josh Laurent,8191,2
1173787,Xavi Simons,8586,2
1251334,Jack Hinshelwood,10204,2
1358581,Leny Yoro,10260,2
556972,Sasa Lukic,9879,2
917802,Wesley Fofana,8455,2
466672,Jefferson Lerma,9826,2
1076756,Brennan Johnson,9826,2
862608,Kaoru Mitoma,10204,2
1105912,Riccardo Calafiori,9825,2
881640,Lutsharel Geertruida,8472,2
1215652,Omari Hutchinson,10203,2
1460534,Junior Kroupi,8678,2
792645,Pau Torres,10252,2
823825,Randal Kolo Muani,8586,2
1352713,Carlos Baleba,10204,2
255610,Harry Maguire,10260,2
1292810,Kobbie Mainoo,10260,2
868344,Tijjani Reijnders,8456,2
167008,Pascal Groß,10204,2
1073977,Benjamin Sesko,10260,2
312765,Jack Grealish,8668,2
967941,Mads Hermansen,8654,2
521148,Jacob Murphy,10261,2
966026,Ian Maatsen,10252,2
191869,Kieran Trippier,10261,2
682548,Ola Aina,10203,2
1238058,Bashir Humphreys,8191,2
295067,Will Hughes,9826,2
915797,Noah Okafor,8463,2
1280132,Nico González,8456,2
1079485,Beto,8668,2
1368654,Chemsdine Talbi,8472,2
865931,Max Kilman,8654,2
891743,Mohammed Kudus,8586,2
831044,Hjalmar Ekdal,8191,2
766435,Lucas Paquetá,8654,2
623716,Josh Cullen,8191,2
675088,Rodri,8456,2
1296763,Lewis Miley,10261,2
662428,Antonee Robinson,9879,2
754126,Kevin Danso,8586,2
1203512,Tim Iroegbunam,8668,2
1323305,Archie Gray,8586,2
620026,Hee-Chan Hwang,8602,2
1526560,Patrick Dorgu,10260,2
1021929,Jacob Ramsey,10261,2
637656,Lucas Perri,8463,2
688273,Vitaly Janelt,9937,2
1362998,Abdukodir Khusanov,8456,2
1013277,Toti Gomes,8602,2
816325,Boubacar Kamara,10252,2
1134871,Maxim De Cuyper,10204,2
1072864,Tolu Arokodare,8602,2
1285866,Habib Diarra,8472,2
1291325,Lucas Pires,8191,2
823658,Valentín Castellanos,8654,2
1107280,Pape Sarr,8586,2
734042,Kyle Walker-Peters,8654,2
1070712,Josko Gvardiol,8456,2
881500,Lyle Foster,8191,2
534670,Martin Ødegaard,9825,2
1288111,Mathys Tel,8586,2
1053838,Morato,10203,2
1052898,Destiny Udogie,8586,2
1664722,Jaydee Canvot,9826,2
562892,Rico Henry,9937,2
1107910,Valentino Livramento,10261,2
419664,Tyrone Mings,10252,2
1080983,Ilia Gruev,8463,2
935728,Ao Tanaka,8463,2
1050166,Anthony Elanga,10261,2
1422593,Joshua King,9879,2
979752,Bafodé Diakité,8678,2
1283034,Loum Tchaouna,8191,2
1203665,Alejandro Garnacho,8455,2
1372921,Andrey Santos,8455,2
696646,Axel Disasi,8654,2
769166,Jean-Ricner Bellegarde,8602,2
184321,Callum Wilson,8654,2
1113785,Hannibal Mejbri,8191,2
847983,Lisandro Martínez,10260,2
1084981,Noni Madueke,9825,2
690149,Axel Tuanzebe,8191,2
674014,David Brooks,8678,2
966027,Conor Gallagher,8586,2
1022649,Dan Ndoye,10203,2
827315,Nicolás Dominguez,10203,2
357880,Andrew Robertson,8650,2
769895,Matthijs de Ligt,10260,2
939542,Dwight McNeil,8668,2
1206287,Freddie Potts,8654,2
887703,Wilson Isidor,8472,2
519835,Adam Armstrong,8602,2
1413846,Jorrel Hato,8455,2
1023030,Jhon Arias,8602,2
1478295,Rayan,8678,2
1113903,Liam Delap,8455,2
1114979,Emmanuel Agbadou,8602,2
279490,James Ward-Prowse,8191,2
189982,Fabian Schär,10261,2
1079557,Amine Adli,8678,2
280287,Sam Johnstone,8602,2
160447,Adam Smith,8678,2
688300,Samuel Chukwueze,9879,2
861197,Lukas Nmecha,8463,2
1021586,Gabriel Martinelli,9825,2
637744,Marcus Edwards,8191,2
304455,Joël Veltman,10204,2
1049679,David Møller Wolfe,8602,2
1190033,Lamare Bogarde,10252,2
966018,Jeremie Frimpong,8650,2
1318400,Kevin,9879,2
1113790,Oscar Bobb,9879,2
574645,Mikel Merino,9825,2
1622290,Nicolò Savona,10203,2
655575,Jacob Bruun Larsen,8191,2
750032,Mason Mount,10260,2
820024,Sean Longstaff,8463,2
746395,Aaron Ramsdale,10261,2
591734,Dominic Solanke,8586,2
1128945,Rodrigo Muniz,9879,2
1298907,Cristhian Mosquera,9825,2
439369,Ryan Christie,8678,2
775539,Noussair Mazraoui,10260,2
860975,Joseph Willock,10261,2
1341387,Wilson Odobert,8586,2
1385894,Soungoutou Magassa,8654,2
933845,Rayan Aït-Nouri,8456,2
1386775,Lucas Bergvall,8586,2
1192166,Rodrigo Gomes,8602,2
794253,Justin Kluivert,8678,2
258269,Victor Nilsson Lindelöf,10252,2
821728,Jorge Cuenca,9879,2
1113690,Conor Bradley,8650,2
787350,Douglas Luiz,10252,2
1559639,Ayden Heaven,10260,2
1087966,Evann Guessand,9826,2
169719,Chris Wood,10203,2
1035614,Manuel Ugarte,10260,2
846381,Jadon Sancho,10252,2
786580,Marshall Munetsi,8602,2
562724,Lewis Cook,8678,2
948800,Giorgi Mamardashvili,8650,2
215384,Ross Barkley,10252,2
1077975,Armando Broja,8191,2
1580774,Estêvão,8455,2
1227326,Pablo,8654,2
1174337,Savinho,8456,2
696443,Issa Diop,9879,2
1258092,William Osula,10261,2
613715,Olivier Boscagli,10204,2
239920,Matt Doherty,8602,2
683402,Tosin Adarabioyo,8455,2
1336751,Justin Devenny,9826,2
38807,James Milner,10204,2
1327319,Chris Rigg,8472,2
182962,Tom Cairney,9879,2
1391052,Eliezer Mayenda,8472,2
1430151,Brajan Gruda,10204,2
776151,Ben White,9825,2
690107,Alexander Isak,8650,2
839204,Omar Marmoush,8456,2
1406436,Myles Lewis-Skelly,9825,2
417068,Nathan Aké,8456,2
1002039,Aaron Hickey,9937,2
1128965,Charly Alcaraz,8668,2
1030829,Jarrad Branthwaite,8668,2
1210384,Merlin Röhl,8668,2
1400216,Josh Acheampong,8455,2
1315319,Oliver Scarles,8654,2
1227012,Simon Adingra,8472,2
660301,Donyell Malen,10252,2
303059,Bertrand Traoré,8472,2
1341475,Antonín Kinsky,8586,2
950830,Joshua Zirkzee,10260,2
724306,Yves Bissouma,8586,2
775614,Ryan Yates,10203,2
568571,Joseph Gomez,8650,2
157838,Nathaniel Clyne,9826,2
195782,Marco Bizot,10252,2
749736,Kai Havertz,9825,2
480253,Luke O'Nien,8472,2
1187506,Chadi Riad,9826,2
717176,Daniel James,8463,2
1079539,Dilane Bakwa,10203,2
1597668,Rio Ngumoha,8650,2
866967,Altay Bayindir,10260,2
1559637,Harrison Armstrong,8668,2
1107286,Wilfried Gnonto,8463,2
666857,Yoane Wissa,10261,2
1391209,Jair Cunha,10203,2
1203661,Radu Dragusin,8586,2
716687,Joe Worrall,8191,2
1113692,Jamie Gittens,8455,2
643717,Taiwo Awoniyi,10203,2
955376,Benoît Badiashile,8455,2
848667,Angel Gomes,8602,2
671331,Leon Bailey,10252,2
263653,John Stones,8456,2
749834,John Victor,10203,2
922892,Sebastiaan Bornauw,8463,2
1010733,Ki-Jana Hoever,8602,2
576165,Gabriel Jesus,9825,2
860920,Edward Nketiah,9826,2
276791,Niclas Füllkrug,8654,2
1287010,Nilson Angulo,8472,2
1288450,Rico Lewis,8456,2
1123947,Romaine Mundle,8472,2
1200984,Filip Jörgensen,8455,2
493647,Adama Traoré,8654,2
1190867,Roméo Lavia,8455,2
1666977,Veljko Milosavljevic,8678,2
1187213,James Trafford,8456,2
1155130,Luca Netz,10203,2
1561249,Charalampos Kostoulas,10204,2
1424875,Tyrique George,8668,2
623621,Oleksandr Zinchenko,10203,2
1292833,Tyler Dibling,8668,2
711357,Ethan Pinnock,9937,2
1118480,Dennis Cirkin,8472,2
784510,Federico Chiesa,8650,2
1107648,James McAtee,10203,2
749661,Tammy Abraham,10252,2
189103,Daniel Bentley,8602,2
1307639,Max Weiss,8191,2
1186615,Melker Ellborg,8472,2
276729,Stefan Ortega,10203,2
1412137,Marc Guiu,8455,2
751649,Jack Harrison,8463,2
1610952,Pedro Lima,8602,2
792540,Joël Piroe,8463,2
1112684,Nathan Patterson,8668,2
1573122,Fer López,8602,2
1096400,Levi Colwill,8455,2
464486,Enes Ünal,8678,2
582276,Freddie Woodman,8650,2
866686,Matthew O'Riley,10204,2
1321562,Diego Coppola,10204,2
617310,Nayef Aguerd,8654,2
586768,Guido Rodríguez,8654,2
202643,Wataru Endo,8650,2
1060617,Oliver Sonne,8191,2
1254234,Ethan Nwaneri,9825,2
1296769,Zach Abbott,10203,2
1580704,Christantus Uche,9826,2
863359,Andy Irving,8654,2
1635773,Max Dowman,9825,2
1636513,Souza,8586,2
276121,Ben Davies,8586,2
1449690,Alex Tóth,8678,2
1414691,Max Alleyne,8456,2
1203192,Jenson Seelt,8472,2
1423616,Stefanos Tzimas,10204,2
1212630,Lorenzo Lucca,10203,2
418137,Arthur Masuaku,8472,2
239219,Mateo Kovacic,8456,2
1458757,Luis Guilherme,8654,2
748382,Reiss Nelson,9937,2
1624950,Ezra Mayers,8654,2
963964,Harvey Elliott,10252,2
1575707,Jack Fletcher,10260,2
1324871,Ben Gannon-Doak,8678,2
768331,Igor Julio,8654,2
266520,Christian Nørgaard,9825,2
963965,Fábio Carvalho,9937,2
1426170,Mamadou Sarr,8455,2
622091,Borna Sosa,9826,2
1446616,Harry Howell,10204,2
502420,Harrison Reed,9879,2
850962,Hákon Rafn Valdimarsson,9937,2
317564,Kepa Arrizabalaga,9825,2
1422586,Rio Cardines,9826,2
448897,Walter Benítez,9826,2
1095445,Arnaud Kalimuendo-Muinga,10203,2
856685,Frank Onyeka,9937,2
1430406,Andrés García,10252,2
1336566,Facundo Buonanotte,8463,2
1067168,Zeki Amdouni,8191,2
1529203,Mohamadou Kanté,8654,2
1327325,Callum Marshall,8654,2
1310131,Tom Watson,10204,2
1532672,Jonah Kusi-Asare,9879,2
1656860,Alysson Edward,10252,2
760746,Angus Gunn,10203,2
1276312,Antoni Milambo,9937,2
259306,Emil Krafth,10261,2
1526704,Jesse Derry,8455,2
107280,Ashley Barnes,8191,2
1428401,Romain Esse,9826,2
1436260,Shea Lacey,10260,2
1690655,Jocelin Ta Bi,8472,2
1433230,Romelle Donovan,9937,2
416850,Solly March,10204,2
963983,Mike Trésor,8191,2
493165,James Maddison,8586,2
1358655,Julio Soler,8678,2
527549,Patrick Roberts,8472,2
1239595,Dário Essugo,8455,2
1463282,Divine Mukasa,8456,2
1607333,George Hemmings,10252,2
1111392,Tawanda Chirewa,8602,2
1436258,Trey Nyoni,8650,2
77690,Séamus Coleman,8668,2
279489,Jamaal Lascelles,10261,2
1676985,Tyler Fletcher,10260,2
1639163,Bradley Burrowes,10252,2
875672,Hamed Traorè,8678,2
1838455,Jerome Abbey,8602,2
865118,Tyrell Malacia,10260,2
1607328,Bendito Mantato,10260,2
1431275,Callum Olusesi,8586,2
858198,Sasa Kalajdzic,8602,2
982246,Daniel Neil,8472,2
1443841,Sean Neave,10261,2
1469210,Tom Edozie,8602,2
1114798,Jota Silva,10203,2
1327789,Jaydon Banel,8191,2
363318,Sam Byram,8463,2
1211806,George Earthy,8654,2
1557236,Jamaldeen Jimoh-Aloba,10252,2
1362341,Alex Murphy,10261,2
1113753,Dane Scarlett,8586,2
1700817,Joél Drakes-Thomas,9826,2
1697214,Ben Winterburn,8678,2
1244376,Kaden Rodney,9826,2
759566,Joshua Dasilva,9937,2
637746,Odsonne Édouard,9826,2
1403351,Tyler Fredricson,10260,2
1531854,James Rowswell,8586,2
1416710,Joe Knight,10204,2
1693398,Junai Byfield,8586,2
1413853,Kaye Furo,9937,2
1113813,Myles Peart-Harris,9937,2
1526697,Nehemiah Oriola,10204,2
1346113,Shumaira Mheuka,8455,2
564842,Cameron Burgess,10003,2
1187236,Carl Rushworth,8669,2
789578,Dara O'Shea,9902,2
801477,Jamie Cumming,8653,2
1123524,Solomon Brynn,8549,2
478357,Matt Grimes,8669,2
1130766,Tristan Crama,10004,2
1077684,Ivor Pandur,8667,2
568577,Jake Cooper,10004,2
501380,Lawrence Vigouroux,10003,2
857434,Vladan Kovacevic,9850,2
568573,Matthew Clarke,10170,2
948555,Ben Cabango,10003,2
722741,Josh Tymon,10003,2
694558,Dominic Hyam,9841,2
447418,Lloyd Jones,8451,2
812982,Sorba Thomas,10194,2
864266,Sean McLoughlin,8655,2
877701,Christoph Klarer,8658,2
797594,Azor Matusiwa,9902,2
648393,Tomoki Iwata,8658,2
609733,Darnell Furlong,9902,2
1074750,Milan van Ewijk,8669,2
195673,Liam Palmer,10163,2
488960,Michal Helik,8653,2
600812,Ben Whiteman,8411,2
873018,Japhet Tanganga,8657,2
1265626,Abdul Fatawu,8197,2
768325,Jordan Storey,8411,2
1360352,Radek Vítek,8427,2
966021,Taylor Harwood-Bellis,8466,2
748856,Callum Styles,8659,2
1246270,Isaac Price,8659,2
982599,Adam Randell,8427,2
716852,Callum Brittain,8549,2
582414,Regan Poole,8462,2
190851,Kenny McLean,9850,2
1127480,Tommy Conway,8549,2
1112701,Max Cleworth,9841,2
993022,Imrân Louza,9817,2
631757,Egil Selvik,9817,2
759814,Jay Dasilva,8669,2
916332,Luke Thomas,8197,2
190666,Luke Ayling,8549,2
767173,Jimmy Dunne,10172,2
948567,Nathaniel Phillips,8659,2
759801,Callum O'Hare,8657,2
1395694,Kellen Fisher,9850,2
961994,Arthur Okonkwo,9841,2
295062,John Egan,8667,2
988074,Yuki Ohashi,8655,2
517663,Colby Bishop,8462,2
1081081,Sonny Carey,8451,2
1198007,Anis Mehmeti,9902,2
848102,Seung-Ho Paik,8658,2
538112,Matt Targett,8549,2
668793,Svante Ingelsson,10163,2
1290962,Ashley Phillips,10194,2
914399,Liam Kitching,8669,2
1601917,Richard Kone,10172,2
131408,Thomas Kaminski,8451,2
746406,Scott Twine,8427,2
816368,Ciaron Brown,8653,2
982394,Hayden Hackney,8549,2
1113816,Jay Stansfield,8658,2
512013,Christian Walton,9902,2
1420818,Sydie Peck,8657,2
212304,Andrew Hughes,8411,2
1203447,Camiel Neghli,10004,2
1052977,Gonçalo Franco,10003,2
369754,Jamal Lowe,10163,2
435513,Ryan Manning,8466,2
1136097,Aidan Morris,8549,2
1187285,Ryan Alebiosu,8655,2
617763,Daniel Iversen,8411,2
1096327,Jakub Stolarczyk,8197,2
1331703,Charlie Hughes,8667,2
709148,Lewie Coyle,8667,2
980381,Leif Davis,9902,2
1070973,Dion Sanderson,10170,2
935502,Aune Selland Heggebø,8659,2
729733,Andre Dozzell,8462,2
807930,Regan Slater,8667,2
1431281,James Beadle,8658,2
1292335,Amadou Salif Mbengue,10172,2
539939,James Bree,8466,2
1178263,Alfie Devine,8411,2
1260020,Ronald Pereira,10003,2
1077926,Ethan Galbraith,10003,2
562593,Cameron Brannagan,8653,2
1047586,George Campbell,8659,2
439691,Sam Long,8653,2
883079,Finn Azaz,8466,2
820581,Ben Brereton,10170,2
861001,Balázs Tóth,8655,2
914132,Rhys Norrington-Davies,10172,2
798641,Harry Darling,9850,2
876161,Michael Cooper,8657,2
962012,Kayne Ramsay,8451,2
658770,Nicolas Schmid,8462,2
798654,Ephron Mason-Clark,8669,2
161415,Barry Bannan,10004,2
1439831,Mihailo Ivanovic,10004,2
877697,Harrison Burrows,8657,2
1249531,Zan Vipotnik,10003,2
798603,Ben Wilmot,10194,2
430429,Greg Docherty,8451,2
1296625,Bobby Clark,10170,2
917830,Nicolas Madsen,10172,2
1386482,Jun-Ho Bae,10194,2
613892,Joe Ward,10170,2
1338978,Tyreece Campbell,8451,2
1161885,Bobby Thomas,8669,2
789645,Emil Riis Jakobsen,8427,2
770256,Conor Coventry,8451,2
660170,George Dobson,9841,2
1183512,Million Manhoef,10194,2
509151,Oli McBurnie,8667,2
789574,Jayson Molumby,8659,2
759563,Marc Bola,9817,2
968936,Matthew Pollock,9817,2
1417094,Will Lankshear,8653,2
1014602,Jacob Widell Zetterström,10170,2
1207954,Callum Doyle,9841,2
306128,Ricardo Pereira,8197,2
1381571,Luca Kjerrumgaard,9817,2
700683,Ross McCrorie,8427,2
956161,Joe Gelhardt,8667,2
1190030,Odel Offiah,8411,2
768169,Phil Neumann,8658,2
1083185,Femi Azeez,10004,2
1051415,Jason Knight,8427,2
488624,Alex Mowatt,8659,2
1439800,Patrick Agyemang,10170,2
538329,Ebou Adams,8462,2
917628,Neto Borges,8427,2
1328857,Caspar Jander,8466,2
719581,Zak Vyner,9841,2
621182,Rob Dickie,8427,2
1026833,Pelle Mattsson,9850,2
215387,Jack Stephens,8466,2
1081288,Morgan Whittaker,8549,2
471271,Amari'i Bell,8451,2
469202,Kieffer Moore,9841,2
914134,Lewis O'Brien,9841,2
759580,Stephy Mavididi,8197,2
1055136,Ryoya Morishita,8655,2
528214,Dominic Iorfa,10163,2
873014,Oliver Skipp,8197,2
844943,Flynn Downes,8466,2
1098752,Lewis Dobbin,8411,2
982624,Jeremy Ngakia,9817,2
205893,Jannik Vestergaard,8197,2
528436,Connor Ogilvie,8462,2
1269329,James Abankwah,9817,2
848268,Haji Wright,8669,2
760398,Cédric Kipré,9902,2
528453,Harry Winks,8197,2
1124212,George Thomason,9841,2
1367703,Terry Devlin,8462,2
997560,Femi Seriki,8657,2
1134508,Tatsuki Seko,10194,2
1254762,Stanley Mills,8653,2
1668969,Gabriel Otegbayo,10163,2
280507,Matt Crooks,8667,2
1077922,George Tanner,8427,2
775355,Gustavo Hamer,8657,2
1209597,Marko Stamenic,10003,2
909803,Edo Kayembe,9817,2
1195277,Thierry Small,8411,2
1025603,Tatsuhiro Sakamoto,8669,2
933635,Ryan Giles,8667,2
953859,Nathan Wood,8466,2
434498,Alan Browne,8549,2
1107283,Ji-Sung Eom,10003,2
1396784,Andre Brooks,8657,2
1118483,Tom Fellows,8466,2
1202769,Léo Scienza,8466,2
951953,Ousmane Diakité,8659,2
465909,Josh Windass,9841,2
492589,Max Lowe,10163,2
310785,Sondre Tronstad,8655,2
914402,Jack Clarke,9902,2
605647,Conor Chaplin,8462,2
1421813,Zak Sturge,10004,2
1250510,Jonathan Varane,10172,2
1006676,Memeh Caleb Okoli,8197,2
845985,Victor Torp,8669,2
766622,Michael Johnston,8659,2
1184465,Kyle Joseph,8667,2
492586,Demarai Gray,8658,2
1265460,Adrian Segecic,8462,2
1099974,Issa Kaboré,9841,2
154280,Jordan Ayew,8197,2
1223132,José Córdoba,9850,2
939390,Gavin Bazunu,10194,2
546252,Viktor Johansson,10194,2
1437876,Sean Fusire,10163,2
1039566,Brian De Keersmaecker,8653,2
1194286,Caleb Taylor,10004,2
789556,Lewis Travis,10170,2
1129081,Marcelino Núñez,9902,2
173408,Matthew James,9841,2
1086713,Zak Swanson,8462,2
527549,Patrick Roberts,8658,2
688991,Casper de Norre,10004,2
1121314,Ronnie Edwards,10172,2
872974,Lewis Gibson,8411,2
610270,Callum Elder,10170,2
1220583,Jack Currie,8653,2
183420,Marlon Pack,8462,2
1355258,Ruairi McConville,9850,2
1180500,Harvey Vale,10172,2
789507,Jack Taylor,9902,2
1029024,Lewis Miller,8655,2
156013,Steve Cook,10172,2
1367702,Brodie Spencer,8653,2
552569,Mark Sykes,8427,2
1420266,Bailey Cadamarteri,9841,2
639558,Amir Hadziahmetovic,8667,2
1310975,Jordan James,8197,2
562725,Carlton Morris,10170,2
1276045,Bosun Lawal,10194,2
750033,George Hirst,9902,2
1030830,Jack Rudoni,8669,2
1235431,Kévin Keben,9817,2
1045656,Billy Mitchell,10004,2
969252,Joshua Griffiths,8659,2
1281452,Shea Charles,8466,2
644459,Patson Daka,8197,2
1375019,Oscar Schwartau,9850,2
789593,Todd Cantwell,8655,2
1076693,Joe Walsh,10172,2
315201,Max Crocombe,10004,2
679315,Macaulay Gillesphey,8451,2
1137393,Charlie McNeill,10163,2
789596,Yan Valery,10163,2
1079103,Jacob Greaves,9902,2
1213403,Junior Tchamadeu,10194,2
877763,Josh Key,10003,2
519835,Adam Armstrong,8466,2
886155,Ryan Longman,9841,2
1327214,Nestory Irankunda,9817,2
1524716,Tyler Bindon,8657,2
1389994,Miles Leaburn,8451,2
564794,Jack Stacey,9850,2
1253827,Daniel Jebbison,8411,2
886874,Pol Valentín,8411,2
968935,Rumarn Burrell,10172,2
155782,Aaron Cresswell,10194,2
1089645,Jaden Philogene-Bidace,9902,2
982361,Taylor Gardner-Hickman,8655,2
950861,Koki Saito,10172,2
1127585,Sondre Klingen Langås,10170,2
343757,Marvin Ducksch,8658,2
1127305,Eiran Cashin,8655,2
848011,Joshua Sargent,9850,2
768635,Lyndon Dykes,8451,2
433956,Will Vaulks,8653,2
819762,Chris Mepham,8659,2
760329,Nathan Broadhead,9841,2
1330872,David Ozoh,10170,2
1076138,Hector Kyprianou,9817,2
1187317,Ben Nelson,8197,2
940442,Tommy Doyle,8658,2
807728,Tyrese Campbell,8657,2
789598,Alfie Jones,8549,2
1430832,Harry Amass,10163,2
610267,Ben Pearson,10194,2
496732,Max O'Leary,8659,2
776184,Brandon Thomas-Asante,8669,2
712737,Paul Smyth,10172,2
689302,Ben Sheaf,9841,2
894804,Robert Atkinson,8427,2
932308,Liam Millar,8667,2
940594,David Strelec,8549,2
1096389,Thierno Ballo,10004,2
1218243,Adilson Malanda,8549,2
664826,Dael Fry,8549,2
302241,Patrick Bamford,8657,2
1123949,Eric Bocat,10194,2
1109477,Mark McGuinness,8657,2
262550,Bobby Reid,8197,2
949321,Daniel Peretz,8466,2
837847,Giorgi Chakvetadze,9817,2
1203946,Iván Azon,9902,2
491827,Sammie Szmodics,10170,2
936603,Milutin Osmajic,8411,2
768697,Jordan Williams,8462,2
1113907,Josh Coburn,10004,2
1662406,Moussa Baradji,8655,2
928440,Alistair McCann,8411,2
872996,Liam Cullen,10003,2
1113736,Thomas Cannon,8657,2
1406475,Jaden Heskey,10163,2
1420144,Pierce Charles,10163,2
1248057,Aidomo Emakhu,8653,2
1252072,Lamine Cissé,10194,2
1152435,Tomás Rigo,10194,2
1579845,Mamadou Doumbia,9817,2
289137,Charlie Taylor,8659,2
410836,Semi Ajayi,8667,2
541822,John Swift,8462,2
1579894,Othmane Maamma,9817,2
1203658,Divin Mubama,10194,2
982284,Ellis Simms,8669,2
586467,Karlan Grant,8659,2
904710,Delano Burgzorg,8427,2
1286796,Jovon Makama,9850,2
1307663,Sinclair Armstrong,8427,2
445511,Liam Lindsay,8411,2
611489,Ryan Hedges,8655,2
1119806,Millenic Alli,8462,2
618718,Bright Osayi-Samuel,8658,2
1050161,Andri Gudjohnsen,8655,2
1351566,Melker Widell,10003,2
791416,Sam Smith,9841,2
429955,John Lundstram,8667,2
877690,Alexander Cochrane,8658,2
1052689,Karamoko Dembélé,10172,2
791805,Josh Maja,8659,2
982745,Charlie Kelman,8451,2
210128,Nampalys Mendy,9817,2
890346,Cameron Pring,8427,2
1086712,Harry Clarke,8451,2
962000,Josh Eccles,8669,2
291643,Paul Nardi,10172,2
614956,Yuri Ribeiro,8655,2
728123,Hamza Choudhury,8197,2
733486,Riley McGree,8549,2
489627,Isaac Hayden,10172,2
496563,Jairo Riedewald,8657,2
1307961,Sindre Walle Egeli,9902,2
748456,Sam Field,9850,2
608535,Jerry Yates,10163,2
841150,Rhian Brewster,10170,2
199276,Michael Smith,8411,2
1113813,Myles Peart-Harris,8653,2
1592161,Kieran Morgan,10172,2
962046,Cody Drameh,8667,2
198265,Ryan Leonard,10004,2
956169,Alfie Doughty,10004,2
862284,Kai Wagner,8658,2
109621,Steven Nzonzi,10194,2
1364042,Lewis Koumas,8667,2
823127,Macaulay Langstaff,10004,2
1520401,Tommy Simkin,10194,2
202181,Jack Robinson,8658,2
1197626,Omotayo Adaramola,10163,2
693575,Dan Scarr,9841,2
1359536,Ali Ahmed,9850,2
1081241,Benjamin Chrisene,9850,2
247761,Conor Coady,8451,2
1368061,Samuel Iling-Junior,8659,2
863822,Joel Latibeaudiere,8669,2
1113915,Kasey McAteer,9902,2
1414691,Max Alleyne,9817,2
1231794,Noah Eile,8427,2
968912,Anthony Patterson,10004,2
471274,Ethan Horvath,10163,2
551961,Andrija Vukcevic,8411,2
538499,Lewis Baker,10194,2
1460176,Jacob Wright,9850,2
259809,Jay Fulton,10003,2
240538,Ben Mee,8657,2
1249634,Luke Chambers,8451,2
1055316,Anis Ben Slimane,9850,2
824717,Jakov Medic,9850,2
962002,Sam McCallum,8657,2
1111391,Liam Gibbs,9850,2
801120,Jens-Lys Cajuste,9902,2
185326,Sam Morsy,8427,2
1075463,Maksym Talovierov,10194,2
1186446,Nik Prelec,8653,2
761834,Oliver Rathbone,9841,2
110911,Craig Forsyth,10170,2
191175,Adam Forshaw,8655,2
866163,Conor Shaughnessy,8462,2
862717,Przemyslaw Placheta,8653,2
1559637,Harrison Armstrong,8411,2
401932,Adam Davies,8657,2
1165457,Mathias Kvistgaarden,9850,2
492045,Josh Murphy,8462,2
1132342,Daniel Imray,8659,2
1288332,Joel Ndala,10163,2
930184,Mathias Jørgensen,8655,2
1443861,Tom Atcheson,8655,2
1184745,Zeidane Inoussa,10003,2
1433032,Jhon Solís,8658,2
1518436,Djibril Soumaré,8657,2
807752,Aynsley Pears,8655,2
866688,Luke Woolfenden,8669,2
968944,Luke Cundle,10004,2
1526543,Rayan Kolli,10172,2
1420934,Liam Morrison,10172,2
1116942,Mirko Topic,9850,2
662728,Jordan Thompson,8411,2
1336906,Kuryu Matsuki,8466,2
1123933,Liam Thompson,10170,2
1086842,Samuel Silvera,8549,2
856685,Frank Onyeka,8669,2
1602352,Malick Junior Yalcouyé,10003,2
819872,Mark Harris,8653,2
212714,Thomas Ince,9817,2
826089,Kyogo Furuhashi,8658,2
1086647,Cameron Archer,8466,2
287892,Jed Wallace,8659,2
1799263,Jarvis Thornton,10163,2
1229177,Carlos Vicente,8658,2
1215410,Ibrahim Osman,8658,2
1285497,Derek Mazou-Sacko,10004,2
172284,Ryan Allsop,8658,2
956736,Derry Murkin,10170,2
776159,Ross Stewart,8466,2
1118192,Welington,8466,2
798629,Josh Knight,8462,2
1280022,Dion De Neve,8655,2
614176,Keshi Anderson,8462,2
1174648,Max Johnston,10170,2
570760,Reece Burke,8451,2
46518,Asmir Begovic,8197,2
676504,Ilias Chair,10172,2
1419287,Joshua Quarshie,8466,2
556952,Krystian Bielik,8659,2
1231090,Mohamed Belloumi,8667,2
1507697,Saba Goglichidze,9817,2
1677188,Jeremy Monga,8197,2
175947,James McClean,9841,2
1311533,August Priske,8658,2
150591,Liam Cooper,10163,2
1211646,Jamie Donley,8653,2
1524063,Yunus Emre Konak,8653,2
1344572,Ollie Arblaster,8657,2
1002682,Jeremy Petris,9817,2
488197,Gregory Leigh,8653,2
413158,Chuba Akpom,9902,2
882401,Boubakary Soumaré,8197,2
1453338,Jay Robinson,8466,2
230916,Ryan Fraser,8466,2
674009,Chiedozie Ogbene,8657,2
1113678,Alex Gilbert,8549,2
1077905,Ethan Laird,8658,2
939625,Filip Krastev,8653,2
978170,Tomi Horvat,8427,2
693678,Wout Faes,8197,2
544312,Cyle Larin,8466,2
1463282,Divine Mukasa,8197,2
770267,Ben Johnson,9902,2
643228,Alex Palmer,9902,2
886150,Edmond-Paris Maghoma,9850,2
846009,Adam Idah,10003,2
922622,Róbert Bozeník,10194,2
767738,Callum Lang,8411,2
1097753,Kwadwo Baah,9817,2
839242,Josef Bursik,8462,2
789547,Joe Rankin-Costello,8451,2
1683733,George Pratt,8655,2
887969,Steven Benda,10004,2
763952,Will Mannion,8451,2
765563,Scott Wharton,8655,2
1226789,Jesurun Rak-Sakyi,10194,2
421768,Wes Burns,9902,2
1130805,Ibane Bowat,8462,2
1254270,Kristi Montgomery,8655,2
1133564,Hayden Carter,8655,2
1319774,Yu Hirakawa,8667,2
1574548,Hayden Matthews,8462,2
1347933,Gustavo Caballero,8462,2
1353561,Ante Crnac,9850,2
1428401,Romain Esse,8669,2
363345,Brad Potts,8411,2
729721,Jake Clarke-Salter,10172,2
1239553,Axel Henriksson,8655,2
94550,Moussa Sissoko,9817,2
298676,Joe Bryan,10004,2
201738,Ben Gibson,10194,2
919671,Liberato Cacace,9841,2
1335694,Murphy Cooper,10163,2
1136396,Daryl Dike,8659,2
254472,Danny Ward,9841,2
827247,Harry Pickering,8655,2
1402324,Vivaldo Semedo,9817,2
575780,Paddy McNair,8667,2
1178350,Kaly Sène,8549,2
1609329,Min-Hyeok Yang,8669,2
1125874,Darko Gyabi,8667,2
184360,Andreas Weimann,10170,2
780818,Akin Famewo,8667,2
1310115,Cameron Bragg,8466,2
1109757,Marc Leonard,8658,2
1086653,Tyler Goodrham,8653,2
165518,David Cornell,8411,2
1613300,Stephen Mfuni,9817,2
1135408,Tanto Olaofe,8451,2
751066,Tahith Chong,8657,2
1226756,Alfie Gilchrist,8659,2
933069,Luke Le Roux,8462,2
982246,Daniel Neil,9902,2
1056689,Harvey Knibbs,8451,2
574234,Hidde ter Avest,8653,2
502421,Sam Gallagher,10194,2
343316,Emiliano Marcondes,9850,2
865184,Siriki Dembélé,8653,2
424609,Ben Davies,8653,2
1565859,Daniel Bennie,10172,2
1050813,Márk Kosznovszky,8462,2
46268,Richard O'Donnell,10170,2
119079,Alex McCarthy,8466,2
562799,Joe Wildsmith,8659,2
600818,Josh Vickers,10170,2
1199712,Luke Harris,8653,2
759823,Iké Ugbo,10163,2
1355509,Sverre Halseth Nypan,8549,2
214426,Danny Ings,8657,2
185008,Danny Batth,10170,2
1480132,Esquerdinha,10172,2
864983,Jamal Lewis,8411,2
1132069,Mohamed Touré,9850,2
279489,Jamaal Lascelles,8197,2
1206308,Rob Apter,8451,2
1720299,Cole McGhee,10163,2
1229526,Forson Amankwah,9850,2
1089686,Kaine Kesler-Hayden,8669,2
774332,Nathan Baxter,9817,2
215658,Nathaniel Chalobah,10163,2
1017196,Dan McNamara,10004,2
982272,Sidnei Tavares,8655,2
426180,Jamie Allen,8669,2
1137404,Andrew Moran,8411,2
1113727,Tony Springett,9850,2
305219,Massimo Luongo,10004,2
881558,Max Bird,8427,2
955366,Jonathan Panzo,8658,2
1516030,Gustavo Nunes,10003,2
45571,Ben Hamer,10172,2
1327789,Jaydon Banel,10170,2
876196,Joshua Edwards,8451,2
1089592,Lewis Brunt,9841,2
1004976,Alex Bangura,8549,2
1010733,Ki-Jana Hoever,8657,2
1692116,Louis Page,8197,2
1435441,Papa Diallo,9850,2
1298925,Jeremy Sarmiento,8549,2
1422736,Karoy Anderson,8451,2
1358339,Jamie McDonnell,8653,2
1394402,Rocco Vata,9817,2
745912,Stefán Thórdarson,8411,2
1353053,Milan Smit,10194,2
1187449,Florian Bianchini,8462,2
656495,Babajide David,8667,2
949266,Mads Frøkjær-Jensen,8411,2
1050160,Sontje Hansen,8549,2
1195742,Jayden Fevrier,8451,2
1202883,Matej Jurásek,9850,2
802245,Jacob Brown,8462,2
1090202,Kwame Poku,10172,2
185349,Luke Berry,8451,2
1216005,Harvey Blair,8462,2
574841,Lars-Jørgen Salvesen,10170,2
1289121,Olaf Kobacki,10163,2
803343,Mads Roerslev,8466,2
1273294,Oscar Fraulo,10170,2
1474555,Christ Makosso,8653,2
1702428,Raees Bangura-Williams,10004,2
1797874,Reece Johnson,10163,2
146830,Joel Ward,10003,2
1293092,Makenzie Kirk,8462,2
969256,Louie Barry,8657,2
1014981,Augustus Kargbo,8655,2
1197548,Enis Destan,8667,2
613182,Joe Rothwell,8657,2
191174,Jake Bidwell,8669,2
214570,Jeffrey Schlupp,9850,2
817098,Ryan Barnett,9841,2
23354,Ashley Young,9902,2
1562733,Madiodio Dia,8462,2
774237,Willum Willumsson,8658,2
1086650,Haydon Roberts,8427,2
612180,Kayden Jackson,10170,2
1378819,Collins Sichenje,8451,2
1421810,Toby Collyer,8667,2
1122563,Sam Bell,8427,2
915365,Ole Romeny,8653,2
1751615,Ibrahim Fullah,8451,2
1799262,Ernie Weaver,10163,2
1557236,Jamaldeen Jimoh-Aloba,8659,2
742405,Tom Davies,8657,2
1318728,Connor O'Riordan,8655,2
1586395,Daniel Kelly,10004,2
807925,William Smallbone,10004,2
1329523,Matty Litherland,8655,2
789590,Ben Killip,8462,2
1305787,Elias Jelert,8466,2
1202031,Alex Matos,8657,2
662936,Ben Godfrey,8657,2
1276686,Leo Walta,10003,2
874618,Julián Carranza,8197,2
1800413,George Brown,10163,2
304860,Michael Frey,10172,2
184367,Matt Godden,8451,2
1130774,Samuel Edozie,8466,2
1302814,Kaelan Casey,10003,2
1113670,Aaron Ramsey,8197,2
1363536,Damion Downs,8466,2
1113784,Pierre Ekwah,9817,2
1226849,Leo Castledine,8549,2
1203652,Silko Thomas,8197,2
1211806,George Earthy,8427,2
627016,Jack Walton,8411,2
490413,Seny Dieng,10163,2
1212866,Edoardo Bove,9817,2
672487,Corey Blackett-Taylor,10170,2
127133,Matthew Phillips,8653,2
629924,Ryan Nyambe,10170,2
1573605,Sam Parker,10003,2
174325,Shane Duffy,9850,2
1578415,Sydney Agina,10194,2
605262,Kieran Dowell,8667,2
740171,Kasey Palmer,8667,2
798659,Joe Aribo,8197,2
1310131,Tom Watson,10004,2
1683723,Cathal McCarthy,8667,2
1580235,Errol Mundle-Smith,9850,2
922539,Jin-Woo Jeon,8653,2
229711,Onel Hernández,8451,2
1170744,Caleb Wiley,9817,2
1603284,Kealey Adamson,10172,2
662604,George Edmundson,8549,2
1419974,Ishé Samuels-Smith,10003,2
635947,Alfons Sampsted,8658,2
1467048,Oliver Bostock,8659,2
865934,Wes Harding,10004,2
1455322,Lucien Mahovo,9850,2
1358582,Miguel Ángel Brau,8669,2
1356312,Mateus Fernandes,8466,2
949483,Makhtar Gueye,8655,2
1222770,Leo Hjelde,8657,2
574448,Joe Lumley,10163,2
584825,Ryan Hardie,9841,2
1053675,Formose Mendy,9817,2
671518,Harry Souttar,8197,2
1074758,Ruben Roosken,8653,2
1692751,Raphael-Pijus Otegbayo,10194,2
1187308,Matty Jacob,8667,2
1211437,Victor Kristiansen,8197,2
1580249,Olabade Aluko,8197,2
609755,Kalvin Phillips,8657,2
823592,Oladapo Afolayan,8655,2
760400,Elliott Moore,8653,2
710158,James Justin,8197,2
201664,Nathan Redmond,8655,2
1805495,Keenan Gough,8451,2
536457,Manuel Benson,10003,2
1340895,Bilal El Khannouss,8197,2
1286192,Fally Mayulu,8427,2
1390003,Ryan Oné,8657,2
541330,Marvelous Nakamba,10163,2
1799270,William Grainger,10163,2
1136450,Abu Kamara,8667,2
929665,Kenzo Goudmijn,10170,2
1609716,Amin Nabizada,9817,2
524651,Darragh Lenihan,8549,2
231801,Robert Brady,8411,2
789558,Andrew Fisher,10003,2
862590,Daniel Grimshaw,9850,2
518500,Dillon Phillips,8667,2
935550,Torbjørn Heggem,8659,2
1431456,Thomas Waddingham,8462,2
1512798,Aodhan Doherty,8655,2
1516829,Abdoulaye Kanté,8549,2
847221,Davis Keillor-Dunn,9841,2
1680964,Tylon Smith,10172,2
752558,Zan Celar,10172,2
1365254,Jack Grieves,9817,2
1446731,Brandon Powell,8655,2
212470,Oriol Romeu,8466,2
924610,Yukinari Sugawara,8466,2
169225,Tom Bradshaw,8653,2
1799269,Yisa Alao,10163,2
1799261,Joe Emery,10163,2
1214556,Tammer Bany Odeh,8659,2
1526413,Kai Andrews,8669,2
1331697,Finley Munroe,8549,2
1207956,Micah Hamilton,8549,2
201787,Curtis Nelson,10170,2
1609714,Mackenzie Maltby,10163,2
924315,Kanya Fujimoto,8658,2
1797467,Barnaby Williams,8466,2
1370590,Milos Lukovic,8411,2
1334842,Jahnoah Markelo,8669,2
1667837,Leo Pecover,8427,2
1469339,Owen Eames,10170,2
1101043,Raphael Borges Rodrigues,8669,2
1418089,Favour Fawunmi,10194,2
1879530,Devlan Moses,10163,2
1448527,Nicholas Oyekunle,8466,2
605260,Joe Williams,8427,2
1469816,George McCormick,8549,2
1430830,Ryan Andrews,9817,2
1448524,Nathan Dlamini,8655,2
1498722,Dujuan Richards,8197,2
1420268,Rio Shipston,10163,2
290409,Will Keane,8411,2
962706,Oliver Cooper,10003,2
1394403,Bobby Wales,10003,2
398992,Ricardo Santos,10003,2
955379,Jamie Shackleton,8657,2
1668970,Favour Onukwuli,10163,2
1081285,Louie Sibley,8653,2
1816323,Jonathan Lawson,9817,2
109491,Jay Rodriguez,9841,2
1435832,Olly Thomas,8427,2
1704877,Olutayo Singerr,8462,2
1797866,Bruno Fernandes,10163,2
620134,Kevin Nisbet,10004,2
1967934,Thomas Woodward,10003,2
1113688,Ali Al Hamadi,9902,2
1178514,Eliot Matazo,8667,2
1287056,Cameron Humphreys,9902,2
1414866,Isak Alemayehu Mulugeta,10172,2
1315434,Jacob Farrell,8462,2
1292833,Tyler Dibling,8466,2
1469204,Cruz Allen,10170,2
553798,Scott Wright,8658,2
1469618,Eseosa Sule,8659,2
488622,Harry Cornick,8427,2
1077907,Brandon Williams,8667,2
1948406,Leon Scarlett,10172,2
1360349,Harry Whitwell,8659,2
1109490,James Morris,9817,2
963940,Ajibola Alese,8462,2
872963,Tom Dele-Bashiru,9817,2
1215525,Gatlin O'Donkor,8653,2
1664013,Harry Ashfield,9841,2
1209408,Alex Williams,8659,2
1477502,Josh Laqeretabua,8451,2
1456394,Kevon Gray,8197,2
1325368,Zak Lovelace,10004,2
1621132,Archie Baptiste,8549,2
1746498,Cruz Ibeh,8549,2
1332788,Dajaune Brown,10170,2
1437781,Franco Umeh-Chibueze,8462,2
1407241,Hindolo Mustapha,8659,2
789585,Marcus Forss,8549,2
1604505,Nathan Tinsdale,8667,2
1388067,Noah Mawene,8411,2
1173017,Pierre Dwomoh,9817,2
1562715,Souleyman Mandey,8659,2
1292134,Ethan Pye,10007,2
962062,George Wickens,8430,2
467319,Ilmari Niskanen,9833,2
877637,Owen Bailey,9903,2
1184473,Sam Tickle,8528,2
256599,Sam Walker,8484,2
918332,Steve Seddon,158319,2
1385467,Malachi Boateng,8401,2
874613,Lewis Wing,9798,2
1089687,Filip Marschall,10253,2
1204776,Josh Keeley,8346,2
1283236,Isaac Ogundere,158319,2
395130,Alistair Smith,158319,2
1024958,Kyran Lofthouse,9792,2
534394,Jake Beesley,9792,2
801470,Archie Collins,8677,2
568547,Kyle Wootton,10007,2
245300,Sonny Bradley,8430,2
211837,Tendayi Darikwa,8430,2
360099,Conor McGrandles,8430,2
640626,Daniel Harvie,8676,2
687506,Joel Pereira,9798,2
210819,Max Power,8484,2
524657,Will Aimson,8528,2
954622,George Johnston,8559,2
1117751,Oliver Casey,8483,2
698500,Bailey Peacock-Farrell,8483,2
402762,Liam Roberts,9818,2
937066,Bali Mumba,9796,2
791692,Fraser Murray,8528,2
623366,Nathan Trott,8344,2
210971,Oliver Norwood,10007,2
581517,Ibou Touray,8484,2
650647,Charlie Goode,10253,2
1130978,Joel Bagan,8344,2
199820,Carl Piergianni,10253,2
568581,Alex Bass,8677,2
759811,Bradley Collins,9792,2
1126173,Jordan Brown,8483,2
962026,Harvey White,10253,2
1122585,Jayden Wareham,9833,2
507303,Ryan Johnson,158319,2
877647,Thomas Hamer,8430,2
538114,Ryan Ledson,9796,2
1010219,Luca Connell,8283,2
1253868,Joe Whitworth,9833,2
1247997,Alexander Mitchell,8401,2
1211644,Charlie Savage,9798,2
1254208,Dominic Ballard,8351,2
1098754,Ethan Brierley,9833,2
846102,Dean Campbell,8651,2
515999,Fred Onyedinma,8676,2
406928,Jamie Reid,10253,2
609712,Jack McMillan,9833,2
830550,Nathan Bishop,158319,2
791808,Luke Molyneux,9903,2
886140,Josh Neufville,8484,2
882882,Alex Hartridge,9792,2
1055829,Terry Taylor,8651,2
330467,Joe Rafferty,8119,2
961984,Callum Wright,8528,2
795404,Will Evans,9818,2
522440,Marcus Harness,9796,2
307178,Pierce Sweeney,9833,2
664506,Ryan Wintle,8344,2
974243,Connor Hall,9799,2
979407,Udoka Godwin-Malife,9792,2
860282,Eoin Toal,8559,2
590619,Paudie O'Connor,9798,2
716410,Ashley Fletcher,8483,2
877672,Jack Diamond,10007,2
1469332,Kyrell Lisbie,8677,2
198563,Jack Grimmer,8676,2
1194102,Max Conway,8559,2
659198,Cameron Humphreys,9799,2
1524026,Jack Shepherd,8283,2
1204282,Robert Street,8430,2
1075747,Frazer Blake-Tracy,9818,2
289138,Kal Naismith,8346,2
1089762,Kgaogelo Chauke,9792,2
463871,Reece James,8119,2
970296,Joe Gauci,9799,2
352847,Will Norris,8676,2
1111613,Jamal Baptiste,8119,2
500882,Adedeji Oshilaja,9818,2
562592,Adam Phillips,8283,2
259301,Jordan Clark,8346,2
1288285,Harry Leonard,8677,2
896053,Jensen Weir,8528,2
1409928,Thimothée Lo-Tutala,9903,2
511032,Ben Osborn,10007,2
1606170,Jonathan Bland,8283,2
981179,Nesta Guinness-Walker,8651,2
959774,Mathias Ross,8401,2
1395985,Patrick Kelly,8283,2
789565,Dan Kemp,10253,2
866650,Reeco Hackett,8430,2
1189622,Nigel Lonwijk,8346,2
524655,Louis Reed,9818,2
583435,Jason Kerr,8528,2
297209,Sam Hoskins,8651,2
261303,Jake Reeves,158319,2
1249605,Jenson Metcalfe,8484,2
231596,Lee Nicholls,9796,2
1113824,Jeriel Dorsett,9798,2
1415372,Owen Goodman,8283,2
203866,Antoni Sarcevic,8484,2
742347,Luther Wildin,10253,2
488623,Cameron Dawson,8119,2
932610,Odin Bailey,10007,2
827248,Daniel Happe,8351,2
708872,Zak Jules,8119,2
254473,Murray Wallace,9796,2
838174,Tyrese Shade,9792,2
1292838,Daniel Gore,8119,2
1113899,Lorent Tolaj,8401,2
406926,Morgan Fox,8528,2
654089,Marcus Browne,158319,2
489335,Josh Sheehan,8559,2
815772,Corey O'Keeffe,8283,2
1075210,Jack Armer,9792,2
621849,Ronan Curtis,8401,2
607858,Curtis Tilt,8484,2
519444,Cameron McGeehan,8651,2
354785,Luke Leahy,8676,2
183747,Tom Lees,8677,2
982679,Matthew Smith,8528,2
791428,Jack Senior,9903,2
184318,Joe Edwards,8401,2
401933,George Evans,9792,2
1254170,Amario Cozier-Duberry,8559,2
563058,Perry Ng,8344,2
282276,Cauley Woodrow,8676,2
1098785,William Fish,8344,2
1227404,Reyes Cleary,8283,2
630953,Mads Juel Andersen,8346,2
261801,Adam Reach,8430,2
662373,Aden Baldwin,8484,2
1254240,Kamari Doyle,9798,2
952303,Peter Kioso,8677,2
748520,Tyreeq Bakinson,8351,2
1180735,Arjany Martha,8119,2
564531,Myles Hippolyte,158319,2
716230,Liam Walsh,8346,2
789589,Lewis Freestone,10253,2
759589,Jordi Osei-Tutu,8559,2
673437,CJ Hamilton,8483,2
677988,Jack Fitzwater,9833,2
821400,Toby Sibbick,9792,2
1203511,Daniel Kyerewaa,9798,2
766617,Conor Hazard,8401,2
1293027,Mason Burstow,8559,2
31922,David McGoldrick,8283,2
654102,Joe Powell,8119,2
617219,George Honeyman,8483,2
877450,Lasse Sørensen,9796,2
674498,Chris Willock,8344,2
1101043,Raphael Borges Rodrigues,8528,2
750841,Jack Aitchison,9833,2
1189606,Tom Bloxham,8483,2
1075519,Matthew Sorinola,8401,2
187427,Stephen McLaughlin,9818,2
631245,Jamie Sterry,9903,2
780485,Sam Nombe,8119,2
1308353,Brandon Khela,8677,2
1227324,Rubin Colwill,8344,2
742398,Tennai Watson,8283,2
1123529,Tyrese Fornah,8651,2
654084,Kyle Knoyle,9818,2
1041477,Taylor Allen,8676,2
1113786,Oliver O'Neill,8351,2
1127293,Chris Forino-Joseph,8559,2
303922,Jordan Roberts,10253,2
1296772,Jimmy-Jay Morgan,8677,2
1183360,Yousef Salech,8344,2
1639134,Dylan Lawlor,8344,2
1184485,Seán Roughan,9796,2
1441584,Jay McGrath,9903,2
1420829,Nathan Asiimwe,158319,2
881519,Tom Bayliss,8430,2
301465,Ross Fitzsimons,8651,2
417067,George Saville,8346,2
1235088,David Okagbue,8677,2
1116148,Christian Saydee,8528,2
302785,Matthew Pearson,9903,2
1006080,Robbie Gotts,9903,2
789566,Sam Dalby,8559,2
817096,Stephen Humphrys,8484,2
722756,Jack Simpson,8351,2
1336717,Joe Taylor,8528,2
1187359,Max Dyche,8651,2
1519290,Bobby Pointon,8484,2
1089611,Tyreik Samuel Wright,8484,2
1213684,Brad Hills,10007,2
957358,Radinio Balker,9796,2
780414,Josh Dacres-Cogley,10007,2
95325,Ben Hinchliffe,10007,2
1288279,George Hall,9799,2
1188049,Kelvin Ehibhatiomhan,9798,2
776152,Aaron Morley,8676,2
729738,Sean Clare,8351,2
488205,Devante Cole,8346,2
243132,Nahki Wells,8346,2
541830,Tom James,8351,2
516273,Matthew Pennington,8484,2
1533543,Cian Ashford,8344,2
1125736,Joseph Low,9796,2
280865,Michael Ihiekwe,8483,2
1292828,Gideon Kodua,8346,2
1137375,George Broadbent,9903,2
664521,Harry Clifton,9903,2
816434,Alfie May,9796,2
658364,Conor McCarthy,8651,2
1113742,Charlie Wellens,8351,2
1118910,Alex Robertson,8344,2
877581,Ben House,8430,2
1370500,Aribim Pepple,8401,2
1108605,Matthew Garbett,8677,2
1185779,Ryley Towler,8430,2
1243220,Connor Taylor,8676,2
601346,Ryan Sweeney,9818,2
1533556,James Dornelly,8677,2
1315477,Omari Kellyman,8344,2
766648,Callum Maycock,158319,2
798643,Hayden Coulson,8483,2
1398915,Ethan Wheatley,8484,2
1239448,Nathan Moriah-Welsh,9818,2
837586,Anders Hagelskjær,8676,2
520238,Rhys Oates,9818,2
658477,Jordan Houghton,10253,2
1086546,Daniel Phillips,10253,2
75416,Lucas Akins,9818,2
1520214,Luca Woodhouse,9833,2
791809,Dan Casey,8676,2
514802,Eoghan O'Connell,8283,2
1196750,Jack Moylan,8430,2
821660,Fraser Horsfall,8483,2
301631,Derrick Williams,9798,2
961989,Joseph Olowu,10007,2
962702,Joe Lewis,158319,2
662732,Owen Moxon,8528,2
816316,Omar Bugiel,158319,2
847221,Davis Keillor-Dunn,8283,2
1081906,Denzel Hall,8119,2
1117871,Teddy Sharman-Lowe,8559,2
1045828,Dara Costelloe,8528,2
1096703,Carl Johnston,8677,2
1263278,Jamie Mullins,8676,2
789549,Aaron Lewis,9818,2
1086249,Ollie Tanner,8344,2
776161,Brandon Hanlan,9903,2
1107651,Finley Burns,9798,2
743471,Reece Cole,9833,2
956166,Brendan Sarpong-Wiredu,8401,2
1123627,Maël de Gevigney,8283,2
1223119,Freddie Draper,8430,2
1116648,Ben Garrity,9799,2
505469,Ryan Croasdale,9799,2
1096398,Xavier Simons,8559,2
1405022,Joel Colwill,8344,2
728127,Corey Addai,10007,2
299148,Jack Bonham,8559,2
1335694,Murphy Cooper,8283,2
822135,Owen Dale,8401,2
1197515,Charlie Webster,9792,2
983186,Kyle John,9799,2
1115145,Paddy Lane,9798,2
620124,Lynden Gooch,9796,2
750845,David Turnbull,8344,2
775612,Jordan Gabriel,9799,2
184476,Omar Beckles,8351,2
1098780,Teden Mengi,8346,2
193210,Tom Eaves,8651,2
1668671,Ronan Kpakio,8344,2
480791,Joe Wright,8484,2
253632,Lee Burge,8651,2
23229,Billy Sharp,9903,2
932160,Thierry Gale,8559,2
171786,Funso Ojo,9799,2
445481,Jack Marriott,9798,2
1194294,Zac Ashworth,8483,2
864894,Josh Earl,8283,2
1250240,Josh Feeney,9796,2
425255,Calum Chambers,8344,2
1561862,Harry Gray,8119,2
867081,Jake Doyle-Hayes,9833,2
1533558,Harley Mills,8677,2
1077895,Caolan Boyd-Munce,8676,2
1329227,Azeem Abdulai,8351,2
969245,Jack Burroughs,8651,2
675040,Regan Hendry,9818,2
874617,Aaron Connolly,8351,2
914169,Ethan Erhahon,8559,2
1029778,Idris El Mizouni,8351,2
165555,Danny Andrew,9833,2
1232216,Ivan Varfolomeev,8430,2
618707,Shaun McWilliams,8119,2
759507,Liam Fraser,9798,2
810583,Liam Gordon,9799,2
844937,Josh Bowler,8483,2
231202,James Husband,8483,2
1186459,Michael Forbes,8651,2
1358339,Jamie McDonnell,9818,2
1327975,Reuell Walters,8483,2
1351007,Jack Perkins,8651,2
877444,Jordan Gibson,9903,2
1022849,Scott Banks,8283,2
1562448,Vimal Yoganathan,8283,2
746408,David Kasumu,9796,2
885319,Ewan Henderson,8676,2
279487,Neill Byrne,9903,2
490135,Jordan Hugill,8119,2
1533554,Rhys Walters,9799,2
1096390,Jonathan Russell,9818,2
1081240,Junior Quitirna,8676,2
846686,Demetri Mitchell,8351,2
982299,Luca Ashby-Hammond,8401,2
820094,Cohen Bramall,8346,2
1286945,James Carragher,8528,2
1077221,Joseph Hungbo,8528,2
1188024,Ed Turns,9833,2
316688,Brendan Galloway,8401,2
180137,Josh Magennis,9833,2
907046,Bojan Radulovic,9796,2
1108610,Caleb Watts,8401,2
1287056,Cameron Humphreys,9796,2
1318728,Connor O'Riordan,9903,2
310825,Lee Evans,8484,2
789600,Glenn Middleton,9903,2
579057,Mathew Stevens,158319,2
1246213,Michael Craig,8351,2
1125748,Jasper Pattenden,10253,2
1109490,James Morris,8351,2
302371,Louis Thompson,10253,2
640669,Tayo Edun,10007,2
740171,Kasey Palmer,8346,2
1081014,Jaheim Headley,9799,2
766650,Jordan Shipley,9799,2
961324,Jasper Moon,9792,2
263674,Elliott Hewitt,9818,2
883062,Kian Spence,8119,2
1437880,Joseph Johnson,8346,2
1112686,James Maxwell,9903,2
950660,Nathanael Ogbeta,8283,2
1074758,Ruben Roosken,9796,2
1336887,John McKiernan,9792,2
1288116,Killian Cahill,8351,2
493169,Baily Cargill,9818,2
822129,Theo Archibald,8351,2
961310,William Forrester,8351,2
1334830,Nathan Lowe,8676,2
1122563,Sam Bell,8676,2
789509,Gabriel Osho,8344,2
1211647,Dylan Williams,9792,2
629924,Ryan Nyambe,9798,2
693541,Terence Vancooten,9792,2
518503,Kyle Dempsey,8559,2
1226849,Leo Castledine,9796,2
736188,Josh Koroma,8351,2
1787141,Junior Nkeng,158319,2
562796,George Byers,9799,2
1125972,Ted Cann,8119,2
1203620,Saxon Earley,10253,2
127133,Matthew Phillips,10253,2
1089881,Kamarai Simon-Swyer,8651,2
570777,Ben Heneghan,9799,2
1290932,Martin Sherif,9799,2
1199712,Luke Harris,8676,2
1533539,Jake Richards,8346,2
955356,Albie Morgan,8483,2
662609,Elliott List,8651,2
789601,Thomas O'Connor,8677,2
719340,Jordan Thorniley,8651,2
886105,Ben Wiles,9796,2
1096635,Will Dennis,8351,2
1111678,Cian Hayes,8677,2
1016654,Jesse Debrah,9799,2
1123945,Will Swan,8484,2
1118697,Isaiah Jones,8346,2
1188048,Ben Woods,8677,2
1235099,Malik Mothersille,10007,2
1411552,Zack Nelson,158319,2
276734,Patrick Bauer,158319,2
471276,Dion Charles,9796,2
1306239,Elijah Campbell,9799,2
1460862,Lamine Fanne,8346,2
717173,Dan Sweeney,10253,2
1254229,Emilio Lawrence,8346,2
1096701,Shayden Morris,8346,2
1469777,George Nevett,8677,2
865940,Dru Yearwood,8119,2
369752,John Guthrie,8651,2
504085,Callum Robinson,8344,2
1420725,Owen Oseni,8401,2
1520249,Josh Stokes,10007,2
1315250,Caylan Vickers,8528,2
212418,Cyrus Christie,8559,2
419133,Hakeeb Adelakun,9903,2
1520401,Tommy Simkin,8351,2
1107731,Chem Campbell,10253,2
683364,Hakeem Odoffin,8346,2
636392,James Tilley,158319,2
1017899,Josh Benson,8119,2
863865,Niall Ennis,8483,2
982596,Phoenix Patterson,10253,2
903584,Joel Randall,8483,2
169225,Tom Bradshaw,8283,2
1202092,Kelvin Abrefa,9798,2
1034995,Ben Waine,9799,2
1596241,Ethon Archer,9799,2
1037142,Kornél Szucs,8401,2
865934,Wes Harding,8401,2
608535,Jerry Yates,8346,2
1347713,George Abbott,9818,2
760724,Herbie Kane,8401,2
729449,Callum Connolly,10007,2
760400,Elliott Moore,8651,2
419665,Elliot Lee,9903,2
1422736,Karoy Anderson,8483,2
1283027,Mikki van Sas,8676,2
212441,Andy Yiadom,9798,2
1197626,Omotayo Adaramola,8351,2
687441,Ciarán Kelly,8484,2
189075,James Collins,8430,2
1531975,Adama Sidibeh,10007,2
470638,Marc Roberts,8283,2
1338990,Akeel Higgins,9833,2
1330873,Bradley Ibrahim,8401,2
940605,Xavier Amaechi,8401,2
1119806,Millenic Alli,8346,2
1706477,Lenny Agbaire,8119,2
933798,Beryly Lubala,10253,2
1239597,Seán Grehan,9903,2
643230,Tyler Roberts,9818,2
719377,Randell Williams,9798,2
1174485,Dale Taylor,8483,2
1187308,Matty Jacob,9798,2
1195742,Jayden Fevrier,10007,2
1239600,Johnny Kenny,8559,2
1282156,Ibrahim Cissoko,8559,2
186498,Jayden Stockley,9799,2
1185783,Sebastian Revan,9792,2
1132342,Daniel Imray,8483,2
480790,Paul Mullin,8484,2
1306075,Declan Frith,8677,2
1474555,Christ Makosso,8346,2
961314,Fábio Tavares,9792,2
1182933,Antwoine Hackford,158319,2
867082,Mitchell Clark,9799,2
952150,Carlos Mendes,9833,2
540077,Ben Close,9903,2
149895,Jordan Bowery,9818,2
1315314,Jack Moorhouse,8351,2
894805,Tyrese Francois,8528,2
155913,Matt Ritchie,9798,2
1113728,Tommy Leigh,8484,2
888884,Andy Lyons,8483,2
13917,Liam Kelly,8119,2
1668673,Liam Oakes,9833,2
1226630,Isaak Davies,8344,2
1230517,Tom Nixon,9903,2
1302814,Kaelan Casey,8351,2
140422,Dan Butler,10253,2
563083,Andy Cannon,9792,2
210825,Jamie Paterson,8401,2
1206310,Niall Huggins,8676,2
919849,Julian Larsson,9792,2
1406433,Marvin Kaleta,8119,2
789585,Marcus Forss,8559,2
1289949,Owen Dodgson,10007,2
1842565,Harrison Bettoni,8528,2
843101,John McAtee,8559,2
1096630,Leighton Clarkson,8483,2
1421003,Timur Tuterov,9833,2
1086650,Haydon Roberts,9798,2
1187261,Sonny Cox,9833,2
1327311,Kyle McAdam,8651,2
1665584,Charlie Cummins,9833,2
1124094,Jack Vale,8651,2
529887,Adam Jackson,8430,2
1332788,Dajaune Brown,9799,2
1135408,Tanto Olaofe,10007,2
295061,Jordan Willis,8651,2
1532256,Jake Evans,8651,2
1109489,Tyler Onyango,10007,2
1410396,Ryan Trevitt,8528,2
577611,Joe McDonnell,158319,2
1798686,Sulyman Krubally,9792,2
1419975,Hamish Douglas,8119,2
1206308,Rob Apter,8559,2
1089873,Dom Jefferies,8430,2
612180,Kayden Jackson,8484,2
1268012,Benony Andrésson,10007,2
1244302,Joe Wormleighton,8651,2
180233,Michael Jacobs,8651,2
964374,Danilo Orsi,158319,2
1104042,Ruari Paton,9799,2
1533560,Donay O'Brien-Brady,8677,2
1431282,Cameron Ashia,9796,2
1390003,Ryan Oné,8430,2
1224877,Johnly Yfeko,9833,2
1523842,Benn Ward,9798,2
155936,Ben Amos,9799,2
1089761,Jack Bycroft,9833,2
172489,Zander Clark,9903,2
950659,Luke Bolton,9818,2
866687,Steven Sessegnon,8528,2
1069936,Abraham Odoh,8677,2
520230,Duncan Watmore,8119,2
1407205,Oliver Irow,9818,2
1284069,Alex Lowry,8676,2
1412466,Emmanuel Adegboyega,8119,2
592210,Victor Adeboyejo,9818,2
789555,Tyler Magloire,9799,2
1329813,Will Alves,9796,2
967390,Jack MacKenzie,8401,2
291622,Joe Ralls,8401,2
961988,Ryan Rydel,9833,2
1416706,Law McCabe,8401,2
1668672,Ashqar Ahmed,9798,2
807742,George Lapslie,8484,2
1055825,Dylan Levitt,8351,2
184461,Jack Hunt,8528,2
488186,Ian Lawlor,9903,2
1003685,Jacob Mendy,8677,2
759581,Marcus McGuane,9796,2
955974,Ruben Rodrigues,8559,2
1420188,Aron Sasu,158319,2
1332456,Gustav Lindgren,8677,2
28109,Kevin McDonald,9833,2
1075819,Davy van den Berg,8346,2
1184466,Luke Robinson,8528,2
734402,Daniel Udoh,8676,2
1531971,David Kamara,8677,2
1239535,Riley Harbottle,158319,2
1513928,Justin Obikwu,8430,2
290409,Will Keane,9798,2
1203517,Ben Elliot,9798,2
519890,Emil Hansson,8483,2
1197533,Sil Swinkels,9833,2
1253866,Francis Okoronkwo,9903,2
1329747,Bradley Fink,8676,2
1113729,Calum Kavanagh,8484,2
1435604,Mark O'Mahony,9798,2
562889,George Maris,9818,2
1093046,Gassan Ahadme,10253,2
1401987,Finn Delap,9792,2
919888,Mickel Miller,9796,2
819916,André Vidigal,8676,2
1199868,Sonny Perkins,8351,2
789631,Alexander Pattison,8484,2
1880258,Llyton Chapman,8528,2
759592,Julio Pleguezuelo,8401,2
504176,Bradley Halliday,8484,2
1348595,Jordan Amissah,9792,2
563177,Marko Marosi,9799,2
1748174,Boluwatife Shofowoke,8677,2
1426548,Maleace Asamoah,8528,2
968939,Kion Etete,8119,2
1203656,Brandon Cover,8119,2
1199638,Alfie Lloyd,8430,2
1319809,Joseph Gardner,9818,2
1397342,Kain Adom,9792,2
1309958,Ayman Benarous,8401,2
1113688,Ali Al Hamadi,8346,2
1800387,Max Dickov,9818,2
1137726,Lasse Nordås,8346,2
1412671,Edward James,9833,2
180259,Andre Gray,9799,2
229711,Onel Hernández,9799,2
1132520,Jack Holmes,8119,2
564724,Sean Raggett,8119,2
1398938,Charlie Crew,9903,2
935552,Magnus Westergaard,8676,2
1113904,Lewis Bate,10007,2
682551,Kyle Edwards,8651,2
1109477,Mark McGuinness,8346,2
1418089,Favour Fawunmi,8351,2
1076174,Rarmani Edmonds-Green,8351,2
1204558,Franco Ravizzoli,8483,2
1170741,Vicente Reyes,8677,2
1364016,Bradley Ihionvien,8677,2
672487,Corey Blackett-Taylor,8559,2
1667970,Che Gardner,10007,2
1130792,Mo Faal,9799,2
1685265,Tegan Finn,8401,2
440530,Callum Camps,10007,2
877567,Thomas Holmes,8119,2
584825,Ryan Hardie,9796,2
863652,Neil Farrugia,8283,2
962706,Oliver Cooper,8528,2
1610913,Pemi Aderoju,8677,2
306651,Marvin Johnson,9799,2
491810,Jack Whatmough,9796,2
802245,Jacob Brown,8346,2
1216389,Mamadi Camará,9798,2
1418093,Donnell McNeilly,8676,2
711363,Diallang Jaiyesimi,8351,2
289159,Jak Alnwick,9796,2
544435,Grant Ward,9799,2
969256,Louie Barry,10007,2
256572,Josh Scowen,8676,2
789508,Tom McIntyre,8484,2
1111611,Harrison Ashby,8484,2
795510,Harry Lewis,9818,2
575782,Jack Stevens,9798,2
1362293,Kieren Flavell,8283,2
1558320,Matthew Turner,8344,2
629065,Tyler Miller,8559,2
1304777,Declan Skura,8676,2
1637804,Tobias Brenan,8528,2
1448375,Gabriele Biancheri,8119,2
1414130,Roman Dixon,10007,2
817720,Michael Obafemi,8483,2
309797,Dominic Dwyer,9818,2
488622,Harry Cornick,10253,2
1311296,Toby Oluwayemi,8351,2
1209498,Michael Stickland,9798,2
1191046,Kamarl Grant,8483,2
1186249,Oscar Wallin,8677,2
1362972,Kadan Young,9798,2
1285477,Deji Elerewe,8430,2
1692237,George Sebine,9796,2
1096694,Layton Stewart,158319,2
1400214,Damola Ajayi,9903,2
760342,Antony Evans,9796,2
938451,Klaidi Lolos,8677,2
1692206,Lucca Mendonça,8677,2
872957,Edward Francis,9833,2
210797,Nick Powell,8484,2
1958830,Cohen Lee,8119,2
184450,Andy Cook,8484,2
1327313,Darren Robinson,9903,2
1298713,Babajide Adeeko,8528,2
1743835,James Clarke,8119,2
161937,Victor Pálsson,8401,2
1231567,Georgie Gent,8283,2
1420183,Caleb Roberts,8401,2
794462,Joe Sbarra,9903,2
1355539,Calum Scanlon,8344,2
1184206,Erik Ring,8430,2
1113912,Jovan Malcolm,10253,2
1086703,Harry Tyrer,8344,2
1287773,Nicholas Bilokapic,8677,2
1667969,Andre Garcia,9798,2
1897344,Patryk Sykut,8677,2
1081285,Louie Sibley,8484,2
1288112,Zech Obiero,8351,2
1524013,Josh Ayres,8119,2
865131,Shandon Baptiste,8346,2
78505,Sam Hutchinson,158319,2
1690759,Ryan Doherty,10253,2
1285822,Fin Back,8676,2
643659,Nikola Tzanev,9796,2
1089689,Joe White,8484,2
172841,Callum McManaman,8528,2
1452501,Sean Patton,9798,2
748529,Toyosi Olusanya,9903,2
1315286,Joseph Gbode,8346,2
1485185,Nick Akoto,9792,2
1352860,Ajay Matthews,8351,2
789510,Andy Rinomhota,9798,2
1082913,Richard Taylor,8559,2
923281,Ethan Hamilton,8430,2
966022,Lewis Fiorini,10007,2
1667026,Leo Farrell,8283,2
1186512,Ryan Finnigan,8483,2
1394403,Bobby Wales,9796,2
1413783,Fábio Jaló,8283,2
872956,Joshua Kayode,8119,2
842718,Jon Mellish,8528,2
1659747,Anthony Nunez,9818,2
239759,James Shea,8346,2
1665577,Kamil Dudek,9792,2
873241,Taye Ashby-Hammond,10253,2
1576485,Tom Dean,9833,2
1534734,Kai Jennings,158319,2
1199709,Lino Sousa,8119,2
953873,Josh Kelly,158319,2
1684256,Joe Hatch,8401,2
1751619,Jack Newall,9792,2
1292844,Osman Foyo,158319,2
1416589,Charlie Lennon,8283,2
1184217,Jake Young,10253,2
1342934,Christy Grogan,10007,2
1186523,Oscar Thorn,8430,2
688301,Kelechi Nwakali,8283,2
1714508,Kieran Wilson,9833,2
1308370,Malcolm Ebiowei,8483,2
1675986,Tanatswa Nyakuhwa,8344,2
1186461,Jake Rooney,8283,2
1189711,Isaac Mabaya,8528,2
1787195,George Birch,9833,2
1642043,Dakarai Mafico,8344,2
1553363,Zépiqueno Redmond,9796,2
1350598,Dexter Lembikisa,8430,2
1348438,Freddie Issaka,8401,2
1184681,Ciaran Gilligan,9792,2
1601917,Richard Kone,8676,2
1692213,Harrison Duncan,8119,2
633094,Jesper Daland,8344,2
1410178,Ciaran McGuckin,8119,2
1325210,Kamil Conteh,8430,2
1554645,Connor Barratt,8283,2
1668966,Jack Matton,8676,2
1420170,Bayley McCann,9903,2
1860804,Noah Williams,8344,2
1668695,Emmanuel Osho,9798,2
1098808,Ryan De Havilland,8677,2
1789403,Daniel Vost,9796,2
1825927,Jamal Williamson,9792,2
873237,Elijah Adebayo,8346,2
1331666,Lewis Orford,10253,2
541330,Marvelous Nakamba,8346,2
1699527,Josh Taroni,9792,2
1287379,Jason Sraha,9792,2
1801951,Micah Olabiyi,8676,2
1975602,Mohamed Keita,8676,2
1862838,Oliver Taylor,9818,2
1798727,Elliot Hartmann,9818,2
1116947,Rico Richards,9799,2
1617123,Zane Okoro,8430,2
1111392,Tawanda Chirewa,8283,2
1603717,Jid Okeke,10007,2
1637435,Phillip Chinedu,8351,2
1787188,Kasper Williams,9903,2
1280596,Sverre Hakami Sandal,8346,2
1787153,Charlie Warren,8559,2
1975598,Eddie Lake,9799,2
1420172,Jake Oram,9903,2
1845359,Tobias Ritchie,8559,2
1575566,Neo Dobson,8651,2
1798718,Sebastian Campbell,8401,2
1845347,Zac Scutt,9792,2
1798778,Cameron Stones,8676,2
720454,Jonny Smith,8528,2
1680370,Luke Howard,9798,2
1821376,Rob Tankiewicz,8344,2
1694657,Terry Bondo,8483,2
1975597,Paul Moreno,8344,2
1304339,Tomas Kalinauskas,9792,2
1330875,Basil Tuma,9798,2
1307638,Eli King,8344,2
1531830,Jack Hazlehurst,9792,2
1712987,Lenny Brown,10253,2
1975600,Max Murray,9796,2
1429141,Taylor Anderson,9818,2
1825945,Theo Upton,8483,2
237562,Connor Ripley,9795,2
886088,Jack Tucker,8416,2
302545,Jay Lynch,45723,2
154807,Joe Day,8680,2
530464,Manny Monthé,9785,2
534391,Nathan Smith,8313,2
791427,Cameron McJannet,10005,2
612735,Mathew Hudson,9785,2
780817,Jacob Bedeau,9819,2
1353700,Lewis Billington,9784,2
440531,Mitchell Pinnock,45729,2
961329,Kelland Watts,9834,2
1281464,Ryan Glover,8175,2
865937,Jake Eastwood,9834,2
309517,Matt Macey,8416,2
1076712,Adam Senior,8175,2
562890,Craig MacGillivray,8645,2
164848,James Belshaw,9819,2
1577815,Matthew Young,282326,2
364547,Alex Gilbey,8645,2
787216,Harvey Rodgers,10005,2
681987,Jamie Robson,9785,2
1107647,Cieran Slicker,8175,2
607673,Grant Smith,45729,2
1089768,Oliver Wright,8671,2
243856,Aden Flint,10006,2
934843,Reece Hutchinson,9784,2
191132,Luke Garbutt,282326,2
1296385,Myles Roberts,10006,2
1166239,Jack Evans,7946,2
524801,Danny Collinge,8175,2
1577837,Wyll Stanway,6350,2
619507,William Boyle,9896,2
789539,Arthur Read,8416,2
1125882,Reece Smith,7946,2
1181715,Charlie Barker,8647,2
1020519,Ashley Charles,45729,2
416104,Ryan Woods,9785,2
1235094,Tommi O'Reilly,9784,2
29569,James Wilson,8680,2
1113788,Idris Odutayo,45729,2
244034,Luke Young,8680,2
1575429,Tom Iorpenda,9819,2
933747,Ryan Graydon,282326,2
445497,Bryn Morris,7946,2
662975,Liam Kelly,8645,2
959401,Nnamdi Ofoborh,8175,2
799263,Idris Kanu,8175,2
1396874,Devon Matthews,8671,2
923241,Elliot Bonds,45723,2
591751,Omar Sowunmi,45729,2
735234,Max Clark,10173,2
589644,Kieran Green,10005,2
563230,Tom Pett,9785,2
867884,Jack Sparkes,10104,2
1076698,Remeao Hutton,10173,2
498532,Pelly-Ruddock Mpanzu,9834,2
902279,Luke Offord,8645,2
471699,Patrick Brough,8313,2
789639,Zachary Hemming,9786,2
843660,Aaron Drinan,9795,2
410017,Donervon Daniels,9785,2
1353551,Sammy Braybrooke,9786,2
1098783,Mark Helm,45723,2
1042559,Ben Jackson,6350,2
629786,Marvin Ekpiteta,8645,2
1315280,Sam Gale,10173,2
1405016,Matthew Baker,10262,2
1086939,Gavin Kilkenny,9795,2
568541,Jorge Grant,282326,2
1336743,Daniel Kanu,10006,2
1197124,Ethan Ennis,45723,2
1284065,Mamadou Jobe,9834,2
244451,Mickey Demetriou,9784,2
213066,Kyle McFadzean,9786,2
877688,Isaac Hutchinson,8680,2
748384,Jordan Wright,10262,2
1202082,James Connolly,9784,2
1187252,Jonathan Tomkinson,8680,2
1084272,Marcus Ifill,45729,2
962008,Taylor Perry,9896,2
1081031,Isaac Sinclair,8671,2
1077898,Ryan Stirk,9786,2
1132145,Andrew Smith,10173,2
877677,Max Sanders,9784,2
874605,Robbie McKenzie,10173,2
1286967,Liam Bennett,9834,2
1081096,Josh March,9784,2
678299,Alfie Kilgour,10104,2
1415486,Jordan Thomas,8680,2
1050665,Nikola Tavares,8175,2
962038,Jay Williams,8647,2
1473063,Ismeal Kabia,9896,2
1206282,Nicholas Tsaroulla,9819,2
521154,Sullay Kaikai,9834,2
1130810,Lewis Macari,9819,2
170400,Tom Naylor,9786,2
938380,Jaze Kabia,10005,2
469382,Jack Payne,8416,2
1093798,Jake Bickerstaff,8680,2
211839,Richard Smallwood,10104,2
997573,Josh Flint,8647,2
782802,James Gibbons,9834,2
1533553,Calum Agius,9784,2
1186465,Charlie Whitaker,8313,2
616011,Mark Shelton,8175,2
597964,Kabongo Tshimanga,8175,2
202063,Oliver Turton,282326,2
1215976,Adebola Oluwo,282326,2
355739,Callum Paterson,8645,2
612183,Michael Cheek,45729,2
533777,Charlie Raglan,6350,2
664514,James Brophy,9834,2
1566101,Kyreece Lisbie,8416,2
918334,Charlie Lakin,10006,2
1203609,Jack Sanders,8645,2
785409,Corey Whitely,45729,2
734402,Daniel Udoh,282326,2
607142,Kane Vincent-Young,8416,2
24143,Shaun Whalley,8671,2
716860,Rob Hunt,8416,2
1428295,Lee Jenkins,10262,2
1395681,Jacob Slater,7946,2
575792,Farrend Rawson,8671,2
1197653,Lee Bonis,9786,2
528437,Dominic Ball,9834,2
746895,Charles Vernam,10005,2
1098786,Charlie McCann,6350,2
1403861,Fabrizio Cavegn,10104,2
684734,Donald Love,8671,2
179028,Sam Clucas,9896,2
1206309,Bobby Kamwa,10262,2
816509,Will Wright,9795,2
702939,Omari Patrick,8313,2
24264,Glenn Morris,10173,2
1326195,Harrison Neal,45723,2
791804,Mike Fondop-Talum,9785,2
262531,Tom Nichols,9795,2
997538,Clinton Mola,10104,2
982598,Dilan Markanday,9786,2
660320,Armani Little,10173,2
1288287,Isaac Heath,8671,2
1195337,Evan Weir,10006,2
1187956,Callum Stead,8175,2
808791,Louis Appéré,9834,2
571708,Harry Anderson,8416,2
1113747,Connor Barrett,10006,2
662314,Ben Stevenson,8680,2
962703,Cameron Evans,10262,2
628878,Liam Mandeville,9786,2
789579,Rekeem Harper,6350,2
711340,Josh Gordon,6350,2
1020785,Tom Sang,9896,2
363352,Bradley Dack,10173,2
1081233,Luca Hoole,9896,2
807775,Brandon Cooper,282326,2
668421,Darren Oldaker,9795,2
817097,Sam Stubbs,9896,2
605257,Gethin Jones,8645,2
1424756,Arkell Jude-Boyd,8680,2
1288582,Harvey Araujo,8416,2
363344,Joe Ironside,8313,2
842718,Jon Mellish,8645,2
1089740,William Hondermarck,45729,2
1441821,Finley Potter,45723,2
568575,Teddy Bishop,8416,2
613181,Jodi Jones,9819,2
468967,Ollie Palmer,9795,2
184069,John Marquis,9896,2
352866,Cheyenne Dunkley,9786,2
872989,George Lloyd,9896,2
672450,Matt Butcher,282326,2
1068592,Darragh Burns,10005,2
1117827,Josh Austerfield,282326,2
1123946,Matthew Dennis,9819,2
966023,Ben Knight,9834,2
1191050,Jude Arthurs,45729,2
315295,Sam Finley,8313,2
801707,George McEachran,10005,2
1195213,Will Davies,45723,2
1089684,Aaron Pressley,10006,2
690181,Cameron Norman,8313,2
1033167,Alassana Jatta,9819,2
1524014,Jamie Knight-Lebel,9795,2
1189626,Jackson Smith,10005,2
364546,Matthew Palmer,9819,2
244530,Josh Ruffels,9896,2
291175,Oliver Norburn,9819,2
1086940,Conor Grant,9819,2
621869,Brandon Comley,10006,2
1428404,Matús Holícek,9784,2
1396786,Kane Drummond,9785,2
107216,Ched Evans,45723,2
770268,Rosaire Longelo,282326,2
1047532,Ronan Darcy,8647,2
1420163,Connor O'Brien,8671,2
896065,Reece Staunton,10005,2
1113914,Kallum Cesay,282326,2
1222186,Lewis Gordon,9786,2
1184673,Samson Tovide,8416,2
662325,Elliot Newby,6350,2
1191421,Harry Forster,8647,2
511985,Thomas Anderson,9896,2
1286791,Thomas Davies,10262,2
181243,Niall Canavan,6350,2
1076335,Brad Young,10104,2
422129,Kelle Roos,9819,2
759627,Harry McKirdy,8647,2
662956,Robbie Cundy,8680,2
361772,Anthony O'Connor,7946,2
1429137,Owen Lunt,9784,2
784365,Nicke Kabamba,45729,2
159397,Paddy Madden,8671,2
199190,Ollie Clarke,9795,2
1314353,Adam Mayor,9834,2
760753,Aaron Nemane,8645,2
1523842,Benn Ward,8671,2
1119073,Jamie Jellis,10006,2
1076696,Armando Dobra,9786,2
279456,Tom Barkhuizen,6350,2
119521,Séamus Conneely,8671,2
584836,Michael Jordan Williams,6350,2
1003285,Joel Senior,10104,2
1154746,Géza Dávid Turi,10005,2
1086697,Ethan Coleman,10173,2
1287392,Ben Lloyd,10262,2
127653,Warren Burrell,7946,2
1089073,Evan Khouri,10005,2
961990,Zech Medley,45729,2
1199668,Ellis Taylor,7946,2
711188,Harrison Biggins,10262,2
1229066,Josh Andrews,10173,2
1283966,Josh Woods,8671,2
1202090,Joe Snowdon,9795,2
488186,Ian Lawlor,9784,2
817731,Luke Southwood,10104,2
1197533,Sil Swinkels,9786,2
1285463,Kelly N'Mai,282326,2
1331697,Finley Munroe,9795,2
664534,Joe Quigley,10104,2
1235101,Courtney Clarke,10006,2
760729,Matthew Virtue,45723,2
24416,Joe Murphy,8313,2
1416727,Jayden Joseph,8313,2
1213676,Lewis Shipley,6350,2
260485,Ellis Harrison,10104,2
1081056,Vincent Harper,10006,2
261807,Danny Rose,6350,2
470624,Shaun Rooney,45723,2
1077893,Geraldo Bajrami,8647,2
865172,Anthony Hartigan,8175,2
1413887,Ben Krauhaus,45729,2
843804,Kofi Balmer,10104,2
1204322,Ade Adeyemo,8647,2
1596241,Ethon Archer,8680,2
1325210,Kamil Conteh,10104,2
1189618,Will Sutton,9785,2
1668681,Kai Payne,9785,2
1184470,Scott Smith,6350,2
1578910,Cathal Heffernan,7946,2
789545,Matty Platt,9819,2
1599299,Joel McGregor,9795,2
886105,Ben Wiles,8645,2
188055,Kadeem Harris,282326,2
298447,Jamie Walker,10005,2
1340670,Josh Powell,45723,2
1105523,Josh Davison,8680,2
1197547,Emre Tezgel,9784,2
728800,Lee Ndlovu,9819,2
1013040,Sam Sherring,8680,2
1005751,Priestley Farquharson,10006,2
1130329,Jacob Chapman,8647,2
1587849,Will Brook,9896,2
1003332,Jayden Sweeney,10005,2
837440,Dion Pereira,8647,2
469205,Ben Purrington,9834,2
484856,Connor Mahoney,6350,2
1203668,Nohan Kenneh,8313,2
1285838,Sam Curtis,9786,2
1390036,Tommy McDermott,9896,2
789495,Jack Earing,6350,2
1445152,Seb Palmer Houlden,10173,2
623713,Rushian Hepburn-Murphy,8645,2
759812,Dion Conroy,8647,2
1390004,Tom Booth,9784,2
553387,Jack Muldoon,7946,2
698499,Luke Thomas,10104,2
666869,Ellis Iandolo,8416,2
654097,Anthony Scully,9896,2
968948,Haji Mnoga,282326,2
1273274,Liam Coyle,8671,2
923169,Ronan Hale,10173,2
430434,Christy Pym,10005,2
1847184,Conor Haughey,45723,2
206435,Nathaniel Méndez-Laing,8645,2
1384552,Michael Spellman,10262,2
302703,James Bolton,45723,2
1273271,Elliott Nevitt,9834,2
906938,Stephen Duke-McKenna,7946,2
583434,Aaron Collins,8645,2
961344,Lewis Cass,7946,2
968915,Harrison Holgate,45723,2
186087,Ryan Tafazolli,9795,2
338754,Jake Caprice,9785,2
1340952,Shaqai Forde,10104,2
1181104,Cameron Antwi,10173,2
1334831,Harrison Burke,10006,2
1184672,Matthew Cox,9896,2
789643,Kellan Gordon,8647,2
1113906,Lewis Warrington,8313,2
213798,Rodney McDonald,9819,2
459273,Sven Sprangler,10262,2
1184220,Owura Edwards,8416,2
520336,Ben Whitfield,6350,2
1168061,Kacper Lopata,10006,2
238763,Conor Thomas,9784,2
1195372,Dylan Duffy,9786,2
1482742,Iwan Morgan,9896,2
713291,George Miller,8680,2
1057939,Kevin Berkoe,9896,2
1290869,Rico Browne,10006,2
215226,Joshua McEachran,10104,2
873017,Keanan Bennetts,9819,2
1665780,Joe Thomas,10262,2
1605949,Freddie Sass,8671,2
1236818,Harvey Davies,8647,2
1287374,Alfie Chang,10006,2
1325762,Henry Gray,7946,2
1448041,Tyrese Hall,9819,2
1445405,Nathaniel Opoku,10262,2
662353,Tobias Mullarkey,45723,2
1344254,Stephan Negru,8313,2
896055,James Berry,9786,2
184450,Andy Cook,10005,2
1284082,Alfie Pond,9784,2
1222188,Isaac Fletcher,6350,2
523192,Courtney Baker-Richardson,10262,2
1285477,Deji Elerewe,45729,2
1076328,Romoney Crichlow-Noble,8175,2
1581073,Micah Mbick,8416,2
1045012,Anthony Driscoll-Glennon,10262,2
1284340,Mason Hancock,10006,2
522123,Jack Powell,9784,2
891387,Charlie Brown,8671,2
562616,Ryan Delaney,10262,2
201787,Curtis Nelson,8645,2
718093,Kyle Cameron,45729,2
1077230,Tyrell Warren,10005,2
563177,Marko Marosi,8313,2
788719,Jake Turner,10173,2
1531739,Maldini Kacurri,10005,2
1528839,Thomas Wilson-Brown,9795,2
778775,Shawn McCoulsky,7946,2
1115525,Scott Robertson,9819,2
115980,Garath McCleary,10173,2
281480,Jonathan Williams,10173,2
426159,Aaron McGowan,8313,2
1667947,Kayden Hughes,45723,2
1612774,Billy Blacker,8313,2
303659,Cole Stockton,282326,2
1101052,Louie Watson,8647,2
1603717,Jid Okeke,10006,2
724365,Liam Gibson,7946,2
571546,Conor Grant,8671,2
1585611,Alex Henderson,8671,2
113003,Albert Adomah,10006,2
575806,Ben Thompson,45729,2
816494,Kane Smith,8175,2
964374,Danilo Orsi,8647,2
793691,Luke Hannant,9785,2
663027,Ryan Broom,8680,2
303347,Connor Jennings,8313,2
1290768,Jake Batty,9795,2
661934,Justin Amaluzor,10005,2
1098808,Ryan De Havilland,10104,2
49533,Joe Garner,9785,2
1360346,Habeeb Ogunneye,10262,2
1029054,Aaron Rowe,10173,2
765715,Benjamin Woodburn,282326,2
1315290,Bobby Faulkner,7946,2
930627,Gerard Garner,10262,2
1288868,Kane Thompson-Sommers,10104,2
480753,Reece Brown,8647,2
1032865,Emile Acquah,7946,2
1113767,Ethan Bristow,8313,2
1894672,Chanse Headman,7946,2
1239535,Riley Harbottle,10104,2
1125870,Will Goodwin,8416,2
789575,William Collar,8645,2
24382,Michael Morrison,9834,2
1186512,Ryan Finnigan,10006,2
1068914,Paul Glatzel,9795,2
1191891,Lucas Ness,9819,2
1227362,Filozofe Mabete,9795,2
1096324,Vontae Daley-Campbell,9786,2
1199726,Michael Mellon,9785,2
824218,Josh Hawkes,9785,2
660878,Daniel Crowley,8645,2
171084,Scott Malone,8647,2
1304955,Jack Stevens,9785,2
161632,Will Grigg,9786,2
306069,Angus MacDonald,6350,2
1164489,Ciarán Brennan,10262,2
1320637,Frankie Terry,8416,2
911761,Macauley Southam-Hales,10104,2
181624,Tom Flanagan,8416,2
792702,Tyler Walton,8671,2
46898,Sam Vokes,10173,2
1508391,Johnny Russell,8647,2
1430857,James Crole,10262,2
807013,Reagan Ogle,9785,2
1538818,Fletcher Holman,9795,2
730552,Ryan Loft,8647,2
1406565,Kai Whitmore,10262,2
872962,Matt Smith,10262,2
720464,Shane McLoughlin,9834,2
872970,Taylor Richards,8647,2
789631,Alexander Pattison,10006,2
912207,Joseph Kizzi,8175,2
1093768,Joe Tomlinson,8645,2
693689,James Ball,9795,2
643659,Nikola Tzanev,10262,2
493164,Tom Conlon,9785,2
369761,Tom Lockyer,10104,2
1458250,Yusuf Akhamrich,10104,2
982301,Zico Asare,7946,2
1288112,Zech Obiero,8313,2
168313,Korey Smith,9834,2
238776,Jamille Matt,10006,2
1311639,Joe Bauress,8671,2
652145,Shayne Lavery,9834,2
726705,Maziar Kouhyar,9819,2
881523,Douglas Tharme,10005,2
1614550,Aidan Borland,9795,2
1116908,Charlie Caton,8671,2
1086708,Joseph Anderson,6350,2
598078,Oliver Hawkins,8175,2
1343474,Devan Tanton,9786,2
109960,Kristian Dennis,8313,2
1050300,Max Anderson,8647,2
1637804,Tobias Brenan,7946,2
955438,Lewis McCann,45723,2
939035,Promise Omochere,10104,2
562891,Liam Kinsella,8680,2
1431132,Michael Reindorf,10262,2
1016654,Jesse Debrah,45729,2
489336,Liam Shephard,10262,2
609841,Taylor Moore,10104,2
1430951,William Tamen,8313,2
197729,Billy Bodin,9795,2
867082,Mitchell Clark,45723,2
1249615,Luke Butterfield,8671,2
112274,James Clarke,10262,2
191176,Conor McAleny,7946,2
938451,Klaidi Lolos,8647,2
775620,Ben Fox,7946,2
906084,Ossama Ashley,282326,2
1295636,Kylian Kouassi,9834,2
845556,Lee O'Connor,8313,2
585355,Tyler Walker,6350,2
720460,Joseph Wollacott,8647,2
1137367,Joel Cotterill,10104,2
1113728,Tommy Leigh,10104,2
914400,Tom Pearce,9786,2
1420819,George Hoddle,9834,2
1697214,Ben Winterburn,8175,2
32392,Byron Webster,45729,2
1426418,Travis Akomeah,10173,2
1020552,Shadrach Ogie,10173,2
1599317,Finley Barbrook,8416,2
279480,Gavan Holohan,8647,2
253103,Kane Hemmings,6350,2
980310,George Nurse,8680,2
564582,Jordan Turnbull,8313,2
716647,Conor Masterson,10173,2
184476,Omar Beckles,10173,2
1664013,Harry Ashfield,8680,2
770125,Nick Freeman,9896,2
896072,Akinwale Joseph Odimayo,8647,2
1089745,Nelson Khumbeni,10173,2
759820,Kyle Scott,8647,2
1089738,Josh Martin,8680,2
113465,Junior Hoilett,9795,2
430436,Ryan Boot,9786,2
1005800,Tom Bradbury,7946,2
1631615,Adrien Thibaut,9784,2
968942,Lewis Richards,8647,2
1665593,Josh Smith,8671,2
1288331,Jaden Williams,8416,2
1010429,Clarke Oduor,10005,2
1130797,Michael Olakigbe,9795,2
581526,Jack Levi Sutton,7946,2
1294755,Jack Thompson,6350,2
1330846,Sonny Aljofree,9819,2
1435825,James Plant,8313,2
1340634,Princewill Ehibhatiomhan,282326,2
363349,Malvind Benning,9896,2
97194,John Fleck,9786,2
1186485,Jude Soonsup-Bell,10005,2
1213651,Zach Awe,282326,2
1096387,Dynel Simeu,9785,2
1113729,Calum Kavanagh,9785,2
1430833,Tobi Adeyemo,8647,2
419133,Hakeeb Adelakun,8680,2
867841,Connor Lemonheigh-Evans,8645,2
1624340,Kaheim Dixon,8647,2
890363,Ruel Sotiriou,10104,2
877668,Denver Hume,45723,2
730546,Regan Booty,6350,2
1448407,Trey Samuel-Ogunsuyi,9896,2
1287618,Oliver Hammond,9785,2
1364016,Bradley Ihionvien,9896,2
109262,Mark Oxley,7946,2
774239,Jordan Davies,45723,2
689991,Theo Vassell,8647,2
184822,Fabio Borini,282326,2
1637435,Phillip Chinedu,8175,2
1526415,Louie Copley,8647,2
1290999,Aaron Loupalo-Bi,10006,2
479744,Janoi Donacien,9786,2
178539,James Norwood,45723,2
1343495,Charlie Finney,9784,2
1317097,James Golding,9784,2
612736,George Thomson,7946,2
241728,Jason Lowe,8313,2
816396,Marcus Dinanga,45729,2
1105534,Dan Martin,8671,2
1313049,Will Dickson,9786,2
215804,Elias Kachunga,9834,2
1745514,Isaac England,9896,2
1422743,Elyh Harrison,9896,2
873013,Jack Roles,8647,2
1211624,Lenni Cirino,10173,2
160368,Scot Bennett,8680,2
190424,Scott Hogan,8645,2
1064852,Darragh Power,8680,2
1191684,Malik Owolabi-Belewu,9786,2
1313053,Kane Taylor,9785,2
330466,Lee Angol,8680,2
865152,Sam Lavelle,10005,2
262554,Britt Assombalonga,8175,2
1381600,Billy Kirkman,9795,2
923174,Ronan Coughlan,45723,2
1469334,Cole Deeming,8680,2
1737921,Emmerson Sutton,7946,2
1669607,Harry Waldock,10173,2
1132836,Tom Cursons,7946,2
1338966,Sam Waller,7946,2
860269,Harald Tangen,9819,2
1706529,Jokubas Mazionis,8680,2
1426978,Lakyle Samuel,45729,2
597503,Luke McGee,8313,2
1481578,Romeo Akachukwu,8416,2
1529865,Taylan Harris,8313,2
1296758,Louis Flower,8647,2
814567,Innes Cameron,6350,2
1425209,Sol Solomon,8313,2
1254125,Brooklyn Ilunga,45729,2
1290925,Detlef Osong,45723,2
825825,Barry Cotter,9819,2
967350,Jack Lankester,9784,2
1473814,Freddy Willcox,8680,2
1580903,Owen Devonport,45723,2
1068913,Adam Lewis,9786,2
1334829,Alfie Dorrington,282326,2
470724,Kaiyne Woolery,8313,2
292668,Mason Bennett,7946,2
578431,Laurence Maguire,8645,2
1096695,Thomas Hill,7946,2
1214913,Jake Leake,9785,2
1400214,Damola Ajayi,45729,2
1430950,Jayden Luker,9819,2
711363,Diallang Jaiyesimi,8175,2
1743859,David Opeoluwa Abimbola,8671,2
720454,Jonny Smith,10173,2
883073,Kyle Jameson,7946,2
196865,Louis Moult,9784,2
960996,Ollie Kensdale,8175,2
361105,Ryan Watson,8313,2
1222142,Ryan Galvin,8175,2
780282,Harry Smith,9795,2
186934,Jamie Grimes,9786,2
647505,Rhys Browne,8175,2
1304779,Bryant Bilongo,10104,2
662366,Sam Hornby,10006,2
1553125,Freddie Anderson,6350,2
886138,Jay Bird,282326,2
1169591,John-Kymani Gordon,8416,2
1798779,Will Gray,9896,2
1285822,Fin Back,8416,2
1113912,Jovan Malcolm,6350,2
877684,Danny Cashman,8647,2
607640,Omar Bogle,9784,2
1221026,Mees Rijks,10104,2
1421825,Jack Barrett,8313,2
883082,George Harmon,8680,2
548798,Michael Kelly,8671,2
509174,Owen Evans,8175,2
1184675,Sam Long,45729,2
1116947,Rico Richards,10006,2
1078851,Ben Winterbottom,6350,2
1311905,Daniel Cox,10006,2
39103,Sam Foley,6350,2
607131,Dominic Gape,8416,2
1580238,Dylan Jones,8313,2
406919,Kieron Morris,9785,2
1435434,James Scanlon,9795,2
1113759,Dion Rankine,9784,2
1685594,Isaac Lee,9896,2
417759,Michael Rose,282326,2
1288109,Ryan Howley,10104,2
1249626,Temple Ojinnaka,9896,2
1668982,Cole Jarvis,10262,2
1321336,Glenn McConnell,9834,2
1364023,Tyrell Sellars-Fleming,10005,2
1190861,Logan Pye,8671,2
780417,Dennis Adeniran,8175,2
1577916,Ollie Dewsbury,10104,2
912931,Daniel Butterworth,9795,2
214685,Carl Jenkinson,45729,2
1130792,Mo Faal,8680,2
1326393,Euan Williams,10173,2
664501,Emmanuel Osadebe,8175,2
1186523,Oscar Thorn,8416,2
682552,Jonathan Leko,8645,2
1108609,Kian Harratt,9785,2
1446731,Brandon Powell,6350,2
1699539,Jonny Stuttle,10006,2
298665,Chuks Aneke,9896,2
1059416,Jason Svanthórsson,10005,2
1369689,Justin Ferizaj,8647,2
35513,Mark Howard,282326,2
882341,Toby Savin,9896,2
1526724,Callum Stewart,9896,2
1439541,Ben Perry,8416,2
1113676,Adrian Akande,8416,2
1315286,Joseph Gbode,10173,2
191178,Aristote Nsiala,9896,2
1113699,Joe Hugill,8175,2
418605,Freddie Ladapo,9786,2
1725234,Tom Taylor,8680,2
1172814,Zeno Ibsen Rossi,9834,2
592209,Connal Trueman,8645,2
883077,Callum Morton,10104,2
1081234,Grant Horton,7946,2
1191890,Jay Mingi,9784,2
1076588,Aiden Marsh,7946,2
46382,David Worrall,6350,2
1187284,Tom Smith,8416,2
1788033,Jake Tabor,9795,2
1217143,Matt Dibley-Dias,9786,2
1348438,Freddie Issaka,10104,2
1096699,Jay Matete,8645,2
1341388,Rhys Bennett,45723,2
1331082,Zak Bradshaw,9834,2
609506,Alex Gilliead,9896,2
1420205,George Morrison,45723,2
1860793,Crispin McLean,45723,2
1787418,Samuel Kuffour Jr.,8416,2
1117779,Scott High,8175,2
1800387,Max Dickov,8313,2
1300488,Ben Middlemas,9795,2
1675986,Tanatswa Nyakuhwa,10262,2
1675663,Liam Roberts,45723,2
198025,Josh Falkingham,7946,2
1798678,Jack Howland,8175,2
1416111,Luke Browne,9819,2
1119652,Lewis Jamieson,10262,2
1699536,Stan Dancey,9784,2
1410089,Beck-Ray Enoru,9819,2
1715554,Luca Moore,9784,2
204079,Harry Pell,8680,2
1614450,Anjola Popoola,8671,2
1187146,Zak Brunt,8175,2
1288102,Ben Radcliffe,8647,2
1188048,Ben Woods,8671,2
627016,Jack Walton,9834,2
920384,Joy Mukena,8647,2
1691413,Killian Barrett,6350,2
46268,Richard O'Donnell,10005,2
1970835,Sullivan Booth,10173,2
789542,Thomas Edwards,282326,2
1076170,Ibrahim Bakare,8680,2
1447053,Will Johnson,45723,2
1238151,Nicolás Siri,282326,2
1269869,Adam Murphy,9795,2
1430834,Michael Adu-Poku,6350,2
767015,Kane Wilson,8645,2
959240,Kelsey Mooney,8671,2
1686146,Botan Ameen,9795,2
1782159,Taine Anderson,8680,2
1552957,Cameron Gardner,10005,2
127638,Nathan Thompson,8645,2
1416719,Marcus Wyllie,10173,2
1413783,Fábio Jaló,9785,2
1286941,Will Jarvis,9819,2
1276301,Antony Papadopoulos,8647,2
1930487,George Evans,45729,2
564724,Sean Raggett,9834,2
1779893,Ben Hughes,9834,2
280504,Jack Baldwin,8416,2
1217249,Jake Hollman,10006,2
1187258,Jaden Warner,10262,2
1665594,Charlie Hall,8671,2
1435811,Charlie Casper,10005,2
1585612,Kyrell Malcolm,282326,2
1748125,Moses Alexander-Walker,10262,2
873015,Shilow Tracey,9784,2
1222189,Loick Ayina,282326,2
1705086,Tom Donaghy,9785,2
1739913,Harry Tustin,8680,2
1642042,Neo Eccleston,10005,2
1798724,Cruz Beszant,10173,2
1219662,Jack Hinchy,9819,2
1650213,Raffaele Cirino,45723,2
1125865,Zak Gilsenan,10005,2
265036,Kemar Roofe,10006,2
1448115,Tola Showunmi,8647,2
1924403,Michael Luxton,10173,2
1575564,Tommy Backwell,8680,2
939779,Maï Traoré,9819,2
1793661,Fate Kotey,8647,2
1798703,Ronnie Harvey,8416,2
763228,Curtis Edwards,9819,2
1799282,Mark Barber,8680,2
372992,Rhys Healey,6350,2
1229118,Ronnie Stutter,8175,2
1215944,Kerr Smith,6350,2
1793690,Ruben Butt,282326,2
1400463,Alex Stepien-Iwumene,45729,2
1862555,Louie Dayal,10173,2
1736524,Phil Croker,9784,2
1327326,Jemiah Umolu,45729,2
1668675,Henry Brown,10005,2
1577819,Harry Gray,9795,2
1975605,Hugo Aiston,9896,2
1788034,Dani González-Birchall,9795,2
1962799,Frankie McMahon-Brown,9785,2
1975612,Isaac Anderson,9785,2
1702709,Lucas Barnes,7946,2
1702715,Max Jolliffe,8416,2
1904714,Will Etheridge,10006,2
1683818,Preston Fearon,773649,2
1553120,Shane Nti,773678,2
1647186,Genesis Antwi,773652,2
1351029,Logan Briggs,773642,2
1683623,Ben Kindon,773657,2
1439542,Mirsad Ali,773642,2
1689511,Will Murdock,1070257,2
1640218,Ollie Pickles,1177187,2
1190031,Dante Cassanova,860802,2
1526697,Nehemiah Oriola,773678,2
1700383,Saheed Olagunju,773683,2
1359953,Harrison Murray-Campbell,773652,2
1668899,Tyler Sackey,773686,2
1596418,Kian Noble,860800,2
1433006,Reiss-Alexander Russell-Denny,860802,2
1559638,TJ Carroll,1070261,2
1859721,William Burrell,1796111,2
1575702,Phillip Duah,773686,2
1621132,Archie Baptiste,773660,2
1430843,Murray Campbell,1796112,2
1587852,Justin Hanks,1389162,2
1439550,Kieran Morrison,1070259,2
1527074,Tommy Dobson-Ventura,773645,2
1323476,Tommy Pilling,1070259,2
1346113,Shumaira Mheuka,773652,2
1859725,Alezandro Da Silva,1796111,2
1300529,Rio Kyerematen,860802,2
1797582,Jayden Lienou,1177187,2
1414776,Oliver Samuels,773660,2
1448031,Jimmy Sinclair,1389162,2
1705429,Mohamed Koné,1070261,2
1612622,Jayden Quashie,860801,2
1418101,Anthony Munda,860798,2
1813326,Theodore Adelusi,773658,2
1469160,Rhys Chadwick,1177187,2
1642177,Callum Mackley,773678,2
1680008,Moses Sesay,773645,2
1589726,Braiden Graham,773653,2
1580554,Farhaan Ali-Wahid,860801,2
1447832,Brad de Jesus,860801,2
1859666,Jack Quirk,1796111,2
1455602,Ollie Harrison,773652,2
1347709,Billy Gee,773658,2
1366340,Ármin Pécsi,1070259,2
1441892,Sam Amissah,860801,2
1463346,Trai-Varn Mulley,1070261,2
1610421,Sean Keogh,773678,2
1859714,Will O'Sullivan,1796111,2
1789406,Oliver Pimlott,1796112,2
1559367,David Hicks,773686,2
1683814,Eddy Nsasi,860801,2
1630719,Jack Whittaker,773657,2
1559625,Alfie Cresswell,1177187,2
1614067,Aled Thomas,773653,2
1235599,Dylan Reid,1267874,2
1803688,Luke Towler,773658,2
1467045,Justin Oguntolu,773680,2
1611564,Rayan Oyebade,773649,2
1311766,Tudor Mendel-Idowu,1796115,2
1559636,George King,1267874,2
1677184,Ife Ibrahim,950214,2
1603811,Michael Laffey,1070259,2
1538227,Ethan Sutherland,773683,2
1575707,Jack Fletcher,1070257,2
789572,Ben Barclay,773678,2
1676985,Tyler Fletcher,1070257,2
1436323,Scott Bailey,860798,2
1814325,Ellis Clark,1796112,2
1655958,Miodrag Pivas,860798,2
1692310,Brayden Johnson,773660,2
1469135,Somto Boniface,1796115,2
1424466,Archie Whitehall,1389162,2
1726964,Daniel Armer,1070257,2
1751837,Brayden Clarke,950214,2
1645643,Joshua van Schoor,773653,2
1683915,Finlay Holcroft,773657,2
1595984,Chinonso Chibueze,773650,2
1456394,Kevon Gray,773642,2
1580537,Corbin Mthunzi,1796115,2
1677143,Landon Emenalo,773652,2
1432927,Jayce Fitzgerald,1070257,2
1398936,Joseph Gibbard,1267874,2
1609488,Pele Arganese-McDermott,860802,2
1457968,Kaiden Wilson,773652,2
421764,Harry Lee,1267874,2
1627205,Yeimar Mosquera,1070261,2
1417073,Noël Atom,773678,2
1636592,Andre Harriman-Annous,950214,2
1607330,Tommy Neale,773642,2
1446703,Deago Nelson,773656,2
1838554,Marcell Washington,950214,2
1692315,Oghosaiwi Enabulele,773650,2
1413864,Zach Marsh,1267874,2
1639163,Bradley Burrowes,1070261,2
1526693,Adisa Osayande,773680,2
1426417,Max Merrick,773652,2
1350598,Dexter Lembikisa,773683,2
1577633,Sebastian Williams,1267874,2
1693359,Reggie Walsh,773652,2
1675983,Luke Rawlings,773683,2
1469848,Jaydon Jones,773657,2
1789407,George Brierley,1796112,2
1432928,Josh Briggs,773649,2
1665352,Reigan Heskey,860800,2
1797415,Lamin Sillah,1389162,2
1589628,Carter Pinnington,1070259,2
1557296,Luca Fletcher,1796115,2
1738775,Francis Gomez,773653,2
1076952,Calvin Ramsay,1070259,2
1697346,Zaid Betteka,1796111,2
1463344,Frankie Coulson,773660,2
1244376,Kaden Rodney,1267874,2
1446668,Callum Bates,773653,2
1431079,Max Davies,773685,2
1398940,Harrison McMahon,773652,2
1529880,Joshua Ajala,773649,2
1624460,Brooklyn Nfonkeu,860800,2
1797386,George Pickford,773653,2
1325805,Steven Hall,773678,2
1526704,Jesse Derry,773652,2
1425183,Ashton Muir,860800,2
1448527,Nicholas Oyekunle,773645,2
1838528,Ashton McWilliams,1070261,2
1364021,Ryan Carr,1796115,2
1413857,Jonathan Esenga,860801,2
1559827,Wes Okoduwa,773683,2
1341017,Jenson Jones,773657,2
1339595,Christian McFarlane,860800,2
1529411,Kirsten Otchere,773642,2
1602140,Jethro Medine,773649,2
1469816,George McCormick,773660,2
1557220,Chido Obi,1070257,2
1638620,Tyler Silsby,773678,2
1329537,Regan Clayton,773649,2
1531854,James Rowswell,860802,2
1526691,Joe Belmont,773678,2
1656881,Park Seung-Soo,860798,2
1859665,Caleb Sanders,1796111,2
1529374,Ryan Battrum,773649,2
1859716,Cameron Eubank,1796111,2
1562715,Souleyman Mandey,773656,2
1692751,Raphael-Pijus Otegbayo,773650,2
1692876,Jamie Wähling,773680,2
1446742,Charlie Tasker,773678,2
1697349,Harrison Rhone,773686,2
1797377,Jack Daley,773660,2
1841917,Jack Wint,860800,2
1789421,Kian McMahon-Brown,1796112,2
1586389,Mahamadou Sangaré,860800,2
1668695,Emmanuel Osho,773686,2
1473693,Jaydan Kamason,1070257,2
1669939,Malachi Hardy,860802,2
1667547,Mofe Jemide,1267874,2
1631611,Ryan Donnelly,773642,2
1347272,Trent Koné-Doherty,1070259,2
1747870,Seth Chingwaro,860801,2
1749249,Archie Lightfoot,773657,2
1467041,Makenzie Bradbury,773683,2
1686146,Botan Ameen,773658,2
1443841,Sean Neave,860798,2
1330846,Sonny Aljofree,1070257,2
1842368,Walker Shabazz-Edwards,1796115,2
1400452,Tom Olyott,860801,2
1631628,Macauley Zepa,860801,2
1400459,Rio Patterson-Powell,773660,2
1587812,Alfie McNally,860801,2
1487907,Joachim Kayi-Sanda,773645,2
1331666,Lewis Orford,773649,2
1859626,Harmony Okwumo,773658,2
1807585,Jesse Middleton,773678,2
1797417,Torin Ntege,773656,2
1688993,Kalum Thompson,1389162,2
1683923,Alfie Brooks,773683,2
1527073,Charlie Wilson,773658,2
1759715,Leon Routh,1070261,2
1296761,Ben Hammond,1389162,2
1639241,Bobby Amartey,773642,2
1680340,Demiane Agustien,950214,2
1681978,Tynan Thompson,860802,2
1787525,Marli Salmon,950214,2
1529417,Muhamed Diomande,773656,2
1436333,Victor Musa,1070257,2
1432907,Leo Cardoso,773652,2
1675640,Airidas Golambeckis,773649,2
1113778,Reece Welch,773653,2
1593438,Rory Finneran,860798,2
1680328,Ryan McAidoo,860800,2
1538232,Josh Landers,773649,2
1807149,Aurelien Gurnier,1796111,2
1531871,Toby Chilvers,773658,2
1557189,Cole Brannigan,1070261,2
1603823,Luke Banks,773680,2
25281,Steven Turner,1796115,2
1624950,Ezra Mayers,773649,2
1553123,Kiyan Smith,773686,2
1818989,Leon Elliott,1796115,2
1595991,Dani Ángel,773683,2
1677040,Frank Vare,773685,2
1712016,Blaine McClure,1389162,2
1797467,Barnaby Williams,773645,2
1575676,Harrison Parker,860800,2
1797389,Odin Samuels-Smith,773653,2
1578147,Jake Griffin,773650,2
1661695,Diego León,1070257,2
1446731,Brandon Powell,773685,2
1859113,Caleb Clothier,773650,2
1710985,Carey Bloedorn,860802,2
1288276,Charles Sagoe,950214,2
1294755,Jack Thompson,1389162,2
1697819,Jacob Devaney,1070257,2
1859077,Woody Williamson,1796115,2
1418026,Ciaran Thompson,860798,2
1797463,Abdulhalim Okunola,773645,2
1400215,Reece Evans,773686,2
1400455,Elliot Myles,773658,2
1529994,Kevin Mfuamba,773656,2
1859133,Tyler Whyte,1267874,2
1469073,Joe Boggan,773685,2
1692224,Will Wright,1070259,2
1602771,Freddie Simmonds,773678,2
1481578,Romeo Akachukwu,773645,2
1675513,Fuad Smith,1389162,2
1398484,Michael Golding,773642,2
1804039,Trae Briscoe,1796111,2
1726962,Floyd Samba,860800,2
1437326,Joe O'Brien-Whitmarsh,773645,2
1557205,Gabriel Kelly,773650,2
1589629,Amara Nallo,1070259,2
1804037,Briar Bateman,1796111,2
1720270,Woody Burgess,1070261,2
1596340,Sam Proctor,1070261,2
1355509,Sverre Nypan,860800,2
1607333,George Hemmings,1070261,2
1725234,Tom Taylor,1796115,2
1666446,Sebastian Lochhead,773683,2
1663613,Josh Dede,773660,2
1672896,Vernon Masara,1796112,2
1586308,Finlay Cartwright,773660,2
1436260,Shea Lacey,1070257,2
1436252,Harvey Vincent,1177187,2
1697833,Jacob Howard,1177187,2
1423787,Kyle Kelly,1070259,2
1418100,Alfie Harrison,860798,2
1562337,Jaden Dixon,950214,2
1683829,Evan Humphries,773656,2
1859638,Luis Lines,773658,2
1797406,Luke Campbell,1389162,2
1814334,Oisin Cooney,1796112,2
1683840,Spike Brits,860800,2
1553124,Sufianu Sillah Dibaga,773645,2
1360238,Kiano Dyer,773652,2
1413863,Jack Thompson,773680,2
1469339,Owen Eames,773680,2
1724274,Harry Gathercole,773645,2
1553189,Luka Lynch,1070261,2
1559621,Josh Nichols,950214,2
1797465,Sutura Kakay,773645,2
1422586,Rio Cardines,1267874,2
1692317,Matthew Crowther,773656,2
1611072,Evan Mooney,950214,2
1789472,Brandon Pouani,1796112,2
1289380,Matthew Craig,860802,2
1639997,Noah Dupont,773656,2
1435434,James Scanlon,1070257,2
1561070,Josh Robertson,773678,2
1706481,Rodrigo Fortes,1070261,2
1683735,Lucas Houghton,773685,2
1699525,Isaac Dunn,773685,2
1430951,William Tamen,773653,2
1693372,Jerome Osei Kyremeh,773650,2
1559634,Emeka Adiele,773649,2
1477601,James Wilson,860802,2
1624056,Theo Julienne,950214,2
1801049,Cameron Wilson,773680,2
1859745,Clae Ewing,1070259,2
1642297,Finn Geragusyan,773657,2
1365245,Harrison Jones,773657,2
1469204,Cruz Allen,773680,2
1692761,Alfie Maughan,773656,2
1512798,Aodhan Doherty,773685,2
1636825,Igor Tyjon,773685,2
1344589,Dylan Charlton,860798,2
1680370,Luke Howard,773686,2
1800291,Carter Bowdery,773686,2
46354,Jonny Howson,1177187,2
1531982,Matty Warhurst,860800,2
1797393,Kingsford Boakye,773653,2
1867092,Mason Miley,860798,2
1664459,Freddie Turley,773680,2
1614550,Aidan Borland,1070261,2
1554633,Aidan Harris,860798,2
1524184,Luca Gunter,860802,2
1818790,Menzi Mazwi,1796111,2
1618820,Nicholas Michalski,773685,2
1613300,Stephen Mfuni,860800,2
1524200,Tom Wooster,773649,2
1726995,Vatan Özcan,773658,2
1296769,Zach Abbott,1389162,2
1553711,Wellity Lucky,1070259,2
1331026,Josh Davidson,1070259,2
1458250,Yusuf Akhamrich,860802,2
1789470,Zach Johnson,1796112,2
1300488,Ben Middlemas,773657,2
1396047,Will Merry,773645,2
1683683,Godwill Kukonki,1070257,2
1340685,Oliver Gofford,860801,2
1319546,Harvey Griffiths,773683,2
1636112,Lucá Williams-Barnett,860802,2
1290999,Aaron Loupalo-Bi,860801,2
1398496,Omari Benjamin,773653,2
1203656,Brandon Cover,773642,2
1609323,Kyle Fitzgerald,860798,2
1469137,Adriel Walker,773650,2
1749250,Harvey Pates,773685,2
1453337,Josh Pitts,1796115,2
1681979,Ryan Kavuma-McQueen,773652,2
1692312,Lorenz Hutchinson,773642,2
1487909,Eric da Silva Moreira,1389162,2
1683918,Felix Scott,773657,2
1469210,Tom Edozie,773683,2
1451118,Charlie Gray,860800,2
1789420,Joe Ashton,1796112,2
1688644,Alan Domeracki,773658,2
1706527,Rio Canoville,773680,2
1682403,Kaden Braithwaite,860800,2
1406475,Jaden Heskey,860800,2
1813431,Louie Rea,1796111,2
1443861,Tom Atcheson,773685,2
1431275,Callum Olusesi,860802,2
1243239,Tommy Setford,950214,2
1607329,Zach Baumann,773658,2
1529394,Josh McDonald,1177187,2
1614551,Brian Okonkwo,773656,2
1859655,Yusuf Ahmed,1796111,2
1292834,Sonny Finch,773660,2
1840475,Layton Campbell,773660,2
1408144,Osman Kamara,773685,2
1344586,Owen Foster,773660,2
1448043,Keyrol Figueroa,1070259,2
1578910,Cathal Heffernan,860798,2
1603949,Freddie Lane,1177187,2
1727880,Josh Ogunnaike,950214,2
1640989,Laurence Giani,773650,2
1250987,Amani Richards,773642,2
1467036,Zack Stritch,773685,2
1805627,Dan Isichei,1796111,2
1682238,Gabriel Caliste,773649,2
1644324,Charlie Walker-Smith,1267874,2
1789428,Albert Blackie,1796112,2
1607331,Miles Bracking,773658,2
1614543,Tom Wingate,860801,2
1553186,Jack Patterson,773653,2
1624080,Elliot Fearn,773650,2
1735404,Tyler Williams,773658,2
1659908,Matthew Orr,1389162,2
1797397,Harry French,773642,2
1587712,Hugo Fisher,773645,2
1416111,Luke Browne,1267874,2
1683833,Rory Mahady,1177187,2
1531849,Shea Connor,773660,2
1302808,Jeremiah Okine-Peters,773686,2
1529203,Mohamadou Kanté,773649,2
1452501,Sean Patton,773686,2
1420194,Isaac Allan,773657,2
1579342,Shay Spencer,773686,2
1469832,Lucas Pitt,1070259,2
1678277,Leon Ayinde,1796115,2
1526415,Louie Copley,950214,2
1559624,Maeson King,860802,2
1310115,Cameron Bragg,773645,2
1741047,Chinaza Nwosu,1389162,2
1607327,Daniel James,773660,2
1692341,Max Jenner,1070261,2
1418116,Jayden Carbon,773660,2
1855817,Michael Toko,773642,2
1814329,Bubbacar Sanneh,1389162,2
1407239,Ben Broggio,1070261,2
1420973,Finn Ashworth,773683,2
1720859,Tom Proctor,773657,2
1443786,Tyron Akpata,773649,2
1683799,Finley Hooper,773649,2
1407240,Sebastian Ferdinand,950214,2
1411832,Adam Berry,1389162,2
1414761,Leo Shahar,860798,2
1705070,Charlie Veevers,1796112,2
1798689,Darren Motsi,773642,2
1578415,Syd Agina,773650,2
1901981,Francis Oppong,773650,2
1315314,Jack Moorhouse,1070257,2
1207956,Micah Hamilton,773660,2
1793759,Dylan Moody,773645,2
1683765,Jerome Richards,773680,2
1664167,Raymond Offor,773680,2
1557190,Seth Ridgeon,860801,2
1562893,Leo Black,860802,2
1557072,Finley McAllister,1070257,2
1435811,Charlie Casper,1796112,2
1398482,George Murray-Jones,1389162,2
1423609,Jackson Izquierdo,1267874,2
1859761,Joe Cowan,773657,2
1235112,Ken Aboh,773658,2
1797451,Sebastian Jensen,773678,2
1692320,Brando Bailey-Joseph,950214,2
1418089,Favour Fawunmi,773650,2
1684257,Louie Dudley,1177187,2
1406476,Chibby Nwoko,860801,2
1683961,Thierry Rohart-Brown,773645,2
1697383,Adam Letlat,773656,2
1463267,Louis Jackson,1070257,2
1904519,Matthew Compton,1796115,2
819916,André Vidigal,773650,2
1838063,Zachary Willis,1796111,2
1724391,Demi Akarakiri,773653,2
1855792,Hansel Adjei-Afriyie,773645,2
1413840,Lennon Wheeldon,773680,2
1690903,Dean Benamar,1267874,2
1254132,Adler Nascimento,1267874,2
1448375,Gabriele Biancheri,1070257,2
1760060,Callan Hamill,950214,2
1327326,Jemiah Umolu,1267874,2
1254229,Emilio Lawrence,860800,2
1561862,Harry Gray,1177187,2
1923366,Riquelme Thompson-Jones,1796111,2
1612691,Jayden Moore,773645,2
1682319,Charlie Blackshields,773656,2
1717171,Charlie Smith,773680,2
1682235,Daniel Cummings,773649,2
1697828,Isaac Gordon,773680,2
1288118,Charlie McArthur,860798,2
1463282,Divine Mukasa,860800,2
1835045,Luke Matykiewicz,1177187,2
1553712,Abube Onuchukwu,1796115,2
1748061,Malik Olayiwola,773653,2
1867057,Abdul Abudu,773656,2
1669872,Ceadach O’Neill,950214,2
1284082,Alfie Pond,773683,2
1867216,Remar McNeil,773656,2
1290768,Jake Batty,773685,2
1580544,Aidan West,773678,2
1557282,Zane Albarus,773678,2
1751885,Jacob Fasida,1267874,2
1692116,Louis Page,773642,2
1841918,Femi Fapetu,860800,2
1400928,Archie Stevens,950214,2
1683827,Jamal Mohammed,773656,2
1700817,Joél Drakes-Thomas,1267874,2
1603824,Max Fry,773645,2
1675963,Ryan Colesby,773656,2
1637805,George Finney,773653,2
1526699,Luca Davis,773653,2
1407205,Oliver Irow,860802,2
1446616,Harry Howell,773678,2
1467042,Lorenze Mullarky-Matthews,773685,2
1584172,Harry Mills,773678,2
1621130,Reuben Lopata-White,1177187,2
1640699,Jamie Newton,1389162,2
1562639,Malachi Sharpe,1796112,2
1556717,Rory Whittaker,773645,2
1638440,Jerae Jones,773686,2
1347714,Isaiah Dada-Mascoll,860800,2
1789405,Marley Leuluai,1796112,2
1624029,Ben Casey,1267874,2
1553102,Ellis Lehane,860802,2
1668686,Jack Bray,773656,2
1577961,Keilen Robinson,773680,2
1610957,Aston Daley,773645,2
1512768,Rhys Walsh,773657,2
1693398,Jun'ai Byfield,860802,2
1526683,Charlie Penman,773678,2
1315321,Aidan Bridge,773658,2
1811783,Miller McDonald,773656,2
1563191,Joe Bradshaw,1070259,2
1362341,Alex Murphy,860798,2
1675370,Boyd Beacroft,773686,2
1814340,Douglas Lukjanciks,773653,2
1532256,Jake Evans,773642,2
1482731,Jake Grante,1267874,2
1202092,Kelvin Abrefa,773686,2
1829291,Owen Asemota,1070261,2
1561065,Sam Chambers,1177187,2
1453339,Seb Naylor,860800,2
1272239,Tyrell Ashcroft,860802,2
1531976,Matheos Ferreira,860798,2
1838810,Will Sweet,950214,2
1607328,Bendito Mantato,1070257,2
1618029,Logan Watts,860798,2
1436258,Trey Nyoni,1070259,2
1859552,Oliver Wilkinson,1796115,2
1789427,Jesse Williams,1796112,2
1609213,Mateus Mané,773683,2
1431278,Luis Brown,773649,2
1422580,Asher Agbinone,1267874,2
1712368,Reiss Khela,773642,2
1722462,Riley Carr,773642,2
1529377,Billy Gough,773680,2
1726967,Jaiden Francis-Caesar,773656,2
1683931,Japhet Matondo,773650,2
1683628,Alfie White,773683,2
1421003,Tymur Tutierov,773657,2
1498722,Dujuan Richards,773652,2
1858379,Dan Casey,860801,2
1858383,Roman Egan-Riley,1796112,2
1580235,Errol Mundle-Smith,773658,2
1400185,Justin Oboavwoduo,860800,2
1669839,Bradley Slade,860801,2
1717212,Alex Lienard,773657,2
1700298,Luca Furnell-Gill,860802,2
1306239,Elijah Campbell,773653,2
1693333,Liam Hunt,773657,2
1675483,Sanchez Phillips,773650,2
1692755,Alfie White,860801,2
1113804,Jake Garrett,773685,2
1798663,David Modupe,1389162,2
1580550,Harrison Dudziak,950214,2
1646394,Jacob Borgnis,773686,2
1580249,Olabade Aluko,773642,2
1683937,Samuel Tabares,773645,2
1396269,Connor Douglas,1177187,2
1457742,Craig Farquhar,1267874,2
1682303,Louis Enahoro-Marcus,1177187,2
1859618,Marsel Tola,773680,2
1424878,Jacob Beaumont-Clark,773653,2
1708697,Prince Acheampong,773660,2
1575711,Johnson Osong,773680,2
1859594,Josh Lewis,1796115,2
1559631,George Morgan,773653,2
1398938,Charlie Crew,1177187,2
1807580,Adam Brett,773678,2
1533550,Baylee Dipepa,773645,2
1399944,Will Smith,773650,2
1559647,Eric Hamelberg,773660,2
1249626,Temple Ojinnaka,773683,2
1414764,Mason Cotcher,1070261,2
1439549,Yussif Owusu,773678,2
1441588,Daniel Babb,1796115,2
1580238,Dylan Jones,773658,2
1838474,Josh McWilliams,773650,2
1622225,Marley Mintus,773680,2
1692741,Adam Khan,773685,2
1692746,Ben Metcalf,773657,2
1573604,Caleb Ansen,773658,2
1708698,Darryl Ombang,1177187,2
1798688,Freddie Marson,773642,2
1680994,Jack Porter,950214,2
1211648,Kaide Gordon,1070259,2
1431104,Lewys Benjamin,773683,2
1474455,Rylee Mitchell,773658,2
1797396,Stevie Bausor,773642,2
1593841,True Grant,773650,2
1797383,Jack McEvilly,1796112,2
1209408,Alex Williams,773656,2
1610953,Jim Thwaites,1070257,2
1418751,Frankie Runham,1796115,2
1798775,Joe Walters,860801,2
1288449,Samuel Rak-Sakyi,773652,2
1807602,Michael Decandia,773685,2
1638441,T'Shay Saint-Louis,773686,2
1538818,Fletcher Holman,773683,2
1413351,Ethan Moore,773657,2
1463084,Mason Melia,860802,2
1562963,Josh Maskall,773650,2
1396742,Max McFadden,860802,2
1416710,Joe Knight,773678,2
1469618,Eseosa Sule,773656,2
1599317,Finley Barbrook,1796115,2
1720274,Callum Mills,1177187,2
1338066,Harry Hawkins,773680,2
1458595,Enso González,773683,2
1818284,Justin Osagie,773652,2
1633618,Harley Hunt,773660,2
1200812,Ty Barnett,773683,2
1682325,Olutayo Subuloye,773652,2
1396326,Coby Ebere,773653,2
1668672,Ashqar Ahmed,773686,2
1710991,Calum Logan,860802,2
1683914,Bayley Hester,773657,2
1400213,Ato Ampah,773652,2
1532672,Jonah Kusi-Asare,860801,2
1595988,Elisha Sowunmi,860802,2
1800508,Alfie Lynskey,1070261,2
1736189,Zyan Blake,1389162,2
1665423,Wiktor Gromek,773650,2
1697826,Dauda Amihere,773656,2
1640217,Coban Bird,1177187,2
1708701,Will Firth,1177187,2
1467048,Oliver Bostock,773656,2
1797401,Toby Onanaye,773642,2
1631357,Ben Cisse,773656,2
1675608,Valentin Joseph,773685,2
1731752,Sam Harrison,773686,2
1553119,Matteo Dashi,1267874,2
1797418,Donte Ranger,773656,2
1609508,Patrik Farkas,773685,2
1807607,David Odogun,773685,2
1807261,James Mauge,1796115,2
1746498,Cruz Ibeh,773660,2
1687824,Harley Price,773680,2
1400461,Brandon Charles,773645,2
1593872,Adam Harrison,860798,2
1477570,Alex Borto,860801,2
1193997,Elkan Baggott,1796115,2
1233755,Jadel Katongo,860800,2
1637799,Khari Ranson,950214,2
1684260,Louis Brady,773656,2
1697814,Marco Underwood,860801,2
1468789,Max Thompson,860798,2
1287773,Nicholas Bilokapic,1796115,2
1683824,Ronnie Hollingshead,1070261,2
1422742,Ted Curd,773652,2
1683901,Isaac Greenup,773660,2
1367925,Rory Wilson,1070261,2
1804318,Corey King,1796112,2
1407241,Hindolo Mustapha,1267874,2
1580549,Kamarni Ryan,1796112,2
1364036,Junior Robinson,773649,2
1557236,Jamaldeen Jimoh-Aloba,1070261,2
1642951,Marcus Neill,773657,2
1319808,Marshall Burke,773657,2
1290744,Terence Miles,1070259,2
1789417,Noah Adekoya,1070259,2
1577823,Kofi Shaw,773678,2
1683733,George Pratt,773685,2
1813429,Cobi Maddox,1796111,2
1693377,Israel Green,773680,2
1340478,John Ryan,773686,2
1680380,Jasper Judd,1267874,2
1693396,Michael Mills,860798,2
1613563,Ashley Boatswain,1796115,2
1575669,Joel Catesby,773653,2
1800257,Frank Tattum,1796111,2
1531739,Maldini Kacurri,950214,2
1423604,Finley Welch,773658,2
1601869,Justin Clarke,773653,2
1559645,Ruben Curley,773650,2
1844094,Callum Leacock,773649,2
1578916,Matty Henderson-Hall,860800,2
1430910,Joe Bevan,1796112,2
1816302,Harry Lister,773685,2
1798692,Jake Donohue,1796112,2
1529397,Joe Brayson,860798,2
1857247,Theo Pitt,773685,2
1859433,Shea Pita,773653,2
1360346,Habeeb Ogunneye,1070257,2
1448524,Nathan Dlamini,773685,2
1722494,Oliver Martin,773660,2
1690835,Calum Moreland,773650,2
1707956,O'Shea Ellis,1796111,2
1111392,Tawanda Chirewa,773683,2
1895046,Tristan Achu,773650,2
1693335,Harvey Higgins,773685,2
1677180,Rio Mundle,773658,2
1901838,Edward Ibrovic-Fletcher,1177187,2
1526717,Dan Chimeziri,773656,2
1640996,Owen Powell,773650,2
1343474,Devan Tanton,860801,2
1580234,La'Sean Sealey,773658,2
1738924,Teddie Bloomfield,1070261,2
1662650,Brandon Forbes,773658,2
1531856,Joe Barough,773686,2
1362972,Kadan Young,1070261,2
1526692,Alfie Fisken,773642,2
1854154,Jay Williams,773686,2
1683754,Jack Perry,773680,2
1436307,Jaydan Davidson,773680,2
1909379,Alfie Mcllroy,773685,2
1789414,Adam McCoy,1796112,2
1533541,Bradley Mayo,1796111,2
1367699,Dermot Mee,1070257,2
1683802,Finlay Herrick,773649,2
1325762,Henry Gray,1796115,2
1683913,James Taylor,860798,2
1710686,Josh Gracey,773683,2
1683927,Keehan Willows,1389162,2
1787538,Kornel Misciur,1070259,2
1416706,Law McCabe,773660,2
1254295,Luke Woolston,773660,2
1209498,Michael Stickland,773686,2
883075,Nathan Ferguson,773686,2
1579479,Nils Ramming,773678,2
1683925,Noah Cooper,773650,2
1910577,Oscar Abbotson,773645,2
1637527,Robert Cook,1177187,2
1516749,Sam Kane,773680,2
1353551,Sammy Braybrooke,773642,2
1859861,Toby Borgnis,773686,2
1533561,Emilio Ballard-Matthews,773683,2
1423636,Danny Anisjko,1389162,2
1526695,Reece Munro,1070257,2
1453223,Charlie Pavey,1070261,2
1529402,Ji Min-Kyu,773683,2
1414724,Josh Bickerton,773650,2
1800295,Ashton Boswell,1796115,2
1561250,Elias Lenz,773657,2
1859431,Rafe McCormack,1070257,2
1469205,Niall McAndrew,773680,2
1700436,Myles Dayman,773683,2
1859754,Joe Neild,773657,2
1292845,Sam Mather,1070257,2
1327325,Callum Marshall,773649,2
1859075,Afi Adebayo,1796115,2
490413,Seny Dieng,773660,2
1400979,Travis Hernes,860798,2
662618,Cameron Scott,1796112,2
1859121,Daniel Onanuga,1070259,2
1717186,Jayden Sergeant,773685,2
1901844,Listowell Hinneh,773660,2
1642181,Jaden Mears,773650,2
1081272,Tivonge Rushesha,773686,2
1347687,David Obou,1267874,2
1683823,Leonardo Lopes,773683,2
1835046,Louie Philpott,1177187,2
1804261,Luca Scanlon,1796112,2
1318727,Remy Mitchell,950214,2
1859074,Yuel Helafu,1070257,2
1418085,Caden Voice,773683,2
822716,Hannes Delcroix,1796112,2
1905110,Harry Collins,773650,2
1859667,Maxwell Moses,773656,2
1565715,Rylan Brownlie,1267874,2
1709773,Ben Wodskou,1796111,2
1288287,Isaac Heath,773653,2
1113753,Dane Scarlett,860802,2
1211806,George Earthy,773649,2
1403351,Tyler Fredricson,1070257,2
1617278,Finlay Corke,773658,2
1816218,Jake Vallance,773645,2
1133564,Hayden Carter,773685,2
1315320,Marley Wilson,1177187,2
1469334,Cole Deeming,773656,2
1859669,Godfred Boakye,1796111,2
1838898,Kacey Gill,773680,2
1338990,Akeel Higgins,773656,2
1635773,Max Dowman,950214,2
1424757,Enock Agyei,1796112,2
1636836,Devon Brockie,1177187,2
1474503,Trevan Sanusi,860798,2
1712362,Henry Johnson,860798,2
1428401,Romain Esse,1267874,2
1683933,Josh Jeffries,773645,2
1458868,Deivid Washington,773652,2
1690902,Reiss Elliot-Parris,860802,2
1203663,Harrison Wood,773685,2
1111611,Harrison Ashby,860798,2
1720236,Kacey Wooster,860798,2
1354086,Keiber Lamadrid,773649,2
1720273,Younes Ibrahim,773678,2
1933860,Talla Ndiaye,1070259,2
1797455,Matthew Hayden,773678,2
1416696,Jayden Danns,1070259,2
1395681,Jacob Slater,773678,2
1859753,Ben Trueman,1070259,2
1439393,Ahmed Abdullahi,773657,2
1680294,Sonny Rowland,773658,2
1680407,Lewis Bailey,773650,2
1216389,Mamadi Camará,773686,2
1644308,Joshua Sonni-Lambie,1070259,2
1838813,Louis Zecevic-John,950214,2
1617298,Aaron Maguire,860802,2
279481,Alex Cairns,1177187,2
1334829,Alfie Dorrington,860802,2
1904936,Ben Clark,773656,2
1804323,Blake Wolsoncroft,773685,2
1287056,Cameron Humphreys,1796115,2
1398375,Charlie Olson,773685,2
1412466,Emmanuel Adegboyega,773658,2
1326008,Felix Goddard,773685,2
1424831,Harry Evans,773680,2
952029,Illan Meslier,1177187,2
1473063,Ismeal Kabia,950214,2
575782,Jack Stevens,773686,2
1534732,James Edmondson,773685,2
1340673,James Wright,1070261,2
1807543,Josh Bentley,1796115,2
1310102,Kian Breckin,860800,2
1089879,Krisztián Hegyi,773649,2
1426978,Lakyle Samuel,860800,2
1797381,Lewis Forshaw,1796112,2
1414691,Max Alleyne,860800,2
1050160,Sontje Hansen,773660,2
1338991,Terrell Works,860801,2
1448407,Trey Ogunsuyi,773657,2
1908627,Sid Eldred,1796115,2
1113678,Alex Gilbert,773660,2
962075,Ian Poveda,773657,2
1327322,Jake Waters,773657,2
951954,Cheick Doucouré,1267874,2
1446692,Uriah Djedje,773658,2
1858388,Louie Whitehead,1177187,2
1838529,Max Lott,1070261,2
1816321,Rio Morgan,1796115,2
1575719,Tristan Gill,773680,2
1859739,Michael Stanley,1796112,2
1445405,Nathaniel Opoku,773642,2
1197124,Ethan Ennis,1070257,2
1199726,Michael Mellon,1796112,2
1844777,Levi Ball,773685,2
1203652,Silko-Amari Thomas,773642,2
1520212,Michael Parker,773656,2
1425190,Jayden Ogbebor,773650,2
1192854,Naouirou Ahamada,1267874,2
1242194,Travis Patterson,1070261,2
1859625,Luca Crolla,773680,2
1211640,Wanya Marçal,773642,2
1631610,Milan Aleksic,773657,2
1859117,Alvaro Ruiz Rente,1796111,2
536457,Manuel Benson,1796112,2
1296672,Chris Popov,773642,2
1686123,Freddie Leatherbarrow,773685,2
1614548,Shaun Wade,773652,2
1844926,Calvin Diakite,773652,2
1859609,Nelson Eze,1796115,2
1749838,Samuel Alker,1177187,2
1667969,Andre Garcia,773686,2
1118480,Dennis Cirkin,773657,2
1086712,Harry Clarke,1796115,2
1610952,Pedro Lima,773683,2
865118,Tyrell Malacia,1070257,2
1648069,James Overy,1070257,2
1875343,Charlie Clanford,773685,2
1706472,Harry Chard,773686,2
158545,Michail Antonio,773649,2
1858391,Carrick Njinko,1177187,2
1722459,Kenneth Mensah,1177187,2
1800575,Maalik Hashi,950214,2
1329526,Harley O'Grady-Macken,773685,2
1683838,Jacob Render,1177187,2
1931718,Lucas Connell,773650,2
1933833,Vishon Masara,1796112,2
789510,Andy Rinomhota,773686,2
1553128,Fraser Harper,860798,2
1398939,Nathanael Boot,773645,2
1800569,Harry French,773656,2
1685402,Richard Olise,773652,2
1807611,Lucas Harrison,773660,2
1933834,Glen Ilunga,1796112,2
1910578,Callum Cliff,773686,2
1905012,Idreess Namisi,773685,2
1553704,Rhys Thomas,860800,2
1187506,Chadi Riad,1267874,2
1421825,Jack Barrett,773685,2
1720243,Mahdi Nicoll-Jazuli,773652,2
1863391,Destiny Okonkwo,1796112,2
1904965,Jephthan Medine,773649,2
1800618,Elijah Upson,860802,2
1688990,Andre Dike,773649,2
1717178,Dantel Hodges,773680,2
1644294,Riley Hargan,773649,2
1418088,Dan Rigge,773649,2
1396741,Leon Chiwome,773683,2
1597668,Rio Ngumoha,1070259,2
1859119,Troy Savage,1796112,2
1859658,George Wynne,1796111,2
1696450,Omar Khedr,1070261,2
1329523,Matty Litherland,773685,2
1901942,Mishel Nduka,950214,2
963940,Aji Alese,773657,2
1529205,Dimitri Colau,773649,2
1249634,Luke Chambers,1070259,2
1842682,Lewis Campbell,773657,2
201787,Curtis Nelson,773680,2
1729601,Sean Corry,773680,2
1833013,Nazim Benchaita,860801,2
1607321,Tyler Martin,773650,2
1838835,Charlie Wood,1796115,2
1413850,Connor McLeod,773683,2
1562347,Miles Obodo,773686,2
1722458,Leon Kelley-Quinn,773685,2
1933830,Jan Mmakogu,1796112,2
1689039,Tyrone Samba,860800,2
1680353,Ryan Liu,773650,2
1859737,Dylan Morison,1796112,2
1932806,Jake Glossop,773658,2
1641000,Hazeem Bakre,773660,2
1869387,Kahlil Steele,773658,2
1631253,Ceiran Loney,773653,2
1807605,Archie McCoy,773685,2
1845205,Abraham Owusu-Gyasi,950214,2
1622302,Laolu Omobolaji,773642,2
1418099,Caleb Kporha,1267874,2
1516829,Abdoulaye Kanté,773660,2
1206321,Adam Richardson,773657,2
1830638,Bailey Hall,1070259,2
1934898,Croyde da Costa,1796112,2
1476545,Cuiabano,1389162,2
1292838,Daniel Gore,1070257,2
1239595,Dário Essugo,773652,2
1692749,Dino Kaiser,860801,2
1422743,Elyh Harrison,1070257,2
1331697,Finley Munroe,773660,2
1844925,Freddy Bernal,773652,2
1031220,Gaga Slonina,773652,2
1423351,George Barrett,1796115,2
1962148,George Moloney,773645,2
1927991,George Shaw,773656,2
1430832,Harry Amass,1070257,2
1288285,Harry Leonard,773685,2
1360349,Harry Whitwell,773656,2
1288582,Harvey Araujo,860801,2
1934899,Harvey Duggins,1796115,2
1242113,Henry Popple,773680,2
1467035,I-Lani Edwards,1070261,2
1842677,Isaac Boakye-King,1796115,2
1391209,Jair Cunha,1389162,2
1186461,Jake Rooney,773680,2
1086708,Joe Anderson,773657,2
1519487,Julien Vetro,1796112,2
612180,Kayden Jackson,773680,2
1188049,Kelvin Ehibhatiomhan,773686,2
1683676,Khace Gordon,773680,2
1692758,Lanre Awesu,773649,2
1096400,Levi Colwill,773652,2
1197655,Lewis Hall,860798,2
1436934,Lucas Nygaard,950214,2
1685261,Matt Rowley,773686,2
1427793,Nathan Fisher,773660,2
1708696,Oliver Lloyd,773660,2
1081076,Rhys Williams,1070259,2
1691409,Samual Archer,860802,2
1867217,Shane Gompe,773656,2
1642186,Solomon Honor,773685,2
1117871,Teddy Sharman-Lowe,773652,2
1559318,Tom Lavery,773657,2
1334827,Tom Norcott,773686,2
1577953,Tyler Mansbridge,773685,2
1411577,Xu Bin,773683,2
1683936,Joshua Lett,773657,2
1290932,Martin Sherif,773653,2
1398547,Ethan Williams,1070257,2
1904534,Jonathan Unwin,773650,2
1554206,Lewis Pirie,1177187,2
191175,Adam Forshaw,773685,2
1340634,Princewill Ehibhatiomhan,773645,2
1924702,Thomas Midwood,773650,2
1819207,Charlie Forsyth,773657,2
1720321,Tinotenda Goremusandu,773685,2
1859620,George Stokes,773680,2
844937,Josh Bowler,1389162,2
1816289,Kyran Thompson,950214,2
1670570,Chizaram Ezenwata,773652,2
1897490,Joe Scanlon,773649,2
1800582,Mohamed Waddani,860798,2
1722505,Samuel Lusale,1070257,2
1875279,Jariyah Shah,1070257,2
1904105,Joseph Wilcock,1796112,2
1273294,Oscar Fraulo,773680,2
1962151,Will Thompson,773650,2
1819199,Ethan Broomes,1389162,2
1867187,Emerson Nwaneri,950214,2
1075463,Maksym Talovierov,773650,2
1443837,Darren Palmer,860798,2
1819950,Harry Byrne,860802,2
1904796,Thomas Cryer,773685,2
1287374,Alfie Chang,1796111,2
696646,Axel Disasi,773652,2
1697331,Zack Henry,1267874,2
1711937,Darius Lane,773678,2
1645644,Harvey Foster,773653,2
1679950,Brodie Dair,860801,2
1680327,Pedro Nzau,773650,2
1443830,Kristian Clarke,1389162,2
1729586,Walter Nutter,773645,2
1355539,Calum Scanlon,1070259,2
1737913,James Bailey,1070257,2
1830637,Prince Kobe Cissé,1070259,2
798608,Omar Richards,1389162,2
1690759,Ryan Doherty,1796115,2
1804250,Kobe Barbour,773652,2
1431128,Tom Tweedy,1796112,2
1797399,Jamari Lindsay,773642,2
1418093,Donnell McNeilly,1389162,2
1706529,Jokubas Mazionis,1796115,2
1111391,Liam Gibbs,773658,2
1804247,Mathis Eboué,773652,2
1188035,Jimi Tauriainen,773652,2
1842683,Salif Bamba,1796111,2
1442496,Triston Rowe,1070261,2
1311905,Daniel Cox,773680,2
1915158,Frankie Jones,773680,2
1689291,Markie Meade,1070261,2
1692343,Rio Parmar,773656,2
1789409,Hamzat Balogun,1796112,2
1622265,Vakhtang Salia,860798,2
1710990,Leon Myrtaj,860802,2
1742273,Lewi Richards,773652,2
1580520,Cody Pennington,1796111,2
1231075,James McConnell,1070259,2
1888818,Michael Campbell,1796111,2
1751887,Logan White,1177187,2
1894384,Nikolai Degtiarev,1796111,2
1531977,Will Lawrence,773642,2
1461696,Afolami Onanuga,1070259,2
1359828,Oliver Bainbridge,773657,2
1695182,Louie Bradbury,1070257,2
1910436,Alex Ranson,1796111,2
1641119,Daniel Eyaife,773650,2
1722503,Albert Mills,1070257,2
1797382,Felix Chester,1796112,2
1859617,Lucca Kakai,773660,2
1682233,Korban McMullan,773645,2
1635771,Miracle Adewole,860802,2
1614527,Alfie Bradshaw,1389162,2
1318713,Zak Johnson,773657,2
1923086,Dynaeo Martin-Moore,1796111,2
1432916,Kareem Ahmed,1070259,2
1239583,Abdoullah Ba,773657,2
1004976,Alex Bangura,773660,2
1867188,Angelinou Pedro,950214,2
1014981,Augustus Kargbo,773685,2
1296765,Ben Parkinson,860798,2
169719,Chris Wood,1389162,2
1962150,Darren Oshodi,1796112,2
1799017,Fabio So,1796112,2
1644080,Fletcher Boyd,1070261,2
1844091,Jackson Morby,773678,2
1453338,Jay Robinson,773645,2
1327789,Jaydon Banel,1796112,2
1313053,Kane Taylor,1070261,2
1014976,Lee Buchanan,1796111,2
1199709,Lino Sousa,1070261,2
1190861,Logan Pye,1796112,2
1130806,Luke Mbete,860800,2
1174648,Max Johnston,773680,2
1190867,Roméo Lavia,773652,2
982272,Sidnei Tavares,773685,2
416850,Solly March,773678,2
1214556,Tammer Bany,773656,2
1842684,Tobey Ugorji,1796111,2
1330875,Basil Tuma,773686,2
1107628,Owen Beck,773680,2
1677196,Sol Gordon,773652,2
1626248,Vinnie Tume,1796115,2
1523350,Kian Best,773652,2
1553708,Christian Dunbar-McDonald,860800,2
1642610,Frank Djamna,1389162,2
1675967,Jayden Powell,1389162,2
1727939,Jack Morris,1177187,2
1562978,Herbie James,860802,2
1898269,Hugo de Lisle,773642,2
1127585,Sondre Langås,773680,2
1677134,Melvin Matos,773653,2
1962153,Dapo Anunlopo,773683,2
1683822,Josh Esen,773683,2
1561249,Charalampos Kostoulas,773678,2
1250798,Layton Love,773656,2
1863489,Noah Ajayi,1070257,2
1859586,Shakil Nicolaou,1796115,2
1423616,Stefanos Tzimas,773678,2
1859612,Fraser Heard,1796115,2
1910441,Alfie Round,773656,2
1319548,Charlie Robinson,860801,2
1901845,Gabriel Schluter,1389162,2
1420127,Gerrard Buabo,1796115,2
184483,Ben Reeves,773645,2
1690892,Dan Batty,860802,2
1612623,James Wilson,773660,2
1422562,Fabian Reynolds,773683,2
1797456,Henry Kasvosve,773678,2
1798691,Christian Boothe,773642,2
1213651,Zach Awe,773645,2
1689013,Logan Cooke,860801,2
1816234,Braidin Derbyshire,1796112,2
1835060,Benji Wetshi,1796112,2
1700255,Kallum Fuller-Thompson,773686,2
1804256,Alfie Hutchison,860798,2
1720221,Jacob Parsons,773678,2
1729595,Jonathan Nsangou,773653,2
1690886,Jamel Beggs,860802,2
1832923,David Angibeaud,1267874,2
1602151,Nico Valentine,1796115,2
1854140,Broghan Sewell,773645,2
1720937,Jake Wilcox,773683,2
1800512,Tyler Smith,773660,2
1251327,Max Howells,773660,2
1680354,Alex Marciniak,950214,2
1962149,Anwar Murtesa,1796112,2
1933831,Diandro Fletchman,1796112,2
1560821,George Feeney,860802,2
1838900,Luca Fong,1796112,2
1859124,Matthew Burns,773657,2
1965785,Calum Anderson,773645,2
1526417,Daniel Oyetunde,950214,2
1639364,Francis Gyimah,773650,2
1842686,Jayden Ngwashi,1070257,2
1800449,Armend Muslika,860802,2
1557234,Ezra Carrington,860800,2
1904972,Henry Pearsall,1796111,2
1689031,Kylan Midwood,860800,2
1680071,Amir Ibragimov,1070257,2
1737920,Jack McGrath,1070261,2
1845200,Josiah King,950214,2
1902005,Juran McKayle,1796111,2
1640995,Emmanuel Airoboma,1070259,2
1557214,Damari Daley,773658,2
1854156,Ryan Zie,773686,2
1845202,Saurap Sampang,950214,2
1921918,Connor Reilly,1796111,2
1838899,Spencer Sutton,1389162,2
1857243,Tarrell Cavell,860801,2
1902008,Aaron Bowman,773657,2
1799268,Baran Yildiz,860798,2
1426980,Isaac Smith,860800,2
1921913,Jay McEvoy,1070257,2
1923372,Blake Campbell,1796111,2
1818998,Quinn Schutter,860801,2
1813428,Zac Brennan,773678,2
1675562,Bailey Palmer,773678,2
1932803,Isifu Drammeh,1796111,2
1844098,James Lewis,1796112,2
1565714,Shae Cahill,1389162,2
1677183,Aidan Evans,860801,2
1720200,Ray Robert,773653,2
1902007,Wess Brown,773657,2
1837931,Charlie Holland,773652,2
1807422,Isaac Moran,860798,2
1690883,Schofield Lonmeni,773686,2
1909380,Xavier Nosegbe,773685,2
1845145,Cameron Thomas,860802,2
1842672,Euan Griffiths,773680,2
1857248,Finlay Wilkinson,773685,2
1941668,Jacob Neptune,773686,2
1717182,James Barker,773657,2
1680330,Kai-Reece Adams-Collman,1267874,2
1610954,Lloyd Ofori-Manteaw,773658,2
1816245,Max Harrison,773650,2
1816298,Nathaniel-Junior Brown,1070257,2
1814339,Fabio Sainsbury,773645,2
1439554,Jaiden Owen,773658,2
1832915,Charlie Fletcher,773685,2
1797409,Cherif Yaya,1389162,2
1970697,Jeremiah Berkeley-Agyepong,1796115,2
1869385,Kay Munyakazi,773657,2
1832920,Teshaun Murisa,950214,2
