fotmob_id,team_id,name,dob,height_cm,preferred_foot,country,category,positions,transfermarkt_value
766611,10203,Nikola Milenkovic,1997-10-12T00:00:00.000Z,195.0,right,Serbia,CB,,28000000.0
1067256,8678,Djordje Petrovic,1999-10-08T00:00:00.000Z,194.0,right,Serbia,GK,,28000000.0
523825,8654,Jarrod Bowen,1996-12-20T00:00:00.000Z,174.0,left,England,RW,"RM,AM,ST",30000000.0
950474,8668,James Garner,2001-03-13T00:00:00.000Z,182.0,right,England,DM,"RB,LB,CM",45000000.0
776689,9937,Caoimhín Kelleher,1998-11-23T00:00:00.000Z,188.0,right,Ireland,GK,,28000000.0
562727,9825,David Raya,1995-09-15T00:00:00.000Z,183.0,right,Spain,GK,,30000000.0
719330,9826,Dean Henderson,1997-03-12T00:00:00.000Z,188.0,right,England,GK,,28000000.0
243138,8668,James Tarkowski,1992-11-19T00:00:00.000Z,185.0,right,England,CB,,5000000.0
785411,8586,Marcos Senesi,1997-05-10T00:00:00.000Z,184.0,left,Argentina,CB,,25000000.0
883080,8455,Morgan Rogers,2002-07-26T00:00:00.000Z,187.0,right,England,AM,"RW,LW",110000000.0
1429912,9937,Michael Kayode,2004-07-10T00:00:00.000Z,179.0,right,Italy,RB,RWB,40000000.0
1302005,9937,Igor Thiago,2001-06-26T00:00:00.000Z,191.0,right,Brazil,ST,,65000000.0
209405,8650,Virgil van Dijk,1991-07-08T00:00:00.000Z,193.0,right,Netherlands,CB,,15000000.0
303919,8668,Jordan Pickford,1994-03-07T00:00:00.000Z,185.0,left,England,GK,,13000000.0
1177358,8678,Adrien Truffert,2001-11-20T00:00:00.000Z,176.0,left,France,LB,,30000000.0
1131987,10204,Bart Verbruggen,2002-08-18T00:00:00.000Z,193.0,right,Netherlands,GK,,40000000.0
1120224,9826,Tyrick Mitchell,1999-09-01T00:00:00.000Z,174.0,left,England,LWB,LM,25000000.0
846005,8650,Dominik Szoboszlai,2000-10-25T00:00:00.000Z,185.0,right,Hungary,AM,"RB,DM,CM,RW,LW",100000000.0
362694,10260,Luke Shaw,1995-07-12T00:00:00.000Z,178.0,left,England,LB,CB,8000000.0
974618,8586,Jan Paul van Hecke,2000-06-08T00:00:00.000Z,189.0,right,Netherlands,CB,,60000000.0
844425,8456,Marc Guéhi,2000-07-13T00:00:00.000Z,182.0,right,England,CB,,70000000.0
933576,8456,Antoine Semenyo,2000-01-07T00:00:00.000Z,185.0,right,Ghana,RW,"RM,LW,ST",80000000.0
1078788,10203,Neco Williams,2001-04-13T00:00:00.000Z,188.0,right,Wales,LB,"RB,RWB,LWB,LM",28000000.0
72241,8586,Martin Dúbravka,1989-01-15T00:00:00.000Z,190.0,right,Slovakia,GK,,500000.0
774448,10204,Ferdi Kadioglu,1999-10-07T00:00:00.000Z,173.0,right,Turkiye,LB,"RB,RWB,RW",35000000.0
1137705,8455,Enzo Fernández,2001-01-17T00:00:00.000Z,178.0,right,Argentina,AM,"DM,CM,LW",100000000.0
789502,10203,Morgan Gibbs-White,2000-01-27T00:00:00.000Z,171.0,right,England,AM,"CM,LM,RW,LW,ST",70000000.0
654096,9825,Declan Rice,1999-01-14T00:00:00.000Z,185.0,right,England,DM,CM,120000000.0
820140,8633,Ibrahima Konaté,1999-05-25T00:00:00.000Z,192.0,right,France,CB,,45000000.0
1098607,8668,Jake O'Brien,2001-05-15T00:00:00.000Z,197.0,right,Ireland,RB,CB,18000000.0
780432,8463,Ethan Ampadu,2000-09-14T00:00:00.000Z,183.0,right,Wales,CM,"CB,DM",30000000.0
1125720,8472,Robin Roefs,2003-01-17T00:00:00.000Z,193.0,left,Netherlands,GK,,28000000.0
1089691,8456,Elliot Anderson,2002-11-06T00:00:00.000Z,179.0,right,England,DM,CM,110000000.0
215168,9879,Bernd Leno,1992-03-04T00:00:00.000Z,190.0,right,Germany,GK,,6000000.0
950485,9826,Maxence Lacroix,2000-04-06T00:00:00.000Z,190.0,right,France,CB,,50000000.0
1097466,8586,Micky van de Ven,2001-04-19T00:00:00.000Z,193.0,left,Netherlands,CB,LB,50000000.0
159833,8191,Kyle Walker,1990-05-28T00:00:00.000Z,183.0,right,England,RB,"CB,RWB,RM",1500000.0
422685,10260,Bruno Fernandes,1994-09-08T00:00:00.000Z,179.0,right,Portugal,AM,DM,35000000.0
1067763,8472,Trai Hume,2002-03-18T00:00:00.000Z,180.0,right,Northern Ireland,RB,"CB,LB,RWB,RM,RW",22000000.0
1356312,8586,Mateus Fernandes,2004-07-10T00:00:00.000Z,178.0,right,Portugal,CM,"DM,AM,LW",50000000.0
789571,8455,Robert Sánchez,1997-11-18T00:00:00.000Z,197.0,left,Spain,GK,,22000000.0
729731,10252,Matty Cash,1997-08-07T00:00:00.000Z,185.0,right,Poland,RB,"RWB,RM",22000000.0
1031325,9825,Martín Zubimendi,1999-02-02T00:00:00.000Z,180.0,right,Spain,CM,DM,75000000.0
956683,8650,Ryan Gravenberch,2002-05-16T00:00:00.000Z,190.0,right,Netherlands,DM,"CB,CM",80000000.0
1137407,10261,Malick Thiaw,2001-08-08T00:00:00.000Z,194.0,right,Germany,CB,,45000000.0
961306,9937,Nathan Collins,2001-04-30T00:00:00.000Z,193.0,right,Ireland,CB,,30000000.0
737066,8456,Erling Haaland,2000-07-21T00:00:00.000Z,194.0,left,Norway,ST,,220000000.0
717174,8463,Joe Rodon,1997-10-22T00:00:00.000Z,193.0,right,Wales,CB,,18000000.0
874025,8668,Vitaliy Mykolenko,1999-05-29T00:00:00.000Z,180.0,left,Ukraine,LB,,25000000.0
1250443,178475,Maxime Estève,2002-05-26T00:00:00.000Z,193.0,left,France,CB,,28000000.0
618878,8456,Gianluigi Donnarumma,1999-02-25T00:00:00.000Z,196.0,right,Italy,GK,,45000000.0
710159,10252,Ezri Konsa,1997-10-23T00:00:00.000Z,183.0,right,England,CB,RB,45000000.0
796974,10204,Pascal Struijk,1999-08-11T00:00:00.000Z,190.0,left,Netherlands,CB,,22000000.0
1049999,8472,Enzo Le Fée,2000-02-03T00:00:00.000Z,170.0,right,France,AM,"CM,LM,LW",28000000.0
207236,8472,Granit Xhaka,1992-09-27T00:00:00.000Z,185.0,left,Switzerland,DM,CM,8000000.0
540963,9879,Sander Berge,1998-02-14T00:00:00.000Z,193.0,right,Norway,DM,CM,25000000.0
1359649,8472,Noah Sadiki,2004-12-17T00:00:00.000Z,173.0,right,DR Congo,CM,"DM,AM",35000000.0
1178602,10260,Senne Lammens,2002-07-07T00:00:00.000Z,193.0,right,Belgium,GK,,35000000.0
488139,8633,Bernardo Silva,1994-08-10T00:00:00.000Z,173.0,left,Portugal,AM,"DM,CM,RW",22000000.0
503659,9879,Joachim Andersen,1996-05-31T00:00:00.000Z,188.0,right,Denmark,CB,,20000000.0
955529,8456,Matheus Nunes,1998-08-27T00:00:00.000Z,183.0,right,Portugal,RB,,50000000.0
1233655,8678,Alex Scott,2003-08-21T00:00:00.000Z,178.0,right,England,DM,AM,50000000.0
540088,10252,Ollie Watkins,1995-12-30T00:00:00.000Z,180.0,right,England,ST,,25000000.0
201690,10204,Lewis Dunk,1991-11-21T00:00:00.000Z,192.0,right,England,CB,,3500000.0
268375,10252,Emiliano Martínez,1992-09-02T00:00:00.000Z,195.0,right,Argentina,GK,,12000000.0
751998,8472,Omar Alderete,1996-12-26T00:00:00.000Z,188.0,left,Paraguay,CB,,13000000.0
950829,9826,Chris Richards,2000-03-28T00:00:00.000Z,188.0,right,USA,CB,,28000000.0
789646,8463,Jayden Bogle,2000-07-27T00:00:00.000Z,178.0,right,England,RB,"RWB,RM",15000000.0
1174672,10252,João Gomes,2001-02-12T00:00:00.000Z,176.0,right,Brazil,CM,DM,40000000.0
1137668,8455,Moisés Caicedo,2001-11-02T00:00:00.000Z,178.0,right,Ecuador,DM,CM,100000000.0
941573,8586,Pedro Porro,1999-09-13T00:00:00.000Z,176.0,right,Spain,RB,"RWB,RM",45000000.0
538501,8586,Guglielmo Vicario,1996-10-07T00:00:00.000Z,194.0,right,Italy,GK,,18000000.0
602304,8472,Nordi Mukiele,1997-11-01T00:00:00.000Z,187.0,right,France,CB,RB,16000000.0
965764,8668,Iliman Ndiaye,2000-03-06T00:00:00.000Z,180.0,right,Senegal,RW,"AM,LW",55000000.0
793907,8455,Trevoh Chalobah,1999-07-05T00:00:00.000Z,190.0,right,England,CB,,40000000.0
1174296,8602,André,2001-07-16T00:00:00.000Z,176.0,right,Brazil,DM,CM,25000000.0
1098096,8678,Evanilson,1999-10-06T00:00:00.000Z,183.0,both,Brazil,ST,,35000000.0
919435,9937,Sepp van den Berg,2001-12-20T00:00:00.000Z,189.0,right,Netherlands,CB,,32000000.0
795179,9825,Gabriel,1997-12-19T00:00:00.000Z,190.0,left,Brazil,CB,,75000000.0
1083796,9937,Kevin Schade,2001-11-27T00:00:00.000Z,183.0,right,Germany,LW,ST,35000000.0
806552,8650,Cody Gakpo,1999-05-07T00:00:00.000Z,193.0,right,Netherlands,LW,"LM,ST",60000000.0
789630,8678,Marcus Tavernier,1999-03-22T00:00:00.000Z,178.0,left,England,AM,"DM,RW,LW",25000000.0
1171140,9937,Jaidon Anthony,1999-12-01T00:00:00.000Z,183.0,right,England,LW,"LM,AM,RW",20000000.0
612150,8463,Dominic Calvert-Lewin,1997-03-16T00:00:00.000Z,189.0,right,England,ST,,22000000.0
1451265,8654,Malick Diouf,2004-12-28T00:00:00.000Z,183.0,left,Senegal,LB,"LWB,LM,LW",28000000.0
873289,8633,Marc Cucurella,1998-07-22T00:00:00.000Z,177.0,left,Spain,LB,"LWB,LM",60000000.0
1021382,8455,João Pedro,2001-09-26T00:00:00.000Z,186.0,right,Brazil,ST,AM,80000000.0
494417,8463,Harry Wilson,1997-03-22T00:00:00.000Z,173.0,left,Wales,RW,AM,25000000.0
181069,10203,Matz Sels,1992-02-26T00:00:00.000Z,188.0,right,Belgium,GK,,3500000.0
1157236,9937,Yehor Yarmoliuk,2004-03-01T00:00:00.000Z,176.0,both,Ukraine,DM,"CM,AM",
1300526,8456,Nico O'Reilly,2005-03-21T00:00:00.000Z,193.0,left,England,LB,"DM,LW",70000000.0
831489,8650,Alexis Mac Allister,1998-12-24T00:00:00.000Z,174.0,right,Argentina,DM,"CM,LM,AM",70000000.0
843040,8455,Pedro Neto,2000-03-09T00:00:00.000Z,172.0,left,Portugal,RW,"AM,LW",60000000.0
744494,8463,Gabriel Gudmundsson,1999-04-29T00:00:00.000Z,181.0,left,Sweden,LWB,"CB,LB,LM",20000000.0
886016,8668,Kiernan Dewsbury-Hall,1998-09-06T00:00:00.000Z,177.0,left,England,AM,"DM,LW",35000000.0
923312,10260,Bryan Mbeumo,1999-08-07T00:00:00.000Z,171.0,left,Cameroon,AM,"RW,ST",75000000.0
955406,9825,William Saliba,2001-03-24T00:00:00.000Z,193.0,right,France,CB,,100000000.0
751550,10260,Diogo Dalot,1999-03-18T00:00:00.000Z,183.0,right,Portugal,RB,"LB,RWB,LWB",30000000.0
290410,8668,Michael Keane,1993-01-11T00:00:00.000Z,191.0,right,England,CB,,3000000.0
208494,960720,Casemiro,1992-02-23T00:00:00.000Z,185.0,right,Brazil,DM,CM,6000000.0
848034,8602,Santiago Bueno,1998-11-09T00:00:00.000Z,189.0,right,Uruguay,CB,,10000000.0
1296650,9826,Adam Wharton,2004-02-06T00:00:00.000Z,182.0,left,England,DM,CM,70000000.0
867414,8586,Sandro Tonali,2000-05-08T00:00:00.000Z,182.0,right,Italy,CM,DM,80000000.0
877401,9879,Calvin Bassey,1999-12-31T00:00:00.000Z,185.0,left,Nigeria,CB,LB,28000000.0
719219,8654,Konstantinos Mavropanos,1997-12-11T00:00:00.000Z,194.0,right,Greece,CB,,18000000.0
863098,10260,Matheus Cunha,1999-05-27T00:00:00.000Z,184.0,right,Brazil,ST,"AM,LW",75000000.0
941213,8654,Crysencio Summerville,2001-10-30T00:00:00.000Z,174.0,right,Netherlands,LW,"LM,RW,AM,ST",45000000.0
942381,9825,Jurriën Timber,2001-06-17T00:00:00.000Z,179.0,right,Netherlands,RB,"CB,LB",70000000.0
952322,8463,Brenden Aaronson,2000-10-22T00:00:00.000Z,178.0,right,USA,RW,"CM,LM,AM,ST",22000000.0
850354,10261,Bruno Guimarães,1997-11-16T00:00:00.000Z,182.0,right,Brazil,CM,"DM,AM",70000000.0
280484,10261,Nick Pope,1992-04-19T00:00:00.000Z,191.0,right,England,GK,,5000000.0
604785,9879,Alex Iwobi,1996-05-03T00:00:00.000Z,180.0,right,Nigeria,DM,"AM,LW",20000000.0
859282,9826,Daniel Muñoz,1996-05-26T00:00:00.000Z,183.0,right,Colombia,RWB,"RB,RM",22000000.0
1400227,10204,Yankuba Minteh,2004-07-22T00:00:00.000Z,180.0,left,Gambia,RW,LW,45000000.0
1152455,8650,Florian Wirtz,2003-05-03T00:00:00.000Z,175.0,right,Germany,LW,"AM,ST",100000000.0
881735,8463,Anton Stach,1998-11-15T00:00:00.000Z,194.0,both,Germany,CM,"DM,RM,AM",28000000.0
798029,8602,Ladislav Krejcí,1999-04-20T00:00:00.000Z,191.0,left,Czechia,CB,"DM,CM",22000000.0
1116391,8602,Hugo Bueno,2002-09-18T00:00:00.000Z,180.0,left,Spain,LWB,"LB,LM",12000000.0
1200631,8637,Lesley Ugochukwu,2004-03-26T00:00:00.000Z,188.0,right,France,DM,"CM,AM",22000000.0
1070052,10260,Amad Diallo,2002-07-11T00:00:00.000Z,174.0,left,Ivory Coast,RW,"RWB,AM",45000000.0
319784,8650,Alisson Becker,1992-10-02T00:00:00.000Z,193.0,right,Brazil,GK,,15000000.0
1526689,8535,Álex Jiménez,2005-05-08T00:00:00.000Z,177.0,right,Spain,RB,RW,22000000.0
821100,9826,Jørgen Strand Larsen,2000-02-06T00:00:00.000Z,193.0,right,Norway,ST,,40000000.0
1082102,10203,Igor Jesus,2001-02-25T00:00:00.000Z,180.0,right,Brazil,ST,AM,25000000.0
1250253,9937,Dango Ouattara,2002-02-11T00:00:00.000Z,177.0,left,Burkina Faso,RW,"RM,LW,ST",35000000.0
1197250,8455,Malo Gusto,2003-05-19T00:00:00.000Z,179.0,right,France,RB,"LB,RWB,DM",35000000.0
113836,10204,Danny Welbeck,1990-11-26T00:00:00.000Z,185.0,right,England,ST,,3000000.0
1195281,8650,Milos Kerkez,2003-11-07T00:00:00.000Z,180.0,left,Hungary,LB,,35000000.0
650616,9937,Mathias Jensen,1996-01-01T00:00:00.000Z,173.0,right,Denmark,DM,"CM,RW,AM",10000000.0
664500,9825,Viktor Gyökeres,1998-06-04T00:00:00.000Z,187.0,right,Sweden,ST,,65000000.0
961995,9825,Bukayo Saka,2001-09-05T00:00:00.000Z,178.0,left,England,RW,AM,110000000.0
706297,9826,Jean-Philippe Mateta,1997-06-28T00:00:00.000Z,192.0,right,France,ST,,30000000.0
292313,8602,Raul Jiménez,1991-05-05T00:00:00.000Z,188.0,right,Mexico,ST,,3000000.0
188058,10261,Daniel Burn,1992-05-09T00:00:00.000Z,201.0,left,England,CB,LB,4000000.0
524437,8654,Tomás Soucek,1995-02-27T00:00:00.000Z,190.0,right,Czechia,DM,"CM,AM",10000000.0
524434,9823,João Palhinha,1995-07-09T00:00:00.000Z,190.0,right,Portugal,DM,"CB,CM",15000000.0
771294,9826,Ismaïla Sarr,1998-02-25T00:00:00.000Z,185.0,right,Senegal,AM,"RW,LW,ST",45000000.0
1197655,10261,Lewis Hall,2004-09-08T00:00:00.000Z,179.0,left,England,LB,LWB,40000000.0
356406,10252,John McGinn,1994-10-18T00:00:00.000Z,175.0,left,Scotland,RW,"DM,RM,AM,LW",13000000.0
974268,8472,Daniel Ballard,1999-09-22T00:00:00.000Z,187.0,right,Northern Ireland,CB,,20000000.0
1200657,8602,Yerson Mosquera,2001-05-02T00:00:00.000Z,187.0,right,Colombia,CB,RB,12000000.0
614006,8456,Rúben Dias,1997-05-14T00:00:00.000Z,187.0,right,Portugal,CB,,55000000.0
1354561,10204,Diego Gómez,2003-03-27T00:00:00.000Z,183.0,right,Paraguay,AM,"DM,RM,CM,RW,LW",25000000.0
1458711,10203,Murillo,2002-07-04T00:00:00.000Z,182.0,left,Brazil,CB,LB,50000000.0
793255,8191,Florentino,1999-08-19T00:00:00.000Z,184.0,right,Portugal,CM,DM,16000000.0
959407,8678,James Hill,2002-01-10T00:00:00.000Z,184.0,right,England,CB,RB,23000000.0
179410,8668,Idrissa Gueye,1989-09-26T00:00:00.000Z,174.0,right,Senegal,DM,CM,500000.0
1047676,9826,Yéremi Pino,2002-10-20T00:00:00.000Z,172.0,right,Spain,AM,"RM,LM,RW,LW",
815006,8456,Phil Foden,2000-05-28T00:00:00.000Z,171.0,left,England,AM,"RW,LW,ST",70000000.0
795371,10203,Ibrahim Sangaré,1997-12-02T00:00:00.000Z,191.0,right,Ivory Coast,DM,CM,20000000.0
760320,8654,Aaron Wan-Bissaka,1997-11-26T00:00:00.000Z,183.0,right,DR Congo,RB,"RWB,RM",15000000.0
416175,8602,José Sá,1993-01-17T00:00:00.000Z,192.0,right,Portugal,GK,,3500000.0
888912,9937,Mikkel Damsgaard,2000-07-03T00:00:00.000Z,180.0,right,Denmark,AM,"CM,LM,LW",30000000.0
894803,8586,Djed Spence,2000-08-09T00:00:00.000Z,184.0,right,England,LB,"RB,LWB,LM",40000000.0
318615,10188,Leandro Trossard,1994-12-04T00:00:00.000Z,172.0,right,Belgium,LW,"RW,ST",18000000.0
163604,10260,Karl Darlow,1990-10-08T00:00:00.000Z,190.0,right,Wales,GK,,200000.0
600524,8472,Reinildo,1994-01-21T00:00:00.000Z,178.0,left,Mozambique,LB,"CB,LWB",4000000.0
1010426,9937,Keane Lewis-Potter,2001-02-22T00:00:00.000Z,170.0,right,England,LB,"LWB,LM,RW,LW",25000000.0
760359,10261,Harvey Barnes,1997-12-09T00:00:00.000Z,174.0,right,England,LW,RW,32000000.0
1096353,8455,Cole Palmer,2002-05-06T00:00:00.000Z,185.0,left,England,AM,RW,100000000.0
807729,8455,Reece James,1999-12-08T00:00:00.000Z,182.0,right,England,RB,DM,60000000.0
654908,8586,Richarlison,1997-05-10T00:00:00.000Z,184.0,right,Brazil,ST,LW,25000000.0
535936,10261,Joelinton,1996-08-14T00:00:00.000Z,186.0,right,Brazil,CM,"AM,LW",25000000.0
940446,8472,Brian Brobbey,2002-02-01T00:00:00.000Z,180.0,right,Netherlands,ST,,40000000.0
933768,8650,Curtis Jones,2001-01-30T00:00:00.000Z,182.0,right,England,DM,"RB,CM,AM",35000000.0
889534,9879,Emile Smith Rowe,2000-07-28T00:00:00.000Z,182.0,right,England,AM,LW,20000000.0
156008,9937,Jordan Henderson,1990-06-17T00:00:00.000Z,182.0,right,England,DM,CM,1200000.0
1168311,10204,Yasin Ayari,2003-10-06T00:00:00.000Z,172.0,right,Sweden,DM,CM,40000000.0
1106563,10261,Nick Woltemade,2002-02-14T00:00:00.000Z,198.0,right,Germany,ST,AM,55000000.0
1398392,8668,Thierno Barry,2002-10-21T00:00:00.000Z,195.0,right,France,ST,,30000000.0
621515,9826,Daichi Kamada,1996-08-05T00:00:00.000Z,184.0,right,Japan,DM,"CM,AM",10000000.0
970243,10204,Mats Wieffer,1999-11-16T00:00:00.000Z,188.0,right,Netherlands,RB,,25000000.0
818975,9825,Eberechi Eze,1998-06-29T00:00:00.000Z,178.0,right,England,AM,"CM,LW",65000000.0
710158,8463,James Justin,1998-02-23T00:00:00.000Z,183.0,right,England,CB,"RB,LB,RWB,LWB,RM,LM",12000000.0
861805,8463,Jaka Bijol,1999-02-05T00:00:00.000Z,190.0,right,Slovenia,CB,,20000000.0
620618,8586,Rodrigo Bentancur,1997-06-25T00:00:00.000Z,187.0,right,Uruguay,DM,CM,20000000.0
789066,8586,Cristian Romero,1998-04-27T00:00:00.000Z,185.0,right,Argentina,CB,,50000000.0
465960,10260,Youri Tielemans,1997-05-07T00:00:00.000Z,177.0,right,Belgium,DM,"CM,AM",40000000.0
210111,10252,Lucas Digne,1993-07-20T00:00:00.000Z,178.0,left,France,LB,,6000000.0
846383,10203,Callum Hudson-Odoi,2000-11-07T00:00:00.000Z,182.0,right,England,LW,"LM,RW",30000000.0
465750,9879,Timothy Castagne,1995-12-05T00:00:00.000Z,185.0,right,Belgium,RB,"LB,RWB,RW",8000000.0
956682,10261,Sven Botman,2000-01-12T00:00:00.000Z,193.0,left,Netherlands,CB,,35000000.0
1210943,8602,Jackson Tchatchoua,2001-09-14T00:00:00.000Z,186.0,right,Cameroon,RM,"RB,RWB",12000000.0
1393669,8558,Quilindschy Hartman,2001-11-14T00:00:00.000Z,183.0,left,Netherlands,LB,LWB,16000000.0
773991,9879,Ryan Sessegnon,2000-05-18T00:00:00.000Z,178.0,left,England,LB,,22000000.0
906937,8634,Anthony Gordon,2001-02-24T00:00:00.000Z,182.0,right,England,LW,ST,80000000.0
955214,8654,Jean-Clair Todibo,1999-12-30T00:00:00.000Z,190.0,right,France,CB,,22000000.0
1197030,8650,Hugo Ekitiké,2002-06-20T00:00:00.000Z,190.0,right,France,ST,LW,80000000.0
552718,9937,Kristoffer Ajer,1998-04-17T00:00:00.000Z,196.0,right,Norway,CB,LB,22000000.0
469804,9879,Kenny Tete,1995-10-09T00:00:00.000Z,180.0,right,Netherlands,RB,,8000000.0
210164,8654,Alphonse Areola,1993-02-27T00:00:00.000Z,195.0,right,France,GK,,4000000.0
1137667,9825,Piero Hincapié,2002-01-09T00:00:00.000Z,184.0,left,Ecuador,LB,CB,50000000.0
956925,10204,Georginio Rutter,2002-04-20T00:00:00.000Z,182.0,left,France,AM,"RW,ST",30000000.0
1609213,8602,Mateus Mané,2007-09-16T00:00:00.000Z,,right,England,AM,"CM,ST",20000000.0
1104053,8456,Rayan Cherki,2003-08-17T00:00:00.000Z,177.0,both,France,AM,"RW,LW",90000000.0
942368,8456,Jérémy Doku,2002-05-27T00:00:00.000Z,171.0,right,Belgium,LW,"RW,AM",75000000.0
729769,8678,Tyler Adams,1999-02-14T00:00:00.000Z,175.0,right,USA,DM,CM,25000000.0
873559,8191,Zian Flemming,1998-08-01T00:00:00.000Z,185.0,right,Netherlands,ST,,12000000.0
1185748,10252,Amadou Onana,2001-08-16T00:00:00.000Z,195.0,right,Belgium,DM,,45000000.0
610184,10252,Emiliano Buendía,1996-12-25T00:00:00.000Z,170.0,right,Argentina,LW,"LM,AM",16000000.0
523193,8191,Josh Laurent,1995-05-06T00:00:00.000Z,175.0,right,England,CB,"RWB,DM,CM",1500000.0
1173787,8586,Xavi Simons,2003-04-21T00:00:00.000Z,179.0,right,Netherlands,AM,"CM,LM,RW,LW",40000000.0
556972,9879,Sasa Lukic,1996-08-13T00:00:00.000Z,183.0,right,Serbia,DM,CM,10000000.0
1358581,10260,Leny Yoro,2005-11-13T00:00:00.000Z,190.0,right,France,CB,,50000000.0
1251334,10204,Jack Hinshelwood,2005-04-11T00:00:00.000Z,180.0,right,England,AM,"DM,CM",28000000.0
917802,8455,Wesley Fofana,2000-12-17T00:00:00.000Z,185.0,right,France,CB,,28000000.0
466672,9826,Jefferson Lerma,1994-10-25T00:00:00.000Z,179.0,right,Colombia,DM,"CB,CM",6000000.0
1076756,9826,Brennan Johnson,2001-05-23T00:00:00.000Z,186.0,right,Wales,RW,"RWB,AM,LW",30000000.0
1105912,9825,Riccardo Calafiori,2002-05-19T00:00:00.000Z,188.0,left,Italy,LB,CB,55000000.0
881640,178475,Lutsharel Geertruida,2000-07-18T00:00:00.000Z,184.0,right,Netherlands,RB,"CB,DM",20000000.0
862608,10204,Kaoru Mitoma,1997-05-20T00:00:00.000Z,178.0,right,Japan,LW,,22000000.0
1215652,10203,Omari Hutchinson,2003-10-30T00:00:00.000Z,174.0,left,England,RW,"RM,AM,LW",30000000.0
1460534,8678,Junior Kroupi,2006-06-23T00:00:00.000Z,179.0,right,France,AM,ST,70000000.0
792645,10252,Pau Torres,1997-01-16T00:00:00.000Z,192.0,left,Spain,CB,,20000000.0
823825,9847,Randal Kolo Muani,1998-12-05T00:00:00.000Z,187.0,right,France,ST,"RW,AM,LW",20000000.0
1352713,10204,Carlos Baleba,2004-01-03T00:00:00.000Z,179.0,left,Cameroon,DM,CM,55000000.0
255610,10260,Harry Maguire,1993-03-05T00:00:00.000Z,194.0,right,England,CB,,8000000.0
868344,8456,Tijjani Reijnders,1998-07-29T00:00:00.000Z,185.0,right,Netherlands,AM,"DM,CM",50000000.0
167008,10204,Pascal Groß,1991-06-15T00:00:00.000Z,181.0,right,Germany,DM,CM,2500000.0
1292810,10260,Kobbie Mainoo,2005-04-19T00:00:00.000Z,184.0,right,England,DM,,70000000.0
1073977,10260,Benjamin Sesko,2003-05-31T00:00:00.000Z,195.0,right,Slovenia,ST,,75000000.0
312765,8456,Jack Grealish,1995-09-10T00:00:00.000Z,180.0,right,England,LW,,20000000.0
967941,8654,Mads Hermansen,2000-07-11T00:00:00.000Z,187.0,right,Denmark,GK,,15000000.0
966026,10252,Ian Maatsen,2002-03-10T00:00:00.000Z,178.0,left,Netherlands,LB,,30000000.0
521148,10261,Jacob Murphy,1995-02-24T00:00:00.000Z,179.0,right,England,RW,"RM,ST",12000000.0
191869,8602,Kieran Trippier,1990-09-19T00:00:00.000Z,178.0,right,England,RB,RWB,1500000.0
682548,10203,Ola Aina,1996-10-08T00:00:00.000Z,184.0,right,Nigeria,RB,"LB,RWB",18000000.0
1238058,8191,Bashir Humphreys,2003-03-15T00:00:00.000Z,187.0,left,England,CB,"RB,LWB",12000000.0
915797,8463,Noah Okafor,2000-05-24T00:00:00.000Z,185.0,right,Switzerland,LW,"AM,ST",25000000.0
295067,9826,Will Hughes,1995-04-17T00:00:00.000Z,185.0,left,England,DM,CM,5000000.0
1280132,8456,Nico González,2002-01-03T00:00:00.000Z,188.0,right,Spain,DM,CM,40000000.0
1079485,8668,Beto,1998-01-31T00:00:00.000Z,194.0,right,Guinea-Bissau,ST,,18000000.0
1368654,8472,Chemsdine Talbi,2005-05-09T00:00:00.000Z,175.0,right,Morocco,RW,"LM,LW",25000000.0
891743,8586,Mohammed Kudus,2000-08-02T00:00:00.000Z,175.0,left,Ghana,RW,"RM,AM,LW",50000000.0
865931,8654,Max Kilman,1997-05-23T00:00:00.000Z,192.0,left,England,CB,,13000000.0
766435,9770,Lucas Paquetá,1997-08-27T00:00:00.000Z,183.0,left,Brazil,AM,"DM,RM,CM,RW,ST",
831044,8191,Hjalmar Ekdal,1998-10-21T00:00:00.000Z,187.0,right,Sweden,CB,,5000000.0
623716,8191,Josh Cullen,1996-04-07T00:00:00.000Z,178.0,right,Ireland,CM,DM,4000000.0
675088,8456,Rodri,1996-06-22T00:00:00.000Z,190.0,right,Spain,DM,CM,55000000.0
1296763,10261,Lewis Miley,2006-05-01T00:00:00.000Z,185.0,right,England,CM,"RB,DM",25000000.0
662428,9879,Antonee Robinson,1997-08-08T00:00:00.000Z,183.0,left,USA,LB,"LWB,LM",22000000.0
754126,8586,Kevin Danso,1998-09-19T00:00:00.000Z,190.0,right,Austria,CB,,20000000.0
1203512,8668,Tim Iroegbunam,2003-06-30T00:00:00.000Z,183.0,right,England,DM,CM,18000000.0
1323305,8586,Archie Gray,2006-03-12T00:00:00.000Z,187.0,right,England,DM,"RB,LB,RWB,CM",35000000.0
620026,8602,Hwang Hee-Chan,1996-01-26T00:00:00.000Z,177.0,right,Korea Republic,ST,"AM,LW",6000000.0
1021929,10261,Jacob Ramsey,2001-05-28T00:00:00.000Z,180.0,right,England,CM,"DM,LW",35000000.0
1526560,10260,Patrick Dorgu,2004-10-26T00:00:00.000Z,185.0,left,Denmark,LWB,"LB,LW",35000000.0
637656,8463,Lucas Perri,1997-12-10T00:00:00.000Z,196.0,right,Brazil,GK,,10000000.0
688273,9937,Vitaly Janelt,1998-05-10T00:00:00.000Z,184.0,left,Germany,DM,CM,16000000.0
1013277,8602,Toti Gomes,1999-01-16T00:00:00.000Z,188.0,left,Portugal,CB,,18000000.0
1362998,8456,Abdukodir Khusanov,2004-02-29T00:00:00.000Z,186.0,right,Uzbekistan,CB,RB,50000000.0
816325,10252,Boubacar Kamara,1999-11-23T00:00:00.000Z,178.0,right,France,DM,CM,40000000.0
1134871,10204,Maxim De Cuyper,2000-12-22T00:00:00.000Z,183.0,left,Belgium,LB,"LWB,LW",22000000.0
1072864,8602,Tolu Arokodare,2000-11-23T00:00:00.000Z,197.0,right,Nigeria,ST,,20000000.0
1285866,8472,Habib Diarra,2004-01-03T00:00:00.000Z,179.0,right,Senegal,CM,"RM,AM",35000000.0
1291325,8191,Lucas Pires,2001-03-24T00:00:00.000Z,182.0,left,Brazil,LB,"LWB,LM",4000000.0
823658,8654,Valentín Castellanos,1998-10-03T00:00:00.000Z,178.0,right,Argentina,ST,,
1107280,8586,Pape Sarr,2002-09-14T00:00:00.000Z,184.0,right,Senegal,CM,"DM,AM",30000000.0
1070712,8456,Josko Gvardiol,2002-01-23T00:00:00.000Z,185.0,left,Croatia,CB,LB,70000000.0
734042,8654,Kyle Walker-Peters,1997-04-13T00:00:00.000Z,173.0,right,England,RB,,12000000.0
534670,9825,Martin Ødegaard,1998-12-17T00:00:00.000Z,176.0,left,Norway,CM,AM,70000000.0
881500,8191,Lyle Foster,2000-09-03T00:00:00.000Z,185.0,right,South Africa,ST,RW,8000000.0
1288111,8586,Mathys Tel,2005-04-27T00:00:00.000Z,183.0,right,France,LW,"LM,ST",22000000.0
1053838,10203,Morato,2001-06-30T00:00:00.000Z,192.0,left,Brazil,CB,LB,14000000.0
1052898,8586,Destiny Udogie,2002-11-28T00:00:00.000Z,188.0,left,Italy,LB,LWB,30000000.0
1664722,9826,Jaydee Canvot,2006-07-29T00:00:00.000Z,188.0,right,France,CB,RB,28000000.0
562892,9937,Rico Henry,1997-07-08T00:00:00.000Z,170.0,left,Jamaica,LB,LWB,13000000.0
1107910,10261,Valentino Livramento,2002-11-12T00:00:00.000Z,182.0,right,England,RB,"LB,LWB",45000000.0
419664,10252,Tyrone Mings,1993-03-13T00:00:00.000Z,191.0,left,England,CB,,3000000.0
1050166,10261,Anthony Elanga,2002-04-27T00:00:00.000Z,178.0,right,Sweden,RW,"AM,ST",32000000.0
935728,8463,Ao Tanaka,1998-09-10T00:00:00.000Z,180.0,right,Japan,DM,CM,13000000.0
1080983,8463,Ilia Gruev,2000-05-06T00:00:00.000Z,185.0,left,Bulgaria,CM,DM,12000000.0
979752,8678,Bafodé Diakité,2001-01-06T00:00:00.000Z,184.0,right,France,CB,,25000000.0
1422593,9879,Joshua King,2007-01-03T00:00:00.000Z,173.0,right,England,AM,,25000000.0
1283034,8669,Loum Tchaouna,2003-09-08T00:00:00.000Z,180.0,left,France,RW,"RM,LW",13000000.0
1203665,8455,Alejandro Garnacho,2004-07-01T00:00:00.000Z,180.0,right,Argentina,LW,,28000000.0
1372921,10260,Andrey Santos,2004-05-03T00:00:00.000Z,180.0,right,Brazil,DM,CM,40000000.0
696646,8455,Axel Disasi,1998-03-11T00:00:00.000Z,191.0,right,France,CB,,15000000.0
769166,8602,Jean-Ricner Bellegarde,1998-06-27T00:00:00.000Z,170.0,right,Haiti,CM,"DM,AM,LW",16000000.0
184321,9937,Callum Wilson,1992-02-27T00:00:00.000Z,180.0,both,England,ST,,4000000.0
1113785,8191,Hannibal Mejbri,2003-01-21T00:00:00.000Z,177.0,right,Tunisia,AM,"DM,CM",15000000.0
847983,10260,Lisandro Martínez,1998-01-18T00:00:00.000Z,178.0,left,Argentina,CB,,45000000.0
690149,8191,Axel Tuanzebe,1997-11-14T00:00:00.000Z,183.0,right,DR Congo,CB,,5000000.0
1084981,9825,Noni Madueke,2002-03-10T00:00:00.000Z,182.0,left,England,RW,LW,50000000.0
674014,8678,David Brooks,1997-07-08T00:00:00.000Z,173.0,left,Wales,RW,"AM,LW,ST",12000000.0
1022649,10203,Dan Ndoye,2000-10-25T00:00:00.000Z,184.0,right,Switzerland,RW,"RM,AM,LW,ST",32000000.0
827315,10203,Nicolás Dominguez,1998-06-28T00:00:00.000Z,179.0,right,Argentina,DM,"CM,AM,LW",15000000.0
357880,8586,Andrew Robertson,1994-03-11T00:00:00.000Z,178.0,left,Scotland,LB,CB,7000000.0
1206287,8654,Freddie Potts,2003-09-12T00:00:00.000Z,183.0,right,England,DM,CM,10000000.0
769895,10260,Matthijs de Ligt,1999-08-12T00:00:00.000Z,187.0,right,Netherlands,CB,,30000000.0
939542,8668,Dwight McNeil,1999-11-22T00:00:00.000Z,183.0,left,England,RW,LW,18000000.0
519835,8602,Adam Armstrong,1997-02-10T00:00:00.000Z,173.0,right,England,ST,"RM,AM,LW",6000000.0
887703,8472,Wilson Isidor,2000-08-27T00:00:00.000Z,180.0,right,Haiti,ST,AM,18000000.0
1413846,8455,Jorrel Hato,2006-03-07T00:00:00.000Z,182.0,left,Netherlands,LB,CB,40000000.0
1023030,10283,Jhon Arias,1997-09-21T00:00:00.000Z,168.0,right,Colombia,LW,"RM,CM,LM,RW,AM",
1478295,8678,Rayan,2006-08-03T00:00:00.000Z,186.0,left,Brazil,RW,ST,60000000.0
966027,8586,Conor Gallagher,2000-02-06T00:00:00.000Z,182.0,right,England,CM,"DM,AM",32000000.0
1113903,8455,Liam Delap,2003-02-08T00:00:00.000Z,186.0,right,England,ST,,28000000.0
1114979,10188,Emmanuel Agbadou,1997-06-17T00:00:00.000Z,192.0,right,Ivory Coast,CB,,
279490,8654,James Ward-Prowse,1994-11-01T00:00:00.000Z,177.0,right,England,DM,CM,5000000.0
189982,10261,Fabian Schär,1991-12-20T00:00:00.000Z,188.0,right,Switzerland,CB,,4000000.0
1079557,8678,Amine Adli,2000-05-10T00:00:00.000Z,180.0,left,Morocco,LW,RW,20000000.0
280287,8602,Sam Johnstone,1993-03-25T00:00:00.000Z,193.0,right,England,GK,,2000000.0
160447,8678,Adam Smith,1991-04-29T00:00:00.000Z,180.0,right,England,RB,,300000.0
861197,8463,Lukas Nmecha,1998-12-14T00:00:00.000Z,185.0,right,Germany,ST,,10000000.0
688300,8564,Samuel Chukwueze,1999-05-22T00:00:00.000Z,172.0,left,Nigeria,LW,"RM,RW",18000000.0
637744,8191,Marcus Edwards,1998-12-03T00:00:00.000Z,168.0,left,England,RW,"RM,AM",6000000.0
966018,8650,Jeremie Frimpong,2000-12-10T00:00:00.000Z,171.0,right,Netherlands,RB,RW,35000000.0
1318400,9879,Kevin,2003-01-04T00:00:00.000Z,176.0,right,Brazil,LW,,25000000.0
1021586,9825,Gabriel Martinelli,2001-06-18T00:00:00.000Z,180.0,right,Brazil,LW,,45000000.0
1190033,10252,Lamare Bogarde,2004-01-05T00:00:00.000Z,183.0,right,Netherlands,DM,"RB,CB",18000000.0
1049679,8602,David Møller Wolfe,2002-04-23T00:00:00.000Z,185.0,left,Norway,LB,"LWB,LM",12000000.0
1113790,9879,Oscar Bobb,2003-07-12T00:00:00.000Z,174.0,left,Norway,RW,"RM,LW",28000000.0
574645,9825,Mikel Merino,1996-06-22T00:00:00.000Z,187.0,left,Spain,CM,"DM,ST",25000000.0
1622290,10203,Nicolò Savona,2003-03-19T00:00:00.000Z,192.0,right,Italy,RB,,15000000.0
750032,10260,Mason Mount,1999-01-10T00:00:00.000Z,181.0,right,England,AM,"DM,ST",25000000.0
591734,8586,Dominic Solanke,1997-09-14T00:00:00.000Z,187.0,right,England,ST,,28000000.0
655575,8191,Jacob Bruun Larsen,1998-09-19T00:00:00.000Z,183.0,right,Denmark,RW,LW,4000000.0
1298907,9825,Cristhian Mosquera,2004-06-27T00:00:00.000Z,191.0,right,Spain,CB,RB,40000000.0
746395,8466,Aaron Ramsdale,1998-05-14T00:00:00.000Z,188.0,right,England,GK,,12000000.0
439369,8678,Ryan Christie,1995-02-22T00:00:00.000Z,178.0,left,Scotland,DM,"LM,AM",8000000.0
820024,8463,Sean Longstaff,1997-10-30T00:00:00.000Z,181.0,right,England,CM,"DM,AM",15000000.0
1128945,9879,Rodrigo Muniz,2001-05-04T00:00:00.000Z,186.0,right,Brazil,ST,,20000000.0
860975,10261,Joseph Willock,1999-08-20T00:00:00.000Z,186.0,right,England,CM,"DM,AM,LW",14000000.0
775539,10260,Noussair Mazraoui,1997-11-14T00:00:00.000Z,183.0,right,Morocco,LB,"RB,CB,RWB",18000000.0
1385894,8654,Soungoutou Magassa,2003-10-08T00:00:00.000Z,188.0,right,France,DM,CM,17000000.0
933845,8456,Rayan Aït-Nouri,2001-06-06T00:00:00.000Z,180.0,left,Algeria,LB,LW,40000000.0
821728,9879,Jorge Cuenca,1999-11-17T00:00:00.000Z,190.0,left,Spain,CB,,8000000.0
1341387,8586,Wilson Odobert,2004-11-28T00:00:00.000Z,182.0,right,France,LW,"RW,AM",18000000.0
787350,9885,Douglas Luiz,1998-05-09T00:00:00.000Z,177.0,right,Brazil,DM,"CM,AM",18000000.0
1113690,8650,Conor Bradley,2003-07-09T00:00:00.000Z,181.0,right,Northern Ireland,RB,RM,25000000.0
1559639,10260,Ayden Heaven,2006-09-22T00:00:00.000Z,189.0,left,England,CB,,30000000.0
1087966,10252,Evann Guessand,2001-07-01T00:00:00.000Z,185.0,right,Ivory Coast,RW,"AM,LW,ST",25000000.0
169719,10203,Chris Wood,1991-12-07T00:00:00.000Z,191.0,right,New Zealand,ST,,5000000.0
1035614,10260,Manuel Ugarte,2001-04-11T00:00:00.000Z,182.0,right,Uruguay,DM,CM,25000000.0
786580,8602,Marshall Munetsi,1996-06-22T00:00:00.000Z,187.0,right,Zimbabwe,CM,"DM,AM,RW",15000000.0
258269,10252,Victor Nilsson Lindelöf,1994-07-17T00:00:00.000Z,187.0,right,Sweden,CB,"RB,DM",5000000.0
562724,8678,Lewis Cook,1997-02-03T00:00:00.000Z,175.0,right,England,DM,,11000000.0
794253,8678,Justin Kluivert,1999-05-05T00:00:00.000Z,175.0,both,Netherlands,AM,,25000000.0
1386775,8586,Lucas Bergvall,2006-02-02T00:00:00.000Z,186.0,right,Sweden,CM,"DM,LM,AM,LW",35000000.0
1192166,8602,Rodrigo Gomes,2003-07-07T00:00:00.000Z,171.0,right,Portugal,RWB,"RW,LW",15000000.0
948800,8650,Giorgi Mamardashvili,2000-09-29T00:00:00.000Z,197.0,left,Georgia,GK,,28000000.0
215384,10252,Ross Barkley,1993-12-05T00:00:00.000Z,189.0,right,England,AM,DM,4000000.0
1077975,8191,Armando Broja,2001-09-10T00:00:00.000Z,191.0,right,Albania,ST,RW,5000000.0
1580774,8455,Estêvão,2007-04-24T00:00:00.000Z,176.0,left,Brazil,RW,LW,80000000.0
1227326,8654,Pablo,2004-01-02T00:00:00.000Z,184.0,right,Brazil,ST,"AM,LW",18000000.0
613715,10204,Olivier Boscagli,1997-11-18T00:00:00.000Z,181.0,left,France,CB,,15000000.0
696443,9902,Issa Diop,1997-01-09T00:00:00.000Z,194.0,right,Morocco,CB,,8000000.0
1174337,8456,Savinho,2004-04-10T00:00:00.000Z,176.0,left,Brazil,LW,RW,35000000.0
1258092,10261,William Osula,2003-08-04T00:00:00.000Z,192.0,right,Denmark,ST,,28000000.0
1336751,9826,Justin Devenny,2003-10-11T00:00:00.000Z,177.0,left,Northern Ireland,AM,"LWB,RWB,LM",12000000.0
683402,8455,Tosin Adarabioyo,1997-09-24T00:00:00.000Z,197.0,right,England,CB,,16000000.0
239920,8657,Matt Doherty,1992-01-16T00:00:00.000Z,185.0,right,Ireland,CB,RB,1000000.0
1327319,8472,Chris Rigg,2007-06-18T00:00:00.000Z,175.0,left,England,RW,"DM,AM",25000000.0
182962,9879,Tom Cairney,1991-01-20T00:00:00.000Z,185.0,left,Scotland,DM,,500000.0
1430151,178475,Brajan Gruda,2004-05-31T00:00:00.000Z,178.0,left,Germany,RW,"CM,AM",28000000.0
1391052,9851,Eliezer Mayenda,2005-05-08T00:00:00.000Z,180.0,left,Spain,ST,RW,16000000.0
776151,9825,Ben White,1997-10-08T00:00:00.000Z,186.0,right,England,RB,,30000000.0
839204,8456,Omar Marmoush,1999-02-07T00:00:00.000Z,183.0,right,Egypt,ST,LW,50000000.0
690107,8650,Alexander Isak,1999-09-21T00:00:00.000Z,192.0,right,Sweden,ST,,85000000.0
1406436,9825,Myles Lewis-Skelly,2006-09-26T00:00:00.000Z,178.0,left,England,LB,DM,45000000.0
417068,8695,Nathan Aké,1995-02-18T00:00:00.000Z,180.0,left,Netherlands,CB,LB,12000000.0
1002039,9937,Aaron Hickey,2002-06-10T00:00:00.000Z,185.0,both,Scotland,RB,LB,16000000.0
1128965,8668,Charly Alcaraz,2002-11-30T00:00:00.000Z,183.0,right,Argentina,AM,RW,15000000.0
1030829,8668,Jarrad Branthwaite,2002-06-27T00:00:00.000Z,195.0,left,England,CB,LB,40000000.0
1210384,8668,Merlin Röhl,2002-07-05T00:00:00.000Z,192.0,right,Germany,RW,DM,16000000.0
1400216,8455,Josh Acheampong,2006-05-05T00:00:00.000Z,185.0,right,England,CB,RB,25000000.0
1227012,8472,Simon Adingra,2002-01-01T00:00:00.000Z,175.0,right,Ivory Coast,LW,"LWB,LM,ST",22000000.0
660301,8686,Donyell Malen,1999-01-19T00:00:00.000Z,179.0,right,Netherlands,ST,RW,45000000.0
1315319,773649,Ollie Scarles,2005-12-12T00:00:00.000Z,182.0,left,England,LB,,10000000.0
950830,10260,Joshua Zirkzee,2001-05-22T00:00:00.000Z,193.0,right,Netherlands,ST,,20000000.0
1341475,8586,Antonín Kinsky,2003-03-13T00:00:00.000Z,190.0,right,Czechia,GK,,15000000.0
775614,10203,Ryan Yates,1997-11-21T00:00:00.000Z,190.0,right,England,DM,CM,7000000.0
568571,8650,Joseph Gomez,1997-05-23T00:00:00.000Z,191.0,right,England,CB,RB,13000000.0
157838,9826,Nathaniel Clyne,1991-04-05T00:00:00.000Z,175.0,right,England,RWB,CB,300000.0
195782,10252,Marco Bizot,1991-03-10T00:00:00.000Z,193.0,right,Netherlands,GK,,1500000.0
749736,9825,Kai Havertz,1999-06-11T00:00:00.000Z,193.0,left,Germany,ST,AM,55000000.0
480253,8472,Luke O'Nien,1994-11-21T00:00:00.000Z,183.0,right,England,CB,,700000.0
1187506,9826,Chadi Riad,2003-06-17T00:00:00.000Z,187.0,left,Morocco,CB,,20000000.0
1079539,10203,Dilane Bakwa,2002-08-26T00:00:00.000Z,180.0,right,France,RW,"LM,AM",28000000.0
717176,8463,Daniel James,1997-11-10T00:00:00.000Z,170.0,right,Wales,RW,RWB,10000000.0
1597668,8650,Rio Ngumoha,2008-08-29T00:00:00.000Z,,right,England,LW,,30000000.0
1559637,8668,Harrison Armstrong,2007-01-19T00:00:00.000Z,185.0,right,England,CM,"DM,RW,AM",12000000.0
866967,10260,Altay Bayindir,1998-04-14T00:00:00.000Z,198.0,right,Turkiye,GK,,5000000.0
1107286,8463,Wilfried Gnonto,2003-11-05T00:00:00.000Z,170.0,right,Italy,LW,RWB,16000000.0
666857,10261,Yoane Wissa,1996-09-03T00:00:00.000Z,176.0,right,DR Congo,ST,LW,25000000.0
1203661,8535,Radu Dragusin,2002-02-03T00:00:00.000Z,191.0,right,Romania,CB,,16000000.0
643717,10203,Taiwo Awoniyi,1997-08-12T00:00:00.000Z,183.0,right,Nigeria,ST,,8000000.0
1391209,10203,Jair Cunha,2005-03-07T00:00:00.000Z,198.0,both,Brazil,CB,RB,15000000.0
1113692,8455,Jamie Gittens,2004-08-08T00:00:00.000Z,175.0,right,England,LW,RW,30000000.0
716687,8191,Joe Worrall,1997-01-10T00:00:00.000Z,191.0,right,England,CB,,2000000.0
848667,8592,Angel Gomes,2000-08-31T00:00:00.000Z,168.0,right,England,AM,"DM,CM",10000000.0
955376,8455,Benoît Badiashile,2001-03-26T00:00:00.000Z,194.0,left,France,CB,,15000000.0
671331,10252,Leon Bailey,1997-08-09T00:00:00.000Z,181.0,left,Jamaica,RW,AM,14000000.0
1010733,8602,Ki-Jana Hoever,2002-01-18T00:00:00.000Z,180.0,right,Netherlands,RB,"RWB,RM",3500000.0
576165,9825,Gabriel Jesus,1997-04-03T00:00:00.000Z,175.0,right,Brazil,ST,,17000000.0
922892,8463,Sebastiaan Bornauw,1999-03-22T00:00:00.000Z,191.0,right,Belgium,CB,,8000000.0
749834,10203,John Victor,1996-02-13T00:00:00.000Z,196.0,,Brazil,GK,,5000000.0
860920,9826,Edward Nketiah,1999-05-30T00:00:00.000Z,175.0,right,England,ST,AM,10000000.0
1287010,8472,Nilson Angulo,2003-06-19T00:00:00.000Z,182.0,right,Ecuador,LW,"LWB,LM,RW",17000000.0
276791,8654,Niclas Füllkrug,1993-02-09T00:00:00.000Z,188.0,right,Germany,ST,,3500000.0
1288450,8456,Rico Lewis,2004-11-21T00:00:00.000Z,169.0,right,England,RB,"LB,DM,CM",28000000.0
1123947,8472,Romaine Mundle,2003-04-24T00:00:00.000Z,172.0,right,England,LW,,7000000.0
493647,8654,Adama Traoré,1996-01-25T00:00:00.000Z,178.0,right,Spain,RW,,6000000.0
1200984,8455,Filip Jörgensen,2002-04-16T00:00:00.000Z,190.0,right,Denmark,GK,,15000000.0
1155130,10203,Luca Netz,2003-05-15T00:00:00.000Z,184.0,left,Germany,LWB,LB,8000000.0
1666977,8678,Veljko Milosavljevic,2007-06-28T00:00:00.000Z,192.0,right,Serbia,CB,,20000000.0
1424875,8668,Tyrique George,2006-02-04T00:00:00.000Z,181.0,right,England,ST,"RW,LW",20000000.0
1187213,8456,James Trafford,2002-10-10T00:00:00.000Z,197.0,right,England,GK,,25000000.0
1190867,8455,Roméo Lavia,2004-01-06T00:00:00.000Z,181.0,right,Belgium,DM,CM,22000000.0
1561249,10204,Charalampos Kostoulas,2007-05-30T00:00:00.000Z,185.0,right,Greece,ST,LW,25000000.0
1292833,8668,Tyler Dibling,2006-02-17T00:00:00.000Z,178.0,left,England,RW,,17000000.0
711357,9937,Ethan Pinnock,1993-05-29T00:00:00.000Z,187.0,left,Jamaica,CB,,3000000.0
749661,10252,Tammy Abraham,1997-10-02T00:00:00.000Z,194.0,right,England,ST,,18000000.0
189103,8602,Daniel Bentley,1993-07-13T00:00:00.000Z,188.0,right,England,GK,,800000.0
784510,8650,Federico Chiesa,1997-10-25T00:00:00.000Z,175.0,right,Italy,RW,ST,13000000.0
1186615,8472,Melker Ellborg,2003-05-22T00:00:00.000Z,191.0,,Sweden,GK,,3000000.0
1307639,8191,Max Weiss,2004-06-15T00:00:00.000Z,190.0,right,Germany,GK,,4000000.0
1412137,8455,Marc Guiu,2006-01-04T00:00:00.000Z,187.0,left,Spain,ST,,12000000.0
751649,8463,Jack Harrison,1996-11-20T00:00:00.000Z,175.0,left,England,RW,,6500000.0
1107648,10203,James McAtee,2002-10-18T00:00:00.000Z,180.0,left,England,AM,"DM,CM,RW,LW",18000000.0
1610952,8602,Pedro Lima,2006-07-01T00:00:00.000Z,174.0,right,Brazil,RB,RWB,4000000.0
792540,8463,Joël Piroe,1999-08-02T00:00:00.000Z,181.0,left,Suriname,ST,AM,10000000.0
1112684,8668,Nathan Patterson,2001-10-16T00:00:00.000Z,189.0,right,Scotland,RB,,10000000.0
617310,8592,Nayef Aguerd,1996-03-30T00:00:00.000Z,190.0,left,Morocco,CB,,15000000.0
464486,8678,Enes Ünal,1997-05-10T00:00:00.000Z,185.0,right,Turkiye,forward,,7000000.0
1096400,8455,Levi Colwill,2003-02-26T00:00:00.000Z,187.0,left,England,CB,,50000000.0
582276,8650,Freddie Woodman,1997-03-04T00:00:00.000Z,188.0,right,England,GK,,3000000.0
586768,10267,Guido Rodríguez,1994-04-12T00:00:00.000Z,185.0,right,Argentina,CM,DM,
1573122,8602,Fer López,2004-05-24T00:00:00.000Z,,left,Spain,AM,"DM,CM,RW,ST",
202643,8650,Wataru Endo,1993-02-09T00:00:00.000Z,178.0,right,Japan,DM,CB,4000000.0
1060617,8191,Oliver Sonne,2000-11-10T00:00:00.000Z,184.0,right,Peru,RB,RWB,
1254234,9825,Ethan Nwaneri,2007-03-21T00:00:00.000Z,176.0,left,England,CM,"RW,AM",35000000.0
1296769,1389162,Zach Abbott,2006-05-13T00:00:00.000Z,180.0,right,England,CB,"RB,DM",
863359,10247,Andy Irving,2000-05-13T00:00:00.000Z,190.0,left,Scotland,DM,CM,
1635773,9825,Max Dowman,2009-12-31T00:00:00.000Z,183.0,left,England,CM,"RW,AM",30000000.0
1580704,8305,Christantus Uche,2003-05-19T00:00:00.000Z,190.0,both,Nigeria,ST,,12000000.0
866686,10204,Matthew O'Riley,2000-11-21T00:00:00.000Z,187.0,left,Denmark,DM,"CM,AM",18000000.0
1636513,8586,Souza,2006-06-16T00:00:00.000Z,183.0,,Brazil,LB,LWB,12000000.0
1321562,6379,Diego Coppola,2003-12-28T00:00:00.000Z,192.0,right,Italy,CB,,18000000.0
276121,8586,Ben Davies,1993-04-24T00:00:00.000Z,181.0,left,Wales,LB,CB,3000000.0
1414691,8456,Max Alleyne,2005-07-21T00:00:00.000Z,185.0,both,England,CB,,8000000.0
1203192,8472,Jenson Seelt,2003-05-23T00:00:00.000Z,195.0,right,Netherlands,CB,,5000000.0
1449690,8678,Alex Tóth,2005-10-23T00:00:00.000Z,181.0,right,Hungary,CM,"DM,AM",12000000.0
1423616,10204,Stefanos Tzimas,2006-01-06T00:00:00.000Z,184.0,both,Greece,ST,,18000000.0
418137,8472,Arthur Masuaku,1993-11-07T00:00:00.000Z,179.0,left,DR Congo,LB,"CB,LWB",2000000.0
239219,8456,Mateo Kovacic,1994-05-06T00:00:00.000Z,178.0,right,Croatia,DM,,10000000.0
1458757,9768,Luis Guilherme,2006-02-09T00:00:00.000Z,175.0,left,Brazil,LW,RW,
1212630,9875,Lorenzo Lucca,2000-09-10T00:00:00.000Z,201.0,right,Italy,ST,,20000000.0
748382,9825,Reiss Nelson,1999-12-10T00:00:00.000Z,175.0,right,England,LW,,8000000.0
1624950,773649,Ezra Mayers,2007-01-16T00:00:00.000Z,183.0,left,England,CB,,
963964,8650,Harvey Elliott,2003-04-04T00:00:00.000Z,170.0,left,England,AM,CM,20000000.0
1575707,1070257,Jack Fletcher,2007-03-19T00:00:00.000Z,180.0,left,England,AM,"LB,DM,CM",
1324871,8678,Ben Gannon-Doak,2005-11-11T00:00:00.000Z,176.0,right,Scotland,RW,RM,15000000.0
768331,10204,Igor Julio,1998-02-07T00:00:00.000Z,188.0,left,Brazil,defender,,
266520,9825,Christian Nørgaard,1994-03-10T00:00:00.000Z,185.0,right,Denmark,DM,"CB,CM",5000000.0
963965,9937,Fábio Carvalho,2002-08-30T00:00:00.000Z,170.0,right,Portugal,RM,ST,8000000.0
1426170,8455,Mamadou Sarr,2005-08-29T00:00:00.000Z,194.0,right,Senegal,CB,,22000000.0
622091,9826,Borna Sosa,1998-01-21T00:00:00.000Z,187.0,left,Croatia,LWB,LM,3000000.0
1446616,773678,Harry Howell,2008-04-20T00:00:00.000Z,180.0,left,England,AM,"RM,RW",
502420,9879,Harrison Reed,1995-01-27T00:00:00.000Z,181.0,right,England,DM,,2000000.0
850962,9937,Hákon Rafn Valdimarsson,2001-10-13T00:00:00.000Z,188.0,right,Iceland,GK,,2500000.0
1422586,1267874,Rio Cardines,2006-07-01T00:00:00.000Z,175.0,left,Trinidad and Tobago,RWB,"RB,LWB,RM,CM,RW",300000.0
317564,9825,Kepa Arrizabalaga,1994-10-03T00:00:00.000Z,189.0,right,Spain,GK,,5000000.0
448897,9826,Walter Benítez,1993-01-19T00:00:00.000Z,191.0,right,Argentina,GK,,4000000.0
1095445,10203,Arnaud Kalimuendo-Muinga,2002-01-20T00:00:00.000Z,175.0,right,France,ST,"RW,LW",
856685,8669,Frank Onyeka,1998-01-01T00:00:00.000Z,183.0,right,Nigeria,DM,CM,8000000.0
1430406,8305,Andrés García,2003-02-07T00:00:00.000Z,183.0,right,Spain,forward,,6000000.0
1336566,10204,Facundo Buonanotte,2004-12-23T00:00:00.000Z,174.0,left,Argentina,AM,,12000000.0
1067168,8191,Zeki Amdouni,2000-12-04T00:00:00.000Z,185.0,both,Switzerland,forward,,7000000.0
1529203,773649,Mohamadou Kanté,2005-09-20T00:00:00.000Z,178.0,right,France,DM,CM,
1310131,10204,Tom Watson,2006-04-08T00:00:00.000Z,190.0,right,England,LW,,7000000.0
1532672,9879,Jonah Kusi-Asare,2007-07-04T00:00:00.000Z,196.0,right,Sweden,ST,,3000000.0
1327325,8654,Callum Marshall,2004-11-28T00:00:00.000Z,172.0,left,Northern Ireland,ST,AM,2000000.0
1656860,10252,Alysson Edward,2006-05-05T00:00:00.000Z,184.0,,Brazil,RW,"AM,LW",10000000.0
760746,6603,Angus Gunn,1996-01-22T00:00:00.000Z,196.0,right,Scotland,GK,,1000000.0
1276312,9937,Antoni Milambo,2005-04-03T00:00:00.000Z,175.0,right,Netherlands,CM,AM,15000000.0
1526704,9768,Jesse Derry,2007-06-30T00:00:00.000Z,,,England,LW,RW,
107280,8191,Ashley Barnes,1989-10-30T00:00:00.000Z,186.0,right,England,ST,,150000.0
1428401,9826,Romain Esse,2005-05-13T00:00:00.000Z,178.0,left,England,RW,"AM,LW",10000000.0
1436260,1070257,Shea Lacey,2007-04-14T00:00:00.000Z,167.0,left,England,RW,,
1690655,8472,Jocelin Ta Bi,2005-02-09T00:00:00.000Z,175.0,left,Ivory Coast,RW,,2500000.0
1433230,8657,Romelle Donovan,2006-11-30T00:00:00.000Z,,left,England,RW,,3500000.0
963983,8191,Mike Trésor,1999-05-28T00:00:00.000Z,175.0,right,Belgium,midfielder,,2000000.0
493165,8586,James Maddison,1996-11-23T00:00:00.000Z,175.0,right,England,midfielder,,20000000.0
527549,8658,Patrick Roberts,1997-02-05T00:00:00.000Z,167.0,left,England,RW,RM,4000000.0
1358655,8678,Julio Soler,2005-02-16T00:00:00.000Z,175.0,left,Argentina,LB,"LWB,LM",8000000.0
1463282,860800,Divine Mukasa,2007-08-22T00:00:00.000Z,180.0,left,England,AM,"CM,ST",5000000.0
1239595,8455,Dário Essugo,2005-03-14T00:00:00.000Z,178.0,right,Portugal,midfielder,,15000000.0
1111392,8602,Tawanda Chirewa,2003-10-11T00:00:00.000Z,181.0,right,Zimbabwe,LW,"AM,ST",450000.0
1436258,1070259,Trey Nyoni,2007-06-30T00:00:00.000Z,180.0,right,England,DM,"CB,CM",8000000.0
1607333,1070261,George Hemmings,2007-03-04T00:00:00.000Z,,,England,DM,"CM,AM",
279489,8197,Jamaal Lascelles,1993-11-11T00:00:00.000Z,188.0,right,England,CB,,800000.0
875672,8592,Hamed Traorè,2000-02-16T00:00:00.000Z,184.0,right,Ivory Coast,AM,"DM,LW",15000000.0
1676985,1070257,Tyler Fletcher,2007-03-19T00:00:00.000Z,183.0,right,Scotland,DM,"CM,AM",
1639163,1070261,Bradley Burrowes,2008-03-04T00:00:00.000Z,169.0,right,England,ST,"RB,RW",
1838455,1113554,Jerome Abbey,2009-09-16T00:00:00.000Z,,,Netherlands,midfielder,,
1607328,1113551,Bendito Mantato,2008-01-25T00:00:00.000Z,180.0,left,England,LB,"RW,LW",
1431275,860802,Callum Olusesi,2007-03-11T00:00:00.000Z,175.0,right,England,CM,DM,
982246,8548,Dan Neil,2001-12-13T00:00:00.000Z,185.0,left,England,DM,CM,4500000.0
858198,8602,Sasa Kalajdzic,1997-07-07T00:00:00.000Z,200.0,right,Austria,ST,AM,
1443841,860798,Sean Neave,2007-05-27T00:00:00.000Z,184.0,,England,ST,AM,
1469210,773683,Tom Edozie,2006-05-18T00:00:00.000Z,178.0,right,England,AM,ST,
1327789,8191,Jaydon Banel,2004-10-19T00:00:00.000Z,172.0,right,Netherlands,LW,,1000000.0
1114798,8638,Jota Silva,1999-08-01T00:00:00.000Z,179.0,right,Portugal,LW,,
363318,8463,Sam Byram,1993-09-16T00:00:00.000Z,180.0,right,England,defender,,400000.0
1211806,8654,George Earthy,2004-09-05T00:00:00.000Z,180.0,right,England,AM,RW,1800000.0
1557236,1070261,Jamaldeen Jimoh-Aloba,2006-10-02T00:00:00.000Z,183.0,right,England,AM,"LM,LW",500000.0
1362341,860798,Alex Murphy,2004-06-25T00:00:00.000Z,188.0,left,Republic of Ireland,LB,CB,1500000.0
1697214,8678,Ben Winterburn,2004-09-04T00:00:00.000Z,185.0,right,England,AM,"DM,CM",350000.0
1113753,8586,Dane Scarlett,2004-03-24T00:00:00.000Z,179.0,right,England,ST,,
1700817,9826,Joél Drakes-Thomas,2009-06-09T00:00:00.000Z,,,England,RWB,,
637746,8588,Odsonne Édouard,1998-01-16T00:00:00.000Z,187.0,right,France,ST,,12000000.0
1244376,9826,Kaden Rodney,2004-10-07T00:00:00.000Z,,right,England,DM,"CB,CM",200000.0
759566,9937,Joshua Dasilva,1998-10-23T00:00:00.000Z,184.0,left,England,midfielder,,1500000.0
1403351,1070257,Tyler Fredricson,2005-02-23T00:00:00.000Z,184.0,right,England,CB,,
1531854,860802,James Rowswell,2006-07-13T00:00:00.000Z,188.0,right,England,RB,"CB,LB",
1416710,10253,Joe Knight,2005-09-21T00:00:00.000Z,,right,England,CM,DM,
1113813,8549,Myles Peart-Harris,2002-09-18T00:00:00.000Z,187.0,right,England,LW,AM,900000.0
1413853,9937,Kaye Furo,2007-02-06T00:00:00.000Z,,right,Belgium,ST,,8000000.0
1693398,8586,Junai Byfield,2008-12-06T00:00:00.000Z,,right,England,CB,,
1346113,773652,Shumaira Mheuka,2007-10-20T00:00:00.000Z,182.0,right,England,ST,,
564842,10003,Cameron Burgess,1995-10-21T00:00:00.000Z,194.0,left,Australia,CB,,1500000.0
1187236,10204,Carl Rushworth,2001-07-02T00:00:00.000Z,191.0,left,England,GK,,16000000.0
1526697,773678,Nehemiah Oriola,2007-06-11T00:00:00.000Z,,right,England,LW,"LM,RW,AM,ST",
789578,9902,Dara O'Shea,1999-03-04T00:00:00.000Z,185.0,right,Ireland,CB,,16000000.0
801477,8653,Jamie Cumming,1999-09-04T00:00:00.000Z,186.0,right,England,GK,,1200000.0
1123524,8549,Solomon Brynn,2000-10-30T00:00:00.000Z,184.0,right,England,GK,,9000000.0
478357,8669,Matt Grimes,1995-07-15T00:00:00.000Z,178.0,left,England,DM,CM,5000000.0
1130766,10004,Tristan Crama,2001-11-08T00:00:00.000Z,192.0,right,France,RB,CB,12000000.0
568577,10004,Jake Cooper,1995-02-03T00:00:00.000Z,193.0,left,England,CB,,1800000.0
501380,10003,Lawrence Vigouroux,1993-11-19T00:00:00.000Z,194.0,left,Chile,GK,,450000.0
857434,9850,Vladan Kovacevic,1998-04-11T00:00:00.000Z,193.0,right,Bosnia and Herzegovina,GK,,2500000.0
1077684,8548,Ivor Pandur,2000-03-25T00:00:00.000Z,187.0,right,Croatia,GK,,4500000.0
568573,10170,Matthew Clarke,1996-09-22T00:00:00.000Z,180.0,left,England,CB,,2000000.0
948555,10003,Ben Cabango,2000-05-30T00:00:00.000Z,188.0,right,Wales,CB,,9000000.0
722741,10003,Josh Tymon,1999-05-22T00:00:00.000Z,178.0,left,England,LB,LWB,10000000.0
694558,9841,Dominic Hyam,1995-12-20T00:00:00.000Z,188.0,right,Scotland,CB,,2000000.0
812982,10194,Sorba Thomas,1999-01-25T00:00:00.000Z,185.0,right,Wales,LW,"RB,RWB,RM,RW",14000000.0
447418,8451,Lloyd Jones,1995-10-07T00:00:00.000Z,190.0,right,England,CB,,1200000.0
864266,8655,Sean McLoughlin,1996-11-13T00:00:00.000Z,191.0,left,Ireland,CB,,750000.0
877701,8658,Christoph Klarer,2000-06-14T00:00:00.000Z,191.0,right,Austria,CB,,7000000.0
609733,9902,Darnell Furlong,1995-10-31T00:00:00.000Z,183.0,right,England,RB,,2500000.0
797594,9902,Azor Matusiwa,1998-04-28T00:00:00.000Z,173.0,right,Netherlands,DM,,12000000.0
1074750,8669,Milan van Ewijk,2000-09-08T00:00:00.000Z,175.0,right,Netherlands,RB,RW,22000000.0
648393,8658,Tomoki Iwata,1997-04-07T00:00:00.000Z,176.0,right,Japan,RB,"DM,CM",2000000.0
488960,8653,Michal Helik,1995-09-09T00:00:00.000Z,191.0,right,Poland,CB,,1000000.0
195673,10163,Liam Palmer,1991-09-19T00:00:00.000Z,180.0,right,Scotland,CB,"RB,LWB,RWB,RM,CM",100000.0
600812,8411,Ben Whiteman,1996-06-17T00:00:00.000Z,185.0,right,England,CM,"DM,AM",2000000.0
873018,8657,Japhet Tanganga,1999-03-31T00:00:00.000Z,186.0,right,England,CB,RB,6000000.0
768325,8411,Jordan Storey,1997-09-02T00:00:00.000Z,188.0,right,England,CB,,4500000.0
1265626,9902,Abdul Fatawu,2004-03-08T00:00:00.000Z,177.0,left,Ghana,RW,,20000000.0
966021,8466,Taylor Harwood-Bellis,2002-01-30T00:00:00.000Z,188.0,right,England,CB,,20000000.0
1360352,10260,Radek Vítek,2003-10-24T00:00:00.000Z,198.0,right,Czechia,GK,,6000000.0
748856,8659,Callum Styles,2000-03-27T00:00:00.000Z,167.0,left,Hungary,LB,"LWB,DM,CM",3000000.0
1246270,8659,Isaac Price,2003-09-26T00:00:00.000Z,178.0,right,Northern Ireland,AM,"RWB,RM,LM,RW,LW,ST",12000000.0
982599,8427,Adam Randell,2000-10-01T00:00:00.000Z,175.0,,England,DM,CM,3000000.0
716852,8549,Callum Brittain,1998-03-12T00:00:00.000Z,178.0,right,England,RB,"RWB,RM",7000000.0
582414,8462,Regan Poole,1998-06-18T00:00:00.000Z,178.0,right,Wales,CB,,1000000.0
190851,9850,Kenny McLean,1992-01-08T00:00:00.000Z,183.0,left,Scotland,DM,"LB,CM,RW",400000.0
1127480,8549,Tommy Conway,2002-08-06T00:00:00.000Z,178.0,right,Scotland,ST,"AM,LW",14000000.0
1112701,9841,Max Cleworth,2002-08-09T00:00:00.000Z,191.0,right,Wales,CB,,10000000.0
993022,9817,Imrân Louza,1999-05-01T00:00:00.000Z,178.0,left,Morocco,CM,"DM,AM,ST",14000000.0
631757,9817,Egil Selvik,1997-07-30T00:00:00.000Z,192.0,left,Norway,GK,,1500000.0
759814,8669,Jay Dasilva,1998-04-22T00:00:00.000Z,170.0,left,Wales,LB,,9000000.0
916332,8197,Luke Thomas,2001-06-10T00:00:00.000Z,181.0,left,England,LB,,5000000.0
190666,8549,Luke Ayling,1991-08-25T00:00:00.000Z,185.0,right,England,CB,"RB,LB",350000.0
767173,10172,Jimmy Dunne,1997-10-19T00:00:00.000Z,191.0,right,Ireland,CB,RB,5000000.0
759801,8657,Callum O'Hare,1998-05-01T00:00:00.000Z,175.0,right,England,AM,"CM,LM,LW",5000000.0
948567,8659,Nathaniel Phillips,1997-03-21T00:00:00.000Z,188.0,right,England,CB,,2500000.0
961994,9841,Arthur Okonkwo,2001-09-09T00:00:00.000Z,199.0,right,Nigeria,GK,,5000000.0
1395694,9850,Kellen Fisher,2004-05-05T00:00:00.000Z,182.0,right,England,RB,"LB,RWB,RM",3000000.0
295062,8667,John Egan,1992-10-20T00:00:00.000Z,185.0,right,Ireland,CB,,1000000.0
988074,8655,Yuki Ohashi,1996-07-27T00:00:00.000Z,180.0,right,Japan,ST,AM,1700000.0
1198007,9902,Anis Mehmeti,2001-01-09T00:00:00.000Z,180.0,right,Albania,AM,"CM,LW,ST",15000000.0
1081081,8451,Sonny Carey,2001-01-20T00:00:00.000Z,184.0,,England,CM,"RW,AM,LW,ST",4000000.0
848102,8658,Seung-Ho Paik,1997-03-17T00:00:00.000Z,180.0,right,South Korea,DM,"CM,AM",2000000.0
517663,8462,Colby Bishop,1996-11-04T00:00:00.000Z,180.0,right,England,ST,,1200000.0
668793,10194,Svante Ingelsson,1998-06-14T00:00:00.000Z,189.0,left,Sweden,CM,"DM,AM",1000000.0
1601917,10172,Richard Kone,2003-07-15T00:00:00.000Z,185.0,right,Ivory Coast,ST,AM,8000000.0
1290962,8586,Ashley Phillips,2005-06-26T00:00:00.000Z,192.0,right,Wales,CB,,7000000.0
914399,8669,Liam Kitching,1999-09-25T00:00:00.000Z,190.0,left,England,CB,,14000000.0
131408,8451,Thomas Kaminski,1992-10-23T00:00:00.000Z,187.0,right,Belgium,GK,,1000000.0
746406,8427,Scott Twine,1999-07-14T00:00:00.000Z,174.0,right,England,AM,"CM,RW,LW,ST",14000000.0
982394,8668,Hayden Hackney,2002-06-26T00:00:00.000Z,178.0,right,England,DM,"CM,AM,LW",32000000.0
816368,8653,Ciaron Brown,1998-01-14T00:00:00.000Z,185.0,left,Northern Ireland,CB,LB,1500000.0
1113816,8658,Jay Stansfield,2002-11-24T00:00:00.000Z,187.0,right,England,AM,ST,18000000.0
512013,9902,Christian Walton,1995-11-09T00:00:00.000Z,196.0,left,England,GK,,2500000.0
1420818,8657,Sydie Peck,2004-09-13T00:00:00.000Z,173.0,right,England,DM,CM,14000000.0
212304,8411,Andrew Hughes,1992-06-05T00:00:00.000Z,183.0,left,Wales,CB,,300000.0
1203447,10004,Camiel Neghli,2001-11-06T00:00:00.000Z,179.0,left,Netherlands,AM,"DM,RM,LM,RW,LW",5500000.0
369754,10163,Jamal Lowe,1994-07-21T00:00:00.000Z,183.0,right,Jamaica,ST,"AM,LW",500000.0
435513,8466,Ryan Manning,1996-06-14T00:00:00.000Z,172.0,right,Ireland,LB,"LWB,LM",2800000.0
1052977,10003,Gonçalo Franco,2000-11-17T00:00:00.000Z,176.0,right,Portugal,DM,"CM,AM",4000000.0
1136097,8549,Aidan Morris,2001-11-16T00:00:00.000Z,177.0,right,USA,DM,CM,10000000.0
1187285,8655,Ryan Alebiosu,2001-12-17T00:00:00.000Z,188.0,right,Nigeria,RWB,"RB,RM",1500000.0
617763,8411,Daniel Iversen,1997-07-19T00:00:00.000Z,191.0,right,Denmark,GK,,2500000.0
1096327,8197,Jakub Stolarczyk,2000-12-19T00:00:00.000Z,194.0,right,Poland,GK,,1800000.0
1331703,8667,Charlie Hughes,2003-10-16T00:00:00.000Z,185.0,right,England,CB,,10000000.0
709148,8667,Lewie Coyle,1995-10-15T00:00:00.000Z,173.0,right,England,RB,"LB,RWB",1200000.0
1070973,10170,Dion Sanderson,1999-12-15T00:00:00.000Z,188.0,right,England,CB,,2800000.0
980381,9902,Leif Davis,1999-12-31T00:00:00.000Z,183.0,left,England,LB,,20000000.0
729733,6602,Andre Dozzell,1999-05-02T00:00:00.000Z,178.0,left,England,DM,CM,2000000.0
935502,8659,Aune Selland Heggebø,2001-07-29T00:00:00.000Z,185.0,,Norway,ST,,7000000.0
807930,8667,Regan Slater,1999-09-11T00:00:00.000Z,173.0,right,England,DM,"CM,AM",5500000.0
1431281,8658,James Beadle,2004-07-16T00:00:00.000Z,198.0,,England,GK,,6000000.0
1292335,10172,Amadou Salif Mbengue,2002-01-05T00:00:00.000Z,180.0,,Senegal,RB,CB,2500000.0
539939,8466,James Bree,1997-12-11T00:00:00.000Z,182.0,right,England,RB,"CB,RWB,RW",2500000.0
1178263,8411,Alfie Devine,2004-08-01T00:00:00.000Z,179.0,right,England,CM,"LM,AM",8000000.0
1077926,10194,Ethan Galbraith,2001-05-11T00:00:00.000Z,175.0,right,Northern Ireland,RB,"DM,CM,AM",2500000.0
562593,8653,Cameron Brannagan,1996-05-09T00:00:00.000Z,180.0,right,England,DM,"CM,AM",800000.0
1260020,10003,Ronald Pereira,2001-06-14T00:00:00.000Z,177.0,right,Brazil,RW,RM,3000000.0
439691,8653,Sam Long,1995-01-16T00:00:00.000Z,180.0,right,England,RB,"CB,RWB",300000.0
883079,8466,Finn Azaz,2000-09-07T00:00:00.000Z,185.0,right,Ireland,AM,"CM,LW,RW,ST",20000000.0
820581,8466,Ben Brereton,1999-04-18T00:00:00.000Z,186.0,right,Chile,RW,"RM,LM,AM,LW,ST",5000000.0
861001,8655,Balázs Tóth,1997-09-04T00:00:00.000Z,189.0,,Hungary,GK,,1000000.0
1047586,8659,George Campbell,2001-06-22T00:00:00.000Z,188.0,,USA,RB,CB,2000000.0
914132,8657,Rhys Norrington-Davies,1999-04-22T00:00:00.000Z,181.0,left,Wales,LB,CB,2500000.0
798641,9850,Harry Darling,1999-08-08T00:00:00.000Z,180.0,right,England,CB,,4000000.0
876161,8657,Michael Cooper,1999-10-08T00:00:00.000Z,185.0,,England,GK,,10000000.0
962012,8451,Kayne Ramsay,2000-10-10T00:00:00.000Z,179.0,right,England,CB,RB,1000000.0
658770,8462,Nicolas Schmid,1997-02-22T00:00:00.000Z,195.0,both,Austria,GK,,2000000.0
798654,8669,Ephron Mason-Clark,1999-08-25T00:00:00.000Z,177.0,right,Jamaica,LW,LM,16000000.0
161415,10163,Barry Bannan,1989-12-01T00:00:00.000Z,170.0,left,Scotland,CM,"DM,AM",200000.0
1249531,10003,Zan Vipotnik,2002-03-18T00:00:00.000Z,185.0,both,Slovenia,ST,,22000000.0
1439831,10004,Mihailo Ivanovic,2004-11-29T00:00:00.000Z,187.0,right,Serbia,ST,,9000000.0
798603,10194,Ben Wilmot,1999-11-04T00:00:00.000Z,188.0,right,England,CB,RB,5500000.0
877697,8657,Harrison Burrows,2002-01-12T00:00:00.000Z,168.0,left,England,LB,LWB,10000000.0
430429,8451,Greg Docherty,1996-09-10T00:00:00.000Z,177.0,right,Scotland,CM,"DM,AM",800000.0
1296625,10170,Bobby Clark,2005-02-07T00:00:00.000Z,178.0,right,England,DM,"CM,AM,LW",8000000.0
1386482,10194,Jun-Ho Bae,2003-08-21T00:00:00.000Z,180.0,right,South Korea,AM,CM,4000000.0
917830,10172,Nicolas Madsen,2000-03-17T00:00:00.000Z,190.0,right,Denmark,DM,CM,5000000.0
1338978,8451,Tyreece Campbell,2003-09-14T00:00:00.000Z,177.0,right,Jamaica,LW,"RW,AM,ST",1500000.0
1161885,8669,Bobby Thomas,2001-01-30T00:00:00.000Z,186.0,right,England,CB,,16000000.0
789645,8427,Emil Riis Jakobsen,1998-06-24T00:00:00.000Z,190.0,right,Denmark,ST,,6000000.0
613892,10170,Joe Ward,1995-08-22T00:00:00.000Z,167.0,right,England,RB,"RWB,RM",600000.0
770256,8451,Conor Coventry,2000-03-25T00:00:00.000Z,175.0,right,Ireland,DM,CM,2000000.0
660170,9841,George Dobson,1997-11-15T00:00:00.000Z,185.0,right,England,CM,"DM,AM",1500000.0
1183512,10194,Million Manhoef,2002-01-03T00:00:00.000Z,179.0,left,Netherlands,RW,AM,7000000.0
509151,8667,Oli McBurnie,1996-06-04T00:00:00.000Z,188.0,right,Scotland,ST,,5000000.0
759563,9817,Marc Bola,1997-12-09T00:00:00.000Z,185.0,left,England,LB,"LWB,LM",1500000.0
789574,8659,Jayson Molumby,1999-08-06T00:00:00.000Z,176.0,right,Ireland,DM,"RM,CM",3500000.0
968936,9817,Matthew Pollock,2001-09-28T00:00:00.000Z,190.0,right,England,CB,,2000000.0
1417094,8549,Will Lankshear,2005-04-20T00:00:00.000Z,179.0,right,England,ST,AM,7000000.0
1014602,10170,Jacob Widell Zetterström,1998-07-11T00:00:00.000Z,195.0,right,Sweden,GK,,2500000.0
1207954,9841,Callum Doyle,2003-10-03T00:00:00.000Z,185.0,left,England,CB,,12000000.0
306128,8197,Ricardo Pereira,1993-10-06T00:00:00.000Z,175.0,right,Portugal,RB,,1500000.0
1381571,8600,Luca Kjerrumgaard,2003-02-09T00:00:00.000Z,190.0,,Denmark,ST,,8000000.0
700683,8548,Ross McCrorie,1998-03-18T00:00:00.000Z,190.0,right,Scotland,RWB,"RB,LWB,RM",3000000.0
956161,8463,Joe Gelhardt,2002-05-04T00:00:00.000Z,179.0,left,England,AM,"RW,ST",14000000.0
1190030,8411,Odel Offiah,2002-10-26T00:00:00.000Z,181.0,right,England,CB,"RB,RWB,RM,RW",2500000.0
768169,8658,Phil Neumann,1997-07-08T00:00:00.000Z,190.0,right,Germany,CB,,2500000.0
1083185,10004,Femi Azeez,2001-06-05T00:00:00.000Z,181.0,left,Nigeria,RW,"RM,LW,ST",15000000.0
488624,8659,Alex Mowatt,1995-02-13T00:00:00.000Z,177.0,left,England,DM,CM,1300000.0
538329,8462,Ebou Adams,1996-01-15T00:00:00.000Z,181.0,right,Gambia,DM,"CM,AM",700000.0
1439800,10170,Patrick Agyemang,2000-11-07T00:00:00.000Z,193.0,right,USA,ST,"AM,LW",10000000.0
1051415,8427,Jason Knight,2001-02-13T00:00:00.000Z,179.0,right,Ireland,DM,"RB,CB,CM",7000000.0
1328857,8466,Caspar Jander,2003-03-23T00:00:00.000Z,176.0,right,Germany,DM,"CM,AM",18000000.0
917628,8549,Neto Borges,1996-09-13T00:00:00.000Z,183.0,left,Brazil,CB,"LB,LWB,LM",2500000.0
719581,9841,Zak Vyner,1997-05-14T00:00:00.000Z,187.0,right,Kenya,CB,"DM,CM",3000000.0
621182,8427,Rob Dickie,1996-03-03T00:00:00.000Z,191.0,right,England,CB,,1500000.0
1026833,9850,Pelle Mattsson,2001-08-04T00:00:00.000Z,181.0,right,Denmark,DM,CM,4000000.0
215387,8466,Jack Stephens,1994-01-27T00:00:00.000Z,185.0,right,England,CB,,1000000.0
1081288,8549,Morgan Whittaker,2001-01-07T00:00:00.000Z,183.0,left,England,RW,"RM,AM,LW,ST",18000000.0
471271,8451,Amari'i Bell,1994-05-05T00:00:00.000Z,180.0,left,Jamaica,CB,"LWB,LM",800000.0
469202,9841,Kieffer Moore,1992-08-08T00:00:00.000Z,195.0,right,Wales,ST,,1300000.0
914134,9841,Lewis O'Brien,1998-10-14T00:00:00.000Z,173.0,left,England,AM,"DM,CM",6000000.0
759580,8197,Stephy Mavididi,1998-05-31T00:00:00.000Z,180.0,right,England,LW,,5000000.0
1055136,8655,Ryoya Morishita,1997-04-11T00:00:00.000Z,170.0,right,Japan,AM,"DM,CM,RW,LW,ST",2000000.0
528214,10163,Dominic Iorfa,1995-06-24T00:00:00.000Z,188.0,right,England,CB,,250000.0
873014,8197,Oliver Skipp,2000-09-16T00:00:00.000Z,185.0,right,England,DM,,4000000.0
844943,8466,Flynn Downes,1999-01-20T00:00:00.000Z,172.0,right,England,DM,CM,10000000.0
1098752,8466,Lewis Dobbin,2003-01-03T00:00:00.000Z,175.0,left,England,ST,AM,7000000.0
982624,9817,Jeremy Ngakia,2000-09-07T00:00:00.000Z,182.0,right,DR Congo,RB,"RWB,RM",3000000.0
205893,8197,Jannik Vestergaard,1992-08-03T00:00:00.000Z,199.0,left,Denmark,CB,,1000000.0
528436,8462,Connor Ogilvie,1996-02-14T00:00:00.000Z,184.0,left,England,LB,CB,500000.0
1269329,8600,James Abankwah,2004-01-16T00:00:00.000Z,188.0,right,Ireland,CB,"RB,LB",3500000.0
848268,8669,Haji Wright,1998-03-27T00:00:00.000Z,193.0,right,USA,ST,,16000000.0
760398,9902,Cédric Kipré,1996-12-09T00:00:00.000Z,196.0,right,Ivory Coast,CB,,2000000.0
528453,8529,Harry Winks,1996-02-02T00:00:00.000Z,178.0,right,England,DM,,2500000.0
1124212,9841,George Thomason,2001-01-12T00:00:00.000Z,177.0,left,England,LWB,"CM,LM",2500000.0
997560,8657,Femi Seriki,2002-04-28T00:00:00.000Z,180.0,right,England,RB,,5000000.0
1367703,8462,Terry Devlin,2003-11-06T00:00:00.000Z,180.0,right,Northern Ireland,RB,"RWB,RM",4000000.0
1254762,8653,Stanley Mills,2003-10-25T00:00:00.000Z,180.0,,England,RW,"RM,AM,LW",1000000.0
1134508,10194,Tatsuki Seko,1997-12-22T00:00:00.000Z,175.0,right,Japan,DM,,1000000.0
280507,8667,Matt Crooks,1994-01-20T00:00:00.000Z,183.0,right,England,DM,"CM,AM,ST",700000.0
1668969,10163,Gabriel Otegbayo,2005-02-11T00:00:00.000Z,193.0,right,Ireland,CB,,800000.0
1077922,8427,George Tanner,1999-11-16T00:00:00.000Z,181.0,right,England,CB,"RB,RWB",2500000.0
775355,8657,Gustavo Hamer,1997-06-24T00:00:00.000Z,169.0,right,Netherlands,LW,"CM,LM,AM",14000000.0
909803,9817,Edo Kayembe,1998-06-03T00:00:00.000Z,183.0,left,DR Congo,CM,"DM,AM,ST",4000000.0
1209597,10003,Marko Stamenic,2002-02-19T00:00:00.000Z,188.0,right,New Zealand,DM,CM,3000000.0
1195277,8411,Thierry Small,2004-08-01T00:00:00.000Z,177.0,,England,LM,"LWB,RM",7000000.0
1025603,8669,Tatsuhiro Sakamoto,1996-10-22T00:00:00.000Z,170.0,right,Japan,RW,RM,4500000.0
933635,8667,Ryan Giles,2000-01-26T00:00:00.000Z,179.0,left,England,LB,LWB,12000000.0
953859,8466,Nathan Wood,2002-05-31T00:00:00.000Z,188.0,right,England,CB,,10000000.0
1107283,10003,Ji-Sung Eom,2002-05-09T00:00:00.000Z,174.0,right,South Korea,LW,"LM,RW",1800000.0
434498,8472,Alan Browne,1995-04-15T00:00:00.000Z,179.0,right,Ireland,DM,"RB,RM,CM,AM",2000000.0
1396784,9850,Andre Brooks,2003-08-20T00:00:00.000Z,180.0,left,Jamaica,RW,"RM,AM",6000000.0
1118483,8466,Tom Fellows,2003-07-25T00:00:00.000Z,181.0,right,England,RW,"RWB,RM,LW",8000000.0
1202769,8466,Léo Scienza,1998-09-13T00:00:00.000Z,175.0,both,Brazil,LW,"LM,AM",12000000.0
951953,8659,Ousmane Diakité,2000-07-25T00:00:00.000Z,189.0,right,Mali,DM,CM,1200000.0
492589,10163,Max Lowe,1997-05-11T00:00:00.000Z,175.0,left,England,CB,,1800000.0
465909,9841,Josh Windass,1994-01-09T00:00:00.000Z,175.0,right,England,AM,ST,1000000.0
310785,8655,Sondre Tronstad,1995-08-26T00:00:00.000Z,168.0,right,Norway,DM,,1000000.0
914402,9902,Jack Clarke,2000-11-23T00:00:00.000Z,181.0,right,England,LW,RW,20000000.0
1421813,10004,Zak Sturge,2004-06-15T00:00:00.000Z,188.0,left,England,LB,,4000000.0
1250510,10172,Jonathan Varane,2001-09-09T00:00:00.000Z,175.0,,Martinique,DM,CM,2500000.0
605647,8197,Conor Chaplin,1997-02-16T00:00:00.000Z,168.0,left,England,AM,RW,2200000.0
1006676,8197,Memeh Caleb Okoli,2001-07-13T00:00:00.000Z,191.0,right,Italy,CB,RB,9000000.0
845985,8669,Victor Torp,1999-07-30T00:00:00.000Z,184.0,right,Denmark,DM,"CM,AM",14000000.0
766622,8659,Michael Johnston,1999-04-19T00:00:00.000Z,179.0,left,Ireland,LW,"RM,RW,AM",4000000.0
1184465,8549,Kyle Joseph,2001-09-10T00:00:00.000Z,186.0,right,Scotland,ST,"RW,LW",6000000.0
492586,8658,Demarai Gray,1996-06-28T00:00:00.000Z,180.0,right,Jamaica,LW,"LM,RW",3500000.0
1099974,8456,Issa Kaboré,2001-05-12T00:00:00.000Z,180.0,right,Burkina Faso,RWB,"RB,RM",4000000.0
1265460,8462,Adrian Segecic,2004-06-01T00:00:00.000Z,173.0,left,Croatia,RW,"AM,LW",4500000.0
154280,8197,Jordan Ayew,1991-09-11T00:00:00.000Z,182.0,right,Ghana,ST,LW,1000000.0
1223132,9850,José Córdoba,2001-06-03T00:00:00.000Z,187.0,left,Panama,CB,,5000000.0
939390,8466,Gavin Bazunu,2002-02-20T00:00:00.000Z,189.0,right,Ireland,GK,,8000000.0
546252,10194,Viktor Johansson,1998-09-14T00:00:00.000Z,186.0,right,Sweden,GK,,12000000.0
1437876,10163,Sean Fusire,2005-05-31T00:00:00.000Z,181.0,right,Zimbabwe,RWB,"RM,CM,AM",900000.0
1039566,8653,Brian De Keersmaecker,2000-05-06T00:00:00.000Z,182.0,right,Belgium,DM,"CM,AM",2500000.0
789556,10170,Lewis Travis,1997-10-16T00:00:00.000Z,183.0,right,England,DM,CM,1800000.0
1129081,9902,Marcelino Núñez,2000-03-01T00:00:00.000Z,173.0,right,Chile,AM,DM,14000000.0
1194286,10004,Caleb Taylor,2003-01-14T00:00:00.000Z,188.0,,England,CB,,5000000.0
1086713,8462,Zak Swanson,2000-09-28T00:00:00.000Z,189.0,right,England,LB,"RB,CB",1200000.0
173408,9841,Matthew James,1991-07-22T00:00:00.000Z,181.0,right,England,DM,CM,200000.0
1121314,10172,Ronnie Edwards,2003-03-28T00:00:00.000Z,180.0,right,England,CB,RB,5000000.0
688991,10004,Casper de Norre,1997-02-07T00:00:00.000Z,175.0,right,Belgium,DM,,2000000.0
872974,8411,Lewis Gibson,2000-07-19T00:00:00.000Z,185.0,left,England,CB,,2500000.0
610270,8430,Callum Elder,1995-01-27T00:00:00.000Z,180.0,left,Australia,LWB,"LB,LM",400000.0
1220583,8653,Jack Currie,2001-12-16T00:00:00.000Z,175.0,,England,LB,LWB,900000.0
183420,8462,Marlon Pack,1991-03-25T00:00:00.000Z,188.0,right,England,DM,,100000.0
789507,9902,Jack Taylor,1998-06-23T00:00:00.000Z,185.0,right,Ireland,DM,,3000000.0
1355258,9850,Ruairi McConville,2005-05-01T00:00:00.000Z,193.0,right,Northern Ireland,CB,,3000000.0
1029024,8655,Lewis Miller,2000-08-24T00:00:00.000Z,189.0,right,Australia,CB,"RB,RWB",1200000.0
1180500,10172,Harvey Vale,2003-09-11T00:00:00.000Z,181.0,left,Ireland,RM,"RW,AM,ST",4000000.0
1367702,8653,Brodie Spencer,2004-05-06T00:00:00.000Z,182.0,right,Northern Ireland,RB,"CB,LB,RWB,LWB",1500000.0
156013,8676,Steve Cook,1991-04-19T00:00:00.000Z,185.0,right,England,CB,,200000.0
552569,10004,Mark Sykes,1997-08-04T00:00:00.000Z,182.0,right,Ireland,RWB,"RM,RW",1800000.0
1420266,9841,Bailey Cadamarteri,2005-05-09T00:00:00.000Z,185.0,,Jamaica,ST,LW,2000000.0
639558,10188,Amir Hadziahmetovic,1997-03-08T00:00:00.000Z,179.0,right,Bosnia and Herzegovina,DM,AM,4000000.0
1030830,8669,Jack Rudoni,2001-06-14T00:00:00.000Z,185.0,left,England,AM,DM,20000000.0
562725,10170,Carlton Morris,1995-12-16T00:00:00.000Z,185.0,right,England,ST,AM,4500000.0
750033,9902,George Hirst,1999-02-15T00:00:00.000Z,191.0,right,Scotland,ST,,10000000.0
1276045,10194,Bosun Lawal,2003-05-30T00:00:00.000Z,180.0,right,Ireland,CB,"RB,LB,DM,RW",3000000.0
1310975,9851,Jordan James,2004-07-02T00:00:00.000Z,182.0,right,Wales,DM,"CM,AM",12000000.0
1235431,9817,Kévin Keben,2004-01-26T00:00:00.000Z,187.0,right,Cameroon,CB,LB,3500000.0
1045656,10163,Billy Mitchell,2001-04-07T00:00:00.000Z,178.0,right,England,DM,CM,3000000.0
969252,10194,Joshua Griffiths,2001-09-05T00:00:00.000Z,198.0,right,England,GK,,2000000.0
1281452,8466,Shea Charles,2003-11-05T00:00:00.000Z,189.0,right,Northern Ireland,DM,CM,15000000.0
644459,9790,Patson Daka,1998-10-09T00:00:00.000Z,183.0,right,Zambia,ST,,3000000.0
789593,8655,Todd Cantwell,1998-02-27T00:00:00.000Z,177.0,right,England,AM,,2500000.0
1375019,9850,Oscar Schwartau,2006-05-17T00:00:00.000Z,186.0,right,Denmark,LW,"RW,AM",7000000.0
315201,10004,Max Crocombe,1993-08-12T00:00:00.000Z,194.0,right,New Zealand,GK,,1000000.0
1076693,8528,Joe Walsh,2002-04-01T00:00:00.000Z,180.0,right,England,GK,,1500000.0
679315,8484,Macaulay Gillesphey,1995-11-24T00:00:00.000Z,180.0,left,England,CB,,400000.0
1137393,10163,Charlie McNeill,2003-09-09T00:00:00.000Z,182.0,right,England,AM,"CM,RW,ST",800000.0
1079103,9902,Jacob Greaves,2000-09-12T00:00:00.000Z,193.0,left,England,CB,LB,14000000.0
789596,10192,Yan Valery,1999-02-22T00:00:00.000Z,180.0,right,Tunisia,RB,"CB,RWB,DM,RM,CM",
877763,10003,Josh Key,1999-11-19T00:00:00.000Z,178.0,right,England,RB,RWB,1200000.0
1213403,10194,Junior Tchamadeu,2003-12-22T00:00:00.000Z,180.0,right,Cameroon,RB,RM,2500000.0
886155,9841,Ryan Longman,2000-11-06T00:00:00.000Z,177.0,right,England,RWB,"LWB,RM,LM,RW",2500000.0
1524716,10203,Tyler Bindon,2005-01-27T00:00:00.000Z,188.0,right,New Zealand,CB,,3500000.0
1389994,8451,Miles Leaburn,2003-11-28T00:00:00.000Z,195.0,,England,ST,,800000.0
1253827,8678,Daniel Jebbison,2003-08-13T00:00:00.000Z,190.0,right,Canada,ST,,6000000.0
1327214,9817,Nestory Irankunda,2006-02-09T00:00:00.000Z,175.0,right,Australia,ST,"RM,LM,LW",10000000.0
564794,9850,Jack Stacey,1996-04-06T00:00:00.000Z,180.0,right,England,RB,RWB,1800000.0
886874,8411,Pol Valentín,1997-02-21T00:00:00.000Z,181.0,right,Spain,RM,"RWB,RW",600000.0
968935,10172,Rumarn Burrell,2000-12-16T00:00:00.000Z,184.0,,Jamaica,ST,AM,6000000.0
1089645,9902,Jaden Philogene-Bidace,2002-02-08T00:00:00.000Z,181.0,right,England,LW,,
155782,10194,Aaron Cresswell,1989-12-15T00:00:00.000Z,170.0,left,England,LB,CB,300000.0
982361,8655,Taylor Gardner-Hickman,2001-12-30T00:00:00.000Z,188.0,,England,DM,RWB,2000000.0
950861,10172,Koki Saito,2001-08-10T00:00:00.000Z,170.0,both,Japan,LM,"RW,AM,LW",3200000.0
343757,8658,Marvin Ducksch,1994-03-07T00:00:00.000Z,186.0,right,Germany,ST,AM,1500000.0
1127585,10170,Sondre Klingen Langås,2001-02-02T00:00:00.000Z,190.0,right,Norway,CB,RB,4000000.0
1127305,10204,Eiran Cashin,2001-11-09T00:00:00.000Z,184.0,left,Ireland,CB,LB,5000000.0
848011,56453,Josh Sargent,2000-02-20T00:00:00.000Z,185.0,right,USA,ST,,
768635,8451,Lyndon Dykes,1995-10-07T00:00:00.000Z,188.0,right,Scotland,ST,,800000.0
819762,8659,Chris Mepham,1997-11-05T00:00:00.000Z,191.0,right,Wales,CB,,3000000.0
760329,9841,Nathan Broadhead,1998-04-05T00:00:00.000Z,178.0,right,Wales,AM,"CM,ST",7000000.0
433956,8653,Will Vaulks,1993-09-13T00:00:00.000Z,180.0,right,Wales,DM,,400000.0
1330872,9826,David Ozoh,2005-05-06T00:00:00.000Z,183.0,right,England,DM,CM,2200000.0
1076138,9817,Hector Kyprianou,2001-05-27T00:00:00.000Z,189.0,right,Cyprus,CM,"CB,DM",1500000.0
1187317,8197,Ben Nelson,2004-03-18T00:00:00.000Z,187.0,right,England,CB,LB,1500000.0
807728,8657,Tyrese Campbell,1999-12-28T00:00:00.000Z,185.0,left,England,ST,,7000000.0
789598,8549,Alfie Jones,1997-10-07T00:00:00.000Z,191.0,right,Canada,CB,,6000000.0
940442,8602,Tommy Doyle,2001-10-17T00:00:00.000Z,172.0,right,England,DM,,7000000.0
1430832,10260,Harry Amass,2007-03-16T00:00:00.000Z,181.0,left,England,LM,LWB,
496732,8659,Max O'Leary,1996-10-10T00:00:00.000Z,189.0,right,Ireland,GK,,2000000.0
712737,10172,Paul Smyth,1997-09-10T00:00:00.000Z,175.0,right,Northern Ireland,LM,"RM,LW",800000.0
610267,10194,Ben Pearson,1995-01-04T00:00:00.000Z,166.0,right,England,DM,CM,700000.0
776184,8669,Brandon Thomas-Asante,1998-12-29T00:00:00.000Z,180.0,right,Ghana,RW,"AM,LW,ST",16000000.0
689302,9841,Ben Sheaf,1998-02-05T00:00:00.000Z,185.0,right,England,DM,CM,7000000.0
894804,8427,Robert Atkinson,1998-07-13T00:00:00.000Z,193.0,left,England,CB,,2500000.0
940594,8549,David Strelec,2001-04-04T00:00:00.000Z,185.0,left,Slovakia,ST,,8000000.0
1096389,9853,Thierno Ballo,2002-01-02T00:00:00.000Z,173.0,right,Austria,LW,"RW,AM,ST",6000000.0
932308,8667,Liam Millar,1999-09-27T00:00:00.000Z,185.0,right,Canada,LW,"LWB,LM,AM",5000000.0
1218243,8549,Adilson Malanda,2001-10-29T00:00:00.000Z,194.0,right,France,CB,,8000000.0
664826,8658,Dael Fry,1997-08-30T00:00:00.000Z,181.0,right,England,CB,,4000000.0
1109477,8657,Mark McGuinness,2001-01-05T00:00:00.000Z,194.0,right,Ireland,CB,,7000000.0
1123949,10194,Eric Bocat,1999-07-16T00:00:00.000Z,168.0,left,France,LB,LWB,
262550,8197,Bobby Reid,1993-02-02T00:00:00.000Z,170.0,right,Jamaica,AM,"DM,LW",
302241,8657,Patrick Bamford,1993-09-05T00:00:00.000Z,185.0,left,England,ST,,1000000.0
949321,8466,Daniel Peretz,2000-07-10T00:00:00.000Z,187.0,right,Israel,GK,,4000000.0
837847,8600,Giorgi Chakvetadze,1999-08-29T00:00:00.000Z,184.0,right,Georgia,LM,"AM,LW,ST",3500000.0
1203946,10171,Iván Azon,2002-12-24T00:00:00.000Z,182.0,right,Spain,ST,,5000000.0
491827,9902,Sammie Szmodics,1995-09-24T00:00:00.000Z,168.0,right,Ireland,AM,,3500000.0
936603,8411,Milutin Osmajic,1999-07-25T00:00:00.000Z,186.0,both,Montenegro,ST,,3000000.0
768697,8462,Jordan Williams,1999-10-22T00:00:00.000Z,179.0,right,England,RB,LB,800000.0
1113907,10004,Josh Coburn,2002-12-06T00:00:00.000Z,193.0,right,England,ST,AM,7000000.0
928440,8411,Alistair McCann,1999-12-04T00:00:00.000Z,176.0,right,Northern Ireland,CM,"DM,AM",2200000.0
1662406,8655,Moussa Baradji,2000-11-20T00:00:00.000Z,,,Mali,DM,"CM,AM",2000000.0
872996,10003,Liam Cullen,1999-04-23T00:00:00.000Z,178.0,left,Wales,AM,"RM,CM,ST",3200000.0
1113736,8657,Thomas Cannon,2002-12-28T00:00:00.000Z,180.0,right,Ireland,ST,RW,7000000.0
1406475,8456,Jaden Heskey,2005-12-17T00:00:00.000Z,180.0,left,England,DM,"CM,AM",300000.0
1248057,8653,Aidomo Emakhu,2003-10-26T00:00:00.000Z,180.0,right,Ireland,LW,"RM,LM,RW",1000000.0
1420144,10172,Pierce Charles,2005-07-21T00:00:00.000Z,186.0,right,Northern Ireland,GK,,900000.0
1252072,10194,Lamine Cissé,2003-02-15T00:00:00.000Z,178.0,right,France,ST,"RW,LW",3000000.0
1579845,9817,Mamadou Doumbia,2006-02-18T00:00:00.000Z,192.0,left,Mali,ST,AM,4000000.0
1152435,10194,Tomás Rigo,2002-07-03T00:00:00.000Z,184.0,right,Slovakia,DM,"CM,AM",4000000.0
289137,10170,Charlie Taylor,1993-09-18T00:00:00.000Z,176.0,left,England,CB,LB,1200000.0
410836,8667,Semi Ajayi,1993-11-09T00:00:00.000Z,193.0,right,Nigeria,CB,,700000.0
541822,8462,John Swift,1995-06-23T00:00:00.000Z,182.0,right,England,AM,"DM,RW",800000.0
1579894,9817,Othmane Maamma,2005-10-06T00:00:00.000Z,182.0,right,Morocco,RW,"RM,LM,LW",8000000.0
1203658,860800,Divin Mubama,2004-10-25T00:00:00.000Z,182.0,left,England,ST,,6000000.0
904710,8549,Delano Burgzorg,1998-11-07T00:00:00.000Z,186.0,right,Suriname,LW,"AM,ST",3000000.0
586467,8451,Karlan Grant,1997-09-18T00:00:00.000Z,183.0,right,England,LW,LM,1800000.0
982284,8669,Ellis Simms,2001-01-05T00:00:00.000Z,191.0,right,England,ST,,12000000.0
1307663,1925,Sinclair Armstrong,2003-06-22T00:00:00.000Z,182.0,right,Ireland,ST,,2500000.0
1286796,9850,Jovon Makama,2004-02-01T00:00:00.000Z,184.0,,England,RW,ST,8000000.0
445511,8411,Liam Lindsay,1995-10-12T00:00:00.000Z,193.0,right,Scotland,CB,,1000000.0
1119806,8346,Millenic Alli,2000-02-06T00:00:00.000Z,,right,Ireland,LW,"LWB,RW,AM",1500000.0
618718,8658,Bright Osayi-Samuel,1997-12-31T00:00:00.000Z,175.0,right,Nigeria,RB,,4000000.0
611489,8655,Ryan Hedges,1995-07-08T00:00:00.000Z,185.0,left,Wales,LWB,"RW,LW",700000.0
1050161,8655,Andri Gudjohnsen,2002-01-29T00:00:00.000Z,188.0,right,Iceland,ST,,2800000.0
1351566,10003,Melker Widell,2002-04-19T00:00:00.000Z,181.0,right,Sweden,AM,LW,1800000.0
791416,9841,Sam Smith,1998-03-08T00:00:00.000Z,185.0,right,England,ST,,1200000.0
429955,9752,John Lundstram,1994-02-18T00:00:00.000Z,181.0,right,England,DM,,1300000.0
1052689,10172,Karamoko Dembélé,2003-02-22T00:00:00.000Z,160.0,left,England,RW,"RM,LW",2000000.0
877690,8658,Alexander Cochrane,2000-04-21T00:00:00.000Z,175.0,left,England,LB,,2500000.0
982745,8451,Charlie Kelman,2001-11-02T00:00:00.000Z,180.0,right,England,ST,,2500000.0
791805,8659,Josh Maja,1998-12-27T00:00:00.000Z,180.0,right,Nigeria,ST,,4500000.0
210128,9817,Nampalys Mendy,1992-06-23T00:00:00.000Z,167.0,right,Senegal,CM,DM,700000.0
890346,8427,Cameron Pring,1998-01-22T00:00:00.000Z,185.0,left,England,LB,"CB,LWB",2000000.0
1086712,9902,Harry Clarke,2001-03-02T00:00:00.000Z,180.0,right,England,RM,"RB,RWB,AM",2500000.0
962000,8669,Josh Eccles,2000-04-06T00:00:00.000Z,181.0,right,England,AM,"DM,CM",9000000.0
291643,8583,Paul Nardi,1994-05-18T00:00:00.000Z,186.0,right,France,GK,,1200000.0
614956,8655,Yuri Ribeiro,1997-01-24T00:00:00.000Z,174.0,left,Portugal,LB,"LWB,LM",800000.0
728123,8197,Hamza Choudhury,1997-10-01T00:00:00.000Z,178.0,right,Bangladesh,RB,DM,4000000.0
733486,8549,Riley McGree,1998-11-02T00:00:00.000Z,178.0,left,Australia,AM,"DM,LM,RW,LW",3500000.0
496563,8657,Jairo Riedewald,1996-09-09T00:00:00.000Z,182.0,left,Netherlands,DM,CM,1800000.0
489627,8351,Isaac Hayden,1995-03-22T00:00:00.000Z,185.0,right,Jamaica,CM,DM,400000.0
1307961,9902,Sindre Walle Egeli,2006-06-21T00:00:00.000Z,,left,Norway,RW,ST,15000000.0
608535,8346,Jerry Yates,1996-11-10T00:00:00.000Z,175.0,right,England,ST,,1300000.0
748456,9850,Sam Field,1998-05-08T00:00:00.000Z,191.0,left,England,DM,LB,2500000.0
199276,9818,Michael Smith,1991-10-17T00:00:00.000Z,193.0,right,England,ST,,150000.0
841150,10170,Rhian Brewster,2000-04-01T00:00:00.000Z,180.0,right,England,LW,"AM,ST",2500000.0
198265,10004,Ryan Leonard,1992-05-24T00:00:00.000Z,185.0,right,England,RB,,250000.0
962046,8667,Cody Drameh,2001-12-08T00:00:00.000Z,175.0,right,England,RB,"RWB,RW",3000000.0
1592161,10172,Kieran Morgan,2006-03-17T00:00:00.000Z,185.0,,England,CM,"RB,DM,AM",1500000.0
956169,10004,Alfie Doughty,1999-12-21T00:00:00.000Z,183.0,left,England,LB,DM,5000000.0
862284,191716,Kai Wagner,1997-02-15T00:00:00.000Z,182.0,left,Germany,LB,,2200000.0
1520401,9903,Tommy Simkin,2004-12-08T00:00:00.000Z,,,England,GK,,1000000.0
1364042,1070259,Lewis Koumas,2005-09-19T00:00:00.000Z,,right,Wales,LW,"AM,ST",4000000.0
823127,282326,Macaulay Langstaff,1997-02-03T00:00:00.000Z,179.0,right,England,AM,"RW,ST",700000.0
202181,8658,Jack Robinson,1993-09-01T00:00:00.000Z,180.0,left,England,CB,LB,350000.0
1197626,9826,Tayo Adaramola,2003-11-14T00:00:00.000Z,177.0,left,Republic of Ireland,LB,"CB,LWB,LM,LW",800000.0
693575,9841,Dan Scarr,1994-12-24T00:00:00.000Z,188.0,right,England,CB,,350000.0
1081241,9850,Benjamin Chrisene,2004-01-12T00:00:00.000Z,183.0,left,England,LB,CB,2000000.0
1359536,9850,Ali Ahmed,2000-10-10T00:00:00.000Z,180.0,right,Canada,LW,LM,5000000.0
247761,9841,Conor Coady,1993-02-25T00:00:00.000Z,185.0,right,England,CB,"DM,CM",1000000.0
1368061,10252,Samuel Iling-Junior,2003-10-04T00:00:00.000Z,182.0,left,England,RW,LWB,6500000.0
863822,8669,Joel Latibeaudiere,2000-01-06T00:00:00.000Z,180.0,right,Jamaica,CB,RB,3000000.0
1113915,9902,Kasey McAteer,2001-11-22T00:00:00.000Z,179.0,right,Ireland,RW,,10000000.0
1231794,8427,Noah Eile,2002-07-19T00:00:00.000Z,195.0,,Sweden,CB,,4000000.0
968912,8472,Anthony Patterson,2000-05-10T00:00:00.000Z,189.0,right,England,GK,,8000000.0
551961,8411,Andrija Vukcevic,1996-10-11T00:00:00.000Z,180.0,left,Montenegro,LB,"CB,LWB,LM,LW",500000.0
471274,6514,Ethan Horvath,1995-06-09T00:00:00.000Z,195.0,right,USA,GK,,
538499,10270,Lewis Baker,1995-04-25T00:00:00.000Z,178.0,right,England,DM,"CM,AM",1000000.0
1460176,9850,Jacob Wright,2005-09-21T00:00:00.000Z,178.0,right,England,DM,AM,3000000.0
259809,10003,Jay Fulton,1993-04-04T00:00:00.000Z,178.0,right,Scotland,DM,CM,450000.0
1249634,1070259,Luke Chambers,2004-06-24T00:00:00.000Z,181.0,left,England,LM,"LB,LWB,LW",1000000.0
1055316,9850,Anis Ben Slimane,2001-03-16T00:00:00.000Z,188.0,both,Tunisia,AM,,4000000.0
824717,9850,Jakov Medic,1998-09-07T00:00:00.000Z,191.0,right,Croatia,CB,,1500000.0
240538,8657,Ben Mee,1989-09-21T00:00:00.000Z,180.0,left,England,CB,,0.0
962002,8657,Sam McCallum,2000-09-02T00:00:00.000Z,184.0,left,England,LB,LWB,2000000.0
1111391,9850,Liam Gibbs,2002-12-16T00:00:00.000Z,178.0,right,England,RW,"DM,AM,LW",1500000.0
801120,9875,Jens-Lys Cajuste,1999-08-10T00:00:00.000Z,188.0,right,Sweden,DM,,
1075463,10194,Maksym Talovierov,2000-06-28T00:00:00.000Z,196.0,right,Ukraine,RB,CB,2000000.0
185326,8427,Sam Morsy,1991-09-10T00:00:00.000Z,175.0,right,Egypt,DM,CM,300000.0
1186446,1957,Nik Prelec,2001-06-10T00:00:00.000Z,187.0,left,Slovenia,ST,,1000000.0
761834,9841,Oliver Rathbone,1996-10-10T00:00:00.000Z,176.0,right,England,AM,CM,800000.0
191175,8655,Adam Forshaw,1991-10-08T00:00:00.000Z,185.0,right,England,DM,CM,150000.0
110911,10170,Craig Forsyth,1989-02-24T00:00:00.000Z,191.0,left,Scotland,LB,"CB,LWB",50000.0
862717,1218886,Przemyslaw Placheta,1998-03-23T00:00:00.000Z,177.0,left,Poland,RW,"RM,AM",1000000.0
866163,8462,Conor Shaughnessy,1996-06-30T00:00:00.000Z,191.0,right,Ireland,CB,,800000.0
401932,8657,Adam Davies,1992-07-17T00:00:00.000Z,185.0,right,Wales,GK,,200000.0
1132342,9826,Danny Imray,2003-07-27T00:00:00.000Z,178.0,right,England,RB,"RWB,RW",800000.0
492045,8462,Josh Murphy,1995-02-24T00:00:00.000Z,173.0,right,England,LW,AM,1500000.0
1288332,1113543,Joel Ndala,2006-05-31T00:00:00.000Z,178.0,right,England,LW,ST,3000000.0
930184,8655,Mathias Jørgensen,2000-09-20T00:00:00.000Z,185.0,right,Denmark,ST,RW,3500000.0
1165457,9850,Mathias Kvistgaarden,2002-04-15T00:00:00.000Z,174.0,right,Denmark,ST,AM,6000000.0
1443861,773685,Tom Atcheson,2006-09-22T00:00:00.000Z,,,Northern Ireland,CB,,
1184745,10003,Zeidane Inoussa,2002-05-13T00:00:00.000Z,177.0,right,Sweden,LW,RW,4500000.0
1433032,8658,Jhon Solís,2004-10-03T00:00:00.000Z,186.0,right,Colombia,DM,,4500000.0
1518436,10194,Djibril Soumaré,2003-01-07T00:00:00.000Z,185.0,left,Senegal,CM,DM,2000000.0
807752,8655,Aynsley Pears,1998-04-23T00:00:00.000Z,186.0,right,England,GK,,1000000.0
866688,8669,Luke Woolfenden,1998-10-21T00:00:00.000Z,193.0,right,England,CB,,2000000.0
968944,10004,Luke Cundle,2002-04-26T00:00:00.000Z,178.0,right,England,AM,"DM,CM",3200000.0
1420934,10172,Liam Morrison,2003-04-07T00:00:00.000Z,183.0,right,Scotland,CB,,
1116942,9850,Mirko Topic,2001-02-05T00:00:00.000Z,190.0,right,Serbia,DM,CM,4000000.0
662728,8411,Jordan Thompson,1997-01-03T00:00:00.000Z,175.0,left,Northern Ireland,CM,DM,700000.0
1336906,8466,Kuryu Matsuki,2003-04-30T00:00:00.000Z,178.0,left,Japan,RW,AM,3000000.0
1526543,10172,Rayan Kolli,2005-02-10T00:00:00.000Z,180.0,right,Algeria,ST,,2000000.0
1123933,10170,Liam Thompson,2002-04-29T00:00:00.000Z,173.0,right,England,DM,CM,1500000.0
1086842,8549,Samuel Silvera,2000-10-25T00:00:00.000Z,173.0,right,Australia,LWB,RW,1500000.0
1602352,10204,Malick Junior Yalcouyé,2005-11-18T00:00:00.000Z,169.0,right,Mali,AM,DM,12000000.0
819872,8653,Mark Harris,1998-12-29T00:00:00.000Z,182.0,right,Wales,ST,,600000.0
212714,9817,Thomas Ince,1992-01-30T00:00:00.000Z,178.0,left,England,RM,"LM,RW",300000.0
826089,6637,Kyogo Furuhashi,1995-01-20T00:00:00.000Z,170.0,right,Japan,ST,,2000000.0
1086647,8466,Cameron Archer,2001-12-09T00:00:00.000Z,181.0,right,Jamaica,ST,"RW,AM",7000000.0
1799263,10163,Jarvis Thornton,2006-01-10T00:00:00.000Z,,,England,CM,"DM,AM",500000.0
287892,8427,Jed Wallace,1994-03-26T00:00:00.000Z,178.0,right,England,RM,RW,1200000.0
1215410,10204,Ibrahim Osman,2004-11-29T00:00:00.000Z,179.0,right,Ghana,LW,LM,7000000.0
1285497,10004,Derek Mazou-Sacko,2004-10-06T00:00:00.000Z,186.0,right,France,DM,CM,1000000.0
1229177,8658,Carlos Vicente,1999-04-23T00:00:00.000Z,179.0,right,Spain,RW,RM,7000000.0
172284,8658,Ryan Allsop,1992-06-17T00:00:00.000Z,186.0,right,England,GK,,600000.0
776159,8466,Ross Stewart,1996-07-11T00:00:00.000Z,188.0,right,Scotland,ST,,2500000.0
956736,10170,Derry Murkin,1999-07-27T00:00:00.000Z,183.0,left,England,LB,LW,1500000.0
1118192,8466,Welington,2001-02-19T00:00:00.000Z,177.0,left,Brazil,LWB,LB,3000000.0
798629,8462,Josh Knight,1997-09-07T00:00:00.000Z,192.0,right,England,CB,,800000.0
614176,8462,Keshi Anderson,1995-04-06T00:00:00.000Z,175.0,right,England,LW,RW,500000.0
1280022,8655,Dion De Neve,2001-06-12T00:00:00.000Z,180.0,left,Belgium,LWB,LW,800000.0
1174648,10170,Max Johnston,2003-12-26T00:00:00.000Z,185.0,right,Scotland,RB,"LB,RWB",3000000.0
570760,8451,Reece Burke,1996-09-02T00:00:00.000Z,189.0,right,England,CB,,1000000.0
46518,8197,Asmir Begovic,1987-06-20T00:00:00.000Z,199.0,right,Bosnia and Herzegovina,GK,,150000.0
676504,10172,Ilias Chair,1997-10-30T00:00:00.000Z,164.0,right,Morocco,LW,"LM,AM",5000000.0
1419287,8466,Joshua Quarshie,2004-07-26T00:00:00.000Z,196.0,right,Germany,CB,,4000000.0
1231090,8667,Mohamed Belloumi,2002-06-01T00:00:00.000Z,177.0,left,Algeria,RW,"RM,AM",6000000.0
1677188,8456,Jeremy Monga,2009-07-10T00:00:00.000Z,179.0,,England,LW,RW,15000000.0
556952,8659,Krystian Bielik,1998-01-04T00:00:00.000Z,189.0,right,Poland,CB,CM,2200000.0
1507697,8600,Saba Goglichidze,2004-06-25T00:00:00.000Z,193.0,right,Georgia,CB,,3500000.0
175947,8338,James McClean,1989-04-22T00:00:00.000Z,180.0,left,Ireland,LM,"DM,LWB,CM,LW",
1311533,8658,August Priske,2004-03-23T00:00:00.000Z,187.0,right,Denmark,ST,,7000000.0
150591,10163,Liam Cooper,1991-08-30T00:00:00.000Z,180.0,left,Scotland,CB,,200000.0
1211646,1113562,Jamie Donley,2005-01-03T00:00:00.000Z,183.0,left,Northern Ireland,AM,ST,1500000.0
1524063,8653,Yunus Emre Konak,2006-01-10T00:00:00.000Z,181.0,right,Turkiye,DM,,3500000.0
1344572,8657,Ollie Arblaster,2004-01-08T00:00:00.000Z,175.0,right,England,DM,CM,1500000.0
1002682,9817,Jeremy Petris,1998-01-28T00:00:00.000Z,183.0,right,France,RB,"CB,LB,RWB,RM",1500000.0
488197,8653,Gregory Leigh,1994-09-30T00:00:00.000Z,181.0,left,Jamaica,LB,LWB,150000.0
413158,9902,Chuba Akpom,1995-10-09T00:00:00.000Z,183.0,right,England,AM,ST,3500000.0
882401,203826,Boubakary Soumaré,1999-02-27T00:00:00.000Z,188.0,right,France,DM,"CM,AM",
1453338,773645,Jay Robinson,2007-03-15T00:00:00.000Z,176.0,right,England,AM,,8000000.0
230916,323834,Ryan Fraser,1994-02-24T00:00:00.000Z,163.0,right,Scotland,LW,"RWB,LM,RW,AM",
1113678,8549,Alex Gilbert,2001-12-28T00:00:00.000Z,183.0,right,Ireland,DM,"CM,LW",1000000.0
674009,9902,Chiedozie Ogbene,1997-05-01T00:00:00.000Z,181.0,right,Ireland,AM,"RWB,RM,RW",4000000.0
1077905,8658,Ethan Laird,2001-08-05T00:00:00.000Z,177.0,right,England,LB,RB,2500000.0
939625,6702,Filip Krastev,2001-10-15T00:00:00.000Z,178.0,right,Bulgaria,AM,"DM,CM,LM,LW",
978170,8427,Tomi Horvat,1999-03-24T00:00:00.000Z,175.0,left,Slovenia,AM,"DM,RM,CM,RW",4000000.0
693678,8197,Wout Faes,1998-04-03T00:00:00.000Z,187.0,right,Belgium,CB,,10000000.0
544312,8466,Cyle Larin,1995-04-17T00:00:00.000Z,187.0,right,Canada,ST,AM,2500000.0
770267,9902,Ben Johnson,2000-01-24T00:00:00.000Z,175.0,right,England,LB,RB,6000000.0
643228,9902,Alex Palmer,1996-08-10T00:00:00.000Z,183.0,right,England,GK,,1000000.0
886150,9850,Edmond-Paris Maghoma,2001-05-08T00:00:00.000Z,184.0,right,England,AM,RW,
846009,10003,Adam Idah,2001-02-11T00:00:00.000Z,190.0,right,Ireland,ST,,4500000.0
767738,8411,Callum Lang,1998-09-08T00:00:00.000Z,183.0,right,England,RW,"AM,ST",2500000.0
922622,10194,Róbert Bozeník,1999-11-18T00:00:00.000Z,188.0,right,Slovakia,ST,,2500000.0
1097753,9817,Kwadwo Baah,2003-01-27T00:00:00.000Z,182.0,right,England,RW,LM,3000000.0
789547,8451,Joe Rankin-Costello,1999-07-26T00:00:00.000Z,183.0,right,England,CM,"DM,AM",1000000.0
839242,8462,Josef Bursik,2000-07-12T00:00:00.000Z,190.0,left,England,GK,,800000.0
1683733,773685,George Pratt,2003-09-17T00:00:00.000Z,,,England,CB,,
763952,8451,Will Mannion,1998-05-05T00:00:00.000Z,191.0,right,England,GK,,400000.0
765563,8655,Scott Wharton,1997-10-03T00:00:00.000Z,182.0,left,England,CB,,1300000.0
1226789,9826,Jesurun Rak-Sakyi,2002-10-05T00:00:00.000Z,178.0,left,Ghana,RW,"AM,LW",6000000.0
421768,9902,Wes Burns,1994-11-23T00:00:00.000Z,173.0,right,Wales,RW,,1500000.0
1254270,8655,Kristi Montgomery,2004-05-31T00:00:00.000Z,,right,Scotland,DM,CM,800000.0
1130805,8462,Ibane Bowat,2002-09-15T00:00:00.000Z,190.0,left,England,CB,LB,600000.0
1133564,8655,Hayden Carter,1999-12-17T00:00:00.000Z,188.0,right,England,CB,,2000000.0
1319774,8427,Yu Hirakawa,2001-01-03T00:00:00.000Z,171.0,right,Japan,LWB,AM,1000000.0
1574548,8462,Hayden Matthews,2004-06-19T00:00:00.000Z,188.0,,Australia,CB,,1300000.0
1347933,8514,Gustavo Caballero,2001-09-21T00:00:00.000Z,186.0,right,Paraguay,RW,LW,1000000.0
1353561,9850,Ante Crnac,2003-12-17T00:00:00.000Z,189.0,left,Croatia,AM,"RW,LW",4500000.0
363345,8411,Brad Potts,1994-07-03T00:00:00.000Z,188.0,right,England,RWB,CM,600000.0
729721,10172,Jake Clarke-Salter,1997-09-22T00:00:00.000Z,188.0,right,England,CB,,800000.0
1239553,8655,Axel Henriksson,2002-04-16T00:00:00.000Z,189.0,,Sweden,AM,ST,1000000.0
298676,10004,Joe Bryan,1993-09-17T00:00:00.000Z,170.0,left,England,LB,,400000.0
201738,10194,Ben Gibson,1993-01-15T00:00:00.000Z,185.0,left,England,CB,LB,500000.0
94550,10200,Moussa Sissoko,1989-08-16T00:00:00.000Z,187.0,right,France,CM,"DM,AM",
919671,9841,Liberato Cacace,2000-09-27T00:00:00.000Z,184.0,left,New Zealand,LWB,"LB,LM",2500000.0
1335694,8401,Murphy Cooper,2001-12-27T00:00:00.000Z,188.0,right,England,GK,,400000.0
1136396,267810,Daryl Dike,2000-06-03T00:00:00.000Z,187.0,right,USA,ST,,1000000.0
254472,9841,Danny Ward,1993-06-22T00:00:00.000Z,191.0,right,Wales,GK,,600000.0
827247,8655,Harry Pickering,1998-12-29T00:00:00.000Z,173.0,left,England,LWB,LB,2000000.0
1402324,9780,Vivaldo Semedo,2005-01-28T00:00:00.000Z,192.0,left,Portugal,ST,,1800000.0
575780,8667,Paddy McNair,1995-04-27T00:00:00.000Z,189.0,right,Northern Ireland,CB,LB,1500000.0
1125874,8667,Darko Gyabi,2004-02-18T00:00:00.000Z,196.0,right,England,AM,CM,2000000.0
1178350,8549,Kaly Sène,2001-05-28T00:00:00.000Z,188.0,right,Senegal,ST,,2000000.0
1609329,8586,Min-Hyeok Yang,2006-04-16T00:00:00.000Z,176.0,right,South Korea,LW,RW,3000000.0
184360,10170,Andreas Weimann,1991-08-05T00:00:00.000Z,188.0,right,Austria,ST,"RW,AM,LW",
780818,8559,Akin Famewo,1998-11-09T00:00:00.000Z,188.0,left,England,LB,CB,800000.0
1310115,773645,Cameron Bragg,2005-04-10T00:00:00.000Z,177.0,right,Scotland,DM,CM,
1109757,8658,Marc Leonard,2001-12-19T00:00:00.000Z,180.0,right,Scotland,DM,CM,
1086653,8653,Tyler Goodrham,2003-08-07T00:00:00.000Z,170.0,,England,LW,AM,1500000.0
165518,8411,David Cornell,1991-03-28T00:00:00.000Z,180.0,right,Wales,GK,,50000.0
1613300,860800,Stephen Mfuni,2008-02-12T00:00:00.000Z,180.0,left,England,CB,LB,1500000.0
1135408,8451,Tanto Olaofe,1999-11-21T00:00:00.000Z,181.0,right,England,ST,"AM,RW",550000.0
751066,8657,Tahith Chong,1999-12-04T00:00:00.000Z,185.0,left,Curacao,RM,RW,3500000.0
1226756,8659,Alfie Gilchrist,2003-11-28T00:00:00.000Z,183.0,right,England,RB,CB,3500000.0
933069,8462,Luke Le Roux,2000-03-10T00:00:00.000Z,184.0,right,South Africa,DM,,800000.0
1056689,8451,Harvey Knibbs,1999-04-26T00:00:00.000Z,187.0,left,England,AM,CM,1500000.0
574234,8653,Hidde ter Avest,1997-05-20T00:00:00.000Z,182.0,right,Netherlands,RB,"RWB,RW",800000.0
502421,10194,Sam Gallagher,1995-09-15T00:00:00.000Z,194.0,right,Scotland,AM,ST,900000.0
343316,9850,Emiliano Marcondes,1995-03-09T00:00:00.000Z,171.0,right,Denmark,AM,,600000.0
865184,8653,Siriki Dembélé,1996-09-07T00:00:00.000Z,173.0,right,Scotland,LW,LM,800000.0
424609,8559,Ben Davies,1995-08-11T00:00:00.000Z,183.0,left,England,CB,,800000.0
1050813,8462,Márk Kosznovszky,2002-04-17T00:00:00.000Z,179.0,,Hungary,DM,RW,1000000.0
46268,10170,Richard O'Donnell,1988-09-12T00:00:00.000Z,188.0,left,England,GK,,50000.0
1565859,10172,Daniel Bennie,2006-04-13T00:00:00.000Z,181.0,both,Australia,ST,RM,400000.0
119079,8197,Alex McCarthy,1989-12-03T00:00:00.000Z,193.0,right,England,GK,,200000.0
1199712,9879,Luke Harris,2005-03-04T00:00:00.000Z,177.0,right,Wales,AM,"DM,LW",900000.0
600818,10170,Josh Vickers,1995-12-01T00:00:00.000Z,183.0,right,England,GK,,150000.0
562799,8659,Joe Wildsmith,1995-12-28T00:00:00.000Z,189.0,right,England,GK,,
1355509,6702,Sverre Nypan,2006-12-19T00:00:00.000Z,182.0,both,Norway,AM,CM,
759823,10163,Iké Ugbo,1998-09-21T00:00:00.000Z,185.0,right,Canada,ST,,1200000.0
214426,8657,Danny Ings,1992-07-23T00:00:00.000Z,178.0,right,England,ST,,1200000.0
185008,10170,Danny Batth,1990-09-21T00:00:00.000Z,191.0,right,England,CB,,100000.0
864983,8411,Jamal Lewis,1998-01-25T00:00:00.000Z,178.0,left,Northern Ireland,LW,LM,1500000.0
1480132,10172,Esquerdinha,2006-02-28T00:00:00.000Z,,left,Brazil,LB,,3000000.0
1132069,9850,Mohamed Touré,2004-03-26T00:00:00.000Z,186.0,right,Australia,ST,,8000000.0
1206308,8451,Rob Apter,2003-04-23T00:00:00.000Z,175.0,,Scotland,RW,AM,2000000.0
1720299,10163,Cole McGhee,2006-01-28T00:00:00.000Z,,,England,CB,,300000.0
1229526,9850,Forson Amankwah,2002-12-31T00:00:00.000Z,173.0,left,Ghana,RW,,3000000.0
774332,8351,Nathan Baxter,1998-11-08T00:00:00.000Z,190.0,right,England,GK,,700000.0
1089686,8669,Kaine Kesler-Hayden,2002-10-23T00:00:00.000Z,175.0,right,England,RB,,3000000.0
215658,10163,Nathaniel Chalobah,1994-12-12T00:00:00.000Z,185.0,right,England,DM,CM,500000.0
1017196,10004,Dan McNamara,1998-12-27T00:00:00.000Z,180.0,right,England,RB,,1500000.0
982272,8655,Sidnei Tavares,2001-09-29T00:00:00.000Z,188.0,right,Cape Verde,DM,,1800000.0
1137404,8411,Andrew Moran,2003-10-15T00:00:00.000Z,177.0,right,Ireland,CM,,1500000.0
305219,10004,Massimo Luongo,1992-09-25T00:00:00.000Z,176.0,right,Australia,CM,DM,300000.0
1113727,9850,Tony Springett,2002-09-22T00:00:00.000Z,174.0,left,Ireland,RW,LB,800000.0
881558,8427,Max Bird,2000-09-18T00:00:00.000Z,183.0,left,England,DM,LW,2500000.0
955366,8658,Jonathan Panzo,2000-10-25T00:00:00.000Z,188.0,left,England,CB,,1500000.0
1516030,9937,Gustavo Nunes,2005-11-20T00:00:00.000Z,173.0,right,Brazil,LW,,8000000.0
876196,8451,Joshua Edwards,2000-05-27T00:00:00.000Z,176.0,left,Scotland,LB,,600000.0
45571,10172,Ben Hamer,1987-11-20T00:00:00.000Z,192.0,right,England,GK,,50000.0
1089592,9841,Lewis Brunt,2000-11-06T00:00:00.000Z,187.0,,England,CB,,800000.0
1004976,8549,Alex Bangura,1999-07-13T00:00:00.000Z,183.0,left,Sierra Leone,LB,,700000.0
1692116,773642,Louis Page,2008-07-10T00:00:00.000Z,183.0,,England,DM,"CM,AM",4000000.0
1435441,9850,Papa Diallo,2004-06-25T00:00:00.000Z,182.0,right,Senegal,LWB,,4000000.0
1422736,8483,Karoy Anderson,2004-10-01T00:00:00.000Z,180.0,right,Jamaica,AM,CM,375000.0
1298925,8549,Jeremy Sarmiento,2002-06-16T00:00:00.000Z,178.0,right,Ecuador,LW,,5000000.0
1358339,8653,Jamie McDonnell,2004-02-16T00:00:00.000Z,,,Northern Ireland,DM,CM,1000000.0
1394402,9817,Rocco Vata,2005-04-18T00:00:00.000Z,175.0,right,Ireland,LW,LM,1800000.0
745912,9904,Stefán Thórdarson,1998-10-16T00:00:00.000Z,189.0,right,Iceland,CM,"DM,AM",1200000.0
1353053,10194,Milan Smit,2003-02-13T00:00:00.000Z,180.0,both,Netherlands,ST,,2000000.0
1187449,10003,Florian Bianchini,2001-06-25T00:00:00.000Z,182.0,right,France,RW,,1000000.0
656495,8667,Babajide David,1996-01-13T00:00:00.000Z,178.0,right,Nigeria,RW,,
949266,8595,Mads Frøkjær-Jensen,1999-07-29T00:00:00.000Z,186.0,right,Denmark,AM,"RM,RW",
1050160,8549,Sontje Hansen,2002-05-18T00:00:00.000Z,172.0,right,Curacao,RW,"AM,LW",3500000.0
802245,9798,Jacob Brown,1998-04-10T00:00:00.000Z,178.0,right,Scotland,ST,AM,1000000.0
1195742,10007,Jayden Fevrier,2003-04-14T00:00:00.000Z,175.0,left,England,RWB,"LWB,RW,AM",500000.0
1202883,9850,Matej Jurásek,2003-08-30T00:00:00.000Z,181.0,left,Czechia,RW,,4500000.0
185349,8451,Luke Berry,1992-07-12T00:00:00.000Z,177.0,right,England,AM,,200000.0
1090202,10172,Kwame Poku,2001-08-11T00:00:00.000Z,179.0,left,Ghana,RW,,1000000.0
1216005,8462,Harvey Blair,2003-09-14T00:00:00.000Z,178.0,right,England,LW,,300000.0
574841,10170,Lars-Jørgen Salvesen,1996-02-19T00:00:00.000Z,186.0,,Norway,ST,,500000.0
1289121,8243,Olaf Kobacki,2001-07-10T00:00:00.000Z,178.0,right,Poland,LWB,LW,500000.0
803343,8466,Mads Roerslev,1999-06-24T00:00:00.000Z,184.0,right,Denmark,RM,RB,4000000.0
1273294,10170,Oscar Fraulo,2003-12-06T00:00:00.000Z,180.0,right,Denmark,DM,,2500000.0
1474555,8583,Christ Makosso,2004-05-09T00:00:00.000Z,192.0,right,Congo,CB,RB,800000.0
1702428,10004,Raees Bangura-Williams,2004-07-02T00:00:00.000Z,,,England,AM,,
1797874,10163,Reece Johnson,2006-01-31T00:00:00.000Z,,,England,LM,"LB,LWB",200000.0
146830,10003,Joel Ward,1989-10-29T00:00:00.000Z,188.0,right,England,RB,,200000.0
1293092,8283,Makenzie Kirk,2004-02-06T00:00:00.000Z,184.0,right,Northern Ireland,ST,,400000.0
969256,10163,Louie Barry,2003-06-21T00:00:00.000Z,174.0,right,England,LW,RW,2500000.0
1014981,8655,Augustus Kargbo,1999-08-24T00:00:00.000Z,172.0,right,Sierra Leone,RW,LM,1000000.0
1197548,8667,Enis Destan,2002-06-15T00:00:00.000Z,185.0,right,Turkiye,ST,,
613182,8657,Joe Rothwell,1995-01-11T00:00:00.000Z,185.0,right,England,DM,CM,600000.0
214570,9850,Jeffrey Schlupp,1992-12-23T00:00:00.000Z,178.0,both,Ghana,LM,,800000.0
191174,8669,Jake Bidwell,1993-03-21T00:00:00.000Z,183.0,left,England,LB,CB,600000.0
817098,9841,Ryan Barnett,1999-09-23T00:00:00.000Z,178.0,right,England,RM,RWB,700000.0
1086650,9798,Haydon Roberts,2002-05-10T00:00:00.000Z,184.0,left,England,CB,"LB,LWB,LW",1000000.0
1562733,8462,Madiodio Dia,2004-01-15T00:00:00.000Z,192.0,,Senegal,CB,,500000.0
774237,8464,Willum Willumsson,1998-10-23T00:00:00.000Z,194.0,left,Iceland,AM,RM,
612180,8484,Kayden Jackson,1994-02-22T00:00:00.000Z,181.0,right,England,ST,AM,200000.0
1378819,8451,Collins Sichenje,2003-09-19T00:00:00.000Z,188.0,,Kenya,CB,,450000.0
1421810,10260,Toby Collyer,2004-01-03T00:00:00.000Z,180.0,right,England,DM,,5000000.0
1122563,8427,Sam Bell,2002-05-23T00:00:00.000Z,178.0,right,England,LW,"RW,AM,ST",1000000.0
1751615,8451,Ibrahim Fullah,2007-04-05T00:00:00.000Z,,,England,LM,,400000.0
915365,6422,Ole Romeny,2000-06-20T00:00:00.000Z,185.0,right,Indonesia,ST,AM,800000.0
742405,8657,Tom Davies,1998-06-30T00:00:00.000Z,180.0,right,England,DM,,2000000.0
1318728,8655,Connor O'Riordan,2003-10-19T00:00:00.000Z,193.0,right,Ireland,CB,,600000.0
1799262,10163,Ernie Weaver,2006-09-08T00:00:00.000Z,,,England,CB,,
1586395,10004,Daniel Kelly,2005-10-03T00:00:00.000Z,180.0,right,Scotland,DM,,700000.0
1329523,773685,Matty Litherland,2005-10-31T00:00:00.000Z,,,England,RWB,CB,
789590,8462,Ben Killip,1995-11-24T00:00:00.000Z,188.0,right,England,GK,,100000.0
1305787,8637,Elias Jelert,2003-06-12T00:00:00.000Z,182.0,right,Denmark,RWB,RB,5000000.0
1202031,1925,Alex Matos,2004-10-03T00:00:00.000Z,175.0,right,England,DM,,1000000.0
662936,8548,Ben Godfrey,1998-01-15T00:00:00.000Z,184.0,right,England,CB,RB,
1276686,10003,Leo Walta,2003-06-24T00:00:00.000Z,170.0,right,Finland,AM,"CM,ST",3000000.0
1800413,10163,George Brown,0001-01-01T00:00:00.000Z,,,England,ST,,
874618,1842,Julián Carranza,2000-05-22T00:00:00.000Z,176.0,right,Argentina,ST,,
1130774,8466,Samuel Edozie,2003-01-28T00:00:00.000Z,179.0,right,England,LW,,4000000.0
184367,8451,Matt Godden,1991-07-29T00:00:00.000Z,185.0,right,England,midfielder,,100000.0
1302814,8654,Kaelan Casey,2004-10-28T00:00:00.000Z,185.0,right,England,CB,,900000.0
1363536,8466,Damion Downs,2004-07-06T00:00:00.000Z,192.0,right,USA,ST,,4000000.0
1113670,8191,Aaron Ramsey,2003-01-21T00:00:00.000Z,181.0,right,England,AM,,6000000.0
1113784,9853,Pierre Ekwah,2002-01-15T00:00:00.000Z,189.0,left,France,CM,,2000000.0
1226849,8549,Leo Castledine,2005-08-20T00:00:00.000Z,175.0,,England,CM,"RW,AM,LW",2000000.0
1203652,8676,Silko Thomas,2004-06-25T00:00:00.000Z,,left,England,LW,,
627016,9938,Jack Walton,1998-04-23T00:00:00.000Z,183.0,right,England,GK,,500000.0
672487,10170,Corey Blackett-Taylor,1997-09-23T00:00:00.000Z,170.0,right,England,LW,LM,450000.0
1212866,9817,Edoardo Bove,2002-05-16T00:00:00.000Z,179.0,right,Italy,midfielder,,4000000.0
490413,8549,Seny Dieng,1994-11-23T00:00:00.000Z,191.0,right,Senegal,GK,,
127133,10253,Matthew Phillips,1991-03-13T00:00:00.000Z,183.0,right,Scotland,ST,RWB,100000.0
629924,10170,Ryan Nyambe,1997-12-04T00:00:00.000Z,183.0,right,Namibia,RB,RWB,800000.0
1573605,10003,Sam Parker,2006-07-07T00:00:00.000Z,178.0,right,Wales,RB,,300000.0
174325,9850,Shane Duffy,1992-01-01T00:00:00.000Z,193.0,right,Ireland,CB,,350000.0
1578415,9828,Sydney Agina,2007-08-31T00:00:00.000Z,,,England,RB,LB,
605262,8667,Kieran Dowell,1997-10-10T00:00:00.000Z,175.0,left,England,RW,,600000.0
740171,8346,Kasey Palmer,1996-11-09T00:00:00.000Z,182.0,right,Jamaica,AM,DM,900000.0
1683723,8667,Cathal McCarthy,2006-08-31T00:00:00.000Z,,,Ireland,CB,CM,300000.0
1580235,773658,Errol Mundle-Smith,2006-03-19T00:00:00.000Z,189.0,,England,RW,RM,
229711,9799,Onel Hernández,1993-02-01T00:00:00.000Z,172.0,both,Cuba,LW,RM,250000.0
922539,8653,Jin-Woo Jeon,1999-09-09T00:00:00.000Z,181.0,right,South Korea,RW,LW,700000.0
1170744,8455,Caleb Wiley,2004-12-22T00:00:00.000Z,180.0,left,USA,LWB,,
1603284,10172,Kealey Adamson,2003-03-09T00:00:00.000Z,185.0,right,Australia,defender,,450000.0
1419974,8455,Ishé Samuels-Smith,2006-06-05T00:00:00.000Z,186.0,left,England,LB,CB,700000.0
662604,8549,George Edmundson,1997-08-15T00:00:00.000Z,190.0,right,England,CB,,600000.0
635947,6433,Alfons Sampsted,1998-04-06T00:00:00.000Z,179.0,right,Iceland,RB,,
865934,8401,Wes Harding,1996-10-20T00:00:00.000Z,181.0,right,Jamaica,LB,"RB,LWB",800000.0
1467048,773656,Oliver Bostock,2007-02-20T00:00:00.000Z,,right,Wales,LM,"AM,LW,ST",200000.0
1455322,9850,Lucien Mahovo,2005-06-07T00:00:00.000Z,,left,England,LB,,400000.0
1358582,8669,Miguel Ángel Brau,2001-12-27T00:00:00.000Z,183.0,left,Spain,LB,,1000000.0
949483,6628,Makhtar Gueye,1997-12-04T00:00:00.000Z,186.0,right,Senegal,ST,,
574448,10163,Joe Lumley,1995-02-15T00:00:00.000Z,190.0,right,England,GK,,
584825,9841,Ryan Hardie,1997-03-17T00:00:00.000Z,188.0,right,Scotland,ST,,800000.0
1053675,8689,Formose Mendy,2001-01-02T00:00:00.000Z,191.0,right,Senegal,CB,,1500000.0
1222770,8472,Leo Hjelde,2003-08-26T00:00:00.000Z,188.0,left,Norway,defender,,1500000.0
671518,8197,Harry Souttar,1998-10-22T00:00:00.000Z,198.0,right,Australia,CB,,3500000.0
1074758,9796,Ruben Roosken,2000-03-02T00:00:00.000Z,183.0,left,Netherlands,LB,"LWB,LW",500000.0
1187308,8667,Matty Jacob,2001-06-03T00:00:00.000Z,180.0,left,England,LB,,400000.0
1692751,773650,Raphael-Pijus Otegbayo,2007-08-22T00:00:00.000Z,,,Republic of Ireland,CB,,
1211437,10200,Victor Kristiansen,2002-12-16T00:00:00.000Z,181.0,left,Denmark,LB,,9000000.0
1580249,773642,Olabade Aluko,2006-11-30T00:00:00.000Z,,right,England,RB,CB,300000.0
609755,8456,Kalvin Phillips,1995-12-02T00:00:00.000Z,179.0,right,England,midfielder,,2500000.0
823592,8655,Oladapo Afolayan,1997-09-11T00:00:00.000Z,180.0,right,England,ST,,1300000.0
760400,8651,Elliott Moore,1997-03-16T00:00:00.000Z,196.0,right,England,CB,,400000.0
201664,8655,Nathan Redmond,1994-03-06T00:00:00.000Z,173.0,right,England,forward,,600000.0
1805495,8451,Keenan Gough,2006-02-28T00:00:00.000Z,,,England,CB,,
536457,10185,Manuel Benson,1997-03-28T00:00:00.000Z,166.0,left,Angola,RW,RM,
1340895,10269,Bilal El Khannouss,2004-05-10T00:00:00.000Z,180.0,right,Morocco,AM,"CM,RW,LW,ST",35000000.0
1286192,158085,Fally Mayulu,2002-07-15T00:00:00.000Z,193.0,right,France,forward,,
1390003,8657,Ryan Oné,2006-06-26T00:00:00.000Z,188.0,right,Scotland,ST,"RW,LW",900000.0
541330,10163,Marvelous Nakamba,1994-01-19T00:00:00.000Z,175.0,left,Zimbabwe,CM,DM,700000.0
1799270,10163,William Grainger,2008-11-20T00:00:00.000Z,,right,Wales,forward,,
929665,10170,Kenzo Goudmijn,2001-12-18T00:00:00.000Z,173.0,right,Netherlands,AM,"DM,CM,RW",
1609716,357210,Amin Nabizada,2007-06-21T00:00:00.000Z,,,Afghanistan,forward,,
1136450,8667,Abu Kamara,2003-07-21T00:00:00.000Z,183.0,left,England,RW,,
231801,8411,Robert Brady,1992-01-14T00:00:00.000Z,176.0,left,Ireland,midfielder,,100000.0
524651,8549,Darragh Lenihan,1994-03-16T00:00:00.000Z,178.0,right,Ireland,CB,,500000.0
789558,10003,Andrew Fisher,1998-02-12T00:00:00.000Z,189.0,right,England,GK,,600000.0
862590,9850,Daniel Grimshaw,1998-01-16T00:00:00.000Z,185.0,right,England,GK,,500000.0
518500,8667,Dillon Phillips,1995-06-11T00:00:00.000Z,188.0,right,England,GK,,200000.0
935550,9857,Torbjørn Heggem,1999-01-12T00:00:00.000Z,192.0,left,Norway,CB,,15000000.0
1431456,8462,Thomas Waddingham,2005-04-05T00:00:00.000Z,181.0,,Australia,forward,,500000.0
1512798,773685,Aodhan Doherty,2006-05-03T00:00:00.000Z,,left,Northern Ireland,RW,"RM,LW",
1516829,8549,Abdoulaye Kanté,2005-07-09T00:00:00.000Z,180.0,right,France,DM,CM,5000000.0
847221,9841,Davis Keillor-Dunn,1997-11-02T00:00:00.000Z,180.0,,England,ST,LW,1000000.0
752558,9931,Zan Celar,1999-03-14T00:00:00.000Z,186.0,right,Slovenia,ST,,800000.0
1365254,9817,Jack Grieves,2004-12-05T00:00:00.000Z,,right,England,forward,,
1680964,10172,Tylon Smith,2005-05-09T00:00:00.000Z,,right,South Africa,CB,,
1446731,773685,Brandon Powell,2005-10-17T00:00:00.000Z,,,England,LW,"LB,LWB,LM,AM",50000.0
924610,8466,Yukinari Sugawara,2000-06-28T00:00:00.000Z,179.0,right,Japan,RB,"RWB,RM",5500000.0
212470,8270,Oriol Romeu,1991-09-24T00:00:00.000Z,183.0,right,Spain,midfielder,,400000.0
169225,8653,Tom Bradshaw,1992-07-27T00:00:00.000Z,178.0,right,Wales,ST,,200000.0
1799261,10163,Joe Emery,2006-12-27T00:00:00.000Z,,,England,CB,,
1214556,8659,Tammer Bany Odeh,2003-10-19T00:00:00.000Z,177.0,,Denmark,forward,,250000.0
1799269,1113552,Yisa Alao,2008-11-17T00:00:00.000Z,,,England,LWB,,
1526413,8669,Kai Andrews,2006-08-06T00:00:00.000Z,185.0,right,Wales,CM,DM,
201787,8645,Curtis Nelson,1993-05-21T00:00:00.000Z,183.0,right,England,CB,,275000.0
1331697,8549,Finley Munroe,2005-02-08T00:00:00.000Z,181.0,,England,LWB,"CB,LB,LM",250000.0
1207956,773660,Micah Hamilton,2003-11-13T00:00:00.000Z,177.0,right,England,LW,"LM,AM",1800000.0
1609714,575017,Mackenzie Maltby,2004-12-04T00:00:00.000Z,,,England,defender,,
924315,8658,Kanya Fujimoto,1999-07-01T00:00:00.000Z,176.0,left,Japan,midfielder,,2000000.0
1797467,773645,Barnaby Williams,2006-11-12T00:00:00.000Z,,,England,DM,CM,
1667837,584611,Leo Pecover,2008-08-07T00:00:00.000Z,,right,England,forward,,
1334842,8669,Jahnoah Markelo,2003-01-04T00:00:00.000Z,171.0,left,Suriname,RW,LW,3500000.0
1469339,773680,Owen Eames,2006-11-01T00:00:00.000Z,,,England,AM,ST,100000.0
1101043,8669,Raphael Borges Rodrigues,2003-09-11T00:00:00.000Z,173.0,right,Australia,RWB,"LWB,RM,LM,RW,LW",450000.0
1418089,8351,Favour Fawunmi,2006-04-26T00:00:00.000Z,,,England,AM,RW,
1370590,9848,Milos Lukovic,2005-11-18T00:00:00.000Z,184.0,right,Serbia,ST,,3500000.0
1879530,10163,Devlan Moses,2005-10-17T00:00:00.000Z,,,Northern Ireland,forward,,
1448527,773645,Nicholas Oyekunle,2007-01-09T00:00:00.000Z,,,England,ST,,
605260,8427,Joe Williams,1996-12-08T00:00:00.000Z,185.0,right,England,midfielder,,800000.0
1469816,773660,George McCormick,2005-01-27T00:00:00.000Z,176.0,left,England,CB,"LWB,LM",
1430830,10192,Ryan Andrews,2004-08-26T00:00:00.000Z,170.0,right,England,RB,,
1448524,8655,Nathan Dlamini,0001-01-01T00:00:00.000Z,,,England,LW,,
290409,8411,Will Keane,1993-01-11T00:00:00.000Z,188.0,right,Ireland,ST,AM,300000.0
962706,10003,Oliver Cooper,1999-12-14T00:00:00.000Z,176.0,right,Wales,AM,,1500000.0
1420268,161801,Rio Shipston,2004-11-07T00:00:00.000Z,,,England,CM,,0.0
1394403,10003,Bobby Wales,2005-06-23T00:00:00.000Z,,,Scotland,forward,,350000.0
1498722,357211,Dujuan Richards,2005-11-10T00:00:00.000Z,189.0,left,Jamaica,RW,,500000.0
398992,10163,Ricardo Santos,1995-06-18T00:00:00.000Z,182.0,right,Cape Verde,defender,,350000.0
955379,8657,Jamie Shackleton,1999-10-08T00:00:00.000Z,168.0,right,England,defender,,1000000.0
1668970,10163,Favour Onukwuli,2005-04-09T00:00:00.000Z,,,England,midfielder,,
1081285,8653,Louie Sibley,2001-09-01T00:00:00.000Z,180.0,,England,midfielder,,1200000.0
1816323,9817,Jonathan Lawson,2005-10-16T00:00:00.000Z,,,England,forward,,
1435832,8427,Olly Thomas,2005-07-28T00:00:00.000Z,182.0,right,England,ST,,
109491,9841,Jay Rodriguez,1989-07-29T00:00:00.000Z,185.0,right,England,forward,,200000.0
1704877,8462,Olutayo Singerr,2007-09-22T00:00:00.000Z,,,England,forward,,
1797866,10163,Bruno Fernandes,2006-01-09T00:00:00.000Z,,,Portugal,forward,,
620134,8485,Kevin Nisbet,1997-03-08T00:00:00.000Z,180.0,right,Scotland,ST,,
1113688,9902,Ali Al Hamadi,2002-03-01T00:00:00.000Z,187.0,right,Iraq,ST,,1500000.0
1967934,773655,Thomas Woodward,2006-12-09T00:00:00.000Z,,,Wales,midfielder,,
1178514,8667,Eliot Matazo,2002-02-15T00:00:00.000Z,174.0,right,Belgium,midfielder,,1500000.0
1287056,9902,Cameron Humphreys,2003-10-30T00:00:00.000Z,178.0,,England,DM,AM,600000.0
1414866,10172,Isak Alemayehu Mulugeta,2006-10-11T00:00:00.000Z,177.0,,Sweden,midfielder,,
1469204,773680,Cruz Allen,2007-02-25T00:00:00.000Z,,,Wales,DM,CM,
553798,8658,Scott Wright,1997-08-08T00:00:00.000Z,175.0,right,Scotland,forward,,
1315434,8462,Jacob Farrell,2002-11-19T00:00:00.000Z,180.0,left,Australia,CB,,
1469618,9800,Eseosa Sule,2006-04-01T00:00:00.000Z,,right,Nigeria,ST,,
488622,8427,Harry Cornick,1995-04-09T00:00:00.000Z,180.0,right,England,forward,,450000.0
1077907,8667,Brandon Williams,2000-09-03T00:00:00.000Z,171.0,right,England,defender,,
1948406,10172,Leon Scarlett,2009-08-16T00:00:00.000Z,,,Wales,forward,,
1360349,8659,Harry Whitwell,2005-11-16T00:00:00.000Z,,right,England,AM,"DM,CM",
1109490,8351,James Morris,2001-11-23T00:00:00.000Z,183.0,left,England,LB,LWB,500000.0
963940,8472,Ajibola Alese,2001-01-17T00:00:00.000Z,192.0,right,England,CB,,700000.0
1664013,9841,Harry Ashfield,2006-03-23T00:00:00.000Z,184.0,,Wales,CM,AM,150000.0
872963,8239,Tom Dele-Bashiru,1999-09-17T00:00:00.000Z,179.0,right,Nigeria,DM,CM,
1215525,8653,Gatlin O'Donkor,2004-10-14T00:00:00.000Z,178.0,,England,forward,,200000.0
1209408,773656,Alex Williams,2005-01-02T00:00:00.000Z,,right,Wales,RB,,
1477502,8451,Josh Laqeretabua,2005-09-26T00:00:00.000Z,185.0,,Fiji,midfielder,,
1456394,773642,Kevon Gray,2007-01-28T00:00:00.000Z,,,England,CB,,
1325368,10004,Zak Lovelace,2006-01-23T00:00:00.000Z,,right,England,forward,,500000.0
1621132,8549,Archie Baptiste,2005-10-28T00:00:00.000Z,,,England,CB,,
1746498,8549,Cruz Ibeh,2008-10-16T00:00:00.000Z,,,England,ST,,
1332788,10170,Dajaune Brown,2005-10-16T00:00:00.000Z,182.0,right,Jamaica,ST,RW,400000.0
1437781,8462,Franco Umeh-Chibueze,2005-01-26T00:00:00.000Z,,left,Ireland,forward,,
789585,8549,Marcus Forss,1999-06-18T00:00:00.000Z,182.0,right,Finland,ST,"RW,AM",1500000.0
1407241,8528,Hindolo Mustapha,2006-07-29T00:00:00.000Z,,,Sierra Leone,AM,ST,100000.0
1604505,584590,Nathan Tinsdale,2004-12-20T00:00:00.000Z,,right,England,LW,,
1388067,8411,Noah Mawene,2005-02-01T00:00:00.000Z,186.0,right,England,midfielder,,
1173017,9817,Pierre Dwomoh,2004-06-21T00:00:00.000Z,185.0,right,Belgium,midfielder,,1500000.0
1562715,773656,Souleyman Mandey,2006-02-06T00:00:00.000Z,,,Austria,AM,"DM,CM,RW",
1292134,10007,Ethan Pye,2003-01-27T00:00:00.000Z,183.0,left,England,CB,,900000.0
962062,8430,George Wickens,2001-11-08T00:00:00.000Z,198.0,right,England,GK,,1000000.0
467319,9833,Ilmari Niskanen,1997-10-27T00:00:00.000Z,173.0,both,Finland,RWB,"LWB,RM,RW",500000.0
1184473,8427,Sam Tickle,2002-03-31T00:00:00.000Z,,left,England,GK,,1200000.0
877637,9903,Owen Bailey,1999-01-22T00:00:00.000Z,180.0,right,England,AM,"RB,CB,DM,CM,RW",650000.0
256599,8484,Sam Walker,1991-10-02T00:00:00.000Z,196.0,,England,GK,,50000.0
918332,158319,Steve Seddon,1997-12-25T00:00:00.000Z,179.0,left,England,LM,"CB,LB,LWB,LW",350000.0
1385467,8401,Malachi Boateng,2002-07-05T00:00:00.000Z,182.0,right,England,CM,"DM,AM",700000.0
874613,9798,Lewis Wing,1995-06-23T00:00:00.000Z,184.0,right,England,DM,CM,700000.0
1089687,10253,Filip Marschall,2003-04-24T00:00:00.000Z,195.0,right,England,GK,,1200000.0
1204776,8346,Josh Keeley,2003-05-17T00:00:00.000Z,,right,Ireland,GK,,800000.0
1283236,158319,Isaac Ogundere,2002-11-06T00:00:00.000Z,177.0,,England,CB,RB,450000.0
395130,158319,Alistair Smith,1999-05-19T00:00:00.000Z,193.0,right,England,CM,"DM,RW",450000.0
1024958,9792,Kyran Lofthouse,2000-10-21T00:00:00.000Z,190.0,right,England,RWB,"RM,AM",300000.0
534394,9792,Jake Beesley,1996-12-01T00:00:00.000Z,188.0,,England,ST,AM,300000.0
801470,8677,Archie Collins,1999-08-31T00:00:00.000Z,175.0,,England,DM,CM,800000.0
568547,10007,Kyle Wootton,1996-10-11T00:00:00.000Z,188.0,,England,ST,"CB,LW",700000.0
245300,8430,Sonny Bradley,1991-09-13T00:00:00.000Z,183.0,left,England,CB,,175000.0
211837,8430,Tendayi Darikwa,1991-12-13T00:00:00.000Z,188.0,right,Zimbabwe,RB,RWB,200000.0
360099,8430,Conor McGrandles,1995-09-24T00:00:00.000Z,183.0,right,Scotland,DM,CM,400000.0
640626,8676,Daniel Harvie,1998-07-14T00:00:00.000Z,173.0,left,Scotland,LB,"CB,LWB,LM",600000.0
210819,8484,Max Power,1993-07-27T00:00:00.000Z,181.0,right,England,DM,CM,200000.0
687506,9798,Joel Pereira,1996-06-28T00:00:00.000Z,188.0,right,Portugal,GK,,325000.0
1117751,8483,Oliver Casey,2000-10-14T00:00:00.000Z,188.0,,England,CB,,750000.0
524657,8528,Will Aimson,1994-06-03T00:00:00.000Z,179.0,right,England,CB,,200000.0
954622,8559,George Johnston,1998-09-01T00:00:00.000Z,181.0,left,Scotland,CB,LB,800000.0
698500,8483,Bailey Peacock-Farrell,1996-10-29T00:00:00.000Z,188.0,left,Northern Ireland,GK,,900000.0
402762,9818,Liam Roberts,1994-11-21T00:00:00.000Z,183.0,right,England,GK,,200000.0
937066,9796,Bali Mumba,2001-10-08T00:00:00.000Z,168.0,right,England,LWB,"LM,AM,LW",1700000.0
791692,8528,Fraser Murray,1999-05-07T00:00:00.000Z,,right,Scotland,RW,"RWB,LWB,RM,AM,LW",600000.0
581517,8484,Ibou Touray,1994-12-24T00:00:00.000Z,177.0,left,Gambia,LWB,"CB,LB,LM",225000.0
210971,10007,Oliver Norwood,1991-04-12T00:00:00.000Z,180.0,right,Northern Ireland,DM,CM,200000.0
650647,8645,Charlie Goode,1995-08-03T00:00:00.000Z,180.0,right,England,CB,,300000.0
1130978,8344,Joel Bagan,2001-09-03T00:00:00.000Z,193.0,left,England,LB,,1000000.0
199820,10253,Carl Piergianni,1992-05-03T00:00:00.000Z,185.0,,England,CB,,75000.0
1126173,8483,Jordan Brown,2001-06-21T00:00:00.000Z,181.0,right,England,DM,"RB,CM,RW,AM",650000.0
759811,8427,Bradley Collins,1997-02-18T00:00:00.000Z,182.0,right,England,GK,,900000.0
568581,8677,Alex Bass,1998-04-01T00:00:00.000Z,185.0,right,England,GK,,375000.0
962026,10253,Harvey White,2001-09-19T00:00:00.000Z,178.0,left,England,DM,"CM,AM",700000.0
1122585,9833,Jayden Wareham,2003-05-13T00:00:00.000Z,177.0,,England,ST,,400000.0
877647,8430,Thomas Hamer,1999-10-01T00:00:00.000Z,188.0,right,England,CB,,600000.0
507303,158319,Ryan Johnson,1996-10-02T00:00:00.000Z,188.0,left,Northern Ireland,CB,,250000.0
538114,9796,Ryan Ledson,1997-08-19T00:00:00.000Z,175.0,right,England,DM,CM,1500000.0
1010219,8283,Luca Connell,2001-04-20T00:00:00.000Z,177.0,left,Ireland,DM,CM,
1247997,8451,Alexander Mitchell,2001-10-07T00:00:00.000Z,191.0,,England,CB,,800000.0
1254208,8351,Dominic Ballard,2005-04-01T00:00:00.000Z,,,England,ST,,2000000.0
1253868,9826,Joe Whitworth,2004-02-29T00:00:00.000Z,179.0,right,England,GK,,1500000.0
1211644,9798,Charlie Savage,2003-05-02T00:00:00.000Z,182.0,left,Wales,CM,"DM,AM",900000.0
1098754,1331802,Ethan Brierley,2003-11-23T00:00:00.000Z,173.0,,England,DM,"CM,AM",375000.0
846102,8651,Dean Campbell,2001-03-19T00:00:00.000Z,182.0,left,Scotland,CM,DM,400000.0
515999,8676,Fred Onyedinma,1996-11-24T00:00:00.000Z,185.0,right,Nigeria,RW,"LW,ST",700000.0
406928,10253,Jamie Reid,1994-07-15T00:00:00.000Z,181.0,right,Northern Ireland,ST,,200000.0
609712,9833,Jack McMillan,1997-12-18T00:00:00.000Z,183.0,right,Scotland,DM,"RB,CB,LB,RWB,LWB",400000.0
830550,158319,Nathan Bishop,1999-10-15T00:00:00.000Z,185.0,right,England,GK,,350000.0
791808,9903,Luke Molyneux,1998-03-29T00:00:00.000Z,180.0,left,England,RW,"DM,RM",600000.0
886140,8484,Josh Neufville,2001-03-22T00:00:00.000Z,183.0,right,England,RWB,RM,700000.0
882882,9792,Alex Hartridge,1999-03-09T00:00:00.000Z,185.0,left,England,CB,,450000.0
1055829,10253,Terry Taylor,2001-06-29T00:00:00.000Z,185.0,right,Wales,CM,"DM,AM",300000.0
330467,8119,Joe Rafferty,1993-10-06T00:00:00.000Z,184.0,right,Ireland,CB,"RB,AM",200000.0
961984,10251,Callum Wright,2000-05-02T00:00:00.000Z,182.0,right,England,AM,CM,750000.0
795404,9818,Will Evans,1997-07-01T00:00:00.000Z,185.0,left,Wales,ST,"AM,LW",500000.0
522440,9796,Marcus Harness,1996-02-24T00:00:00.000Z,182.0,right,England,AM,"DM,CM,RW",750000.0
664506,8645,Ryan Wintle,1997-06-13T00:00:00.000Z,167.0,right,England,DM,CM,3000000.0
307178,9833,Pierce Sweeney,1994-09-11T00:00:00.000Z,183.0,right,Ireland,CB,RB,200000.0
974243,9799,Connor Hall,1993-05-23T00:00:00.000Z,193.0,left,England,CB,,125000.0
979407,9792,Udoka Godwin-Malife,2000-05-09T00:00:00.000Z,180.0,right,England,CB,"RB,RWB",550000.0
860282,8559,Eoin Toal,1999-02-15T00:00:00.000Z,191.0,right,Northern Ireland,CB,,800000.0
590619,9798,Paudie O'Connor,1997-07-14T00:00:00.000Z,191.0,right,Ireland,CB,LB,650000.0
716410,8483,Ashley Fletcher,1995-10-02T00:00:00.000Z,185.0,right,England,ST,,325000.0
1469332,8677,Kyrell Lisbie,2003-12-01T00:00:00.000Z,,,England,LW,RW,225000.0
877672,10007,Jack Diamond,2000-01-12T00:00:00.000Z,175.0,right,England,AM,"RWB,RM,RW,LW",700000.0
198563,8676,Jack Grimmer,1994-01-25T00:00:00.000Z,179.0,right,Scotland,RB,"CB,RM",225000.0
1194102,8559,Max Conway,2003-09-05T00:00:00.000Z,,left,England,LB,LM,450000.0
659198,9799,Cameron Humphreys,1998-08-22T00:00:00.000Z,187.0,right,England,CB,,600000.0
1075747,9818,Frazer Blake-Tracy,1995-09-10T00:00:00.000Z,183.0,left,England,CB,"LB,LWB,LM,LW",200000.0
1524026,8283,Jack Shepherd,2001-03-06T00:00:00.000Z,189.0,left,England,CB,LB,
1204282,8430,Robert Street,2001-09-26T00:00:00.000Z,186.0,right,England,ST,"DM,RM,RW,AM,LW",450000.0
289138,8346,Kal Naismith,1992-02-18T00:00:00.000Z,170.0,right,Scotland,CB,LB,200000.0
1089762,9792,Kgaogelo Chauke,2003-01-08T00:00:00.000Z,177.0,,England,DM,CM,
463871,8119,Reece James,1993-11-07T00:00:00.000Z,171.0,left,England,LB,"CB,LWB,LM,LW",200000.0
970296,10252,Joe Gauci,2000-07-04T00:00:00.000Z,194.0,right,Australia,GK,,1200000.0
352847,8676,Will Norris,1993-08-12T00:00:00.000Z,195.0,left,England,GK,,300000.0
500882,9818,Adedeji Oshilaja,1993-02-26T00:00:00.000Z,181.0,right,England,CB,,150000.0
1111613,584615,Jamal Baptiste,2003-11-11T00:00:00.000Z,185.0,,England,CB,LB,250000.0
259301,8346,Jordan Clark,1993-09-22T00:00:00.000Z,183.0,right,England,AM,"DM,CM",500000.0
896053,8528,Jensen Weir,2002-01-31T00:00:00.000Z,184.0,right,England,DM,"CB,RWB,CM,RW,AM",450000.0
511032,10170,Ben Osborn,1994-08-05T00:00:00.000Z,176.0,left,England,LWB,"LB,DM,CM,LM,AM,LW",700000.0
562592,8283,Adam Phillips,1998-01-15T00:00:00.000Z,180.0,right,England,AM,"DM,RM,RW",650000.0
1606170,8283,Jonathan Bland,2005-10-24T00:00:00.000Z,,,Wales,DM,"RB,CM",150000.0
1409928,8667,Thimothée Lo-Tutala,2003-02-13T00:00:00.000Z,185.0,right,France,GK,,400000.0
981179,8485,Nesta Guinness-Walker,1999-09-14T00:00:00.000Z,180.0,left,England,LM,"CB,LB,LWB,RWB,CM",300000.0
959774,8401,Mathias Ross,2001-01-15T00:00:00.000Z,190.0,right,Denmark,CB,,750000.0
1395985,8283,Patrick Kelly,2004-10-02T00:00:00.000Z,,,Northern Ireland,AM,"DM,LWB,CM,RW",350000.0
789565,10253,Dan Kemp,1999-01-11T00:00:00.000Z,168.0,left,England,AM,"RM,CM,RW",550000.0
866650,8430,Reeco Hackett,1998-01-09T00:00:00.000Z,191.0,left,Saint Lucia,RW,"RM,AM,LW",550000.0
1189622,773683,Nigel Lonwijk,2002-10-27T00:00:00.000Z,190.0,right,Netherlands,RB,"CB,LWB",1200000.0
583435,10251,Jason Kerr,1997-02-06T00:00:00.000Z,188.0,right,Scotland,CB,,700000.0
524655,9818,Louis Reed,1997-07-25T00:00:00.000Z,173.0,right,England,DM,CM,375000.0
261303,158319,Jake Reeves,1993-05-30T00:00:00.000Z,167.0,,England,CM,DM,125000.0
297209,8651,Sam Hoskins,1993-02-04T00:00:00.000Z,173.0,right,England,RM,"RWB,LM,RW,AM,LW,ST",125000.0
1288285,8677,Harry Leonard,2003-09-12T00:00:00.000Z,184.0,right,England,ST,AM,1500000.0
1415372,1183385,Owen Goodman,2003-11-27T00:00:00.000Z,193.0,left,Canada,GK,,550000.0
1113824,9798,Jeriel Dorsett,2002-05-04T00:00:00.000Z,185.0,left,Montserrat,LB,CB,450000.0
231596,8411,Lee Nicholls,1992-10-05T00:00:00.000Z,191.0,right,England,GK,,400000.0
1249605,10004,Jenson Metcalfe,2004-09-06T00:00:00.000Z,183.0,right,England,DM,CM,300000.0
203866,8484,Antoni Sarcevic,1992-03-13T00:00:00.000Z,183.0,right,England,AM,RW,50000.0
488623,8119,Cameron Dawson,1995-07-07T00:00:00.000Z,189.0,right,England,GK,,300000.0
742347,10253,Luther Wildin,1997-12-03T00:00:00.000Z,178.0,right,Antigua and Barbuda,RB,"CB,RWB",
932610,8462,Odin Bailey,1999-12-08T00:00:00.000Z,178.0,left,England,DM,"CM,AM,LW",500000.0
827248,8485,Daniel Happe,1998-09-28T00:00:00.000Z,195.0,left,England,CB,,300000.0
708872,4681,Zak Jules,1997-02-07T00:00:00.000Z,190.0,left,Scotland,CB,,275000.0
254473,9796,Murray Wallace,1993-01-10T00:00:00.000Z,186.0,left,Scotland,CB,LB,400000.0
838174,9792,Tyrese Shade,2000-06-09T00:00:00.000Z,183.0,right,St. Kitts and Nevis,ST,,250000.0
1292838,1070257,Daniel Gore,2004-09-26T00:00:00.000Z,170.0,right,England,DM,"CM,RW,AM",1000000.0
1113899,8427,Lorent Tolaj,2001-10-23T00:00:00.000Z,179.0,,Switzerland,ST,,1500000.0
406926,8528,Morgan Fox,1993-09-21T00:00:00.000Z,185.0,left,Wales,CB,,325000.0
654089,158319,Marcus Browne,1997-12-18T00:00:00.000Z,179.0,right,England,ST,"RM,CM,RW,AM,LW",175000.0
815772,8283,Corey O'Keeffe,1998-06-05T00:00:00.000Z,184.0,right,Ireland,RB,"CB,LB,RWB",550000.0
489335,8559,Josh Sheehan,1995-03-30T00:00:00.000Z,184.0,right,Wales,DM,CM,400000.0
1075210,9792,Jack Armer,2001-04-16T00:00:00.000Z,185.0,left,Scotland,LWB,"CB,LB,LM",550000.0
621849,8401,Ronan Curtis,1996-03-29T00:00:00.000Z,182.0,right,Ireland,RM,"RWB,LM,RW,AM,ST",200000.0
607858,8484,Curtis Tilt,1991-08-04T00:00:00.000Z,192.0,left,Jamaica,CB,,50000.0
519444,8651,Cameron McGeehan,1995-04-06T00:00:00.000Z,180.0,right,Northern Ireland,RW,"DM,RM,CM,AM",250000.0
183747,8677,Tom Lees,1990-11-28T00:00:00.000Z,185.0,right,England,CB,,125000.0
982679,8528,Matthew Smith,2000-10-05T00:00:00.000Z,176.0,right,England,DM,"CM,AM",325000.0
354785,8676,Luke Leahy,1992-11-19T00:00:00.000Z,178.0,left,England,DM,"CM,AM",100000.0
791428,9903,Jack Senior,1997-01-13T00:00:00.000Z,174.0,left,England,LB,,150000.0
184318,8401,Joe Edwards,1990-10-31T00:00:00.000Z,173.0,right,England,RB,"CB,RWB,CM",50000.0
563058,8344,Perry Ng,1996-04-27T00:00:00.000Z,180.0,right,Singapore,RB,,1200000.0
401933,9792,George Evans,1994-12-13T00:00:00.000Z,184.0,both,England,DM,"CB,CM,AM",150000.0
1254170,10204,Amario Cozier-Duberry,2005-05-29T00:00:00.000Z,170.0,left,England,RW,"DM,RM",5000000.0
282276,8676,Cauley Woodrow,1994-12-02T00:00:00.000Z,184.0,right,England,ST,AM,400000.0
1227404,8283,Reyes Cleary,2004-04-13T00:00:00.000Z,185.0,right,England,LW,"LM,AM",250000.0
1098785,8344,William Fish,2003-02-17T00:00:00.000Z,185.0,right,England,CB,,800000.0
261801,8430,Adam Reach,1993-02-03T00:00:00.000Z,185.0,left,England,LB,LWB,350000.0
630953,8346,Mads Juel Andersen,1997-12-27T00:00:00.000Z,194.0,right,Denmark,CB,,2000000.0
662373,8484,Aden Baldwin,1997-06-10T00:00:00.000Z,183.0,right,England,CB,,300000.0
1254240,773678,Kamari Doyle,2005-08-01T00:00:00.000Z,,both,England,AM,"CM,LM,RW,LW",500000.0
748520,8351,Tyreeq Bakinson,1998-10-10T00:00:00.000Z,185.0,right,England,DM,CM,350000.0
1180735,8119,Arjany Martha,2003-09-04T00:00:00.000Z,180.0,left,Curacao,RW,"CM,LM,AM,LW,ST",700000.0
952303,8653,Peter Kioso,1999-08-15T00:00:00.000Z,183.0,right,DR Congo,RB,"CB,RM",750000.0
564531,158319,Myles Hippolyte,1994-11-09T00:00:00.000Z,183.0,left,Grenada,CM,"LM,AM,LW",125000.0
716230,8346,Liam Walsh,1997-09-15T00:00:00.000Z,168.0,right,England,DM,CM,700000.0
789589,10253,Lewis Freestone,1999-10-26T00:00:00.000Z,187.0,left,England,LB,CB,300000.0
759589,8559,Jordi Osei-Tutu,1998-10-02T00:00:00.000Z,176.0,right,England,RB,"RM,LM,LW",400000.0
673437,8483,CJ Hamilton,1995-03-23T00:00:00.000Z,185.0,left,Ireland,LW,"LB,RWB,LWB,LM,AM",300000.0
1203511,9798,Daniel Kyerewaa,2001-10-05T00:00:00.000Z,175.0,right,Germany,LW,"LWB,RW,AM",650000.0
677988,9833,Jack Fitzwater,1997-09-23T00:00:00.000Z,188.0,right,England,CB,,300000.0
821400,9792,Toby Sibbick,1999-05-23T00:00:00.000Z,189.0,right,Uganda,CB,"RB,LWB",550000.0
1293027,8667,Mason Burstow,2003-08-04T00:00:00.000Z,187.0,right,England,ST,"RW,AM,LW",2800000.0
766617,8401,Conor Hazard,1998-03-05T00:00:00.000Z,198.0,left,Northern Ireland,GK,,700000.0
31922,8283,David McGoldrick,1987-11-29T00:00:00.000Z,185.0,right,Ireland,ST,"AM,LW",25000.0
654102,8119,Joe Powell,1998-10-30T00:00:00.000Z,178.0,left,England,CM,"DM,LM,AM,LW",800000.0
617219,8483,George Honeyman,1994-09-08T00:00:00.000Z,173.0,right,England,AM,"DM,RM,CM,LM",500000.0
674498,8344,Chris Willock,1998-01-31T00:00:00.000Z,178.0,right,England,LW,RW,1200000.0
877450,9796,Lasse Sørensen,1999-10-21T00:00:00.000Z,185.0,right,Denmark,RB,"RWB,RM",600000.0
750841,9833,Jack Aitchison,2000-03-05T00:00:00.000Z,180.0,right,Scotland,AM,"DM,LM",325000.0
1189606,8483,Tom Bloxham,2003-11-01T00:00:00.000Z,195.0,,England,ST,"RM,RW",600000.0
1075519,8401,Matthew Sorinola,2001-02-19T00:00:00.000Z,173.0,right,England,LB,"RB,RWB,LWB,LM,LW",700000.0
187427,9818,Stephen McLaughlin,1990-06-14T00:00:00.000Z,178.0,left,Ireland,LB,"DM,LWB,LM",50000.0
631245,9903,Jamie Sterry,1995-11-21T00:00:00.000Z,180.0,right,England,RB,,125000.0
780485,8119,Sam Nombe,1998-10-22T00:00:00.000Z,180.0,,England,ST,,800000.0
1308353,8677,Brandon Khela,2005-01-19T00:00:00.000Z,,,England,DM,"CM,AM",350000.0
742398,8283,Tennai Watson,1997-03-04T00:00:00.000Z,184.0,right,England,RB,"CB,LB",175000.0
1227324,8344,Rubin Colwill,2002-04-27T00:00:00.000Z,189.0,right,Wales,AM,CM,2000000.0
1123529,8651,Tyrese Fornah,1999-09-11T00:00:00.000Z,190.0,,Sierra Leone,LW,"DM,RM,CM,RW,AM",350000.0
654084,9818,Kyle Knoyle,1996-09-24T00:00:00.000Z,177.0,right,England,RB,CB,200000.0
1113786,8351,Oliver O'Neill,2003-01-08T00:00:00.000Z,,,Ireland,LW,"RW,AM",650000.0
1127293,8559,Chris Forino-Joseph,2000-04-26T00:00:00.000Z,191.0,right,Saint Lucia,CB,,
1041477,8676,Taylor Allen,2000-06-16T00:00:00.000Z,178.0,left,England,CB,LB,350000.0
303922,10253,Jordan Roberts,1994-01-05T00:00:00.000Z,180.0,left,England,RW,"LWB,LM,ST",150000.0
1296772,8659,Jimmy-Jay Morgan,2006-01-21T00:00:00.000Z,,right,England,AM,ST,350000.0
1183360,8344,Yousef Salech,2002-01-17T00:00:00.000Z,195.0,right,Denmark,ST,,3800000.0
1639134,8344,Dylan Lawlor,2006-01-01T00:00:00.000Z,,right,Wales,CB,,1800000.0
1184485,9796,Seán Roughan,2003-03-14T00:00:00.000Z,183.0,left,Ireland,CB,"LB,LWB,LM",1000000.0
1441584,9903,Jay McGrath,2003-04-15T00:00:00.000Z,185.0,,England,CB,,300000.0
1420829,8451,Nathan Asiimwe,2004-12-29T00:00:00.000Z,182.0,right,Uganda,RWB,RM,275000.0
881519,8430,Tom Bayliss,1999-04-06T00:00:00.000Z,183.0,right,England,DM,"CM,AM",550000.0
301465,8651,Ross Fitzsimons,1994-05-28T00:00:00.000Z,185.0,right,England,GK,,100000.0
417067,8346,George Saville,1993-06-01T00:00:00.000Z,176.0,left,Northern Ireland,DM,CM,700000.0
1235088,8677,David Okagbue,2004-02-04T00:00:00.000Z,184.0,right,Ireland,CB,,325000.0
1116148,8528,Christian Saydee,2002-05-10T00:00:00.000Z,181.0,right,England,ST,AM,400000.0
302785,9903,Matthew Pearson,1993-08-03T00:00:00.000Z,190.0,,England,CB,RB,550000.0
1006080,9903,Robbie Gotts,1999-11-09T00:00:00.000Z,177.0,right,England,DM,AM,275000.0
789566,8559,Sam Dalby,1999-12-07T00:00:00.000Z,190.0,,England,ST,AM,1000000.0
817096,8484,Stephen Humphrys,1997-09-15T00:00:00.000Z,184.0,right,England,ST,LW,550000.0
722756,9786,Jack Simpson,1996-12-18T00:00:00.000Z,178.0,left,England,CB,LB,225000.0
1336717,9796,Joe Taylor,2002-11-18T00:00:00.000Z,182.0,right,Wales,ST,,600000.0
1187359,8651,Max Dyche,2003-02-22T00:00:00.000Z,184.0,,England,CB,,150000.0
1519290,8484,Bobby Pointon,2004-01-04T00:00:00.000Z,170.0,left,England,AM,LW,550000.0
1089611,8484,Tyreik Samuel Wright,2001-09-22T00:00:00.000Z,179.0,right,Ireland,LWB,"AM,RW",350000.0
1213684,10007,Brad Hills,2004-03-10T00:00:00.000Z,188.0,right,England,CB,,650000.0
957358,9796,Radinio Balker,1998-09-03T00:00:00.000Z,193.0,right,Suriname,CB,,550000.0
780414,10007,Josh Dacres-Cogley,1996-03-12T00:00:00.000Z,174.0,right,England,RB,"CB,RWB,RM",500000.0
1288279,9799,George Hall,2004-07-15T00:00:00.000Z,175.0,right,England,RW,"RWB,RM,CM,AM,ST",750000.0
776152,8676,Aaron Morley,2000-02-27T00:00:00.000Z,185.0,right,England,DM,CM,900000.0
1188049,9798,Kelvin Ehibhatiomhan,2003-04-23T00:00:00.000Z,191.0,,England,ST,LW,450000.0
729738,8351,Sean Clare,1996-09-18T00:00:00.000Z,190.0,right,England,DM,"RB,RWB,CM",250000.0
488205,8346,Devante Cole,1995-05-10T00:00:00.000Z,185.0,right,England,ST,,350000.0
541830,8351,Tom James,1996-04-15T00:00:00.000Z,180.0,right,Wales,LB,"RB,CB",300000.0
243132,8346,Nahki Wells,1990-06-01T00:00:00.000Z,170.0,right,Bermuda,ST,AM,200000.0
516273,8484,Matthew Pennington,1994-10-06T00:00:00.000Z,185.0,right,England,CB,,250000.0
1533543,8344,Cian Ashford,2004-09-24T00:00:00.000Z,179.0,both,Wales,RW,"LM,LW",1500000.0
280865,8483,Michael Ihiekwe,1992-11-20T00:00:00.000Z,186.0,right,England,CB,,200000.0
1125736,9796,Joseph Low,2002-02-20T00:00:00.000Z,196.0,,Wales,CB,,550000.0
1292828,8346,Gideon Kodua,2004-10-02T00:00:00.000Z,,,England,AM,"RWB,RW,LW",400000.0
1137375,9903,George Broadbent,2000-09-30T00:00:00.000Z,175.0,right,England,DM,"CM,AM",300000.0
664521,9903,Harry Clifton,1998-06-12T00:00:00.000Z,180.0,right,England,AM,CM,275000.0
816434,9796,Alfie May,1993-07-02T00:00:00.000Z,176.0,right,England,ST,AM,450000.0
1113742,8351,Charlie Wellens,2002-12-05T00:00:00.000Z,,,England,AM,RW,200000.0
658364,8651,Conor McCarthy,1998-04-11T00:00:00.000Z,193.0,right,Ireland,CB,,275000.0
1118910,8344,Alex Robertson,2003-04-17T00:00:00.000Z,182.0,right,Australia,DM,,1500000.0
877581,8430,Ben House,1999-07-05T00:00:00.000Z,183.0,,England,LW,"CM,LM,AM",500000.0
1370500,8401,Aribim Pepple,2002-12-25T00:00:00.000Z,185.0,right,Canada,ST,,375000.0
1108605,8677,Matthew Garbett,2002-04-13T00:00:00.000Z,188.0,right,New Zealand,AM,"CM,RW,LW",450000.0
1243220,8676,Connor Taylor,2001-10-25T00:00:00.000Z,183.0,right,England,CB,,600000.0
1185779,8430,Ryley Towler,2002-05-06T00:00:00.000Z,187.0,left,England,LB,CB,600000.0
601346,9818,Ryan Sweeney,1997-04-15T00:00:00.000Z,185.0,left,England,CB,,400000.0
1533556,8677,James Dornelly,2005-04-14T00:00:00.000Z,,,England,RB,CB,175000.0
766648,158319,Callum Maycock,1997-12-23T00:00:00.000Z,,right,England,CM,"RW,AM,ST",175000.0
1315477,8455,Omari Kellyman,2005-09-25T00:00:00.000Z,191.0,left,England,ST,"RW,AM",1700000.0
1398915,10260,Ethan Wheatley,2006-01-20T00:00:00.000Z,187.0,right,England,ST,AM,250000.0
798643,8483,Hayden Coulson,1998-06-17T00:00:00.000Z,172.0,left,England,LB,"LWB,LM,LW",400000.0
837586,8676,Anders Hagelskjær,1997-02-16T00:00:00.000Z,192.0,left,Denmark,CB,,650000.0
1239448,9818,Nathan Moriah-Welsh,2002-03-18T00:00:00.000Z,172.0,right,Guyana,RW,"CM,AM",300000.0
658477,10253,Jordan Houghton,1995-11-05T00:00:00.000Z,183.0,,England,DM,,750000.0
520238,9818,Rhys Oates,1994-12-04T00:00:00.000Z,183.0,,England,ST,"AM,LW",100000.0
1086546,10253,Daniel Phillips,2001-01-18T00:00:00.000Z,175.0,right,Trinidad and Tobago,DM,"CM,RW,AM",250000.0
75416,9818,Lucas Akins,1989-02-25T00:00:00.000Z,180.0,right,Grenada,RWB,"RB,RM,RW,AM,ST",50000.0
791809,8676,Dan Casey,1997-10-29T00:00:00.000Z,186.0,right,Ireland,CB,,450000.0
514802,8283,Eoghan O'Connell,1995-08-13T00:00:00.000Z,185.0,right,Ireland,CB,LB,400000.0
1520214,9833,Luca Woodhouse,2004-07-25T00:00:00.000Z,188.0,,England,CB,LWB,100000.0
821660,8483,Fraser Horsfall,1996-11-12T00:00:00.000Z,190.0,right,England,CB,,275000.0
1196750,8430,Jack Moylan,2001-09-01T00:00:00.000Z,,right,Ireland,AM,"LM,LW",800000.0
301631,9798,Derrick Williams,1993-01-17T00:00:00.000Z,180.0,left,Ireland,CB,,0.0
961989,10007,Joseph Olowu,1999-11-27T00:00:00.000Z,184.0,right,England,CB,,375000.0
962702,158319,Joe Lewis,1999-09-20T00:00:00.000Z,188.0,right,Wales,CB,,300000.0
662732,10007,Owen Moxon,1998-01-17T00:00:00.000Z,186.0,right,England,DM,"CM,AM",500000.0
816316,585797,Omar Bugiel,1994-01-03T00:00:00.000Z,188.0,right,Lebanon,ST,,150000.0
1081906,8119,Denzel Hall,2001-05-22T00:00:00.000Z,180.0,right,Netherlands,RM,"CB,RWB,RW",500000.0
1096703,8677,Carl Johnston,2002-05-29T00:00:00.000Z,175.0,right,Northern Ireland,LB,"RB,RWB",250000.0
1117871,773652,Teddy Sharman-Lowe,2003-03-30T00:00:00.000Z,189.0,right,England,GK,,
1045828,8528,Dara Costelloe,2002-12-11T00:00:00.000Z,175.0,both,Ireland,ST,AM,400000.0
1263278,8676,Jamie Mullins,2004-09-29T00:00:00.000Z,,,Ireland,AM,"DM,CM",225000.0
776161,9903,Brandon Hanlan,1997-05-31T00:00:00.000Z,188.0,right,England,ST,RW,200000.0
789549,9818,Aaron Lewis,1998-06-26T00:00:00.000Z,183.0,right,Wales,DM,AM,300000.0
1086249,8344,Ollie Tanner,2002-05-13T00:00:00.000Z,177.0,left,England,RW,LW,1200000.0
1107651,8456,Finley Burns,2003-06-17T00:00:00.000Z,191.0,right,England,CB,,800000.0
743471,9833,Reece Cole,1998-02-17T00:00:00.000Z,178.0,right,England,AM,CM,200000.0
956166,8401,Brendan Sarpong-Wiredu,1999-11-07T00:00:00.000Z,191.0,right,England,CB,"DM,CM",
1223119,8430,Freddie Draper,2004-07-28T00:00:00.000Z,178.0,right,England,ST,AM,550000.0
1123627,8283,Maël de Gevigney,1999-09-21T00:00:00.000Z,186.0,right,France,CB,"RB,LB",550000.0
1116648,9799,Ben Garrity,1997-02-21T00:00:00.000Z,183.0,right,England,CM,AM,300000.0
505469,9799,Ryan Croasdale,1994-09-26T00:00:00.000Z,175.0,right,England,CM,DM,175000.0
728127,9792,Corey Addai,1997-10-10T00:00:00.000Z,195.0,right,Jamaica,GK,,400000.0
1405022,8344,Joel Colwill,2004-10-27T00:00:00.000Z,,,Wales,AM,"DM,CM,ST",900000.0
1096398,8559,Xavier Simons,2003-02-20T00:00:00.000Z,180.0,right,England,DM,CM,800000.0
299148,8559,Jack Bonham,1993-09-14T00:00:00.000Z,191.0,right,England,GK,,225000.0
822135,8653,Owen Dale,1998-11-01T00:00:00.000Z,175.0,right,England,LM,"RWB,LWB,RM,RW,LW",450000.0
1115145,9798,Paddy Lane,2001-02-18T00:00:00.000Z,175.0,left,Northern Ireland,RW,"AM,LW",550000.0
983186,9799,Kyle John,2001-02-13T00:00:00.000Z,176.0,right,England,CB,"RB,RWB,RM",225000.0
1197515,9792,Charlie Webster,2004-01-31T00:00:00.000Z,177.0,,England,DM,"CM,AM",900000.0
620124,9796,Lynden Gooch,1995-12-24T00:00:00.000Z,173.0,right,USA,RWB,"RB,DM,RM",600000.0
184476,10173,Omar Beckles,1991-10-25T00:00:00.000Z,191.0,right,Grenada,CB,,50000.0
775612,9799,Jordan Gabriel,1998-09-25T00:00:00.000Z,179.0,right,England,RWB,"RB,CB,RM,RW",600000.0
750845,8344,David Turnbull,1999-07-10T00:00:00.000Z,177.0,both,Scotland,DM,"CM,AM",2000000.0
1098780,8346,Teden Mengi,2002-04-30T00:00:00.000Z,183.0,right,England,CB,,3000000.0
193210,8651,Tom Eaves,1992-01-14T00:00:00.000Z,191.0,right,England,ST,,75000.0
1668671,8344,Ronan Kpakio,2007-05-25T00:00:00.000Z,178.0,right,Wales,RB,,1200000.0
480791,8484,Joe Wright,1995-02-26T00:00:00.000Z,193.0,right,England,CB,,300000.0
253632,8651,Lee Burge,1993-01-09T00:00:00.000Z,180.0,both,England,GK,,75000.0
23229,9903,Billy Sharp,1986-02-05T00:00:00.000Z,175.0,right,England,ST,AM,25000.0
932160,8559,Thierry Gale,2002-05-01T00:00:00.000Z,168.0,right,Barbados,LW,,550000.0
171786,9799,Funso Ojo,1991-08-28T00:00:00.000Z,177.0,right,Belgium,CM,DM,50000.0
445481,9798,Jack Marriott,1994-09-09T00:00:00.000Z,174.0,right,England,ST,,400000.0
1194294,8483,Zac Ashworth,2002-09-06T00:00:00.000Z,176.0,,Wales,LWB,"CB,LB,LM,LW",300000.0
1250240,357203,Josh Feeney,2005-05-06T00:00:00.000Z,193.0,right,England,CB,,650000.0
425255,8344,Calum Chambers,1995-01-20T00:00:00.000Z,182.0,right,England,CB,,900000.0
864894,8283,Josh Earl,1998-10-24T00:00:00.000Z,192.0,left,England,CB,LB,650000.0
867081,9833,Jake Doyle-Hayes,1998-12-30T00:00:00.000Z,,,Ireland,DM,CM,350000.0
1561862,10163,Harry Gray,2008-10-08T00:00:00.000Z,181.0,,England,ST,LW,700000.0
1533558,8677,Harley Mills,2005-11-03T00:00:00.000Z,,,England,LB,LWB,150000.0
1329227,10251,Azeem Abdulai,2002-12-09T00:00:00.000Z,183.0,right,Scotland,DM,AM,400000.0
1077895,8676,Caolan Boyd-Munce,2000-01-26T00:00:00.000Z,183.0,left,Northern Ireland,DM,CM,500000.0
675040,9818,Regan Hendry,1998-01-21T00:00:00.000Z,176.0,right,Scotland,AM,"DM,CM",250000.0
969245,8651,Jack Burroughs,2001-03-21T00:00:00.000Z,188.0,,Scotland,RWB,"RB,CB,RM,CM",275000.0
874617,8351,Aaron Connolly,2000-01-28T00:00:00.000Z,174.0,right,Ireland,LW,"AM,ST",1800000.0
914169,8559,Ethan Erhahon,2001-05-09T00:00:00.000Z,173.0,left,Scotland,DM,,750000.0
1029778,8351,Idris El Mizouni,2000-09-26T00:00:00.000Z,185.0,right,Tunisia,DM,"CM,AM",650000.0
1232216,8430,Ivan Varfolomeev,2004-03-24T00:00:00.000Z,180.0,,Ukraine,DM,CM,700000.0
165555,9833,Danny Andrew,1990-12-23T00:00:00.000Z,180.0,left,England,LB,"CB,LWB",50000.0
618707,8119,Shaun McWilliams,1998-08-14T00:00:00.000Z,180.0,right,England,CM,"DM,RW,AM",250000.0
759507,9798,Liam Fraser,1998-02-13T00:00:00.000Z,183.0,right,Canada,DM,CM,550000.0
810583,9799,Liam Gordon,1999-05-15T00:00:00.000Z,183.0,left,Guyana,LM,"CB,LB,LWB",250000.0
231202,8483,James Husband,1994-01-03T00:00:00.000Z,179.0,left,England,CB,,175000.0
844937,8483,Josh Bowler,1999-03-05T00:00:00.000Z,184.0,left,England,AM,"RM,CM,RW",600000.0
1327975,8346,Reuell Walters,2004-12-16T00:00:00.000Z,186.0,right,England,RW,"RB,CB,RWB,RM",2500000.0
1186459,9938,Michael Forbes,2004-04-29T00:00:00.000Z,188.0,,Northern Ireland,CB,,450000.0
1351007,8651,Jack Perkins,2003-10-26T00:00:00.000Z,178.0,,England,LM,"CB,LB,LWB,DM,CM",175000.0
877444,9903,Jordan Gibson,1998-02-26T00:00:00.000Z,178.0,right,England,LW,"RW,ST",300000.0
1022849,8152,Scott Banks,2001-09-26T00:00:00.000Z,183.0,left,Scotland,RW,"RM,LM,LW",400000.0
746408,9796,David Kasumu,1999-10-05T00:00:00.000Z,180.0,,Nigeria,DM,"CM,RW,AM,ST",700000.0
1562448,8283,Vimal Yoganathan,2006-01-13T00:00:00.000Z,,left,Wales,DM,"RW,AM",175000.0
885319,8676,Ewan Henderson,2000-03-27T00:00:00.000Z,186.0,right,Scotland,DM,"CM,AM",550000.0
279487,8484,Neill Byrne,1993-02-02T00:00:00.000Z,190.0,,Ireland,CB,,50000.0
1096390,8283,Jonathan Russell,2000-10-09T00:00:00.000Z,193.0,right,Jamaica,AM,"DM,RW",750000.0
1533554,9799,Rhys Walters,2005-11-18T00:00:00.000Z,,,England,CM,DM,125000.0
490135,8119,Jordan Hugill,1992-06-04T00:00:00.000Z,183.0,right,England,ST,,125000.0
1081240,8676,Junior Quitirna,2000-04-25T00:00:00.000Z,170.0,right,Guinea-Bissau,RW,RWB,325000.0
846686,8351,Demetri Mitchell,1997-01-11T00:00:00.000Z,181.0,left,England,RW,"LB,RWB,AM,LW",175000.0
982299,8401,Luca Ashby-Hammond,2001-03-25T00:00:00.000Z,185.0,right,England,GK,,300000.0
1286945,8528,James Carragher,2002-11-11T00:00:00.000Z,192.0,right,Malta,CB,,250000.0
820094,8645,Cohen Bramall,1996-04-02T00:00:00.000Z,178.0,left,England,LW,"LB,LWB,LM",350000.0
1077221,8528,Joseph Hungbo,2000-01-15T00:00:00.000Z,180.0,left,England,LW,"LWB,RM",375000.0
1188024,9833,Ed Turns,2002-10-18T00:00:00.000Z,182.0,left,Wales,CB,,450000.0
316688,8401,Brendan Galloway,1996-03-17T00:00:00.000Z,188.0,left,Zimbabwe,LB,CB,250000.0
180137,9833,Josh Magennis,1990-08-15T00:00:00.000Z,188.0,right,Northern Ireland,ST,,50000.0
907046,9796,Bojan Radulovic,1999-12-29T00:00:00.000Z,191.0,,Serbia,ST,,800000.0
1108610,8401,Caleb Watts,2002-01-16T00:00:00.000Z,173.0,right,Australia,AM,"LM,ST",250000.0
310825,8484,Lee Evans,1994-07-24T00:00:00.000Z,185.0,right,Wales,DM,CM,275000.0
579057,158319,Mathew Stevens,1998-02-12T00:00:00.000Z,180.0,right,England,ST,,
789600,9903,Glenn Middleton,2000-01-01T00:00:00.000Z,175.0,left,Scotland,LW,RW,350000.0
1246213,8351,Michael Craig,2003-04-16T00:00:00.000Z,,right,Scotland,RB,RWB,550000.0
1125748,10253,Jasper Pattenden,2002-04-15T00:00:00.000Z,167.0,,England,RB,RWB,200000.0
302371,10253,Louis Thompson,1994-12-19T00:00:00.000Z,180.0,right,Wales,AM,"DM,CM",150000.0
1081014,9799,Jaheim Headley,2001-09-24T00:00:00.000Z,175.0,,England,LM,"LB,LWB,LW",550000.0
640669,10007,Tayo Edun,1998-05-14T00:00:00.000Z,177.0,left,England,LB,LWB,250000.0
766650,8680,Jordan Shipley,1997-09-26T00:00:00.000Z,183.0,left,England,CM,"DM,AM",250000.0
961324,9792,Jasper Moon,2000-11-24T00:00:00.000Z,186.0,,England,CB,,250000.0
263674,9818,Elliott Hewitt,1994-05-30T00:00:00.000Z,180.0,right,Wales,CB,"RB,RWB",100000.0
883062,8119,Kian Spence,2001-01-09T00:00:00.000Z,178.0,right,England,CM,DM,300000.0
1437880,8346,Joseph Johnson,2006-02-21T00:00:00.000Z,180.0,left,England,LB,,400000.0
950660,10212,Nathanael Ogbeta,2001-04-28T00:00:00.000Z,191.0,left,England,LB,LWB,400000.0
1112686,8651,James Maxwell,2001-12-09T00:00:00.000Z,179.0,left,Scotland,LB,CB,275000.0
1336887,8430,John McKiernan,2002-01-18T00:00:00.000Z,184.0,,Northern Ireland,AM,"DM,CM",
493169,9818,Baily Cargill,1995-07-05T00:00:00.000Z,192.0,left,England,CB,,175000.0
1288116,8351,Killian Cahill,2003-11-03T00:00:00.000Z,,right,Ireland,GK,,175000.0
822129,8351,Theo Archibald,1998-03-05T00:00:00.000Z,180.0,left,Scotland,RW,"RWB,LWB,LW",150000.0
961310,8351,William Forrester,2001-06-29T00:00:00.000Z,180.0,right,England,CB,,300000.0
1334830,10251,Nathan Lowe,2005-09-18T00:00:00.000Z,193.0,both,England,ST,AM,350000.0
789509,8344,Gabriel Osho,1998-08-14T00:00:00.000Z,185.0,right,Nigeria,CB,,1200000.0
1211647,9927,Dylan Williams,2003-09-13T00:00:00.000Z,177.0,,England,DM,"CM,LW",350000.0
693541,9792,Terence Vancooten,1997-12-29T00:00:00.000Z,185.0,right,Guyana,CB,,325000.0
518503,8559,Kyle Dempsey,1995-09-17T00:00:00.000Z,178.0,right,England,AM,DM,350000.0
736188,9786,Josh Koroma,1998-11-09T00:00:00.000Z,178.0,,Sierra Leone,RW,LW,800000.0
1787141,158319,Junior Nkeng,2007-08-04T00:00:00.000Z,168.0,right,England,LW,"LWB,RM,LM,ST",150000.0
562796,9799,George Byers,1996-05-29T00:00:00.000Z,180.0,right,Scotland,CM,DM,225000.0
1125972,8119,Ted Cann,2000-12-27T00:00:00.000Z,195.0,right,England,GK,,150000.0
1203620,10253,Saxon Earley,2002-10-11T00:00:00.000Z,177.0,,England,LWB,"CB,LB,LW",225000.0
1089881,8651,Kamarai Simon-Swyer,2002-12-04T00:00:00.000Z,183.0,,England,LW,"RWB,RM,AM,RW",
570777,9799,Ben Heneghan,1993-09-19T00:00:00.000Z,191.0,right,England,CB,,100000.0
1290932,8668,Martin Sherif,2006-06-10T00:00:00.000Z,183.0,left,Netherlands,ST,,150000.0
1533539,8346,Jake Richards,2007-08-08T00:00:00.000Z,,,England,RW,"RM,AM",300000.0
955356,8483,Albie Morgan,2000-02-02T00:00:00.000Z,181.0,right,England,CM,DM,350000.0
662609,8651,Elliott List,1997-05-12T00:00:00.000Z,178.0,,England,ST,"AM,RW,LW",100000.0
789601,8677,Thomas O'Connor,1999-04-21T00:00:00.000Z,186.0,left,Ireland,CB,,
886105,8645,Ben Wiles,1999-04-17T00:00:00.000Z,172.0,right,England,AM,"DM,CM,RW,LW",1800000.0
1096635,8678,Will Dennis,2000-07-10T00:00:00.000Z,188.0,right,England,GK,,325000.0
1111678,8493,Cian Hayes,2003-06-29T00:00:00.000Z,170.0,,England,RW,LW,325000.0
1016654,9799,Jesse Debrah,2001-05-01T00:00:00.000Z,,right,England,CB,,275000.0
1188048,8677,Ben Woods,2002-09-27T00:00:00.000Z,177.0,,England,DM,CM,175000.0
1123945,8484,Will Swan,2000-10-26T00:00:00.000Z,181.0,right,England,ST,AM,350000.0
1118697,8346,Isaiah Jones,1999-06-26T00:00:00.000Z,176.0,right,Guyana,RB,"RWB,RW,LW",3000000.0
1235099,10007,Malik Mothersille,2003-10-23T00:00:00.000Z,,,England,AM,LW,450000.0
276734,9834,Patrick Bauer,1992-10-28T00:00:00.000Z,192.0,right,Germany,CB,,150000.0
471276,9796,Dion Charles,1995-10-07T00:00:00.000Z,177.0,right,Northern Ireland,ST,"RW,AM",500000.0
1411552,8346,Zack Nelson,2005-04-21T00:00:00.000Z,183.0,right,England,CM,"RW,AM",600000.0
1306239,773653,Elijah Campbell,2004-08-02T00:00:00.000Z,182.0,left,England,CB,"LB,LWB",250000.0
1460862,7881,Lamine Fanne,2004-01-30T00:00:00.000Z,187.0,right,Spain,AM,"DM,CM",1600000.0
717173,10253,Dan Sweeney,1994-04-25T00:00:00.000Z,191.0,right,England,CB,,100000.0
1469777,8677,George Nevett,2006-02-14T00:00:00.000Z,185.0,,Wales,CB,,350000.0
1096701,8346,Shayden Morris,2002-03-30T00:00:00.000Z,183.0,,England,RW,,1000000.0
1254229,860800,Emilio Lawrence,2005-09-20T00:00:00.000Z,175.0,right,Scotland,LW,"LWB,RW",200000.0
865940,8119,Dru Yearwood,2000-02-17T00:00:00.000Z,173.0,,England,DM,CM,700000.0
369752,8651,John Guthrie,1992-07-29T00:00:00.000Z,178.0,left,England,CB,,100000.0
1420725,8401,Owen Oseni,2003-05-07T00:00:00.000Z,,left,Nigeria,ST,AM,250000.0
504085,8344,Callum Robinson,1995-02-02T00:00:00.000Z,178.0,right,Ireland,ST,AM,700000.0
1520249,9798,Josh Stokes,2004-04-29T00:00:00.000Z,180.0,,England,AM,LW,400000.0
212418,8559,Cyrus Christie,1992-09-30T00:00:00.000Z,188.0,right,Ireland,RB,CB,125000.0
1315250,773678,Caylan Vickers,2004-12-22T00:00:00.000Z,,,England,RW,"AM,LW",200000.0
419133,9903,Hakeeb Adelakun,1996-06-11T00:00:00.000Z,190.0,right,England,LW,ST,100000.0
683364,8346,Hakeem Odoffin,1998-04-13T00:00:00.000Z,175.0,right,England,CB,,550000.0
1107731,10253,Chem Campbell,2002-12-30T00:00:00.000Z,169.0,right,Wales,LW,RW,1000000.0
636392,8676,James Tilley,1998-06-13T00:00:00.000Z,168.0,left,England,RM,"RWB,RW,AM,LW",350000.0
1017899,8119,Josh Benson,1999-12-05T00:00:00.000Z,178.0,right,England,AM,"DM,LW",225000.0
863865,8483,Niall Ennis,1999-05-20T00:00:00.000Z,178.0,right,England,ST,,600000.0
982596,10253,Phoenix Patterson,2000-09-01T00:00:00.000Z,178.0,left,Scotland,LW,,275000.0
903584,8559,Joel Randall,1999-10-29T00:00:00.000Z,177.0,,England,AM,,500000.0
1202092,9798,Kelvin Abrefa,2003-12-09T00:00:00.000Z,176.0,,England,RB,"LB,RWB",200000.0
1596241,45729,Ethon Archer,2002-08-28T00:00:00.000Z,188.0,,England,LW,"LWB,CM,LM,AM,RW,ST",200000.0
1034995,9799,Ben Waine,2001-06-11T00:00:00.000Z,179.0,right,New Zealand,ST,"LM,RW,AM,LW",400000.0
1347713,357209,George Abbott,2005-08-17T00:00:00.000Z,,,England,DM,"CM,AM",750000.0
1037142,6406,Kornél Szucs,2001-09-24T00:00:00.000Z,190.0,right,Hungary,CB,RB,
760724,9796,Herbie Kane,1998-11-23T00:00:00.000Z,173.0,right,England,DM,CM,
729449,10007,Callum Connolly,1997-09-23T00:00:00.000Z,183.0,right,England,CB,,550000.0
419665,9841,Elliot Lee,1994-12-16T00:00:00.000Z,180.0,right,England,AM,ST,550000.0
1283027,8676,Mikki van Sas,2004-02-29T00:00:00.000Z,193.0,right,Netherlands,GK,,400000.0
212441,9798,Andy Yiadom,1991-12-02T00:00:00.000Z,186.0,right,Ghana,RB,,100000.0
189075,8430,James Collins,1990-12-01T00:00:00.000Z,188.0,right,Ireland,ST,AM,100000.0
687441,8484,Ciarán Kelly,1998-07-04T00:00:00.000Z,191.0,left,Ireland,CB,,200000.0
1531975,10007,Adama Sidibeh,1998-06-25T00:00:00.000Z,,right,Gambia,ST,"AM,LW,RW",400000.0
470638,8283,Marc Roberts,1990-07-26T00:00:00.000Z,183.0,right,England,CB,,50000.0
1338990,8528,Akeel Higgins,2005-07-24T00:00:00.000Z,,,England,AM,"LW,ST",175000.0
1330873,8401,Bradley Ibrahim,2004-10-21T00:00:00.000Z,185.0,,England,DM,"CM,AM",550000.0
940605,8401,Xavier Amaechi,2001-01-05T00:00:00.000Z,179.0,left,England,RM,RW,550000.0
1706477,8119,Lenny Agbaire,2005-03-04T00:00:00.000Z,,,Scotland,CB,,125000.0
719377,9798,Randell Williams,1996-12-30T00:00:00.000Z,174.0,left,England,LW,RW,200000.0
1174485,8483,Dale Taylor,2003-12-12T00:00:00.000Z,185.0,,Northern Ireland,ST,,600000.0
933798,10253,Beryly Lubala,1998-01-08T00:00:00.000Z,177.0,right,DR Congo,RW,"LW,ST",250000.0
643230,9818,Tyler Roberts,1999-01-12T00:00:00.000Z,180.0,right,Wales,AM,ST,800000.0
1239597,9903,Seán Grehan,2004-01-08T00:00:00.000Z,188.0,right,Ireland,CB,RB,200000.0
1239600,9925,Johnny Kenny,2003-06-06T00:00:00.000Z,177.0,right,Ireland,ST,AM,1200000.0
1282156,6413,Ibrahim Cissoko,2003-03-26T00:00:00.000Z,188.0,right,Netherlands,LW,LM,1200000.0
186498,9799,Jayden Stockley,1993-09-15T00:00:00.000Z,188.0,right,England,ST,,125000.0
961314,9792,Fábio Tavares,2001-01-22T00:00:00.000Z,178.0,right,Portugal,ST,AM,225000.0
1185783,9841,Sebastian Revan,2003-07-14T00:00:00.000Z,181.0,left,England,LWB,LM,500000.0
867082,9795,Mitchell Clark,1999-03-13T00:00:00.000Z,173.0,right,Wales,RM,"RB,RWB,LW",175000.0
952150,8559,Carlos Mendes,1998-11-14T00:00:00.000Z,178.0,right,Guinea-Bissau,LW,ST,200000.0
1182933,158319,Antwoine Hackford,2004-03-20T00:00:00.000Z,,right,England,ST,RW,300000.0
480790,9841,Paul Mullin,1994-11-06T00:00:00.000Z,178.0,right,England,ST,,350000.0
540077,9903,Ben Close,1996-08-08T00:00:00.000Z,175.0,right,England,DM,CM,100000.0
1315314,1070257,Jack Moorhouse,2005-11-29T00:00:00.000Z,184.0,both,Republic of Ireland,DM,"CM,AM,LW",
149895,9818,Jordan Bowery,1991-07-02T00:00:00.000Z,185.0,right,St. Kitts and Nevis,CB,,50000.0
894805,8528,Tyrese Francois,2000-07-16T00:00:00.000Z,170.0,left,Australia,DM,AM,300000.0
155913,9798,Matt Ritchie,1989-09-10T00:00:00.000Z,172.0,left,Scotland,RW,,0.0
1113728,8484,Tommy Leigh,2000-04-13T00:00:00.000Z,185.0,right,England,DM,"CM,AM",350000.0
888884,8483,Andy Lyons,2000-08-02T00:00:00.000Z,178.0,right,Ireland,CB,"RB,AM",375000.0
1668673,9833,Liam Oakes,2007-01-10T00:00:00.000Z,,,England,LWB,DM,75000.0
13917,8119,Liam Kelly,1990-02-10T00:00:00.000Z,185.0,right,Scotland,DM,CM,50000.0
1306075,8677,Declan Frith,2002-05-16T00:00:00.000Z,,,England,RW,LW,200000.0
1226630,8344,Isaak Davies,2001-09-25T00:00:00.000Z,175.0,right,Wales,LW,RW,1000000.0
1230517,9903,Tom Nixon,2002-11-25T00:00:00.000Z,185.0,right,England,RB,,200000.0
140422,10253,Dan Butler,1994-08-26T00:00:00.000Z,175.0,left,England,LB,,175000.0
210825,8401,Jamie Paterson,1991-12-20T00:00:00.000Z,175.0,right,England,AM,CM,150000.0
563083,9792,Andy Cannon,1996-03-14T00:00:00.000Z,176.0,right,England,AM,,200000.0
919849,9859,Julian Larsson,2001-04-21T00:00:00.000Z,,right,Sweden,AM,"CM,ST",100000.0
1406433,8119,Marvin Kaleta,2004-09-14T00:00:00.000Z,,right,England,RWB,"RM,LW",200000.0
1289949,10007,Owen Dodgson,2003-03-19T00:00:00.000Z,178.0,left,England,LWB,"CB,LB",350000.0
1842565,8528,Harrison Bettoni,2007-07-24T00:00:00.000Z,,left,England,AM,ST,150000.0
843101,8559,John McAtee,1999-07-23T00:00:00.000Z,180.0,right,England,AM,,400000.0
1096630,8483,Leighton Clarkson,2001-10-19T00:00:00.000Z,175.0,right,England,AM,"DM,CM",700000.0
1421003,8472,Tymur Tutierov,2005-06-11T00:00:00.000Z,183.0,right,Ukraine,LW,AM,300000.0
1187261,9833,Sonny Cox,2004-10-11T00:00:00.000Z,178.0,left,England,AM,ST,350000.0
1327311,1389162,Kyle McAdam,2004-12-24T00:00:00.000Z,184.0,left,England,LWB,"LB,LM",125000.0
1124094,8651,Jack Vale,2001-03-03T00:00:00.000Z,185.0,,Wales,ST,,200000.0
1665584,9833,Charlie Cummins,2005-06-13T00:00:00.000Z,188.0,right,Ireland,DM,,75000.0
529887,8430,Adam Jackson,1994-05-18T00:00:00.000Z,188.0,right,England,CB,,175000.0
295061,8651,Jordan Willis,1994-08-24T00:00:00.000Z,180.0,right,England,CB,,75000.0
1532256,8197,Jake Evans,2008-08-21T00:00:00.000Z,,,England,RW,"RM,AM,ST",175000.0
577611,158319,Joe McDonnell,1994-05-19T00:00:00.000Z,179.0,right,England,GK,,75000.0
1798686,9792,Sulyman Krubally,2008-08-29T00:00:00.000Z,,,England,DM,AM,100000.0
1410396,8528,Ryan Trevitt,2003-03-12T00:00:00.000Z,170.0,right,England,AM,RW,275000.0
1419975,8119,Hamish Douglas,2005-06-04T00:00:00.000Z,,,England,CB,,125000.0
1089873,8430,Dom Jefferies,2002-05-22T00:00:00.000Z,179.0,right,Wales,LW,,250000.0
1268012,10007,Benony Andrésson,2005-08-03T00:00:00.000Z,,,Iceland,ST,AM,400000.0
180233,8651,Michael Jacobs,1991-11-04T00:00:00.000Z,175.0,right,England,LM,AM,50000.0
1244302,8651,Joe Wormleighton,2003-12-30T00:00:00.000Z,178.0,,England,RM,RWB,125000.0
964374,8647,Danilo Orsi,1996-04-19T00:00:00.000Z,188.0,right,England,ST,,175000.0
1533560,8677,Donay O'Brien-Brady,2004-01-15T00:00:00.000Z,,,England,DM,"CM,AM",150000.0
1431282,9796,Cameron Ashia,2005-04-22T00:00:00.000Z,,,England,LW,LM,125000.0
1104042,8467,Ruari Paton,2000-08-09T00:00:00.000Z,177.0,right,Ireland,ST,AM,
1523842,9798,Benn Ward,2003-10-31T00:00:00.000Z,188.0,left,England,CB,LB,175000.0
1224877,9833,Johnly Yfeko,2003-06-23T00:00:00.000Z,191.0,left,England,CB,,125000.0
155936,9799,Ben Amos,1990-04-10T00:00:00.000Z,185.0,right,England,GK,,50000.0
1089761,9833,Jack Bycroft,2001-09-21T00:00:00.000Z,,,England,GK,,175000.0
172489,9860,Zander Clark,1992-06-26T00:00:00.000Z,190.0,right,Scotland,GK,,150000.0
866687,8528,Steven Sessegnon,2000-05-18T00:00:00.000Z,175.0,left,England,CB,,250000.0
950659,9818,Luke Bolton,1999-10-07T00:00:00.000Z,174.0,right,England,RW,,300000.0
1069936,282326,Abraham Odoh,2000-08-07T00:00:00.000Z,168.0,right,England,LW,RW,200000.0
1407205,860802,Oliver Irow,2006-05-10T00:00:00.000Z,,,England,LW,"AM,RW,ST",100000.0
520230,8119,Duncan Watmore,1994-03-08T00:00:00.000Z,175.0,right,England,AM,,0.0
1284069,8676,Alex Lowry,2003-06-23T00:00:00.000Z,180.0,right,Scotland,AM,LW,250000.0
1412466,8119,Emmanuel Adegboyega,2003-09-16T00:00:00.000Z,191.0,right,Ireland,CB,,350000.0
592210,45729,Victor Adeboyejo,1998-01-12T00:00:00.000Z,185.0,right,Nigeria,ST,,400000.0
789555,9799,Tyler Magloire,1998-12-21T00:00:00.000Z,185.0,right,England,CB,,125000.0
1329813,8197,Will Alves,2005-05-04T00:00:00.000Z,169.0,right,England,AM,"CM,LW",400000.0
967390,8401,Jack MacKenzie,2000-07-04T00:00:00.000Z,191.0,,Scotland,LB,,700000.0
291622,8401,Joe Ralls,1993-10-12T00:00:00.000Z,183.0,left,England,CM,DM,300000.0
961988,10007,Ryan Rydel,2001-02-09T00:00:00.000Z,181.0,left,England,LWB,,150000.0
1668672,9828,Ashqar Ahmed,2007-08-31T00:00:00.000Z,,,England,RB,CB,
1416706,773660,Law McCabe,2006-01-16T00:00:00.000Z,173.0,right,England,DM,CM,
807742,8484,George Lapslie,1997-09-05T00:00:00.000Z,180.0,right,England,AM,,250000.0
488186,9784,Ian Lawlor,1994-10-27T00:00:00.000Z,181.0,right,Ireland,GK,,75000.0
1055825,8351,Dylan Levitt,2000-11-17T00:00:00.000Z,181.0,right,Wales,CM,DM,600000.0
184461,9916,Jack Hunt,1990-12-06T00:00:00.000Z,175.0,right,England,CB,RB,50000.0
1003685,45729,Jacob Mendy,1996-12-27T00:00:00.000Z,182.0,left,Gambia,LM,LB,125000.0
759581,9796,Marcus McGuane,1999-02-02T00:00:00.000Z,180.0,right,England,DM,CM,450000.0
1420188,158319,Aron Sasu,2005-03-05T00:00:00.000Z,185.0,right,England,ST,"RM,LM",125000.0
955974,8559,Ruben Rodrigues,1996-08-02T00:00:00.000Z,181.0,both,Portugal,DM,AM,450000.0
1332456,8428,Gustav Lindgren,2001-08-16T00:00:00.000Z,,,Sweden,ST,,
28109,9833,Kevin McDonald,1988-11-04T00:00:00.000Z,192.0,right,Scotland,DM,,50000.0
1075819,9908,Davy van den Berg,2000-02-04T00:00:00.000Z,185.0,left,Netherlands,AM,"DM,CM",1200000.0
734402,282326,Daniel Udoh,1996-08-30T00:00:00.000Z,188.0,right,Nigeria,ST,,350000.0
1184466,8457,Luke Robinson,2001-11-20T00:00:00.000Z,176.0,left,Scotland,LWB,CB,150000.0
1239535,10104,Riley Harbottle,2000-09-26T00:00:00.000Z,187.0,right,England,CB,,275000.0
1531971,8677,David Kamara,2006-01-04T00:00:00.000Z,,right,England,ST,,100000.0
1513928,10172,Justin Obikwu,2004-05-06T00:00:00.000Z,194.0,both,Trinidad and Tobago,ST,,
1197533,10163,Sil Swinkels,2004-01-06T00:00:00.000Z,190.0,right,Netherlands,CB,,250000.0
519890,8394,Emil Hansson,1998-06-15T00:00:00.000Z,176.0,right,Sweden,LW,"LM,AM",
1253866,9903,Francis Okoronkwo,2004-09-18T00:00:00.000Z,,,England,LW,ST,
1203517,9798,Ben Elliot,2002-11-05T00:00:00.000Z,,right,Cameroon,CM,AM,
1113729,9785,Calum Kavanagh,2003-09-05T00:00:00.000Z,183.0,right,Ireland,AM,ST,250000.0
1329747,8676,Bradley Fink,2003-04-17T00:00:00.000Z,192.0,both,Switzerland,ST,,200000.0
562889,9818,George Maris,1996-03-06T00:00:00.000Z,180.0,left,England,AM,,175000.0
1435604,10204,Mark O'Mahony,2005-01-14T00:00:00.000Z,,right,Republic of Ireland,ST,,375000.0
1093046,9834,Gassan Ahadme,2000-11-17T00:00:00.000Z,188.0,right,Morocco,ST,,600000.0
919888,9796,Mickel Miller,1995-12-02T00:00:00.000Z,178.0,left,England,LW,LB,325000.0
1401987,9792,Finn Delap,2005-06-10T00:00:00.000Z,190.0,right,England,CB,,125000.0
819916,8676,André Vidigal,1998-08-17T00:00:00.000Z,176.0,right,Angola,LW,AM,800000.0
789631,10006,Alexander Pattison,1997-09-06T00:00:00.000Z,173.0,right,England,CM,"DM,AM",250000.0
1199868,8528,Sonny Perkins,2004-02-10T00:00:00.000Z,178.0,,England,RW,,600000.0
1880258,8528,Llyton Chapman,2005-07-31T00:00:00.000Z,,,England,CB,,
504176,8284,Bradley Halliday,1995-07-10T00:00:00.000Z,180.0,right,England,RB,"RWB,RM",
1348595,9938,Jordan Amissah,2001-08-02T00:00:00.000Z,198.0,right,Ghana,GK,,150000.0
759592,8401,Julio Pleguezuelo,1997-01-26T00:00:00.000Z,175.0,right,Spain,CB,,700000.0
563177,8313,Marko Marosi,1993-10-23T00:00:00.000Z,190.0,right,Slovakia,GK,,100000.0
1748174,8677,Boluwatife Shofowoke,2008-10-15T00:00:00.000Z,,right,England,RW,,
968939,8344,Kion Etete,2001-11-28T00:00:00.000Z,194.0,right,England,ST,,
1199638,10172,Alfie Lloyd,2003-04-30T00:00:00.000Z,180.0,,England,ST,,275000.0
1426548,4131,Maleace Asamoah,2002-11-15T00:00:00.000Z,183.0,right,England,ST,LW,
1203656,8119,Brandon Cover,2003-09-25T00:00:00.000Z,187.0,right,Jamaica,RB,"LB,DM,RW",125000.0
1319809,1389162,Joe Gardner,2005-06-06T00:00:00.000Z,,right,Republic of Ireland,AM,"LW,ST",200000.0
1397342,9792,Kain Adom,2001-09-07T00:00:00.000Z,186.0,,England,ST,"RWB,DM,RW,LW",75000.0
1309958,8401,Ayman Benarous,2003-07-27T00:00:00.000Z,175.0,left,England,LB,RM,200000.0
1800387,8313,Max Dickov,2002-04-27T00:00:00.000Z,,,England,LW,,0.0
1137726,8346,Lasse Nordås,2002-02-10T00:00:00.000Z,194.0,,Norway,ST,,
1132520,8119,Jack Holmes,2001-09-19T00:00:00.000Z,,,England,AM,"LWB,RM",125000.0
1412671,9833,Edward James,2004-12-23T00:00:00.000Z,185.0,right,Wales,CB,,75000.0
564724,9834,Sean Raggett,1994-01-25T00:00:00.000Z,181.0,right,England,CB,,150000.0
180259,9799,Andre Gray,1991-06-26T00:00:00.000Z,178.0,right,Jamaica,ST,,200000.0
1398938,1177187,Charlie Crew,2006-06-15T00:00:00.000Z,185.0,right,Wales,CM,DM,
935552,8007,Magnus Westergaard,1998-05-27T00:00:00.000Z,187.0,right,Denmark,CM,"DM,AM",
1113904,10007,Lewis Bate,2002-10-28T00:00:00.000Z,172.0,right,England,DM,CM,550000.0
682551,8651,Kyle Edwards,1998-02-17T00:00:00.000Z,172.0,right,England,LW,,100000.0
1076174,8351,Rarmani Edmonds-Green,1999-01-14T00:00:00.000Z,181.0,right,England,CB,,275000.0
1364016,8416,Bradley Ihionvien,2003-12-23T00:00:00.000Z,190.0,,England,ST,,75000.0
1204558,8483,Franco Ravizzoli,1997-07-09T00:00:00.000Z,190.0,right,Argentina,GK,,225000.0
1170741,9850,Vicente Reyes,2003-11-19T00:00:00.000Z,190.0,right,Chile,GK,,
1667970,10007,Che Gardner,2007-06-02T00:00:00.000Z,,left,England,RWB,RB,
1130792,9799,Mo Faal,2003-02-11T00:00:00.000Z,196.0,right,Gambia,ST,,350000.0
1685265,8401,Tegan Finn,2008-03-17T00:00:00.000Z,,,England,RW,"RM,AM",100000.0
877567,8346,Thomas Holmes,2000-03-12T00:00:00.000Z,189.0,right,England,CB,,
440530,10007,Callum Camps,1995-11-30T00:00:00.000Z,180.0,right,England,DM,AM,250000.0
1610913,8647,Pemi Aderoju,2004-05-05T00:00:00.000Z,,,England,forward,,
863652,9938,Neil Farrugia,1999-05-19T00:00:00.000Z,187.0,,Ireland,AM,RW,
491810,9796,Jack Whatmough,1996-08-19T00:00:00.000Z,184.0,right,England,CB,,600000.0
1216389,9798,Mamadi Camará,2003-12-31T00:00:00.000Z,174.0,right,Guinea-Bissau,AM,RW,200000.0
711363,8351,Diallang Jaiyesimi,1998-05-07T00:00:00.000Z,181.0,right,England,AM,LW,125000.0
289159,9796,Jak Alnwick,1993-06-17T00:00:00.000Z,188.0,left,England,GK,,225000.0
1418093,1389162,Donnell McNeilly,2005-10-30T00:00:00.000Z,,,England,ST,,
544435,8651,Grant Ward,1994-12-05T00:00:00.000Z,178.0,right,England,midfielder,,125000.0
256572,8676,Josh Scowen,1993-03-28T00:00:00.000Z,178.0,right,England,DM,,100000.0
1111611,8346,Harrison Ashby,2001-11-14T00:00:00.000Z,179.0,right,Scotland,RWB,RB,1200000.0
795510,9818,Harry Lewis,1997-12-20T00:00:00.000Z,191.0,,England,GK,,75000.0
1362293,8283,Kieren Flavell,2003-09-21T00:00:00.000Z,197.0,,England,GK,,75000.0
575782,9798,Jack Stevens,1997-08-02T00:00:00.000Z,189.0,,England,GK,,125000.0
1558320,8344,Matthew Turner,2002-03-27T00:00:00.000Z,194.0,right,Wales,GK,,50000.0
1637804,8528,Tobias Brenan,2006-07-16T00:00:00.000Z,,,England,AM,"DM,CM,RW",75000.0
1304777,10006,Declan Skura,2002-04-09T00:00:00.000Z,188.0,,England,CB,,75000.0
629065,1323940,Tyler Miller,1993-03-12T00:00:00.000Z,193.0,,USA,GK,,
1414130,773653,Roman Dixon,2004-12-26T00:00:00.000Z,175.0,right,England,RB,,125000.0
1448375,1070257,Gabriele Biancheri,2006-09-18T00:00:00.000Z,,,Wales,ST,RW,100000.0
817720,8191,Michael Obafemi,2000-07-06T00:00:00.000Z,170.0,right,Ireland,ST,,600000.0
309797,9818,Dominic Dwyer,1990-07-30T00:00:00.000Z,175.0,left,USA,ST,,50000.0
1311296,8351,Toby Oluwayemi,2003-05-08T00:00:00.000Z,,right,England,GK,,
1209498,9798,Michael Stickland,2003-11-09T00:00:00.000Z,,,England,CB,,
1186249,8677,Oscar Wallin,2001-07-09T00:00:00.000Z,,,Sweden,CB,,
1191046,10004,Kamarl Grant,2003-01-26T00:00:00.000Z,,,England,CB,,125000.0
1362972,293352,Kadan Young,2006-01-19T00:00:00.000Z,176.0,right,England,LW,ST,200000.0
1285477,8430,Deji Elerewe,2003-09-14T00:00:00.000Z,189.0,,England,CB,,
1692237,9796,George Sebine,2006-10-05T00:00:00.000Z,,,England,ST,,
1096694,10191,Layton Stewart,2002-09-03T00:00:00.000Z,180.0,right,England,ST,,200000.0
1400214,45729,Damola Ajayi,2005-12-27T00:00:00.000Z,176.0,right,England,RW,AM,100000.0
760342,9796,Antony Evans,1998-09-23T00:00:00.000Z,186.0,right,England,AM,,400000.0
938451,8677,Klaidi Lolos,2000-10-06T00:00:00.000Z,192.0,right,Greece,AM,ST,200000.0
1692206,8677,Lucca Mendonça,2007-10-02T00:00:00.000Z,,,Brazil,CB,,
872957,8493,Edward Francis,1999-09-11T00:00:00.000Z,182.0,left,England,CM,DM,
210797,8484,Nick Powell,1994-03-23T00:00:00.000Z,183.0,both,England,midfielder,,150000.0
184450,8484,Andy Cook,1990-10-18T00:00:00.000Z,185.0,right,England,ST,,50000.0
1958830,8119,Cohen Lee,2007-02-08T00:00:00.000Z,,,England,DM,,
1298713,8528,Babajide Adeeko,2003-04-03T00:00:00.000Z,,,Ireland,DM,AM,300000.0
1327313,9903,Darren Robinson,2004-12-29T00:00:00.000Z,177.0,right,Northern Ireland,CM,"DM,AM",100000.0
1743835,8119,James Clarke,2006-10-22T00:00:00.000Z,,right,England,AM,RWB,100000.0
161937,9814,Victor Pálsson,1991-04-30T00:00:00.000Z,185.0,right,Iceland,CB,RB,
1231567,8283,Georgie Gent,2003-09-23T00:00:00.000Z,,left,England,LB,,350000.0
1420183,8401,Caleb Roberts,2005-10-24T00:00:00.000Z,178.0,,England,CM,DM,225000.0
794462,161801,Joe Sbarra,1998-12-21T00:00:00.000Z,178.0,right,England,ST,"AM,LW,RW",
1355539,1070259,Calum Scanlon,2005-02-14T00:00:00.000Z,171.0,left,England,LB,,450000.0
1113912,10253,Jovan Malcolm,2002-12-10T00:00:00.000Z,180.0,right,England,ST,AM,100000.0
1184206,8597,Erik Ring,2002-04-24T00:00:00.000Z,,right,Sweden,LW,AM,275000.0
1287773,1796115,Nicholas Bilokapic,2002-09-08T00:00:00.000Z,196.0,,Australia,GK,,
1086703,8344,Harry Tyrer,2001-12-06T00:00:00.000Z,194.0,right,England,GK,,400000.0
1667969,1173026,Andre Garcia,2007-11-30T00:00:00.000Z,,,England,LB,LW,
1897344,8677,Patryk Sykut,2008-07-15T00:00:00.000Z,,,Ukraine,AM,,
1288112,8351,Zech Obiero,2005-01-18T00:00:00.000Z,170.0,,Kenya,AM,ST,125000.0
865131,8346,Shandon Baptiste,1998-04-08T00:00:00.000Z,180.0,right,Grenada,midfielder,,1000000.0
1524013,8119,Josh Ayres,2005-11-24T00:00:00.000Z,190.0,,England,ST,,75000.0
1690759,1796115,Ryan Doherty,2008-08-26T00:00:00.000Z,,,England,DM,,
643659,9796,Nikola Tzanev,1996-12-23T00:00:00.000Z,195.0,right,New Zealand,GK,,100000.0
1285822,8416,Fin Back,2002-09-25T00:00:00.000Z,188.0,right,England,RB,CB,175000.0
1089689,9784,Joe White,2002-10-01T00:00:00.000Z,186.0,left,England,AM,,200000.0
172841,8528,Callum McManaman,1991-04-25T00:00:00.000Z,175.0,right,England,AM,,25000.0
1452501,773686,Sean Patton,2006-07-25T00:00:00.000Z,,,Republic of Ireland,ST,,
1315286,8346,Joseph Gbode,2005-04-08T00:00:00.000Z,180.0,right,England,RW,"AM,LW,ST",
748529,8485,Toyosi Olusanya,1997-10-14T00:00:00.000Z,181.0,right,England,ST,RW,
1485185,161803,Nick Akoto,1998-09-16T00:00:00.000Z,188.0,right,France,RWB,,100000.0
1352860,10004,Ajay Matthews,2006-06-11T00:00:00.000Z,,,England,midfielder,,75000.0
789510,9798,Andy Rinomhota,1997-04-21T00:00:00.000Z,175.0,right,Zimbabwe,DM,,450000.0
923281,8284,Ethan Hamilton,1998-10-18T00:00:00.000Z,187.0,left,Scotland,DM,CM,
1082913,8559,Richard Taylor,2000-10-02T00:00:00.000Z,189.0,left,England,LB,,325000.0
966022,10007,Lewis Fiorini,2002-05-17T00:00:00.000Z,178.0,right,Scotland,AM,,550000.0
1186512,8284,Ryan Finnigan,2003-09-23T00:00:00.000Z,,,England,CM,RW,150000.0
1667026,8283,Leo Farrell,2005-12-30T00:00:00.000Z,,,England,LW,ST,
1413783,8283,Fábio Jaló,2005-11-18T00:00:00.000Z,177.0,left,Portugal,RW,,150000.0
842718,8528,Jon Mellish,1997-09-19T00:00:00.000Z,188.0,left,England,LM,"LB,LWB,LW",250000.0
872956,8119,Joshua Kayode,2000-05-04T00:00:00.000Z,191.0,,Ireland,forward,,100000.0
1659747,9818,Anthony Nunez,2005-10-14T00:00:00.000Z,,right,Dominican Republic,keeper,,
239759,8346,James Shea,1991-06-16T00:00:00.000Z,180.0,right,England,GK,,100000.0
1665577,9792,Kamil Dudek,2006-08-31T00:00:00.000Z,,,Poland,GK,,0.0
873241,10253,Taye Ashby-Hammond,1999-03-21T00:00:00.000Z,190.0,,England,GK,,175000.0
1576485,9833,Tom Dean,2005-11-30T00:00:00.000Z,179.0,right,England,RWB,,
1534734,158319,Kai Jennings,2006-02-18T00:00:00.000Z,,,England,DM,"CM,AM,ST",50000.0
1199709,1070261,Lino Sousa,2005-01-19T00:00:00.000Z,185.0,left,England,forward,,700000.0
953873,8345,Josh Kelly,1998-12-19T00:00:00.000Z,175.0,,England,ST,,
1684256,8401,Joe Hatch,2006-09-07T00:00:00.000Z,,,Wales,LW,,
1292844,158319,Osman Foyo,2004-10-03T00:00:00.000Z,184.0,,England,ST,,75000.0
1751619,161834,Jack Newall,2007-03-19T00:00:00.000Z,,,England,AM,,
1186523,8430,Oscar Thorn,2004-03-22T00:00:00.000Z,,,England,RW,,125000.0
1184217,9800,Jake Young,2001-07-22T00:00:00.000Z,186.0,right,England,ST,,
1416589,8283,Charlie Lennon,2006-04-09T00:00:00.000Z,,right,England,forward,,75000.0
1342934,8338,Christy Grogan,2005-10-27T00:00:00.000Z,,,England,CB,RB,
688301,8283,Kelechi Nwakali,1998-06-05T00:00:00.000Z,185.0,right,Nigeria,midfielder,,200000.0
1714508,9833,Kieran Wilson,2007-03-23T00:00:00.000Z,198.0,,Scotland,ST,RM,
1675986,8344,Tanatswa Nyakuhwa,2005-09-17T00:00:00.000Z,,right,Wales,LW,RW,100000.0
1186461,10170,Jake Rooney,2003-08-22T00:00:00.000Z,188.0,right,England,CB,,
1189711,1070259,Isaac Mabaya,2004-09-22T00:00:00.000Z,186.0,right,Zimbabwe,defender,,75000.0
1553363,293352,Zépiqueno Redmond,2006-06-22T00:00:00.000Z,,,Netherlands,midfielder,,
1787195,9833,George Birch,2006-09-24T00:00:00.000Z,162.0,,England,midfielder,,
1642043,10198,Dakarai Mafico,2006-12-07T00:00:00.000Z,,right,Wales,CM,"LB,DM,LM",
1348438,8401,Freddie Issaka,2006-07-28T00:00:00.000Z,177.0,right,Wales,LW,"RW,ST",
1350598,773683,Dexter Lembikisa,2003-11-04T00:00:00.000Z,178.0,right,Jamaica,RB,"LB,CM",
1184681,8465,Ciaran Gilligan,2002-02-05T00:00:00.000Z,180.0,right,England,DM,,75000.0
1692213,8119,Harrison Duncan,2008-05-31T00:00:00.000Z,,,England,defender,,0.0
633094,8344,Jesper Daland,2000-01-06T00:00:00.000Z,189.0,right,Norway,CB,,1500000.0
1325210,45729,Kamil Conteh,2002-12-26T00:00:00.000Z,177.0,right,Sierra Leone,CM,DM,400000.0
1410178,8119,Ciaran McGuckin,2003-12-30T00:00:00.000Z,188.0,,Northern Ireland,ST,RW,75000.0
1668966,8676,Jack Matton,2005-08-26T00:00:00.000Z,,,England,defender,,
1554645,520517,Connor Barratt,2004-04-05T00:00:00.000Z,,,Ireland,RB,"CB,CM",
1420170,9903,Bayley McCann,2005-12-08T00:00:00.000Z,,,Northern Ireland,midfielder,,75000.0
1860804,8344,Noah Williams,2008-01-25T00:00:00.000Z,,,Wales,defender,,
1668695,773686,Emmanuel Osho,2007-04-09T00:00:00.000Z,,,England,RW,RB,0.0
1098808,10104,Ryan De Havilland,2001-06-15T00:00:00.000Z,177.0,,England,DM,CM,200000.0
1789403,9796,Daniel Vost,2006-04-17T00:00:00.000Z,,,England,DM,,
1825927,9792,Jamal Williamson,0001-01-01T00:00:00.000Z,,,England,forward,,
1331666,773649,Lewis Orford,2006-02-18T00:00:00.000Z,189.0,right,England,DM,CM,
873237,8346,Elijah Adebayo,1998-01-07T00:00:00.000Z,193.0,right,England,forward,,2000000.0
1287379,9792,Jason Sraha,2002-11-19T00:00:00.000Z,,left,England,defender,,125000.0
1699527,9792,Josh Taroni,2007-03-01T00:00:00.000Z,,,England,LWB,,
1975602,8676,Mohamed Keita,2009-05-06T00:00:00.000Z,,,England,defender,,
1801951,8676,Micah Olabiyi,2009-07-17T00:00:00.000Z,,,Nigeria,forward,,
1798727,9818,Elliot Hartmann,2006-09-17T00:00:00.000Z,,,England,defender,,
1116947,9799,Rico Richards,2003-09-27T00:00:00.000Z,182.0,,England,AM,CM,175000.0
1862838,9818,Oliver Taylor,2006-09-30T00:00:00.000Z,,,England,midfielder,,
1603717,10007,Jid Okeke,2004-11-11T00:00:00.000Z,,right,Germany,AM,"LWB,LM,LW",150000.0
1637435,8175,Phillip Chinedu,2006-10-05T00:00:00.000Z,,,England,CB,LWB,150000.0
1617123,8313,Zane Okoro,2007-05-07T00:00:00.000Z,,,England,forward,,
1787188,9903,Kasper Williams,2007-05-17T00:00:00.000Z,,right,England,defender,,0.0
1280596,8346,Sverre Hakami Sandal,2003-06-06T00:00:00.000Z,193.0,,Norway,CM,,800000.0
1787153,8559,Charlie Warren,2004-01-24T00:00:00.000Z,189.0,,England,RW,"ST,LW",
1975598,9799,Eddie Lake,2007-10-06T00:00:00.000Z,,,England,forward,,
1420172,9903,Jake Oram,2006-08-22T00:00:00.000Z,183.0,right,England,keeper,,
1845359,8559,Tobias Ritchie,2008-03-15T00:00:00.000Z,,,England,midfielder,,
1798778,8676,Cameron Stones,0001-01-01T00:00:00.000Z,,,England,midfielder,,
1575566,8651,Neo Dobson,2006-12-06T00:00:00.000Z,,,England,forward,,
720454,8528,Jonny Smith,1997-07-28T00:00:00.000Z,178.0,left,England,RW,LW,175000.0
1798718,8401,Sebastian Campbell,2008-12-18T00:00:00.000Z,,,England,midfielder,,
1845347,9792,Zac Scutt,0001-01-01T00:00:00.000Z,,,England,forward,,
1680370,773686,Luke Howard,0001-01-01T00:00:00.000Z,,,England,DM,CM,
1821376,8344,Rob Tankiewicz,2009-06-12T00:00:00.000Z,,,Wales,forward,,
1694657,1668756,Terry Bondo,2007-02-08T00:00:00.000Z,191.0,,England,forward,,
1975597,584618,Paul Moreno,2010-01-11T00:00:00.000Z,,left,Wales,defender,,
1304339,9792,Tomas Kalinauskas,2000-04-27T00:00:00.000Z,178.0,,Lithuania,LM,"LW,ST",
1307638,8344,Eli King,2002-12-23T00:00:00.000Z,188.0,,Wales,midfielder,,150000.0
1330875,6432,Basil Tuma,2005-04-24T00:00:00.000Z,,,Malta,ST,,100000.0
1712987,10253,Lenny Brown,2008-07-03T00:00:00.000Z,,,England,forward,,
1975600,578785,Max Murray,2007-01-11T00:00:00.000Z,,,England,midfielder,,
1531830,161816,Jack Hazlehurst,1999-11-25T00:00:00.000Z,173.0,,England,midfielder,,
1825945,8483,Theo Upton,2008-07-21T00:00:00.000Z,,,England,DM,,
1429141,9818,Taylor Anderson,2004-11-05T00:00:00.000Z,182.0,,England,defender,,
237562,9795,Connor Ripley,1993-02-13T00:00:00.000Z,180.0,right,England,GK,,125000.0
886088,8416,Jack Tucker,1999-11-13T00:00:00.000Z,192.0,right,England,CB,,350000.0
302545,45723,Jay Lynch,1993-03-30T00:00:00.000Z,181.0,right,England,GK,,75000.0
154807,8680,Joe Day,1990-08-13T00:00:00.000Z,183.0,right,England,GK,,50000.0
530464,9785,Manny Monthé,1995-01-26T00:00:00.000Z,184.0,left,Cameroon,CB,,150000.0
534391,8313,Nathan Smith,1996-04-03T00:00:00.000Z,185.0,right,England,CB,,275000.0
791427,10005,Cameron McJannet,1998-09-06T00:00:00.000Z,,left,England,CB,,350000.0
612735,9785,Mathew Hudson,1998-07-29T00:00:00.000Z,183.0,right,England,GK,,200000.0
780817,9819,Jacob Bedeau,1999-12-24T00:00:00.000Z,182.0,left,England,CB,LB,350000.0
440531,45729,Mitchell Pinnock,1994-12-12T00:00:00.000Z,178.0,left,England,LW,"LWB,LM",200000.0
1353700,9784,Lewis Billington,2004-02-17T00:00:00.000Z,189.0,,England,RB,"CB,RWB",300000.0
961329,9834,Kelland Watts,1999-11-03T00:00:00.000Z,192.0,left,England,CB,LB,600000.0
1281464,8175,Ryan Glover,2000-11-09T00:00:00.000Z,177.0,,England,RW,"RWB,RM,CM,LM,AM,LW,ST",350000.0
309517,8416,Matt Macey,1994-09-09T00:00:00.000Z,198.0,right,England,GK,,200000.0
865937,9834,Jake Eastwood,1996-10-03T00:00:00.000Z,193.0,right,England,GK,,300000.0
1076712,8175,Adam Senior,2002-01-20T00:00:00.000Z,183.0,right,England,RB,"CB,LB,RWB,RM",400000.0
562890,8645,Craig MacGillivray,1993-01-12T00:00:00.000Z,188.0,right,Scotland,GK,,100000.0
164848,9819,James Belshaw,1990-10-12T00:00:00.000Z,191.0,right,England,GK,,25000.0
1577815,9796,Matt Young,2006-11-24T00:00:00.000Z,191.0,right,England,GK,,350000.0
364547,8645,Alex Gilbey,1994-12-09T00:00:00.000Z,183.0,right,England,CM,"DM,AM",300000.0
787216,10005,Harvey Rodgers,1996-10-20T00:00:00.000Z,188.0,right,England,RB,CB,350000.0
681987,9785,Jamie Robson,1997-12-19T00:00:00.000Z,173.0,left,Scotland,LB,LWB,300000.0
1107647,8283,Cieran Slicker,2002-09-15T00:00:00.000Z,191.0,right,Scotland,GK,,350000.0
607673,45729,Grant Smith,1993-11-20T00:00:00.000Z,185.0,left,England,GK,,100000.0
243856,10006,Aden Flint,1989-07-11T00:00:00.000Z,189.0,right,England,CB,,25000.0
1089768,10173,Oliver Wright,2002-10-25T00:00:00.000Z,187.0,,England,GK,,250000.0
191132,282326,Luke Garbutt,1993-05-21T00:00:00.000Z,178.0,left,England,CB,"LB,LWB,LM,LW",125000.0
1296385,9817,Myles Roberts,2001-12-09T00:00:00.000Z,,,England,GK,,325000.0
934843,9784,Reece Hutchinson,2000-04-14T00:00:00.000Z,177.0,left,England,LB,LWB,300000.0
1166239,7946,Jack Evans,2000-08-10T00:00:00.000Z,177.0,left,England,DM,"LB,CM,LW",150000.0
524801,8175,Danny Collinge,1998-04-09T00:00:00.000Z,186.0,right,England,CB,"RB,LB",200000.0
619507,9896,William Boyle,1995-09-01T00:00:00.000Z,188.0,left,Scotland,CB,,150000.0
1577837,6350,Wyll Stanway,2001-05-21T00:00:00.000Z,,right,England,GK,,175000.0
1181715,8647,Charlie Barker,2003-02-12T00:00:00.000Z,,right,England,CB,,350000.0
789539,9916,Arthur Read,1999-11-03T00:00:00.000Z,178.0,left,England,DM,CM,350000.0
1125882,7946,Reece Smith,2002-04-28T00:00:00.000Z,,,England,AM,LW,150000.0
1020519,45729,Ashley Charles,1999-05-15T00:00:00.000Z,,,Grenada,DM,CM,250000.0
29569,8680,James Wilson,1989-02-26T00:00:00.000Z,188.0,right,Wales,CB,,25000.0
416104,9785,Ryan Woods,1993-12-13T00:00:00.000Z,173.0,right,England,CM,DM,175000.0
1235094,1113564,Tommi O'Reilly,2003-12-15T00:00:00.000Z,170.0,left,England,RW,AM,450000.0
1575429,9796,Tom Iorpenda,2005-04-06T00:00:00.000Z,175.0,,England,AM,"DM,CM",175000.0
1113788,8284,Idris Odutayo,2002-10-26T00:00:00.000Z,,left,England,LB,CB,400000.0
244034,8680,Luke Young,1993-02-22T00:00:00.000Z,173.0,right,England,CM,"DM,AM",75000.0
933747,282326,Ryan Graydon,1999-04-11T00:00:00.000Z,183.0,right,Ireland,ST,"RM,LW",300000.0
662975,8645,Liam Kelly,1995-11-22T00:00:00.000Z,168.0,right,Ireland,CM,DM,300000.0
445497,7946,Bryn Morris,1996-04-25T00:00:00.000Z,182.0,right,England,DM,CM,200000.0
1396874,8671,Devon Matthews,2000-01-04T00:00:00.000Z,190.0,right,England,CB,,250000.0
959401,8175,Nnamdi Ofoborh,1999-11-07T00:00:00.000Z,175.0,right,Nigeria,DM,"CM,AM",275000.0
923241,45723,Elliot Bonds,2000-03-23T00:00:00.000Z,188.0,right,Guyana,DM,"CM,RW,AM",350000.0
799263,8175,Idris Kanu,1999-12-05T00:00:00.000Z,182.0,right,Sierra Leone,LW,"RB,LB,LWB,RM,CM,LM,RW,AM",250000.0
591751,45729,Omar Sowunmi,1995-11-07T00:00:00.000Z,198.0,right,England,CB,,500000.0
589644,10005,Kieran Green,1997-06-30T00:00:00.000Z,175.0,,England,AM,,350000.0
735234,10173,Max Clark,1996-01-19T00:00:00.000Z,180.0,left,England,LB,LWB,300000.0
563230,9785,Tom Pett,1991-12-03T00:00:00.000Z,173.0,right,England,CM,"DM,RM,RW,AM",75000.0
1076698,10173,Remeao Hutton,1998-09-28T00:00:00.000Z,175.0,right,England,RB,"RWB,AM",300000.0
867884,10104,Jack Sparkes,2000-09-29T00:00:00.000Z,177.0,left,England,LB,"LWB,LM",400000.0
498532,9834,Pelly-Ruddock Mpanzu,1994-03-22T00:00:00.000Z,176.0,right,DR Congo,DM,"CM,AM",350000.0
471699,8313,Patrick Brough,1996-02-20T00:00:00.000Z,180.0,left,England,CB,"LB,LWB,LM",150000.0
843660,9795,Aaron Drinan,1998-05-06T00:00:00.000Z,178.0,left,Ireland,ST,"RW,AM",500000.0
1353551,8197,Sammy Braybrooke,2004-03-12T00:00:00.000Z,,,England,DM,"CM,AM",400000.0
902279,8645,Luke Offord,1999-11-19T00:00:00.000Z,183.0,right,England,CB,"RB,LB",450000.0
789639,9786,Zachary Hemming,2000-03-07T00:00:00.000Z,,right,England,GK,,400000.0
410017,9785,Donervon Daniels,1993-11-24T00:00:00.000Z,186.0,right,Montserrat,CB,,75000.0
1098783,45723,Mark Helm,2001-10-21T00:00:00.000Z,173.0,right,England,AM,CM,350000.0
1042559,6350,Ben Jackson,2001-02-22T00:00:00.000Z,183.0,left,England,CB,"RB,LB,LWB,RWB,AM,LW",300000.0
629786,8645,Marvin Ekpiteta,1995-08-26T00:00:00.000Z,193.0,right,England,CB,,550000.0
1315280,10173,Sam Gale,2004-10-01T00:00:00.000Z,187.0,right,England,CB,"RB,LB",350000.0
568541,282326,Jorge Grant,1994-12-19T00:00:00.000Z,175.0,right,England,CM,"DM,LM,RW,AM",225000.0
1086939,9795,Gavin Kilkenny,2000-02-01T00:00:00.000Z,194.0,right,Ireland,DM,CM,350000.0
1405016,9819,Matthew Baker,2003-02-06T00:00:00.000Z,186.0,right,Wales,CB,,300000.0
1197124,1070257,Ethan Ennis,2004-12-11T00:00:00.000Z,178.0,right,England,AM,"RWB,RM,RW,LW",250000.0
1284065,9834,Mamadou Jobe,2003-03-02T00:00:00.000Z,185.0,right,England,CB,,400000.0
244451,9784,Mickey Demetriou,1990-03-12T00:00:00.000Z,188.0,left,England,CB,,50000.0
213066,9786,Kyle McFadzean,1987-02-20T00:00:00.000Z,185.0,right,England,CB,,25000.0
877688,9903,Isaac Hutchinson,2000-04-10T00:00:00.000Z,178.0,right,England,AM,CM,400000.0
748384,10262,Jordan Wright,1999-02-27T00:00:00.000Z,190.0,,England,GK,,125000.0
1202082,10006,James Connolly,2001-11-02T00:00:00.000Z,,left,Wales,CB,,375000.0
1084272,45729,Marcus Ifill,2003-11-02T00:00:00.000Z,,,England,RB,"RWB,RM",275000.0
1187252,8680,Jonathan Tomkinson,2002-04-11T00:00:00.000Z,190.0,right,USA,LB,RB,200000.0
962008,9896,Taylor Perry,2001-07-15T00:00:00.000Z,171.0,right,England,DM,"CM,RW,AM",250000.0
1081031,8671,Isaac Sinclair,2001-07-26T00:00:00.000Z,,right,England,AM,"DM,ST",200000.0
1132145,10173,Andrew Smith,2001-09-11T00:00:00.000Z,186.0,right,England,CB,,300000.0
1077898,9786,Ryan Stirk,2000-09-25T00:00:00.000Z,178.0,right,Wales,DM,CM,300000.0
877677,9819,Max Sanders,1999-01-04T00:00:00.000Z,176.0,right,England,DM,AM,400000.0
1336743,8451,Daniel Kanu,2004-11-14T00:00:00.000Z,179.0,,Sierra Leone,ST,,600000.0
874605,10173,Robbie McKenzie,1998-09-25T00:00:00.000Z,184.0,right,England,DM,"CB,CM",400000.0
1286967,9834,Liam Bennett,2001-11-30T00:00:00.000Z,171.0,right,England,RB,"RWB,RM,RW",
1081096,9784,Josh March,1997-03-18T00:00:00.000Z,175.0,right,England,ST,LW,150000.0
678299,10104,Alfie Kilgour,1998-05-18T00:00:00.000Z,188.0,right,England,CB,,250000.0
1415486,8680,Jordan Thomas,2001-05-02T00:00:00.000Z,,,England,RW,"LW,ST",200000.0
1050665,8175,Nikola Tavares,1999-01-17T00:00:00.000Z,181.0,right,England,CB,,250000.0
1473063,1113566,Ismeal Kabia,2005-12-10T00:00:00.000Z,,right,Netherlands,RWB,"RM,RW,AM,ST",100000.0
962038,8647,Jay Williams,2000-10-04T00:00:00.000Z,188.0,right,England,CM,DM,200000.0
170400,9786,Tom Naylor,1991-06-28T00:00:00.000Z,181.0,right,England,DM,"CM,AM",75000.0
1130810,9819,Lewis Macari,2002-02-08T00:00:00.000Z,183.0,,Scotland,CB,,300000.0
1206282,9819,Nicholas Tsaroulla,1999-03-29T00:00:00.000Z,173.0,left,Cyprus,RWB,"LWB,RW,LW",
521154,9834,Sullay Kaikai,1995-08-26T00:00:00.000Z,182.0,right,Sierra Leone,AM,"RM,LM,RW,LW",150000.0
938380,10005,Jaze Kabia,2000-07-08T00:00:00.000Z,,both,Ireland,ST,"RW,LW",200000.0
211839,8313,Richard Smallwood,1990-12-29T00:00:00.000Z,180.0,right,England,DM,CM,25000.0
1093798,9841,Jake Bickerstaff,2001-09-11T00:00:00.000Z,188.0,right,Wales,ST,LW,100000.0
469382,8416,Jack Payne,1994-10-25T00:00:00.000Z,165.0,left,England,AM,DM,275000.0
782802,9819,James Gibbons,1998-03-16T00:00:00.000Z,175.0,right,England,CB,"RB,LB",300000.0
997573,8647,Josh Flint,2000-10-13T00:00:00.000Z,186.0,left,England,CB,,350000.0
1533553,9784,Calum Agius,2005-09-05T00:00:00.000Z,178.0,,Wales,LW,"RB,DM,AM",250000.0
597964,8175,Kabongo Tshimanga,1997-09-22T00:00:00.000Z,180.0,right,England,ST,,175000.0
1186465,8313,Charlie Whitaker,2003-09-16T00:00:00.000Z,,,England,AM,"CM,LW,ST",250000.0
616011,8175,Mark Shelton,1996-09-12T00:00:00.000Z,183.0,right,England,CM,"DM,AM",150000.0
202063,282326,Oliver Turton,1992-12-06T00:00:00.000Z,180.0,right,England,CB,"RB,AM",150000.0
1215976,282326,Adebola Oluwo,1999-11-19T00:00:00.000Z,191.0,,England,CB,,300000.0
355739,8645,Callum Paterson,1994-10-13T00:00:00.000Z,183.0,right,Scotland,ST,,550000.0
612183,45729,Michael Cheek,1991-08-23T00:00:00.000Z,,right,England,ST,,100000.0
664514,9834,James Brophy,1994-07-25T00:00:00.000Z,178.0,left,England,RW,"LWB,RM,LW",250000.0
533777,6350,Charlie Raglan,1993-04-28T00:00:00.000Z,180.0,right,England,CB,,75000.0
1566101,9798,Kyreece Lisbie,2003-12-01T00:00:00.000Z,180.0,right,England,RW,"RM,LW,ST",150000.0
918334,10006,Charlie Lakin,1999-05-08T00:00:00.000Z,180.0,left,England,CM,AM,200000.0
1203609,8645,Jack Sanders,1999-03-18T00:00:00.000Z,193.0,,England,CB,,600000.0
785409,45729,Corey Whitely,1991-07-11T00:00:00.000Z,181.0,,England,RW,"RM,AM",50000.0
607142,8416,Kane Vincent-Young,1996-03-15T00:00:00.000Z,180.0,right,Grenada,RB,LB,125000.0
24143,8671,Shaun Whalley,1987-08-07T00:00:00.000Z,175.0,right,England,AM,"RWB,RW,ST",25000.0
716860,8416,Rob Hunt,1995-07-07T00:00:00.000Z,170.0,left,England,RB,"LB,DM",150000.0
1395681,8313,Jacob Slater,2004-10-05T00:00:00.000Z,182.0,left,Republic of Ireland,LB,LWB,150000.0
575792,8671,Farrend Rawson,1996-07-11T00:00:00.000Z,193.0,right,England,CB,,300000.0
1428295,10262,Lee Jenkins,2001-08-30T00:00:00.000Z,176.0,,Wales,CB,,200000.0
1197653,9786,Lee Bonis,1999-08-03T00:00:00.000Z,186.0,right,Northern Ireland,ST,,450000.0
746895,10005,Charles Vernam,1996-10-08T00:00:00.000Z,170.0,right,England,LW,,150000.0
1403861,10104,Fabrizio Cavegn,2002-08-28T00:00:00.000Z,,,Switzerland,ST,AM,350000.0
528437,9834,Dominic Ball,1995-08-02T00:00:00.000Z,184.0,right,England,DM,CM,250000.0
1098786,6350,Charlie McCann,2002-04-24T00:00:00.000Z,173.0,right,Northern Ireland,DM,"CM,AM",150000.0
684734,8671,Donald Love,1994-12-02T00:00:00.000Z,178.0,right,Scotland,CB,"RB,RWB,LWB",175000.0
179028,9896,Sam Clucas,1990-09-25T00:00:00.000Z,178.0,left,England,LWB,"LB,DM,CM,LM",50000.0
1206309,10262,Bobby Kamwa,2000-03-18T00:00:00.000Z,183.0,right,England,LW,"LM,RW,ST",175000.0
702939,8313,Omari Patrick,1996-05-24T00:00:00.000Z,185.0,right,England,LWB,"LM,AM,ST,LW",175000.0
816509,9795,Will Wright,1997-06-12T00:00:00.000Z,191.0,right,England,CB,RB,350000.0
24264,10173,Glenn Morris,1983-12-20T00:00:00.000Z,183.0,right,England,GK,,25000.0
997538,10104,Clinton Mola,2001-03-15T00:00:00.000Z,183.0,left,England,CB,"LB,DM,CM",250000.0
791804,9785,Mike Fondop-Talum,1993-11-27T00:00:00.000Z,190.0,left,England,ST,,
262531,9795,Tom Nichols,1993-08-28T00:00:00.000Z,178.0,right,England,DM,"CM,LM",100000.0
982598,9786,Dilan Markanday,2001-08-20T00:00:00.000Z,178.0,left,England,RW,AM,350000.0
1326195,45723,Harrison Neal,2001-05-12T00:00:00.000Z,180.0,,England,DM,CM,
660320,10173,Armani Little,1997-04-05T00:00:00.000Z,175.0,,England,DM,"CM,AM",200000.0
1288287,8668,Isaac Heath,2004-10-28T00:00:00.000Z,,right,England,LWB,"LM,LW",250000.0
808791,9834,Louis Appéré,1999-03-26T00:00:00.000Z,185.0,right,Scotland,ST,,225000.0
1187956,8175,Callum Stead,1999-12-25T00:00:00.000Z,,,England,AM,"RM,ST",200000.0
1195337,10006,Evan Weir,2002-04-16T00:00:00.000Z,,left,Ireland,CB,,300000.0
571708,8416,Harry Anderson,1997-01-09T00:00:00.000Z,168.0,right,England,LW,"RM,LM,RW",275000.0
962703,10262,Cameron Evans,2001-02-23T00:00:00.000Z,182.0,right,Wales,RB,"CB,DM,CM",150000.0
662314,8680,Ben Stevenson,1997-03-23T00:00:00.000Z,182.0,right,England,CM,DM,175000.0
1113747,10006,Connor Barrett,2002-03-01T00:00:00.000Z,,right,England,RM,"RB,RW",400000.0
628878,9786,Liam Mandeville,1997-02-17T00:00:00.000Z,180.0,,England,AM,"DM,RW",275000.0
789579,6350,Rekeem Harper,2000-03-08T00:00:00.000Z,183.0,right,England,DM,"CM,AM",175000.0
711340,10006,Josh Gordon,1994-10-10T00:00:00.000Z,178.0,right,England,ST,AM,75000.0
1020785,9896,Tom Sang,1999-06-29T00:00:00.000Z,188.0,right,England,CM,"RWB,DM,RM,RW",225000.0
1081233,9896,Luca Hoole,2002-06-02T00:00:00.000Z,180.0,,Wales,CB,"RB,RWB,RM",200000.0
363352,10173,Bradley Dack,1993-12-31T00:00:00.000Z,173.0,right,England,AM,"CM,RW",150000.0
605257,8645,Gethin Jones,1995-10-13T00:00:00.000Z,180.0,right,Australia,RW,"RB,CB,RWB,RM",275000.0
807775,282326,Brandon Cooper,2000-01-14T00:00:00.000Z,185.0,,Wales,CB,,350000.0
668421,9795,Darren Oldaker,1999-01-04T00:00:00.000Z,179.0,,England,CM,"DM,RW,AM,LW",200000.0
817097,9896,Sam Stubbs,1998-11-20T00:00:00.000Z,190.0,right,England,CB,,300000.0
363344,8313,Joe Ironside,1993-10-16T00:00:00.000Z,185.0,left,England,ST,,150000.0
1441821,45723,Finley Potter,2004-03-14T00:00:00.000Z,182.0,,England,CB,,
1089740,45729,William Hondermarck,2000-11-21T00:00:00.000Z,185.0,right,Congo,AM,"DM,CM",250000.0
568575,8416,Teddy Bishop,1996-07-15T00:00:00.000Z,180.0,right,England,DM,CM,200000.0
184069,9896,John Marquis,1992-05-16T00:00:00.000Z,185.0,right,England,ST,"AM,LW",50000.0
613181,9819,Jodi Jones,1997-10-22T00:00:00.000Z,175.0,,Malta,LWB,"AM,RW",350000.0
468967,9795,Ollie Palmer,1992-01-21T00:00:00.000Z,193.0,right,England,ST,AM,50000.0
352866,9786,Cheyenne Dunkley,1992-02-13T00:00:00.000Z,188.0,right,England,CB,,75000.0
672450,282326,Matt Butcher,1997-05-14T00:00:00.000Z,173.0,left,England,CM,"DM,RW,AM",300000.0
1068592,8338,Darragh Burns,2002-08-06T00:00:00.000Z,176.0,left,Ireland,RW,LW,200000.0
872989,9896,George Lloyd,2000-02-11T00:00:00.000Z,172.0,right,England,ST,,150000.0
1424756,8680,Arkell Jude-Boyd,2003-01-22T00:00:00.000Z,,right,Saint Lucia,RB,"RWB,RM,RW",150000.0
1288582,860801,Harvey Araujo,2004-09-03T00:00:00.000Z,182.0,right,England,CB,,250000.0
1117827,282326,Josh Austerfield,2001-11-02T00:00:00.000Z,179.0,,England,CM,"DM,RW,AM",250000.0
966023,9834,Ben Knight,2002-06-14T00:00:00.000Z,170.0,left,England,AM,"RW,ST",
1123946,9819,Matthew Dennis,2002-04-15T00:00:00.000Z,186.0,right,England,ST,AM,275000.0
1191050,8647,Jude Arthurs,2001-08-06T00:00:00.000Z,,right,England,DM,"CM,AM",225000.0
315295,8313,Sam Finley,1992-08-04T00:00:00.000Z,170.0,left,England,DM,"CM,AM",75000.0
1089684,10006,Aaron Pressley,2001-11-07T00:00:00.000Z,189.0,right,Scotland,ST,,300000.0
801707,9786,George McEachran,2000-08-30T00:00:00.000Z,172.0,left,England,DM,AM,275000.0
1195213,45723,Will Davies,1999-06-06T00:00:00.000Z,186.0,right,England,ST,,100000.0
690181,8313,Cameron Norman,1995-10-12T00:00:00.000Z,188.0,right,England,RWB,"CB,RM",150000.0
1033167,9819,Alassana Jatta,1999-01-12T00:00:00.000Z,192.0,right,Gambia,ST,,600000.0
1524014,8427,Jamie Knight-Lebel,2004-12-24T00:00:00.000Z,188.0,right,Canada,CB,RM,300000.0
1189626,8283,Jackson Smith,2001-10-14T00:00:00.000Z,187.0,,England,GK,,300000.0
364546,9819,Matthew Palmer,1995-02-27T00:00:00.000Z,179.0,right,England,DM,CM,250000.0
244530,9896,Josh Ruffels,1993-10-23T00:00:00.000Z,178.0,left,England,CB,"DM,CM",175000.0
291175,9819,Oliver Norburn,1992-10-26T00:00:00.000Z,185.0,right,Grenada,DM,,75000.0
1086940,9819,Conor Grant,2001-07-23T00:00:00.000Z,178.0,right,Ireland,AM,RW,225000.0
621869,10006,Brandon Comley,1995-11-18T00:00:00.000Z,188.0,right,Montserrat,DM,CM,100000.0
770268,282326,Rosaire Longelo,1999-10-20T00:00:00.000Z,175.0,left,England,RM,"RWB,LM,AM",250000.0
1428404,9784,Matús Holícek,2005-01-25T00:00:00.000Z,183.0,,Slovakia,AM,"DM,LW",300000.0
1396786,9785,Kane Drummond,2000-12-19T00:00:00.000Z,,,England,RM,"LM,RW,ST",150000.0
1047532,8528,Ronan Darcy,2000-11-04T00:00:00.000Z,173.0,right,England,AM,"DM,RW,LW",325000.0
1420163,8671,Connor O'Brien,2004-07-12T00:00:00.000Z,182.0,both,England,RWB,"RB,CB,RM,AM",200000.0
896065,10005,Reece Staunton,2001-12-10T00:00:00.000Z,183.0,left,England,LB,,300000.0
107216,45723,Ched Evans,1988-12-28T00:00:00.000Z,183.0,right,Wales,ST,,25000.0
1113914,282326,Kallum Cesay,2002-09-04T00:00:00.000Z,187.0,right,Sierra Leone,AM,"CB,CM,RW,ST",250000.0
1222186,9786,Lewis Gordon,2001-02-12T00:00:00.000Z,170.0,left,Scotland,LB,,250000.0
1184673,8416,Samson Tovide,2004-01-04T00:00:00.000Z,188.0,left,England,ST,RW,275000.0
662325,6350,Elliot Newby,1995-11-21T00:00:00.000Z,177.0,right,England,LWB,"RWB,LM,AM",175000.0
1191421,8647,Harry Forster,2000-05-11T00:00:00.000Z,,,England,LM,"RWB,LWB,RM",150000.0
511985,9896,Thomas Anderson,1993-09-02T00:00:00.000Z,193.0,right,England,CB,,75000.0
1286791,10262,Thomas Davies,2003-11-11T00:00:00.000Z,,left,Wales,LB,"CB,LWB",100000.0
181243,6350,Niall Canavan,1991-04-11T00:00:00.000Z,191.0,right,England,CB,,50000.0
1076335,10104,Brad Young,2002-05-05T00:00:00.000Z,191.0,,England,GK,,200000.0
422129,9819,Kelle Roos,1992-05-31T00:00:00.000Z,196.0,right,Netherlands,GK,,
759627,8647,Harry McKirdy,1997-03-29T00:00:00.000Z,,right,England,ST,"RM,LM,AM",75000.0
662956,8680,Robbie Cundy,1997-05-30T00:00:00.000Z,188.0,,England,CB,,200000.0
1429137,9784,Owen Lunt,2004-09-02T00:00:00.000Z,,,England,DM,"CM,AM",250000.0
361772,7946,Anthony O'Connor,1992-10-25T00:00:00.000Z,188.0,right,Ireland,CB,,100000.0
784365,45729,Nicke Kabamba,1993-02-01T00:00:00.000Z,191.0,right,England,ST,,50000.0
760753,8119,Aaron Nemane,1997-09-26T00:00:00.000Z,170.0,right,England,RM,"LB,RWB,RW,LW",300000.0
1314353,10251,Adam Mayor,2005-04-10T00:00:00.000Z,170.0,left,England,LW,"LWB,LM",500000.0
199190,9795,Ollie Clarke,1992-06-29T00:00:00.000Z,180.0,left,England,CB,"DM,CM,AM",75000.0
1119073,8119,Jamie Jellis,2001-01-12T00:00:00.000Z,174.0,right,England,RW,"CM,AM",175000.0
1076696,8351,Armando Dobra,2001-04-14T00:00:00.000Z,170.0,right,Albania,LW,"RW,AM",350000.0
279456,6350,Tom Barkhuizen,1993-07-04T00:00:00.000Z,175.0,right,England,RWB,"LWB,RM,LM,AM,LW",150000.0
584836,6350,Michael Jordan Williams,1995-11-06T00:00:00.000Z,180.0,right,Wales,CB,"DM,CM",
119521,8671,Séamus Conneely,1988-07-09T00:00:00.000Z,185.0,right,Ireland,DM,CB,25000.0
1003285,10104,Joel Senior,1999-06-24T00:00:00.000Z,175.0,right,England,RB,"RWB,RM",150000.0
1287392,10262,Ben Lloyd,2005-03-14T00:00:00.000Z,175.0,left,Wales,AM,"DM,CM,LM,RW",100000.0
1089073,10005,Evan Khouri,2003-01-21T00:00:00.000Z,179.0,left,England,AM,DM,250000.0
1154746,10005,Géza Dávid Turi,2001-10-06T00:00:00.000Z,184.0,right,Faroe Islands,DM,"CM,AM",250000.0
961990,9916,Zech Medley,2000-07-07T00:00:00.000Z,195.0,left,England,CB,"LB,LWB,LW",325000.0
1086697,10173,Ethan Coleman,2000-01-28T00:00:00.000Z,188.0,right,England,DM,"CM,AM",250000.0
127653,7946,Warren Burrell,1990-06-03T00:00:00.000Z,178.0,right,England,CB,"RB,LB",25000.0
1199668,7946,Ellis Taylor,2003-04-14T00:00:00.000Z,182.0,,England,RW,"AM,LW",250000.0
711188,9896,Harrison Biggins,1996-03-15T00:00:00.000Z,175.0,right,England,AM,"DM,CM",125000.0
1229066,10173,Josh Andrews,2001-10-16T00:00:00.000Z,191.0,,England,ST,,250000.0
1283966,8671,Josh Woods,2000-07-05T00:00:00.000Z,179.0,,England,ST,"RWB,AM,LW",100000.0
1202090,9795,Joe Snowdon,2004-02-14T00:00:00.000Z,,,England,RWB,"RB,LWB,RM,RW",100000.0
817731,10104,Luke Southwood,1997-12-06T00:00:00.000Z,185.0,right,Northern Ireland,GK,,200000.0
1285463,282326,Kelly N'Mai,2004-05-01T00:00:00.000Z,168.0,right,Netherlands,ST,"LM,AM,LW",300000.0
664534,10104,Joe Quigley,1996-12-10T00:00:00.000Z,191.0,,England,ST,,100000.0
760729,9795,Matthew Virtue,1997-05-02T00:00:00.000Z,175.0,right,England,AM,"DM,CM",200000.0
1235101,10006,Courtney Clarke,2003-04-20T00:00:00.000Z,180.0,,England,CM,"RWB,AM,LW",150000.0
24416,8313,Joe Murphy,1981-08-21T00:00:00.000Z,188.0,right,Ireland,GK,,0.0
1416727,8197,Jayden Joseph,2006-04-29T00:00:00.000Z,,,England,RWB,"RB,LWB",100000.0
1081056,10006,Vincent Harper,2000-09-22T00:00:00.000Z,174.0,left,Kenya,LW,LM,250000.0
1213676,6350,Lewis Shipley,2003-11-29T00:00:00.000Z,186.0,,England,CB,LB,250000.0
261807,6350,Danny Rose,1993-12-10T00:00:00.000Z,176.0,right,England,ST,,100000.0
470624,45723,Shaun Rooney,1996-07-26T00:00:00.000Z,191.0,right,Scotland,CB,RWB,300000.0
260485,10104,Ellis Harrison,1994-01-29T00:00:00.000Z,180.0,right,Wales,ST,"AM,LW",75000.0
1077893,8647,Geraldo Bajrami,1999-09-24T00:00:00.000Z,187.0,right,Albania,CB,"DM,CM",125000.0
865172,8175,Anthony Hartigan,2000-01-27T00:00:00.000Z,178.0,right,England,DM,CM,175000.0
1413887,8596,Ben Krauhaus,2004-10-12T00:00:00.000Z,,,England,AM,"DM,RW,ST",150000.0
843804,10104,Kofi Balmer,2000-09-19T00:00:00.000Z,186.0,right,Northern Ireland,CB,RB,300000.0
1204322,8647,Ade Adeyemo,1998-07-13T00:00:00.000Z,188.0,,Denmark,LM,"RB,RWB,LWB,RM",150000.0
1668681,8528,Kai Payne,2004-11-26T00:00:00.000Z,,,England,AM,"CM,RW",125000.0
1189618,9785,Will Sutton,2002-10-30T00:00:00.000Z,188.0,,England,RB,CB,150000.0
1184470,6350,Scott Smith,2001-02-07T00:00:00.000Z,173.0,right,Wales,AM,"DM,CM,RW",175000.0
1599299,9795,Joel McGregor,2006-03-24T00:00:00.000Z,,,England,RWB,"RB,LWB,RM",250000.0
1578910,7946,Cathal Heffernan,2005-04-27T00:00:00.000Z,,,Ireland,CB,,125000.0
789545,9819,Matty Platt,1997-10-03T00:00:00.000Z,188.0,right,England,CB,,325000.0
298447,10005,Jamie Walker,1993-06-25T00:00:00.000Z,180.0,left,Scotland,AM,,125000.0
1340670,1389162,Josh Powell,2005-01-09T00:00:00.000Z,,,England,LB,"LWB,LW",100000.0
188055,282326,Kadeem Harris,1993-06-08T00:00:00.000Z,175.0,right,England,LW,"LWB,LM,AM,ST",100000.0
728800,9819,Lee Ndlovu,1994-09-22T00:00:00.000Z,178.0,,Zimbabwe,ST,,100000.0
1105523,8313,Josh Davison,1999-09-16T00:00:00.000Z,188.0,right,England,ST,AM,125000.0
1197547,10194,Emre Tezgel,2005-09-19T00:00:00.000Z,182.0,right,England,ST,AM,550000.0
1013040,8645,Sam Sherring,2000-05-08T00:00:00.000Z,188.0,right,England,CB,RB,250000.0
1005751,10006,Priestley Farquharson,1997-03-15T00:00:00.000Z,191.0,right,England,CB,,125000.0
1130329,9800,Jacob Chapman,2000-10-22T00:00:00.000Z,188.0,right,Australia,GK,,275000.0
1587849,9896,Will Brook,2003-11-09T00:00:00.000Z,190.0,right,England,GK,,100000.0
837440,8647,Dion Pereira,1999-03-25T00:00:00.000Z,180.0,left,Antigua and Barbuda,RM,"RWB,AM",175000.0
1003332,10005,Jayden Sweeney,2001-12-04T00:00:00.000Z,173.0,left,England,LB,,200000.0
469205,9834,Ben Purrington,1996-05-20T00:00:00.000Z,174.0,left,England,LB,,200000.0
1285838,8657,Sam Curtis,2005-12-01T00:00:00.000Z,185.0,right,Ireland,RB,,200000.0
484856,6350,Connor Mahoney,1997-02-12T00:00:00.000Z,172.0,left,England,AM,"RM,ST",150000.0
1203668,8313,Nohan Kenneh,2003-01-10T00:00:00.000Z,188.0,right,Liberia,DM,CM,250000.0
1390036,1796112,Tommy McDermott,2005-06-01T00:00:00.000Z,178.0,left,England,DM,"RM,CM,AM,RW",150000.0
1445152,10173,Seb Palmer Houlden,2004-05-12T00:00:00.000Z,187.0,right,England,ST,"RW,AM",250000.0
789495,6350,Jack Earing,1999-01-21T00:00:00.000Z,182.0,right,England,AM,"DM,LM,LW",100000.0
623713,8645,Rushian Hepburn-Murphy,1998-08-28T00:00:00.000Z,178.0,right,England,ST,"LM,LW,RW",350000.0
1390004,9784,Tom Booth,2004-08-02T00:00:00.000Z,188.0,right,England,GK,,175000.0
553387,7946,Jack Muldoon,1989-05-19T00:00:00.000Z,178.0,right,England,ST,AM,25000.0
698499,10104,Luke Thomas,1999-02-19T00:00:00.000Z,171.0,left,England,RW,"AM,LW,ST",300000.0
666869,8416,Ellis Iandolo,1997-08-22T00:00:00.000Z,180.0,,England,LB,,200000.0
654097,9896,Anthony Scully,1999-04-19T00:00:00.000Z,173.0,right,Ireland,AM,"CM,LW",125000.0
968948,282326,Haji Mnoga,2002-04-16T00:00:00.000Z,185.0,right,Tanzania,RW,"RB,CB,RWB,RM",250000.0
923169,10173,Ronan Hale,1998-09-08T00:00:00.000Z,176.0,right,Northern Ireland,ST,"AM,LW",350000.0
430434,10005,Christy Pym,1995-04-24T00:00:00.000Z,178.0,right,Northern Ireland,GK,,200000.0
1273274,8671,Liam Coyle,1999-12-06T00:00:00.000Z,175.0,right,Northern Ireland,DM,CM,175000.0
1847184,45723,Conor Haughey,2007-05-29T00:00:00.000Z,,,Northern Ireland,CB,,
206435,8645,Nathaniel Méndez-Laing,1992-04-15T00:00:00.000Z,180.0,right,Guatemala,LW,"AM,RW,ST",250000.0
1384552,10262,Michael Spellman,2002-09-21T00:00:00.000Z,185.0,left,England,RW,"RM,CM,LW",75000.0
1273271,10173,Elliott Nevitt,1996-10-30T00:00:00.000Z,183.0,right,England,ST,AM,125000.0
302703,45723,James Bolton,1994-08-13T00:00:00.000Z,183.0,right,England,CB,,200000.0
583434,8645,Aaron Collins,1997-05-27T00:00:00.000Z,178.0,right,Wales,ST,CM,700000.0
906938,7946,Stephen Duke-McKenna,2000-08-17T00:00:00.000Z,176.0,right,Guyana,LW,RW,150000.0
961344,7946,Lewis Cass,2000-02-27T00:00:00.000Z,179.0,right,England,RB,,150000.0
186087,9795,Ryan Tafazolli,1991-09-28T00:00:00.000Z,196.0,left,England,CB,,50000.0
968915,45723,Harrison Holgate,2000-07-01T00:00:00.000Z,186.0,right,England,CB,,
338754,9785,Jake Caprice,1992-11-11T00:00:00.000Z,178.0,right,England,RB,"RWB,RM",50000.0
1340952,10104,Shaqai Forde,2004-05-05T00:00:00.000Z,174.0,,England,AM,RW,225000.0
1181104,10173,Cameron Antwi,2001-10-07T00:00:00.000Z,,right,England,CM,"DM,AM",150000.0
1334831,10006,Harrison Burke,2002-09-13T00:00:00.000Z,180.0,,England,CB,,100000.0
1184672,9937,Matthew Cox,2003-05-02T00:00:00.000Z,182.0,right,England,GK,,700000.0
789643,8647,Kellan Gordon,1997-12-25T00:00:00.000Z,179.0,right,England,RWB,,100000.0
1113906,8313,Lewis Warrington,2002-10-10T00:00:00.000Z,175.0,right,England,DM,CM,250000.0
213798,9819,Rodney McDonald,1992-04-11T00:00:00.000Z,190.0,left,England,CB,,50000.0
459273,10006,Sven Sprangler,1995-03-27T00:00:00.000Z,182.0,right,Austria,DM,"CM,RW",100000.0
1184220,8416,Owura Edwards,2001-04-10T00:00:00.000Z,173.0,right,England,LW,"LM,RW",200000.0
520336,6350,Ben Whitfield,1996-02-28T00:00:00.000Z,165.0,right,England,RWB,"DM,RM,AM",200000.0
1168061,8283,Kacper Lopata,2001-08-27T00:00:00.000Z,192.0,right,Poland,CB,,250000.0
1195372,9786,Dylan Duffy,2002-11-28T00:00:00.000Z,189.0,left,Ireland,LW,AM,250000.0
1482742,1331802,Iwan Morgan,2006-01-29T00:00:00.000Z,,right,Wales,ST,"LM,AM",0.0
238763,9784,Conor Thomas,1993-10-29T00:00:00.000Z,185.0,,England,DM,,50000.0
713291,8680,George Miller,1998-08-11T00:00:00.000Z,177.0,,England,ST,AM,125000.0
1057939,9896,Kevin Berkoe,2001-07-05T00:00:00.000Z,178.0,right,England,LWB,"CB,LB,AM,LW",150000.0
1290869,10006,Rico Browne,2003-12-28T00:00:00.000Z,188.0,right,St. Kitts and Nevis,CB,RB,150000.0
215226,10104,Joshua McEachran,1993-03-01T00:00:00.000Z,178.0,left,England,DM,CM,75000.0
1605949,8671,Freddie Sass,2001-07-27T00:00:00.000Z,,left,England,CB,"LB,LWB",125000.0
873017,9819,Keanan Bennetts,1999-03-09T00:00:00.000Z,183.0,left,England,LWB,"RWB,LW",250000.0
1287374,10006,Alfie Chang,2002-09-04T00:00:00.000Z,185.0,,England,CM,DM,150000.0
1236818,8650,Harvey Davies,2003-09-03T00:00:00.000Z,190.0,left,England,GK,,
1665780,10262,Joe Thomas,2002-03-12T00:00:00.000Z,,right,Wales,RB,"LB,RWB,RM",150000.0
1325762,5763,Henry Gray,2005-03-29T00:00:00.000Z,193.0,right,New Zealand,GK,,125000.0
1448041,9819,Tyrese Hall,2005-09-04T00:00:00.000Z,,,Jamaica,AM,"DM,RW",150000.0
1445405,773642,Nathaniel Opoku,2001-07-22T00:00:00.000Z,183.0,right,Ghana,ST,,150000.0
662353,45723,Tobias Mullarkey,1995-11-04T00:00:00.000Z,176.0,right,England,CB,RB,225000.0
1344254,9795,Stephan Negru,2002-07-24T00:00:00.000Z,186.0,,Moldova,CB,,175000.0
1284082,9786,Alfie Pond,2004-03-01T00:00:00.000Z,188.0,right,England,CB,,250000.0
896055,9828,James Berry,2000-12-10T00:00:00.000Z,183.0,,England,LW,"LM,AM",200000.0
523192,10262,Courtney Baker-Richardson,1995-12-05T00:00:00.000Z,185.0,right,England,ST,,125000.0
1222188,6350,Isaac Fletcher,2002-06-01T00:00:00.000Z,,right,England,AM,ST,150000.0
1076328,8175,Romoney Crichlow-Noble,1999-06-03T00:00:00.000Z,184.0,left,England,CB,LB,
1045012,10262,Anthony Driscoll-Glennon,1999-11-26T00:00:00.000Z,181.0,left,England,LB,LWB,
1581073,8451,Micah Mbick,2006-11-08T00:00:00.000Z,,,England,ST,"RW,AM",175000.0
522123,4047,Jack Powell,1994-01-29T00:00:00.000Z,177.0,right,England,DM,,75000.0
1284340,10006,Mason Hancock,2003-02-10T00:00:00.000Z,,left,Scotland,LB,"LM,LW",225000.0
891387,8671,Charlie Brown,1999-09-23T00:00:00.000Z,183.0,left,England,RWB,"LWB,AM,LW",125000.0
562616,9785,Ryan Delaney,1996-09-06T00:00:00.000Z,182.0,left,Ireland,CB,,100000.0
718093,45729,Kyle Cameron,1997-01-15T00:00:00.000Z,190.0,left,Scotland,CB,,300000.0
1077230,10005,Tyrell Warren,1998-10-05T00:00:00.000Z,181.0,right,England,CB,RB,225000.0
1531739,10005,Maldini Kacurri,2005-10-04T00:00:00.000Z,,right,Albania,CB,,450000.0
788719,10173,Jake Turner,1999-02-25T00:00:00.000Z,180.0,right,England,GK,,100000.0
1115525,9819,Scott Robertson,2001-07-27T00:00:00.000Z,185.0,,Scotland,DM,,250000.0
115980,10173,Garath McCleary,1987-05-15T00:00:00.000Z,188.0,right,Jamaica,RW,AM,25000.0
1528839,8197,Tom Wilson-Brown,2004-10-05T00:00:00.000Z,194.0,left,England,CB,LB,100000.0
778775,7946,Shawn McCoulsky,1997-01-06T00:00:00.000Z,183.0,right,England,ST,,75000.0
281480,10173,Jonathan Williams,1993-10-09T00:00:00.000Z,168.0,left,Wales,AM,"DM,CM",75000.0
1667947,45723,Kayden Hughes,2005-11-28T00:00:00.000Z,,,England,CB,,125000.0
426159,8313,Aaron McGowan,1996-07-24T00:00:00.000Z,175.0,right,England,CB,,150000.0
1612774,584615,Billy Blacker,2006-05-25T00:00:00.000Z,,,England,DM,CM,100000.0
303659,8671,Cole Stockton,1994-03-13T00:00:00.000Z,186.0,right,England,ST,,100000.0
1101052,8647,Louie Watson,2001-06-07T00:00:00.000Z,176.0,,England,CM,"RM,AM,ST",125000.0
724365,7946,Liam Gibson,1997-04-25T00:00:00.000Z,185.0,left,England,CB,,75000.0
571546,8671,Conor Grant,1995-04-18T00:00:00.000Z,176.0,left,England,DM,,75000.0
1585611,8671,Alex Henderson,2004-11-27T00:00:00.000Z,182.0,right,England,AM,"DM,CM",125000.0
113003,10006,Albert Adomah,1987-12-13T00:00:00.000Z,185.0,right,Ghana,ST,"RW,LW",25000.0
816494,8175,Kane Smith,1996-02-07T00:00:00.000Z,175.0,right,England,LB,"RB,CB,RWB,RM",100000.0
793691,8493,Luke Hannant,1993-11-04T00:00:00.000Z,180.0,left,England,LW,"RM,CM,LM,AM",
663027,8680,Ryan Broom,1996-09-04T00:00:00.000Z,175.0,right,Wales,RB,"DM,RW,AM",150000.0
575806,45729,Ben Thompson,1995-10-03T00:00:00.000Z,180.0,right,England,AM,DM,200000.0
303347,8313,Connor Jennings,1991-10-29T00:00:00.000Z,183.0,right,England,ST,"AM,RW",50000.0
1290768,9795,Jake Batty,2005-04-05T00:00:00.000Z,176.0,,England,LB,LWB,250000.0
661934,10005,Justin Amaluzor,1996-10-17T00:00:00.000Z,182.0,,England,RW,,125000.0
49533,8489,Joe Garner,1988-04-12T00:00:00.000Z,178.0,right,England,ST,,0.0
1360346,1070257,Habeeb Ogunneye,2005-11-12T00:00:00.000Z,179.0,right,England,RB,RWB,
1029054,10173,Aaron Rowe,2000-09-07T00:00:00.000Z,177.0,right,England,LWB,"AM,LW",75000.0
1315290,8313,Bobby Faulkner,2004-08-05T00:00:00.000Z,186.0,,England,CB,,125000.0
765715,282326,Benjamin Woodburn,1999-10-15T00:00:00.000Z,175.0,right,Wales,CM,"RW,ST",250000.0
930627,10262,Gerard Garner,1998-11-02T00:00:00.000Z,188.0,right,England,ST,AM,100000.0
1288868,45723,Kane Thompson-Sommers,2000-12-01T00:00:00.000Z,,left,England,CM,"DM,LM",150000.0
480753,8647,Reece Brown,1996-03-03T00:00:00.000Z,175.0,right,England,CM,"DM,AM",75000.0
1032865,9819,Emile Acquah,2000-07-13T00:00:00.000Z,191.0,right,England,ST,,200000.0
1113767,8313,Ethan Bristow,2001-11-27T00:00:00.000Z,188.0,,St. Kitts and Nevis,LWB,,125000.0
1125870,8653,Will Goodwin,2002-05-07T00:00:00.000Z,185.0,,England,ST,,250000.0
789575,8645,William Collar,1997-02-03T00:00:00.000Z,181.0,right,England,CM,,400000.0
1894672,45729,Chanse Headman,2005-03-06T00:00:00.000Z,192.0,right,England,RB,CB,75000.0
24382,9834,Michael Morrison,1988-03-03T00:00:00.000Z,183.0,right,England,CB,,0.0
1068914,9795,Paul Glatzel,2001-02-20T00:00:00.000Z,174.0,left,England,ST,"RW,AM",275000.0
1191891,9819,Lucas Ness,2002-02-07T00:00:00.000Z,191.0,,England,CB,,150000.0
1096324,8652,Vontae Daley-Campbell,2001-04-02T00:00:00.000Z,177.0,right,England,RB,,200000.0
1227362,9795,Filozofe Mabete,2005-03-14T00:00:00.000Z,,,DR Congo,CB,,150000.0
824218,9785,Josh Hawkes,1999-01-28T00:00:00.000Z,180.0,left,England,LM,"AM,LW",150000.0
1199726,1796112,Michael Mellon,2003-12-05T00:00:00.000Z,185.0,,Scotland,ST,,250000.0
1304955,9785,Jack Stevens,2000-12-14T00:00:00.000Z,175.0,,Wales,LM,LW,150000.0
161632,9786,Will Grigg,1991-07-03T00:00:00.000Z,180.0,right,Northern Ireland,ST,,75000.0
660878,8645,Daniel Crowley,1997-08-03T00:00:00.000Z,174.0,right,England,DM,CM,400000.0
306069,6350,Angus MacDonald,1992-10-15T00:00:00.000Z,184.0,right,England,CB,,100000.0
1164489,10262,Ciarán Brennan,2000-05-05T00:00:00.000Z,189.0,right,Ireland,DM,"CB,CM",75000.0
1320637,8416,Frankie Terry,2004-01-30T00:00:00.000Z,,left,England,LB,CB,100000.0
911761,10104,Macauley Southam-Hales,1996-02-02T00:00:00.000Z,175.0,right,Wales,RB,"RWB,RM",150000.0
46898,10173,Sam Vokes,1989-10-21T00:00:00.000Z,186.0,right,Wales,ST,,0.0
792702,8671,Tyler Walton,1998-09-23T00:00:00.000Z,,,England,ST,AM,225000.0
1430857,10262,James Crole,2004-02-22T00:00:00.000Z,,right,Wales,ST,,100000.0
807013,9785,Reagan Ogle,1999-03-29T00:00:00.000Z,173.0,right,England,RB,CB,150000.0
1508391,8647,Johnny Russell,2004-09-19T00:00:00.000Z,,left,Northern Ireland,LWB,LB,75000.0
1538818,9795,Fletcher Holman,2004-10-12T00:00:00.000Z,,,England,ST,"RW,LW",100000.0
730552,9834,Ryan Loft,1997-09-14T00:00:00.000Z,190.0,right,England,ST,,125000.0
872962,10262,Matt Smith,1999-11-22T00:00:00.000Z,175.0,right,Wales,CM,"DM,AM",150000.0
1406565,10262,Kai Whitmore,2001-03-25T00:00:00.000Z,,right,England,CM,"CB,DM,AM",
872970,8647,Taylor Richards,2000-12-04T00:00:00.000Z,180.0,left,England,DM,"RM,CM,AM",200000.0
720464,9834,Shane McLoughlin,1997-03-01T00:00:00.000Z,175.0,right,England,DM,"CM,AM",175000.0
1093768,8645,Joe Tomlinson,2000-06-09T00:00:00.000Z,167.0,right,England,LB,"LWB,LM,LW",250000.0
912207,8175,Joseph Kizzi,1993-06-24T00:00:00.000Z,185.0,right,England,CB,RB,75000.0
693689,9795,James Ball,1995-12-01T00:00:00.000Z,191.0,right,England,CB,"RB,CM",75000.0
493164,9785,Tom Conlon,1996-02-03T00:00:00.000Z,173.0,,England,CM,AM,150000.0
1458250,8351,Yusuf Akhamrich,2005-09-05T00:00:00.000Z,183.0,left,Morocco,RW,"RWB,RM",200000.0
369761,10104,Tom Lockyer,1994-12-03T00:00:00.000Z,180.0,right,Wales,CB,LB,250000.0
982301,7946,Zico Asare,2001-04-11T00:00:00.000Z,,right,England,RB,"CB,LB,RWB",75000.0
1311639,1796112,Joe Bauress,2005-11-24T00:00:00.000Z,,,England,DM,,
238776,10006,Jamille Matt,1989-10-20T00:00:00.000Z,185.0,right,England,ST,,25000.0
652145,9834,Shayne Lavery,1998-12-08T00:00:00.000Z,180.0,right,Northern Ireland,ST,,250000.0
168313,9834,Korey Smith,1991-01-31T00:00:00.000Z,183.0,right,England,DM,CM,100000.0
726705,9819,Maziar Kouhyar,1997-09-30T00:00:00.000Z,,right,Afghanistan,RWB,AM,150000.0
881523,10005,Douglas Tharme,1999-08-17T00:00:00.000Z,183.0,right,Wales,CB,,125000.0
1614550,1070261,Aidan Borland,2007-04-25T00:00:00.000Z,177.0,left,Scotland,DM,"CM,AM",75000.0
1116908,8671,Charlie Caton,2002-11-25T00:00:00.000Z,182.0,,England,ST,AM,
1086708,6350,Joseph Anderson,2001-02-06T00:00:00.000Z,188.0,left,England,CB,LB,125000.0
598078,8175,Oliver Hawkins,1992-04-08T00:00:00.000Z,189.0,right,England,ST,CB,
1050300,8647,Max Anderson,2001-05-17T00:00:00.000Z,167.0,right,Scotland,DM,CM,200000.0
109960,8313,Kristian Dennis,1990-03-12T00:00:00.000Z,180.0,right,England,ST,,25000.0
1343474,860801,Devan Tanton,2004-01-03T00:00:00.000Z,176.0,,Colombia,RB,,
939035,10104,Promise Omochere,2000-10-18T00:00:00.000Z,188.0,right,Nigeria,ST,"RW,LW",275000.0
955438,45723,Lewis McCann,2001-06-07T00:00:00.000Z,188.0,right,Scotland,LW,"LWB,AM,ST",150000.0
1431132,8344,Michael Reindorf,2005-05-10T00:00:00.000Z,180.0,right,England,ST,LW,
489336,474592,Liam Shephard,1994-11-22T00:00:00.000Z,178.0,right,Wales,RB,"CB,RWB",75000.0
609841,10104,Taylor Moore,1997-05-12T00:00:00.000Z,184.0,right,England,CB,RB,225000.0
1430951,773653,William Tamen,2006-05-12T00:00:00.000Z,,,England,CB,,75000.0
197729,9795,Billy Bodin,1992-03-24T00:00:00.000Z,180.0,left,Wales,RW,"LW,ST",50000.0
1249615,9786,Luke Butterfield,2003-09-29T00:00:00.000Z,189.0,right,Scotland,DM,CM,100000.0
112274,0,James Clarke,1989-11-17T00:00:00.000Z,183.0,right,England,CB,,
191176,7946,Conor McAleny,1992-08-12T00:00:00.000Z,172.0,right,England,AM,LW,
906084,8119,Ossama Ashley,2000-02-23T00:00:00.000Z,180.0,,England,DM,AM,175000.0
775620,7946,Ben Fox,1998-02-01T00:00:00.000Z,180.0,right,England,DM,,100000.0
1295636,8483,Kylian Kouassi,2003-06-18T00:00:00.000Z,170.0,right,England,ST,,250000.0
720460,8647,Jojo Wollacott,1996-09-08T00:00:00.000Z,190.0,right,Ghana,GK,,200000.0
585355,6350,Tyler Walker,1996-10-17T00:00:00.000Z,179.0,right,England,ST,,100000.0
845556,8313,Lee O'Connor,2000-07-28T00:00:00.000Z,185.0,right,Ireland,CB,,200000.0
914400,9786,Tom Pearce,1998-04-12T00:00:00.000Z,185.0,left,England,LB,,350000.0
1137367,8284,Joel Cotterill,2004-10-10T00:00:00.000Z,183.0,right,Wales,CM,"DM,AM",
1420819,9834,George Hoddle,2005-09-27T00:00:00.000Z,,right,England,DM,CM,100000.0
32392,45729,Byron Webster,1987-03-31T00:00:00.000Z,194.0,right,England,CB,,25000.0
279480,8488,Gavan Holohan,1991-12-15T00:00:00.000Z,180.0,right,Ireland,AM,"DM,CM",
1426418,357210,Travis Akomeah,2006-01-06T00:00:00.000Z,194.0,right,England,CB,,75000.0
1599317,9902,Finley Barbrook,2004-12-04T00:00:00.000Z,,,England,DM,CM,75000.0
1020552,10173,Shadrach Ogie,2001-08-26T00:00:00.000Z,183.0,left,England,CB,,200000.0
253103,6350,Kane Hemmings,1991-04-08T00:00:00.000Z,191.0,right,England,ST,,50000.0
564582,8313,Jordan Turnbull,1994-10-31T00:00:00.000Z,185.0,left,England,CB,,150000.0
980310,8680,George Nurse,1999-04-30T00:00:00.000Z,181.0,left,England,LB,LM,100000.0
716647,10173,Conor Masterson,1998-09-08T00:00:00.000Z,185.0,right,Ireland,CB,,175000.0
896072,8647,Akinwale Joseph Odimayo,1999-11-28T00:00:00.000Z,183.0,right,England,CB,,
770125,9896,Nick Freeman,1995-11-07T00:00:00.000Z,180.0,right,England,DM,RB,125000.0
1089745,10173,Nelson Khumbeni,2002-10-14T00:00:00.000Z,171.0,right,England,DM,,100000.0
1005800,7946,Tom Bradbury,1998-02-27T00:00:00.000Z,190.0,left,England,CB,,100000.0
113465,9795,Junior Hoilett,1990-06-05T00:00:00.000Z,173.0,right,Canada,LW,AM,25000.0
1089738,8680,Josh Martin,2001-09-09T00:00:00.000Z,176.0,right,England,RW,AM,125000.0
430436,9786,Ryan Boot,1994-11-09T00:00:00.000Z,185.0,right,England,GK,,75000.0
759820,915809,Kyle Scott,1997-12-22T00:00:00.000Z,172.0,right,USA,CM,,
1631615,9784,Adrien Thibaut,2004-07-11T00:00:00.000Z,180.0,right,Ireland,ST,,100000.0
968942,8647,Lewis Richards,2001-10-15T00:00:00.000Z,182.0,left,England,LB,LWB,150000.0
1665593,8671,Josh Smith,2005-09-17T00:00:00.000Z,,,England,CB,,100000.0
1288331,8416,Jaden Williams,2004-09-06T00:00:00.000Z,,right,England,ST,AM,125000.0
1010429,8484,Clarke Oduor,1999-06-25T00:00:00.000Z,177.0,left,Kenya,AM,,150000.0
1130797,1583,Michael Olakigbe,2004-04-06T00:00:00.000Z,180.0,,Nigeria,forward,,500000.0
581526,7946,Jack Levi Sutton,1997-03-24T00:00:00.000Z,180.0,right,England,DM,"RWB,RW,AM",75000.0
1294755,1389162,Jack Thompson,2005-05-05T00:00:00.000Z,181.0,right,England,CB,RB,75000.0
1330846,1070257,Sonny Aljofree,2004-12-19T00:00:00.000Z,186.0,,England,CB,,
1435825,8313,James Plant,2004-11-03T00:00:00.000Z,175.0,,England,RWB,"LB,DM,LWB,RM,LM,LW,RW",175000.0
1340634,773645,Princewill Ehibhatiomhan,2005-10-20T00:00:00.000Z,,,England,ST,"LM,LW",150000.0
363349,9896,Malvind Benning,1993-11-02T00:00:00.000Z,178.0,left,England,LWB,LW,50000.0
1213651,282326,Zach Awe,2004-01-09T00:00:00.000Z,,right,England,CB,,100000.0
1186485,10005,Jude Soonsup-Bell,2004-01-10T00:00:00.000Z,182.0,right,Thailand,ST,LW,150000.0
1096387,7852,Dynel Simeu,2002-03-13T00:00:00.000Z,187.0,right,England,CB,,150000.0
1624340,8451,Kaheim Dixon,2004-10-04T00:00:00.000Z,181.0,right,Jamaica,AM,"RW,ST",
867841,8645,Connor Lemonheigh-Evans,1997-01-24T00:00:00.000Z,179.0,right,Wales,RB,,150000.0
1430833,357210,Tobi Adeyemo,2005-03-14T00:00:00.000Z,,,England,ST,,75000.0
890363,9786,Ruel Sotiriou,2000-08-24T00:00:00.000Z,175.0,right,Cyprus,AM,"LW,ST",
877668,45723,Denver Hume,1998-08-11T00:00:00.000Z,177.0,left,England,LWB,LB,150000.0
730546,2488,Regan Booty,1998-03-04T00:00:00.000Z,180.0,left,England,DM,CM,
1448407,8472,Trey Ogunsuyi,2006-11-26T00:00:00.000Z,190.0,right,Belgium,ST,,125000.0
1287618,9785,Oliver Hammond,2002-11-13T00:00:00.000Z,179.0,,Wales,CM,"AM,ST",100000.0
109262,7946,Mark Oxley,1990-09-28T00:00:00.000Z,180.0,right,England,GK,,25000.0
774239,8313,Jordan Davies,1998-08-18T00:00:00.000Z,178.0,left,Wales,AM,CM,150000.0
689991,8647,Theo Vassell,1997-01-02T00:00:00.000Z,180.0,right,England,CB,,175000.0
184822,282326,Fabio Borini,1991-03-29T00:00:00.000Z,180.0,right,Italy,forward,,100000.0
1526415,8647,Louie Copley,2006-10-20T00:00:00.000Z,175.0,right,England,CM,"DM,AM",75000.0
1290999,860801,Aaron Loupalo-Bi,2005-11-07T00:00:00.000Z,,,England,ST,"RW,LW",75000.0
479744,8651,Janoi Donacien,1993-11-03T00:00:00.000Z,183.0,right,Saint Lucia,CB,,100000.0
1343495,9784,Charlie Finney,2003-10-28T00:00:00.000Z,175.0,,England,LB,,150000.0
1317097,8653,James Golding,2004-08-10T00:00:00.000Z,188.0,,Ireland,CB,,
178539,45723,James Norwood,1990-09-05T00:00:00.000Z,175.0,right,England,ST,,25000.0
612736,7946,George Thomson,1992-05-19T00:00:00.000Z,175.0,left,England,AM,,50000.0
816396,45729,Marcus Dinanga,1997-06-30T00:00:00.000Z,180.0,right,England,ST,,100000.0
1105534,8671,Dan Martin,2002-04-19T00:00:00.000Z,176.0,right,England,DM,,75000.0
241728,8313,Jason Lowe,1991-09-02T00:00:00.000Z,176.0,left,England,CB,,50000.0
1313049,1113543,Will Dickson,2004-11-25T00:00:00.000Z,186.0,right,England,ST,AM,100000.0
215804,9834,Elias Kachunga,1992-04-22T00:00:00.000Z,178.0,right,DR Congo,ST,AM,50000.0
1745514,9896,Isaac England,2008-04-29T00:00:00.000Z,,,England,DM,,75000.0
1422743,1070257,Elyh Harrison,2006-02-19T00:00:00.000Z,182.0,right,England,GK,,
873013,865163,Jack Roles,1999-02-26T00:00:00.000Z,183.0,right,Cyprus,AM,ST,
160368,8680,Scot Bennett,1990-11-30T00:00:00.000Z,178.0,right,England,CB,,
1064852,4594,Darragh Power,2000-12-29T00:00:00.000Z,179.0,right,Ireland,RB,"CB,RWB",
190424,8645,Scott Hogan,1992-04-13T00:00:00.000Z,180.0,right,Ireland,ST,,150000.0
1191684,9786,Malik Owolabi-Belewu,2002-07-03T00:00:00.000Z,,left,Canada,LB,,100000.0
1313053,1070261,Kane Taylor,2005-02-14T00:00:00.000Z,,,England,RM,,100000.0
865152,10005,Sam Lavelle,1996-10-03T00:00:00.000Z,188.0,right,Scotland,CB,,125000.0
330466,6627,Lee Angol,1994-08-04T00:00:00.000Z,187.0,,England,ST,,
1381600,9795,Billy Kirkman,2004-02-26T00:00:00.000Z,,left,England,CB,LB,100000.0
262554,8175,Britt Assombalonga,1992-12-06T00:00:00.000Z,177.0,right,DR Congo,ST,,100000.0
1737921,584633,Emmerson Sutton,2006-12-28T00:00:00.000Z,,,England,LW,"RB,RM",50000.0
1669607,10173,Harry Waldock,2006-12-20T00:00:00.000Z,,right,England,DM,CM,50000.0
1469334,8659,Cole Deeming,2007-01-19T00:00:00.000Z,182.0,left,England,AM,"DM,RM,CM",75000.0
923174,45723,Ronan Coughlan,1995-10-02T00:00:00.000Z,178.0,right,Ireland,ST,,100000.0
1132836,8646,Tom Cursons,2001-12-08T00:00:00.000Z,,,England,ST,,
1338966,584592,Sam Waller,2003-09-09T00:00:00.000Z,187.0,,England,GK,,50000.0
1706529,1796115,Jokubas Mazionis,2006-06-23T00:00:00.000Z,,,Lithuania,CB,,
1426978,860800,Lakyle Samuel,2006-05-06T00:00:00.000Z,175.0,right,England,RB,,75000.0
860269,8509,Harald Tangen,2001-01-03T00:00:00.000Z,177.0,,Norway,AM,"DM,CM",500000.0
597503,8313,Luke McGee,1995-09-02T00:00:00.000Z,188.0,right,England,GK,,75000.0
814567,6350,Innes Cameron,2000-08-22T00:00:00.000Z,188.0,right,Scotland,ST,AM,
1296758,8647,Louis Flower,2004-10-06T00:00:00.000Z,,,England,ST,LM,
1425209,8313,Sol Solomon,2001-03-17T00:00:00.000Z,,right,England,AM,,50000.0
1481578,773645,Romeo Akachukwu,2006-07-28T00:00:00.000Z,178.0,right,Republic of Ireland,CM,"AM,LW,ST",150000.0
1529865,613940,Taylan Harris,2005-10-30T00:00:00.000Z,,,England,AM,"LWB,RW",
1254125,45729,Brooklyn Ilunga,2003-11-21T00:00:00.000Z,177.0,left,England,LWB,,150000.0
1290925,1389162,Esapa Osong,2004-09-21T00:00:00.000Z,,,England,ST,,
967350,9784,Jack Lankester,2000-01-19T00:00:00.000Z,177.0,right,England,AM,RW,200000.0
825825,8338,Barry Cotter,1998-12-04T00:00:00.000Z,184.0,right,Ireland,RB,"RWB,RM",
1473814,8680,Freddy Willcox,2005-12-11T00:00:00.000Z,,,England,CB,LB,50000.0
1580903,45723,Owen Devonport,2004-10-09T00:00:00.000Z,186.0,right,England,ST,,
1068913,282396,Adam Lewis,1999-11-08T00:00:00.000Z,175.0,left,England,LB,,
1334829,860802,Alfie Dorrington,2005-04-20T00:00:00.000Z,180.0,right,England,CB,,600000.0
470724,8313,Kaiyne Woolery,1995-01-11T00:00:00.000Z,179.0,right,England,ST,,50000.0
578431,8493,Laurence Maguire,1997-02-08T00:00:00.000Z,188.0,left,England,CB,,150000.0
292668,7946,Mason Bennett,1996-07-15T00:00:00.000Z,178.0,right,England,ST,,100000.0
1096695,7946,Thomas Hill,2002-10-13T00:00:00.000Z,,right,England,RW,AM,100000.0
1214913,8416,Jake Leake,2003-02-20T00:00:00.000Z,179.0,,England,CB,LB,75000.0
1430950,613940,Jayden Luker,2005-04-30T00:00:00.000Z,,,England,AM,,150000.0
883073,8489,Kyle Jameson,1998-09-11T00:00:00.000Z,183.0,right,England,CB,,
196865,9784,Louis Moult,1992-05-14T00:00:00.000Z,183.0,right,England,ST,,50000.0
1743859,8559,David Opeoluwa Abimbola,2007-05-19T00:00:00.000Z,,,England,ST,,75000.0
960996,2488,Ollie Kensdale,2000-04-20T00:00:00.000Z,190.0,right,England,CB,,
361105,8313,Ryan Watson,1993-07-07T00:00:00.000Z,187.0,right,England,DM,,50000.0
1222142,10196,Ryan Galvin,2001-01-31T00:00:00.000Z,182.0,,England,LB,"LWB,LM",
780282,9795,Harry Smith,1995-05-18T00:00:00.000Z,196.0,right,England,ST,,100000.0
647505,8175,Rhys Browne,1995-11-16T00:00:00.000Z,177.0,,Antigua and Barbuda,CM,,75000.0
1304779,8493,Bryant Bilongo,2001-09-15T00:00:00.000Z,,left,England,LWB,LW,
662366,10006,Sam Hornby,1995-02-14T00:00:00.000Z,193.0,left,England,GK,,75000.0
886138,282326,Jay Bird,2001-05-06T00:00:00.000Z,186.0,right,England,ST,,75000.0
1553125,773650,Freddie Anderson,2006-10-13T00:00:00.000Z,,left,USA,CB,,100000.0
1169591,8416,John-Kymani Gordon,2003-02-13T00:00:00.000Z,181.0,,England,RW,LW,
1798779,9896,Will Gray,2009-04-19T00:00:00.000Z,,,England,DM,,50000.0
877684,8647,Danny Cashman,2001-01-08T00:00:00.000Z,170.0,,England,LW,,
607640,9784,Omar Bogle,1993-07-26T00:00:00.000Z,191.0,left,England,forward,,75000.0
1421825,773685,Jack Barrett,2002-06-04T00:00:00.000Z,191.0,right,England,GK,,50000.0
1221026,10104,Mees Rijks,2003-03-08T00:00:00.000Z,188.0,right,Netherlands,ST,,200000.0
548798,8671,Michael Kelly,1996-07-13T00:00:00.000Z,196.0,right,Ireland,GK,,75000.0
883082,8680,George Harmon,2000-12-08T00:00:00.000Z,163.0,left,England,LB,LWB,175000.0
509174,8175,Owen Evans,1996-11-28T00:00:00.000Z,189.0,right,Wales,GK,,75000.0
1184675,45729,Sam Long,2002-11-12T00:00:00.000Z,183.0,,England,GK,,75000.0
1078851,6350,Ben Winterbottom,2001-07-16T00:00:00.000Z,188.0,left,England,GK,,50000.0
1311905,8652,Daniel Cox,2006-01-30T00:00:00.000Z,,,Wales,CB,,
607131,8416,Dominic Gape,1994-09-09T00:00:00.000Z,180.0,right,England,DM,,50000.0
1580238,773658,Dylan Jones,2005-01-03T00:00:00.000Z,188.0,,England,ST,AM,50000.0
406919,9785,Kieron Morris,1994-06-03T00:00:00.000Z,178.0,left,England,RM,"RW,LW",
1435434,1070257,James Scanlon,2006-09-28T00:00:00.000Z,180.0,right,Gibraltar,LW,"LM,RW,AM",75000.0
1113759,9784,Dion Rankine,2002-10-15T00:00:00.000Z,165.0,,England,LW,RM,200000.0
1685594,9896,Isaac Lee,2004-09-03T00:00:00.000Z,195.0,,South Korea,CB,,50000.0
417759,282326,Michael Rose,1995-10-11T00:00:00.000Z,188.0,right,Scotland,CB,,300000.0
1288109,10104,Ryan Howley,2003-11-23T00:00:00.000Z,187.0,,Wales,CM,DM,
1249626,773683,Temple Ojinnaka,2005-03-30T00:00:00.000Z,191.0,right,Italy,CB,"RWB,DM",50000.0
1668982,10262,Cole Jarvis,2001-07-15T00:00:00.000Z,,,Wales,midfielder,,75000.0
1321336,9834,Glenn McConnell,2005-04-26T00:00:00.000Z,173.0,right,England,AM,LW,75000.0
1364023,584590,Tyrell Sellars-Fleming,2005-05-31T00:00:00.000Z,173.0,right,England,LW,RW,75000.0
1577916,10104,Ollie Dewsbury,2008-02-22T00:00:00.000Z,,,Wales,midfielder,,
780417,8175,Dennis Adeniran,1999-01-02T00:00:00.000Z,180.0,right,England,AM,,125000.0
1190861,1796112,Logan Pye,2003-10-26T00:00:00.000Z,,,England,LWB,LB,
912931,9795,Daniel Butterworth,1999-09-14T00:00:00.000Z,183.0,right,England,midfielder,,100000.0
214685,45729,Carl Jenkinson,1992-02-08T00:00:00.000Z,185.0,right,England,RB,,50000.0
1326393,10173,Euan Williams,2003-01-15T00:00:00.000Z,171.0,right,Northern Ireland,midfielder,,50000.0
664501,8175,Emmanuel Osadebe,1996-10-01T00:00:00.000Z,178.0,right,Ireland,DM,,75000.0
682552,8645,Jonathan Leko,1999-04-24T00:00:00.000Z,182.0,right,England,ST,,100000.0
1108609,9785,Kian Harratt,2002-06-21T00:00:00.000Z,185.0,right,England,ST,"RM,RW",
1699539,8678,Jonny Stuttle,2005-09-29T00:00:00.000Z,,,England,ST,,
1059416,8130,Jason Svanthórsson,1999-12-31T00:00:00.000Z,178.0,right,Iceland,RW,,100000.0
1369689,8647,Justin Ferizaj,2005-01-13T00:00:00.000Z,174.0,,Ireland,DM,,50000.0
882341,8528,Toby Savin,2001-05-04T00:00:00.000Z,193.0,right,England,GK,,
1526724,8465,Callum Stewart,2001-12-14T00:00:00.000Z,,,England,ST,"CM,LW,RW",
1439541,8416,Ben Perry,2004-10-11T00:00:00.000Z,,right,England,CM,DM,100000.0
1113676,8416,Adrian Akande,2003-10-22T00:00:00.000Z,,right,Nigeria,LW,,75000.0
191178,9896,Aristote Nsiala,1992-03-25T00:00:00.000Z,193.0,right,Congo,CB,,
1113699,8597,Joe Hugill,2003-10-19T00:00:00.000Z,,right,England,ST,,
592209,8645,Connal Trueman,1996-03-26T00:00:00.000Z,184.0,right,England,GK,,75000.0
1725234,8345,Tom Taylor,2005-02-21T00:00:00.000Z,,,England,AM,ST,
1172814,2203,Zeno Ibsen Rossi,2000-10-28T00:00:00.000Z,194.0,both,England,CB,,
1081234,7946,Grant Horton,2001-09-13T00:00:00.000Z,188.0,right,England,RWB,"RB,CB",75000.0
883077,282351,Callum Morton,2000-01-19T00:00:00.000Z,178.0,right,England,forward,,
1191890,9828,Jay Mingi,2000-10-22T00:00:00.000Z,185.0,right,England,CB,"RB,RM",
1076588,7946,Aiden Marsh,2003-05-05T00:00:00.000Z,175.0,,England,ST,RW,50000.0
1187284,8416,Tom Smith,2002-01-30T00:00:00.000Z,188.0,,England,GK,,75000.0
1788033,161803,Jake Tabor,2003-08-26T00:00:00.000Z,175.0,,England,ST,,
1096699,8645,Jay Matete,2001-02-11T00:00:00.000Z,170.0,right,England,CM,DM,250000.0
1217143,860801,Matt Dibley-Dias,2003-10-29T00:00:00.000Z,183.0,right,New Zealand,DM,CM,
1341388,45723,Rhys Bennett,2003-10-30T00:00:00.000Z,187.0,right,England,CB,,75000.0
1331082,9834,Zak Bradshaw,2003-09-22T00:00:00.000Z,185.0,left,England,LB,LWB,75000.0
609506,9896,Alex Gilliead,1996-02-11T00:00:00.000Z,185.0,right,England,DM,CM,
1420205,45723,George Morrison,2005-10-24T00:00:00.000Z,177.0,right,Scotland,DM,CM,50000.0
1860793,45723,Crispin McLean,2006-09-30T00:00:00.000Z,,,England,midfielder,,
1787418,8416,Samuel Kuffour Jr.,2003-10-25T00:00:00.000Z,,,Ghana,CB,,50000.0
1117779,161801,Scott High,2001-02-15T00:00:00.000Z,177.0,,Scotland,CM,DM,
1300488,9795,Ben Middlemas,2004-12-13T00:00:00.000Z,,right,England,DM,CM,50000.0
1675663,45723,Liam Roberts,2007-12-24T00:00:00.000Z,,,England,LWB,,
198025,7946,Josh Falkingham,1990-08-25T00:00:00.000Z,168.0,left,England,midfielder,,25000.0
1798678,578300,Jack Howland,2006-02-16T00:00:00.000Z,,,England,midfielder,,50000.0
1416111,9819,Luke Browne,2005-10-06T00:00:00.000Z,,,Ireland,CB,,50000.0
1119652,10262,Lewis Jamieson,2002-04-17T00:00:00.000Z,169.0,right,Scotland,LW,RW,100000.0
1699536,9784,Stan Dancey,2007-03-08T00:00:00.000Z,,,East Germany,RB,,50000.0
1410089,9819,Beck-Ray Enoru,2002-08-25T00:00:00.000Z,173.0,right,England,LW,"LM,RW",50000.0
1715554,9784,Luca Moore,2005-09-28T00:00:00.000Z,,,England,midfielder,,50000.0
204079,8680,Harry Pell,1991-10-21T00:00:00.000Z,192.0,right,England,DM,,
1614450,8671,Anjola Popoola,2007-06-19T00:00:00.000Z,,right,England,ST,,
1187146,2488,Zak Brunt,2001-11-17T00:00:00.000Z,176.0,right,England,AM,"DM,CM,RW",
1288102,8647,Ben Radcliffe,2003-09-15T00:00:00.000Z,184.0,,England,CB,,150000.0
920384,10198,Joy Mukena,1999-07-03T00:00:00.000Z,179.0,right,Belgium,CB,,
1691413,6350,Killian Barrett,2004-03-15T00:00:00.000Z,190.0,left,Ireland,GK,,0.0
1970835,10173,Sullivan Booth,2008-12-05T00:00:00.000Z,,,England,forward,,
1076170,161803,Ibrahim Bakare,2002-05-07T00:00:00.000Z,188.0,right,England,CB,,
1447053,6042,Will Johnson,2005-06-06T00:00:00.000Z,,,England,CM,"RWB,DM",
1238151,188313,Nicolás Siri,2004-04-17T00:00:00.000Z,177.0,right,Uruguay,ST,,250000.0
1269869,584611,Adam Murphy,2005-04-08T00:00:00.000Z,,,Ireland,CM,,
1430834,161812,Michael Adu-Poku,2005-09-22T00:00:00.000Z,,right,England,RWB,,
959240,8671,Kelsey Mooney,1999-02-05T00:00:00.000Z,,,England,ST,,75000.0
767015,8645,Kane Wilson,2000-03-11T00:00:00.000Z,178.0,right,England,defender,,300000.0
1686146,773658,Botan Ameen,2007-04-24T00:00:00.000Z,,right,Iraq,RW,"RM,ST",
1782159,584611,Taine Anderson,2005-09-17T00:00:00.000Z,,,England,defender,,
1552957,10005,Cameron Gardner,2005-09-22T00:00:00.000Z,,,England,ST,,50000.0
1416719,10173,Marcus Wyllie,1999-07-16T00:00:00.000Z,,,Cyprus,ST,,
1286941,5751,Will Jarvis,2002-12-17T00:00:00.000Z,,right,England,LM,"LWB,LW",
1276301,45724,Antony Papadopoulos,2002-11-12T00:00:00.000Z,,,England,midfielder,,
1930487,45729,George Evans,0001-01-01T00:00:00.000Z,,,England,forward,,
1779893,9834,Ben Hughes,2003-11-15T00:00:00.000Z,,,Wales,GK,,75000.0
280504,8416,Jack Baldwin,1993-06-30T00:00:00.000Z,185.0,right,England,CB,,
1217249,10164,Jake Hollman,2001-08-26T00:00:00.000Z,170.0,right,Australia,midfielder,,150000.0
1187258,10262,Jaden Warner,2002-10-28T00:00:00.000Z,194.0,right,England,CB,,50000.0
1665594,8671,Charlie Hall,2005-12-31T00:00:00.000Z,,,England,midfielder,,50000.0
1435811,1796112,Charlie Casper,2005-04-04T00:00:00.000Z,,,England,GK,,
1585612,282326,Kyrell Malcolm,2007-06-12T00:00:00.000Z,,,England,forward,,50000.0
1748125,10262,Moses Alexander-Walker,2007-07-27T00:00:00.000Z,,,Wales,midfielder,,
1222189,282326,Loick Ayina,2003-04-20T00:00:00.000Z,183.0,,Congo,defender,,0.0
1705086,9785,Tom Donaghy,2003-04-18T00:00:00.000Z,,,England,GK,,0.0
873015,9784,Shilow Tracey,1998-04-29T00:00:00.000Z,179.0,right,England,forward,,100000.0
1739913,799249,Harry Tustin,2006-09-29T00:00:00.000Z,,,England,midfielder,,50000.0
1642042,8488,Neo Eccleston,2003-08-11T00:00:00.000Z,,,England,RB,,
1798724,10173,Cruz Beszant,0001-01-01T00:00:00.000Z,,,England,AM,,
1125865,10005,Zak Gilsenan,2003-05-08T00:00:00.000Z,178.0,,Ireland,ST,CM,75000.0
265036,10006,Kemar Roofe,1993-01-06T00:00:00.000Z,178.0,right,Jamaica,midfielder,,
1219662,9819,Jack Hinchy,2003-01-30T00:00:00.000Z,,,England,DM,CM,
1650213,45723,Raffaele Cirino,2007-02-03T00:00:00.000Z,,,Montserrat,defender,,
1448115,614316,Tola Showunmi,2000-07-03T00:00:00.000Z,191.0,left,England,ST,,
1924403,10173,Michael Luxton,2008-04-09T00:00:00.000Z,,,England,midfielder,,
1575564,8680,Tommy Backwell,2003-06-22T00:00:00.000Z,,,England,midfielder,,
939779,6361,Maï Traoré,1999-11-24T00:00:00.000Z,185.0,left,Guinea,ST,,
1793661,8647,Fate Kotey,2007-09-28T00:00:00.000Z,,,Ghana,midfielder,,
1798703,8416,Ronnie Harvey,2007-09-27T00:00:00.000Z,,,England,DM,,
763228,2004,Curtis Edwards,1994-01-12T00:00:00.000Z,180.0,right,England,CM,ST,
1799282,8680,Mark Barber,0001-01-01T00:00:00.000Z,,,England,midfielder,,
1229118,773652,Ronnie Stutter,2005-01-06T00:00:00.000Z,,,England,forward,,100000.0
372992,9796,Rhys Healey,1994-12-06T00:00:00.000Z,180.0,right,Wales,forward,,
1215944,8066,Kerr Smith,2004-12-12T00:00:00.000Z,,,Scotland,defender,,
1400463,45729,Alex Stepien-Iwumene,2005-04-16T00:00:00.000Z,190.0,,England,DM,,
1793690,282326,Ruben Butt,2007-08-15T00:00:00.000Z,,,England,midfielder,,
1862555,10173,Louie Dayal,0001-01-01T00:00:00.000Z,,,England,midfielder,,
1736524,9784,Phil Croker,2006-08-09T00:00:00.000Z,,,Ireland,CB,,
1327326,1267874,Jemiah Umolu,2005-10-28T00:00:00.000Z,,,England,ST,,
1668675,10005,Henry Brown,2007-04-20T00:00:00.000Z,,,England,midfielder,,50000.0
1577819,1659622,Harry Gray,2007-11-06T00:00:00.000Z,,,England,midfielder,,
1788034,161839,Dani González-Birchall,2007-05-23T00:00:00.000Z,,,Spain,midfielder,,
1975605,9896,Hugo Aiston,0001-01-01T00:00:00.000Z,,,England,midfielder,,
1962799,9785,Frankie McMahon-Brown,2007-08-06T00:00:00.000Z,,,Ireland,midfielder,,
1975612,9785,Isaac Anderson,0001-01-01T00:00:00.000Z,,,England,defender,,
1904714,10006,Will Etheridge,0001-01-01T00:00:00.000Z,,,England,midfielder,,
1702715,8416,Max Jolliffe,2005-09-13T00:00:00.000Z,,,England,CM,RM,
1702709,7946,Lucas Barnes,2007-05-17T00:00:00.000Z,,,England,midfielder,,0.0
492116,8121,Jordan Lefort,1993-08-09T00:00:00.000Z,183.0,left,Mauritania,CB,,1000000.0
660326,8588,Matthieu Udol,1996-03-20T00:00:00.000Z,178.0,left,France,LWB,"CB,LM",8000000.0
1390336,8588,Robin Risser,2004-12-02T00:00:00.000Z,193.0,right,France,GK,,30000000.0
1319972,8455,Mike Penders,2005-07-31T00:00:00.000Z,200.0,left,Belgium,GK,,25000000.0
1524210,9941,Guillaume Restes,2005-03-11T00:00:00.000Z,188.0,left,France,GK,,18000000.0
1103837,9851,Issa Soumaré,2000-10-10T00:00:00.000Z,184.0,right,Senegal,ST,LW,8000000.0
782502,1699505,Malang Sarr,1999-01-23T00:00:00.000Z,180.0,left,France,CB,,20000000.0
279714,9851,Brice Samba,1994-04-25T00:00:00.000Z,186.0,left,France,GK,,7000000.0
266105,9748,Clinton Mata,1992-11-07T00:00:00.000Z,180.0,right,Angola,CB,RB,2500000.0
1305543,8583,Kévin Danois,2004-06-28T00:00:00.000Z,183.0,right,France,CM,DM,20000000.0
561869,8121,Haris Belkebla,1994-01-28T00:00:00.000Z,177.0,right,Algeria,DM,CM,1800000.0
815912,8639,Berke Özer,2000-05-25T00:00:00.000Z,190.0,right,Turkiye,GK,,10000000.0
471153,8521,Ludovic Ajorque,1994-02-25T00:00:00.000Z,197.0,left,France,ST,,3000000.0
279461,8521,Kenny Lala,1991-10-03T00:00:00.000Z,180.0,right,France,RB,,1500000.0
167035,8121,Anthony Lopes,1990-10-01T00:00:00.000Z,184.0,left,Portugal,GK,,900000.0
923196,6379,Lassine Sinayoko,1999-12-08T00:00:00.000Z,185.0,right,Mali,ST,"RM,RW,LW",10000000.0
274787,8689,Yvon Mvogo,1994-06-06T00:00:00.000Z,186.0,right,Switzerland,GK,,2500000.0
1079548,8521,Joris Chotard,2001-09-24T00:00:00.000Z,179.0,right,France,DM,CM,7000000.0
592102,9748,Moussa Niakhaté,1996-03-08T00:00:00.000Z,180.0,left,Senegal,CB,,15000000.0
562719,9851,Valentin Rongier,1994-12-07T00:00:00.000Z,172.0,right,France,CM,DM,8000000.0
1178325,8121,Ousmane Camara,2003-03-06T00:00:00.000Z,197.0,left,Mali,CB,,8000000.0
1053678,6379,Mamadou Mbow,2000-03-08T00:00:00.000Z,187.0,right,Senegal,CB,,
1280225,9851,Estéban Lepaul,2000-04-18T00:00:00.000Z,181.0,right,France,ST,,35000000.0
266523,8592,Pierre-Emile Højbjerg,1995-08-05T00:00:00.000Z,185.0,right,Denmark,DM,CM,15000000.0
812415,8521,Hugo Magnetti,1998-05-30T00:00:00.000Z,173.0,right,France,DM,"CM,AM",6000000.0
317062,9851,Adrien Thomasson,1993-12-10T00:00:00.000Z,177.0,right,France,DM,CM,4000000.0
695405,8588,Hervé Koffi,1996-10-16T00:00:00.000Z,186.0,right,Burkina Faso,GK,,6000000.0
770321,9851,Mahdi Camara,1998-06-30T00:00:00.000Z,178.0,right,France,CM,"DM,RM",12000000.0
696263,8521,Romain Del Castillo,1996-03-29T00:00:00.000Z,172.0,left,France,RW,AM,7000000.0
466436,9746,Mory Diaw,1993-06-22T00:00:00.000Z,197.0,right,Senegal,GK,,900000.0
955411,9941,Yann Gboho,2001-01-14T00:00:00.000Z,178.0,right,Ivory Coast,LW,AM,18000000.0
857120,9746,Ayumu Seko,2000-06-07T00:00:00.000Z,183.0,right,Japan,CB,"DM,CM",5000000.0
1640832,8689,Arsène Kouassi,2004-09-11T00:00:00.000Z,178.0,left,Burkina Faso,LWB,"LB,LM",15000000.0
651910,9748,Dominik Greif,1997-04-06T00:00:00.000Z,197.0,right,Slovakia,GK,,9000000.0
245555,8592,Gerónimo Rulli,1992-05-20T00:00:00.000Z,189.0,right,Argentina,GK,,6000000.0
656491,9941,Rasmus Nicolaisen,1997-03-16T00:00:00.000Z,190.0,left,Denmark,CB,,5000000.0
846392,8689,Montassar Talbi,1998-05-26T00:00:00.000Z,190.0,right,Tunisia,CB,,8000000.0
1073905,9746,Rassoul Ndiaye,2001-12-11T00:00:00.000Z,179.0,right,Senegal,AM,"DM,CM,LW",8000000.0
448865,8521,Brendan Chardonnet,1994-12-22T00:00:00.000Z,181.0,right,France,CB,,4000000.0
1186444,9941,Charlie Cresswell,2002-08-17T00:00:00.000Z,190.0,right,England,CB,,25000000.0
1233931,9851,Quentin Merlin,2002-05-16T00:00:00.000Z,173.0,left,France,LB,"LWB,RM,CM,LM",15000000.0
817724,8583,Danny Namaso,2000-08-28T00:00:00.000Z,182.0,right,Cameroon,AM,"CM,LM,LW,ST",6000000.0
715301,9831,Jonathan Clauss,1992-09-25T00:00:00.000Z,185.0,right,France,RWB,"RB,RM",4000000.0
845943,9941,Cristian Cásseres,2000-01-20T00:00:00.000Z,176.0,right,Venezuela,DM,CM,9000000.0
1113724,9748,Tyler Morton,2002-10-31T00:00:00.000Z,176.0,right,England,DM,CM,30000000.0
890263,9829,Jordan Teze,1999-09-30T00:00:00.000Z,183.0,right,Netherlands,DM,"RB,CB,RWB,RM,CM",15000000.0
1250492,9830,Matthis Abline,2003-03-28T00:00:00.000Z,176.0,right,France,LW,"RW,AM,ST",20000000.0
604089,9748,Ainsley Maitland-Niles,1997-08-29T00:00:00.000Z,177.0,right,England,RB,"RWB,RW",10000000.0
445226,10144,Jean-Philippe Gbamin,1995-09-25T00:00:00.000Z,186.0,right,Ivory Coast,CB,"DM,CM",2000000.0
1044470,8639,Hákon Arnar Haraldsson,2003-04-10T00:00:00.000Z,180.0,right,Iceland,AM,"DM,CM,RW,ST",25000000.0
950473,8695,Mason Greenwood,2001-10-01T00:00:00.000Z,181.0,both,England,RW,"AM,ST",55000000.0
279866,150414,Donovan Léon,1992-11-03T00:00:00.000Z,187.0,right,French Guiana,GK,,800000.0
254308,8588,Florian Thauvin,1993-01-26T00:00:00.000Z,180.0,left,France,AM,RW,5000000.0
1367615,9847,Warren Zaïre-Emery,2006-03-08T00:00:00.000Z,178.0,right,France,CM,"RB,DM",80000000.0
1429607,9831,Kojo Peprah Oppong,2004-06-04T00:00:00.000Z,188.0,right,Ghana,CB,RB,10000000.0
924485,9941,Mark McKenzie,1999-02-25T00:00:00.000Z,184.0,right,USA,CB,,7000000.0
210683,8581,Aïssa Mandi,1991-10-22T00:00:00.000Z,186.0,right,Algeria,CB,RB,1000000.0
823293,9941,Aron Dønnum,1998-04-20T00:00:00.000Z,179.0,left,Norway,RM,"RWB,LWB,LM,AM,RW",5000000.0
1252070,8639,Nathan Ngoy,2003-06-10T00:00:00.000Z,183.0,right,Belgium,CB,,25000000.0
1305618,9829,Maghnes Akliouche,2002-02-25T00:00:00.000Z,183.0,left,France,RW,"RM,AM,ST",50000000.0
420731,9746,Gautier Lloris,1995-07-18T00:00:00.000Z,185.0,left,France,CB,,3000000.0
1444231,8639,Matias Fernandez-Pardo,2005-02-03T00:00:00.000Z,183.0,right,Belgium,ST,"RW,LW",35000000.0
1140003,9847,Ilya Zabarnyi,2002-09-01T00:00:00.000Z,189.0,right,Ukraine,CB,RB,40000000.0
1092403,9831,Melvin Bard,2000-11-06T00:00:00.000Z,173.0,left,France,LWB,"CB,LB,LM",10000000.0
604088,9829,Thilo Kehrer,1996-09-21T00:00:00.000Z,186.0,right,Germany,CB,,12000000.0
883823,8583,Elisha Owusu,1997-11-07T00:00:00.000Z,182.0,right,Ghana,CM,"DM,AM",4000000.0
763974,8550,Gauthier Hein,1996-08-07T00:00:00.000Z,170.0,left,France,AM,RW,5000000.0
1075429,8550,Jonathan Fischer,2001-11-09T00:00:00.000Z,197.0,left,Denmark,GK,,2000000.0
1098243,9746,Yanis Zouaoui,1998-04-28T00:00:00.000Z,183.0,left,France,LB,LWB,2500000.0
179873,8044,Loïc Négo,1991-01-15T00:00:00.000Z,181.0,right,Hungary,RB,RWB,500000.0
771630,8722,Gideon Mensah,1998-07-18T00:00:00.000Z,178.0,left,Ghana,LB,"CB,LWB,LM",4000000.0
148830,8639,Benjamin André,1990-08-03T00:00:00.000Z,180.0,right,France,DM,CM,3000000.0
1561552,8639,Ayyoub Bouaddi,2007-10-02T00:00:00.000Z,185.0,right,Morocco,DM,"RB,CM",80000000.0
766574,9831,Yehvann Diouf,1999-11-16T00:00:00.000Z,190.0,right,Senegal,GK,,7000000.0
1244272,8302,Arouna Sangante,2002-04-12T00:00:00.000Z,189.0,right,Senegal,CB,RB,8000000.0
1185211,8588,Mamadou Sangaré,2002-06-26T00:00:00.000Z,178.0,left,Mali,DM,"RM,CM,RW",40000000.0
413525,9831,Laurent Abergel,1993-02-01T00:00:00.000Z,170.0,right,France,DM,CM,1800000.0
473852,9748,Corentin Tolisso,1994-08-03T00:00:00.000Z,180.0,right,France,AM,"DM,CM",10000000.0
820712,8550,Koffi Kouao,1998-05-20T00:00:00.000Z,173.0,right,Ivory Coast,RB,RWB,2500000.0
889536,8592,Timothy Weah,2000-02-22T00:00:00.000Z,183.0,right,USA,RWB,"RB,RM,LW",20000000.0
666954,9830,Chidozie Awaziem,1997-01-01T00:00:00.000Z,192.0,right,Nigeria,CB,,2500000.0
1073941,9851,Lilian Brassier,1999-11-02T00:00:00.000Z,184.0,left,France,CB,,12000000.0
982677,9829,Folarin Balogun,2001-07-03T00:00:00.000Z,179.0,right,USA,ST,,50000000.0
815465,8639,Romain Perraud,1997-09-22T00:00:00.000Z,173.0,left,France,LB,LWB,7000000.0
1327156,8121,Jacques Ekomié,2003-08-19T00:00:00.000Z,179.0,right,Gabon,LB,"LWB,LM",9000000.0
999690,6379,Ilan Kebbal,1998-07-10T00:00:00.000Z,169.0,left,Algeria,RW,"RM,AM",12000000.0
813055,9851,Mousa Tamari,1997-06-10T00:00:00.000Z,178.0,left,Jordan,LM,"RM,RW,ST",10000000.0
1180481,9830,Johann Lepenant,2002-10-22T00:00:00.000Z,176.0,right,France,AM,"DM,CM",7000000.0
1408580,9848,Joaquín Panichelli,2002-10-07T00:00:00.000Z,187.0,,Argentina,ST,,35000000.0
864145,8521,Grégoire Coudert,1999-04-03T00:00:00.000Z,191.0,left,France,GK,,4000000.0
1513317,6379,Adama Camara,1996-10-18T00:00:00.000Z,180.0,right,France,CM,RB,3000000.0
1272440,9848,Valentín Barco,2004-07-23T00:00:00.000Z,170.0,left,Argentina,DM,"CM,AM",40000000.0
242156,9941,Djibril Sidibé,1992-07-29T00:00:00.000Z,184.0,right,France,RWB,"CB,RM,LM",1000000.0
1347791,8121,Yassin Belkhdim,2002-02-14T00:00:00.000Z,175.0,right,France,RW,"DM,CM",7000000.0
1060604,9748,Abner,2000-05-27T00:00:00.000Z,181.0,left,Brazil,LB,"LWB,DM,CM,LW",10000000.0
953812,9831,Sofiane Diop,2000-06-09T00:00:00.000Z,175.0,right,Morocco,AM,"CM,LM,LW,ST",15000000.0
1598170,9848,Samir El Mourabet,2005-10-06T00:00:00.000Z,187.0,left,Morocco,DM,CM,22000000.0
1061249,9847,Vitinha,2000-02-13T00:00:00.000Z,172.0,right,Portugal,CM,DM,140000000.0
1133081,8583,Sinaly Diomandé,2001-04-09T00:00:00.000Z,184.0,right,Ivory Coast,CB,,6000000.0
1565010,8689,Arthur Avom,2004-12-15T00:00:00.000Z,185.0,right,Cameroon,DM,"CM,AM",20000000.0
267371,8592,Emerson,1994-08-03T00:00:00.000Z,176.0,left,Italy,LB,"CB,LWB",9000000.0
1254147,9831,Antoine Mendy,2004-05-27T00:00:00.000Z,187.0,right,Senegal,CB,RB,10000000.0
1178332,9848,Ismaël Doukouré,2003-07-24T00:00:00.000Z,183.0,right,France,CB,DM,20000000.0
942358,8639,Félix Correia,2001-01-22T00:00:00.000Z,178.0,right,Portugal,LW,"RM,LM,RW",
150565,9783,Pierre-Emerick Aubameyang,1989-06-18T00:00:00.000Z,187.0,right,Gabon,ST,,2500000.0
1395704,9848,Guéla Doué,2002-10-17T00:00:00.000Z,187.0,right,Ivory Coast,RB,"CB,RWB",20000000.0
634110,8121,Carlens Arcus,1996-06-28T00:00:00.000Z,180.0,right,Haiti,RB,CB,1800000.0
1342754,9848,Diego Moreira,2004-08-06T00:00:00.000Z,179.0,left,Belgium,RW,"LWB,RM,LM,AM,LW",25000000.0
598355,9829,Denis Zakaria,1996-11-20T00:00:00.000Z,189.0,right,Switzerland,CB,"RB,DM,CM",25000000.0
467486,6379,Moses Simon,1995-07-12T00:00:00.000Z,168.0,right,Nigeria,LW,LM,7000000.0
1406645,8588,Ismaëlo Ganiou,2005-03-14T00:00:00.000Z,185.0,right,France,CB,,20000000.0
882400,8550,Jessy Deminguet,1998-01-07T00:00:00.000Z,178.0,left,France,DM,"CM,AM",2000000.0
445856,101904,Wesley Saïd,1995-04-19T00:00:00.000Z,171.0,right,France,AM,LW,5000000.0
958464,8592,Leonardo Balerdi,1999-01-26T00:00:00.000Z,187.0,right,Argentina,CB,,18000000.0
1265963,8592,Igor Paixão,2000-06-28T00:00:00.000Z,168.0,right,Brazil,LW,"LWB,AM",35000000.0
145550,6379,Kevin Trapp,1990-07-08T00:00:00.000Z,189.0,right,Germany,GK,,1800000.0
1287489,8592,Bamo Meité,2001-12-03T00:00:00.000Z,183.0,right,Ivory Coast,CB,,7000000.0
1431818,8121,Lilian Rao-Lisoa,2000-06-16T00:00:00.000Z,178.0,right,France,RW,"RB,RWB,RM,LW",
1375810,2182,Terry Yegbe,2001-01-25T00:00:00.000Z,195.0,left,Ghana,CB,LB,3000000.0
660462,6379,Pierre Lees-Melou,1993-05-25T00:00:00.000Z,185.0,right,France,CM,DM,4500000.0
683473,9830,Kelvin Amian,1998-02-08T00:00:00.000Z,179.0,right,France,RB,CB,2000000.0
614207,6379,Maxime Lopez,1997-12-04T00:00:00.000Z,167.0,right,France,CM,"DM,AM",5000000.0
1539619,8456,Juma Bah,2006-04-11T00:00:00.000Z,,right,Sierra Leone,CB,,10000000.0
1057433,9748,Tanner Tessmann,2001-09-24T00:00:00.000Z,191.0,right,USA,DM,"CB,CM",10000000.0
1388678,8583,Clément Akpa,2001-11-24T00:00:00.000Z,183.0,left,Ivory Coast,CB,LB,9000000.0
1523208,9829,Sadibou Sané,2004-06-10T00:00:00.000Z,185.0,right,Senegal,CB,,7000000.0
611223,8636,Benjamin Pavard,1996-03-28T00:00:00.000Z,186.0,right,France,CB,RB,12000000.0
1137670,9847,Willian Pacho,2001-10-16T00:00:00.000Z,188.0,left,Ecuador,CB,,80000000.0
601145,8550,Habibou Mouhamadou Diallo,1995-06-18T00:00:00.000Z,185.0,right,Senegal,ST,,
277771,8472,Thomas Meunier,1991-09-12T00:00:00.000Z,190.0,right,Belgium,RB,,
1329255,8121,Louis Mouton,2002-06-03T00:00:00.000Z,180.0,right,France,AM,CM,4000000.0
1664716,9941,Dayann Methalie,2006-02-15T00:00:00.000Z,,left,France,LWB,"LB,LM",18000000.0
1073742,9848,Julio Enciso,2004-01-23T00:00:00.000Z,173.0,right,Paraguay,AM,ST,25000000.0
1190113,6379,Otávio,2002-04-21T00:00:00.000Z,187.0,left,Brazil,CB,,10000000.0
1292354,8689,Théo Le Bris,2002-10-01T00:00:00.000Z,165.0,right,France,RWB,,5000000.0
527103,9851,Breel Embolo,1997-02-14T00:00:00.000Z,187.0,right,Switzerland,ST,,15000000.0
1097446,8689,Noah Cadiou,1998-10-26T00:00:00.000Z,191.0,right,Guadeloupe,DM,CM,3000000.0
1242587,8121,Amine Sbaï,2000-11-05T00:00:00.000Z,175.0,right,Morocco,LW,ST,4000000.0
1436305,9829,Lamine Camara,2004-01-01T00:00:00.000Z,173.0,right,Senegal,DM,"CM,AM",40000000.0
1276626,8588,Samson Baidoo,2004-03-31T00:00:00.000Z,187.0,right,Austria,CB,,25000000.0
699461,8689,Jean-Victor Makengo,1998-06-12T00:00:00.000Z,177.0,left,France,AM,RW,6000000.0
1436942,9848,Lucas Høgsberg,2006-06-23T00:00:00.000Z,,right,Denmark,CB,"RB,LB",18000000.0
1201760,8583,Marvin Senaya,2001-01-28T00:00:00.000Z,179.0,right,Ghana,RB,"CB,RWB",3000000.0
952057,10235,Charles Vanhoutte,1998-09-16T00:00:00.000Z,182.0,right,Belgium,DM,CM,7000000.0
1331097,8689,Pablo Pagis,2002-12-29T00:00:00.000Z,181.0,both,France,AM,LW,15000000.0
355901,9831,Morgan Sanson,1994-08-18T00:00:00.000Z,182.0,right,France,CM,"DM,LM,AM",3500000.0
1469758,9746,Simon Ebonog,2004-08-16T00:00:00.000Z,180.0,right,France,DM,"CM,AM",4500000.0
1343053,9848,Abdoul Ouattara,2005-10-22T00:00:00.000Z,,right,France,RB,"LB,LWB,RWB,DM",15000000.0
1310270,8521,Kamory Doumbia,2003-02-18T00:00:00.000Z,170.0,right,Mali,AM,"CM,LW",9000000.0
1297165,9847,Bradley Barcola,2002-09-02T00:00:00.000Z,182.0,right,France,LW,"RW,ST",90000000.0
504606,9847,Lucas Hernández,1996-02-14T00:00:00.000Z,183.0,left,France,LB,CB,18000000.0
1487894,6379,Nhoa Sangui,2006-02-27T00:00:00.000Z,178.0,left,France,LB,"RB,RWB,LWB",10000000.0
1079554,9851,Anthony Rouault,2001-05-29T00:00:00.000Z,186.0,right,France,CB,,12000000.0
561046,8588,Ruben Aguilar,1993-04-26T00:00:00.000Z,172.0,right,France,RWB,RM,2500000.0
1800345,9830,Tylel Tati,2008-01-19T00:00:00.000Z,,left,France,CB,,25000000.0
1367047,8178,Afonso Moreira,2005-03-19T00:00:00.000Z,176.0,right,Portugal,LW,"LM,ST",20000000.0
1033099,9831,Hicham Boudaoui,1999-09-23T00:00:00.000Z,173.0,right,Algeria,CM,DM,12000000.0
210389,8550,Maxime Colin,1991-11-15T00:00:00.000Z,179.0,right,France,LB,"RB,CB",250000.0
1230286,8521,Daouda Guindo,2002-10-14T00:00:00.000Z,183.0,left,Mali,LB,,4500000.0
1574189,9847,Senny Mayulu,2006-05-17T00:00:00.000Z,183.0,both,France,CM,"RB,ST,LW",40000000.0
1180718,9831,Mohamed-Ali Cho,2004-01-19T00:00:00.000Z,182.0,left,France,RW,"RM,AM,ST",15000000.0
586388,9829,Aleksandr Golovin,1996-05-30T00:00:00.000Z,178.0,right,Russia,AM,"DM,LW",18000000.0
1473534,8650,Jérémy Jacquet,2005-07-13T00:00:00.000Z,188.0,right,France,CB,,55000000.0
1362622,9848,Junior Mwanga,2003-05-11T00:00:00.000Z,184.0,both,France,CM,"RB,CB,DM",6000000.0
872934,9829,Philipp Köhn,1998-04-02T00:00:00.000Z,191.0,right,Switzerland,GK,,3500000.0
46469,8639,Olivier Giroud,1986-09-30T00:00:00.000Z,192.0,left,France,ST,,900000.0
672469,9848,Ben Chilwell,1996-12-21T00:00:00.000Z,180.0,left,England,LB,"CB,LWB",10000000.0
1536998,8550,Alpha Touré,2006-01-25T00:00:00.000Z,,left,Senegal,DM,"CM,AM",5000000.0
1255209,9847,Lucas Beraldo,2003-11-24T00:00:00.000Z,186.0,left,Brazil,CB,CM,22000000.0
1037539,9748,Pavel Sulc,2000-12-29T00:00:00.000Z,177.0,right,Czechia,AM,"RW,ST,LW",20000000.0
1302715,9848,Martial Godo,2003-03-14T00:00:00.000Z,169.0,right,Ivory Coast,LW,"LM,AM",22000000.0
437329,9746,Mbwana Samatta,1992-12-23T00:00:00.000Z,179.0,right,Tanzania,ST,LW,
1401205,10242,Michel Diaz,2003-07-23T00:00:00.000Z,193.0,right,Ivory Coast,CB,,
1428153,8639,Ngal Ayel Mukau,2004-11-03T00:00:00.000Z,188.0,left,DR Congo,RW,"DM,CM,AM",15000000.0
1334805,8583,Lamine Sy,2002-08-10T00:00:00.000Z,171.0,right,France,RB,RWB,2500000.0
693171,9851,Ludovic Blas,1997-12-31T00:00:00.000Z,180.0,left,France,RM,"CM,LW",10000000.0
769525,8593,Caio Henrique,1997-07-31T00:00:00.000Z,179.0,left,Brazil,LB,"CB,LWB,LM",12000000.0
1177131,9847,Lucas Chevalier,2001-11-06T00:00:00.000Z,189.0,right,France,GK,,25000000.0
940976,9847,Kang-In Lee,2001-02-19T00:00:00.000Z,173.0,left,South Korea,CM,"RM,RW,AM,ST",28000000.0
1199382,8583,Josué Casimir,2001-09-24T00:00:00.000Z,178.0,right,Haiti,RM,"RWB,RW,AM",3000000.0
1320949,9902,Emersonn,2004-07-16T00:00:00.000Z,186.0,right,Brazil,ST,,8000000.0
1555492,8178,Abdoulaye Faye,2004-09-22T00:00:00.000Z,191.0,,Senegal,CB,,4500000.0
900433,9847,Khvicha Kvaratskhelia,2001-02-12T00:00:00.000Z,183.0,both,Georgia,LW,"RW,ST",140000000.0
66757,9829,Lukás Hrádecky,1989-11-24T00:00:00.000Z,187.0,right,Finland,GK,,1500000.0
1581722,9851,Abdelhamid Aït Boudlal,2006-04-16T00:00:00.000Z,190.0,right,Morocco,CB,,12000000.0
1622889,9830,Louis Leroux,2006-01-23T00:00:00.000Z,,left,France,CM,LB,10000000.0
1054122,8602,Boubacar Traoré,2001-08-20T00:00:00.000Z,183.0,right,Mali,DM,CM,4000000.0
1524548,9829,Mamadou Coulibaly,2004-04-21T00:00:00.000Z,,left,France,DM,"CM,AM",15000000.0
770881,9847,Achraf Hakimi,1998-11-04T00:00:00.000Z,181.0,right,Morocco,RB,,80000000.0
812652,8592,Facundo Medina,1999-05-28T00:00:00.000Z,184.0,left,Argentina,CB,LB,18000000.0
1276315,6702,Dermane Karim,2003-12-26T00:00:00.000Z,193.0,,Togo,AM,,2500000.0
1463448,9831,Tom Louchet,2003-05-04T00:00:00.000Z,176.0,both,France,CM,"RWB,DM,RM,RW,AM,LW",7000000.0
1738340,6379,Rudy Matondo,2008-03-13T00:00:00.000Z,,left,France,CM,DM,20000000.0
1050822,9848,Andrew Omobamidele,2002-06-23T00:00:00.000Z,188.0,right,Ireland,CB,,8000000.0
800880,9847,Matvey Safonov,1999-02-25T00:00:00.000Z,192.0,right,Russia,GK,,30000000.0
1339208,9847,Désiré Doué,2005-06-03T00:00:00.000Z,178.0,right,France,RW,"CM,LW,ST",120000000.0
1002617,8588,Saud Abdulhamid,1999-07-18T00:00:00.000Z,171.0,right,Saudi Arabia,RWB,"RB,RM",9000000.0
1255855,7854,Yassine Kechta,2002-02-25T00:00:00.000Z,174.0,left,Morocco,AM,"DM,CM,LW",4000000.0
844437,8592,Amine Gouiri,2000-02-16T00:00:00.000Z,180.0,right,Algeria,ST,AM,28000000.0
1282000,8521,Soumaïla Coulibaly,2003-10-14T00:00:00.000Z,190.0,left,France,CB,,6000000.0
1362516,9941,Santiago Hidalgo,2005-02-17T00:00:00.000Z,174.0,left,Argentina,AM,"RW,ST",6000000.0
195750,9748,Nicolás Tagliafico,1992-08-31T00:00:00.000Z,169.0,left,Argentina,LB,CB,4000000.0
940087,8564,Gonçalo Ramos,2001-06-20T00:00:00.000Z,185.0,right,Portugal,ST,,50000000.0
1342757,9847,João Neves,2004-09-27T00:00:00.000Z,174.0,right,Portugal,CM,DM,140000000.0
1285784,8521,Bradley Locko,2002-05-06T00:00:00.000Z,180.0,left,France,LB,,6000000.0
500520,8639,Nabil Bentaleb,1994-11-24T00:00:00.000Z,187.0,left,Algeria,DM,"CB,CM",4500000.0
1137106,10013,Lucas Gourna-Douath,2003-08-05T00:00:00.000Z,185.0,right,France,DM,CM,6000000.0
1748405,8121,Prosper Peter,2007-08-09T00:00:00.000Z,,,France,ST,,15000000.0
1324358,9941,Frank Magri,1999-09-04T00:00:00.000Z,178.0,right,Cameroon,ST,"AM,RW",3000000.0
1607493,9830,Dehmaine Tabibou,2005-04-17T00:00:00.000Z,183.0,left,France,RW,"CM,AM",5000000.0
1158945,9847,Nuno Mendes,2002-06-19T00:00:00.000Z,184.0,left,Portugal,LB,,80000000.0
1203189,8583,Fredrik Oppegård,2002-08-07T00:00:00.000Z,175.0,left,Norway,LWB,"LB,LM,LW",1500000.0
1180696,9746,Fodé Doucouré,2001-02-03T00:00:00.000Z,172.0,right,Mali,RW,RB,2000000.0
505059,8121,Branco van den Boomen,1995-07-21T00:00:00.000Z,189.0,right,Netherlands,CM,DM,2500000.0
1177312,9848,Sékou Mara,2002-07-30T00:00:00.000Z,183.0,right,France,ST,,4000000.0
1406729,9748,Endrick,2006-07-21T00:00:00.000Z,173.0,left,Brazil,RW,ST,40000000.0
1230848,8689,Bamba Dieng,2000-03-23T00:00:00.000Z,178.0,right,Senegal,ST,,15000000.0
402419,8637,Przemyslaw Frankowski,1995-04-12T00:00:00.000Z,175.0,right,Poland,RM,"RB,RWB",6000000.0
1417802,9848,Pape Demba Diop,2003-09-04T00:00:00.000Z,182.0,,Senegal,DM,"CM,AM",9000000.0
723564,8689,Igor Silva,1996-08-21T00:00:00.000Z,173.0,right,Brazil,CB,,1200000.0
1401248,8588,Rémy Lascary,2003-03-03T00:00:00.000Z,176.0,right,Guadeloupe,LW,ST,4000000.0
1406428,9829,Christian Mawissa,2005-04-18T00:00:00.000Z,180.0,left,France,CB,"RB,LWB",15000000.0
578756,9830,Deiver Machado,1993-09-02T00:00:00.000Z,172.0,left,Colombia,LB,"LWB,LM",1800000.0
1177779,9851,Alidu Seidu,2000-06-04T00:00:00.000Z,173.0,right,Ghana,CB,RB,6000000.0
566187,9831,Ali Abdi,1993-12-20T00:00:00.000Z,177.0,left,Tunisia,LB,"LWB,LM",2000000.0
1040889,9810,Junior Dina Ebimbe,2000-11-21T00:00:00.000Z,184.0,right,Cameroon,LW,"RW,AM",6000000.0
1524069,8695,Sidiki Cherif,2006-12-15T00:00:00.000Z,185.0,right,France,ST,LW,
1039219,6379,Samir Chergui,1999-02-06T00:00:00.000Z,180.0,right,Algeria,RB,CB,3000000.0
426892,6379,Hamari Traoré,1992-01-27T00:00:00.000Z,175.0,right,Mali,RB,RWB,1500000.0
817500,9830,Mostafa Mohamed,1997-11-28T00:00:00.000Z,185.0,right,Egypt,ST,,3500000.0
1793640,9748,Khalis Merah,2007-02-24T00:00:00.000Z,,,France,AM,"CM,ST",15000000.0
784448,6379,Thibault De Smet,1998-06-05T00:00:00.000Z,176.0,left,Belgium,LB,LWB,1800000.0
605654,9847,Fabián Ruiz,1996-04-03T00:00:00.000Z,189.0,left,Spain,CM,DM,30000000.0
637745,6379,Jonathan Ikoné,1998-05-02T00:00:00.000Z,175.0,left,France,RW,RM,4000000.0
1791727,9941,Alexis Vossah,2008-03-11T00:00:00.000Z,,,France,DM,CM,15000000.0
970563,8592,Quinten Timber,2001-06-17T00:00:00.000Z,179.0,right,Netherlands,DM,"CM,AM",25000000.0
853108,6379,Jean-Philippe Krasso,1997-07-17T00:00:00.000Z,187.0,left,Ivory Coast,ST,,3500000.0
1086012,9829,Ansu Fati,2002-10-31T00:00:00.000Z,178.0,right,Spain,AM,"RW,ST,LW",15000000.0
938247,9829,Mohammed Salisu,1999-04-17T00:00:00.000Z,191.0,left,Ghana,CB,,10000000.0
956659,8592,Himad Abdelli,1999-11-17T00:00:00.000Z,185.0,left,Algeria,DM,"CM,AM",5000000.0
841395,8689,Aiyegun Tosin,1998-06-26T00:00:00.000Z,179.0,right,Benin,ST,"RW,AM",1800000.0
1127125,6379,Obed Nkambadio,2003-02-07T00:00:00.000Z,190.0,right,France,GK,,5000000.0
1113809,9829,Mika Biereth,2003-02-08T00:00:00.000Z,187.0,right,Denmark,ST,,15000000.0
692984,9847,Ousmane Dembélé,1997-05-15T00:00:00.000Z,178.0,both,France,ST,"RW,AM",100000000.0
267365,9847,Marquinhos,1994-05-14T00:00:00.000Z,183.0,right,Brazil,CB,,28000000.0
1514456,8521,Pathé Mboup,2003-10-19T00:00:00.000Z,175.0,right,Senegal,LW,ST,2500000.0
1156569,9848,Sebastian Nanasi,2002-05-16T00:00:00.000Z,178.0,right,Sweden,AM,"CM,LW",15000000.0
1418073,9848,Samuel Amo-Ameyaw,2006-07-18T00:00:00.000Z,166.0,left,England,RW,"RWB,RM,AM",8000000.0
365672,9746,Sofiane Boufal,1993-09-17T00:00:00.000Z,170.0,right,Morocco,AM,"ST,LW",1800000.0
837061,9829,Krépin Diatta,1999-02-25T00:00:00.000Z,173.0,right,Senegal,RB,"RWB,AM",6000000.0
883824,6379,Willem Geubbels,2001-08-16T00:00:00.000Z,185.0,right,France,ST,,5000000.0
1073979,8583,Bryan Okoh,2003-05-16T00:00:00.000Z,191.0,left,Switzerland,CB,,4000000.0
765158,6379,Alimami Gory,1996-08-30T00:00:00.000Z,182.0,right,France,LM,RWB,1500000.0
1553515,9851,Djaoui Cissé,2004-01-31T00:00:00.000Z,188.0,right,France,CM,,10000000.0
1593857,9847,Ibrahim Mbaye,2008-01-24T00:00:00.000Z,175.0,right,Senegal,RW,LW,30000000.0
643635,10188,Amir Murillo,1996-02-11T00:00:00.000Z,183.0,right,Panama,RB,"CB,RWB,RM",
1387194,10188,Kassoum Ouattara,2004-10-14T00:00:00.000Z,176.0,left,France,LM,"RB,LB,LWB",12000000.0
950967,307691,Cheikh Sabaly,1999-03-04T00:00:00.000Z,168.0,right,Senegal,RW,"AM,LW",
1303501,9830,Ali Yousef Musrati,2001-07-09T00:00:00.000Z,193.0,right,Libya,CB,,
277761,8639,Chancel Mbemba,1994-08-08T00:00:00.000Z,182.0,right,DR Congo,CB,,2000000.0
1299869,9888,Mohamed Kaba,2001-10-27T00:00:00.000Z,185.0,,France,CM,AM,2500000.0
1213430,9810,Elye Wahi,2003-01-02T00:00:00.000Z,184.0,right,Ivory Coast,ST,,18000000.0
408943,9829,Takumi Minamino,1995-01-16T00:00:00.000Z,174.0,right,Japan,AM,"LM,RW,LW",10000000.0
161291,9830,Youssef El Arabi,1987-02-03T00:00:00.000Z,183.0,right,Morocco,ST,,100000.0
1123587,9837,Sambou Soumano,2001-01-13T00:00:00.000Z,182.0,right,France,ST,,3500000.0
1135655,10247,Adam Karabec,2003-07-02T00:00:00.000Z,186.0,left,Czechia,RW,,7000000.0
278341,8550,Bouna Sarr,1992-01-31T00:00:00.000Z,178.0,right,Senegal,RW,RB,350000.0
1074642,9831,Salis Abdul Samed,2000-03-26T00:00:00.000Z,179.0,right,Ghana,DM,CM,4000000.0
1166344,9831,Kevin Carlos,2001-04-10T00:00:00.000Z,186.0,,Spain,ST,,4000000.0
724909,2137,Radoslaw Majecki,1999-11-16T00:00:00.000Z,191.0,right,Poland,GK,,2500000.0
863708,9830,Ignatius Ganago,1999-02-16T00:00:00.000Z,176.0,right,Cameroon,ST,"LM,LW",2000000.0
210423,8590,Florent Hanin,1990-02-04T00:00:00.000Z,177.0,left,France,LB,LM,200000.0
1145717,10237,Warren Kamanzi,2000-11-11T00:00:00.000Z,177.0,right,Norway,RM,LM,1200000.0
632305,8583,Francisco Sierralta,1997-05-06T00:00:00.000Z,190.0,right,Chile,CB,,1200000.0
38432,9831,Dante,1983-10-18T00:00:00.000Z,187.0,left,Brazil,CB,,0.0
1351065,8689,Nathaniel Adjei,2002-08-21T00:00:00.000Z,,right,Ghana,CB,,1500000.0
612277,8521,Lucas Tousart,1997-04-29T00:00:00.000Z,185.0,right,France,AM,DM,2000000.0
660327,9830,Ibrahima Sissoko,1997-10-27T00:00:00.000Z,193.0,right,Mali,DM,"CB,CM",2000000.0
1387389,178475,Arthur Vermeeren,2005-02-07T00:00:00.000Z,180.0,right,Belgium,DM,"CM,AM",20000000.0
1283469,9857,Oussama El Azzouzi,2001-05-29T00:00:00.000Z,189.0,right,Morocco,CM,,1800000.0
640292,6379,Vincent Marchetti,1997-07-04T00:00:00.000Z,181.0,left,France,CM,DM,1500000.0
1695681,9829,Aladji Bamba,2006-07-14T00:00:00.000Z,,right,France,DM,CM,18000000.0
1670132,9830,Bahereba Guirassy,2006-08-29T00:00:00.000Z,177.0,left,France,LW,RW,7000000.0
1553514,9851,Mahamadou Nagida,2005-06-28T00:00:00.000Z,176.0,left,Cameroon,RB,LB,7000000.0
513072,8588,Jonathan Gradit,1992-11-24T00:00:00.000Z,180.0,right,France,CB,,2500000.0
1586559,8588,Rayan Fofana,2006-02-12T00:00:00.000Z,,right,France,ST,,8000000.0
622137,8639,Calvin Verdonk,1997-04-26T00:00:00.000Z,174.0,left,Indonesia,LB,"CB,CM",2500000.0
765466,9851,Sebastian Szymanski,1999-05-10T00:00:00.000Z,174.0,left,Poland,AM,"DM,RM,CM,RW",12000000.0
1125076,9748,Ruben Kluivert,2001-05-21T00:00:00.000Z,187.0,right,Netherlands,CB,"RB,LB",8000000.0
1085809,8295,Hyeok-Kyu Kwon,2001-03-13T00:00:00.000Z,192.0,right,South Korea,CM,DM,1000000.0
1364069,9748,Malick Fofana,2005-03-31T00:00:00.000Z,175.0,left,Belgium,LW,,30000000.0
1634789,8588,Andrija Bulatovic,2006-12-27T00:00:00.000Z,180.0,,Montenegro,DM,CM,8000000.0
1469819,8550,Urie-Michel Mboula,2003-04-30T00:00:00.000Z,185.0,left,Gabon,CB,LB,
485047,9851,Hans Hateboer,1994-01-09T00:00:00.000Z,180.0,right,Netherlands,RB,CB,1800000.0
263511,9830,Maxime Dupé,1993-03-04T00:00:00.000Z,186.0,right,France,GK,,700000.0
660887,9830,Fabien Centonze,1996-01-16T00:00:00.000Z,182.0,right,France,RWB,RM,1000000.0
439366,9746,Abdoulaye Touré,1994-03-03T00:00:00.000Z,187.0,right,Guinea,DM,"RW,AM",2500000.0
1427808,8689,Panos Katseris,2001-07-05T00:00:00.000Z,175.0,right,Greece,RWB,RM,2000000.0
1189856,8588,Abdallah Sima,2001-06-17T00:00:00.000Z,188.0,right,Senegal,AM,,5000000.0
161660,6379,Ciro Immobile,1990-02-20T00:00:00.000Z,185.0,right,Italy,ST,,1800000.0
1197039,8305,Martín Satriano,2001-02-20T00:00:00.000Z,187.0,right,Uruguay,ST,LM,
1397857,8639,Tiago Santos,2002-07-23T00:00:00.000Z,175.0,right,Portugal,RB,,10000000.0
1536963,8550,Pape Sy,1997-05-02T00:00:00.000Z,195.0,right,Senegal,GK,,600000.0
1682313,9847,Dro Fernández,2008-01-12T00:00:00.000Z,180.0,right,Spain,CM,AM,10000000.0
541933,8521,Mama Baldé,1995-11-06T00:00:00.000Z,176.0,right,Guinea-Bissau,LW,"RW,ST",3000000.0
1067265,2218,Giorgi Abuashvili,2003-02-08T00:00:00.000Z,175.0,right,Georgia,LW,,1000000.0
1192854,8583,Naouirou Ahamada,2002-03-29T00:00:00.000Z,183.0,right,France,CM,,3000000.0
361315,9829,Eric Dier,1994-01-15T00:00:00.000Z,188.0,right,England,CB,,4000000.0
864154,8571,Goduine Koyalipou,2000-02-15T00:00:00.000Z,184.0,right,Central African Republic,ST,,2500000.0
1202239,8689,Mohamed Bamba,2001-12-10T00:00:00.000Z,,right,Ivory Coast,ST,,2000000.0
159594,7853,Francis Coquelin,1991-05-13T00:00:00.000Z,178.0,right,France,DM,CM,700000.0
150869,6379,Timothée Kolodziejczak,1991-10-01T00:00:00.000Z,185.0,left,France,CB,,150000.0
643229,9885,Jérémie Boga,1997-01-03T00:00:00.000Z,173.0,right,Ivory Coast,LW,"AM,ST",8000000.0
310836,8121,Pierrick Capelle,1987-04-15T00:00:00.000Z,180.0,left,France,CM,DM,0.0
602211,9851,Seko Fofana,1995-05-07T00:00:00.000Z,183.0,right,Ivory Coast,CM,,
944385,9831,Isak Jansson,2002-01-31T00:00:00.000Z,175.0,,Sweden,LW,"AM,ST",4000000.0
1187227,8592,CJ Egan-Riley,2003-01-02T00:00:00.000Z,185.0,right,England,CB,,9000000.0
1256224,9941,Mário Sauer,2004-05-15T00:00:00.000Z,180.0,right,Slovakia,CM,DM,1500000.0
1207992,9829,Vanderson,2001-06-21T00:00:00.000Z,180.0,right,Brazil,RB,"RWB,RM",18000000.0
1657810,8588,Nidal Celik,2006-07-17T00:00:00.000Z,192.0,right,Bosnia and Herzegovina,CB,,7000000.0
612747,9830,Frédéric Guilbert,1994-12-24T00:00:00.000Z,178.0,right,France,RB,,800000.0
1218841,7794,Théo De Percin,2001-02-02T00:00:00.000Z,186.0,right,Martinique,GK,,400000.0
214972,8592,Geoffrey Kondogbia,1993-02-15T00:00:00.000Z,188.0,left,Central African Rep.,DM,CM,3000000.0
1526822,338302,Rafael Luís,2005-02-18T00:00:00.000Z,188.0,left,Portugal,DM,CM,5000000.0
199834,8638,Rémy Cabella,1990-03-08T00:00:00.000Z,171.0,right,France,LW,"DM,RW,AM",1200000.0
770340,9851,Arnaud Nordin,1998-06-17T00:00:00.000Z,170.0,left,France,LW,"AM,ST",4000000.0
904021,8678,Romain Faivre,1998-07-14T00:00:00.000Z,180.0,left,France,RW,,4000000.0
1426809,8639,Ethan Mbappé,2006-12-29T00:00:00.000Z,176.0,left,France,RW,,8000000.0
643690,8638,Roman Yaremchuk,1995-11-27T00:00:00.000Z,191.0,right,Ukraine,ST,,3500000.0
1368318,8191,Luca Koleosho,2004-09-15T00:00:00.000Z,175.0,right,Italy,LW,,6000000.0
1284071,8342,Félix Lemaréchal,2003-08-07T00:00:00.000Z,181.0,right,France,AM,CM,
1688980,8121,Marius Louër,2007-03-11T00:00:00.000Z,,right,France,CB,RB,2000000.0
1049665,8689,Joel Mvuka,2002-11-12T00:00:00.000Z,173.0,right,Norway,RWB,RM,
1368710,9748,Noah Nartey,2005-10-05T00:00:00.000Z,180.0,right,Denmark,CM,"DM,AM,RW,ST",15000000.0
1523209,8550,Ibou Sané,2005-03-28T00:00:00.000Z,180.0,right,Senegal,ST,,900000.0
1066264,9941,Abu Francis,2001-04-27T00:00:00.000Z,182.0,right,Ghana,CM,DM,2000000.0
1693546,2529,Mohamed Meïté,2007-10-11T00:00:00.000Z,,right,France,ST,,
1603755,9848,Gessime Yassine,2005-11-22T00:00:00.000Z,172.0,left,Morocco,RW,"LM,LW",12000000.0
1896949,9748,Kail Boudache,2006-06-15T00:00:00.000Z,,left,France,AM,,5000000.0
1072317,9772,Tiago Gouveia,2001-06-18T00:00:00.000Z,176.0,right,Portugal,RW,RWB,3500000.0
942354,9746,Felix Mambimbi,2001-01-18T00:00:00.000Z,171.0,right,Switzerland,ST,AM,500000.0
1752228,8121,Lanroy Machine,2005-10-13T00:00:00.000Z,,,France,ST,,1500000.0
1640973,9941,Rafik Messali,2003-04-28T00:00:00.000Z,,right,Algeria,RWB,,1500000.0
1729826,9746,Stephan Zagadou,2008-10-24T00:00:00.000Z,,,France,CB,,4000000.0
1186553,8639,Alexsandro Ribeiro,1999-08-09T00:00:00.000Z,192.0,left,Brazil,CB,,15000000.0
449277,8150,Giorgi Kvilitaia,1993-10-01T00:00:00.000Z,193.0,right,Georgia,ST,,900000.0
988160,8639,Osame Sahraoui,2001-06-11T00:00:00.000Z,164.0,right,Morocco,LW,LM,9000000.0
612699,8588,Florian Sotoca,1990-10-25T00:00:00.000Z,187.0,right,France,AM,,1200000.0
885005,9831,Terem Moffi,1999-05-25T00:00:00.000Z,188.0,left,Nigeria,ST,,
1092680,6606,Morgan Guilavogui,1998-03-10T00:00:00.000Z,188.0,right,Guinea,LW,"RM,AM",
1178331,9830,Yassine Benhattab,2002-11-18T00:00:00.000Z,170.0,right,France,RW,RM,2000000.0
767014,9748,Rémy Descamps,1996-06-25T00:00:00.000Z,194.0,left,France,GK,,1500000.0
1106866,9941,Jacen Russell-Rowe,2002-09-13T00:00:00.000Z,183.0,right,Canada,ST,,3000000.0
687868,8592,Jeffrey De Lange,1998-04-01T00:00:00.000Z,191.0,both,Netherlands,GK,,2500000.0
1355526,9848,Maxi Oyedele,2004-11-07T00:00:00.000Z,183.0,right,Poland,DM,,5000000.0
1183148,8455,Emanuel Emegha,2003-02-03T00:00:00.000Z,195.0,both,Netherlands,ST,,
1791729,9941,Seny Koumbassa,2007-06-20T00:00:00.000Z,,right,France,CB,,5000000.0
1797446,8550,Nathan Mbala,2008-02-19T00:00:00.000Z,,,DR Congo,RW,,4500000.0
1839135,8550,Believe Munongo,2009-11-23T00:00:00.000Z,,,France,CM,"DM,AM",10000000.0
1443464,10076,Kendry Páez,2007-05-04T00:00:00.000Z,178.0,left,Ecuador,RW,"AM,LW,ST",
1168520,10229,Mayckel Lahdo,2002-12-30T00:00:00.000Z,171.0,right,Sweden,RW,,
1421275,8639,Hamza Igamane,2002-11-02T00:00:00.000Z,181.0,both,Morocco,ST,,18000000.0
1337979,9746,Étienne Youté Kinkoué,2002-01-14T00:00:00.000Z,196.0,right,France,CB,,2500000.0
765693,9748,Orel Mangala,1998-03-18T00:00:00.000Z,180.0,right,Belgium,DM,,9000000.0
1581053,9848,Mathis Amougou,2006-01-18T00:00:00.000Z,177.0,right,France,CM,DM,9000000.0
1428420,8121,Emmanuel Biumla,2005-05-08T00:00:00.000Z,185.0,right,France,CB,,2500000.0
466482,1323940,Allan Saint-Maximin,1997-03-12T00:00:00.000Z,173.0,right,France,LW,"LM,AM",10000000.0
1816726,9746,Enzo Koffi,2006-03-04T00:00:00.000Z,,right,France,LB,,1800000.0
1431516,8577,George Ilenikhena,2006-08-16T00:00:00.000Z,185.0,left,France,ST,,
1705134,8686,Robinio Vaz,2007-02-17T00:00:00.000Z,,right,France,ST,,18000000.0
1108603,9746,Timothée Pembélé,2002-09-09T00:00:00.000Z,182.0,right,France,defender,,1800000.0
1019583,9746,Godson Kyeremeh,2000-06-14T00:00:00.000Z,175.0,right,France,RW,,500000.0
1869761,8697,Kenny Quetant,2006-07-17T00:00:00.000Z,,,France,ST,,3000000.0
1699556,8521,Raphaël Le Guen,2006-09-01T00:00:00.000Z,,right,France,CB,,800000.0
1514645,8121,Marius Courcoul,2007-01-01T00:00:00.000Z,182.0,right,France,DM,,2500000.0
1699549,9847,Quentin Ndjantou,2007-07-23T00:00:00.000Z,,right,France,CM,ST,8000000.0
1353104,8592,Tochukwu Nnadi,2003-06-30T00:00:00.000Z,176.0,right,Nigeria,DM,CM,4500000.0
1603990,8639,Noah Edjouma,2005-10-04T00:00:00.000Z,182.0,right,France,RW,AM,5000000.0
1581744,8521,Hamidou Makalou,2006-07-15T00:00:00.000Z,164.0,right,Mali,DM,,1000000.0
708435,8639,Gaëtan Perrin,1996-06-07T00:00:00.000Z,169.0,right,France,RW,"LW,ST",5000000.0
912342,9853,Julien Le Cardinal,1997-08-03T00:00:00.000Z,184.0,right,France,CB,,1800000.0
1832893,8121,Harouna Djibirin,2006-11-05T00:00:00.000Z,,,Cameroon,forward,,1500000.0
912286,9746,Lionel Mpasi-Nzau,1994-08-01T00:00:00.000Z,182.0,right,DR Congo,GK,,700000.0
320672,6413,Younes Namli,1994-06-20T00:00:00.000Z,180.0,left,Denmark,RW,,
1744576,8583,Telli Siwe,2004-12-14T00:00:00.000Z,,right,France,CB,,1000000.0
1276685,8583,Lasso Coulibaly,2002-10-19T00:00:00.000Z,176.0,right,Ivory Coast,midfielder,,800000.0
965666,6379,Tuomas Ollila,2000-04-25T00:00:00.000Z,173.0,left,Finland,LB,,400000.0
1473606,10000,Malick Mbaye,2004-04-06T00:00:00.000Z,183.0,right,Senegal,RW,,
1739906,9748,Mathys de Carvalho,2005-05-01T00:00:00.000Z,,right,Portugal,DM,,3000000.0
1592417,8521,Luck Zogbé,2005-03-24T00:00:00.000Z,178.0,right,Ivory Coast,RB,,1200000.0
925345,9905,Hyun-Seok Hong,1999-06-16T00:00:00.000Z,177.0,left,South Korea,AM,"CM,RW,ST",
1438316,10154,Mathieu Acapandié,2004-12-14T00:00:00.000Z,182.0,right,Madagascar,RB,,
1276934,8639,Marius Broholm,2004-12-26T00:00:00.000Z,175.0,,Norway,RW,,5000000.0
773189,9831,Tanguy Ndombélé,1996-12-28T00:00:00.000Z,181.0,right,France,CM,AM,2500000.0
564571,8689,Bingourou Kamara,1996-10-21T00:00:00.000Z,195.0,right,Senegal,GK,,600000.0
1607371,9829,Lucas Michal,2005-06-22T00:00:00.000Z,185.0,right,France,ST,,3500000.0
688830,8588,Amadou Haidara,1998-01-31T00:00:00.000Z,178.0,right,Mali,DM,,5000000.0
210400,8121,Abdoulaye Bamba,1990-04-25T00:00:00.000Z,182.0,right,Ivory Coast,CB,,0.0
1783428,9830,Bahmed Deuff,2006-03-10T00:00:00.000Z,194.0,right,France,CM,,1200000.0
841705,8639,Arnaud Bodart,1998-03-11T00:00:00.000Z,184.0,right,Belgium,GK,,1500000.0
1457823,8661,Justin Kalumba,2004-12-25T00:00:00.000Z,182.0,right,France,LW,,
1089922,9837,Reda Khadra,2001-07-04T00:00:00.000Z,175.0,right,Germany,midfielder,,1200000.0
748381,9802,Joel Asoro,1999-04-27T00:00:00.000Z,175.0,right,Sweden,ST,,
1609234,8550,Morgan Bokele,2004-03-13T00:00:00.000Z,,right,France,RW,LW,900000.0
1177482,8121,Melvin Zinga,2002-03-16T00:00:00.000Z,187.0,left,Congo,GK,,300000.0
520979,8592,Ulisses Garcia,1996-01-11T00:00:00.000Z,182.0,left,Switzerland,LB,LWB,3000000.0
210120,9748,Rachid Ghezzal,1992-05-09T00:00:00.000Z,182.0,left,Algeria,forward,,600000.0
612212,8583,Assane Dioussé,1997-09-20T00:00:00.000Z,183.0,left,Senegal,midfielder,,500000.0
1685514,8588,Kyllian Antonio,2008-01-04T00:00:00.000Z,,right,France,CB,,3000000.0
1611220,9941,Julián Vignolo,2006-12-07T00:00:00.000Z,185.0,right,Argentina,RW,,1500000.0
271031,9830,Patrik Carlgren,1992-01-08T00:00:00.000Z,188.0,right,Sweden,GK,,400000.0
1553510,2517,Mathys Silistrie,2005-09-16T00:00:00.000Z,188.0,,France,GK,,200000.0
1607778,8121,Oumar Pona,2006-06-21T00:00:00.000Z,189.0,right,France,GK,,200000.0
1117069,10205,Georges Mikautadze,2000-10-31T00:00:00.000Z,175.0,right,Georgia,ST,,
1602252,8304,Renato Marin,2006-07-10T00:00:00.000Z,190.0,left,Italy,GK,,1000000.0
1684579,8639,Soriba Diaoune,2007-08-14T00:00:00.000Z,,right,Guinea,forward,,4000000.0
1207581,8455,David Datro Fofana,2002-12-22T00:00:00.000Z,181.0,right,Ivory Coast,ST,,4000000.0
1366936,9829,Stanis Idumbo,2005-06-29T00:00:00.000Z,170.0,right,Belgium,AM,,4000000.0
1515220,10014,Amady Camara,2005-05-28T00:00:00.000Z,180.0,left,Mali,forward,,900000.0
1729841,10252,Brian Madjo,2009-01-12T00:00:00.000Z,193.0,right,Luxembourg,ST,,
1975804,9848,Yaya Dieme,2007-10-16T00:00:00.000Z,,,Senegal,ST,,
1440009,9831,Moïse Bombito,2000-03-30T00:00:00.000Z,191.0,right,Canada,CB,,7000000.0
683476,6379,Mathieu Cafaro,1997-03-25T00:00:00.000Z,172.0,right,France,LW,,1500000.0
1696775,465658,Everton,2007-04-12T00:00:00.000Z,,right,France,DM,,2000000.0
1161211,8406,Fabian Rieder,2002-02-16T00:00:00.000Z,179.0,left,Switzerland,AM,"DM,LWB,CM,RW",12000000.0
1532261,8600,Idrissa Gueye,2006-09-16T00:00:00.000Z,185.0,right,Senegal,ST,,8000000.0
1700518,9985,Bernard Nguene,2006-08-04T00:00:00.000Z,,right,Cameroon,forward,,
1793704,9748,Rémi Himbert,2008-02-29T00:00:00.000Z,,,France,RW,ST,10000000.0
1412956,9829,Paris Brunner,2006-02-15T00:00:00.000Z,185.0,right,Germany,ST,,1500000.0
1327518,7844,Lohann Doucet,2002-09-14T00:00:00.000Z,180.0,right,Burkina Faso,DM,,500000.0
1011026,8121,Jim Allevinah,1995-02-27T00:00:00.000Z,172.0,right,Gabon,RW,LW,
248453,9829,Paul Pogba,1993-03-15T00:00:00.000Z,191.0,both,France,midfielder,,2500000.0
1667649,9746,Daren Mosengo,2006-08-11T00:00:00.000Z,,right,France,midfielder,,300000.0
1667650,9746,Noam Jacquet,2006-03-15T00:00:00.000Z,,right,France,forward,,
364855,165243,Uros Radakovic,1994-03-31T00:00:00.000Z,194.0,right,Serbia,CB,,400000.0
1438611,10179,Fodé Sylla,2006-04-16T00:00:00.000Z,189.0,right,France,CM,DM,900000.0
1573544,8121,Anthony Bermont,2005-02-10T00:00:00.000Z,,right,France,LW,,1000000.0
1668294,8689,Gabin Bernardeau,2006-01-24T00:00:00.000Z,,left,France,RW,,1200000.0
352879,8564,Adrien Rabiot,1995-04-03T00:00:00.000Z,191.0,left,France,CM,DM,18000000.0
1388070,10269,Badredine Bouanani,2004-12-08T00:00:00.000Z,177.0,left,Algeria,RW,AM,10000000.0
1804654,9851,Nordan Mukiele,2006-02-12T00:00:00.000Z,,right,France,forward,,1000000.0
1254297,8636,Andy Diouf,2003-05-17T00:00:00.000Z,181.0,left,France,CM,RM,20000000.0
1697247,685223,Amadou Cissé,2006-02-27T00:00:00.000Z,,right,Guinea,defender,,
1842657,9831,Brad-Hamilton Mantsounga,2007-09-06T00:00:00.000Z,,,Congo,CB,LB,
150021,9848,Karl-Johan Johnsson,1990-01-28T00:00:00.000Z,187.0,right,Sweden,GK,,200000.0
186811,8588,Mathieu Gorgelin,1990-08-05T00:00:00.000Z,187.0,left,France,keeper,,200000.0
1928651,8550,Jahyann Pandore,2007-11-25T00:00:00.000Z,,right,France,midfielder,,
1487859,9746,Paul Argney,2006-05-23T00:00:00.000Z,186.0,right,France,GK,,200000.0
690119,6379,Pierre-Yves Hamel,1994-02-03T00:00:00.000Z,183.0,right,France,forward,,300000.0
1922172,9748,Steeve Kango,2006-12-09T00:00:00.000Z,,,France,RB,,1000000.0
1791739,585094,Pape Cabral,2007-01-20T00:00:00.000Z,,right,France,CM,,
1641041,7943,Darryl Bakola,2007-11-30T00:00:00.000Z,178.0,right,France,midfielder,,8000000.0
1057703,9831,Youssouf Ndayishimiye,1998-10-27T00:00:00.000Z,183.0,right,Burundi,midfielder,,7000000.0
1685496,9830,Sékou Doucouré,2005-04-26T00:00:00.000Z,,right,France,defender,,150000.0
1327298,8721,Saël Kumbedi,2005-03-26T00:00:00.000Z,175.0,right,France,RB,"RWB,RM,AM",12000000.0
281020,1112866,Nouha Dicko,1992-05-14T00:00:00.000Z,173.0,right,Mali,ST,,
987142,8643,Christopher Wooh,2001-09-18T00:00:00.000Z,191.0,right,Cameroon,CB,,
1359613,9848,Abakar Sylla,2002-12-25T00:00:00.000Z,188.0,left,Ivory Coast,defender,,2500000.0
1113694,9857,Jonathan Rowe,2003-04-30T00:00:00.000Z,173.0,left,England,LW,RW,28000000.0
1830648,394203,Dimitri Lucea,2007-01-20T00:00:00.000Z,,,France,CB,,
604783,9851,Glen Kamara,1995-10-28T00:00:00.000Z,181.0,right,Finland,CM,,2000000.0
847629,8592,Derek Cornelius,1997-11-25T00:00:00.000Z,187.0,left,Canada,CB,,
1966243,685223,Idrissa Sabaly,2007-11-23T00:00:00.000Z,,,France,midfielder,,
1900030,9848,Tyrese Noubissie,2009-05-13T00:00:00.000Z,,left,France,midfielder,,
1609064,9848,Rabby Nzingoula,2005-11-25T00:00:00.000Z,183.0,right,France,CM,"RM,AM",2000000.0
1526224,8639,Ousmane Touré,2005-02-18T00:00:00.000Z,187.0,right,France,defender,,500000.0
1393439,8178,Eliesse Ben Seghir,2005-02-16T00:00:00.000Z,178.0,right,Morocco,AM,"LM,LW",20000000.0
1843478,8592,Ange Lago,2004-12-27T00:00:00.000Z,,right,Ivory Coast,forward,,
1640985,9851,Yassir Zabiri,2005-02-23T00:00:00.000Z,182.0,left,Morocco,ST,,9000000.0
1814264,583382,Tadjidine Mmadi,2007-03-03T00:00:00.000Z,,both,France,LW,,
1858591,9851,Elías Legendre,2008-04-22T00:00:00.000Z,179.0,,Ecuador,forward,,1500000.0
354477,7826,Julien Lopez,1992-03-01T00:00:00.000Z,173.0,right,Spain,AM,,150000.0
1793784,8639,Maxima Goffi,2008-01-23T00:00:00.000Z,,,France,CB,,
1387741,9931,Ibrahim Salah,2001-08-30T00:00:00.000Z,186.0,right,Morocco,RW,"RM,LW",
1338390,9748,Ernest Nuamah,2003-11-01T00:00:00.000Z,178.0,left,Ghana,forward,,10000000.0
1815791,585094,Ilane Touré,2006-08-04T00:00:00.000Z,180.0,right,France,DM,"RB,RW",
1487966,8121,Dan Sinaté,2006-06-09T00:00:00.000Z,,left,France,defender,,150000.0
769335,9876,Pol Lirola,1997-08-13T00:00:00.000Z,175.0,right,Spain,RM,,1500000.0
1797449,8550,Cleo Mélières,2005-04-13T00:00:00.000Z,,right,France,defender,,200000.0
760747,6433,Kjetil Haug,1998-06-12T00:00:00.000Z,187.0,right,Norway,GK,,400000.0
1180547,8689,Souleymane Touré,2003-03-28T00:00:00.000Z,206.0,right,France,defender,,
664226,9773,Pablo Rosario,1997-01-07T00:00:00.000Z,188.0,right,Dominican Republic,CM,"RB,CB",
1751857,9941,Ilyas Azizi,2008-04-13T00:00:00.000Z,,right,France,forward,,
1335154,10080,Damián Pizarro,2005-03-28T00:00:00.000Z,187.0,right,Chile,ST,,
1755824,10012,Ismaël Guerti,2004-07-30T00:00:00.000Z,,right,Morocco,midfielder,,250000.0
1853988,9748,Adil Hamdani,2009-01-21T00:00:00.000Z,,,France,midfielder,,
1698484,8592,Nouhoum Kamissoko,2004-12-27T00:00:00.000Z,,right,Mali,midfielder,,
1640211,2186,Vincent Burlet,2005-09-23T00:00:00.000Z,180.0,,Belgium,LW,"LB,LM",800000.0
1820043,394202,Ugo El Kadmiri,2007-07-25T00:00:00.000Z,,,Sweden,ST,,
1692895,8583,Ryan Rodin,2006-02-03T00:00:00.000Z,,right,France,forward,,300000.0
1668289,8521,Justin Bourgault,2005-09-14T00:00:00.000Z,185.0,left,France,LB,LWB,1000000.0
1494947,8455,Aaron Anselmino,2005-04-29T00:00:00.000Z,186.0,right,Argentina,CB,,10000000.0
1814611,8688,Pierre Mounguengue,2008-01-03T00:00:00.000Z,182.0,right,France,ST,,
1763598,9831,Djibril Coulibaly,2008-11-18T00:00:00.000Z,,right,France,DM,,1000000.0
1289641,8521,Axel Camblan,2003-08-30T00:00:00.000Z,174.0,right,France,RW,ST,600000.0
1676711,9805,Saliou Diop,2005-05-12T00:00:00.000Z,187.0,right,Senegal,forward,,50000.0
1882686,213373,Daniel Semedo,2003-10-25T00:00:00.000Z,,,Portugal,midfielder,,
1980586,8588,Mezian Soares,2009-08-11T00:00:00.000Z,,,France,midfielder,,
1647188,9748,Enzo Molébé,2007-09-18T00:00:00.000Z,,right,France,LW,,800000.0
1819218,1634,Mathis Jangéal,2008-06-24T00:00:00.000Z,,,France,CM,,
1366618,9831,Zoumana Diallo,2005-02-02T00:00:00.000Z,,right,France,ST,,
942893,8583,Thelonius Bair,1999-08-27T00:00:00.000Z,193.0,right,Canada,ST,,
1813437,8583,Tidiane Devernois,2007-10-18T00:00:00.000Z,,right,France,midfielder,,300000.0
1669616,8521,Ibrahim Kanté,2007-03-18T00:00:00.000Z,,right,France,forward,,
361770,6001,André Gomes,1993-07-30T00:00:00.000Z,188.0,right,Portugal,CM,DM,
1518451,9851,Mikayil Faye,2004-07-14T00:00:00.000Z,186.0,left,Senegal,defender,,4500000.0
1664718,9941,Mathis Saka,2006-09-20T00:00:00.000Z,172.0,right,France,CM,,500000.0
1830685,394203,Noah Nsoki,2007-02-20T00:00:00.000Z,,,France,RW,LW,
1642840,8588,Erawan Garnier,2006-01-05T00:00:00.000Z,,right,Thailand,midfielder,,200000.0
1390045,6004,Joseph Nduquidi,2004-10-31T00:00:00.000Z,187.0,right,Angola,CM,"RB,DM",350000.0
1744188,9748,Noham Kamara,2007-01-22T00:00:00.000Z,185.0,right,France,CB,,3000000.0
1958964,8121,Bane Diatta,2008-06-27T00:00:00.000Z,,,France,midfielder,,
1841201,213375,Lucas Rosier,2007-03-12T00:00:00.000Z,,left,France,forward,,
1863770,8583,Mamoudou Cissokho,2007-12-20T00:00:00.000Z,,right,France,forward,,
1282765,1933,Bertug Yildirim,2002-07-12T00:00:00.000Z,186.0,right,Turkiye,ST,,
1827754,8592,Hilan Hamzaoui Slimani,2006-02-15T00:00:00.000Z,,,France,defender,,
1335102,8639,Ugo Raghouber,2003-07-13T00:00:00.000Z,180.0,left,France,DM,,
1707955,213375,Henrick Do Marcolino,2006-03-21T00:00:00.000Z,,right,France,forward,,
961770,8682,Billal Brahimi,2000-03-14T00:00:00.000Z,183.0,both,Algeria,forward,,
1796096,9831,Hamza Koutoune,2006-09-17T00:00:00.000Z,177.0,right,Morocco,RM,,150000.0
1800495,9746,Georges Gomis,2008-01-01T00:00:00.000Z,,,Senegal,defender,,
1873054,9848,Jean-Baptiste Bosey,2008-02-15T00:00:00.000Z,,right,France,forward,,
1813118,213373,Martin Bley,2006-01-23T00:00:00.000Z,,,Burkina Faso,midfielder,,
1623827,583301,Mohamed Dao,2007-02-02T00:00:00.000Z,,,France,forward,,
391064,8302,Neal Maupay,1996-08-14T00:00:00.000Z,171.0,right,France,ST,,
1841152,8583,Yvan Zaddy,2006-05-01T00:00:00.000Z,,,Ivory Coast,forward,,
1692036,585094,Samuel Nibombé,2007-08-15T00:00:00.000Z,198.0,right,Belgium,midfielder,,
1438300,4120,Raphaël Lipinski,2002-07-30T00:00:00.000Z,181.0,left,France,CB,,1500000.0
700670,4120,Quentin Braat,1997-07-06T00:00:00.000Z,195.0,right,France,GK,,1200000.0
713924,9837,Sergio Akieme,1997-12-16T00:00:00.000Z,175.0,left,Equatorial Guinea,LB,LWB,4000000.0
120917,293352,Ahmed Kashi,1988-11-18T00:00:00.000Z,178.0,right,Algeria,CM,DM,100000.0
1438570,10261,Ewen Jaouen,2005-12-29T00:00:00.000Z,197.0,right,France,GK,,12000000.0
1387323,6390,Dylan Durivaux,2001-06-18T00:00:00.000Z,175.0,right,France,CB,,1500000.0
156664,7853,Mamadou Samassa,1990-02-16T00:00:00.000Z,197.0,right,Mali,GK,,150000.0
1210664,4120,Mathis Magnin,2001-09-24T00:00:00.000Z,190.0,right,Switzerland,CB,,1500000.0
663034,8311,Theo Guivarch,1995-11-17T00:00:00.000Z,195.0,right,France,GK,,500000.0
807955,8682,Louis Mafouta,1994-07-02T00:00:00.000Z,181.0,right,Central African Rep.,ST,,1000000.0
560900,205687,Alexandre Mendy,1994-03-20T00:00:00.000Z,184.0,right,Guinea-Bissau,ST,,900000.0
1079558,7853,Sam Sanna,1999-03-08T00:00:00.000Z,186.0,right,France,CM,"LB,RWB,DM,RW",800000.0
1332540,8581,Enzo Bardeli,2001-04-11T00:00:00.000Z,173.0,right,France,AM,,6000000.0
770271,9853,Mickaël Nadé,1999-03-04T00:00:00.000Z,186.0,left,France,CB,,3000000.0
465719,10242,Adrien Monfray,1990-12-20T00:00:00.000Z,185.0,right,France,CB,,200000.0
1342983,10242,Antoine Mille,1997-08-14T00:00:00.000Z,181.0,left,France,AM,"DM,CM",2500000.0
1610106,6355,Joseph Kalulu,2004-11-29T00:00:00.000Z,,right,France,LB,"CB,LWB,LM",2000000.0
561204,9747,Dylan Louiserre,1995-02-02T00:00:00.000Z,172.0,right,France,CM,DM,900000.0
749549,6390,Gaëtan Poussin,1999-01-13T00:00:00.000Z,184.0,right,France,GK,,1200000.0
660565,8682,Samuel Yohou,1991-08-06T00:00:00.000Z,190.0,right,France,CB,,200000.0
722531,8682,Nicolas Kocik,1998-08-04T00:00:00.000Z,,right,France,GK,,1500000.0
1079544,10249,Simon Ngapandouetnbu,2003-04-12T00:00:00.000Z,187.0,right,Cameroon,GK,,2500000.0
1603757,2166,Siaka Bakayoko,2005-05-26T00:00:00.000Z,,left,France,CB,,2500000.0
1321149,10242,Mouhamed Diop,2000-09-30T00:00:00.000Z,182.0,right,Senegal,DM,CM,4000000.0
420866,8481,Enzo Basilio,1994-10-03T00:00:00.000Z,187.0,right,Italy,GK,,500000.0
673050,9853,Gautier Larsonneur,1997-02-23T00:00:00.000Z,181.0,right,France,GK,,3000000.0
1387237,8583,Mamadou Diop,2000-01-03T00:00:00.000Z,204.0,left,Mauritania,GK,,1500000.0
1523344,293352,Julien Kouadio,1999-09-22T00:00:00.000Z,175.0,right,France,CB,LB,1000000.0
917831,4170,Julien Boyer,1998-04-10T00:00:00.000Z,176.0,,France,LB,"CB,LWB",600000.0
466499,4170,Demba Thiam,1989-12-02T00:00:00.000Z,179.0,left,France,RB,"CB,RWB",100000.0
1791942,4170,Nolan Binet,2004-03-21T00:00:00.000Z,,,France,CM,"DM,AM",1200000.0
1666481,47214,Anto Sekongo,2004-06-13T00:00:00.000Z,178.0,,Ivory Coast,AM,RW,4000000.0
934870,293352,Clément Billemaz,1998-09-22T00:00:00.000Z,175.0,left,France,LM,"LWB,CM,AM,LW",1000000.0
1523325,6390,Ryad Hachem,1998-05-26T00:00:00.000Z,173.0,left,France,AM,"CB,DM,CM",1000000.0
688285,8689,Alec Georgen,1998-09-17T00:00:00.000Z,172.0,right,France,RB,"LB,DM",1500000.0
1003255,4120,Evans Jean-Lambert,1998-12-17T00:00:00.000Z,180.0,left,France,LWB,CB,1000000.0
593612,8311,Yoann Salmier,1992-11-21T00:00:00.000Z,188.0,right,France,CB,,600000.0
491907,9855,Gaëtan Paquiez,1994-02-15T00:00:00.000Z,182.0,right,France,CB,RB,350000.0
562994,293352,Florian Escales,1996-02-03T00:00:00.000Z,182.0,right,France,GK,,500000.0
1073858,8222,Nathan Zohoré,2000-11-17T00:00:00.000Z,,left,France,CB,,800000.0
1473605,4120,Nolan Galves,2003-07-23T00:00:00.000Z,180.0,right,France,RWB,,1800000.0
1211610,9853,Augustine Boakye,2000-11-03T00:00:00.000Z,173.0,left,Ghana,RW,"DM,CM,AM,LW,ST",6000000.0
604349,10249,Julien Laporte,1993-11-04T00:00:00.000Z,185.0,right,France,CB,,800000.0
602493,10037,Paul Bernardoni,1997-04-18T00:00:00.000Z,193.0,left,France,GK,,1200000.0
1669437,9985,Rayan Touzghar,2003-10-27T00:00:00.000Z,182.0,left,Morocco,CM,AM,1800000.0
560940,9855,Jessy Benet,1995-06-24T00:00:00.000Z,186.0,right,France,CM,"DM,AM",1000000.0
1520544,8481,Walid Bouabdeli,2000-08-02T00:00:00.000Z,182.0,,France,RW,"RM,CM,AM,ST",700000.0
1190059,9837,Théo Leoni,2000-04-21T00:00:00.000Z,174.0,left,Belgium,DM,"CM,AM",4000000.0
1179026,6390,Damien Durand,1995-09-16T00:00:00.000Z,173.0,right,France,ST,"LM,LW",800000.0
492128,7853,Cyril Mandouki,1991-08-21T00:00:00.000Z,180.0,right,Martinique,CM,"CB,DM",150000.0
1324082,9790,Martin Adeline,2003-12-02T00:00:00.000Z,180.0,right,France,AM,"CM,ST",10000000.0
882978,9747,Nelson Sissoko,1997-03-07T00:00:00.000Z,178.0,right,Mali,RB,CB,
619289,47214,Thomas Robinet,1996-08-18T00:00:00.000Z,180.0,right,France,ST,,800000.0
1234653,10004,Taïryk Arconte,2003-11-12T00:00:00.000Z,181.0,right,Guadeloupe,ST,,3000000.0
1559202,2166,Zakaria Ariss,2004-06-17T00:00:00.000Z,178.0,left,France,LB,"CB,LWB,LW",2000000.0
887704,9837,Keito Nakamura,2000-07-28T00:00:00.000Z,180.0,right,Japan,LW,"LWB,LM,ST",12000000.0
1217044,9855,Loris Mouyokolo,2001-05-22T00:00:00.000Z,194.0,right,France,CB,,1200000.0
766586,8550,Jean Ruiz,1998-04-06T00:00:00.000Z,185.0,right,France,CB,,1200000.0
1002031,7794,Félix Tomi,2000-08-31T00:00:00.000Z,181.0,right,France,ST,"RW,AM,LW",600000.0
1332850,10249,Enzo Tchato,2002-11-23T00:00:00.000Z,182.0,right,Cameroon,RB,RWB,2500000.0
1273752,8481,Nehemiah Fernandez,2004-12-11T00:00:00.000Z,184.0,right,France,CB,,1000000.0
1255850,9855,Matthéo Xantippe,2002-04-11T00:00:00.000Z,183.0,left,France,LWB,"LB,CM",1200000.0
866713,7853,William Bianda,2000-04-30T00:00:00.000Z,185.0,left,France,CB,,700000.0
1387200,8587,Ibrahim Fofana,2003-10-02T00:00:00.000Z,178.0,right,Ivory Coast,CM,DM,3000000.0
1529032,4120,Jordan Correia,2004-03-07T00:00:00.000Z,,right,Cape Verde,CM,,
1412700,1218969,Siad Gourville,2000-05-25T00:00:00.000Z,184.0,right,France,CB,"RB,LB",800000.0
1317318,8682,Lucas Calodat,2002-02-06T00:00:00.000Z,171.0,left,France,LWB,"LM,LW",2500000.0
1610103,10249,Nicolas Pays,2003-07-07T00:00:00.000Z,,left,France,RW,RM,2000000.0
1167473,10249,Mamadou Camara,2001-02-07T00:00:00.000Z,184.0,right,Mali,ST,"RM,LW",1200000.0
913560,9747,Donatien Gomis,1994-11-07T00:00:00.000Z,188.0,right,France,CB,,600000.0
1579220,6355,Tom Pouilly,2003-06-18T00:00:00.000Z,,right,France,RB,"CB,RWB,RM",1200000.0
1487879,9941,Mathys Niflore,2007-03-02T00:00:00.000Z,,right,France,GK,,2500000.0
1442496,10252,Triston Rowe,2006-10-02T00:00:00.000Z,183.0,right,England,RB,"CB,RWB,RM,RW",1500000.0
561868,6390,Pierre Lemonnier,1993-07-06T00:00:00.000Z,182.0,right,France,CB,,300000.0
1559204,293352,Axel Drouhin,2000-03-18T00:00:00.000Z,187.0,right,France,CB,,1200000.0
842424,6390,Bradley Danger,1998-01-29T00:00:00.000Z,183.0,right,France,CB,CM,800000.0
1643776,9837,Abdoul Koné,2005-04-22T00:00:00.000Z,192.0,right,France,CB,,15000000.0
1177359,10242,Ismaël Boura,2000-08-14T00:00:00.000Z,173.0,left,Comoros,LB,CB,4000000.0
1398377,9853,Lucas Stassin,2004-11-29T00:00:00.000Z,183.0,right,Belgium,ST,,15000000.0
1670190,10249,Théo Chennahi,2005-02-06T00:00:00.000Z,,right,France,DM,AM,2500000.0
1397981,8481,Zakaria Fdaouch,1997-03-11T00:00:00.000Z,171.0,,France,LM,"AM,LW",600000.0
1317338,9855,Yadaly Diaby,2000-08-09T00:00:00.000Z,184.0,right,Guinea,ST,"LM,LW",1200000.0
210443,9746,Vincent Sasso,1991-02-16T00:00:00.000Z,190.0,right,France,CB,,150000.0
980424,8587,Kylian Kaiboué,1998-08-20T00:00:00.000Z,179.0,right,France,CB,"DM,CM",800000.0
1049799,8406,Nathanaël Mbuku,2002-03-16T00:00:00.000Z,170.0,left,DR Congo,LW,"RM,LM,RW,AM",2000000.0
795285,9837,Antoine Léautey,1996-04-14T00:00:00.000Z,172.0,left,France,LM,"RB,RWB,LWB,RM,RW,LW",800000.0
1668236,8587,Teddy Averlant,1999-10-02T00:00:00.000Z,180.0,right,Gabon,RM,"RWB,LM,RW,ST",800000.0
1441955,6355,Giovani Versini,2004-03-18T00:00:00.000Z,167.0,,France,ST,"RM,RW",5000000.0
1632348,8311,Ivan M'Bahia,2005-04-19T00:00:00.000Z,,right,Ivory Coast,CB,,2500000.0
874319,8682,Lucas Buadés,1997-12-28T00:00:00.000Z,181.0,right,France,RWB,"AM,LW",1500000.0
913394,102043,Amine El Farissi,1998-11-18T00:00:00.000Z,,right,France,RW,"LM,LW,ST",600000.0
820734,6355,Steeve Beusnard,1992-06-27T00:00:00.000Z,170.0,left,France,CM,DM,250000.0
1244809,7853,Teddy Bouriaud,1997-01-03T00:00:00.000Z,175.0,left,France,CM,"DM,AM",500000.0
1399999,8689,Dembo Sylla,2002-11-10T00:00:00.000Z,175.0,right,Guinea,RW,"RB,RWB,RM",1500000.0
966146,9853,Zuriko Davitashvili,2001-02-15T00:00:00.000Z,175.0,right,Georgia,LW,"AM,RW",12000000.0
1020807,7794,Tom Ducrocq,1999-08-25T00:00:00.000Z,176.0,right,France,DM,CM,800000.0
1586536,8311,Abdellah Baallal,2004-11-07T00:00:00.000Z,,right,Morocco,CM,"DM,AM",1800000.0
1074657,6355,Daylam Meddah,2002-10-06T00:00:00.000Z,,right,France,CB,"RB,DM",1500000.0
864840,866109,Maxence Carlier,1997-03-15T00:00:00.000Z,186.0,right,France,DM,"CB,CM",500000.0
1645514,8587,Amine Chabane,2006-08-15T00:00:00.000Z,,right,France,RB,CB,2000000.0
1420942,8682,Théo Eyoum,2002-01-07T00:00:00.000Z,,,France,CB,,900000.0
987139,8194,Giovanni Haag,2000-05-30T00:00:00.000Z,187.0,right,France,DM,CM,1800000.0
957440,584663,Peter Ouaneh,1998-04-04T00:00:00.000Z,184.0,right,France,CB,,600000.0
103468,7794,Johny Placide,1988-01-29T00:00:00.000Z,181.0,right,Haiti,GK,,150000.0
1740657,8311,Ibrahim Coulibaly,2005-12-07T00:00:00.000Z,,right,France,RB,"CB,LB,RWB",1000000.0
1679978,47214,Aristide Zossou,2005-06-14T00:00:00.000Z,,both,Ivory Coast,LW,RW,2500000.0
1668201,4120,Clément Jolibois,1997-09-03T00:00:00.000Z,192.0,,France,CB,,400000.0
560896,10242,Hillel Konaté,1994-12-28T00:00:00.000Z,182.0,right,Burkina Faso,GK,,400000.0
1078287,9855,Clément Vidal,2000-06-18T00:00:00.000Z,181.0,right,France,CB,,1000000.0
815353,9747,Abdel Hakim Abdallah,1997-08-18T00:00:00.000Z,170.0,left,Comoros,LB,LWB,600000.0
769931,9853,Irvin Cardona,1997-08-08T00:00:00.000Z,180.0,right,Malta,RW,ST,2500000.0
1523321,10242,Merwan Ifnaou,1998-10-22T00:00:00.000Z,180.0,left,France,RW,RM,2500000.0
319305,9853,Florian Tardieu,1992-04-22T00:00:00.000Z,184.0,right,France,CM,"DM,AM",400000.0
1709473,9829,Mathys Detourbet,2007-04-29T00:00:00.000Z,,,France,LW,"LM,RW",15000000.0
1230595,7853,Malik Sellouki,2000-03-21T00:00:00.000Z,177.0,right,France,RM,"CM,LM,RW,AM,ST",900000.0
949647,9931,Becir Omeragic,2002-01-20T00:00:00.000Z,187.0,right,Switzerland,CB,"DM,CM",
640291,293352,Francois Lajugie,1996-01-31T00:00:00.000Z,190.0,right,France,CB,,400000.0
1610383,1841,Juan Guevara,2001-06-26T00:00:00.000Z,180.0,right,Colombia,CB,,1200000.0
972117,8708,Kalidou Sidibé,1999-01-28T00:00:00.000Z,199.0,right,Mali,CM,AM,2000000.0
1419962,6390,Kémo Cissé,1996-12-15T00:00:00.000Z,172.0,right,France,LW,"RWB,LWB,LM",500000.0
1436306,320835,Tawfik Bentayeb,2002-01-14T00:00:00.000Z,,left,Morocco,ST,RW,8000000.0
1389988,9780,Noah Raveyre,2005-06-22T00:00:00.000Z,,right,France,GK,,1500000.0
956661,8682,Edwin Quarshie,1995-10-20T00:00:00.000Z,179.0,,Ghana,CM,"DM,AM",500000.0
880618,10249,Théo Sainte-Luce,1998-10-20T00:00:00.000Z,181.0,left,France,LB,CB,1000000.0
288319,9747,Adrián Ortolá,1993-08-20T00:00:00.000Z,182.0,left,Spain,GK,,300000.0
1039807,8682,Alexandre Lauray,1997-03-18T00:00:00.000Z,175.0,,France,CM,DM,600000.0
1257745,9853,Benjamin Old,2002-08-13T00:00:00.000Z,173.0,left,New Zealand,LB,"LM,LW",1800000.0
290996,8481,Nicolas Saint-Ruf,1992-10-24T00:00:00.000Z,187.0,right,Guadeloupe,CB,,200000.0
260563,8587,Thomas Monconduit,1991-02-10T00:00:00.000Z,178.0,right,France,CM,"CB,DM",150000.0
725256,8682,Dame Guèye,1995-08-12T00:00:00.000Z,,,Senegal,ST,,600000.0
1019589,7794,Amine Boutrah,2000-10-26T00:00:00.000Z,173.0,right,France,LW,"CM,LM,ST",1200000.0
1642084,10188,Ilhan Fakili,2006-01-20T00:00:00.000Z,176.0,right,Turkiye,LW,"LM,RW",1200000.0
1282665,4120,Ibrahima Baldé,2003-01-17T00:00:00.000Z,185.0,right,France,ST,,2000000.0
1123541,4170,Joffrey Bultel,2000-03-14T00:00:00.000Z,184.0,,France,CM,"DM,AM",400000.0
1072860,1218969,Shaquil Delos,1999-06-16T00:00:00.000Z,183.0,both,France,RWB,"RB,CB,ST",500000.0
1309372,9837,Mory Gbane,2000-12-25T00:00:00.000Z,188.0,right,Ivory Coast,DM,CM,4000000.0
1226622,4170,Adrien Pinot,2001-05-06T00:00:00.000Z,194.0,,France,CB,,500000.0
1180279,7853,Aboubacar Lô,2000-01-02T00:00:00.000Z,183.0,right,Senegal,CB,,700000.0
605107,47214,Opa Sanganté,1991-02-01T00:00:00.000Z,188.0,left,Guinea-Bissau,CB,,200000.0
1311670,8682,Harold Voyer,1997-03-26T00:00:00.000Z,182.0,left,France,CB,,700000.0
1791800,293352,Paul Venot,2001-10-07T00:00:00.000Z,,,France,CM,DM,600000.0
1019588,7794,Anthony Roncaglia,2000-08-30T00:00:00.000Z,180.0,right,France,CB,,500000.0
1668300,8481,Elydjah Mendy,2000-03-14T00:00:00.000Z,193.0,left,France,CB,,800000.0
473851,7794,Joachim Eickmayer,1993-01-11T00:00:00.000Z,178.0,right,France,CM,"DM,AM",200000.0
952259,9837,Maxime Busi,1999-10-14T00:00:00.000Z,182.0,right,Belgium,RB,RWB,1500000.0
1524075,293352,Thibault Delphis,2002-10-05T00:00:00.000Z,183.0,right,France,CB,"LB,RM",600000.0
1330942,10242,Lucas Maronnier,2000-03-09T00:00:00.000Z,172.0,right,France,RB,,800000.0
1669907,47214,Victor Mayela,2004-04-22T00:00:00.000Z,187.0,,France,CB,LB,2000000.0
1120443,7853,Thibaut Vargas,2000-05-22T00:00:00.000Z,175.0,both,France,RWB,"RB,AM",800000.0
1053677,2095,Amadou Sagna,1999-06-10T00:00:00.000Z,172.0,right,Senegal,RM,,700000.0
1274116,9747,Albin Demouchy,2002-05-31T00:00:00.000Z,178.0,right,France,CB,,600000.0
1239681,4170,Noah Fatar,2002-02-15T00:00:00.000Z,170.0,left,France,LW,"RM,RW,ST",600000.0
542775,6355,Anthony Briançon,1994-11-28T00:00:00.000Z,174.0,right,France,CB,,350000.0
1523246,7794,Tom Meynadier,2000-01-27T00:00:00.000Z,176.0,right,France,RWB,"RB,AM",500000.0
1276328,9855,Nesta Zahui,2003-03-05T00:00:00.000Z,,right,France,RM,"RWB,ST",700000.0
717270,8682,Antoine Rabillard,1995-09-22T00:00:00.000Z,175.0,right,France,ST,,600000.0
314437,10249,Christopher Jullien,1993-03-22T00:00:00.000Z,195.0,right,Guadeloupe,CB,,600000.0
625581,7794,Florian Bohnert,1997-11-09T00:00:00.000Z,183.0,right,Luxembourg,LB,"RB,RWB,LWB,LM",400000.0
119434,8311,Johan Gastien,1988-01-25T00:00:00.000Z,179.0,right,France,DM,CM,0.0
1400764,6390,Jovany Ikanga A Ngele,2002-03-24T00:00:00.000Z,181.0,right,France,ST,,1200000.0
1709839,6379,Patrick Zabi,2006-09-24T00:00:00.000Z,191.0,right,Ivory Coast,DM,"CM,AM",20000000.0
1177376,4120,Samy Benchamma,2000-06-25T00:00:00.000Z,185.0,right,France,CM,,600000.0
1359270,8682,Milan Robin,1999-11-24T00:00:00.000Z,186.0,right,France,CM,"RW,AM",1000000.0
1508706,9984,Geoffrey Kondo,2002-05-02T00:00:00.000Z,180.0,left,France,CB,LB,
1074752,293352,Thibault Rambaud,1997-04-19T00:00:00.000Z,,right,France,ST,RW,500000.0
1529945,10249,Everson Junior,2003-11-07T00:00:00.000Z,178.0,right,France,DM,CM,
913198,7794,Dominique Guidi,1996-02-06T00:00:00.000Z,177.0,right,France,CB,,
1616868,8481,Enzo Tacafred,2005-04-08T00:00:00.000Z,185.0,,France,RB,"RWB,RM",1500000.0
1173790,4120,Kenny Nagera,2002-02-21T00:00:00.000Z,177.0,right,France,ST,,600000.0
1078251,238687,Titouan Thomas,2002-01-12T00:00:00.000Z,183.0,right,France,CM,DM,600000.0
1584084,9837,Ange Martial Tia,2006-11-20T00:00:00.000Z,178.0,right,Mali,AM,"DM,RW,ST",7000000.0
1578104,7794,Jérémy Sebas,2003-04-14T00:00:00.000Z,187.0,right,France,ST,"RW,LW",500000.0
492129,8582,Malik Tchokounté,1988-09-11T00:00:00.000Z,186.0,right,France,ST,,100000.0
816982,4170,Sonny Duflos,1995-06-08T00:00:00.000Z,176.0,,France,AM,CM,250000.0
1050005,866111,Stone Muzalimoja Mambo,1999-03-25T00:00:00.000Z,183.0,left,France,CB,,500000.0
568543,1123073,Théo Valls,1995-12-18T00:00:00.000Z,179.0,left,France,CM,,
1393660,8559,Kyliane Dong,2004-09-27T00:00:00.000Z,178.0,right,France,ST,"CM,LM,LW",900000.0
820104,293352,Antoine Larose,1993-01-28T00:00:00.000Z,180.0,left,France,RW,AM,250000.0
1514681,9747,Sohaib Nair,2002-04-23T00:00:00.000Z,183.0,right,Algeria,CB,,2000000.0
1669649,9853,Kévin Pedro,2006-02-21T00:00:00.000Z,,right,France,RB,CB,7000000.0
1668298,4120,Octave Joly,2002-09-16T00:00:00.000Z,,,France,CM,,600000.0
1541976,357259,Omar Sadik,2004-03-22T00:00:00.000Z,185.0,left,Morocco,ST,LW,800000.0
1536974,9848,Pape Diong,2006-06-15T00:00:00.000Z,193.0,right,Senegal,DM,,
1072905,6390,Matthieu Huard,1998-05-09T00:00:00.000Z,,left,France,CB,LWB,500000.0
987134,47214,Allan Linguet,1999-08-17T00:00:00.000Z,176.0,right,France,RB,,600000.0
1603720,4170,Aurélien Platret,2003-02-20T00:00:00.000Z,,right,France,RM,"RWB,CM,RW",500000.0
591531,6355,Antonin Bobichon,1995-09-14T00:00:00.000Z,170.0,right,France,ST,"CM,AM",400000.0
1438609,8682,Erwan Colas,1997-04-22T00:00:00.000Z,,,France,ST,,600000.0
481044,6390,Saîf-Eddine Khaoui,1995-04-27T00:00:00.000Z,180.0,right,Tunisia,AM,,600000.0
1135808,9853,Mahmoud Jaber,1999-10-05T00:00:00.000Z,182.0,right,Israel,CM,DM,1800000.0
1680590,585026,Isaac Cossier,2006-11-30T00:00:00.000Z,186.0,right,France,CB,,2500000.0
1543415,8150,Hiroki Sekine,2002-08-11T00:00:00.000Z,187.0,right,Japan,RB,CB,1200000.0
1367955,7794,Jocelyn Janneh,2002-12-06T00:00:00.000Z,184.0,right,Guinea,DM,CM,800000.0
1487935,10242,Yvann Titi,2006-05-05T00:00:00.000Z,,right,France,RB,,2500000.0
957442,8481,Adrien Julloux,1996-10-05T00:00:00.000Z,,,France,CB,"RB,RWB",250000.0
586199,9747,Erwin Koffi,1995-01-10T00:00:00.000Z,179.0,right,France,RB,RM,400000.0
1643774,10249,Yaël Mouanga,2005-07-23T00:00:00.000Z,,right,France,CB,"DM,CM",2000000.0
1185205,4120,Wilitty Younoussa,2001-09-09T00:00:00.000Z,174.0,right,Cameroon,CM,,900000.0
1603751,9931,Coleen Louis,2005-06-30T00:00:00.000Z,,right,France,LB,LWB,500000.0
1514624,8587,Rayan Lutin,2003-01-16T00:00:00.000Z,170.0,left,Comoros,RM,"LW,ST",800000.0
1120479,293352,Abdel Hbouch,1999-01-25T00:00:00.000Z,,,France,ST,"AM,LW",400000.0
1242562,8481,Brandon Bokangu,1999-12-10T00:00:00.000Z,,,France,ST,,500000.0
1124453,9853,Aïmen Moueffek,2001-04-09T00:00:00.000Z,179.0,right,France,CM,"DM,AM",2000000.0
198277,9837,Nicolas Pallois,1987-09-19T00:00:00.000Z,190.0,left,France,CB,,250000.0
1123648,7794,Gustave Akueson,1995-12-20T00:00:00.000Z,190.0,right,Togo,CB,,350000.0
1350982,9837,Samuel Kotto,2003-09-03T00:00:00.000Z,190.0,left,Cameroon,CB,,4000000.0
1632788,9851,Rayan Bamba,2004-05-14T00:00:00.000Z,,right,France,RM,"RWB,AM",1000000.0
1392758,9853,Igor Miladinovic,2003-06-08T00:00:00.000Z,178.0,right,Serbia,CM,"DM,AM",2500000.0
1097376,7853,Corentin Fatou,1999-01-17T00:00:00.000Z,,,France,ST,,350000.0
1167456,4170,Blondy Nna Noukeu,2001-05-31T00:00:00.000Z,196.0,right,Cameroon,GK,,700000.0
1668288,9747,Stanislas Kielt,2001-11-27T00:00:00.000Z,184.0,,France,ST,AM,700000.0
1039458,10242,Paolo Gozzi,2001-04-25T00:00:00.000Z,180.0,left,Italy,CB,,1200000.0
1233684,9853,Ebenezer Annan,2002-08-21T00:00:00.000Z,178.0,left,Ghana,LB,,1800000.0
1540435,4685,Thiemoko Diarra,2003-04-19T00:00:00.000Z,176.0,right,Mali,RW,"RM,LW",1500000.0
1526773,10249,Lucas Mincarelli Davin,2004-01-05T00:00:00.000Z,179.0,left,France,LB,,800000.0
1523255,4120,Loni Quenabio,2001-04-17T00:00:00.000Z,184.0,right,France,CB,,
1280182,7788,Ilyès Hamache,2003-02-11T00:00:00.000Z,178.0,right,France,LM,LW,600000.0
164221,7853,Yohan Tavares,1988-03-02T00:00:00.000Z,188.0,right,Portugal,CB,,75000.0
291799,7794,Christophe Vincent,1992-11-08T00:00:00.000Z,178.0,right,France,CM,"DM,RM,AM",0.0
1482273,9837,Elie,2004-04-22T00:00:00.000Z,188.0,right,Ivory Coast,CB,LWB,2000000.0
967089,6390,Kévin Cabral,1999-07-10T00:00:00.000Z,185.0,right,France,ST,"AM,RW",1000000.0
979761,9747,Teddy Bartouche,1997-06-05T00:00:00.000Z,178.0,right,Guadeloupe,GK,,
1682404,8689,Jérémy Hatchi,2005-06-13T00:00:00.000Z,178.0,right,Guadeloupe,LM,"RM,CM,RW",700000.0
1668195,7853,Mattéo Commaret,2002-01-02T00:00:00.000Z,184.0,,France,CB,"RB,LB,LWB",500000.0
913159,8587,Victor Lobry,1995-06-16T00:00:00.000Z,181.0,left,France,ST,AM,350000.0
1383394,9855,Samba Diba,2003-12-24T00:00:00.000Z,195.0,right,Senegal,CM,,400000.0
921067,9837,Yohan Demoncy,1996-04-07T00:00:00.000Z,181.0,right,France,ST,RM,400000.0
938542,9853,Maxime Bernauer,1998-07-01T00:00:00.000Z,186.0,right,France,CB,"RB,LB",1200000.0
1791917,7794,Alexandre Zaouai,2005-04-01T00:00:00.000Z,,,Ivory Coast,AM,"CM,LW,ST",1500000.0
1079550,9985,Alexis Trouillet,2000-12-23T00:00:00.000Z,175.0,right,France,CM,,800000.0
1177973,9991,Hugo Gambor,2002-12-30T00:00:00.000Z,186.0,right,Central African Rep.,CB,CM,1200000.0
1514682,9750,Kouadou Assoumou,2002-10-17T00:00:00.000Z,182.0,right,Ivory Coast,LW,"LM,RW",
1323829,9747,Amine Hemia,1998-01-22T00:00:00.000Z,178.0,right,France,ST,LW,1800000.0
1688523,10001,Dylan Ourega,2004-10-06T00:00:00.000Z,183.0,left,France,LB,LM,
1562396,8020,Yvan Ikia Dimi,2004-09-26T00:00:00.000Z,175.0,left,France,RW,"LM,ST",
1125446,6390,Balthazar Pierret,2000-05-15T00:00:00.000Z,186.0,right,France,CM,"DM,RW",1500000.0
1697720,9847,Naoufel El Hannach,2006-12-07T00:00:00.000Z,183.0,right,Morocco,RB,"CB,LB",1500000.0
1108006,9780,Marco Essimi,1999-02-18T00:00:00.000Z,182.0,right,France,RW,AM,800000.0
1460253,10167,Nesta Elphege,2001-01-09T00:00:00.000Z,196.0,left,France,ST,,4000000.0
1703386,9837,Hafiz Ibrahim,2005-12-20T00:00:00.000Z,,both,Nigeria,ST,,3000000.0
1473888,293352,Ben Touré,2003-08-21T00:00:00.000Z,185.0,right,Ivory Coast,ST,RW,600000.0
564859,8682,Anthony Ribelin,1996-04-08T00:00:00.000Z,177.0,right,France,AM,"RWB,RM",200000.0
874527,6355,Ousmane Kanté,1989-09-21T00:00:00.000Z,185.0,right,Guinea,CB,,0.0
1188585,9853,Chico Lamba,2003-03-10T00:00:00.000Z,189.0,right,Portugal,CB,,3500000.0
1531397,8311,Allan Ackra,2004-02-21T00:00:00.000Z,,right,France,AM,CM,600000.0
1669433,10242,Sankhoun Diawara,2006-01-13T00:00:00.000Z,188.0,left,France,CB,LB,2000000.0
1439465,8311,Cheick Oumar Konaté,2004-04-02T00:00:00.000Z,173.0,right,Mali,RB,"LB,DM",
720733,7980,Teddy Teuma,1993-09-30T00:00:00.000Z,176.0,left,Malta,AM,"DM,CM,ST",
1327300,4170,Azamat Uriev,2004-11-27T00:00:00.000Z,,,France,GK,,250000.0
210142,4170,Jonas Martin,1990-04-09T00:00:00.000Z,184.0,right,France,DM,CM,250000.0
1406676,9986,Freddy Mbemba,2002-12-16T00:00:00.000Z,175.0,,France,LM,LW,600000.0
1189644,7853,Julien Maggiotti,1995-09-09T00:00:00.000Z,182.0,right,France,AM,"LM,ST",300000.0
942356,9865,Arvin Appiah,2001-01-05T00:00:00.000Z,175.0,right,England,LB,,500000.0
1367269,8682,Martin Rossignol,2003-11-03T00:00:00.000Z,,,France,CM,AM,400000.0
1059686,9855,Mathieu Mion,2000-09-02T00:00:00.000Z,,left,France,LB,LWB,300000.0
1698483,8311,El Hadj Koné,2006-05-04T00:00:00.000Z,,right,France,LWB,LB,900000.0
1483957,4170,Martin Lecolier,2003-06-24T00:00:00.000Z,188.0,,France,ST,,500000.0
1669931,9831,Victor Orakpo,2006-01-14T00:00:00.000Z,194.0,right,Nigeria,LW,ST,400000.0
1136758,9747,Gauthier Ott,2002-01-07T00:00:00.000Z,,both,France,LM,,500000.0
1292334,8587,Nordine Kandil,2001-10-31T00:00:00.000Z,166.0,left,France,LM,"RM,AM,ST",1000000.0
537997,6355,Esteban Salles,1994-03-02T00:00:00.000Z,187.0,right,France,GK,,200000.0
1479744,10249,Yanis Issoufou,2006-10-28T00:00:00.000Z,,left,France,LW,,1000000.0
1072257,9853,João Ferreira,2001-03-22T00:00:00.000Z,185.0,right,Portugal,RB,CB,2000000.0
1170864,9855,Lucas Bernadou,2000-09-24T00:00:00.000Z,178.0,right,France,CM,"CB,DM",500000.0
864138,6355,Julien Anziani,1999-06-23T00:00:00.000Z,176.0,right,France,AM,"DM,CM,ST",800000.0
1709475,106189,Neil Glossoa,2004-09-10T00:00:00.000Z,,right,France,RWB,,500000.0
684937,8481,Jérémy Gelin,1997-04-24T00:00:00.000Z,182.0,right,France,CM,DM,800000.0
1391048,583706,Setigui Karamoko,1999-10-10T00:00:00.000Z,192.0,left,France,CB,LB,250000.0
1357639,8481,Yannis Nahounou,2004-05-16T00:00:00.000Z,193.0,,France,CB,,400000.0
1488528,6355,Cheikh Fall,2004-02-25T00:00:00.000Z,177.0,right,Senegal,DM,CM,350000.0
512723,585808,Théo Pellenard,1994-03-04T00:00:00.000Z,185.0,left,France,CB,,
1244902,9855,Mamady Bangré,2001-06-15T00:00:00.000Z,171.0,left,Burkina Faso,CM,"AM,ST",350000.0
1668295,8682,Noa Boissé,2006-01-20T00:00:00.000Z,,,France,CB,,1500000.0
1669441,9888,Christ-Owen Kouassi,2003-04-15T00:00:00.000Z,184.0,right,France,RB,"RWB,LWB",1200000.0
1201593,293352,Matteo Veillon,2002-03-01T00:00:00.000Z,,right,France,CB,,300000.0
1529204,6379,Omar Sissoko,2006-08-18T00:00:00.000Z,,right,France,ST,,1000000.0
1180730,9848,Saïdou Sow,2002-07-04T00:00:00.000Z,187.0,right,Guinea,CB,,2500000.0
1713570,9747,Tanguy Ahile,2004-09-07T00:00:00.000Z,,,France,CM,,400000.0
1022702,6413,Dylan Mbayo,2001-10-11T00:00:00.000Z,175.0,left,Belgium,RW,"RM,ST",900000.0
1108031,10242,Kandet Diawara,2000-02-10T00:00:00.000Z,180.0,right,Guinea,LW,RW,1200000.0
1428672,9941,Ylies Aradj,2005-06-05T00:00:00.000Z,179.0,left,France,LWB,"LB,LM",250000.0
1435443,8481,Patrick Ouotro,2005-09-13T00:00:00.000Z,182.0,right,Ivory Coast,ST,,300000.0
1523244,289334,Loïc Socka,1998-09-05T00:00:00.000Z,193.0,right,France,ST,,
1310262,9855,Baptiste Mouazan,2001-09-27T00:00:00.000Z,,right,France,AM,"CM,LM,ST",400000.0
210126,7819,Dennis Appiah,1992-06-09T00:00:00.000Z,179.0,right,France,RB,,500000.0
1523312,8682,Lucas Bretelle,2002-04-17T00:00:00.000Z,172.0,,France,DM,"CM,AM",1200000.0
965349,9837,Mohamed Daramy,2002-01-07T00:00:00.000Z,180.0,right,Denmark,ST,LW,2500000.0
625422,9851,Nicolas Lemaître,1997-01-12T00:00:00.000Z,180.0,right,France,GK,,500000.0
1791877,7853,Ethan Clavreul,2006-06-29T00:00:00.000Z,,,France,LM,,400000.0
348420,10242,Renaud Ripart,1993-03-14T00:00:00.000Z,181.0,right,France,ST,RW,350000.0
1435842,8028,Samuel Ntamack,2001-04-27T00:00:00.000Z,178.0,right,France,ST,,500000.0
609634,8311,Vital N'Simba,1993-07-08T00:00:00.000Z,167.0,left,DR Congo,LB,LWB,300000.0
1592418,8639,Lisandru Olmeta,2005-07-21T00:00:00.000Z,190.0,right,France,GK,,500000.0
1342778,9853,Joshua Duffus,2004-12-15T00:00:00.000Z,187.0,,England,ST,LW,2500000.0
1695007,293352,Alexis Casadei,2004-12-23T00:00:00.000Z,189.0,,France,DM,CM,400000.0
493727,47214,Felipe Abner,1996-05-30T00:00:00.000Z,175.0,left,Brazil,LB,,400000.0
1478147,9986,Adama Bojang,2004-05-28T00:00:00.000Z,191.0,,Gambia,ST,RW,1200000.0
873853,1786,Marcos Lavín,1996-09-02T00:00:00.000Z,190.0,right,Spain,GK,,200000.0
1676541,293352,Quentin Paris,2006-10-23T00:00:00.000Z,,,France,ST,,300000.0
815766,9855,Ugo Bonnet,1993-09-17T00:00:00.000Z,,right,France,ST,AM,200000.0
1797479,8311,Enzo Cantero,2005-05-15T00:00:00.000Z,165.0,,France,RW,RM,1000000.0
568542,8311,Kenji Van Boto,1996-03-07T00:00:00.000Z,183.0,left,Madagascar,LB,RB,250000.0
1214011,6390,Hacène Benali,1999-10-14T00:00:00.000Z,180.0,right,Algeria,ST,,350000.0
1283024,6379,Yoan Koré,2004-11-16T00:00:00.000Z,187.0,right,France,RB,CB,600000.0
165528,4170,Ibrahim Koné,1989-12-05T00:00:00.000Z,190.0,right,Guinea,GK,,50000.0
1388749,10249,Khalil Fayad,2004-06-09T00:00:00.000Z,172.0,right,France,DM,AM,1500000.0
1332549,9837,Amine Salama,2000-07-18T00:00:00.000Z,192.0,right,France,ST,RW,
1526610,7853,William Benard,2003-04-27T00:00:00.000Z,,,France,CM,DM,250000.0
1244864,8682,Jean Vercruysse,2000-07-03T00:00:00.000Z,183.0,,France,CM,AM,400000.0
1792248,7853,Layousse Samb,2000-10-25T00:00:00.000Z,183.0,left,Senegal,LB,LWB,300000.0
1299499,9855,Evans Maurin,2001-03-30T00:00:00.000Z,177.0,left,France,RM,,300000.0
1635507,9848,Rayane Messi,2007-05-23T00:00:00.000Z,175.0,right,France,ST,"RM,LM,RW,LW",
357224,8481,Adrian Dabasse,1993-07-27T00:00:00.000Z,180.0,right,France,ST,,200000.0
1791882,8682,William Harhouz,1999-12-30T00:00:00.000Z,,,France,ST,,400000.0
1384870,7853,Sidi Bane,2004-01-14T00:00:00.000Z,184.0,right,Senegal,CB,RB,900000.0
1211445,9837,John Patrick,2003-09-24T00:00:00.000Z,192.0,right,Ireland,CM,DM,800000.0
210390,293352,Vincent Pajot,1990-08-19T00:00:00.000Z,180.0,right,France,CM,,0.0
447107,8311,Adrien Hunou,1994-01-19T00:00:00.000Z,178.0,right,France,DM,AM,250000.0
1328918,47214,Bram Lagae,2004-01-14T00:00:00.000Z,183.0,left,Belgium,CB,LB,600000.0
1483959,47214,Alex Daho,2003-10-04T00:00:00.000Z,175.0,right,France,RW,,250000.0
1244850,293352,Cédric Makutungu,1997-10-03T00:00:00.000Z,175.0,left,France,CB,,250000.0
1900516,8682,Adil Bourabaa,2004-11-30T00:00:00.000Z,,,France,AM,CM,500000.0
949712,9855,Moussa Djitté,1999-10-04T00:00:00.000Z,180.0,right,Senegal,ST,,400000.0
1797588,9853,Nadir El Jamali,2007-04-17T00:00:00.000Z,,,France,RW,,800000.0
1078166,465382,Hiang'a Mbock,1999-12-28T00:00:00.000Z,186.0,right,France,DM,"CM,AM",
1797614,10242,Anis Ouzenadji,2006-11-04T00:00:00.000Z,,,France,LB,,500000.0
1703571,8588,Gabin Capuano,2006-04-26T00:00:00.000Z,,right,France,ST,,250000.0
1671488,568569,Josué Tiendrébéogo,2002-11-21T00:00:00.000Z,169.0,both,Burkina Faso,CM,LW,
593362,47214,Aboubakary Kanté,1994-08-11T00:00:00.000Z,184.0,left,Gambia,ST,,
603533,8481,Cazim Suljic,1996-10-29T00:00:00.000Z,178.0,left,Bosnia and Herzegovina,DM,CM,250000.0
1079490,8024,Pape Meïssa Ba,1997-07-04T00:00:00.000Z,187.0,right,Senegal,ST,,700000.0
822534,8340,Jan Mlakar,1998-10-23T00:00:00.000Z,183.0,right,Slovenia,ST,RM,900000.0
299736,8587,Alexis Sauvage,1991-10-30T00:00:00.000Z,186.0,right,France,GK,,100000.0
1526207,9855,Arthur Lallias,2003-06-21T00:00:00.000Z,,,France,ST,"RM,AM",350000.0
1243913,293352,Dion Sahi,2001-12-20T00:00:00.000Z,175.0,left,Ivory Coast,AM,,900000.0
1602154,7794,Issiaka Karamoko,2001-07-15T00:00:00.000Z,182.0,,France,AM,ST,200000.0
561050,889751,Valentin Jacob,1994-06-15T00:00:00.000Z,169.0,right,France,AM,RW,200000.0
1438302,6379,Mathys Tourraine,2001-01-14T00:00:00.000Z,,right,France,RWB,,600000.0
1668280,6390,Abdelsamad Hachem,2002-06-28T00:00:00.000Z,188.0,right,France,midfielder,,300000.0
1603531,9748,Alejandro Rodríguez,2008-03-11T00:00:00.000Z,,right,England,ST,LW,800000.0
979749,210132,Eddy Sylvestre,1999-08-29T00:00:00.000Z,173.0,left,France,RW,AM,250000.0
1246653,6390,Guillaume Trani,1997-12-17T00:00:00.000Z,178.0,,France,ST,,200000.0
1173254,9747,Darly N'Landu,2000-07-14T00:00:00.000Z,173.0,left,France,CM,,250000.0
1697802,7794,Maxime Blé,2002-07-26T00:00:00.000Z,,right,France,ST,,150000.0
1429122,9839,Edhy Zuliani,2004-08-11T00:00:00.000Z,,left,Algeria,forward,,200000.0
1393480,8697,Skelly Alvero,2002-05-04T00:00:00.000Z,202.0,right,France,CM,,2000000.0
1387248,161694,Loïc Etoga,2003-04-01T00:00:00.000Z,186.0,right,Cameroon,CM,DM,
1797606,8481,Zakaria Ztouti,2006-10-20T00:00:00.000Z,,,France,AM,ST,250000.0
1315086,6246,Exaucé Mpembele,2002-05-15T00:00:00.000Z,,,France,LM,ST,
1332814,6390,Théo Magnin,2003-08-09T00:00:00.000Z,171.0,right,Switzerland,RB,"RM,RW",900000.0
953926,293352,Thomas Callens,1998-09-06T00:00:00.000Z,182.0,left,France,GK,,150000.0
1367621,7794,Ayman Aiki,2005-06-25T00:00:00.000Z,,right,France,AM,,250000.0
1292100,10001,Norman Bassette,2004-11-09T00:00:00.000Z,185.0,left,Belgium,ST,,1500000.0
574185,47214,Íñigo Eguaras,1992-03-07T00:00:00.000Z,182.0,right,Spain,DM,,100000.0
1797477,8311,Julien Astic,2005-03-20T00:00:00.000Z,,,France,DM,AM,250000.0
1124761,4120,Ryan Ponti,1998-06-22T00:00:00.000Z,185.0,left,Madagascar,LWB,,250000.0
1315952,8481,Oumar Sidibe,2001-01-12T00:00:00.000Z,,,France,midfielder,,
244558,8587,Jérome Roussillon,1993-01-06T00:00:00.000Z,175.0,left,Guadeloupe,LB,,400000.0
1523017,4170,Zoran Moco,2003-06-27T00:00:00.000Z,,right,Guadeloupe,RB,CM,400000.0
1797585,9853,Luan Gadegbeku,2007-03-13T00:00:00.000Z,,left,France,DM,CM,800000.0
780589,9938,Mehdi Merghem,1997-07-19T00:00:00.000Z,178.0,left,Algeria,RM,CM,400000.0
1668296,9747,Jérémie Matumona,2006-06-03T00:00:00.000Z,,,France,LB,RB,300000.0
427000,9855,Bobby Allain,1991-11-28T00:00:00.000Z,185.0,right,France,GK,,100000.0
1390047,4120,Mehdi Baaloudj,2001-02-02T00:00:00.000Z,183.0,right,Algeria,ST,,250000.0
1868401,8481,Hugo Barbier,2004-09-22T00:00:00.000Z,,,France,CM,,200000.0
186806,9853,Brice Maubleu,1989-12-01T00:00:00.000Z,191.0,right,France,GK,,150000.0
1344543,9855,Efe Sarikaya,2005-11-30T00:00:00.000Z,185.0,left,Turkiye,CB,,
1832290,7794,Matteo Petrignani,2005-09-09T00:00:00.000Z,,left,France,DM,,100000.0
1436712,6390,Josué Escartin,2003-03-21T00:00:00.000Z,193.0,right,France,CB,,300000.0
1671490,8311,Ousmane Diop,2005-06-10T00:00:00.000Z,,right,Senegal,ST,,250000.0
1487907,773645,Joachim Kayi-Sanda,2006-11-29T00:00:00.000Z,186.0,right,France,CB,,
992082,10242,Alexandre Phliponeau,2000-01-26T00:00:00.000Z,180.0,right,France,DM,CM,350000.0
961355,8583,Eros Maddy,2001-02-05T00:00:00.000Z,177.0,right,Netherlands,RM,,150000.0
1520538,6355,Kyllian Gasnier,2002-06-30T00:00:00.000Z,178.0,right,France,midfielder,,150000.0
1874169,7853,Mathis Houdayer,2005-04-30T00:00:00.000Z,,,France,midfielder,,
1311801,9747,Amadou Samoura,2003-11-21T00:00:00.000Z,,,France,forward,,400000.0
1514638,7853,Noa Mupemba,2002-07-27T00:00:00.000Z,,,France,ST,,
1717064,8587,Yanis Rafii,2005-06-26T00:00:00.000Z,,right,France,ST,,200000.0
1327487,7794,Noah Zilliox,2003-03-17T00:00:00.000Z,,,France,CB,,150000.0
1897196,7794,Ruben Beliandjou,2005-07-08T00:00:00.000Z,186.0,,France,ST,,
1428851,4170,Lilian Raillot,2004-05-19T00:00:00.000Z,193.0,,France,CM,,
1072913,9750,Tanguy Coulibaly,2001-02-18T00:00:00.000Z,175.0,left,France,RW,LW,
1614832,7853,Trevis Dago,2005-01-21T00:00:00.000Z,185.0,right,France,ST,,350000.0
1690111,9750,Zaid Seha,2007-01-25T00:00:00.000Z,,,France,LW,,200000.0
1720268,7853,Enzo Montet,2003-05-10T00:00:00.000Z,,left,France,CM,,150000.0
1065453,102050,Mohamed Bouchouari,2000-11-15T00:00:00.000Z,170.0,right,Belgium,RB,RWB,
1425683,7794,Nicolas Parravicini,1997-08-05T00:00:00.000Z,194.0,right,Italy,ST,,100000.0
1813111,4170,Emmanuel Kouassi,2003-02-23T00:00:00.000Z,,right,Ivory Coast,defender,,100000.0
982245,9904,William Kokolo,2000-06-09T00:00:00.000Z,181.0,left,France,LM,LWB,500000.0
1862293,8481,Mattheo Guendez,2005-10-16T00:00:00.000Z,,left,France,RM,,200000.0
919739,6414,Kay Tejan,1997-02-03T00:00:00.000Z,180.0,left,Netherlands,ST,AM,
1804383,213357,Kenzo Noel,2006-07-28T00:00:00.000Z,,,France,GK,,100000.0
1387313,9732,Taylor Luvambo,1999-07-05T00:00:00.000Z,180.0,right,France,ST,,150000.0
1344654,8682,Mathis Hamdi,2003-10-18T00:00:00.000Z,180.0,left,France,LWB,LB,200000.0
1242194,1070261,Travis Patterson,2005-10-06T00:00:00.000Z,178.0,right,England,LB,,300000.0
916916,8311,Andy Pelmard,2000-03-12T00:00:00.000Z,180.0,right,Madagascar,CB,LB,
1899709,47214,Maedine Makhloufi,2005-02-18T00:00:00.000Z,,,France,LB,,250000.0
1791938,4170,Zanga Koné,2004-11-12T00:00:00.000Z,,right,Ivory Coast,midfielder,,
1791940,9873,Luka Boiteau,2006-01-02T00:00:00.000Z,,right,Canada,midfielder,,150000.0
1245179,1569,Habib Keïta,2002-02-05T00:00:00.000Z,182.0,left,France,DM,"CM,AM",
1366624,10249,Axel Guéguin,2005-03-24T00:00:00.000Z,170.0,left,France,AM,,250000.0
1536429,9824,Ranjan Neelakandan,2005-01-20T00:00:00.000Z,180.0,right,Switzerland,LW,,
1166569,9855,Alan Kérouédan,2000-01-12T00:00:00.000Z,173.0,right,France,ST,,
1133599,885256,Leroy Abanda,2000-06-07T00:00:00.000Z,178.0,left,France,LWB,"RB,LB,LM",
1114371,8682,Ewan Hatfout,2000-04-01T00:00:00.000Z,193.0,,France,GK,,150000.0
312565,7826,Quentin Beunardeau,1994-02-27T00:00:00.000Z,184.0,right,France,GK,,150000.0
1797603,10249,Viktor Dzodic,2006-11-15T00:00:00.000Z,,,Serbia,GK,,150000.0
1540376,7811,Tao Paradowski,2005-02-27T00:00:00.000Z,180.0,right,France,GK,,
210682,10242,Zacharie Boucher,1992-03-07T00:00:00.000Z,178.0,right,France,GK,,100000.0
1791943,4170,Louis Siliadin,2001-10-21T00:00:00.000Z,,,France,midfielder,,75000.0
1796073,47214,Théna Massock,2007-09-18T00:00:00.000Z,192.0,,France,midfielder,,200000.0
824637,1115133,Diogo Queirós,1999-01-05T00:00:00.000Z,185.0,right,Portugal,DM,,
1328919,10141,Mohamed Achi Bouakline,2002-01-16T00:00:00.000Z,181.0,left,France,midfielder,,100000.0
613714,9837,Jordan Pefok,1996-04-26T00:00:00.000Z,190.0,right,USA,ST,,
1797597,6355,Salif Lebouath,2001-11-14T00:00:00.000Z,,,France,forward,,150000.0
1243190,8692,Hervé Touré,2000-05-20T00:00:00.000Z,,,Côte d'Ivoire,CM,AM,
1602137,9855,Mohamed Bechikh,2005-07-13T00:00:00.000Z,183.0,right,France,forward,,100000.0
1508735,9851,Ayanda Sishuba,2005-02-02T00:00:00.000Z,168.0,right,Belgium,midfielder,,800000.0
1245978,8683,Jacques Siwe,2001-07-29T00:00:00.000Z,187.0,right,France,ST,,
1703178,293352,Kilyan Jusseron-Veniere,2006-08-18T00:00:00.000Z,,left,France,midfielder,,100000.0
1863032,9853,Paul Eymard,2008-01-05T00:00:00.000Z,,,France,midfielder,,500000.0
1436328,1218969,Mohamed Guindo,2003-08-01T00:00:00.000Z,182.0,right,Mali,ST,,300000.0
1478003,6355,Souleymane Basse,2003-11-06T00:00:00.000Z,182.0,left,Senegal,defender,,250000.0
1348484,8587,Ange Chibozo,2003-07-01T00:00:00.000Z,175.0,right,Benin,forward,,
1893956,8587,Oscar Aïssat,2007-02-15T00:00:00.000Z,,right,Algeria,midfielder,,100000.0
1779437,10242,Elijah Odede,2007-01-12T00:00:00.000Z,175.0,,Nigeria,RW,,600000.0
1814305,7794,David Djédjé,2007-01-30T00:00:00.000Z,,,France,midfielder,,100000.0
1616116,9830,Malang Gomes,2005-05-28T00:00:00.000Z,175.0,,France,midfielder,,75000.0
1683521,10017,Niama Sissoko,2005-12-16T00:00:00.000Z,,right,Mali,forward,,
1900951,8587,Enzo Somon,2008-04-15T00:00:00.000Z,,,France,midfielder,,50000.0
1755843,8587,Nathan Talbot,2007-09-12T00:00:00.000Z,,right,France,defender,,75000.0
1131254,9853,Yvann Maçon,1998-10-01T00:00:00.000Z,176.0,right,Guadeloupe,RB,"LB,RWB,RM",
1481521,4120,Mathis Touho,2004-11-24T00:00:00.000Z,185.0,left,France,ST,,
1800256,4170,Florian Boulet,2003-03-22T00:00:00.000Z,,,France,forward,,
1668291,8682,Brice Oggad,1997-05-22T00:00:00.000Z,182.0,,France,forward,,
1110336,6390,Samuel Renel,2001-11-03T00:00:00.000Z,178.0,right,Martinique,CM,,
1688540,4120,Corentin Roubiou,2005-06-13T00:00:00.000Z,,right,France,forward,,
1791883,293293,Izhak Hammoudi,2004-11-07T00:00:00.000Z,,,France,CM,,50000.0
820310,8481,Bakari Camara,1994-01-04T00:00:00.000Z,189.0,right,Mauritania,midfielder,,75000.0
968952,9855,Allan Tchaptchet,2001-12-21T00:00:00.000Z,193.0,right,France,defender,,300000.0
751762,8120,Dylan Batubinsika,1996-02-15T00:00:00.000Z,185.0,right,DR Congo,CB,,
1484998,8342,Mamadou Diakhon,2005-09-22T00:00:00.000Z,180.0,left,France,LW,,
348411,10249,Mathieu Michel,1991-09-04T00:00:00.000Z,188.0,right,France,GK,,100000.0
561045,4170,Xavier Lenogue,1996-12-27T00:00:00.000Z,194.0,right,Martinique,keeper,,0.0
1334806,8311,Massamba Ndiaye,2001-10-08T00:00:00.000Z,202.0,right,Senegal,keeper,,
195260,7853,Maxime Hautbois,1991-01-03T00:00:00.000Z,181.0,right,France,GK,,75000.0
1329301,8311,Maïdine Douane,2002-08-23T00:00:00.000Z,,right,France,forward,,500000.0
1751144,47214,Souleymane Keita,2005-12-23T00:00:00.000Z,,,France,midfielder,,150000.0
728413,7853,Moise Adiléhou,1995-11-01T00:00:00.000Z,190.0,right,Benin,defender,,100000.0
1609215,10249,Junior Ndiaye,2005-03-29T00:00:00.000Z,180.0,left,UAE,midfielder,,
1688527,7794,Yahya Bathily,2003-06-08T00:00:00.000Z,,,France,midfielder,,
1358583,8311,Yuliwes Bellache,2002-09-29T00:00:00.000Z,169.0,,Algeria,midfielder,,75000.0
154867,293352,Fabrice N'Sakala,1990-07-21T00:00:00.000Z,178.0,left,DR Congo,defender,,50000.0
1526613,9855,Ange-Loïc N’Gatta,2003-12-11T00:00:00.000Z,181.0,right,France,forward,,100000.0
1791803,9747,Youssef Njoya,2004-04-18T00:00:00.000Z,,,France,forward,,50000.0
1747807,8587,Iliès Abdelkrim,2006-12-05T00:00:00.000Z,,,France,midfielder,,
1700199,7853,Aymeric Faurand-Tournaire,2004-04-14T00:00:00.000Z,181.0,,France,forward,,
1791885,8481,Chafik El Hansar,2005-04-13T00:00:00.000Z,,right,France,midfielder,,50000.0
1401227,9837,Yaya Fofana,2004-06-12T00:00:00.000Z,180.0,right,Mali,midfielder,,1500000.0
1842538,8587,Aly Traoré,2009-02-02T00:00:00.000Z,,,France,forward,,
1900953,10249,Nabil Homssa,2002-04-24T00:00:00.000Z,,,France,midfielder,,100000.0
120090,8481,Geoffrey Lembet,1988-09-23T00:00:00.000Z,186.0,right,Central African Rep.,GK,,50000.0
1791944,4170,Jonathan Kapenga,2004-01-16T00:00:00.000Z,,,France,defender,,0.0
1643784,6390,Vincent Kany,2002-02-06T00:00:00.000Z,191.0,right,France,defender,,50000.0
1712888,47214,Malick Diop,2006-02-05T00:00:00.000Z,,,Senegal,midfielder,,100000.0
1695868,212820,Mohamed Ali Diadie,2004-10-22T00:00:00.000Z,,right,Mauritania,CB,,
1804848,10249,Fayssal El Mahboub,2007-07-22T00:00:00.000Z,,,France,forward,,
1900308,9747,Trésor Matondo,2003-07-24T00:00:00.000Z,169.0,,France,midfielder,,
289000,8481,Martin Sourzac,1992-03-25T00:00:00.000Z,184.0,right,France,keeper,,100000.0
1703371,9853,Djylian N'Guessan,2008-08-30T00:00:00.000Z,,right,France,ST,,4000000.0
1797598,6355,Titouan Nihouarn,2004-07-28T00:00:00.000Z,,,France,forward,,
1744012,8587,Patrick Carraro Injai,2006-06-03T00:00:00.000Z,,,France,midfielder,,
1945735,47214,Marco Decherf,2006-10-23T00:00:00.000Z,,right,France,midfielder,,
1751147,7794,Donovan Basset,2004-01-05T00:00:00.000Z,,,France,defender,,50000.0
1676681,8587,Messy Manitu,2006-01-05T00:00:00.000Z,,left,DR Congo,midfielder,,25000.0
1797489,47214,Lenny Dziki Loussilaho,2005-05-05T00:00:00.000Z,165.0,,Congo,defender,,100000.0
1883172,10249,Robin Thiland-Herard,2008-01-10T00:00:00.000Z,,,France,forward,,
1970632,9747,Ibrahima Diakite,2007-06-03T00:00:00.000Z,,,France,midfielder,,
1862278,8587,Peterson Paul,2006-11-05T00:00:00.000Z,,left,France,forward,,
1669601,6355,Robin Verhaeghe,2004-02-02T00:00:00.000Z,,right,France,defender,,
1791933,10242,Amadou Diakité,2005-05-31T00:00:00.000Z,,,France,forward,,50000.0
1844131,10242,Noah Donkor,2006-11-25T00:00:00.000Z,,,France,defender,,
1331443,7794,Victor Lebas,2004-09-14T00:00:00.000Z,,,Portugal,defender,,
1696415,9853,Strahinja Stojkovic,2007-03-08T00:00:00.000Z,188.0,right,Serbia,RB,,700000.0
1797608,10242,Roman Murcy,2006-02-23T00:00:00.000Z,,,France,midfielder,,50000.0
1328540,9837,Oumar Diakité,2003-12-20T00:00:00.000Z,188.0,right,Ivory Coast,ST,,
1927654,10249,Noah Vidal-Cartoux,2008-03-27T00:00:00.000Z,,,France,midfielder,,
1669435,4120,Morgan Corredor,2004-08-04T00:00:00.000Z,,right,France,defender,,50000.0
1248041,4120,Hermann Tebily,2002-01-24T00:00:00.000Z,182.0,right,France,forward,,100000.0
1729331,293352,Adam Yahi,2004-10-16T00:00:00.000Z,,,France,defender,,
1813963,10249,Isyak Mohamed,2008-02-21T00:00:00.000Z,,,France,RB,,
1970636,9747,Nathan Fondja,2005-10-30T00:00:00.000Z,,,France,defender,,
726442,9837,Joseph Okumu,1997-05-26T00:00:00.000Z,193.0,right,Kenya,defender,,3000000.0
1755842,8587,Ilan Daf,2007-05-24T00:00:00.000Z,,right,France,midfielder,,
1791941,4170,Sohan Paillard,2003-11-02T00:00:00.000Z,,,France,midfielder,,25000.0
1818972,7853,Aristide Mateta,2003-01-03T00:00:00.000Z,,,Congo,forward,,
1797599,293352,Ibrahim Raache,2006-02-24T00:00:00.000Z,,,France,midfielder,,
1740655,8311,Matys Donavin,2006-11-22T00:00:00.000Z,,left,France,defender,,25000.0
1791799,9853,Lassana Traoré,2007-05-06T00:00:00.000Z,,,Senegal,defender,,100000.0
1735031,6390,Mohafidh Ahamada,2004-03-16T00:00:00.000Z,,,Comoros,defender,,
1615834,8682,Titouan Caro,2004-11-30T00:00:00.000Z,,,France,forward,,
1643788,10242,Ibrahim Traoré,2006-03-12T00:00:00.000Z,,right,France,forward,,50000.0
1899708,10242,Fred Onambele,2007-06-26T00:00:00.000Z,,left,France,defender,,
1797616,9855,Charlie Dressel,2005-09-30T00:00:00.000Z,,,England,midfielder,,
554534,10188,Alexander Nübel,1996-09-30T00:00:00.000Z,193.0,right,Germany,GK,,12000000.0
724196,8543,Danilho Doekhi,1998-06-30T00:00:00.000Z,190.0,right,Netherlands,CB,,13000000.0
926445,8406,Finn Dahmen,1998-03-27T00:00:00.000Z,188.0,right,Germany,GK,,12000000.0
764018,9789,Gregor Kobel,1997-12-06T00:00:00.000Z,193.0,right,Switzerland,GK,,40000000.0
760722,8721,Kamil Grabara,1999-01-08T00:00:00.000Z,190.0,right,Poland,GK,,12000000.0
573465,8722,Marvin Schwäbe,1995-04-25T00:00:00.000Z,188.0,right,Germany,GK,,3000000.0
602523,8358,Maximilian Eggestein,1996-12-08T00:00:00.000Z,181.0,right,Germany,DM,CM,10000000.0
466867,8152,Nikola Vasilj,1995-12-02T00:00:00.000Z,194.0,right,Bosnia and Herzegovina,GK,,4500000.0
1281100,8358,Noah Atubolu,2002-05-25T00:00:00.000Z,190.0,right,Germany,GK,,25000000.0
784146,9788,Moritz Nicolas,1997-10-21T00:00:00.000Z,193.0,right,Germany,GK,,8000000.0
178778,8226,Oliver Baumann,1990-06-02T00:00:00.000Z,186.0,right,Germany,GK,,2500000.0
1033111,9905,Kaishu Sano,2000-12-30T00:00:00.000Z,176.0,right,Japan,CM,DM,50000000.0
423624,94937,Patrick Mainka,1994-11-06T00:00:00.000Z,194.0,right,Germany,CB,,2500000.0
1067260,9772,Jakub Kaminski,2002-06-05T00:00:00.000Z,179.0,right,Poland,AM,"RWB,RM,CM,LM,LW,RW,ST",17000000.0
307317,8226,Vladimír Coufal,1992-08-22T00:00:00.000Z,176.0,right,Czechia,RB,"RWB,RM",2500000.0
749488,8697,Romano Schmid,2000-01-27T00:00:00.000Z,167.0,right,Austria,AM,"CM,LM,RW,LW",15000000.0
406501,9790,Daniel Heuer Fernandes,1992-11-13T00:00:00.000Z,188.0,right,Portugal,GK,,1200000.0
517346,9788,Nico Elvedi,1996-09-30T00:00:00.000Z,187.0,right,Switzerland,CB,,8000000.0
1352996,8358,Mio Backhaus,2004-04-16T00:00:00.000Z,194.0,right,Germany,GK,,15000000.0
1188890,9790,Nicolai Remberg,2000-06-19T00:00:00.000Z,185.0,right,Germany,CM,DM,9000000.0
278856,178475,Willi Orbán,1992-11-03T00:00:00.000Z,186.0,right,Hungary,CB,,5000000.0
304348,8149,Rani Khedira,1994-01-27T00:00:00.000Z,188.0,right,Tunisia,DM,CM,2000000.0
628201,9810,Robin Koch,1996-07-17T00:00:00.000Z,187.0,right,Germany,CB,,10000000.0
1478148,8226,Leon Avdullahu,2004-02-23T00:00:00.000Z,185.0,right,Kosovo,CM,DM,30000000.0
664970,9789,Waldemar Anton,1996-07-20T00:00:00.000Z,189.0,right,Germany,CB,,18000000.0
303912,8358,Matthias Ginter,1994-01-19T00:00:00.000Z,189.0,right,Germany,CB,,5000000.0
1185609,8406,Robin Fellhauer,1998-01-21T00:00:00.000Z,182.0,right,Germany,RWB,"DM,LWB,RM",3500000.0
747718,178475,Christoph Baumgartner,1999-08-01T00:00:00.000Z,178.0,right,Austria,CM,"RW,AM",40000000.0
919742,8697,Senne Lynen,1999-02-19T00:00:00.000Z,185.0,right,Belgium,DM,"CB,CM",8000000.0
1042347,9789,Diant Ramaj,2001-09-19T00:00:00.000Z,189.0,both,Germany,GK,,7000000.0
1071186,10269,Angelo Stiller,2001-04-04T00:00:00.000Z,183.0,left,Germany,DM,CM,45000000.0
1024672,178475,Nicolas Seiwald,2001-05-04T00:00:00.000Z,179.0,right,Austria,CM,"CB,DM",25000000.0
240537,9905,Danny da Costa,1993-07-13T00:00:00.000Z,185.0,right,Germany,CB,RM,1200000.0
642551,8178,Aleix García,1997-06-28T00:00:00.000Z,173.0,right,Spain,DM,CM,20000000.0
1199947,8149,Leopold Querfeld,2003-12-20T00:00:00.000Z,190.0,right,Austria,CB,,20000000.0
1092731,8152,Joel Chima Fujita,2002-02-16T00:00:00.000Z,175.0,right,Japan,DM,"RM,CM,AM",10000000.0
1395447,9823,Nathaniel Brown,2003-06-16T00:00:00.000Z,180.0,left,Germany,LB,"RB,LWB,LM,LW",50000000.0
186557,8149,Frederik Rønnow,1992-08-04T00:00:00.000Z,188.0,right,Denmark,GK,,2000000.0
1174726,178475,Rocco Reitz,2002-05-29T00:00:00.000Z,175.0,right,Germany,DM,"RM,CM,RW,AM",20000000.0
959696,9788,Joseph Scally,2002-12-31T00:00:00.000Z,178.0,right,USA,RWB,"RB,CB,RM",7000000.0
458976,8721,Hauke Wahl,1994-04-15T00:00:00.000Z,185.0,right,Germany,CB,,1500000.0
1112702,8152,Arkadiusz Pyrka,2002-09-20T00:00:00.000Z,177.0,right,Poland,RWB,"LWB,RM",3500000.0
806669,178475,David Raum,1998-04-22T00:00:00.000Z,180.0,left,Germany,LB,,25000000.0
1199283,9905,Eric Martel,2002-04-29T00:00:00.000Z,187.0,right,Germany,DM,"CB,CM",8000000.0
789914,8178,Edmond Tapsoba,1999-02-02T00:00:00.000Z,190.0,right,Burkina Faso,CB,,35000000.0
767789,8697,Marco Friedl,1998-03-16T00:00:00.000Z,187.0,left,Austria,CB,LB,10000000.0
288406,9906,Alejandro Grimaldo,1995-09-20T00:00:00.000Z,171.0,left,Spain,LWB,"LB,LM",20000000.0
411851,8178,Robert Andrich,1994-09-22T00:00:00.000Z,185.0,right,Germany,CB,"DM,CM",6000000.0
1002058,9789,Nico Schlotterbeck,1999-12-01T00:00:00.000Z,191.0,left,Germany,CB,,55000000.0
883087,178475,Ridle Baku,1998-04-08T00:00:00.000Z,176.0,right,Germany,RB,,12000000.0
936140,8722,Sebastian Sebulonsen,2000-01-27T00:00:00.000Z,187.0,right,Norway,RB,"CB,RWB,RM",5500000.0
1269497,8358,Yannik Engelhardt,2001-02-07T00:00:00.000Z,184.0,right,Germany,DM,CM,7000000.0
1337884,8721,Konstantinos Koulierakis,2003-11-28T00:00:00.000Z,187.0,left,Greece,CB,,25000000.0
1735453,178475,Yan Diomande,2006-11-14T00:00:00.000Z,180.0,right,Ivory Coast,RW,"RM,LM,LW",90000000.0
566158,9788,Kevin Diks,1996-10-06T00:00:00.000Z,182.0,right,Indonesia,CB,"RB,RM",5000000.0
528811,8697,Jens Stage,1996-11-08T00:00:00.000Z,185.0,right,Denmark,DM,"CM,AM",14000000.0
951918,9788,Philipp Sander,1998-02-21T00:00:00.000Z,185.0,right,Germany,CB,"DM,CM",4000000.0
1413996,10204,Luka Vuskovic,2007-02-24T00:00:00.000Z,193.0,right,Croatia,CB,,60000000.0
860914,9823,Luis Díaz,1997-01-13T00:00:00.000Z,180.0,right,Colombia,LW,,70000000.0
1209228,9789,Daniel Svensson,2002-02-12T00:00:00.000Z,183.0,left,Sweden,LWB,"LB,LM",22000000.0
1186015,8226,Albian Hajdari,2003-05-18T00:00:00.000Z,189.0,left,Kosovo,CB,LB,25000000.0
947884,8226,Wouter Burger,2001-02-16T00:00:00.000Z,190.0,left,Netherlands,DM,"CM,RW",20000000.0
978680,8406,Han-Noah Massengo,2001-07-07T00:00:00.000Z,178.0,right,France,DM,"CM,AM",8000000.0
759817,9790,Miro Muheim,1998-03-24T00:00:00.000Z,182.0,left,Switzerland,LM,"LB,LWB",5000000.0
157723,8721,Christian Eriksen,1992-02-14T00:00:00.000Z,182.0,both,Denmark,CM,"DM,RW,AM",2500000.0
388903,10013,Haris Tabakovic,1994-06-20T00:00:00.000Z,196.0,right,Bosnia and Herzegovina,ST,,3500000.0
194165,9823,Harry Kane,1993-07-28T00:00:00.000Z,188.0,right,England,ST,AM,60000000.0
629805,9810,Ritsu Doan,1998-06-16T00:00:00.000Z,172.0,left,Japan,RW,"RWB,RM,CM,AM",17000000.0
1074968,10269,Jamie Leweling,2001-02-26T00:00:00.000Z,184.0,both,Germany,LW,"RWB,RM,RW,AM",40000000.0
1219540,8226,Fisnik Asllani,2002-08-08T00:00:00.000Z,188.0,both,Kosovo,ST,AM,35000000.0
1121170,9905,Ransford Königsdörffer,2001-09-13T00:00:00.000Z,179.0,right,Ghana,ST,"AM,RW,LW",5000000.0
303905,9905,Dominik Kohr,1994-01-31T00:00:00.000Z,183.0,right,Germany,CB,,2000000.0
448540,9789,Serhou Guirassy,1996-03-12T00:00:00.000Z,187.0,right,Guinea,ST,,32000000.0
642534,94937,Jonas Föhrenbach,1996-01-26T00:00:00.000Z,185.0,left,Germany,LB,"CB,LWB,LM",1000000.0
1624586,10261,Bazoumana Touré,2006-03-02T00:00:00.000Z,178.0,left,Ivory Coast,LW,"LWB,RM,LM,ST",50000000.0
1029063,9823,Michael Olise,2001-12-12T00:00:00.000Z,184.0,left,France,RW,AM,170000000.0
637716,8226,Bernardo,1995-05-14T00:00:00.000Z,186.0,left,Brazil,LB,CB,4000000.0
531327,8152,Eric Smith,1997-01-08T00:00:00.000Z,190.0,right,Sweden,CB,DM,5000000.0
1107620,8178,Jarell Quansah,2003-01-29T00:00:00.000Z,190.0,right,England,CB,RB,45000000.0
867080,10269,Jeff Chabot,1998-02-12T00:00:00.000Z,195.0,left,Germany,CB,,15000000.0
1235086,8540,Kristoffer Lund Hansen,2002-05-14T00:00:00.000Z,184.0,left,USA,LWB,"LB,LM",4000000.0
460632,9823,Joshua Kimmich,1995-02-08T00:00:00.000Z,176.0,right,Germany,DM,RB,35000000.0
674499,94937,Niklas Dorsch,1998-01-15T00:00:00.000Z,175.0,right,Germany,DM,"CM,AM",2500000.0
1002673,94937,Jan Schöppner,1999-06-12T00:00:00.000Z,181.0,right,Germany,DM,"CM,AM",3000000.0
659272,9789,Julian Ryerson,1997-11-17T00:00:00.000Z,183.0,right,Norway,RWB,"RB,CB,LWB,RM",25000000.0
1225995,8226,Robin Hranác,2000-01-29T00:00:00.000Z,190.0,right,Czechia,CB,,10000000.0
661519,10269,Deniz Undav,1996-07-19T00:00:00.000Z,179.0,both,Germany,ST,AM,22000000.0
1047670,8149,Andrej Ilic,2000-04-03T00:00:00.000Z,189.0,right,Serbia,ST,,9000000.0
173461,8226,Andrej Kramaric,1991-06-19T00:00:00.000Z,177.0,right,Croatia,AM,"RM,CM,RW,ST",2500000.0
1025462,9825,Fábio Vieira,2000-05-30T00:00:00.000Z,170.0,left,Portugal,CM,"DM,AM,RW",18000000.0
1314412,178475,Rômulo,2002-02-08T00:00:00.000Z,193.0,right,Brazil,ST,,30000000.0
523749,9905,Jae-Sung Lee,1992-08-10T00:00:00.000Z,180.0,left,South Korea,CM,"DM,LM,AM,ST,LW",2000000.0
614384,10269,Maximilian Mittelstädt,1997-03-18T00:00:00.000Z,180.0,left,Germany,LB,"CB,LWB",18000000.0
966019,9789,Felix Nmecha,2000-10-10T00:00:00.000Z,190.0,right,Germany,DM,CM,55000000.0
1281090,8358,Philipp Treu,2000-12-03T00:00:00.000Z,173.0,right,Germany,RB,"LB,RW",15000000.0
1327150,9823,Arijon Ibrahimovic,2005-12-11T00:00:00.000Z,179.0,right,Germany,AM,"CM,LM,RW,LW",10000000.0
1253852,178475,Castello Lukeba,2002-12-17T00:00:00.000Z,184.0,left,France,CB,,50000000.0
1173250,9810,Arthur Theate,2000-05-25T00:00:00.000Z,186.0,left,Belgium,CB,LB,17000000.0
330643,8178,Mark Flekken,1993-06-13T00:00:00.000Z,189.0,both,Netherlands,GK,,6000000.0
1520063,10252,Johan Manzambi,2005-10-14T00:00:00.000Z,182.0,right,Switzerland,DM,"CM,AM,LW,RW,ST",65000000.0
1643851,8697,Karim Coulibaly,2007-05-23T00:00:00.000Z,,left,Germany,CB,,28000000.0
689065,8406,Alexis Claude-Maurice,1998-06-06T00:00:00.000Z,177.0,right,France,AM,"ST,LW",15000000.0
423812,9905,Phillipp Mwene,1994-01-29T00:00:00.000Z,168.0,right,Austria,LM,"LB,RWB,LWB",1500000.0
614449,9905,Nadiem Amiri,1996-10-27T00:00:00.000Z,180.0,right,Germany,CM,"DM,AM",17000000.0
1175939,9905,Paul Nebel,2002-10-10T00:00:00.000Z,169.0,both,Germany,CM,"RW,AM",18000000.0
675023,9882,Danel Sinani,1997-04-05T00:00:00.000Z,185.0,left,Luxembourg,AM,"RM,RW,ST",3000000.0
1047667,9789,Maximilian Beier,2002-10-17T00:00:00.000Z,183.0,right,Germany,AM,"LWB,LM,ST",40000000.0
556524,8358,Lucas Höler,1994-07-10T00:00:00.000Z,184.0,both,Germany,ST,AM,3000000.0
900523,8406,Keven Schlotterbeck,1997-04-28T00:00:00.000Z,189.0,left,Germany,CB,,6000000.0
1248482,178475,Antonio Nusa,2005-04-17T00:00:00.000Z,180.0,right,Norway,LW,LM,32000000.0
725398,8152,Mathias Pereira Lage,1996-11-30T00:00:00.000Z,180.0,right,Portugal,AM,"LM,ST,LW",2500000.0
1125187,10269,Ramon Hendriks,2001-07-18T00:00:00.000Z,189.0,left,Netherlands,CB,LB,25000000.0
1018564,9790,Nicolás Capaldo,1998-09-14T00:00:00.000Z,178.0,right,Argentina,CB,CM,8000000.0
1024292,8697,Marco Grüll,1998-07-06T00:00:00.000Z,182.0,both,Austria,ST,"RW,AM,LW",4000000.0
469700,9823,Jonathan Tah,1996-02-11T00:00:00.000Z,194.0,right,Germany,CB,,28000000.0
540097,8178,Patrik Schick,1996-01-24T00:00:00.000Z,191.0,left,Czechia,ST,AM,18000000.0
151001,178475,Péter Gulácsi,1990-05-06T00:00:00.000Z,190.0,right,Hungary,GK,,1000000.0
526827,9823,Konrad Laimer,1997-05-27T00:00:00.000Z,180.0,right,Austria,RB,"LB,DM,RW",32000000.0
501543,9788,Franck Honorat,1996-08-11T00:00:00.000Z,180.0,right,France,RW,"RWB,RM,AM,ST",7000000.0
432435,9810,Michael Zetterer,1995-07-12T00:00:00.000Z,187.0,both,Germany,GK,,4000000.0
1403332,8149,Aljoscha Kemlein,2004-08-02T00:00:00.000Z,185.0,right,Germany,DM,CM,12000000.0
700074,9790,Jordan Torunarigha,1997-08-07T00:00:00.000Z,189.0,left,Nigeria,CB,,4000000.0
1124825,8226,Tim Lemperle,2002-02-05T00:00:00.000Z,186.0,right,Germany,ST,RW,17000000.0
1613676,8722,Saïd El Mala,2006-08-26T00:00:00.000Z,183.0,both,Germany,LW,"AM,ST",45000000.0
1137364,8697,Justin Njinmah,2000-11-15T00:00:00.000Z,182.0,right,Germany,ST,"RWB,RM,RW",5000000.0
880095,546238,James Sands,2000-07-06T00:00:00.000Z,186.0,right,USA,DM,"CB,CM",5000000.0
1134206,8721,Mohamed Amoura,2000-05-09T00:00:00.000Z,168.0,right,Algeria,ST,"AM,LW",20000000.0
462863,9911,Karol Mets,1993-05-16T00:00:00.000Z,191.0,left,Estonia,CB,,600000.0
571379,94937,Marnon-Thomas Busch,1994-12-08T00:00:00.000Z,182.0,right,Germany,RB,"CB,RWB",
1515977,8149,Ilyas Ansah,2004-11-08T00:00:00.000Z,194.0,right,Germany,AM,"LW,ST",12000000.0
860260,8149,Derrick Köhn,1999-02-04T00:00:00.000Z,180.0,left,Ghana,LWB,"LB,LM",4000000.0
670009,8406,Dimitrios Giannoulis,1995-10-17T00:00:00.000Z,175.0,left,Greece,LWB,"LB,LM",3000000.0
684983,10269,Atakan Karazor,1996-10-13T00:00:00.000Z,190.0,right,Turkiye,DM,CM,8000000.0
212873,9788,Daniel Batz,1991-01-12T00:00:00.000Z,190.0,right,Germany,GK,,350000.0
166733,8149,Christopher Trimmel,1987-02-24T00:00:00.000Z,189.0,right,Austria,RWB,"RB,RM",600000.0
27299,9823,Manuel Neuer,1986-03-27T00:00:00.000Z,193.0,right,Germany,GK,,4000000.0
950824,9823,Josip Stanisic,2000-04-02T00:00:00.000Z,186.0,both,Croatia,RB,"LB,RWB",40000000.0
298915,8721,Maximilian Arnold,1994-05-27T00:00:00.000Z,183.0,left,Germany,DM,,3000000.0
909907,101919,Cameron Puertas,1998-08-18T00:00:00.000Z,178.0,right,Spain,CM,"DM,RW,AM",7000000.0
1457626,8178,Ibrahim Maza,2005-11-24T00:00:00.000Z,180.0,right,Algeria,AM,"DM,CM,RW,ST",45000000.0
215151,9789,Marcel Sabitzer,1994-03-17T00:00:00.000Z,177.0,right,Austria,DM,"CM,LW",6000000.0
1339269,9810,Hugo Larsson,2004-06-27T00:00:00.000Z,187.0,right,Sweden,DM,CM,28000000.0
275034,9905,Silvan Widmer,1993-03-05T00:00:00.000Z,182.0,right,Switzerland,RM,"RB,RWB,LWB,LM",800000.0
1000428,8722,Ísak Bergmann Jóhannesson,2003-03-23T00:00:00.000Z,180.0,left,Iceland,CM,"DM,AM",8000000.0
658240,10192,Cédric Zesiger,1998-06-24T00:00:00.000Z,191.0,left,Switzerland,CB,,5000000.0
1345875,9810,Farès Chaïbi,2002-11-28T00:00:00.000Z,183.0,right,Algeria,DM,"CM,RW,AM,LW",15000000.0
992060,8722,Tom Krauß,2001-06-22T00:00:00.000Z,182.0,right,Germany,CM,"RB,CB,DM",4500000.0
686315,9905,Phillip Tietz,1997-07-09T00:00:00.000Z,186.0,both,Germany,ST,,4000000.0
658554,9823,Dayot Upamecano,1998-10-27T00:00:00.000Z,185.0,right,France,CB,,75000000.0
1107951,9752,Cenk Özkacar,2000-10-06T00:00:00.000Z,190.0,left,Turkiye,CB,,4000000.0
894802,8721,Moritz Jenz,1999-04-30T00:00:00.000Z,190.0,right,Germany,CB,,5000000.0
1287373,9789,Jobe Bellingham,2005-09-23T00:00:00.000Z,191.0,right,England,DM,"CM,AM",40000000.0
625175,10269,Grischa Prömel,1995-01-09T00:00:00.000Z,182.0,right,Germany,CM,DM,3500000.0
1047671,8721,Vini Souza,1999-06-17T00:00:00.000Z,187.0,right,Brazil,DM,CM,7000000.0
845990,8226,Ozan Kabak,2000-03-25T00:00:00.000Z,185.0,right,Turkiye,CB,,15000000.0
1310103,8406,Anton Kade,2004-01-17T00:00:00.000Z,179.0,right,Germany,AM,"RWB,RM,RW,ST",10000000.0
1641063,8406,Noahkai Banks,2006-12-01T00:00:00.000Z,193.0,right,USA,CB,,20000000.0
772193,8722,Ragnar Ache,1998-07-28T00:00:00.000Z,182.0,right,Germany,ST,,9000000.0
901495,9790,Albert Sambi Lokonga,1999-10-22T00:00:00.000Z,183.0,right,Belgium,CM,DM,12000000.0
400625,8358,Vincenzo Grifo,1993-04-07T00:00:00.000Z,180.0,right,Italy,LW,LM,4000000.0
864157,8358,Jan-Niklas Beste,1999-01-04T00:00:00.000Z,174.0,left,Germany,RW,,
892679,10269,Chris Führich,1998-01-09T00:00:00.000Z,178.0,right,Germany,LW,"LWB,AM",12000000.0
1126058,8178,Malik Tillman,2002-05-28T00:00:00.000Z,187.0,right,USA,AM,"DM,LW",30000000.0
1257648,8669,Aurèle Amenda,2003-07-31T00:00:00.000Z,194.0,right,Switzerland,CB,RB,10000000.0
609504,8149,Oliver Burke,1997-04-07T00:00:00.000Z,188.0,right,Scotland,ST,"RW,AM",3000000.0
956913,94937,Marvin Pieringer,1999-10-04T00:00:00.000Z,191.0,right,Germany,ST,,3000000.0
643448,8406,Kristijan Jakic,1997-05-14T00:00:00.000Z,181.0,right,Croatia,DM,"RB,CB",6000000.0
304354,8149,Janik Haberer,1994-04-02T00:00:00.000Z,187.0,both,Germany,RWB,"DM,RM,CM",2000000.0
1134467,8358,Yuito Suzuki,2001-10-25T00:00:00.000Z,175.0,right,Japan,AM,,24000000.0
1119461,8178,Loic Badé,2000-04-11T00:00:00.000Z,191.0,right,France,CB,,20000000.0
1073498,8226,Patrick Wimmer,2001-05-30T00:00:00.000Z,182.0,right,Austria,LW,"CM,RW,AM",12000000.0
369742,8152,Jackson Irvine,1993-03-07T00:00:00.000Z,180.0,right,Australia,DM,CM,1000000.0
1463266,8152,Louis Oppie,2002-05-17T00:00:00.000Z,184.0,left,Germany,LWB,LM,2500000.0
1202595,9790,Warmed Omari,2000-04-23T00:00:00.000Z,185.0,right,Comoros,CB,,4000000.0
307209,8358,Lukas Kübler,1992-08-30T00:00:00.000Z,183.0,right,Germany,RB,,1500000.0
1185902,9788,Jens Castrop,2003-07-29T00:00:00.000Z,177.0,right,South Korea,LWB,"RWB,RM,CM,LM,AM,LW",10000000.0
626890,8722,Marius Bülter,1993-03-29T00:00:00.000Z,188.0,right,Germany,ST,"AM,LW,RW",1800000.0
928454,10269,Josha Vagnoman,2000-12-11T00:00:00.000Z,190.0,left,Germany,RB,"CB,LWB",10000000.0
1210893,8358,Igor Matanovic,2003-03-31T00:00:00.000Z,194.0,right,Croatia,ST,,22000000.0
828159,9823,Min-Jae Kim,1996-11-15T00:00:00.000Z,188.0,right,South Korea,CB,,20000000.0
355358,8358,Christian Günter,1993-02-28T00:00:00.000Z,185.0,left,Germany,LB,,2000000.0
1119643,8722,Jan Thielmann,2002-05-26T00:00:00.000Z,178.0,right,Germany,RM,"RWB,RW,AM,ST",5000000.0
1329406,8178,Jeanuël Belocian,2005-02-17T00:00:00.000Z,186.0,left,France,CB,"LB,LWB",12000000.0
722207,8113,Rasmus Kristensen,1997-07-11T00:00:00.000Z,176.0,right,Denmark,RB,"CB,RWB,RM",10000000.0
1487877,10269,Finn Jeltsch,2006-07-17T00:00:00.000Z,188.0,right,Germany,CB,RB,35000000.0
559065,9789,Ramy Bensebaini,1995-04-16T00:00:00.000Z,186.0,left,Algeria,CB,LWB,7000000.0
765998,8697,Amos Pieper,1998-01-17T00:00:00.000Z,192.0,right,Germany,CB,,4000000.0
1080917,9817,Omar Traoré,1998-02-04T00:00:00.000Z,187.0,right,Germany,RB,"RWB,RM",2000000.0
840241,10269,Ermedin Demirovic,1998-03-25T00:00:00.000Z,184.0,right,Bosnia and Herzegovina,ST,,22000000.0
1176780,9810,Nnamdi Collins,2004-01-10T00:00:00.000Z,191.0,right,Germany,CB,"RB,LB",20000000.0
1178512,8406,Chrislain Matsima,2002-05-15T00:00:00.000Z,190.0,right,France,CB,,22000000.0
1251666,8178,Ernest Poku,2004-01-28T00:00:00.000Z,172.0,right,Netherlands,AM,"RWB,LWB,RW,LW",25000000.0
1453218,8406,Mert Kömür,2005-07-17T00:00:00.000Z,183.0,both,Turkiye,AM,"DM,ST",12000000.0
1473580,9823,Aleksandar Pavlovic,2004-05-03T00:00:00.000Z,188.0,both,Germany,DM,CM,90000000.0
1279034,8721,Aaron Zehnter,2004-10-31T00:00:00.000Z,180.0,right,Germany,LB,LWB,5000000.0
1366602,8721,Dzenan Pejcinovic,2005-02-15T00:00:00.000Z,188.0,left,Germany,ST,,15000000.0
574642,9810,Ellyes Skhiri,1995-05-10T00:00:00.000Z,185.0,right,Tunisia,DM,"CB,CM",5000000.0
667788,94937,Benedikt Gimber,1997-02-19T00:00:00.000Z,185.0,left,Germany,CB,,1500000.0
557325,10171,Stefan Posch,1997-05-14T00:00:00.000Z,190.0,right,Austria,CB,RB,6000000.0
836726,8149,András Schäfer,1999-04-13T00:00:00.000Z,179.0,both,Hungary,DM,"CM,AM",4500000.0
1193815,94937,Julian Niehues,2001-04-17T00:00:00.000Z,195.0,right,Germany,DM,CM,1500000.0
1146376,8358,Eren Dinkçi,2001-12-13T00:00:00.000Z,188.0,right,Turkiye,RW,"RM,AM",6000000.0
762721,8721,Lovro Majer,1998-01-17T00:00:00.000Z,179.0,left,Croatia,AM,LW,8000000.0
1242757,9790,William Mikelbrencis,2004-02-25T00:00:00.000Z,179.0,right,France,RM,RWB,3000000.0
812839,8152,Martijn Kaars,1999-03-05T00:00:00.000Z,183.0,right,Netherlands,ST,,3000000.0
1353000,10013,Adam Daghim,2005-09-28T00:00:00.000Z,186.0,left,Denmark,RW,ST,7500000.0
947901,9810,Jonathan Burkardt,2000-07-11T00:00:00.000Z,181.0,right,Germany,ST,,30000000.0
1393672,9810,Jean-Mattéo Bahoya,2005-05-07T00:00:00.000Z,179.0,right,France,LW,AM,25000000.0
276739,9788,Kevin Stöger,1993-08-27T00:00:00.000Z,175.0,left,Austria,AM,"DM,CM",1800000.0
1175708,9810,Ansgar Knauff,2002-01-10T00:00:00.000Z,180.0,right,Germany,RW,"LM,AM,LW,ST",15000000.0
1678681,8406,Hennes Behrens,2005-01-19T00:00:00.000Z,175.0,left,Germany,LB,LWB,5000000.0
1586552,10269,Chema Andres,2005-04-25T00:00:00.000Z,190.0,right,Spain,DM,CM,20000000.0
1398483,9788,Lukas Ullrich,2004-03-16T00:00:00.000Z,177.0,left,Germany,LB,"LWB,LM",6000000.0
643724,8358,Philipp Lienhart,1996-07-11T00:00:00.000Z,185.0,right,Austria,CB,,10000000.0
361712,8152,Adam Dzwigala,1995-09-25T00:00:00.000Z,185.0,right,Poland,CB,,800000.0
1027194,8226,Alexander Prass,2001-05-26T00:00:00.000Z,180.0,left,Austria,LM,"RW,LW",9000000.0
1286183,9823,Tom Bischof,2005-06-28T00:00:00.000Z,176.0,left,Germany,LB,"RB,DM,CM",40000000.0
1302666,8358,Derry Scherhant,2002-11-10T00:00:00.000Z,184.0,right,Germany,LW,RW,7500000.0
1079892,9790,Rayan Philippe,2000-10-23T00:00:00.000Z,176.0,left,France,RW,ST,4000000.0
1737700,9823,Lennart Karl,2008-02-22T00:00:00.000Z,168.0,left,Germany,RW,AM,60000000.0
869298,8458,Nikolas Nartey,2000-02-22T00:00:00.000Z,185.0,right,Denmark,AM,"RB,DM",10000000.0
1315546,8152,Tomoya Ando,1999-01-10T00:00:00.000Z,190.0,right,Japan,CB,,3000000.0
969856,8697,Olivier Deman,2000-04-06T00:00:00.000Z,181.0,left,Belgium,LB,"LWB,LM",3500000.0
1383070,9790,Daniel Elfadli,1997-04-06T00:00:00.000Z,188.0,right,Germany,CB,,3000000.0
759097,8721,Joakim Mæhle,1997-05-20T00:00:00.000Z,186.0,right,Denmark,LB,"RWB,LWB,LM",7000000.0
385437,9823,Serge Gnabry,1995-07-14T00:00:00.000Z,175.0,right,Germany,AM,"RW,LW",18000000.0
557805,94937,Mathias Honsak,1996-12-20T00:00:00.000Z,188.0,left,Austria,LW,"LM,AM,ST",1700000.0
959594,9789,Karim Adeyemi,2002-01-18T00:00:00.000Z,176.0,left,Germany,AM,"RW,ST",40000000.0
1705081,8178,Christian Kofane,2006-07-26T00:00:00.000Z,189.0,right,Cameroon,ST,AM,40000000.0
949673,8149,Woo-Yeong Jeong,1999-09-20T00:00:00.000Z,179.0,right,South Korea,AM,ST,3500000.0
1075815,8358,Patrick Osterhage,2000-02-01T00:00:00.000Z,184.0,left,Germany,DM,,12000000.0
442602,8721,Denis Vavro,1996-04-10T00:00:00.000Z,190.0,right,Slovakia,CB,,5000000.0
1577843,8358,Bruno Ogbus,2005-12-17T00:00:00.000Z,,right,Switzerland,CB,,15000000.0
1281108,8358,Jordy Makengo,2001-08-03T00:00:00.000Z,191.0,left,France,LB,,6000000.0
1402900,8697,Samuel Mbangula,2004-01-16T00:00:00.000Z,171.0,right,Belgium,LW,"LM,AM",8000000.0
674242,94937,Budu Zivzivadze,1994-03-10T00:00:00.000Z,189.0,both,Georgia,ST,,1200000.0
1367924,9810,Can Uzun,2005-11-11T00:00:00.000Z,186.0,right,Turkiye,AM,"CM,LW",45000000.0
613260,9790,Jean-Luc Dompé,1995-08-12T00:00:00.000Z,170.0,right,France,LW,,2500000.0
1353457,8178,Arthur,2003-03-17T00:00:00.000Z,174.0,right,Brazil,RWB,,8000000.0
1199391,8722,Rav van den Berg,2004-07-07T00:00:00.000Z,190.0,left,Netherlands,CB,,7000000.0
1285872,9823,Jonas Urbig,2003-08-08T00:00:00.000Z,189.0,both,Germany,GK,,18000000.0
530197,8152,Manolis Saliakas,1996-09-12T00:00:00.000Z,175.0,right,Greece,RWB,RM,2000000.0
839038,8721,Elvis Rexhbeçaj,1997-11-01T00:00:00.000Z,182.0,left,Kosovo,CM,"DM,AM",3500000.0
693599,8178,Exequiel Palacios,1998-10-05T00:00:00.000Z,177.0,right,Argentina,DM,CM,25000000.0
1192406,10269,Lorenz Assignon,2000-06-22T00:00:00.000Z,179.0,right,France,RB,RWB,9000000.0
1418816,9810,Kauã,2003-04-11T00:00:00.000Z,196.0,right,Brazil,GK,,7000000.0
1336529,9810,Oscar Højlund,2005-01-04T00:00:00.000Z,187.0,right,Denmark,DM,"CB,CM",15000000.0
1173779,94937,Tim Siersleben,2000-03-09T00:00:00.000Z,187.0,left,Germany,CB,,1800000.0
1003254,8722,Joël Schmied,1998-09-23T00:00:00.000Z,188.0,right,Switzerland,CB,,3000000.0
1243571,8191,Andréas Hountondji,2002-07-11T00:00:00.000Z,190.0,right,Benin,ST,LW,3000000.0
450976,8721,Yannick Gerhardt,1994-03-13T00:00:00.000Z,184.0,left,Germany,DM,,1800000.0
915111,9788,Shuto Machino,1999-09-30T00:00:00.000Z,184.0,right,Japan,ST,AM,4000000.0
1355636,8226,Arthur Chaves,2001-01-29T00:00:00.000Z,188.0,right,Brazil,CB,,5000000.0
1800401,9905,Kacper Potulski,2007-10-19T00:00:00.000Z,,right,Poland,CB,,18000000.0
972200,178475,Maarten Vandevoordt,2002-02-26T00:00:00.000Z,189.0,right,Belgium,GK,,15000000.0
930035,8722,Linton Maina,1999-06-23T00:00:00.000Z,173.0,right,Germany,RW,"RM,LM",3000000.0
193901,9905,Stefan Bell,1991-08-24T00:00:00.000Z,194.0,right,Germany,CB,,600000.0
1282582,8149,Tom Rothe,2004-10-29T00:00:00.000Z,188.0,left,Germany,CB,"LB,LWB,LM",10000000.0
1164506,10269,Tiago Tomás,2002-06-16T00:00:00.000Z,180.0,right,Portugal,RW,"AM,ST",15000000.0
556029,8406,Marius Wolf,1995-05-27T00:00:00.000Z,187.0,right,Germany,RWB,LWB,2500000.0
331542,8178,Jonas Hofmann,1992-07-14T00:00:00.000Z,176.0,right,Germany,AM,RWB,1500000.0
1197347,8455,Nicolas Jackson,2001-06-20T00:00:00.000Z,187.0,right,Senegal,ST,,40000000.0
1109171,9789,Yan Couto,2002-06-03T00:00:00.000Z,168.0,right,Brazil,RWB,RM,17000000.0
1199959,8178,Equi Fernández,2002-07-25T00:00:00.000Z,179.0,left,Argentina,DM,CM,20000000.0
825806,8152,Lars Ritzka,1998-05-07T00:00:00.000Z,185.0,left,Germany,LWB,"CB,LM",1000000.0
495222,9905,Sheraldo Becker,1995-02-09T00:00:00.000Z,180.0,right,Suriname,ST,RW,1500000.0
1486541,178475,Assan Ouédraogo,2006-05-09T00:00:00.000Z,192.0,right,Germany,CM,,28000000.0
764507,9788,Florian Neuhaus,1997-03-16T00:00:00.000Z,183.0,right,Germany,AM,CM,2500000.0
1179835,9728,Giorgi Gocholeishvili,2001-02-14T00:00:00.000Z,178.0,right,Georgia,RM,"RB,LB",2000000.0
1482294,178475,Conrad Harder,2005-04-07T00:00:00.000Z,,left,Denmark,ST,,17000000.0
278814,8178,Janis Blaswich,1991-05-02T00:00:00.000Z,193.0,right,Germany,GK,,700000.0
198316,8406,Michael Gregoritsch,1994-04-18T00:00:00.000Z,190.0,left,Austria,ST,AM,1500000.0
763998,9790,Bakery Jatta,1998-06-06T00:00:00.000Z,184.0,right,Gambia,RM,RWB,1000000.0
851626,9823,Hiroki Ito,1999-05-12T00:00:00.000Z,186.0,left,Japan,CB,LB,18000000.0
1089685,9789,Carney Chukwuemeka,2003-10-20T00:00:00.000Z,188.0,right,Austria,AM,,20000000.0
1185568,9905,Benedict Hollerbach,2001-05-17T00:00:00.000Z,181.0,right,Germany,ST,AM,8000000.0
1270002,10269,Luca Jaquez,2003-06-02T00:00:00.000Z,187.0,right,Switzerland,CB,,10000000.0
556505,9905,Robin Zentner,1994-10-28T00:00:00.000Z,193.0,both,Germany,GK,,2500000.0
1463271,8722,Jahmai Simpson-Pusey,2005-11-04T00:00:00.000Z,187.0,right,England,CB,,9000000.0
177714,9810,Mario Götze,1992-06-03T00:00:00.000Z,176.0,right,Germany,AM,"DM,ST",3000000.0
794393,94937,Adrian Beck,1997-06-09T00:00:00.000Z,186.0,right,Germany,AM,DM,1500000.0
1050158,9789,Fábio Silva,2002-07-19T00:00:00.000Z,185.0,right,Portugal,ST,AM,22000000.0
907495,8149,Stanley N'Soki,1999-04-09T00:00:00.000Z,178.0,left,France,CB,,2000000.0
630286,9905,Andreas Hanche-Olsen,1997-01-17T00:00:00.000Z,185.0,right,Norway,CB,,3500000.0
245315,8406,Jeffrey Gouweleeuw,1991-07-10T00:00:00.000Z,187.0,right,Netherlands,CB,,1000000.0
877700,8178,Nathan Tella,1999-07-05T00:00:00.000Z,173.0,right,Nigeria,AM,RWB,15000000.0
1187389,8721,Kilian Fischer,2000-10-12T00:00:00.000Z,182.0,right,Germany,RB,,4000000.0
647900,8721,Mattias Svanberg,1999-01-05T00:00:00.000Z,178.0,right,Sweden,DM,"CM,AM,LW",8000000.0
1203194,178475,Johan Bakayoko,2003-04-20T00:00:00.000Z,179.0,left,Belgium,RW,,20000000.0
937368,8697,Felix Agu,1999-09-27T00:00:00.000Z,180.0,right,Nigeria,LB,,4500000.0
1793199,592671,Montrell Culbreath,2007-08-29T00:00:00.000Z,172.0,right,Germany,RWB,RW,15000000.0
1235068,10264,Denis Huseinbasic,2001-07-03T00:00:00.000Z,184.0,right,Bosnia and Herzegovina,CM,DM,2000000.0
425962,8697,Niklas Stark,1995-04-14T00:00:00.000Z,188.0,right,Germany,CB,,2500000.0
1107423,10192,Isaac Schmidt,1999-12-07T00:00:00.000Z,172.0,right,Switzerland,LM,LWB,2200000.0
1156141,9823,Jamal Musiala,2003-02-26T00:00:00.000Z,180.0,right,Germany,AM,LW,100000000.0
1222166,94937,Luca Kerber,2002-03-10T00:00:00.000Z,180.0,right,Germany,DM,CM,2000000.0
1276331,9788,Fabio Chiarodia,2005-06-05T00:00:00.000Z,186.0,left,Italy,CB,,3000000.0
682385,8722,Timo Hübers,1996-07-20T00:00:00.000Z,190.0,right,Germany,CB,,1500000.0
537853,8152,Mathias Rasmussen,1997-11-25T00:00:00.000Z,170.0,left,Norway,DM,AM,2000000.0
770136,8178,Martin Terrier,1997-03-04T00:00:00.000Z,184.0,right,France,AM,,8000000.0
1173788,178475,El Chadaille Bitshiabu,2005-05-16T00:00:00.000Z,196.0,left,France,CB,,18000000.0
748620,8722,Alessio Castro-Montes,1997-05-17T00:00:00.000Z,178.0,right,Belgium,LWB,"RB,LM",2500000.0
540073,8722,Gian-Luca Waldschmidt,1996-05-19T00:00:00.000Z,181.0,left,Germany,RW,"AM,ST",
1336754,10013,Nikolas Veratschnig,2003-01-24T00:00:00.000Z,174.0,right,Austria,LM,"RWB,LWB",2500000.0
1520506,8149,Livan Burcu,2004-09-28T00:00:00.000Z,178.0,right,Germany,LW,AM,4000000.0
1343749,8406,Rodrigo Ribeiro,2005-04-28T00:00:00.000Z,185.0,right,Portugal,ST,"AM,LW",4000000.0
1319717,8697,Keke Topp,2004-03-25T00:00:00.000Z,192.0,right,Germany,ST,,3000000.0
673432,94937,Sirlord Conteh,1996-07-09T00:00:00.000Z,178.0,right,Sierra Leone,AM,,1200000.0
307021,9789,Emre Can,1994-01-12T00:00:00.000Z,184.0,right,Germany,CB,,3000000.0
260470,8398,Leonardo Bittencourt,1993-12-19T00:00:00.000Z,171.0,right,Germany,DM,,900000.0
490489,8721,Robert Glatzel,1994-01-08T00:00:00.000Z,193.0,both,Germany,ST,,1500000.0
658440,8149,Tim Skarke,1996-09-07T00:00:00.000Z,179.0,right,Germany,AM,RW,1500000.0
1310001,178475,Ezechiel Banzuzi,2005-02-16T00:00:00.000Z,191.0,right,Netherlands,DM,CM,16000000.0
1680173,9810,Ayoube Amaimouni-Echghouyab,2004-11-30T00:00:00.000Z,179.0,left,Morocco,RW,"RWB,RM,ST",10000000.0
1793874,9788,Wael Mohya,2008-12-31T00:00:00.000Z,176.0,right,Germany,AM,,17000000.0
885870,8152,Connor Metcalfe,1999-11-05T00:00:00.000Z,178.0,left,Australia,AM,"DM,RM,LM",1500000.0
1351569,9788,Hugo Bolin,2003-07-24T00:00:00.000Z,179.0,,Sweden,LM,"RM,CM,AM,ST,LW",6000000.0
1191741,9823,Armindo Sieb,2003-02-17T00:00:00.000Z,180.0,both,Germany,ST,,2500000.0
1367614,10014,Nelson Weiper,2005-03-17T00:00:00.000Z,192.0,right,Germany,ST,,7000000.0
945935,94937,Mikkel Kaufmann,2001-01-03T00:00:00.000Z,190.0,right,Denmark,ST,,1500000.0
751202,9823,Alphonso Davies,2000-11-02T00:00:00.000Z,183.0,left,Canada,LB,,40000000.0
771401,9905,Anthony Caci,1997-07-01T00:00:00.000Z,184.0,right,France,RWB,RM,7000000.0
1845173,394130,Luca Reggiani,2008-01-09T00:00:00.000Z,194.0,,Italy,CB,,10000000.0
343766,8358,Anthony Jung,1991-11-03T00:00:00.000Z,184.0,left,Germany,CB,,600000.0
1071179,9788,Giovanni Reyna,2002-11-13T00:00:00.000Z,183.0,right,USA,AM,CM,4000000.0
1529161,178475,Max Finkgräfe,2004-03-27T00:00:00.000Z,183.0,left,Germany,LB,,5000000.0
1201408,8697,Julián Malatini,2001-05-31T00:00:00.000Z,191.0,right,Argentina,CB,,2000000.0
1133381,9790,Albert Grønbæk,2001-05-23T00:00:00.000Z,185.0,both,Denmark,LW,"DM,LM",5000000.0
1281107,8358,Max Rosenfelder,2003-02-10T00:00:00.000Z,186.0,right,Germany,CB,,6000000.0
1285773,915807,Elias Saad,1999-12-27T00:00:00.000Z,185.0,right,Tunisia,LW,"AM,ST",2000000.0
447084,2069304,Niklas Süle,1995-09-03T00:00:00.000Z,195.0,right,Germany,CB,,0.0
1366937,10269,Jovan Milosevic,2005-07-31T00:00:00.000Z,192.0,right,Serbia,ST,,7000000.0
889785,10264,Jonas Wind,1999-02-07T00:00:00.000Z,186.0,right,Denmark,ST,,4000000.0
359193,8178,Lucas Vázquez,1991-07-01T00:00:00.000Z,173.0,right,Spain,RWB,,1500000.0
921197,9905,Lennard Maloney,1999-10-08T00:00:00.000Z,187.0,right,USA,CB,CM,2500000.0
882163,10189,Chukwubuike Adamu,2001-06-06T00:00:00.000Z,183.0,right,Austria,ST,,
1034808,9823,Sacha Boey,2000-09-13T00:00:00.000Z,178.0,right,France,RB,,
1067553,9931,Philip Otele,1999-04-15T00:00:00.000Z,178.0,right,Nigeria,LW,"LM,RW,AM",4000000.0
836797,8391,Alex Král,1998-05-19T00:00:00.000Z,185.0,right,Czechia,midfielder,,2500000.0
1666019,9790,Fabio Baldé,2005-07-20T00:00:00.000Z,182.0,right,Portugal,LW,,5000000.0
1000011,94937,Christian Conteh,1999-08-27T00:00:00.000Z,182.0,right,Germany,AM,"ST,LW",1500000.0
1486537,8226,Max Moerstedt,2006-01-15T00:00:00.000Z,194.0,right,Germany,ST,,7000000.0
958232,10192,Samuel Essende,1998-01-23T00:00:00.000Z,192.0,right,DR Congo,ST,,
303800,8194,Dominique Heintz,1993-08-15T00:00:00.000Z,190.0,left,Germany,CB,,600000.0
1279764,10269,Ameen Al Dakhil,2002-03-06T00:00:00.000Z,187.0,right,Belgium,CB,,3000000.0
1761151,394130,Samuele Inácio,2008-04-02T00:00:00.000Z,180.0,right,Italy,AM,CM,
861932,8721,Andreas Skov Olsen,1999-12-29T00:00:00.000Z,180.0,left,Denmark,RW,,
1089870,8152,Ricky-Jade Jones,2002-11-08T00:00:00.000Z,183.0,right,England,ST,,1200000.0
958335,9875,Jesper Lindstrøm,2000-02-29T00:00:00.000Z,181.0,right,Denmark,AM,,4000000.0
1308600,9788,Kota Takai,2004-09-04T00:00:00.000Z,192.0,right,Japan,CB,,5000000.0
1482733,178475,Tidiam Gomis,2006-08-08T00:00:00.000Z,183.0,right,France,LW,,5000000.0
1526221,8358,Cyriaque Irié,2005-06-20T00:00:00.000Z,184.0,left,Burkina Faso,LM,RW,8000000.0
959404,9905,Silas Katompa Mvumpa,1998-10-06T00:00:00.000Z,189.0,right,DR Congo,ST,,2000000.0
451628,8149,Carl Klaus,1994-01-16T00:00:00.000Z,189.0,right,Germany,GK,,350000.0
1035208,8178,Victor Okoh Boniface,2000-12-23T00:00:00.000Z,191.0,right,Nigeria,ST,,5000000.0
622373,8149,Josip Juranovic,1995-08-16T00:00:00.000Z,173.0,right,Croatia,LWB,,2000000.0
266527,9790,Yussuf Poulsen,1994-06-15T00:00:00.000Z,193.0,right,Denmark,ST,,1000000.0
1644278,9790,Alexander Røssing,2007-01-20T00:00:00.000Z,173.0,right,Norway,LW,,
1646943,8697,Patrice Covic,2007-06-25T00:00:00.000Z,,right,Croatia,CM,,4000000.0
884919,9788,Robin Hack,1998-08-27T00:00:00.000Z,176.0,right,Germany,LW,,7000000.0
1659893,8152,Abdoulie Ceesay,2004-01-05T00:00:00.000Z,,right,Gambia,forward,,1000000.0
1134759,9905,Sota Kawasaki,2001-07-30T00:00:00.000Z,171.0,right,Japan,CM,,2000000.0
681383,178475,Benjamin Henrichs,1997-02-23T00:00:00.000Z,182.0,right,Germany,RB,,7000000.0
1286656,8194,Lasse Rieß,2001-07-27T00:00:00.000Z,191.0,right,Germany,GK,,500000.0
212865,6594,Nicolas Höfler,1990-03-09T00:00:00.000Z,181.0,right,Germany,DM,,500000.0
1611223,8721,Kento Shiogai,2005-03-26T00:00:00.000Z,180.0,right,Japan,ST,,8000000.0
1576487,9790,Otto Stange,2007-02-09T00:00:00.000Z,187.0,right,Germany,ST,,4000000.0
1330848,94937,Frank Feller,2004-01-07T00:00:00.000Z,183.0,right,Germany,GK,,800000.0
1393387,8226,Muhammed Mehmet Damar,2004-04-09T00:00:00.000Z,185.0,both,Germany,midfielder,,5000000.0
1513910,10252,Kosta Nedeljkovic,2005-12-16T00:00:00.000Z,184.0,right,Serbia,RB,,6000000.0
1759640,8721,Jan Bürger,2007-03-10T00:00:00.000Z,,right,Germany,defender,,
844431,8406,Yannik Keitel,2000-02-15T00:00:00.000Z,180.0,both,Germany,midfielder,,2000000.0
447959,8149,Robert Skov,1996-05-20T00:00:00.000Z,183.0,left,Denmark,LM,,2000000.0
1695701,8178,Axel Tape,2007-08-10T00:00:00.000Z,180.0,right,France,CB,RWB,8000000.0
852347,10269,Dan-Axel Zagadou,1999-06-03T00:00:00.000Z,196.0,left,France,CB,,2000000.0
657217,8406,Mads Valentin Pedersen,1996-09-01T00:00:00.000Z,173.0,left,Denmark,midfielder,,800000.0
1135609,9905,William Bøving,2003-03-01T00:00:00.000Z,180.0,right,Denmark,ST,LW,3500000.0
1019947,10269,Leonidas Stergiou,2002-03-03T00:00:00.000Z,180.0,right,Switzerland,RB,,2500000.0
1646629,8697,Salim Musah,2006-02-22T00:00:00.000Z,198.0,right,Germany,ST,,2000000.0
1888413,8722,Youssoupha Niang,2006-03-25T00:00:00.000Z,185.0,,Germany,RW,,2000000.0
980288,8480,Thomas Leon Keller,1999-08-05T00:00:00.000Z,187.0,right,Germany,CB,,1200000.0
982692,8697,Karl Hein,2002-04-13T00:00:00.000Z,194.0,right,Estonia,GK,,3000000.0
1136099,9908,Kevin Paredes,2003-05-07T00:00:00.000Z,168.0,left,USA,midfielder,,2000000.0
530858,8149,Marvin Friedrich,1995-12-13T00:00:00.000Z,190.0,right,Germany,defender,,1800000.0
409818,8150,Jonas Meffert,1994-09-04T00:00:00.000Z,186.0,right,Germany,CM,DM,700000.0
1798782,1882872,Bara Ndiaye,2007-12-31T00:00:00.000Z,180.0,right,Senegal,DM,,4000000.0
767716,10277,Aurélio Buta,1997-02-10T00:00:00.000Z,172.0,right,Portugal,RB,RM,
1432344,8721,Jonas Adjetey,2003-12-13T00:00:00.000Z,188.0,right,Ghana,CB,,6000000.0
248689,9810,Michy Batshuayi,1993-10-02T00:00:00.000Z,184.0,right,Belgium,ST,,2000000.0
1623826,8661,Aboubaka Soumahoro,2005-02-04T00:00:00.000Z,187.0,right,France,defender,,
1486264,8456,Claudio Echeverri,2006-01-02T00:00:00.000Z,170.0,right,Argentina,ST,AM,
1663094,9789,Filippo Mané,2005-03-08T00:00:00.000Z,188.0,right,Italy,CB,,2500000.0
1447050,9810,Younes Ebnoutalib,2003-09-13T00:00:00.000Z,191.0,right,Germany,ST,,8000000.0
1366006,8150,Umut Tohumcu,2004-08-11T00:00:00.000Z,175.0,both,Germany,CM,"DM,AM",3500000.0
652295,9790,Emir Sahiti,1998-11-29T00:00:00.000Z,174.0,right,Kosovo,RW,RM,
1280025,9867,Grant-Leon Ranos,2003-07-20T00:00:00.000Z,180.0,right,Armenia,ST,RW,600000.0
1617224,9869,Alejo Sarco,2006-01-06T00:00:00.000Z,179.0,left,Argentina,ST,,2000000.0
1690072,8264,Felipe Chávez,2007-04-10T00:00:00.000Z,177.0,both,Peru,midfielder,,4000000.0
1829390,664924,Fynn Schenten,2007-09-14T00:00:00.000Z,,,Germany,ST,,
1156148,8149,Matheo Raab,1998-12-18T00:00:00.000Z,186.0,right,Germany,keeper,,600000.0
526657,178475,Lukas Klostermann,1996-06-03T00:00:00.000Z,188.0,right,Germany,defender,,3500000.0
1288195,8232,Cole Campbell,2006-02-20T00:00:00.000Z,170.0,left,USA,RW,,5000000.0
1145714,9790,Sander Tangvik,2002-11-29T00:00:00.000Z,193.0,right,Norway,GK,,3000000.0
94841,9823,Sven Ulreich,1988-08-03T00:00:00.000Z,192.0,right,Germany,keeper,,500000.0
1482209,178475,Andrija Maksimovic,2007-06-05T00:00:00.000Z,182.0,left,Serbia,midfielder,,9000000.0
1185629,9905,Fabio Moreno Fell,2000-06-04T00:00:00.000Z,,right,Germany,forward,,
1799711,94937,Adam Kölle,2006-04-28T00:00:00.000Z,195.0,right,Germany,defender,,1000000.0
1573172,8722,Cenny Neumann,2007-01-12T00:00:00.000Z,178.0,,Germany,defender,,
1421821,9810,Elias Baum,2005-10-26T00:00:00.000Z,180.0,right,Germany,defender,,4000000.0
1244924,10264,Ismaël Gharbi,2004-04-10T00:00:00.000Z,173.0,right,Tunisia,AM,"CM,LW",5000000.0
738064,10188,Salih Özcan,1998-01-11T00:00:00.000Z,180.0,right,Turkiye,DM,,3500000.0
1843927,8721,Pharrell Hensel,2007-06-08T00:00:00.000Z,,,Germany,midfielder,,
1717491,9810,Love Arrhov,2008-05-17T00:00:00.000Z,,,Sweden,ST,"AM,LW",5000000.0
1083717,9810,Jessic Ngankam,2000-07-20T00:00:00.000Z,182.0,right,Germany,CB,,
1077653,94940,Valentin Gendrey,2000-06-21T00:00:00.000Z,179.0,right,France,defender,,6000000.0
623540,10188,Václav Cerny,1997-10-17T00:00:00.000Z,178.0,left,Czechia,RW,"AM,LW",
747767,9885,Loïs Openda,2000-02-16T00:00:00.000Z,174.0,right,Belgium,ST,,25000000.0
1791784,94937,Yannik Wagner,2007-05-09T00:00:00.000Z,182.0,left,Germany,forward,,
1718174,8406,Uchenna Ogundu,2006-05-12T00:00:00.000Z,188.0,,Nigeria,ST,,4000000.0
727817,8226,Koki Machida,1997-08-25T00:00:00.000Z,190.0,left,Japan,CB,,6000000.0
711074,4177,Guilherme Ramos,1997-08-11T00:00:00.000Z,190.0,right,Portugal,CB,,
1518938,10269,Lazar Jovanovic,2006-11-30T00:00:00.000Z,182.0,right,Serbia,midfielder,,3500000.0
1541355,9776,Jan Urbich,2004-06-23T00:00:00.000Z,,right,Germany,forward,,
701149,10189,Maximilian Wöber,1998-02-04T00:00:00.000Z,189.0,left,Austria,defender,,3000000.0
969870,8226,Adam Hlozek,2002-07-25T00:00:00.000Z,185.0,right,Czechia,AM,,10000000.0
1714103,8697,Mick Schmetgens,2007-09-09T00:00:00.000Z,,right,Germany,CB,,700000.0
1418122,8458,Jeremy Arévalo,2005-03-19T00:00:00.000Z,173.0,left,Ecuador,ST,AM,7000000.0
1482729,8721,Bence Dárdai,2006-01-24T00:00:00.000Z,185.0,right,Hungary,midfielder,,5000000.0
1845065,601179,Maycon Cardozo,2008-10-10T00:00:00.000Z,,,Brazil,RW,,
1536762,8296,Aiman Dardari,2005-03-21T00:00:00.000Z,178.0,both,Luxembourg,LM,"LW,ST",800000.0
1692886,601179,Wisdom Mike,2008-09-24T00:00:00.000Z,175.0,both,Germany,LW,,
1071178,9790,Immanuël Pherai,2001-04-25T00:00:00.000Z,175.0,right,Suriname,AM,,1500000.0
1771197,601179,David Santos,2007-01-10T00:00:00.000Z,185.0,right,Portugal,CM,DM,
1130788,8351,Fin Stevens,2003-04-10T00:00:00.000Z,179.0,right,Wales,defender,,500000.0
924519,8722,Jusuf Gazibegovic,2000-03-11T00:00:00.000Z,174.0,both,Bosnia and Herzegovina,RWB,"RB,CM",
922731,8152,Taichi Hara,1999-05-05T00:00:00.000Z,189.0,right,Japan,LW,"RW,ST",1000000.0
1242198,8149,Marin Ljubicic,2002-02-28T00:00:00.000Z,183.0,right,Croatia,ST,LW,2000000.0
1381853,8178,Tim Oermann,2003-10-06T00:00:00.000Z,189.0,right,Germany,CB,RB,4000000.0
1479919,8395,Almugera Kabar,2006-06-06T00:00:00.000Z,186.0,left,Germany,defender,,3000000.0
450980,6603,Timo Werner,1996-03-06T00:00:00.000Z,181.0,right,Germany,LW,,
1804634,9790,Shafiq Nandja,2007-01-15T00:00:00.000Z,195.0,,Germany,defender,,500000.0
158234,9810,Timothy Chandler,1990-03-29T00:00:00.000Z,186.0,right,USA,midfielder,,350000.0
1279694,8480,Ben Bobzien,2003-04-29T00:00:00.000Z,176.0,right,Germany,LW,RW,2000000.0
1586401,8460,Luka Duric,2003-06-18T00:00:00.000Z,180.0,right,Serbia,DM,"CM,AM",800000.0
554979,94937,Leart Paçarada,1994-10-08T00:00:00.000Z,184.0,left,Kosovo,LB,,800000.0
1958812,8149,Linus Guether,2010-04-08T00:00:00.000Z,,,Germany,midfielder,,
442728,9788,Tim Kleindienst,1995-08-31T00:00:00.000Z,194.0,right,Germany,forward,,8000000.0
1815572,8358,Rouven Tarnutzer,2007-07-24T00:00:00.000Z,181.0,right,Germany,midfielder,,
1845073,8295,Deniz Ofli,2007-03-29T00:00:00.000Z,,,Turkiye,LB,,
1875448,338321,Tim Schnitzer,2008-02-07T00:00:00.000Z,,,Germany,midfielder,,
1486535,9984,Charles Herrmann,2006-01-21T00:00:00.000Z,180.0,left,Germany,forward,,
822788,8043,Arne Maier,1999-01-08T00:00:00.000Z,186.0,right,Germany,CM,ST,
1771196,601179,Cassiano Kiala,2009-01-11T00:00:00.000Z,185.0,right,Germany,CB,,
1904968,9823,Erblin Osmani,2009-05-19T00:00:00.000Z,,,Germany,midfielder,,
1860819,178475,Samba Konate,2009-02-27T00:00:00.000Z,,,France,forward,,
1640793,8149,Dmytro Bogdanov,2007-03-06T00:00:00.000Z,188.0,right,Ukraine,ST,,
1162969,8464,Isak Hansen-Aarøen,2004-08-22T00:00:00.000Z,173.0,right,Norway,forward,,
1899791,9790,Louis Lemke,2009-10-08T00:00:00.000Z,,left,Germany,defender,,
1692797,394130,Mathis Albert,2009-05-21T00:00:00.000Z,179.0,right,USA,LW,CM,
1818980,94937,Tobias Weigel,2007-04-26T00:00:00.000Z,,right,Germany,forward,,
1554760,10217,Yannick Eduardo,2006-01-23T00:00:00.000Z,193.0,left,Czechia,ST,,2500000.0
1478098,10269,Dennis Seimen,2005-12-01T00:00:00.000Z,192.0,both,Germany,GK,,10000000.0
562055,8188,Dominik Reimann,1997-06-18T00:00:00.000Z,186.0,right,Germany,GK,,900000.0
343763,8262,Marcel Schuhen,1993-01-13T00:00:00.000Z,188.0,both,Germany,GK,,600000.0
1285926,8232,Nicolas Kristof,1999-12-20T00:00:00.000Z,186.0,both,Austria,GK,,2500000.0
458998,8295,Marvin Wanitzek,1993-05-07T00:00:00.000Z,172.0,right,Germany,CM,"LM,AM,LW",1000000.0
212815,9911,Timo Horn,1993-05-12T00:00:00.000Z,190.0,left,Germany,GK,,600000.0
1257826,8460,Nahuel Noll,2003-03-17T00:00:00.000Z,188.0,both,Germany,GK,,2000000.0
1249185,10189,Soufian El-Faouzi,2002-07-13T00:00:00.000Z,178.0,right,Morocco,DM,CM,9000000.0
1301517,9788,Enzo Leopold,2000-07-23T00:00:00.000Z,174.0,right,Germany,CM,"CB,DM",4000000.0
754621,9855,Maël Corboz,1994-09-06T00:00:00.000Z,180.0,right,USA,CM,"DM,AM",450000.0
972732,8295,Hans Christian Bernat,2000-11-13T00:00:00.000Z,192.0,right,Denmark,GK,,1000000.0
1167181,8165,Jan Reichert,2001-06-28T00:00:00.000Z,191.0,right,Germany,GK,,1500000.0
1336731,10235,Tjark Ernst,2003-03-15T00:00:00.000Z,193.0,right,Germany,GK,,4000000.0
953080,8350,Julian Krahl,2000-01-22T00:00:00.000Z,194.0,right,Germany,GK,,1000000.0
784175,8722,Luka Lochoshvili,1998-05-29T00:00:00.000Z,192.0,left,Georgia,CB,LB,2500000.0
1174734,9912,Jonas Thomas Kersken,2000-09-01T00:00:00.000Z,192.0,right,Germany,GK,,1000000.0
629562,8188,Baris Atik,1995-01-09T00:00:00.000Z,169.0,right,Turkiye,LW,AM,800000.0
1356589,9788,David Herold,2003-02-20T00:00:00.000Z,185.0,left,Germany,LWB,"LB,LM,LW",4000000.0
962113,8232,Lukasz Poreba,2000-03-13T00:00:00.000Z,180.0,right,Poland,DM,,2500000.0
1520469,8460,Jano ter Horst,2002-06-19T00:00:00.000Z,181.0,right,Germany,RB,RM,1200000.0
639580,8188,Marcus Mathisen,1996-02-27T00:00:00.000Z,185.0,right,Denmark,CB,CM,
1032824,8194,Florian Kastenmeier,1997-06-28T00:00:00.000Z,192.0,right,Germany,GK,,1000000.0
1580371,8358,Berkay Yilmaz,2005-02-25T00:00:00.000Z,178.0,left,Turkiye,LB,"CM,LM,AM",7000000.0
1097361,8232,Luca Sirch,1999-06-14T00:00:00.000Z,185.0,right,Germany,CB,,2200000.0
820974,10189,Ron Schallenberg,1998-10-06T00:00:00.000Z,185.0,right,Germany,DM,CM,2000000.0
696433,8721,Fabian Reese,1997-11-29T00:00:00.000Z,187.0,right,Germany,LW,"RW,AM,ST",5000000.0
859752,9776,Ron-Thorben Hoffmann,1999-04-04T00:00:00.000Z,192.0,right,Germany,GK,,1000000.0
1362417,9905,Fabio Gruber,2002-09-03T00:00:00.000Z,188.0,right,Peru,CB,,3000000.0
1093782,8232,Lukas Petkov,2000-11-01T00:00:00.000Z,182.0,both,Bulgaria,RW,,3000000.0
1426060,8460,Laurin Curda,2001-10-30T00:00:00.000Z,185.0,right,Germany,RWB,,3000000.0
940015,8232,Tom Zimmerschied,1998-09-22T00:00:00.000Z,180.0,both,Germany,LW,,1500000.0
861541,8150,David Zec,2000-01-05T00:00:00.000Z,190.0,right,Slovenia,CB,,2500000.0
258245,8152,Branimir Hrgota,1993-01-12T00:00:00.000Z,182.0,left,Sweden,AM,"CM,ST",500000.0
1138725,9810,Noel Futkeu,2002-12-06T00:00:00.000Z,183.0,right,Germany,ST,,7500000.0
469763,10189,Kenan Karaman,1994-03-05T00:00:00.000Z,189.0,right,Turkiye,AM,LW,1800000.0
1083322,8194,Tim Oberdorf,1996-08-16T00:00:00.000Z,186.0,right,Germany,CB,RB,800000.0
1229804,8171,Johannes Schenk,2003-01-13T00:00:00.000Z,191.0,right,Germany,GK,,1500000.0
801003,8165,Julian Justvan,1998-04-02T00:00:00.000Z,177.0,left,Germany,RW,"RM,CM,AM,ST",2200000.0
287894,10189,Loris Karius,1993-06-22T00:00:00.000Z,189.0,right,Germany,GK,,800000.0
1024937,9776,Kevin Ehlers,2001-01-23T00:00:00.000Z,188.0,right,Germany,CB,,900000.0
1329169,8460,Mika Baur,2004-07-09T00:00:00.000Z,172.0,both,Germany,DM,"CM,AM",5000000.0
1367587,8188,Laurin Ulrich,2005-01-31T00:00:00.000Z,180.0,right,Germany,CM,,
1415373,8460,Tjark Scheller,2002-01-12T00:00:00.000Z,192.0,both,Germany,CB,,2500000.0
467495,8194,Jorrit Hendrix,1995-02-06T00:00:00.000Z,182.0,left,Netherlands,CM,DM,650000.0
951912,8262,Patric Pfeiffer,1999-08-20T00:00:00.000Z,196.0,both,Ghana,CB,,2000000.0
959045,8262,Kai Klefisch,1999-12-03T00:00:00.000Z,180.0,right,Germany,DM,"CB,CM",1800000.0
1282298,8177,Linus Gechter,2004-02-27T00:00:00.000Z,190.0,right,Germany,CB,RB,3500000.0
808155,8350,Fabian Kunze,1998-06-14T00:00:00.000Z,183.0,right,Germany,DM,"CB,CM",1200000.0
726956,8697,Cedric Itten,1996-12-27T00:00:00.000Z,189.0,right,Switzerland,ST,,1800000.0
1077911,8232,Maximilian Rohr,1995-06-27T00:00:00.000Z,195.0,both,Germany,CB,,800000.0
208243,8295,Marcel Franke,1993-04-05T00:00:00.000Z,193.0,right,Germany,CB,,400000.0
1280560,8232,Lukas Pinckert,2000-01-22T00:00:00.000Z,189.0,right,Germany,CB,,2500000.0
814892,8188,Alexander Nollenberger,1997-06-04T00:00:00.000Z,180.0,right,Germany,LB,"LM,RW",
655095,9788,Isac Lidberg,1998-09-08T00:00:00.000Z,185.0,right,Sweden,ST,,5000000.0
1010726,4425,Hiroki Akiyama,2000-12-09T00:00:00.000Z,176.0,right,Japan,DM,CM,3000000.0
1285119,9891,Anouar El Azzouzi,2001-05-29T00:00:00.000Z,181.0,right,Netherlands,DM,"CM,RW,AM",1500000.0
861445,8588,Michaël Cuisance,1999-08-16T00:00:00.000Z,181.0,left,France,AM,DM,3000000.0
673045,9904,Maurice Neubauer,1996-04-29T00:00:00.000Z,175.0,left,Germany,CM,"LWB,RM,LM",900000.0
1532192,9776,Max Marie,2004-10-02T00:00:00.000Z,177.0,both,Germany,DM,CM,1800000.0
290201,9911,Philipp Hofmann,1993-03-30T00:00:00.000Z,195.0,right,Germany,ST,,600000.0
276711,6230,Philipp Ziereis,1993-03-14T00:00:00.000Z,189.0,right,Germany,CB,,400000.0
556027,9911,Maximilian Wittek,1995-08-21T00:00:00.000Z,172.0,left,Germany,LB,"LWB,LM",900000.0
1237634,9776,Mehmet Aydin,2002-02-09T00:00:00.000Z,180.0,right,Turkiye,RB,"RWB,DM,RM,AM",1500000.0
784225,8460,Raphael Obermair,1996-04-01T00:00:00.000Z,182.0,right,Philippines,LWB,,1200000.0
794619,10189,Hasan Kuruçay,1997-08-31T00:00:00.000Z,185.0,right,Turkiye,CB,,2000000.0
926447,8188,Paul Jaeckel,1998-07-22T00:00:00.000Z,188.0,right,Germany,CB,,900000.0
767790,8460,Felix Götze,1998-02-11T00:00:00.000Z,185.0,right,Germany,CB,,2000000.0
1077244,8480,Tim Schreiber,2002-04-24T00:00:00.000Z,191.0,right,Germany,GK,,900000.0
848666,8358,Florent Muslija,1998-07-06T00:00:00.000Z,172.0,right,Kosovo,LW,"CM,LM,AM",1800000.0
1036220,8357,Jannis Heuer,1999-07-29T00:00:00.000Z,189.0,right,Germany,CB,,1000000.0
791614,8480,Alexander Rossipal,1996-06-06T00:00:00.000Z,184.0,left,Germany,LB,LWB,600000.0
1083342,8350,Semih Sahin,1999-12-22T00:00:00.000Z,177.0,right,Germany,DM,"CM,AM",1500000.0
237541,8357,Felix Klaus,1992-09-13T00:00:00.000Z,179.0,right,Germany,RW,"RM,CM,AM,ST",500000.0
1313923,8165,Mohamed Alì Zoma,2003-12-15T00:00:00.000Z,,right,Ivory Coast,ST,"LM,LW",8000000.0
920436,9911,Philipp Strompf,1998-04-23T00:00:00.000Z,194.0,left,Germany,CB,,1000000.0
930047,8350,Naatan Skyttä,2002-05-07T00:00:00.000Z,165.0,left,Finland,AM,"CM,RW,ST",5000000.0
1596359,9904,Noël Aséko,2005-11-22T00:00:00.000Z,175.0,right,Germany,AM,"RWB,DM,CM",12000000.0
1073476,8350,Maxwell Gyamfi,2000-01-18T00:00:00.000Z,189.0,right,Germany,CB,,1000000.0
1052360,9912,Stefano Russo,2000-06-29T00:00:00.000Z,183.0,right,Germany,CM,"CB,DM",1200000.0
952529,8262,Sergio López,1999-04-08T00:00:00.000Z,179.0,right,Spain,RB,RWB,1200000.0
1039779,8165,Finn Becker,2000-06-08T00:00:00.000Z,177.0,left,Germany,CM,"DM,RM,AM",1500000.0
1529147,10001,Reno Münz,2005-10-02T00:00:00.000Z,188.0,right,Germany,CB,LB,1800000.0
625214,9911,Noah Loosli,1997-01-23T00:00:00.000Z,186.0,right,Switzerland,CB,,850000.0
725655,10189,Nikola Katic,1996-10-10T00:00:00.000Z,194.0,right,Bosnia and Herzegovina,CB,,1800000.0
1153342,8177,Márton Dárdai,2002-02-12T00:00:00.000Z,188.0,left,Hungary,CB,,2500000.0
834602,9904,Virgil Ghita,1998-06-04T00:00:00.000Z,186.0,right,Romania,CB,,2000000.0
659047,8480,Niklas Hauptmann,1996-06-27T00:00:00.000Z,176.0,left,Germany,AM,"CM,ST",600000.0
1290484,9911,Leandro Morgalla,2004-09-13T00:00:00.000Z,186.0,right,Germany,RB,"CB,RWB",3000000.0
642418,9905,Marco Richter,1997-11-24T00:00:00.000Z,176.0,right,Germany,RW,"RM,CM,AM,LW",1500000.0
1587901,9790,Kofi Amoako,2005-05-06T00:00:00.000Z,186.0,right,Germany,DM,"CM,AM",4000000.0
860056,10189,Moussa Sylla,1999-11-25T00:00:00.000Z,181.0,right,Mali,ST,,5000000.0
1275291,8150,Phil Harres,2002-03-25T00:00:00.000Z,193.0,right,Germany,ST,,2500000.0
1274470,9830,Killian Corredor,2000-11-04T00:00:00.000Z,182.0,right,France,AM,"CM,LM,RW,LW,ST",2800000.0
602300,8357,Jannik Dehm,1996-05-02T00:00:00.000Z,181.0,right,Germany,RB,"LB,RWB,RM,AM",600000.0
1793498,8226,Cajetan Lenz,2006-06-16T00:00:00.000Z,,,Germany,DM,CM,10000000.0
1378854,8150,Jonas Torrissen Therkelsen,2003-05-05T00:00:00.000Z,184.0,right,Norway,AM,"LM,LW",2500000.0
1283022,8262,Matej Maglica,1998-09-25T00:00:00.000Z,198.0,left,Croatia,CB,,1200000.0
1659454,8350,Mika Haas,2005-08-11T00:00:00.000Z,181.0,left,Germany,LWB,"LB,LW",3000000.0
1057432,9776,Johan Gómez,2001-07-23T00:00:00.000Z,183.0,right,USA,RWB,"RB,RM,CM,AM,LW",800000.0
1062357,8165,Adam Markhiev,2002-03-17T00:00:00.000Z,183.0,right,Finland,CM,DM,4000000.0
520342,8177,Paul Seguin,1995-03-29T00:00:00.000Z,186.0,right,Germany,DM,CM,700000.0
950822,8460,Oliver Batista Meier,2001-02-16T00:00:00.000Z,178.0,right,Germany,ST,AM,1500000.0
1065940,1933,Michal Karbownik,2001-03-13T00:00:00.000Z,175.0,right,Poland,LB,"RB,LWB",1800000.0
1362492,8460,Santiago Castañeda,2004-11-13T00:00:00.000Z,188.0,right,USA,DM,CM,5000000.0
1255785,8177,Marten Winkler,2002-10-31T00:00:00.000Z,167.0,left,Germany,RW,"LWB,AM,LW",2000000.0
1140917,9912,Maximilian Großer,2001-07-23T00:00:00.000Z,189.0,right,Germany,CB,CM,700000.0
861662,8295,Christoph Kobald,1997-08-18T00:00:00.000Z,186.0,both,Austria,CB,,800000.0
763990,8232,Amara Condé,1997-01-06T00:00:00.000Z,173.0,right,Germany,DM,,900000.0
1514591,8165,Rafael Lubach,2005-01-11T00:00:00.000Z,175.0,right,Germany,CM,"DM,LW,ST",3500000.0
1159556,8150,Adrián Kaprálik,2002-06-10T00:00:00.000Z,175.0,right,Slovakia,ST,"RM,RW,AM,LW",1200000.0
1288294,9912,Monju Momuluh,2002-02-18T00:00:00.000Z,181.0,right,Germany,RW,"RB,RM,ST",1800000.0
860609,9904,Boris Tomiak,1998-09-11T00:00:00.000Z,193.0,right,Germany,CB,,1700000.0
1320446,8150,Marko Ivezic,2001-12-02T00:00:00.000Z,191.0,right,Serbia,CB,LB,1500000.0
686112,8194,Fabian Schleusener,1991-10-24T00:00:00.000Z,186.0,both,Germany,ST,,350000.0
664810,9904,Benjamin Källman,1998-06-17T00:00:00.000Z,182.0,right,Finland,ST,,4000000.0
546190,8188,Lubambo Musonda,1995-03-01T00:00:00.000Z,171.0,both,Zambia,LB,"RB,RM,CM,RW",600000.0
1274452,8350,Paul Joly,2000-06-07T00:00:00.000Z,182.0,left,France,RWB,RM,2000000.0
167065,8295,Sebastian Jung,1990-06-22T00:00:00.000Z,179.0,right,Germany,RM,"RB,RWB,AM",300000.0
1136403,8150,John Tolkin,2002-07-31T00:00:00.000Z,170.0,left,USA,LWB,"RB,LB,LM",2500000.0
1603681,8232,Francis Onyeka,2007-04-29T00:00:00.000Z,184.0,left,Germany,AM,"DM,CM,ST",10000000.0
660148,8295,Dzenis Burnic,1998-05-22T00:00:00.000Z,183.0,left,Bosnia and Herzegovina,CM,"CB,DM",1200000.0
1385154,9912,Marius Wörl,2004-04-05T00:00:00.000Z,178.0,right,Germany,LW,"CM,AM,ST",1500000.0
1300329,8406,Calvin Brackelmann,1999-08-22T00:00:00.000Z,196.0,left,Germany,CB,,3000000.0
865066,9912,Joel Grodowski,1997-11-30T00:00:00.000Z,185.0,left,Germany,ST,"RW,AM,LW",750000.0
749564,8721,Fraser Hornby,1999-09-13T00:00:00.000Z,195.0,left,Scotland,AM,ST,4500000.0
1190549,8188,Falko Michel,2001-01-14T00:00:00.000Z,186.0,right,Germany,CM,DM,1200000.0
865059,9776,Robin Heußer,1998-05-23T00:00:00.000Z,169.0,right,Germany,AM,"DM,CM,RW",700000.0
1199140,9775,Jonas Krumrey,2003-11-25T00:00:00.000Z,191.0,right,Germany,GK,,1000000.0
458602,8232,Jan Gyamerah,1995-06-18T00:00:00.000Z,184.0,right,Ghana,RB,,700000.0
785739,10189,Timo Becker,1997-03-25T00:00:00.000Z,186.0,right,Germany,RB,CB,1500000.0
553556,8350,Marlon Ritter,1994-10-15T00:00:00.000Z,170.0,both,Germany,AM,"DM,LW",800000.0
1081707,8350,Erencan Yardimci,2002-02-04T00:00:00.000Z,188.0,right,Turkiye,ST,,1800000.0
1755657,10189,Mertcan Ayhan,2006-09-08T00:00:00.000Z,178.0,right,Turkiye,CB,,8000000.0
1281111,8480,Robert Wagner,2003-07-14T00:00:00.000Z,181.0,right,Germany,DM,CM,2500000.0
616917,8480,Nicolai Rapp,1996-12-13T00:00:00.000Z,185.0,right,Germany,CB,"DM,CM",1000000.0
932852,8188,Tobias Müller,1994-07-08T00:00:00.000Z,188.0,both,Germany,CB,,550000.0
1072530,8165,Florian Flick,2000-05-01T00:00:00.000Z,190.0,both,Germany,DM,"CB,CM",700000.0
687306,8188,Emmanuel Iyoha,1997-10-11T00:00:00.000Z,191.0,both,Germany,RW,"LB,RWB,LWB,RM,LM",800000.0
265588,8177,Toni Leistner,1990-08-19T00:00:00.000Z,190.0,right,Germany,CB,,300000.0
1281103,8020,Maximilian Dietz,2002-02-09T00:00:00.000Z,188.0,right,USA,DM,"CB,CM",1200000.0
661062,8262,Luca Marseiler,1997-02-18T00:00:00.000Z,176.0,both,Germany,LW,"LWB,LM,RW,AM",1000000.0
1338957,8226,Bambasé Conté,2003-07-07T00:00:00.000Z,180.0,left,Germany,AM,,4000000.0
1381854,9776,Fabio Di Michele,2003-03-14T00:00:00.000Z,180.0,left,Germany,LB,"LWB,LM",900000.0
908847,8188,Mateusz Zukowski,2001-11-23T00:00:00.000Z,185.0,right,Poland,ST,,6000000.0
1039217,8357,Shinta Appelkamp,2000-11-01T00:00:00.000Z,175.0,right,Germany,AM,"RW,ST",1500000.0
1609228,8194,Elias Egouli,2002-08-06T00:00:00.000Z,205.0,right,Germany,CB,,900000.0
820132,661598,Silas Gnaka,1998-12-18T00:00:00.000Z,179.0,left,Ivory Coast,CM,DM,1000000.0
1520546,8357,Aaron Keller,2004-05-15T00:00:00.000Z,181.0,right,Switzerland,LWB,"LM,LW",1500000.0
1073007,10170,Filip Bilbija,2000-04-24T00:00:00.000Z,189.0,right,Germany,AM,"DM,CM,ST",3000000.0
464981,9911,Matús Bero,1995-09-06T00:00:00.000Z,181.0,right,Slovakia,DM,"RM,CM,AM",1000000.0
1571179,8722,Julian Pauli,2005-07-18T00:00:00.000Z,190.0,right,England,CB,,2500000.0
1436271,8167,Kolja Oudenne,2001-11-11T00:00:00.000Z,183.0,right,Sweden,LM,"RWB,LWB,RM",1500000.0
1525304,9911,Mats Pannewig,2004-10-28T00:00:00.000Z,195.0,right,Germany,DM,"CM,AM",3000000.0
872742,9912,Tim Handwerker,1998-05-19T00:00:00.000Z,182.0,left,Germany,LB,LWB,600000.0
1244356,9904,Daisuke Yokota,2000-06-15T00:00:00.000Z,171.0,left,Japan,RW,,1700000.0
1515976,8460,Mattes Hansen,2004-05-15T00:00:00.000Z,183.0,right,Germany,CB,"RWB,DM",2500000.0
1437580,8150,Kasper Davidsen,2005-01-25T00:00:00.000Z,191.0,right,Denmark,DM,CM,2500000.0
1600334,9904,Ime Okon,2004-02-20T00:00:00.000Z,187.0,right,South Africa,CB,,3500000.0
1292582,8171,Yassine Bouchama,1997-05-28T00:00:00.000Z,182.0,both,Germany,RM,"DM,CM,LM",500000.0
1368049,8150,Lasse Rosenboom,2002-01-19T00:00:00.000Z,190.0,right,Germany,RWB,RB,1200000.0
1097375,8480,Jakob Lemmer,2000-04-26T00:00:00.000Z,179.0,right,Germany,RW,"AM,LW",900000.0
560410,8350,Jan Elvedi,1996-09-30T00:00:00.000Z,186.0,right,Switzerland,CB,,700000.0
1081230,9904,Jean Hugonet,1999-11-24T00:00:00.000Z,186.0,right,France,CB,,1200000.0
467488,8480,Vincent Vermeij,1994-08-09T00:00:00.000Z,195.0,right,Netherlands,ST,,500000.0
929350,9912,Jannik Rochelt,1998-09-27T00:00:00.000Z,182.0,both,Germany,LW,CM,800000.0
620563,8295,Philipp Förster,1995-02-04T00:00:00.000Z,188.0,both,Germany,CM,"RM,ST",600000.0
808148,8262,Aleksandar Vukotic,1995-07-22T00:00:00.000Z,201.0,left,Serbia,CB,,800000.0
706500,8460,Steffen Tigges,1998-07-31T00:00:00.000Z,193.0,left,Germany,ST,,700000.0
1245692,8232,Lasse Günther,2003-03-21T00:00:00.000Z,183.0,left,Germany,LB,,2500000.0
1659455,8350,Leon Robinson,2001-07-11T00:00:00.000Z,186.0,right,Germany,CB,"DM,CM",800000.0
625091,9911,Gerrit Holtmann,1995-03-25T00:00:00.000Z,183.0,left,Philippines,LW,LM,700000.0
881740,8262,Christopher Lannert,1998-06-08T00:00:00.000Z,180.0,both,Germany,RB,,400000.0
1659420,10189,Vitalie Becker,2005-03-03T00:00:00.000Z,179.0,left,Germany,LWB,LB,3000000.0
1002652,9775,Konrad Faber,1997-11-04T00:00:00.000Z,176.0,right,Germany,RB,RWB,500000.0
670395,8171,Rico Preissinger,1996-07-21T00:00:00.000Z,185.0,both,Germany,CB,DM,400000.0
585268,8480,Lukas Boeder,1997-04-18T00:00:00.000Z,189.0,right,Germany,CB,DM,400000.0
683834,9776,Léon Bell,1996-09-06T00:00:00.000Z,180.0,left,Cameroon,LWB,LB,500000.0
766868,8177,Deyovaisio Zeefuik,1998-03-11T00:00:00.000Z,185.0,right,Netherlands,RB,"LB,LWB",1000000.0
1561984,8406,Sima Suso,2005-05-28T00:00:00.000Z,190.0,left,Germany,CB,"LB,DM,AM",2800000.0
657504,8196,Philipp Hercher,1996-03-21T00:00:00.000Z,182.0,left,Germany,RB,"RM,RW",600000.0
1640966,8295,Rafael Pinto Pedrosa,2007-09-30T00:00:00.000Z,180.0,right,Germany,RM,"RB,RWB,RW,AM",5000000.0
955191,9912,Maximilian Bauer,2000-02-09T00:00:00.000Z,189.0,right,Germany,CB,,1500000.0
832736,8357,Gian-Luca Itter,1999-01-05T00:00:00.000Z,185.0,left,Germany,LB,"CB,LM",
1140913,8480,Jonas Sterner,2002-05-13T00:00:00.000Z,180.0,right,Germany,RB,,800000.0
950823,8357,Paul Will,1999-03-01T00:00:00.000Z,185.0,left,Germany,DM,CM,600000.0
1014688,8150,Alexander Bernhardsson,1998-09-08T00:00:00.000Z,185.0,left,Sweden,RWB,"RM,RW,AM",3000000.0
1282980,8480,Kenneth Schmidt,2002-06-03T00:00:00.000Z,187.0,left,Germany,CB,LB,800000.0
1337351,9904,Hayate Matsuda,2003-10-02T00:00:00.000Z,171.0,left,Japan,CM,"RWB,RM",2000000.0
840947,8460,Sebastian Klaas,1998-06-30T00:00:00.000Z,180.0,both,Germany,AM,DM,900000.0
1398397,1218969,Patrick Nkoa,1999-07-11T00:00:00.000Z,192.0,right,Cameroon,CB,,800000.0
874272,8150,Ivan Nekic,2000-12-24T00:00:00.000Z,185.0,right,Croatia,CB,RB,1500000.0
560990,8322,Marco Komenda,1996-11-26T00:00:00.000Z,184.0,left,Germany,CB,LB,700000.0
1700509,8357,Silas Prüfrock,2005-01-25T00:00:00.000Z,180.0,right,Germany,GK,,500000.0
1235057,9776,Lukas Frenkert,2000-07-19T00:00:00.000Z,190.0,both,Germany,CB,,900000.0
964099,9912,Leon Schneider,2000-06-19T00:00:00.000Z,184.0,right,Germany,CB,,600000.0
1366338,8232,Felix Keidel,2003-06-14T00:00:00.000Z,178.0,left,Germany,RB,LB,1200000.0
1620628,8295,Louey Ben Farhat,2006-07-19T00:00:00.000Z,175.0,right,Tunisia,ST,,10000000.0
1053713,8588,Maik Nawrocki,2001-02-07T00:00:00.000Z,190.0,right,Poland,CB,,1500000.0
553555,8171,Marvin Schulz,1995-01-15T00:00:00.000Z,186.0,right,Germany,CM,AM,450000.0
971258,8262,Fabian Nürnberger,1999-07-28T00:00:00.000Z,178.0,left,Bulgaria,LB,,1500000.0
1482728,8113,Kjell Wätjen,2006-02-16T00:00:00.000Z,183.0,right,Germany,AM,"DM,RW,LW",2500000.0
1210615,8232,Jason Çeka,1999-11-10T00:00:00.000Z,169.0,both,Germany,RW,,800000.0
1399936,8188,Rayan Ghrieb,1999-04-21T00:00:00.000Z,182.0,left,France,RW,,1000000.0
1644174,9912,Benjamin Boakye,2005-03-07T00:00:00.000Z,180.0,right,Germany,RB,"RWB,LW",1200000.0
1140919,8460,Nick Bätzner,2000-03-15T00:00:00.000Z,170.0,right,Germany,AM,,500000.0
1341538,9937,Ji-Soo Kim,2004-12-24T00:00:00.000Z,189.0,both,South Korea,CB,,1800000.0
789638,9904,Mustapha Bundu,1997-02-28T00:00:00.000Z,188.0,right,Sierra Leone,RW,LW,1000000.0
1422564,8178,Farid Alfa-Ruprecht,2006-03-28T00:00:00.000Z,181.0,right,Germany,RW,LW,3000000.0
1321553,8460,Stefano Marino,2004-03-12T00:00:00.000Z,186.0,right,Germany,ST,,1000000.0
1185509,8295,Andreas Müller,2000-07-20T00:00:00.000Z,173.0,right,Germany,CM,DM,800000.0
620914,9911,Koji Miyoshi,1997-03-26T00:00:00.000Z,167.0,left,Japan,RW,RM,1000000.0
212982,8150,Steven Skrzybski,1992-11-18T00:00:00.000Z,173.0,right,Germany,AM,ST,500000.0
1195744,9912,Henri Koudossou,1999-09-03T00:00:00.000Z,180.0,both,Germany,RB,,1200000.0
782701,8171,Haralambos Makridis,1996-07-05T00:00:00.000Z,180.0,both,Germany,LB,"LWB,LM",400000.0
861668,10189,Dejan Ljubicic,1997-10-08T00:00:00.000Z,186.0,right,Austria,RW,"DM,CM,AM",3000000.0
1459758,8232,David Mokwa,2004-05-03T00:00:00.000Z,181.0,left,France,ST,LW,4000000.0
787127,8043,Etienne Amenyido,1998-03-01T00:00:00.000Z,185.0,right,Togo,ST,AM,450000.0
1793217,8178,Kennet Eichhorn,2009-07-27T00:00:00.000Z,186.0,right,Germany,DM,,20000000.0
1132183,8177,Luca Schuler,1999-03-22T00:00:00.000Z,190.0,right,Germany,ST,,800000.0
1201713,8406,Tim Breithaupt,2002-02-07T00:00:00.000Z,192.0,right,Germany,DM,CM,800000.0
773519,8480,Christoph Daferner,1998-01-12T00:00:00.000Z,187.0,right,Germany,ST,,700000.0
1025560,8071,Magnus Knudsen,2001-06-15T00:00:00.000Z,175.0,right,Norway,DM,CM,
1053674,8635,Moussa N'Diaye,2002-06-18T00:00:00.000Z,181.0,left,Senegal,LB,CB,
1047664,10189,Adil Aouchiche,2002-07-15T00:00:00.000Z,181.0,right,Algeria,AM,"DM,CM,LW,RW",3500000.0
891747,9911,Daniel Hanslik,1996-10-06T00:00:00.000Z,186.0,left,Germany,ST,,800000.0
461356,8357,Julian Green,1995-06-06T00:00:00.000Z,172.0,both,USA,DM,"CM,AM",700000.0
594886,8232,Florian Le Joncour,1995-02-03T00:00:00.000Z,193.0,left,France,CB,,500000.0
1178262,9904,Waniss Taïbi,2002-03-07T00:00:00.000Z,184.0,both,France,LW,"CM,ST",1200000.0
182893,8194,Matthias Zimmermann,1992-06-16T00:00:00.000Z,174.0,right,Germany,RB,RM,300000.0
1155066,10189,Satoshi Tanaka,2002-08-13T00:00:00.000Z,172.0,left,Japan,DM,"CB,CM",2000000.0
1221941,9904,Bastian Allgeier,2002-02-18T00:00:00.000Z,193.0,right,Germany,CB,,800000.0
1843898,8480,Friedrich Müller,2006-02-14T00:00:00.000Z,,,Germany,CB,,1000000.0
865973,8234,Lars Lokotsch,1996-05-17T00:00:00.000Z,190.0,both,Germany,ST,,350000.0
1282005,8171,Zidan Sertdemir,2005-02-04T00:00:00.000Z,183.0,left,Denmark,AM,CM,1000000.0
951919,8150,Timon Weiner,1999-01-18T00:00:00.000Z,191.0,both,Germany,GK,,800000.0
1281256,8232,Frederik Schmahl,2002-12-21T00:00:00.000Z,183.0,right,Germany,DM,,750000.0
1355216,8177,Julian Eitschberger,2004-03-05T00:00:00.000Z,180.0,right,Germany,RWB,RB,1000000.0
1180746,9911,Christian Rasmussen,2003-01-19T00:00:00.000Z,184.0,left,Denmark,RW,ST,1200000.0
658423,9912,Marvin Mehlem,1997-09-11T00:00:00.000Z,174.0,both,Germany,CM,AM,800000.0
502543,8697,Dawid Kownacki,1997-03-14T00:00:00.000Z,185.0,right,Poland,ST,,1500000.0
1175955,8262,Merveille Papela,2001-01-18T00:00:00.000Z,174.0,right,Germany,DM,CM,600000.0
854069,8480,Nils Fröling,2000-04-20T00:00:00.000Z,181.0,right,Sweden,LW,"AM,ST",500000.0
1688956,8460,Ruben Müller,2005-08-24T00:00:00.000Z,179.0,,Germany,AM,LWB,1000000.0
933544,8480,Luca Herrmann,1999-02-20T00:00:00.000Z,175.0,right,Germany,DM,CM,400000.0
645697,8350,Ivan Prtajin,1996-05-14T00:00:00.000Z,189.0,right,Croatia,ST,,1000000.0
733965,9912,Joel Felix,1998-01-13T00:00:00.000Z,190.0,left,Denmark,CB,,500000.0
1561242,8167,Husseyn Chakroun,2004-11-10T00:00:00.000Z,174.0,left,Lebanon,LW,"AM,RW",1800000.0
184556,8165,Adriano Grimaldi,1991-04-05T00:00:00.000Z,188.0,right,Germany,ST,,350000.0
657054,8171,Joshua Mees,1996-04-15T00:00:00.000Z,180.0,both,Germany,AM,ST,500000.0
633721,8232,Nicholas Mickelson,1999-07-24T00:00:00.000Z,173.0,right,Thailand,LB,,1000000.0
692973,9912,Noah-Joel Sarenren-Bazee,1996-08-21T00:00:00.000Z,182.0,right,Germany,ST,"LM,LW,RW",
658444,8460,Tom Baack,1999-03-13T00:00:00.000Z,180.0,right,Germany,CM,"DM,LM",600000.0
796492,8177,Niklas Kolbe,1996-12-27T00:00:00.000Z,196.0,left,Germany,CB,LB,700000.0
1178504,8344,Roko Simic,2003-09-10T00:00:00.000Z,190.0,right,Croatia,ST,,1500000.0
945881,9911,Oliver Olsen,2000-08-13T00:00:00.000Z,188.0,right,Denmark,RB,"CB,LB",1500000.0
1276507,9776,Andi Hoti,2003-03-02T00:00:00.000Z,191.0,right,Kosovo,CB,,750000.0
484640,8150,Carl Johansson,1994-05-23T00:00:00.000Z,185.0,right,Sweden,CB,,400000.0
1179182,10189,Adrian Gantenbein,2001-04-18T00:00:00.000Z,183.0,right,Switzerland,RWB,,900000.0
1276988,8697,Dariusz Stalmach,2005-12-08T00:00:00.000Z,182.0,right,Poland,CM,,1500000.0
831035,8357,Pelle Boevink,1998-01-06T00:00:00.000Z,189.0,both,Netherlands,GK,,300000.0
1179893,8171,Luca Bolay,2002-07-25T00:00:00.000Z,177.0,left,Germany,LB,,500000.0
1048791,8171,Niko Koulis,1999-05-04T00:00:00.000Z,187.0,right,Germany,CB,,400000.0
1641040,8357,Lukas Reich,2006-10-24T00:00:00.000Z,181.0,right,Germany,RB,RWB,1200000.0
1082491,9776,Lino Tempelmann,1999-02-02T00:00:00.000Z,174.0,right,Germany,CM,AM,800000.0
767256,8350,Jacob Rasmussen,1997-05-28T00:00:00.000Z,193.0,left,Denmark,CB,,1000000.0
1114472,8295,Lilian Egloff,2002-08-20T00:00:00.000Z,183.0,right,Germany,CM,,1500000.0
690207,9912,Roberts Uldrikis,1998-04-03T00:00:00.000Z,198.0,right,Latvia,ST,,500000.0
1460416,9912,Felix Hagmann,2004-01-29T00:00:00.000Z,178.0,right,Germany,RB,LB,500000.0
916092,8722,Imad Rondic,1999-02-16T00:00:00.000Z,190.0,left,Bosnia and Herzegovina,ST,,750000.0
734063,9912,Arne Sicker,1997-04-17T00:00:00.000Z,184.0,left,Germany,LB,,400000.0
634142,8234,Vinko Sapina,1995-06-29T00:00:00.000Z,192.0,right,Croatia,DM,,400000.0
852424,8357,Brynjar Ingi Bjarnason,1999-12-06T00:00:00.000Z,194.0,right,Iceland,CB,,500000.0
1531531,8165,Tim Janisch,2005-08-12T00:00:00.000Z,177.0,right,Germany,RB,"RM,AM",800000.0
1562902,10013,Tim Drexler,2005-03-06T00:00:00.000Z,186.0,right,Germany,RB,CB,
900537,10190,Stephan Ambrosius,1998-12-18T00:00:00.000Z,182.0,right,Ghana,CB,,600000.0
1093025,9768,Sotiris Alexandropoulos,2001-11-26T00:00:00.000Z,183.0,right,Greece,DM,AM,1200000.0
678162,8171,Torge Paetow,1995-08-14T00:00:00.000Z,188.0,both,Germany,CB,CM,300000.0
763313,9911,Erhan Masovic,1998-11-22T00:00:00.000Z,189.0,right,Serbia,CB,,900000.0
1387403,7783,Timo Schlieck,2006-03-02T00:00:00.000Z,193.0,right,Germany,GK,,400000.0
1520593,8460,Jonah Sticker,2004-05-08T00:00:00.000Z,,right,Germany,LWB,"CB,LB",750000.0
1199713,8295,Marcel Beifus,2002-10-27T00:00:00.000Z,187.0,right,Germany,CB,,2000000.0
1436220,7857,Felipe Sánchez,2004-04-07T00:00:00.000Z,184.0,left,Argentina,CB,,800000.0
1089478,8487,Mathias Olesen,2001-03-21T00:00:00.000Z,188.0,both,Luxembourg,DM,CM,
1729588,8165,Piet Scobel,2005-04-22T00:00:00.000Z,191.0,both,Germany,ST,,600000.0
1167610,8611,Sayfallah Ltaief,2000-04-22T00:00:00.000Z,178.0,right,Tunisia,LW,"RW,ST",1300000.0
866164,8188,Herbert Bockhorn,1995-01-31T00:00:00.000Z,177.0,right,Uganda,RB,CM,450000.0
803163,9904,Benedikt Pichler,1997-07-20T00:00:00.000Z,184.0,right,Austria,ST,AM,900000.0
1357426,10008,Niklas Niehoff,2004-08-20T00:00:00.000Z,187.0,right,Germany,LW,AM,600000.0
419774,8460,Sven Michel,1990-07-15T00:00:00.000Z,178.0,left,Germany,AM,,300000.0
637754,9941,Niklas Schmidt,1998-03-01T00:00:00.000Z,184.0,left,Germany,CM,"DM,AM",1500000.0
862285,8480,Lars Bünning,1998-02-27T00:00:00.000Z,187.0,left,Germany,CB,,350000.0
1091141,8150,Faride Alidou,2001-07-18T00:00:00.000Z,186.0,right,Germany,ST,,800000.0
1404445,9776,Sidi Sané,2003-04-21T00:00:00.000Z,187.0,right,Germany,AM,ST,600000.0
1368656,546238,Jovan Mijatovic,2005-07-11T00:00:00.000Z,179.0,,Serbia,ST,,2000000.0
688668,8177,Josip Brekalo,1998-06-23T00:00:00.000Z,175.0,right,Croatia,LW,"LM,AM",2000000.0
1276474,8296,Semir Telalovic,1999-12-23T00:00:00.000Z,187.0,right,Germany,ST,,600000.0
1477956,8295,Shio Fukuda,2004-04-08T00:00:00.000Z,178.0,right,Japan,ST,,1000000.0
926446,8350,Simon Asta,2001-01-25T00:00:00.000Z,178.0,right,Germany,RWB,,800000.0
166934,10017,Stefan Schwab,1990-09-27T00:00:00.000Z,183.0,left,Austria,DM,,300000.0
929613,8177,Kevin Sessa,2000-07-06T00:00:00.000Z,175.0,right,Germany,DM,,700000.0
1204802,10189,Christian Gomis,2000-08-09T00:00:00.000Z,184.0,right,Senegal,ST,AM,1200000.0
721091,10189,Finn Porath,1997-02-23T00:00:00.000Z,179.0,both,Germany,RWB,LM,800000.0
1684420,9908,Artem Stepanov,2007-08-10T00:00:00.000Z,192.0,right,Ukraine,ST,,
1412933,8232,Maurice Krattenmacher,2005-08-11T00:00:00.000Z,176.0,both,Germany,AM,RW,3000000.0
522139,8357,Dennis Srbeny,1994-05-05T00:00:00.000Z,190.0,right,Germany,AM,ST,300000.0
310355,8262,Fabian Holland,1990-07-11T00:00:00.000Z,172.0,left,Germany,LB,CB,200000.0
450974,8194,Christopher Lenz,1994-09-22T00:00:00.000Z,181.0,left,Germany,LWB,LB,400000.0
1263671,8194,Sascha Risch,2000-04-13T00:00:00.000Z,178.0,both,Germany,LB,,400000.0
1696428,8295,Paul Scholl,2006-07-23T00:00:00.000Z,193.0,,Germany,CB,,800000.0
759096,8177,Sebastian Grønning,1997-02-03T00:00:00.000Z,188.0,right,Denmark,ST,,500000.0
167589,9911,Kevin Vogt,1991-09-23T00:00:00.000Z,194.0,right,Germany,CB,,0.0
964542,8188,Richmond Tachie,1999-04-21T00:00:00.000Z,180.0,right,Germany,RW,,500000.0
597737,8350,Mërgim Berisha,1998-05-11T00:00:00.000Z,186.0,right,Germany,ST,,1200000.0
1202909,8357,Marco John,2002-04-02T00:00:00.000Z,184.0,left,Germany,DM,,700000.0
1635489,94940,Luis Engelns,2007-03-11T00:00:00.000Z,188.0,right,Germany,DM,CM,
1086251,8171,Oscar Vilhelmsson,2003-10-02T00:00:00.000Z,188.0,left,Sweden,ST,,600000.0
1222134,8296,Max Geschwill,2001-07-07T00:00:00.000Z,185.0,both,Germany,CB,,700000.0
937078,8194,Valgeir Lunddal,2001-09-24T00:00:00.000Z,191.0,right,Iceland,RWB,RB,900000.0
459010,8232,Luca Schnellbacher,1994-05-06T00:00:00.000Z,183.0,right,Germany,ST,,500000.0
637753,10251,Felix Passlack,1998-05-29T00:00:00.000Z,170.0,right,Germany,RWB,RM,
239911,8177,Diego Demme,1991-11-21T00:00:00.000Z,170.0,both,Germany,DM,,300000.0
801122,8480,Lennart Grill,1999-01-25T00:00:00.000Z,191.0,right,Germany,GK,,400000.0
939409,94937,Maximilian Breunig,2000-08-14T00:00:00.000Z,195.0,left,Germany,ST,,600000.0
1188661,9743,Claudio Kammerknecht,1999-07-07T00:00:00.000Z,187.0,right,Sri Lanka,CB,RB,400000.0
820748,9776,Aaron Opoku,1999-03-28T00:00:00.000Z,185.0,right,Germany,RW,"RB,AM,LW",700000.0
1552927,9775,Luca Raimund,2005-04-09T00:00:00.000Z,188.0,left,Germany,AM,RM,400000.0
965327,8188,Alexander Ahl Holmström,1999-04-04T00:00:00.000Z,191.0,right,Sweden,ST,,600000.0
1140910,8262,Florian Kleinhansl,2000-08-11T00:00:00.000Z,180.0,left,Germany,LWB,,500000.0
822832,8262,Raoul Petretta,1997-03-24T00:00:00.000Z,175.0,left,Italy,LB,,600000.0
459002,8350,Kenny-Prince Redondo,1994-08-29T00:00:00.000Z,181.0,left,Germany,AM,,400000.0
1487914,8458,Jarzinho Malanga,2006-07-10T00:00:00.000Z,179.0,right,Germany,forward,,1700000.0
1281521,8150,Marcus Müller,2002-08-20T00:00:00.000Z,188.0,right,Germany,ST,,500000.0
1560749,8264,Javier Fernández,2006-11-28T00:00:00.000Z,186.0,,Spain,DM,,3000000.0
862292,9912,Isaiah Young,1998-03-30T00:00:00.000Z,181.0,right,USA,RW,,300000.0
1072817,8480,Dominik Kother,2000-03-16T00:00:00.000Z,180.0,right,Germany,LW,LM,450000.0
1838023,10189,Mika Wallentowitz,2007-12-28T00:00:00.000Z,,,Germany,RWB,,
1280040,9776,Louis Breunig,2003-11-14T00:00:00.000Z,184.0,both,Germany,CB,,900000.0
1664686,8296,Noah Pesch,2005-05-18T00:00:00.000Z,183.0,right,Croatia,RW,,600000.0
873236,8177,Jón Thorsteinsson,1998-11-26T00:00:00.000Z,177.0,right,Iceland,LW,"CM,AM",
1571177,8295,Meiko Wäschenbach,2004-01-13T00:00:00.000Z,178.0,right,Germany,CM,,400000.0
884276,8188,Moritz-Broni Kwarteng,1998-04-28T00:00:00.000Z,175.0,both,Germany,forward,,750000.0
1073303,8293,Aljaz Casar,2000-09-17T00:00:00.000Z,190.0,right,Slovenia,DM,CM,450000.0
1079809,8357,Doni Arifi,2002-04-11T00:00:00.000Z,,left,Finland,CM,DM,600000.0
1073485,8194,Jomaine Consbruch,2002-01-26T00:00:00.000Z,174.0,right,Germany,forward,,600000.0
747765,9912,Sam Schreck,1999-01-29T00:00:00.000Z,180.0,both,Germany,CM,,350000.0
560976,10189,Janik Bachmann,1996-05-06T00:00:00.000Z,189.0,right,Germany,midfielder,,500000.0
1030929,8357,Felix Higl,1997-01-08T00:00:00.000Z,194.0,left,Germany,ST,,350000.0
1524023,8296,Tony Menzel,2005-03-06T00:00:00.000Z,179.0,right,Germany,AM,,600000.0
1531833,8188,Luka Hyryläinen,2004-08-25T00:00:00.000Z,197.0,right,Finland,DM,CM,1700000.0
464251,4024,Mahir Emreli,1997-07-01T00:00:00.000Z,188.0,left,Azerbaijan,ST,,600000.0
770566,8177,Leon Jensen,1997-05-19T00:00:00.000Z,175.0,both,Germany,DM,,700000.0
458599,165250,Fabio Kaufmann,1992-09-08T00:00:00.000Z,181.0,both,Germany,RM,,300000.0
1253909,8150,Andu Yobel Kelati,2002-08-13T00:00:00.000Z,181.0,right,Germany,AM,CM,700000.0
1439629,8177,Pascal Klemens,2005-02-23T00:00:00.000Z,186.0,right,Germany,DM,,2000000.0
469705,8480,Stefan Kutschke,1988-11-03T00:00:00.000Z,194.0,right,Germany,forward,,0.0
970587,8460,Marcel Hoffmeier,1999-07-15T00:00:00.000Z,180.0,right,Germany,CB,,1000000.0
1068297,1074320,Atanas Chernev,2002-03-25T00:00:00.000Z,195.0,right,Bulgaria,CB,,700000.0
215159,10189,Kevin Müller,1991-03-15T00:00:00.000Z,189.0,right,Germany,GK,,300000.0
1452488,9775,Leon Opitz,2005-04-11T00:00:00.000Z,183.0,left,Germany,forward,,600000.0
1111074,8021,Levente Szabó,1999-06-06T00:00:00.000Z,195.0,right,Hungary,ST,,
1276194,8398,Lucas Copado,2004-01-10T00:00:00.000Z,183.0,right,Germany,ST,,600000.0
1054789,1773,Shin Yamada,2000-05-30T00:00:00.000Z,175.0,right,Japan,ST,,800000.0
1437911,9904,Hendry Blank,2004-08-21T00:00:00.000Z,189.0,left,Germany,CB,,1200000.0
1668543,145486,David Abrangao,2004-08-08T00:00:00.000Z,,,Germany,LWB,LB,400000.0
1386683,8480,Jonas Oehmichen,2004-03-03T00:00:00.000Z,177.0,,Germany,LWB,"DM,RM",500000.0
406267,4177,Jeremy Dudziak,1995-08-28T00:00:00.000Z,176.0,left,Tunisia,midfielder,,400000.0
1185143,8262,Fynn Lakenmacher,2000-05-10T00:00:00.000Z,188.0,right,Germany,ST,,400000.0
1921200,8150,Ikem Ugoh,2005-07-11T00:00:00.000Z,178.0,,Germany,CM,,700000.0
303938,8171,Simon Scherder,1993-04-02T00:00:00.000Z,189.0,both,Germany,CB,,225000.0
1515970,9912,Julian Kania,2001-10-10T00:00:00.000Z,192.0,right,Germany,ST,,400000.0
982335,8480,Tobias Raschl,2000-02-21T00:00:00.000Z,177.0,right,Germany,CM,,500000.0
1185266,8296,Dickson Abiama,1998-11-03T00:00:00.000Z,184.0,both,Nigeria,LW,"RW,AM,ST",400000.0
1056267,163008,Mickaël Biron,1997-08-26T00:00:00.000Z,170.0,right,Martinique,ST,,600000.0
1709764,8165,Justin von der Hitz,2006-10-22T00:00:00.000Z,177.0,right,Germany,RB,,700000.0
951909,8171,Morten Behrens,1997-04-01T00:00:00.000Z,193.0,right,Germany,GK,,250000.0
1337791,8262,Yosuke Furukawa,2003-07-16T00:00:00.000Z,174.0,right,Japan,RM,,600000.0
1455252,8460,Kennedy Okpala,2004-12-17T00:00:00.000Z,,right,Germany,ST,"AM,LW,RW",1500000.0
909433,8262,Carlo Sickinger,1997-07-29T00:00:00.000Z,185.0,both,Germany,DM,,600000.0
1286164,8357,Noah König,2003-05-17T00:00:00.000Z,180.0,right,Germany,CB,,300000.0
1400523,8194,Danny Schmidt,2003-01-30T00:00:00.000Z,188.0,right,Germany,ST,,350000.0
815566,10189,Bryan Lasme,1998-11-14T00:00:00.000Z,188.0,right,France,forward,,600000.0
1759644,9911,Kacper Koscierski,2007-06-23T00:00:00.000Z,,right,Germany,RM,,
1436615,8150,Frederik Roslyng,2005-12-25T00:00:00.000Z,,,Denmark,CB,,1000000.0
1669436,9874,Mathis Clairicia,2002-08-30T00:00:00.000Z,188.0,right,France,forward,,
1076655,10012,Leon Klassen,2000-05-29T00:00:00.000Z,176.0,left,Germany,LW,LB,
1323479,94941,Tim Rossmann,2003-11-11T00:00:00.000Z,181.0,left,Germany,LWB,,1000000.0
1553520,276267,Noah Maboulou,2005-01-16T00:00:00.000Z,,,Congo,forward,,300000.0
207039,9982,Danilo Soares,1991-10-29T00:00:00.000Z,170.0,left,Brazil,LWB,,
642536,8350,Erik Wekesser,1997-07-03T00:00:00.000Z,180.0,left,Germany,LWB,,400000.0
939400,9911,Romario Rösch,1999-07-01T00:00:00.000Z,182.0,both,Germany,midfielder,,400000.0
1606589,8194,Jordi Paulina,2004-09-23T00:00:00.000Z,,right,Curacao,midfielder,,500000.0
1339293,8165,Styopa Mkrtchyan,2003-02-17T00:00:00.000Z,192.0,left,Armenia,CB,DM,600000.0
1238697,8188,Eldin Dzogovic,2003-06-08T00:00:00.000Z,180.0,right,Luxembourg,RM,,300000.0
665319,9776,Elhan Kastrati,1997-02-02T00:00:00.000Z,189.0,right,Albania,GK,,500000.0
614571,8262,Matthias Bader,1997-06-17T00:00:00.000Z,176.0,right,Germany,defender,,500000.0
1975549,8350,David Schramm,2006-06-28T00:00:00.000Z,,,Germany,DM,,
1185260,9888,Jamil Siebert,2002-04-02T00:00:00.000Z,193.0,right,Germany,CB,,4500000.0
1257828,8398,Marcel Lotka,2001-05-25T00:00:00.000Z,190.0,right,Germany,GK,,500000.0
1279557,8558,Clemens Riedel,2003-07-19T00:00:00.000Z,186.0,right,Germany,CB,RB,
958204,8171,Malik Batmaz,2000-03-17T00:00:00.000Z,180.0,right,Turkiye,ST,,450000.0
874540,8188,Daniel Heber,1994-07-04T00:00:00.000Z,182.0,right,Germany,CB,,400000.0
859569,8485,Afeez Aremu,1999-10-03T00:00:00.000Z,181.0,right,Nigeria,DM,CM,
664804,8188,Connor Krempicki,1994-09-14T00:00:00.000Z,178.0,both,Germany,midfielder,,300000.0
178833,7998,Sebastian Polter,1991-04-01T00:00:00.000Z,192.0,right,Germany,ST,,
1110703,8262,Bartosz Bialek,2001-11-11T00:00:00.000Z,191.0,right,Poland,forward,,600000.0
936618,1638013,Moritz Broschinski,2000-09-23T00:00:00.000Z,190.0,right,Germany,ST,,
402975,10219,Jean-Paul Boëtius,1994-03-22T00:00:00.000Z,178.0,right,Suriname,DM,CM,
628310,6244,Ado Onaiwu,1995-11-08T00:00:00.000Z,180.0,right,Japan,ST,,
1231555,8262,Noah Weisshaupt,2001-09-20T00:00:00.000Z,181.0,right,Germany,RW,,1500000.0
1659415,8293,Peter Remmert,2005-07-09T00:00:00.000Z,193.0,right,Germany,AM,,400000.0
715610,9911,Ibrahim Sissoko,1995-11-27T00:00:00.000Z,192.0,right,Mali,forward,,600000.0
1480714,856680,Aldin Jakupovic,2006-06-04T00:00:00.000Z,,,Slovenia,forward,,400000.0
1755330,8165,Eric Porstner,2007-05-09T00:00:00.000Z,187.0,left,Germany,defender,,500000.0
1206523,10011,Julian Hettwer,2003-06-15T00:00:00.000Z,184.0,right,Germany,forward,,900000.0
1275289,9904,Franz Roggow,2002-07-14T00:00:00.000Z,186.0,right,Germany,midfielder,,400000.0
1179897,9912,Leo Oppermann,2001-08-28T00:00:00.000Z,191.0,right,Germany,keeper,,250000.0
1255833,9911,Mikkel Rakneberg,2002-02-28T00:00:00.000Z,187.0,,Norway,LB,,700000.0
1619435,8357,Omar Sillah,2003-07-25T00:00:00.000Z,192.0,right,Germany,forward,,300000.0
1668657,8264,Grayson Dettoni,2005-06-29T00:00:00.000Z,,right,USA,defender,,200000.0
1832591,8295,Eymen Laghrissi,2008-06-04T00:00:00.000Z,,,Germany,forward,,
1320890,10189,Emil Højlund,2005-01-04T00:00:00.000Z,191.0,right,Denmark,midfielder,,500000.0
495216,8194,Jordy de Wijs,1995-01-08T00:00:00.000Z,189.0,left,Netherlands,defender,,400000.0
1529392,10189,Paul Pöpperl,2003-02-25T00:00:00.000Z,180.0,both,Germany,forward,,
1432341,9823,Tarek Buchmann,2005-02-28T00:00:00.000Z,188.0,right,Germany,defender,,300000.0
734285,8407,Jan Hendrik Marx,1995-04-26T00:00:00.000Z,173.0,both,Germany,defender,,200000.0
448805,8165,Christian Mathenia,1992-03-31T00:00:00.000Z,189.0,right,Germany,GK,,300000.0
554299,8480,Daniel Mesenhöler,1995-07-24T00:00:00.000Z,187.0,right,Germany,keeper,,125000.0
434259,8177,Marius Gersbeck,1995-06-20T00:00:00.000Z,187.0,left,Germany,keeper,,350000.0
312560,8295,Robin Himmelmann,1989-02-05T00:00:00.000Z,187.0,right,Germany,keeper,,150000.0
1921594,8350,Enis Kamga,2007-07-08T00:00:00.000Z,,,Germany,GK,,300000.0
1374278,10199,Simon Simoni,2004-07-14T00:00:00.000Z,192.0,right,Albania,GK,,600000.0
1793491,8165,Ayoub Chaikhoun,2006-01-22T00:00:00.000Z,,right,Morocco,midfielder,,500000.0
1406767,7789,Marco Wörner,2004-09-25T00:00:00.000Z,185.0,,Germany,ST,"RW,LW",350000.0
1057426,10192,Armin Gigovic,2002-04-06T00:00:00.000Z,187.0,right,Bosnia and Herzegovina,DM,"CM,LM,AM,ST",
1129220,9776,Anas Bakhat,2000-04-02T00:00:00.000Z,180.0,both,Germany,midfielder,,200000.0
1280567,8271,Mladen Cvjetinovic,2003-09-18T00:00:00.000Z,188.0,right,Germany,CB,,450000.0
171548,9904,Håvard Nielsen,1993-07-15T00:00:00.000Z,187.0,right,Norway,forward,,300000.0
1672559,94940,Florian Micheler,2005-05-17T00:00:00.000Z,185.0,right,Austria,DM,"CM,AM",400000.0
1447957,8396,Louis Köster,2003-01-25T00:00:00.000Z,189.0,right,Germany,forward,,
1711728,8177,Janne Berner,2005-04-06T00:00:00.000Z,,,Germany,defender,,300000.0
1730149,8232,Raif Adam,2005-09-07T00:00:00.000Z,,,Germany,midfielder,,500000.0
1681495,8177,Boris Lum,2007-10-02T00:00:00.000Z,173.0,right,Germany,CM,DM,1000000.0
1256221,9776,Sidney Raebiger,2005-04-17T00:00:00.000Z,176.0,right,Germany,midfielder,,250000.0
724948,10180,Ondrej Karafiát,1994-12-01T00:00:00.000Z,182.0,right,Czechia,CB,CM,
1479924,178475,Robert Ramsak,2006-10-28T00:00:00.000Z,185.0,right,Germany,forward,,
1794103,8357,Raul Marita,2006-09-27T00:00:00.000Z,,left,Romania,defender,,400000.0
1659450,10189,Max Grüger,2005-05-24T00:00:00.000Z,185.0,right,Germany,midfielder,,1200000.0
1862541,8350,Owen Gibs,2006-11-21T00:00:00.000Z,,,Germany,midfielder,,
1859997,9912,Eyyüb Yasar,2008-01-21T00:00:00.000Z,,,Germany,midfielder,,
1437477,8357,Sacha Bansé,2001-03-16T00:00:00.000Z,180.0,right,Burkina Faso,midfielder,,650000.0
1807380,9911,Darnell Keumo,2007-10-01T00:00:00.000Z,172.0,,Germany,defender,,
450978,9911,Marcel Sobottka,1994-04-25T00:00:00.000Z,183.0,right,Germany,midfielder,,300000.0
1899554,8165,Marko Soldic,2010-01-06T00:00:00.000Z,,right,Germany,midfielder,,1000000.0
1576553,9824,Juan Cabrera,2003-02-27T00:00:00.000Z,188.0,right,Uruguay,midfielder,,300000.0
1646506,8194,Kilian Sauck,2007-03-27T00:00:00.000Z,174.0,,Germany,midfielder,,400000.0
1838936,8350,Dion Hofmeister,2009-07-11T00:00:00.000Z,,,Germany,midfielder,,1000000.0
1664824,8168,Vincent Ocansey,2000-09-10T00:00:00.000Z,193.0,,Germany,ST,,125000.0
1688757,10189,Dylan Leonard,2007-05-14T00:00:00.000Z,,,Australia,defender,,400000.0
1874938,8357,Mehmet Avlayici,2006-06-16T00:00:00.000Z,,,Germany,midfielder,,
1688700,10219,Keyan Varela,2006-04-26T00:00:00.000Z,182.0,,Portugal,LW,,1500000.0
1620629,8295,Mateo Kritzer,2006-03-07T00:00:00.000Z,182.0,right,Germany,midfielder,,500000.0
1487872,10188,Taylan Bulut,2006-01-19T00:00:00.000Z,188.0,right,Germany,RB,,
1282581,10190,Colin Kleine-Bekel,2003-01-24T00:00:00.000Z,191.0,right,Germany,CB,,
1087772,8262,Serhat-Semih Güler,1997-07-12T00:00:00.000Z,181.0,right,Germany,forward,,250000.0
1899702,8150,Leon Parduzi,2006-12-10T00:00:00.000Z,,left,Kosovo,LB,,300000.0
784735,8232,Luca Pfeiffer,1996-08-20T00:00:00.000Z,196.0,right,Germany,forward,,500000.0
1981020,8171,Mikail Demirhan,2006-06-06T00:00:00.000Z,,,Germany,midfielder,,
1801952,8460,Niklas Mohr,2004-07-23T00:00:00.000Z,179.0,,Germany,defender,,500000.0
1894254,8171,Marvin Schulz,2004-04-11T00:00:00.000Z,172.0,right,Germany,forward,,450000.0
553597,8460,David Kinsombi,1995-12-12T00:00:00.000Z,183.0,both,Germany,midfielder,,400000.0
1666110,8295,Robert Geller,2004-01-05T00:00:00.000Z,185.0,right,Germany,midfielder,,
1385648,8194,Hamza Anhari,2004-01-30T00:00:00.000Z,178.0,right,Morocco,midfielder,,125000.0
1611057,8177,Tim Hoffmann,2005-02-26T00:00:00.000Z,184.0,left,Germany,defender,,225000.0
1307640,8171,Antonio Tikvic,2004-04-21T00:00:00.000Z,198.0,left,Croatia,defender,,700000.0
1594755,8396,Ken Izekor,2007-05-24T00:00:00.000Z,177.0,left,Germany,ST,,400000.0
1692032,8171,Leon Tasov,2004-11-13T00:00:00.000Z,175.0,right,North Macedonia,forward,,
1290482,8171,Tim-Justin Dietrich,2002-11-08T00:00:00.000Z,188.0,,Germany,defender,,
1807384,8201,Daniel Hulsenbusch,2005-01-18T00:00:00.000Z,196.0,,Germany,defender,,50000.0
1724698,9912,Daniel Richter,2008-04-08T00:00:00.000Z,180.0,right,Germany,forward,,
1760024,8177,Niklas Hildebrandt,2008-07-08T00:00:00.000Z,,right,Germany,forward,,
1975550,8350,Ben Jungfleisch,2008-06-14T00:00:00.000Z,,,Germany,midfielder,,
1797148,8186,Soufian Gouram,2006-05-01T00:00:00.000Z,,right,Estonia,CM,,
788496,10189,Anton Donkor,1997-11-11T00:00:00.000Z,183.0,both,Germany,defender,,400000.0
1520467,8192,Marvin Benjamins,2002-09-25T00:00:00.000Z,183.0,left,Germany,midfielder,,50000.0
1081024,9776,Frederik Jäkel,2001-03-07T00:00:00.000Z,193.0,right,Germany,defender,,400000.0
1816238,10189,Ayman Gülasi,2006-05-05T00:00:00.000Z,,,Turkiye,midfielder,,
1514602,339999,Ali Eren Ersungur,2005-11-22T00:00:00.000Z,185.0,right,Turkiye,midfielder,,300000.0
1382008,9776,Sanoussy Ba,2004-01-05T00:00:00.000Z,184.0,both,Germany,RB,RWB,250000.0
1557279,8295,Niclas Dühring,2004-01-15T00:00:00.000Z,181.0,left,Germany,defender,,175000.0
1804160,8460,Albert Millgramm,2004-11-12T00:00:00.000Z,,,Germany,midfielder,,
932422,9912,Lukas Kunze,1998-06-14T00:00:00.000Z,191.0,right,Germany,CM,RM,300000.0
954188,9753,Marvin Rittmüller,1999-03-07T00:00:00.000Z,177.0,both,Germany,RWB,"RB,LWB,RM",350000.0
830161,8304,Agustín Rogel,1997-10-17T00:00:00.000Z,190.0,right,Uruguay,CB,,
1713012,8721,Eryk Grzywacz,2006-03-24T00:00:00.000Z,185.0,right,Poland,midfielder,,250000.0
1674441,10189,Mauro Zalazar,2005-04-13T00:00:00.000Z,175.0,right,Uruguay,midfielder,,
913716,8188,Samuel Loric,2000-06-05T00:00:00.000Z,183.0,left,France,defender,,450000.0
1717550,10189,Zaid Amoussou-Tchibara,2006-02-21T00:00:00.000Z,,right,Togo,forward,,
278831,339999,John Anthony Brooks,1993-01-28T00:00:00.000Z,193.0,left,USA,defender,,200000.0
1862548,8350,Erik Muller,2006-06-11T00:00:00.000Z,,right,Germany,midfielder,,
787484,8271,Phillip Menzel,1998-08-18T00:00:00.000Z,191.0,right,Germany,GK,,400000.0
1487903,8165,Winners Osawe,2006-11-29T00:00:00.000Z,189.0,right,Germany,CM,DM,450000.0
289216,8294,Benjamin Uphoff,1993-08-08T00:00:00.000Z,190.0,right,Germany,GK,,275000.0
1315815,8293,Maximilian Braune,2003-07-06T00:00:00.000Z,186.0,right,Germany,GK,,275000.0
205710,9775,Lukas Jonsson,1992-10-21T00:00:00.000Z,191.0,right,Sweden,GK,,200000.0
1532853,8293,Martin Ens,2001-12-20T00:00:00.000Z,187.0,right,Germany,CB,,450000.0
1286191,8020,Philipp Schulze,2003-01-29T00:00:00.000Z,190.0,,Germany,GK,,400000.0
458620,9775,Jannik Müller,1994-01-18T00:00:00.000Z,186.0,right,Germany,CB,,400000.0
620154,8271,Florian Pick,1995-09-08T00:00:00.000Z,176.0,right,Germany,RW,"AM,LW,ST",500000.0
1001334,8296,José-Enrique Ríos Alonso,2000-08-13T00:00:00.000Z,182.0,right,Germany,CB,,350000.0
556540,94937,Marcel Costly,1995-11-20T00:00:00.000Z,183.0,right,Germany,RW,"RM,AM,ST",450000.0
554531,8294,Marco Schuster,1995-10-10T00:00:00.000Z,179.0,right,Germany,DM,"CB,CM",400000.0
866148,8196,Jordy Gillekens,2000-02-18T00:00:00.000Z,,right,Belgium,CB,,400000.0
1186014,7896,Felix Gebhardt,2002-03-01T00:00:00.000Z,188.0,right,Germany,GK,,325000.0
872402,7783,Berkan Taz,1998-12-19T00:00:00.000Z,174.0,both,Germany,ST,"CM,AM,LW",700000.0
951925,8293,Tobias Fleckstein,1999-04-24T00:00:00.000Z,190.0,right,Germany,CB,,300000.0
776085,8234,Simon Lorenz,1997-03-30T00:00:00.000Z,186.0,right,Germany,CB,,400000.0
1406447,8319,Tristan Zobel,2003-10-04T00:00:00.000Z,192.0,left,Germany,CB,,225000.0
862686,8398,Erik Engelhardt,1998-04-18T00:00:00.000Z,179.0,left,Germany,ST,RW,650000.0
488297,8398,Axel Borgmann,1994-07-08T00:00:00.000Z,179.0,left,Germany,LB,"DM,CM,LM,LW",250000.0
555654,8398,Tolcay Cigerci,1995-01-24T00:00:00.000Z,180.0,left,Turkiye,RW,"DM,CM,AM,ST",600000.0
1283015,8196,Justin Janitzek,2004-02-10T00:00:00.000Z,192.0,,Germany,CB,,500000.0
1089910,9753,Siemen Voet,2000-02-03T00:00:00.000Z,190.0,left,Belgium,CB,,400000.0
314960,94937,Thomas Dähne,1994-01-04T00:00:00.000Z,193.0,both,Germany,GK,,350000.0
1188856,8196,Tarik Gözüsirin,2001-08-08T00:00:00.000Z,176.0,both,Turkiye,CM,DM,500000.0
1352636,94937,Oualid Mhamdi,2003-05-20T00:00:00.000Z,187.0,right,Morocco,RB,,900000.0
964599,8480,Robin Meißner,1999-10-08T00:00:00.000Z,181.0,both,Germany,ST,AM,700000.0
941217,8201,Dennis Dressel,1998-10-26T00:00:00.000Z,184.0,left,Germany,DM,"CB,CM",350000.0
932268,8295,Viktor Bergh,1999-07-26T00:00:00.000Z,172.0,,Sweden,LB,"LWB,LM",500000.0
1529522,7789,Leopold Wurm,2006-03-21T00:00:00.000Z,194.0,right,Germany,CB,,1200000.0
659086,10269,Marius Funk,1996-01-01T00:00:00.000Z,187.0,right,Germany,GK,,300000.0
1580112,94940,Deniz Zeitler,2006-12-13T00:00:00.000Z,181.0,both,Germany,LW,"AM,ST",
775691,9775,Patrick Kammerbauer,1997-02-11T00:00:00.000Z,174.0,right,Germany,RWB,RB,350000.0
1072484,7783,Dennis Waidner,2001-02-08T00:00:00.000Z,174.0,right,Germany,CM,"CB,DM,AM",275000.0
906921,276267,David Otto,1999-03-03T00:00:00.000Z,185.0,right,Germany,ST,"RM,RW,AM",400000.0
1426063,8271,Lasse Wilhelm,2003-03-20T00:00:00.000Z,186.0,,Germany,CB,RB,400000.0
740595,9743,Thijmen Nijhuis,1998-07-25T00:00:00.000Z,196.0,right,Netherlands,GK,,300000.0
1263675,9904,Lars Gindorf,2001-08-13T00:00:00.000Z,182.0,left,Germany,AM,"LW,ST",1000000.0
763975,8293,Joshua Bitter,1997-01-01T00:00:00.000Z,185.0,right,Germany,RB,CB,300000.0
1250794,9775,Leonhard Münst,2002-01-22T00:00:00.000Z,183.0,right,Germany,CM,"DM,LWB,AM,RW",400000.0
967474,8234,Jonas Scholz,1999-01-24T00:00:00.000Z,189.0,left,Germany,CB,,350000.0
1146375,8201,Max Brandt,2001-06-02T00:00:00.000Z,180.0,right,Germany,DM,"CM,AM",350000.0
700075,8398,Dominik Pelivan,1996-06-08T00:00:00.000Z,185.0,right,Germany,DM,"CB,CM",350000.0
659093,8234,Max Besuschkow,1997-05-31T00:00:00.000Z,188.0,right,Germany,AM,"DM,CM",450000.0
1438496,8262,Yannik Lührs,2003-09-09T00:00:00.000Z,190.0,right,Germany,CB,LB,600000.0
289486,276267,Simon Handle,1993-01-25T00:00:00.000Z,170.0,both,Germany,LWB,"RB,LB,RWB,LM,LW",0.0
988143,8293,Can Coskun,1998-03-28T00:00:00.000Z,171.0,left,Germany,LB,LWB,300000.0
767797,7789,Adrian Fein,1999-03-18T00:00:00.000Z,186.0,both,Germany,DM,"CM,AM",350000.0
1567973,94940,Lúkas Petersson,2004-02-09T00:00:00.000Z,195.0,right,Iceland,GK,,
1072117,9746,Kaito Mizuta,2000-04-08T00:00:00.000Z,182.0,both,Japan,AM,"CM,LM,LW,ST",600000.0
1473681,8460,Nyamekye Awortwie-Grant,2000-08-07T00:00:00.000Z,190.0,right,Germany,CB,,400000.0
237542,7780,Johannes Geis,1993-08-17T00:00:00.000Z,181.0,right,Germany,CM,"CB,DM,AM",175000.0
391679,9775,Bjarke Jacobsen,1993-08-21T00:00:00.000Z,190.0,right,Denmark,DM,,225000.0
938537,9750,Fatih Kaya,1999-11-13T00:00:00.000Z,183.0,both,Turkiye,ST,"AM,RW",500000.0
687869,9743,Niklas Hoffmann,1997-04-09T00:00:00.000Z,190.0,both,Germany,CB,,250000.0
1174731,9912,Mika Schroers,2002-02-04T00:00:00.000Z,181.0,both,Germany,ST,"LM,AM",750000.0
1052358,9775,Niklas Wiemann,1999-02-23T00:00:00.000Z,190.0,left,Germany,CB,,350000.0
1385841,7789,Noel Eichinger,2001-08-02T00:00:00.000Z,183.0,right,Germany,AM,"RW,ST,LW",500000.0
1288516,7783,Fynn Otto,2002-03-08T00:00:00.000Z,192.0,both,Germany,CB,,600000.0
978381,8460,Timur Gayret,1998-08-08T00:00:00.000Z,176.0,,Germany,CM,"DM,RM,LM,RW,LW",450000.0
1184443,7789,Felix Strauß,2001-03-26T00:00:00.000Z,186.0,right,Austria,CB,,400000.0
657655,7783,Niko Kijewski,1996-03-28T00:00:00.000Z,175.0,left,Germany,LB,,325000.0
1281097,8262,Lars Kehl,2002-04-08T00:00:00.000Z,178.0,right,Germany,AM,LW,750000.0
658797,9753,Thore Jacobsen,1997-04-19T00:00:00.000Z,182.0,left,Germany,DM,CM,350000.0
1246508,8234,Fredrik Carlsen,2001-12-01T00:00:00.000Z,193.0,right,Denmark,AM,"DM,CM,LW",400000.0
884542,8294,Florian Carstens,1998-11-08T00:00:00.000Z,192.0,right,Germany,CB,,400000.0
784441,276267,Lars Dietz,1997-01-07T00:00:00.000Z,187.0,right,Germany,CB,,250000.0
1307883,9743,Janne Sietan,2002-06-08T00:00:00.000Z,,,Germany,DM,"CB,CM",350000.0
855128,89338,Besfort Kolgeci,1998-01-05T00:00:00.000Z,188.0,left,Kosovo,CB,,150000.0
586178,89338,Julius Düker,1996-01-04T00:00:00.000Z,187.0,both,Germany,CM,"DM,LM,AM",150000.0
1189797,8196,Niklas May,2002-04-10T00:00:00.000Z,182.0,left,Germany,LB,"LWB,LM",400000.0
664552,9743,Lukas Klünter,1996-05-26T00:00:00.000Z,187.0,right,Germany,RB,"CB,RWB",350000.0
820641,8294,Niklas Kölle,1999-11-17T00:00:00.000Z,182.0,left,Germany,LB,"LWB,LM",275000.0
885332,89338,Johann Berger,1999-07-23T00:00:00.000Z,184.0,right,Germany,CM,"CB,DM",200000.0
1035311,89338,Nassim Boujellab,1999-06-20T00:00:00.000Z,181.0,both,Morocco,CM,AM,225000.0
1688937,94937,Paul Hennrich,2005-03-06T00:00:00.000Z,181.0,left,Germany,AM,"CM,RW,LW,ST",1200000.0
659055,8271,Calogero Rizzuto,1992-01-05T00:00:00.000Z,170.0,right,Germany,RB,"LB,RWB,LWB,RW",175000.0
659081,8319,Ryan Malone,1992-08-11T00:00:00.000Z,188.0,right,USA,CB,,175000.0
979511,8293,Lex-Tyger Lobinger,1999-02-22T00:00:00.000Z,192.0,right,Germany,ST,,500000.0
862954,8294,Kenan Fatkic,1997-08-20T00:00:00.000Z,186.0,left,Slovenia,DM,"CM,LW",400000.0
631761,8165,Sigurd Haugen,1997-07-17T00:00:00.000Z,187.0,right,Norway,ST,,600000.0
1185750,8296,Jakob Golz,1998-08-16T00:00:00.000Z,187.0,both,Germany,GK,,350000.0
276786,8293,Alexander Hahn,1993-01-20T00:00:00.000Z,187.0,right,Germany,CB,,200000.0
962044,7780,Toni Stahl,1999-09-17T00:00:00.000Z,194.0,right,Germany,GK,,150000.0
1457957,94940,Valentin Lässig,2003-03-03T00:00:00.000Z,177.0,,Germany,CB,"LB,DM",800000.0
887941,89338,Semi Belkahia,1998-12-22T00:00:00.000Z,193.0,both,Germany,CB,,225000.0
1517121,276267,Tim Kloss,2004-06-05T00:00:00.000Z,190.0,left,Germany,CB,DM,350000.0
1080482,8293,Rasim Bulic,2000-12-10T00:00:00.000Z,196.0,right,Germany,DM,CM,500000.0
1383372,1634,Leny Meyer,2004-07-01T00:00:00.000Z,182.0,left,Switzerland,LB,CB,600000.0
212893,9753,Kevin Volland,1992-07-30T00:00:00.000Z,179.0,left,Germany,AM,"LM,ST",0.0
554961,8201,Dennis Chessa,1992-10-19T00:00:00.000Z,175.0,both,Germany,RW,"RM,AM",200000.0
693728,8458,Nicolás Sessa,1996-03-23T00:00:00.000Z,172.0,left,Argentina,AM,"DM,CM,RW",250000.0
1185204,8319,Pascal Fallmann,2003-11-07T00:00:00.000Z,187.0,right,Austria,RB,"CB,LB,RW",350000.0
864436,8188,Torben Müsel,1999-07-25T00:00:00.000Z,185.0,right,Germany,DM,"CM,AM,RW",450000.0
1187387,276267,Lucas Wolf,2001-08-28T00:00:00.000Z,173.0,right,Germany,DM,"RWB,CM,AM",275000.0
95086,8319,Martin Männel,1988-03-16T00:00:00.000Z,183.0,right,Germany,GK,,100000.0
959283,8296,Lucas Brumme,1999-09-25T00:00:00.000Z,177.0,left,Germany,LB,"LWB,LM,LW",350000.0
846014,8194,Eric Hottmann,2000-02-08T00:00:00.000Z,187.0,right,Germany,ST,,350000.0
416121,8086,Felix Lohkemper,1995-01-26T00:00:00.000Z,180.0,right,Germany,ST,LW,300000.0
1409696,89338,Marko Ilic,1999-05-31T00:00:00.000Z,178.0,left,Germany,ST,"LWB,RM,CM,LM",225000.0
555384,8357,Christian Ortag,1995-01-14T00:00:00.000Z,191.0,right,Germany,GK,,200000.0
1596360,9776,Samuele Di Benedetto,2005-07-16T00:00:00.000Z,175.0,left,Germany,DM,"CB,CM,AM",700000.0
658792,8396,Danilo Wiebe,1994-03-22T00:00:00.000Z,187.0,right,Germany,DM,"CB,CM",200000.0
1257511,276267,Meiko Sponsel,2002-02-28T00:00:00.000Z,,right,Germany,CB,"RB,RWB",250000.0
862943,8234,Kai Eisele,1995-06-25T00:00:00.000Z,190.0,both,Germany,GK,,225000.0
1347936,89338,Leon Sommer,2001-03-10T00:00:00.000Z,178.0,,Germany,RWB,"LWB,RM",175000.0
1709032,94940,Luca Erlein,2007-07-05T00:00:00.000Z,,both,Germany,RB,CB,2000000.0
1081862,8171,Lucas Zeller,2000-03-14T00:00:00.000Z,,,Germany,CB,"RB,LWB",150000.0
1382721,8319,Eric Uhlmann,2003-01-05T00:00:00.000Z,181.0,right,Germany,DM,"CB,CM",350000.0
1789642,8357,Florian Hellstern,2007-10-18T00:00:00.000Z,188.0,,Germany,GK,,
962306,8294,Ahmet Gürleyen,1999-04-26T00:00:00.000Z,193.0,right,Germany,CB,,400000.0
942374,8201,Leon Dajaku,2001-04-12T00:00:00.000Z,180.0,right,Germany,LW,"LM,RW",400000.0
1700267,10269,Mirza Catovic,2007-05-01T00:00:00.000Z,190.0,left,Germany,DM,CM,
1484646,8396,Joel da Silva Kiala,2004-01-21T00:00:00.000Z,189.0,,Germany,CB,,400000.0
1663161,8458,Christopher Olivier,2006-01-31T00:00:00.000Z,187.0,right,Austria,RB,CB,1200000.0
571536,8296,Klaus Gjasula,1989-12-14T00:00:00.000Z,190.0,both,Albania,DM,CM,200000.0
1382720,7780,Devin Angleberger,2003-03-05T00:00:00.000Z,179.0,right,Germany,CM,DM,150000.0
658831,8296,Ruben Reisig,1996-03-16T00:00:00.000Z,193.0,,Germany,DM,CM,275000.0
1479921,8232,Noah Darvich,2006-09-25T00:00:00.000Z,,left,Germany,RW,"DM,CM,AM,LW",
848670,8293,Christian Viet,1999-03-27T00:00:00.000Z,185.0,right,Germany,AM,"DM,CM",450000.0
1559822,8398,King Manu,2003-11-23T00:00:00.000Z,195.0,right,Germany,CB,,500000.0
953179,9743,Samuel Abifade,1999-09-17T00:00:00.000Z,186.0,left,Germany,LB,LWB,225000.0
682381,7780,Joshua Endres,1997-03-22T00:00:00.000Z,179.0,right,Germany,LM,"RM,LW,ST",150000.0
1398383,89338,Tom Opitz,2003-11-13T00:00:00.000Z,,,Germany,GK,,100000.0
1520556,7789,Benedikt Bauer,2003-08-17T00:00:00.000Z,179.0,both,Germany,LWB,"RB,LM",350000.0
458615,8319,Marvin Stefaniak,1995-02-03T00:00:00.000Z,178.0,right,Germany,LW,"LM,RW,AM",200000.0
1450813,7896,Joel Bichsel,2002-03-04T00:00:00.000Z,194.0,left,Switzerland,CB,,350000.0
673292,9775,Fridolin Wagner,1997-09-23T00:00:00.000Z,182.0,right,Germany,DM,"CM,AM",400000.0
1106859,8398,Henry Rorig,2000-03-03T00:00:00.000Z,182.0,right,Germany,RB,,300000.0
1294751,8196,Moritz Flotho,2002-05-26T00:00:00.000Z,,right,Germany,ST,,500000.0
688712,8294,Jan Mejdr,1995-05-11T00:00:00.000Z,185.0,right,Czechia,RB,RWB,350000.0
1437228,7789,Nicolas Oliveira,2004-02-06T00:00:00.000Z,183.0,right,Germany,RWB,"LWB,RM,RW",450000.0
1250259,8721,Alessio Besio,2004-03-18T00:00:00.000Z,185.0,right,Switzerland,LW,"LM,ST",2000000.0
1177733,8319,Jonah Fabisch,2001-08-13T00:00:00.000Z,181.0,left,Zimbabwe,CM,"DM,AM",225000.0
623633,8201,Marcel Seegert,1994-04-29T00:00:00.000Z,186.0,both,Germany,CB,,175000.0
1789415,9743,Yannis Hör,2005-01-05T00:00:00.000Z,183.0,,Germany,LB,RB,300000.0
1412134,8188,Pierre Nadjombe,2003-05-10T00:00:00.000Z,180.0,right,Germany,RWB,"RB,RM",400000.0
458813,8458,Dominik Nothnagel,1994-12-28T00:00:00.000Z,184.0,both,Germany,CB,LB,225000.0
1701764,8186,Lukas Michelbrink,2005-04-15T00:00:00.000Z,181.0,right,Lithuania,DM,CM,600000.0
876793,7780,Pius Krätschmer,1997-06-16T00:00:00.000Z,187.0,left,Germany,CB,"LB,LWB,CM",150000.0
862328,8396,Marius Wegmann,1998-09-03T00:00:00.000Z,,right,Germany,CB,,275000.0
1130808,8271,Niko Bretschneider,1999-08-10T00:00:00.000Z,181.0,left,Germany,LB,LWB,250000.0
1709671,8396,Faton Ademi,2006-05-19T00:00:00.000Z,,,Germany,CM,DM,700000.0
1398971,7780,Luca Trslic,2001-05-08T00:00:00.000Z,190.0,,Germany,CB,RB,150000.0
971582,8196,Lukas Schleimer,1999-12-09T00:00:00.000Z,180.0,right,Germany,RM,"RW,AM,LW,ST",400000.0
1381850,7783,Joshua Eze,2003-03-20T00:00:00.000Z,186.0,,Germany,DM,CM,450000.0
1345042,8177,Gustav Christensen,2004-09-07T00:00:00.000Z,178.0,right,Denmark,LW,"RWB,LWB,RM,ST",350000.0
1099298,8293,Conor Noss,2001-01-01T00:00:00.000Z,180.0,both,Germany,RW,"AM,LW",500000.0
748861,8271,Kai Brünker,1994-06-10T00:00:00.000Z,189.0,right,Germany,ST,,300000.0
939399,8201,Jonathan Meier,1999-11-11T00:00:00.000Z,181.0,left,Germany,RB,"LB,RWB",250000.0
1183634,8293,Frederik Christensen,2002-06-07T00:00:00.000Z,180.0,left,Denmark,LWB,LB,500000.0
331527,7780,Thomas Meissner,1991-03-26T00:00:00.000Z,191.0,right,Germany,CB,,100000.0
840926,8293,Patrick Sussek,2000-02-08T00:00:00.000Z,,right,Germany,LW,,350000.0
1515922,9775,Robin Fabinski,2003-08-26T00:00:00.000Z,,right,Germany,CB,,450000.0
1214053,8295,Tim Civeja,2002-01-04T00:00:00.000Z,180.0,both,Germany,AM,"DM,CM,LW",400000.0
1195447,89338,Robin Müller,2000-06-16T00:00:00.000Z,176.0,,Germany,ST,"AM,RW,LW",200000.0
1663128,8226,Sean Dulic,2005-06-05T00:00:00.000Z,187.0,both,Germany,CB,,1200000.0
1397327,8319,Jannic Ehlers,2003-01-05T00:00:00.000Z,,,Germany,ST,"LM,LW",175000.0
1469955,8459,Mansour Ouro-Tagba,2004-12-17T00:00:00.000Z,190.0,right,Togo,ST,LW,600000.0
1515902,8196,Noah Brdar,2005-08-11T00:00:00.000Z,190.0,right,Germany,GK,,250000.0
1388062,8296,Ramien Safi,1999-10-17T00:00:00.000Z,177.0,right,Afghanistan,ST,"RM,RW,AM",325000.0
1093779,8234,Linus Rosenlöcher,2000-09-09T00:00:00.000Z,181.0,left,Germany,LB,"LWB,LM",250000.0
1382739,8294,Benno Dietze,2003-07-15T00:00:00.000Z,183.0,right,Germany,CM,"DM,RW,AM,ST",450000.0
638096,7780,Kristian Böhnlein,1990-05-10T00:00:00.000Z,183.0,left,Germany,CM,"DM,LM,AM,LW",100000.0
950831,8196,Ryan Johansson,2001-02-15T00:00:00.000Z,180.0,both,Luxembourg,LM,"CM,AM,LW",350000.0
767794,7780,Manuel Wintzheimer,1999-01-10T00:00:00.000Z,180.0,both,Germany,ST,"AM,RW",200000.0
978378,8398,Moritz Hannemann,1998-04-09T00:00:00.000Z,180.0,,Germany,RW,"DM,RM,CM,AM,LW,ST",300000.0
753799,8294,Maximilian Krauß,1996-11-24T00:00:00.000Z,170.0,both,Germany,ST,"AM,LW,RW",350000.0
951778,8201,Elias Löder,2000-04-25T00:00:00.000Z,183.0,right,Germany,ST,"RM,AM",250000.0
1236328,8296,Luca Bazzoli,2000-11-01T00:00:00.000Z,188.0,both,Germany,CB,DM,275000.0
725729,8271,Robin Bormuth,1995-09-19T00:00:00.000Z,190.0,right,Germany,CB,,350000.0
1285816,276267,Arne Schulz,2003-03-23T00:00:00.000Z,190.0,right,Germany,GK,,200000.0
1080764,276267,Tobias Eisenhuth,2001-09-21T00:00:00.000Z,183.0,right,Germany,DM,"CB,CM",250000.0
435683,7789,Benedikt Saller,1992-09-22T00:00:00.000Z,180.0,right,Germany,CM,"RWB,DM,AM",200000.0
637939,8201,Lucas Röser,1993-12-28T00:00:00.000Z,184.0,right,Germany,ST,,175000.0
715879,9743,Diego Michel,1997-10-16T00:00:00.000Z,181.0,right,France,AM,"DM,CM,LW",250000.0
1701615,8460,Clemens Lippmann,2006-06-29T00:00:00.000Z,183.0,right,Germany,LWB,"RWB,LM",400000.0
402169,9753,Max Reinthaler,1995-03-22T00:00:00.000Z,193.0,right,Italy,CB,,275000.0
1474178,8319,Mika Clausen,2002-06-10T00:00:00.000Z,,right,Germany,RW,"RM,LW",275000.0
458647,8201,Mirnes Pepic,1995-12-19T00:00:00.000Z,177.0,both,Montenegro,DM,"CM,AM",225000.0
1321597,89338,Emre Aytun,2000-01-26T00:00:00.000Z,183.0,,Turkiye,LWB,"CB,LM",175000.0
1129317,9788,Jan Olschowsky,2001-11-18T00:00:00.000Z,182.0,right,Germany,GK,,
675111,89338,Noah Plume,1996-08-18T00:00:00.000Z,187.0,right,Germany,CB,,125000.0
641188,8234,Yannick Deichmann,1994-08-13T00:00:00.000Z,178.0,right,Germany,RB,"LB,RWB",225000.0
1645589,8234,Max Plath,2005-07-01T00:00:00.000Z,186.0,right,Germany,DM,CM,300000.0
1663160,8458,Maximilian Herwerth,2006-02-09T00:00:00.000Z,191.0,left,Germany,CB,,800000.0
560391,8294,Franz Pfanne,1994-12-10T00:00:00.000Z,187.0,right,Germany,CB,,250000.0
1382018,8396,Mehdi Loune,2004-05-14T00:00:00.000Z,169.0,left,Germany,AM,"DM,CM,RW",500000.0
1457759,94940,Florian Bähr,2003-02-18T00:00:00.000Z,186.0,left,Germany,LB,RB,175000.0
846008,8319,Erik Majetschak,2000-03-01T00:00:00.000Z,185.0,both,Germany,DM,CB,225000.0
660897,9743,Arianit Ferati,1997-09-07T00:00:00.000Z,168.0,left,Kosovo,AM,"RM,CM,RW,LW",400000.0
822016,8271,Patrick Sontheimer,1998-07-03T00:00:00.000Z,168.0,right,Germany,DM,CM,450000.0
1380471,8296,Michael Kostka,2003-12-13T00:00:00.000Z,183.0,both,Germany,RB,"LB,LWB,RWB",325000.0
747764,7783,Yari Otto,1999-05-27T00:00:00.000Z,180.0,right,Germany,ST,"DM,RM,CM",250000.0
1073483,8296,Ekin Çelebi,2000-06-06T00:00:00.000Z,183.0,left,Germany,LB,"LWB,RM",150000.0
817819,8319,Anthony Barylla,1997-06-01T00:00:00.000Z,180.0,right,Germany,RB,"CB,LB",200000.0
1282946,8271,Rodney Elongo-Yombo,2001-07-27T00:00:00.000Z,183.0,both,Germany,AM,LW,350000.0
724227,7789,Malte Karbstein,1998-01-30T00:00:00.000Z,190.0,left,Germany,CB,LB,250000.0
1445075,8296,Jannik Hofmann,2002-02-28T00:00:00.000Z,176.0,right,Germany,RWB,"RB,RM",400000.0
562958,8294,Emil Holten,1996-08-08T00:00:00.000Z,195.0,right,Denmark,ST,,600000.0
931614,8319,Julian Guttau,1999-10-29T00:00:00.000Z,180.0,left,Germany,AM,"RM,CM",350000.0
950675,9743,Tim Sechelmann,1999-01-15T00:00:00.000Z,186.0,right,Germany,CB,,225000.0
1396332,7789,John Posselt,2003-12-31T00:00:00.000Z,187.0,,Germany,ST,,250000.0
787077,9753,Tim Danhof,1997-05-05T00:00:00.000Z,182.0,right,Germany,RWB,"RB,LWB,RW",250000.0
230907,8294,Andreas Voglsammer,1992-01-09T00:00:00.000Z,178.0,right,Germany,ST,RW,300000.0
978212,8480,Simon Straudi,1999-01-27T00:00:00.000Z,176.0,right,Italy,RB,"LB,RWB",350000.0
566785,8396,Gianluca Gaudino,1996-11-11T00:00:00.000Z,175.0,right,Germany,DM,CM,275000.0
614959,8319,Marcel Bär,1992-06-08T00:00:00.000Z,184.0,right,Germany,ST,AM,200000.0
860597,9775,David Kopacz,1999-05-29T00:00:00.000Z,180.0,right,Poland,AM,RW,350000.0
1302816,9743,Arlind Rexhepi,2003-07-28T00:00:00.000Z,,,Germany,ST,"LM,RW",175000.0
634260,7789,Christian Kühlwetter,1996-04-21T00:00:00.000Z,182.0,right,Germany,ST,"CM,AM,RW,LW",300000.0
1330855,276267,Florian Engelhardt,2003-06-16T00:00:00.000Z,175.0,both,Germany,CM,"RWB,DM,AM",300000.0
1520061,6594,Yann Sturm,2005-03-21T00:00:00.000Z,182.0,right,Germany,LW,"LM,AM",400000.0
1666101,7780,Lauris Bausenwein,2005-03-06T00:00:00.000Z,,,Germany,RWB,"RB,RM,RW",200000.0
522652,9753,Philipp Maier,1994-06-14T00:00:00.000Z,190.0,right,Germany,DM,CM,250000.0
1317322,8271,Elijah Krahn,2003-08-24T00:00:00.000Z,184.0,right,Germany,DM,CM,400000.0
1257829,8294,Jonas Dirkner,2002-07-15T00:00:00.000Z,181.0,both,Germany,DM,"CM,AM",350000.0
215179,8196,Florian Hübner,1991-03-01T00:00:00.000Z,187.0,right,Germany,CB,,100000.0
970598,89338,Lorenzo Paldino,1999-09-25T00:00:00.000Z,177.0,left,Germany,ST,,200000.0
1015194,8396,Petros Bagalianis,2001-02-06T00:00:00.000Z,177.0,right,Greece,CB,,400000.0
631149,8271,Kasim Rabihic,1993-02-24T00:00:00.000Z,174.0,both,Germany,DM,"CM,AM,LW",200000.0
316684,8196,Florian Stritzel,1994-01-31T00:00:00.000Z,196.0,both,Germany,GK,,
1002665,9743,Julian Rieckmann,2000-08-01T00:00:00.000Z,181.0,right,Germany,DM,"CB,CM",225000.0
1684429,8458,Lauri Penna,2006-07-02T00:00:00.000Z,179.0,,Gabon,RW,"AM,LW",400000.0
1552926,8458,Tim Köhler,2005-05-02T00:00:00.000Z,191.0,right,Germany,CB,,350000.0
571545,8319,Julian Günther-Schmidt,1994-09-13T00:00:00.000Z,183.0,both,Germany,AM,"LW,ST",150000.0
1050816,8296,Marvin Obuz,2002-01-25T00:00:00.000Z,170.0,right,Germany,RW,AM,350000.0
1293028,8201,Lukas Mazagg,1999-12-25T00:00:00.000Z,189.0,,Germany,CB,LB,150000.0
1220576,276267,Verthomy Boboy,2003-04-19T00:00:00.000Z,190.0,,Germany,CB,,225000.0
1146378,1068364,Dudu,1999-02-10T00:00:00.000Z,196.0,right,Germany,GK,,
1512703,8234,Dennis Kaygin,2004-04-02T00:00:00.000Z,186.0,right,Turkiye,AM,"CM,LM,LW",500000.0
1180316,8196,Nikolas Agrafiotis,2000-04-25T00:00:00.000Z,177.0,right,Serbia,ST,,
795376,7783,Jonas Arweiler,1997-04-10T00:00:00.000Z,188.0,left,Germany,ST,,275000.0
276760,9753,Florian Niederlechner,1990-10-24T00:00:00.000Z,188.0,both,Germany,ST,,250000.0
916963,7780,Leonard Langhans,1998-10-23T00:00:00.000Z,,right,Germany,RWB,"RB,CB,RM",125000.0
1273493,8196,Donny Bogicevic,2001-10-08T00:00:00.000Z,,both,Germany,CM,"DM,RM",
1463255,8396,Felix Meyer,2002-07-19T00:00:00.000Z,187.0,,Germany,CB,LB,175000.0
1129460,7780,Sebastian Müller,2001-01-23T00:00:00.000Z,180.0,right,Germany,ST,"RM,RW",175000.0
1093738,7780,Tim Latteier,2000-05-20T00:00:00.000Z,176.0,right,Germany,CM,"DM,AM,LW",150000.0
620578,8234,Lukas Fröde,1995-01-23T00:00:00.000Z,187.0,right,Germany,DM,CB,275000.0
1276637,9753,Raphael Schifferl,1999-07-29T00:00:00.000Z,197.0,right,Austria,CB,,250000.0
1116945,8410,Mohamed Sankoh,2003-10-16T00:00:00.000Z,183.0,right,Netherlands,ST,,400000.0
915157,8234,Georgios Antzoulas,2000-02-04T00:00:00.000Z,191.0,right,Greece,CB,RB,400000.0
1357381,9911,Yigit Karademir,2004-04-10T00:00:00.000Z,188.0,right,Germany,CB,,350000.0
1052910,8296,Marek Janssen,1997-04-15T00:00:00.000Z,,,Germany,ST,,325000.0
978197,8271,Sven Sonnenberg,1999-01-19T00:00:00.000Z,194.0,right,Germany,CB,,300000.0
1623772,8293,Jan-Simon Symalla,2005-01-23T00:00:00.000Z,177.0,,Germany,RW,LW,350000.0
293560,9743,Terrence Boyd,1991-02-16T00:00:00.000Z,188.0,right,USA,ST,,175000.0
427059,8319,Jamilu Collins,1994-08-05T00:00:00.000Z,178.0,left,Nigeria,LB,CB,175000.0
147718,89338,Florian Riedel,1990-04-09T00:00:00.000Z,176.0,both,Germany,RM,RWB,
846291,8398,Tim Campulka,1999-04-28T00:00:00.000Z,186.0,right,Germany,CB,,250000.0
1074983,7789,Leo Mätzler,2002-04-17T00:00:00.000Z,186.0,right,Austria,CB,DM,200000.0
748503,8458,Alexander Groiß,1998-07-01T00:00:00.000Z,189.0,right,Germany,CB,,200000.0
783618,9743,Adama Diakhaby,1996-07-05T00:00:00.000Z,188.0,left,France,CM,"DM,RW,AM",300000.0
636477,9753,Patrick Hobsch,1994-10-10T00:00:00.000Z,183.0,right,Germany,ST,RW,275000.0
1664484,7783,Nick Seidel,2005-01-11T00:00:00.000Z,191.0,left,Germany,CB,LB,250000.0
833523,8396,Lukas Scepanik,1994-04-11T00:00:00.000Z,176.0,left,Germany,LWB,"RWB,LM",175000.0
1428563,6594,Franci Bouebari,2003-09-12T00:00:00.000Z,192.0,,France,LB,LM,350000.0
988082,8293,Florian Krüger,1999-02-13T00:00:00.000Z,186.0,both,Germany,ST,"RM,AM",400000.0
763992,8350,Frank Ronstadt,1997-07-21T00:00:00.000Z,179.0,right,Germany,LWB,"CB,RWB,LM",250000.0
1052911,9753,David Philipp,2000-04-10T00:00:00.000Z,180.0,left,Germany,AM,ST,275000.0
560943,8396,Bentley Bahn,1992-08-28T00:00:00.000Z,180.0,right,Germany,DM,RM,175000.0
1531528,8357,Benjamin Zank,2004-08-14T00:00:00.000Z,192.0,,Germany,ST,,250000.0
357808,7789,Sebastian Stolze,1995-01-29T00:00:00.000Z,182.0,right,Germany,RWB,"LWB,RM",200000.0
1356804,1074320,Tom Moustier,2002-05-02T00:00:00.000Z,185.0,right,France,DM,"CM,AM",
1098343,8196,Ole Wohlers,2000-07-23T00:00:00.000Z,178.0,,Germany,RB,"RWB,RM",
1079120,8319,Moritz Seiffert,2000-11-04T00:00:00.000Z,177.0,left,Germany,LB,LW,175000.0
1400168,8398,Jannis Boziaris,2003-04-10T00:00:00.000Z,178.0,,Greece,AM,"DM,CM,LM,RW",300000.0
1185920,7789,Oscar Schönfelder,2001-02-05T00:00:00.000Z,181.0,left,Germany,LWB,"LM,LW",225000.0
1190606,8293,Steffen Meuer,1999-12-06T00:00:00.000Z,186.0,,Germany,DM,ST,250000.0
861775,9753,Manuel Pfeifer,1999-09-10T00:00:00.000Z,178.0,left,Austria,LWB,LB,450000.0
1793638,8458,Yanik Spalt,2007-09-03T00:00:00.000Z,,left,Austria,DM,,750000.0
424625,8396,Sasa Strujic,1991-12-08T00:00:00.000Z,185.0,both,Bosnia and Herzegovina,LWB,LB,125000.0
788495,7789,Robin Ziegele,1997-03-13T00:00:00.000Z,186.0,right,Germany,CB,RB,250000.0
1663016,9775,Ismail Badjie,2005-10-17T00:00:00.000Z,175.0,,Germany,AM,,800000.0
1404384,8548,Ryan Don Naderi,2003-07-10T00:00:00.000Z,193.0,right,Germany,ST,,
690316,8196,Gino Fechner,1997-09-05T00:00:00.000Z,188.0,both,Germany,CM,DM,
862327,276267,Christoph Greger,1997-01-14T00:00:00.000Z,193.0,left,Germany,CB,,275000.0
1585605,8149,Oluwaseun Ogbemudia,2006-07-18T00:00:00.000Z,185.0,right,Germany,CB,LB,800000.0
1659412,8396,Matti Wagner,2005-06-07T00:00:00.000Z,182.0,left,Germany,LWB,CB,300000.0
1434478,8458,Justin Diehl,2004-11-27T00:00:00.000Z,174.0,right,Germany,LW,"RW,ST",
602524,8271,Maurice Multhaup,1996-12-15T00:00:00.000Z,172.0,right,Germany,RW,RWB,275000.0
1530794,8319,Luan Simnica,2004-01-22T00:00:00.000Z,182.0,left,Kosovo,DM,CM,200000.0
1529395,276267,Yannick Tonye,2004-09-18T00:00:00.000Z,,,Germany,AM,RWB,300000.0
1435391,8196,David Suárez,2000-11-13T00:00:00.000Z,191.0,,Spain,CM,DM,350000.0
1286177,89338,Dominic Minz,1999-03-07T00:00:00.000Z,186.0,,Germany,CB,,125000.0
335404,8294,Nico Neidhart,1994-09-27T00:00:00.000Z,177.0,both,Germany,RWB,RB,250000.0
1162510,8398,Justin Butler,2001-03-23T00:00:00.000Z,188.0,right,Germany,LW,"RW,ST",225000.0
860598,8294,Cedric Harenbrock,1998-04-19T00:00:00.000Z,180.0,both,Germany,AM,"CM,LM",300000.0
1341317,8293,Niklas Jessen,2003-09-04T00:00:00.000Z,182.0,both,Germany,RWB,"RB,DM",250000.0
1583680,94940,Ben Opoku,2004-03-02T00:00:00.000Z,187.0,,Germany,ST,,200000.0
1431263,9743,Masca,2000-05-15T00:00:00.000Z,182.0,right,Portugal,ST,"LM,LW",400000.0
1279553,94940,Arian Llugiqi,2002-10-24T00:00:00.000Z,187.0,left,Kosovo,ST,"RW,AM",225000.0
773933,9743,Maximilian Thalhammer,1997-07-10T00:00:00.000Z,191.0,right,Germany,DM,CM,200000.0
1357382,9775,Kevin Wiethaup,2005-08-06T00:00:00.000Z,175.0,right,Germany,DM,,400000.0
1416621,2433,Erik Weinhauer,2001-01-23T00:00:00.000Z,176.0,both,Germany,ST,"RM,RW,LW",175000.0
1463296,7789,Philipp Müller,2004-01-18T00:00:00.000Z,181.0,both,Germany,DM,CM,350000.0
1230638,9775,Tony Lesueur,2000-08-19T00:00:00.000Z,,left,France,LWB,AM,250000.0
1683643,94940,Diren Dagdeviren,2005-03-08T00:00:00.000Z,175.0,,Turkiye,DM,CM,200000.0
1469835,89338,Dennis Duah,2003-08-26T00:00:00.000Z,190.0,right,Germany,CB,,150000.0
1399589,109373,Jakob Tranziska,2001-06-25T00:00:00.000Z,190.0,right,Germany,ST,"CM,LW",
1083802,7789,Lucas Hermes,2000-03-23T00:00:00.000Z,,,Germany,ST,,175000.0
879641,8234,Julian Kügel,1997-03-30T00:00:00.000Z,189.0,right,Germany,ST,,200000.0
1082342,2217,Lamar Yarbrough,1996-04-07T00:00:00.000Z,192.0,,Germany,CB,,225000.0
1288444,276267,Robin Velasco,2002-06-24T00:00:00.000Z,169.0,left,Germany,RWB,"RW,AM",175000.0
786128,89338,Jannik Oltrogge,1995-05-24T00:00:00.000Z,,right,Germany,CM,"CB,DM",100000.0
1413926,1074320,Max Scholze,2005-04-30T00:00:00.000Z,184.0,,Germany,RB,RWB,
1072223,8196,Fabian Greilinger,2000-09-13T00:00:00.000Z,176.0,left,Germany,LWB,"LM,LW",225000.0
1645655,9743,Lovis Bierschenk,2005-05-22T00:00:00.000Z,176.0,,Germany,RW,AM,300000.0
1282970,8271,Philip Fahrner,2003-01-02T00:00:00.000Z,175.0,,Germany,RB,"RWB,LM",250000.0
1487865,7789,Max Schmitt,2006-01-18T00:00:00.000Z,,right,Germany,GK,,500000.0
1418092,8234,Mattis Hoppe,2003-07-23T00:00:00.000Z,179.0,right,Germany,RB,,150000.0
952360,89338,Norman Quindt,1996-11-02T00:00:00.000Z,185.0,right,Germany,GK,,100000.0
1073145,47214,Adrien Lebeau,1998-01-26T00:00:00.000Z,175.0,right,France,AM,RW,350000.0
560386,8271,Dominic Baumann,1995-04-24T00:00:00.000Z,178.0,right,Germany,ST,,250000.0
1395911,8293,Ben Schlicke,2005-10-31T00:00:00.000Z,187.0,left,Germany,CB,,250000.0
1082286,7783,Michel Stöcker,1999-04-14T00:00:00.000Z,184.0,left,Germany,LB,CB,200000.0
1338064,8293,Mert Göckan,2001-04-29T00:00:00.000Z,,left,Turkiye,LW,"LWB,DM,RW",200000.0
1789398,7780,Nick Doktorczyk,2005-10-27T00:00:00.000Z,,,Germany,CB,RB,125000.0
1698682,8315,Efe Korkut,2006-06-23T00:00:00.000Z,,right,Turkiye,LW,,
738061,8201,André Becker,1996-07-27T00:00:00.000Z,197.0,left,Germany,ST,,175000.0
1184463,7896,Fotis Pseftis,2003-01-19T00:00:00.000Z,190.0,right,Greece,GK,,200000.0
1626148,8148,Dustin Forkel,2005-01-26T00:00:00.000Z,186.0,both,Germany,LW,,250000.0
637199,8398,Leon Guwara,1996-06-28T00:00:00.000Z,185.0,left,Gambia,LB,,225000.0
1140914,9824,Julian Stark,2001-03-08T00:00:00.000Z,184.0,,Germany,CM,,225000.0
1695875,8350,Kelven Frees,2005-02-03T00:00:00.000Z,202.0,right,Germany,CB,,
1330880,8201,Niklas Castelle,2002-08-27T00:00:00.000Z,182.0,right,Germany,ST,AM,200000.0
1390245,8194,Louis Lord,2003-10-22T00:00:00.000Z,197.0,,Germany,GK,,150000.0
764500,8398,Anderson Lucoqui,1997-07-06T00:00:00.000Z,180.0,both,Angola,LB,,250000.0
664908,8407,Maximilian Wolfram,1997-02-21T00:00:00.000Z,185.0,right,Germany,RM,"AM,LW",225000.0
1385152,8458,Michael Glück,2003-06-13T00:00:00.000Z,189.0,right,Austria,CB,RB,350000.0
1395498,8319,Maximilian Schmid,2003-03-05T00:00:00.000Z,184.0,right,Germany,ST,,150000.0
1019565,8201,Jan Boller,2000-03-14T00:00:00.000Z,185.0,both,Germany,CB,,150000.0
1410624,9743,Kushtrim Asallari,2003-04-23T00:00:00.000Z,182.0,left,Germany,RW,AM,200000.0
1321148,9743,Sascha Voelcke,2002-02-23T00:00:00.000Z,180.0,left,Germany,LB,LWB,200000.0
1689724,8458,Julian Lüers,2006-01-25T00:00:00.000Z,183.0,,Germany,DM,,250000.0
1559628,7780,Maximilian Weisbäcker,2001-04-18T00:00:00.000Z,200.0,,Germany,GK,,100000.0
1173789,8271,Abdoulaye Kamara,2004-11-06T00:00:00.000Z,182.0,right,Guinea,DM,CM,300000.0
951913,8201,Jonas David,2000-03-08T00:00:00.000Z,190.0,right,Germany,CB,,300000.0
1279554,8234,Markus Ponath,2001-01-13T00:00:00.000Z,188.0,right,Germany,GK,,150000.0
208219,8271,Manuel Zeitz,1990-08-01T00:00:00.000Z,180.0,right,Germany,CM,DM,0.0
1385830,9775,Theo Janotta,2003-09-18T00:00:00.000Z,196.0,right,Germany,CB,,275000.0
1235968,8294,Lukas Wallner,2003-04-26T00:00:00.000Z,192.0,left,Austria,CB,,300000.0
618923,9775,Bryan Henning,1995-03-16T00:00:00.000Z,178.0,right,Germany,DM,,250000.0
94865,8396,Manuel Riemann,1988-09-09T00:00:00.000Z,186.0,right,Germany,GK,,175000.0
1899713,8226,Natnael Abraha,2008-03-14T00:00:00.000Z,,right,Germany,RB,,
1255795,9861,Mads Borchers,2002-06-18T00:00:00.000Z,188.0,,Denmark,ST,LW,
1195106,7780,Erik Shuranov,2002-02-22T00:00:00.000Z,184.0,,Germany,ST,,200000.0
956863,8294,Christian Kinsombi,1999-08-24T00:00:00.000Z,177.0,both,Germany,forward,,300000.0
1017898,8293,Leon Müller,2000-08-11T00:00:00.000Z,,right,Germany,DM,,175000.0
949666,1786,Dominik Steczyk,1999-05-04T00:00:00.000Z,185.0,both,Poland,ST,RW,
556537,145607,Kai Pröger,1992-05-15T00:00:00.000Z,177.0,right,Germany,AM,,200000.0
1319716,8296,Felix Wienand,2002-06-27T00:00:00.000Z,190.0,right,Germany,GK,,150000.0
883263,9753,Steinkötter,1999-09-26T00:00:00.000Z,184.0,both,Germany,ST,,200000.0
1383072,8201,Abu-Bekir El-Zein,2003-02-18T00:00:00.000Z,180.0,right,Germany,ST,RW,275000.0
531014,9753,Max Christiansen,1996-09-25T00:00:00.000Z,188.0,right,Germany,CM,DM,350000.0
942033,7780,Michael Dellinger,1993-05-13T00:00:00.000Z,,right,Germany,ST,,125000.0
672677,8271,Sebastian Vasiliadis,1997-10-04T00:00:00.000Z,175.0,right,Greece,DM,AM,350000.0
1404487,2433,Nico Grimbs,2004-02-19T00:00:00.000Z,184.0,right,Germany,AM,RW,150000.0
1180176,89338,Jesse Edem Tugbenyo,2001-08-07T00:00:00.000Z,187.0,right,Germany,DM,AM,225000.0
736173,9743,Vincent Thill,2000-02-04T00:00:00.000Z,168.0,left,Luxembourg,LW,"DM,RM,RW",350000.0
1790504,7780,Nikolaos Vakouftsis,2004-03-31T00:00:00.000Z,,right,Greece,CB,,150000.0
1302367,10107,Niko Vukancic,2002-02-16T00:00:00.000Z,186.0,left,Germany,CB,,150000.0
884408,8350,Jannik Mause,1998-07-11T00:00:00.000Z,188.0,right,Germany,ST,,300000.0
1633419,8722,Jaka Cuber Potocnik,2005-06-17T00:00:00.000Z,189.0,right,Slovenia,ST,,300000.0
1073484,8201,Paul-Philipp Besong,2000-10-06T00:00:00.000Z,184.0,,Germany,ST,,
1290430,8293,Tim Heike,2000-02-25T00:00:00.000Z,187.0,right,Germany,ST,,175000.0
622415,9753,Tunay Deniz,1994-02-02T00:00:00.000Z,183.0,both,Germany,DM,CM,225000.0
1347712,8201,Ben Westermeier,2003-05-29T00:00:00.000Z,180.0,right,Germany,DM,,175000.0
1198557,8458,Abdenego Nankishi,2002-07-06T00:00:00.000Z,178.0,left,Germany,ST,,300000.0
786131,89338,Kevin Schumacher,1997-12-24T00:00:00.000Z,182.0,left,Germany,LWB,,200000.0
1138001,8608,Frederik Christensen,2001-01-18T00:00:00.000Z,194.0,right,Denmark,ST,,300000.0
613158,8396,Jeremias Lorch,1995-12-02T00:00:00.000Z,187.0,right,Germany,CB,"DM,CM",225000.0
1429906,8458,Jordan Majchrzak,2004-10-08T00:00:00.000Z,189.0,right,Poland,RW,,350000.0
1663143,8165,Can Moustfa,2004-11-19T00:00:00.000Z,176.0,,Syria,midfielder,,250000.0
1047656,8201,Luis Görlich,2000-04-01T00:00:00.000Z,180.0,right,Germany,RB,,175000.0
1185570,7789,Phil Beckhoff,2000-04-10T00:00:00.000Z,,,Germany,AM,RW,175000.0
519246,8271,Patrick Schmidt,1993-09-10T00:00:00.000Z,185.0,right,Germany,ST,,175000.0
1614438,8234,Ognjen Drakulic,2006-03-26T00:00:00.000Z,187.0,right,Serbia,ST,,175000.0
971403,8271,Kaan Çaliskaner,1999-11-03T00:00:00.000Z,190.0,both,Germany,AM,,275000.0
1355838,89338,Marc Richter,2001-11-25T00:00:00.000Z,,,Germany,AM,,125000.0
923244,8271,Till Schumacher,1997-12-10T00:00:00.000Z,177.0,left,Germany,LWB,,175000.0
1797368,94940,Nader El-Jindaoui,1996-11-16T00:00:00.000Z,,left,Germany,RW,,
1107132,145626,Christopher Schepp,2000-04-14T00:00:00.000Z,192.0,,Germany,ST,,125000.0
1348298,9743,Emmanuel Iwe,2000-09-12T00:00:00.000Z,175.0,left,USA,RW,,175000.0
1680068,8396,Emmanuel Elekwa,2005-06-11T00:00:00.000Z,187.0,right,Germany,ST,,150000.0
941494,276267,Soichiro Kozuki,2000-12-22T00:00:00.000Z,180.0,right,Japan,AM,RM,225000.0
1585495,8296,Ben Hüning,2004-11-11T00:00:00.000Z,190.0,right,Germany,CB,,300000.0
1204798,8196,Robin Kalem,2002-07-14T00:00:00.000Z,181.0,right,Germany,LW,AM,275000.0
1810393,94940,Oskar Hencke,2007-10-02T00:00:00.000Z,,,Germany,forward,,400000.0
1709670,8196,Tim Neubert,2007-05-23T00:00:00.000Z,,right,Germany,CB,,
1697361,10189,Jakob Sachse,2006-04-20T00:00:00.000Z,190.0,,Germany,ST,,250000.0
1385170,7783,Paul Lehmann,2004-07-22T00:00:00.000Z,190.0,right,Germany,CB,,150000.0
658799,9753,Jesper Verlaat,1996-06-04T00:00:00.000Z,192.0,right,Netherlands,CB,,300000.0
1481063,9753,Damjan Dordan,2003-01-11T00:00:00.000Z,190.0,both,Bosnia and Herzegovina,DM,,200000.0
1288273,8294,David Hummel,2002-01-01T00:00:00.000Z,180.0,,Germany,ST,,200000.0
775269,276267,Taylan Duman,1997-07-30T00:00:00.000Z,177.0,right,Germany,LW,AM,250000.0
1707824,9753,Samuel Althaus,2006-01-10T00:00:00.000Z,,right,Germany,DM,,400000.0
1455433,8319,Ricky Bornschein,1999-09-17T00:00:00.000Z,192.0,left,Germany,ST,LW,150000.0
1342925,8234,Jasper Maljojoki,2002-06-11T00:00:00.000Z,191.0,,Finland,CB,,200000.0
1045830,8196,Jakob Lewald,1999-02-26T00:00:00.000Z,194.0,right,Germany,CB,,200000.0
435667,7789,Andreas Geipl,1992-04-21T00:00:00.000Z,180.0,right,Germany,CM,DM,150000.0
1789422,94940,Alex Honajzer,2006-02-20T00:00:00.000Z,184.0,,Czechia,DM,,200000.0
1707822,9753,Lasse Faßmann,2006-06-06T00:00:00.000Z,,,Germany,CB,,200000.0
273185,8319,Boris Tashchy,1993-07-26T00:00:00.000Z,192.0,both,Ukraine,AM,,
814858,7789,Florian Dietz,1998-08-03T00:00:00.000Z,188.0,right,Germany,ST,,200000.0
1185142,89338,Julian Rufidis,2000-07-06T00:00:00.000Z,,left,Germany,CM,,100000.0
764470,94935,Nicklas Shipnoski,1998-01-01T00:00:00.000Z,184.0,right,Germany,forward,,
957446,8458,Dominik Draband,1996-03-07T00:00:00.000Z,185.0,right,Germany,GK,,100000.0
1292579,7783,Fabian Wessig,2003-04-27T00:00:00.000Z,,,Germany,forward,,150000.0
767802,9753,Kilian Jakob,1998-01-25T00:00:00.000Z,180.0,left,Germany,LWB,,200000.0
1640965,8234,Emre Gül,2005-01-09T00:00:00.000Z,176.0,right,Turkiye,midfielder,,175000.0
982333,9743,Lucien Hawryluk,2000-10-05T00:00:00.000Z,192.0,right,Germany,GK,,100000.0
1596320,8196,Ben Nink,2007-07-04T00:00:00.000Z,184.0,both,Germany,LB,RWB,
948981,7780,Nils Piwernetz,2000-04-03T00:00:00.000Z,173.0,left,Germany,LB,,125000.0
664805,8396,Florian Heister,1997-03-02T00:00:00.000Z,176.0,both,Germany,RWB,,150000.0
1685570,9790,Joel Agyekum,2005-03-08T00:00:00.000Z,190.0,left,Germany,CB,,150000.0
1226142,7894,Emilio Kehrer,2002-03-20T00:00:00.000Z,177.0,right,Germany,LW,,300000.0
441136,89338,Kwasi Okyere Wriedt,1994-07-10T00:00:00.000Z,188.0,left,Ghana,ST,,150000.0
1072494,8398,Ted Tattermusch,2001-05-08T00:00:00.000Z,194.0,right,Germany,ST,,175000.0
1175706,10269,Stefan Drljaca,1999-04-20T00:00:00.000Z,192.0,right,Germany,GK,,
1080985,9775,Luc Ihorst,2000-03-07T00:00:00.000Z,186.0,both,Germany,ST,,200000.0
1227391,8294,Paul Stock,1997-01-08T00:00:00.000Z,188.0,right,Germany,AM,,250000.0
1732541,94940,Yannick Onohiol,2004-08-21T00:00:00.000Z,,,Germany,GK,,200000.0
1789418,94940,Tiago Poller,2007-02-27T00:00:00.000Z,168.0,,Colombia,midfielder,,250000.0
1631364,94943,Uche Obiogumu,2004-04-27T00:00:00.000Z,187.0,,Germany,AM,RM,
1604388,8357,Leander Popp,2005-05-26T00:00:00.000Z,180.0,right,Germany,midfielder,,175000.0
1691369,7783,Almin Mesanovic,2004-01-17T00:00:00.000Z,181.0,,Bosnia and Herzegovina,midfielder,,150000.0
793609,8398,Jonas Hofmann,1997-02-07T00:00:00.000Z,173.0,right,Germany,CM,,125000.0
1659369,1074320,Chilohem Onuoha,2005-05-07T00:00:00.000Z,188.0,both,Germany,midfielder,,
1709668,8319,Paul Seidel,2006-04-20T00:00:00.000Z,,right,Germany,RB,,
1552963,8234,Elias Decker,2006-03-15T00:00:00.000Z,,,Germany,LB,,
208236,9753,René Vollath,1990-03-20T00:00:00.000Z,185.0,right,Germany,GK,,75000.0
1789436,8234,David Klein,2006-04-27T00:00:00.000Z,,,Germany,GK,,100000.0
1779890,8458,Jerik von den Felsen,2004-10-22T00:00:00.000Z,,,Germany,GK,,
1447800,8458,Kaden Amaniampong,2004-05-26T00:00:00.000Z,182.0,right,Germany,RB,,
1663015,9775,Bernd Riesselman,2005-07-05T00:00:00.000Z,189.0,,Germany,forward,,150000.0
1619434,8196,Milad Nejad,2004-06-29T00:00:00.000Z,182.0,left,Germany,CM,,150000.0
1820614,8201,Felix Vater,2007-11-02T00:00:00.000Z,,,Germany,CB,,125000.0
1700192,9743,Djayson Mendes,2004-03-15T00:00:00.000Z,175.0,right,Portugal,defender,,150000.0
212881,339999,Tolga Cigerci,1992-03-23T00:00:00.000Z,185.0,right,Turkiye,midfielder,,150000.0
629056,7780,Kevin Fery,1994-03-31T00:00:00.000Z,178.0,both,Germany,midfielder,,100000.0
1614437,8296,Gianluca Swajkowski,2005-04-05T00:00:00.000Z,185.0,right,Germany,DM,CM,200000.0
1283020,89338,Manuel Polster,2002-12-23T00:00:00.000Z,183.0,left,Austria,LWB,RWB,200000.0
1816765,8201,Evan Brown,2007-06-09T00:00:00.000Z,,right,Canada,forward,,150000.0
1416627,7789,Davis Asanté,2003-04-15T00:00:00.000Z,,,Germany,midfielder,,
1689730,8458,Kenny Freßle,2006-02-08T00:00:00.000Z,188.0,,Germany,midfielder,,150000.0
1387724,8262,Fabio Torsiello,2005-02-02T00:00:00.000Z,177.0,right,Italy,forward,,275000.0
657848,8196,Orestis Kiomourtzoglou,1998-05-07T00:00:00.000Z,188.0,right,Greece,CM,,200000.0
1975563,145486,Xaver Kiefersauer,2005-10-01T00:00:00.000Z,,,Germany,DM,,
1185133,89338,Marco Schleef,1999-01-15T00:00:00.000Z,,right,Germany,CB,,75000.0
501569,8396,Valmir Sulejmani,1996-02-01T00:00:00.000Z,185.0,left,Kosovo,midfielder,,150000.0
1328615,7783,António Fóti,2003-11-03T00:00:00.000Z,180.0,right,Cyprus,midfielder,,300000.0
1607223,212820,Nuha Jatta,2006-03-15T00:00:00.000Z,193.0,right,Germany,midfielder,,200000.0
423811,8201,Streli Mamba,1994-06-17T00:00:00.000Z,177.0,right,Germany,forward,,125000.0
1690592,94940,Denis Donkor,2003-12-20T00:00:00.000Z,176.0,right,Germany,midfielder,,150000.0
1175933,8226,Luca Philipp,2000-11-28T00:00:00.000Z,192.0,right,Germany,GK,,
687860,8398,Alexander Sebald,1996-07-27T00:00:00.000Z,188.0,right,Germany,GK,,0.0
1163203,8293,Dennis Borkowski,2002-01-26T00:00:00.000Z,184.0,right,Germany,RW,,200000.0
1663210,8480,Elias Bethke,2003-03-21T00:00:00.000Z,191.0,right,Germany,GK,,
1519874,89338,Jonah Busse,2005-09-10T00:00:00.000Z,189.0,,Germany,GK,,0.0
1515982,276267,Marco Pledl,2000-12-13T00:00:00.000Z,173.0,both,Germany,midfielder,,150000.0
1448104,6580,Ethan Kohler,2005-05-20T00:00:00.000Z,183.0,right,USA,CB,,
1347367,8201,Ensar Aksakal,2001-10-01T00:00:00.000Z,174.0,right,Germany,forward,,125000.0
1557059,8294,Tim Krohn,2005-10-07T00:00:00.000Z,185.0,left,Germany,forward,,
1562644,9743,Seyhan Yigit,2003-06-30T00:00:00.000Z,174.0,,Turkiye,midfielder,,150000.0
1894390,9743,Nolan Muteba N'Tumba,2007-10-03T00:00:00.000Z,,,France,AM,,125000.0
71017,9775,Robert Tesche,1987-05-27T00:00:00.000Z,182.0,right,Germany,midfielder,,0.0
1690573,8234,Berkay Öztürk,2005-03-23T00:00:00.000Z,,,Turkiye,AM,,125000.0
1280024,8201,Marcel Wenig,2004-05-04T00:00:00.000Z,187.0,right,Germany,midfielder,,150000.0
1110859,7786,Dejan Galjen,2002-02-25T00:00:00.000Z,187.0,right,Germany,forward,,
1614918,89338,Irichad Behrens,2004-04-28T00:00:00.000Z,,,Germany,defender,,50000.0
782365,8201,Dominik Martinovic,1997-03-25T00:00:00.000Z,179.0,right,Germany,forward,,200000.0
1843904,9743,Denis Kryeziu,2006-09-19T00:00:00.000Z,,right,Germany,midfielder,,125000.0
521311,9911,Tino Casali,1995-11-14T00:00:00.000Z,191.0,right,Austria,keeper,,200000.0
1696007,8234,Davide-Danilo Sekulovic,2004-09-11T00:00:00.000Z,184.0,right,Germany,midfielder,,
1435707,8294,Leon Reichardt,2004-06-28T00:00:00.000Z,190.0,left,Germany,defender,,225000.0
951911,7783,Tobias Knost,2000-05-08T00:00:00.000Z,178.0,right,Kenya,defender,,125000.0
1442533,8271,Amine Naïfi,1999-12-19T00:00:00.000Z,183.0,both,France,midfielder,,175000.0
1624084,8296,Kelsey Meisel,2004-06-19T00:00:00.000Z,170.0,both,Germany,forward,,
1421541,7780,Fabio Luque Notaro,2005-08-31T00:00:00.000Z,,,Liechtenstein,ST,,75000.0
1894328,9753,Loris Husic,2008-01-17T00:00:00.000Z,,,Australia,AM,,
560959,8271,Richard Neudecker,1996-10-29T00:00:00.000Z,174.0,left,Germany,midfielder,,150000.0
1899974,8458,Antonijo Janjic,2007-02-03T00:00:00.000Z,,right,Croatia,defender,,
1676500,8458,Eliot Bujupi,2006-07-03T00:00:00.000Z,,left,Kosovo,ST,,
1093275,276267,David Richter,1999-03-17T00:00:00.000Z,196.0,,Germany,keeper,,125000.0
1441950,7783,Fabian Pekruhl,1999-02-14T00:00:00.000Z,193.0,,Germany,keeper,,75000.0
433513,7789,Julian Pollersbeck,1994-08-16T00:00:00.000Z,195.0,right,Germany,keeper,,200000.0
1516064,7774,Leon-Oumar Wechsel,2005-03-09T00:00:00.000Z,190.0,right,Germany,keeper,,225000.0
1282976,9775,Niklas Sauter,2003-04-06T00:00:00.000Z,186.0,,Germany,keeper,,150000.0
1988542,8458,Mykola Petrovskyi,2008-03-31T00:00:00.000Z,,,Ukraine,midfielder,,
956034,8396,Mika Hanraths,1999-06-04T00:00:00.000Z,188.0,right,Germany,defender,,250000.0
1690100,94940,Blessing Makanda,2006-02-14T00:00:00.000Z,183.0,,Germany,forward,,150000.0
1542031,276267,Joel Vega Zambrano,2004-09-10T00:00:00.000Z,182.0,left,Germany,midfielder,,150000.0
634854,9753,Morris Schröter,1995-08-20T00:00:00.000Z,183.0,right,Germany,midfielder,,150000.0
1386730,8293,Jakob Bookjans,2001-07-21T00:00:00.000Z,178.0,left,Germany,midfielder,,175000.0
1032918,7780,Kevin Frisorger,2000-02-19T00:00:00.000Z,,right,Germany,defender,,
643145,89338,Yannik Jaeschke,1993-10-20T00:00:00.000Z,,both,Germany,midfielder,,0.0
1529373,7783,Alem Japaur,2004-04-23T00:00:00.000Z,192.0,,Bosnia and Herzegovina,forward,,150000.0
1789673,8293,Gabriel Sadlek,2006-05-28T00:00:00.000Z,,,Germany,midfielder,,75000.0
930179,7782,Nils Winter,1993-12-13T00:00:00.000Z,181.0,right,Germany,defender,,100000.0
1858963,94940,Jykese Fields,2007-06-14T00:00:00.000Z,,,Germany,forward,,
673293,8201,Johannes Reichert,1991-07-02T00:00:00.000Z,184.0,both,Germany,defender,,150000.0
1663127,276267,Raphael Ott,2005-12-15T00:00:00.000Z,176.0,right,Germany,forward,,
1672546,94940,Lars Strobl,2005-04-15T00:00:00.000Z,,right,Germany,defender,,100000.0
1284106,7789,Sascha Hingerl,1999-05-15T00:00:00.000Z,180.0,,Germany,midfielder,,125000.0
1418746,969268,Aleksandar Kahvic,2004-01-02T00:00:00.000Z,192.0,right,Bosnia and Herzegovina,ST,,300000.0
1897602,8196,Ibrahim Ati Allah,2007-04-27T00:00:00.000Z,,,Germany,forward,,
553557,8396,Gideon Jung,1994-09-12T00:00:00.000Z,180.0,right,Germany,CB,,300000.0
537996,9775,Bashkim Ajdini,1992-12-10T00:00:00.000Z,176.0,both,Kosovo,midfielder,,0.0
1585688,8293,Andy Visser,2004-09-22T00:00:00.000Z,,left,Netherlands,forward,,
1645588,7780,Mustafa Özden,2006-01-06T00:00:00.000Z,182.0,,Turkiye,midfielder,,50000.0
905980,8293,Florian Egerer,1998-02-17T00:00:00.000Z,181.0,right,Germany,defender,,125000.0
1086000,4478,Nikky Goguadze,1998-07-15T00:00:00.000Z,,both,Netherlands,forward,,
1132300,8196,Simon Stehle,2001-09-17T00:00:00.000Z,182.0,right,Germany,midfielder,,250000.0
1895865,94940,Zain Biazid,2008-01-14T00:00:00.000Z,,,Germany,forward,,
1789633,8196,Jan Becker,2007-04-12T00:00:00.000Z,,,Germany,forward,,
1382737,8294,Max Hagemoser,2003-01-07T00:00:00.000Z,190.0,left,Germany,keeper,,0.0
1663155,8458,Alexandre Azevedo,2005-03-25T00:00:00.000Z,,left,Germany,defender,,50000.0
1553425,8201,Sadin Crnovrsanin,2002-02-04T00:00:00.000Z,187.0,,Switzerland,defender,,75000.0
1875188,8201,Mateo Mrden,2008-05-01T00:00:00.000Z,193.0,,Germany,midfielder,,
1692859,665291,Mattheos Tsigkas,2007-06-04T00:00:00.000Z,186.0,,Greece,forward,,
1573049,94940,Simon Kalambayi,2005-02-20T00:00:00.000Z,185.0,right,France,forward,,
1520041,8319,Max Uhlig,2006-09-08T00:00:00.000Z,187.0,left,Germany,keeper,,100000.0
861672,89338,Timo Friedrich,1998-01-16T00:00:00.000Z,178.0,both,Austria,midfielder,,75000.0
928624,8234,Mason Toye,1998-10-16T00:00:00.000Z,191.0,,USA,ST,,300000.0
1721076,94940,Melvin Onos,2006-08-06T00:00:00.000Z,182.0,both,Germany,midfielder,,75000.0
1789401,7780,Altin Ibisi,2006-07-21T00:00:00.000Z,,,Germany,midfielder,,0.0
1789423,94940,Leonard Krasniqi,2006-04-09T00:00:00.000Z,181.0,,Germany,midfielder,,75000.0
913309,6246,Amine Groune,1997-09-05T00:00:00.000Z,,,France,forward,,100000.0
1921884,89338,Temilola Awoyale,2005-07-23T00:00:00.000Z,,,Nigeria,midfielder,,75000.0
1516072,8294,Milosz Brzozowski,2004-09-17T00:00:00.000Z,180.0,left,Poland,midfielder,,150000.0
1970813,7783,Emmanuel Bamba,2007-10-29T00:00:00.000Z,,,Germany,midfielder,,
1663345,8458,Paulo Fritschi,2005-05-20T00:00:00.000Z,185.0,right,Germany,defender,,50000.0
874002,8196,Ivan Franjic,1997-09-08T00:00:00.000Z,,both,Germany,midfielder,,125000.0
1820351,8271,Nils Krämer,2007-09-07T00:00:00.000Z,,,Germany,midfielder,,
1814300,94940,Tristan Spranger,2007-09-27T00:00:00.000Z,,left,Germany,defender,,
1661180,8319,Maxim Burghardt,2004-11-30T00:00:00.000Z,180.0,right,Germany,defender,,125000.0
1988556,7789,Arian Dizdarevic,2009-05-27T00:00:00.000Z,,right,Germany,midfielder,,
1382738,2433,Felix Ruschke,2003-03-08T00:00:00.000Z,185.0,left,Germany,defender,,200000.0
1701783,8294,Fiete Bock,2007-09-23T00:00:00.000Z,178.0,both,Germany,forward,,200000.0
1789643,8201,Julian Etse,2006-03-23T00:00:00.000Z,,,Germany,defender,,
1793558,7789,Fabian Ziegler,2001-04-28T00:00:00.000Z,,,Germany,forward,,
1793556,7789,Jakob Seibold,2006-02-02T00:00:00.000Z,,,Germany,midfielder,,0.0
1820615,8201,Benedikt Ehe,2007-01-12T00:00:00.000Z,,,Germany,midfielder,,
1421823,8294,Dario Gebuhr,2003-05-06T00:00:00.000Z,185.0,both,Germany,defender,,
1146377,8293,Dominik Becker,2000-01-09T00:00:00.000Z,180.0,right,Germany,defender,,200000.0
1351501,8398,Janis Juckel,2004-07-29T00:00:00.000Z,180.0,right,Germany,midfielder,,100000.0
1894327,9753,Noah Klose,2005-01-30T00:00:00.000Z,,right,Germany,forward,,0.0
1794963,89338,Leon Svitek,2007-09-01T00:00:00.000Z,,,Czechia,forward,,0.0
1185140,89338,Alexander Dlugaiczyk,1983-02-17T00:00:00.000Z,195.0,left,Germany,keeper,,0.0
965149,8148,Romario Hajrulla,1998-12-01T00:00:00.000Z,179.0,left,Greece,forward,,
1970801,8201,Tibet-Erkan Sevik,2009-12-01T00:00:00.000Z,,,Germany,forward,,
1928882,8234,Tomislav Bagaric,2006-12-28T00:00:00.000Z,,right,Germany,midfielder,,
1185263,7783,Marco Mannhardt,2002-07-04T00:00:00.000Z,183.0,both,Germany,midfielder,,125000.0
560939,10171,Jean Butez,1995-06-08T00:00:00.000Z,188.0,right,France,GK,,8000000.0
958422,8529,Elia Caprile,2001-08-25T00:00:00.000Z,191.0,right,Italy,GK,,15000000.0
768474,8686,Mile Svilar,1999-08-27T00:00:00.000Z,189.0,right,Serbia,GK,,35000000.0
362200,9888,Wladimiro Falcone,1995-04-12T00:00:00.000Z,195.0,right,Italy,GK,,3500000.0
182917,8535,David de Gea,1990-11-07T00:00:00.000Z,192.0,right,Spain,GK,,3500000.0
1013021,8524,Marco Carnesecchi,2000-07-01T00:00:00.000Z,193.0,right,Italy,GK,,30000000.0
466439,8564,Mike Maignan,1995-07-03T00:00:00.000Z,191.0,right,France,GK,,20000000.0
776594,9876,Victor Nelsson,1998-10-14T00:00:00.000Z,185.0,right,Denmark,CB,,6000000.0
1131217,9885,Pierre Kalulu,2000-06-05T00:00:00.000Z,182.0,right,France,CB,"RB,RWB",32000000.0
1574492,9888,Tiago Gabriel,2004-12-26T00:00:00.000Z,194.0,right,Portugal,CB,,15000000.0
762028,357274,Ylber Ramadani,1996-04-12T00:00:00.000Z,185.0,right,Albania,DM,CM,1800000.0
322003,8600,Jesper Karlström,1995-06-21T00:00:00.000Z,182.0,right,Sweden,CM,DM,4000000.0
914103,10233,Johan Vásquez,1998-10-22T00:00:00.000Z,185.0,left,Mexico,CB,,14000000.0
897315,6479,Simone Canestrelli,2000-09-11T00:00:00.000Z,192.0,right,Italy,CB,,4500000.0
1473806,8455,Marco Palestra,2005-03-03T00:00:00.000Z,186.0,right,Italy,RM,RB,35000000.0
750734,8535,Dodô,1998-11-17T00:00:00.000Z,166.0,right,Brazil,RB,"RWB,RM",16000000.0
941953,9804,Saúl Coco,1999-02-09T00:00:00.000Z,188.0,right,Equatorial Guinea,CB,,7500000.0
921543,10233,Morten Frendrup,2001-04-07T00:00:00.000Z,178.0,right,Denmark,CM,DM,15000000.0
299799,8686,Bryan Cristante,1995-03-03T00:00:00.000Z,186.0,right,Italy,DM,"CM,AM",7000000.0
491784,9876,Lorenzo Montipò,1996-02-20T00:00:00.000Z,191.0,right,Italy,GK,,1200000.0
195416,6479,Antonio Caracciolo,1990-06-30T00:00:00.000Z,175.0,right,Italy,CB,,800000.0
937412,7943,Jay Idzes,2000-06-02T00:00:00.000Z,190.0,right,Indonesia,CB,,14000000.0
602845,10171,Emil Audero,1997-01-18T00:00:00.000Z,189.0,right,Indonesia,GK,,2800000.0
588687,8686,Gianluca Mancini,1996-04-17T00:00:00.000Z,190.0,right,Italy,CB,,15000000.0
879065,9888,Antonino Gallo,2000-01-05T00:00:00.000Z,183.0,left,Italy,LB,,3500000.0
936164,8529,Michel Ndary Adopo,2000-07-19T00:00:00.000Z,187.0,right,France,CM,DM,7000000.0
557677,9804,Nikola Vlasic,1997-10-04T00:00:00.000Z,178.0,right,Croatia,AM,"CM,RW,ST,LW",10000000.0
604330,7801,Sebastiano Luperto,1996-09-06T00:00:00.000Z,191.0,left,Italy,CB,,4000000.0
1306664,9888,Danilo Veiga,2002-09-25T00:00:00.000Z,183.0,right,Portugal,RB,,2500000.0
1163501,8564,Filippo Terracciano,2003-02-08T00:00:00.000Z,186.0,right,Italy,CB,RB,4500000.0
1239749,10167,Mandela Keita,2002-05-10T00:00:00.000Z,180.0,right,Belgium,CM,DM,20000000.0
624166,9885,Manuel Locatelli,1998-01-08T00:00:00.000Z,186.0,right,Italy,DM,CM,25000000.0
1224237,10167,Mateo Pellegrino,2001-10-22T00:00:00.000Z,190.0,left,Argentina,ST,,15000000.0
819215,9885,Lloyd Kelly,1998-10-06T00:00:00.000Z,190.0,left,England,CB,,23000000.0
41618,8342,Yann Sommer,1988-12-17T00:00:00.000Z,183.0,right,Switzerland,GK,,2000000.0
935380,10167,Enrico Del Prato,1999-11-10T00:00:00.000Z,186.0,right,Italy,CB,"RB,RM",
831474,8535,Marin Pongracic,1997-09-11T00:00:00.000Z,189.0,right,Croatia,CB,,6500000.0
1347574,10171,Nico Paz,2004-09-08T00:00:00.000Z,186.0,left,Argentina,AM,"RW,ST",80000000.0
860592,7943,Sebastian Walukiewicz,2000-04-05T00:00:00.000Z,188.0,right,Poland,RB,CB,5000000.0
1048023,8564,Strahinja Pavlovic,2001-05-24T00:00:00.000Z,194.0,left,Serbia,CB,,40000000.0
792756,6479,Michel Aebischer,1997-01-06T00:00:00.000Z,185.0,right,Switzerland,CM,DM,4000000.0
760752,7943,Arijanet Muric,1998-11-07T00:00:00.000Z,197.0,right,Kosovo,GK,,7500000.0
1412132,9885,Kenan Yildiz,2005-05-04T00:00:00.000Z,185.0,both,Turkiye,AM,"LW,ST",75000000.0
848266,9885,Weston McKennie,1998-08-28T00:00:00.000Z,185.0,right,USA,RWB,"DM,LWB,RM,CM,RW,AM",30000000.0
31097,8564,Luka Modric,1985-09-09T00:00:00.000Z,172.0,right,Croatia,CM,DM,3500000.0
1250485,8463,Tarik Muharemovic,2003-02-28T00:00:00.000Z,187.0,left,Bosnia and Herzegovina,CB,,35000000.0
521318,8636,Manuel Akanji,1995-07-19T00:00:00.000Z,188.0,right,Switzerland,CB,,17000000.0
866708,8600,Oumar Solet,2000-02-07T00:00:00.000Z,192.0,right,France,CB,,23000000.0
1078846,9885,Andrea Cambiaso,2000-02-20T00:00:00.000Z,182.0,left,Italy,LWB,"LB,RWB,RM,LM",20000000.0
478447,8543,Adam Marusic,1992-10-17T00:00:00.000Z,185.0,right,Montenegro,RB,"CB,LB",2500000.0
921341,8564,Alexis Saelemaekers,1999-06-27T00:00:00.000Z,180.0,right,Belgium,RM,"RW,AM",20000000.0
843099,9875,Scott McTominay,1996-12-08T00:00:00.000Z,193.0,right,Scotland,DM,"CM,AM,LW",40000000.0
942193,10233,Mikael Egill Ellertsson,2002-03-11T00:00:00.000Z,182.0,left,Iceland,RM,"LB,LWB,RWB,CM,LM,RW,LW",6000000.0
1289961,8529,Adam Obert,2002-08-23T00:00:00.000Z,186.0,left,Slovakia,LB,"CB,LWB,LM",7000000.0
1199272,9875,Rasmus Højlund,2003-02-04T00:00:00.000Z,191.0,left,Denmark,ST,,60000000.0
1076647,10171,Lucas Da Cunha,2001-06-09T00:00:00.000Z,174.0,left,France,DM,,20000000.0
1336582,10171,Máximo Perrone,2003-01-07T00:00:00.000Z,178.0,left,Argentina,DM,CM,35000000.0
1288119,7943,Ismaël Koné,2002-06-16T00:00:00.000Z,188.0,right,Canada,CM,,25000000.0
1413963,10171,Jacobo Ramón,2005-01-06T00:00:00.000Z,196.0,right,Spain,CB,,30000000.0
867225,9885,Zeki Çelik,1997-02-17T00:00:00.000Z,180.0,right,Turkiye,RWB,"RB,CB,RM",14000000.0
1030212,8529,Sebastiano Esposito,2002-07-02T00:00:00.000Z,186.0,right,Italy,ST,"AM,LW",15000000.0
605224,8636,Federico Dimarco,1997-11-10T00:00:00.000Z,174.0,left,Italy,LM,LB,50000000.0
787242,8686,Evan N'Dicka,1999-08-20T00:00:00.000Z,192.0,left,Ivory Coast,CB,,
115067,7943,Nemanja Matic,1988-08-01T00:00:00.000Z,194.0,left,Serbia,CM,,1600000.0
362195,8543,Alessio Romagnoli,1995-01-12T00:00:00.000Z,185.0,left,Italy,CB,,6000000.0
1318686,10167,Alessandro Circati,2003-10-10T00:00:00.000Z,190.0,right,Australia,CB,,18000000.0
198559,8524,Marten de Roon,1991-03-29T00:00:00.000Z,185.0,right,Netherlands,DM,"CB,CM",3200000.0
766062,9885,Michele Di Gregorio,1997-07-27T00:00:00.000Z,187.0,right,Italy,GK,,10000000.0
664587,9888,Lassana Coulibaly,1996-04-10T00:00:00.000Z,183.0,right,Mali,CM,"DM,AM",2200000.0
740944,10233,Leo Østigard,1999-11-28T00:00:00.000Z,182.0,right,Norway,CB,,13000000.0
1091193,8600,Maduka Okoye,1999-08-28T00:00:00.000Z,197.0,right,Nigeria,GK,,10000000.0
935769,7943,Armand Laurienté,1998-12-04T00:00:00.000Z,177.0,right,France,LW,,19000000.0
415137,9804,Alberto Paleari,1992-08-29T00:00:00.000Z,193.0,right,Italy,GK,,1200000.0
670928,7801,Giuseppe Pezzella,1997-11-29T00:00:00.000Z,185.0,left,Italy,LM,LB,2000000.0
1289942,6479,Samuele Angori,2003-10-07T00:00:00.000Z,184.0,left,Italy,LM,LWB,4500000.0
1436436,10233,Alessandro Marcandalli,2002-10-25T00:00:00.000Z,190.0,right,Italy,CB,,14000000.0
244811,8524,Davide Zappacosta,1992-06-11T00:00:00.000Z,185.0,right,Italy,RWB,LWB,3500000.0
867789,10167,Emanuele Valeri,1998-12-07T00:00:00.000Z,180.0,left,Italy,LM,"LB,LWB,LW",3000000.0
873956,9857,Juan Miranda,2000-01-19T00:00:00.000Z,185.0,left,Spain,LB,,15000000.0
750030,7943,Andrea Pinamonti,1999-05-19T00:00:00.000Z,186.0,right,Italy,ST,,15000000.0
1039403,9888,Santiago Pierotti,2001-04-03T00:00:00.000Z,,right,Argentina,RW,,4000000.0
749662,8564,Fikayo Tomori,1997-12-19T00:00:00.000Z,185.0,right,England,CB,,17000000.0
1428426,8535,Arthur Atta,2003-01-14T00:00:00.000Z,189.0,right,France,CM,"DM,LM,AM",25000000.0
541820,8636,Nicolò Barella,1997-02-07T00:00:00.000Z,172.0,right,Italy,CM,,50000000.0
951712,8535,Nicolò Fagioli,2001-02-12T00:00:00.000Z,178.0,right,Italy,CM,DM,16000000.0
844996,8564,Matteo Gabbia,1999-10-21T00:00:00.000Z,185.0,right,Italy,CB,,17000000.0
543306,7801,Federico Bonazzoli,1997-05-21T00:00:00.000Z,186.0,left,Italy,ST,,2500000.0
823018,9875,Alessandro Buongiorno,1999-06-06T00:00:00.000Z,191.0,left,Italy,CB,,30000000.0
260964,8524,Berat Djimsiti,1993-02-19T00:00:00.000Z,190.0,right,Albania,CB,,4000000.0
951714,10167,Adrián Bernabé,2001-05-26T00:00:00.000Z,170.0,left,Spain,CM,"DM,RM,RW,AM",15000000.0
1106074,8564,Mario Gila,2000-08-29T00:00:00.000Z,185.0,right,Spain,CB,,30000000.0
1190029,8600,Thomas Kristensen,2002-01-17T00:00:00.000Z,198.0,right,Denmark,CB,,12000000.0
799230,7801,Federico Baschirotto,1996-09-20T00:00:00.000Z,184.0,right,Italy,CB,,3500000.0
935406,8535,Luca Ranieri,1999-04-23T00:00:00.000Z,185.0,left,Italy,CB,,6000000.0
1016132,8686,Manu Koné,2001-05-17T00:00:00.000Z,185.0,right,France,DM,CM,
1320176,8686,Wesley,2003-09-06T00:00:00.000Z,178.0,right,Brazil,LWB,"RB,RWB,LM",40000000.0
980793,9885,Khéphren Thuram-Ulien,2001-03-26T00:00:00.000Z,191.0,right,France,DM,CM,
1385856,8564,Davide Bartesaghi,2005-12-29T00:00:00.000Z,193.0,left,Italy,LM,"CB,LB,LWB",22000000.0
577911,8535,Rolando Mandragora,1997-06-29T00:00:00.000Z,183.0,left,Italy,CM,"DM,AM",9000000.0
308517,9875,Stanislav Lobotka,1994-11-25T00:00:00.000Z,170.0,right,Slovakia,DM,CM,10000000.0
543021,9875,Vanja Milinkovic-Savic,1997-02-20T00:00:00.000Z,202.0,right,Serbia,GK,,20000000.0
921921,7943,Kristian Thorstvedt,1999-03-13T00:00:00.000Z,189.0,left,Norway,CM,AM,12000000.0
824623,9876,Martin Frese,1998-01-04T00:00:00.000Z,179.0,left,Denmark,LM,"CB,LWB",2500000.0
1050163,10233,Lorenzo Colombo,2002-03-08T00:00:00.000Z,183.0,left,Italy,ST,,10000000.0
1282008,9857,Santiago Castro,2004-09-18T00:00:00.000Z,179.0,right,Argentina,ST,,32000000.0
355356,10171,Marc-Oliver Kempf,1995-01-28T00:00:00.000Z,186.0,left,Germany,CB,,3500000.0
506776,6479,Stefano Moreo,1993-06-30T00:00:00.000Z,191.0,right,Italy,ST,AM,1200000.0
364822,8636,Ivan Provedel,1994-03-17T00:00:00.000Z,192.0,right,Italy,GK,,3000000.0
767013,9876,Antoine Bernede,1999-05-26T00:00:00.000Z,177.0,right,France,CM,"DM,AM",3500000.0
731600,6479,Idrissa Touré,1998-04-29T00:00:00.000Z,188.0,right,Germany,RM,RWB,5000000.0
860913,9857,Jhon Lucumí,1998-06-26T00:00:00.000Z,185.0,left,Colombia,CB,,22000000.0
873270,10171,Anastasios Douvikas,1999-08-02T00:00:00.000Z,184.0,right,Greece,ST,,25000000.0
414906,9875,Giovanni Di Lorenzo,1993-08-04T00:00:00.000Z,183.0,both,Italy,RB,"CB,RWB,RM",7500000.0
818893,8600,Nicolò Zaniolo,1999-07-02T00:00:00.000Z,190.0,left,Italy,ST,,15000000.0
665188,8535,Albert Gudmundsson,1997-06-15T00:00:00.000Z,177.0,right,Iceland,LW,"CM,LM,AM,ST",12000000.0
321140,102117,Valentino Lazaro,1996-03-24T00:00:00.000Z,180.0,right,Austria,RM,"LWB,RWB,LM,LW",2500000.0
149219,8600,Christian Kabasele,1991-02-24T00:00:00.000Z,188.0,right,Belgium,CB,,750000.0
968029,10167,Lautaro Valenti,1999-01-14T00:00:00.000Z,188.0,left,Argentina,CB,,2000000.0
805451,8636,Alessandro Bastoni,1999-04-13T00:00:00.000Z,190.0,left,Italy,CB,,65000000.0
747079,6479,Adrian Semper,1998-01-12T00:00:00.000Z,194.0,right,Croatia,GK,,1800000.0
469615,9804,Giovanni Simeone,1995-07-05T00:00:00.000Z,180.0,right,Argentina,ST,,7000000.0
1215057,10233,Vítinha,2000-03-15T00:00:00.000Z,178.0,right,Portugal,ST,"AM,LW",8000000.0
954621,8564,Youssouf Fofana,1999-01-10T00:00:00.000Z,185.0,right,France,CM,DM,23000000.0
459658,9752,Ruslan Malinovsky,1993-05-04T00:00:00.000Z,180.0,left,Ukraine,CM,"DM,AM",2500000.0
485634,9876,Roberto Gagliardini,1994-04-07T00:00:00.000Z,190.0,right,Italy,CM,DM,1300000.0
957203,8524,Éderson,1999-07-07T00:00:00.000Z,183.0,right,Brazil,DM,,45000000.0
1214915,10233,Brooke Norton-Cuffy,2004-01-12T00:00:00.000Z,181.0,right,England,RM,"RB,RWB,RW",15000000.0
201704,9857,Remo Freuler,1992-04-15T00:00:00.000Z,180.0,right,Switzerland,DM,CM,3000000.0
934156,8600,Jurgen Ekkelenkamp,2000-04-05T00:00:00.000Z,184.0,right,Netherlands,CM,"RM,AM",10000000.0
1095432,8524,Charles De Ketelaere,2001-03-10T00:00:00.000Z,192.0,left,Belgium,AM,"LW,RW,ST",35000000.0
690230,8636,Lautaro Martínez,1997-08-22T00:00:00.000Z,174.0,right,Argentina,ST,,85000000.0
857269,9885,Gleison Bremer,1997-03-18T00:00:00.000Z,188.0,right,Brazil,CB,,35000000.0
279820,7801,Matteo Bianchetti,1993-03-17T00:00:00.000Z,189.0,right,Italy,CB,,800000.0
1280082,8686,Matias Soulé,2003-04-15T00:00:00.000Z,176.0,left,Argentina,AM,"RW,ST",35000000.0
415539,9875,Matteo Politano,1993-08-03T00:00:00.000Z,171.0,left,Italy,RW,"RWB,RM,AM",5000000.0
684981,10233,Aarón Martín,1997-04-22T00:00:00.000Z,180.0,left,Spain,LM,"LB,LWB",5000000.0
935622,9804,Marcus Holmgren Pedersen,2000-07-16T00:00:00.000Z,183.0,right,Norway,RM,"RB,RWB",3500000.0
402830,8702,Guillermo Maripán,1994-05-06T00:00:00.000Z,190.0,right,Chile,CB,,2000000.0
661761,9857,Riccardo Orsolini,1997-01-24T00:00:00.000Z,183.0,left,Italy,RW,,15000000.0
496042,8529,Yerry Mina,1994-09-23T00:00:00.000Z,195.0,right,Colombia,CB,,2500000.0
541555,8543,Mattia Zaccagni,1995-06-16T00:00:00.000Z,176.0,right,Italy,LW,,7500000.0
671203,8686,Mario Hermoso,1995-06-18T00:00:00.000Z,184.0,left,Spain,CB,,7000000.0
286119,7801,Jamie Vardy,1987-01-11T00:00:00.000Z,179.0,right,England,ST,,1000000.0
1693531,10167,Sascha Britschgi,2006-08-27T00:00:00.000Z,182.0,right,Switzerland,RM,"RB,LB,RWB,LM",10000000.0
362212,8636,Piotr Zielinski,1994-05-20T00:00:00.000Z,177.0,right,Poland,CM,DM,10000000.0
1384881,10171,Álex Valle,2004-04-25T00:00:00.000Z,178.0,left,Spain,LB,LWB,12000000.0
724368,8600,Keinan Davis,1998-02-13T00:00:00.000Z,191.0,right,Jamaica,ST,,10000000.0
747926,8535,Moise Kean,2000-02-28T00:00:00.000Z,182.0,right,Italy,ST,,32000000.0
1368557,8226,Gift Orban,2002-07-17T00:00:00.000Z,178.0,right,Nigeria,ST,,7000000.0
1185336,9885,Francisco Conceição,2002-12-14T00:00:00.000Z,170.0,left,Portugal,RW,AM,30000000.0
822440,9875,Michael Folorunsho,1998-02-07T00:00:00.000Z,180.0,right,Italy,CM,"DM,LM,ST",5000000.0
362120,8543,Danilo Cataldi,1994-08-06T00:00:00.000Z,180.0,right,Italy,CM,DM,3500000.0
1339372,9804,Cesare Casadei,2003-01-10T00:00:00.000Z,192.0,right,Italy,CM,DM,15000000.0
921594,9876,Domagoj Bradaric,1999-12-10T00:00:00.000Z,178.0,left,Croatia,LM,"LWB,RM,LW",1500000.0
364520,7943,Domenico Berardi,1994-08-01T00:00:00.000Z,176.0,left,Italy,RW,,7000000.0
466113,7801,Jari Vandeputte,1996-02-14T00:00:00.000Z,175.0,right,Belgium,CM,"DM,LM,AM",3000000.0
570434,8695,Diego Carlos,1993-03-15T00:00:00.000Z,185.0,right,Brazil,CB,,5000000.0
939780,8524,Isak Hien,1999-01-13T00:00:00.000Z,191.0,right,Sweden,CB,,22000000.0
446266,8524,Mario Pasalic,1995-02-09T00:00:00.000Z,186.0,right,Croatia,DM,"CM,RW,AM",6000000.0
889535,8636,Yann Aurel Bisseck,2000-11-29T00:00:00.000Z,196.0,right,Germany,CB,,50000000.0
1231029,9876,Rafik Belghali,2002-06-07T00:00:00.000Z,178.0,right,Algeria,RM,"RB,CB,RWB,LM,AM",12000000.0
1130330,7943,Josh Doig,2002-05-18T00:00:00.000Z,189.0,both,Scotland,LB,,4500000.0
1012842,8524,Gianluca Gaetano,2000-05-05T00:00:00.000Z,183.0,right,Italy,CM,"DM,AM",6500000.0
621562,8636,Marcus Thuram,1997-08-06T00:00:00.000Z,188.0,right,France,ST,,50000000.0
847357,6479,Mehdi Léris,1998-05-23T00:00:00.000Z,186.0,right,Algeria,RM,"CM,LM",1800000.0
750880,9804,Ardian Ismajli,1996-09-30T00:00:00.000Z,185.0,right,Albania,CB,,5000000.0
1053714,8524,Nicola Zalewski,2002-01-23T00:00:00.000Z,175.0,both,Poland,AM,"LWB,LM",20000000.0
215242,9875,Leonardo Spinazzola,1993-03-25T00:00:00.000Z,185.0,right,Italy,LWB,"LB,LM",3500000.0
599353,9804,Ché Adams,1996-07-13T00:00:00.000Z,178.0,right,Scotland,ST,AM,5000000.0
518346,10189,Robin Gosens,1994-07-05T00:00:00.000Z,181.0,left,Germany,LB,"LWB,LM",4000000.0
1355574,9875,Giovane Nascimento,2003-11-24T00:00:00.000Z,184.0,left,Brazil,ST,AM,12000000.0
1246009,8535,Cher Ndour,2004-07-27T00:00:00.000Z,190.0,both,Italy,CM,"DM,AM",20000000.0
1396089,8529,Matteo Prati,2003-12-28T00:00:00.000Z,185.0,right,Italy,CM,DM,5500000.0
488415,8600,Hassane Kamara,1994-03-05T00:00:00.000Z,168.0,left,Ivory Coast,LM,,3000000.0
848844,8564,Rafael Leão,1999-06-10T00:00:00.000Z,188.0,right,Portugal,ST,LW,50000000.0
1097009,10167,Oliver Sørensen,2002-03-10T00:00:00.000Z,184.0,left,Denmark,CM,AM,6500000.0
1206806,9888,Kialonda Gaspar,1997-09-27T00:00:00.000Z,193.0,right,Angola,CB,,3000000.0
1202358,8524,Giorgio Scalvini,2003-12-11T00:00:00.000Z,194.0,right,Italy,CB,,38000000.0
1080669,9857,Nadir Zortea,1999-06-19T00:00:00.000Z,175.0,right,Italy,RB,,7000000.0
544693,9875,Amir Rrahmani,1994-02-24T00:00:00.000Z,192.0,both,Kosovo,CB,,10000000.0
1200630,8564,Koni De Winter,2002-06-12T00:00:00.000Z,188.0,right,Belgium,CB,,23000000.0
1053679,10167,Zion Suzuki,2002-08-21T00:00:00.000Z,189.0,right,Japan,GK,,30000000.0
866516,9885,Teun Koopmeiners,1998-02-28T00:00:00.000Z,186.0,left,Netherlands,CB,"DM,CM,AM",14000000.0
641595,9857,Nikola Moro,1998-03-12T00:00:00.000Z,183.0,right,Croatia,DM,CM,7000000.0
213299,9876,Nicola Leali,1993-02-17T00:00:00.000Z,188.0,right,Italy,GK,,1000000.0
833638,8524,Nikola Krstovic,2000-04-05T00:00:00.000Z,185.0,both,Montenegro,ST,,30000000.0
939569,9885,Jonathan David,2000-01-14T00:00:00.000Z,175.0,both,Canada,ST,,30000000.0
1209987,8564,Warren Bondo,2003-09-15T00:00:00.000Z,177.0,right,France,CM,DM,6000000.0
741049,178475,Eljif Elmas,1999-09-24T00:00:00.000Z,184.0,right,North Macedonia,AM,"DM,CM,LW,RW",13000000.0
1421505,9804,Gvidas Gineitis,2004-04-15T00:00:00.000Z,187.0,left,Lithuania,CM,"DM,RW",5500000.0
896377,9888,Lameck Banda,2001-01-29T00:00:00.000Z,169.0,right,Zambia,LW,RW,3500000.0
1382000,8636,Petar Sucic,2003-10-25T00:00:00.000Z,183.0,right,Croatia,CM,"DM,AM",45000000.0
940829,8636,Carlos Augusto,1999-01-07T00:00:00.000Z,184.0,left,Brazil,CB,"RM,LM",23000000.0
1258292,8600,Nicolò Bertola,2003-03-23T00:00:00.000Z,192.0,right,Italy,CB,LM,7000000.0
575364,7801,Alberto Grassi,1995-03-07T00:00:00.000Z,180.0,right,Italy,CM,,1400000.0
651435,7881,Toma Basic,1996-11-25T00:00:00.000Z,189.0,right,Croatia,CM,DM,3000000.0
1624039,10171,Jesús Rodríguez,2005-11-21T00:00:00.000Z,188.0,right,Spain,LW,AM,30000000.0
1146500,8543,Matteo Cancellieri,2002-02-12T00:00:00.000Z,180.0,left,Italy,RW,,7000000.0
1178314,9888,Nikola Stulic,2001-09-08T00:00:00.000Z,188.0,right,Serbia,ST,,3500000.0
1072056,7801,Tommaso Barbieri,2002-08-26T00:00:00.000Z,181.0,right,Italy,RM,,3800000.0
1529222,8535,Pietro Comuzzo,2005-02-20T00:00:00.000Z,183.0,right,Italy,CB,,18000000.0
957107,8529,Zé Pedro,1997-06-06T00:00:00.000Z,187.0,right,Portugal,CB,RB,3000000.0
689987,8600,Jakub Piotrowski,1997-10-04T00:00:00.000Z,184.0,right,Poland,CM,,4500000.0
1353289,10171,Ivan Smolcic,2000-08-17T00:00:00.000Z,181.0,right,Croatia,RB,,3500000.0
1017401,8535,Roberto Piccoli,2001-01-27T00:00:00.000Z,187.0,right,Italy,ST,,14000000.0
850295,9875,Alessio Zerbin,1999-03-03T00:00:00.000Z,182.0,right,Italy,RM,"CM,RW",2000000.0
304733,8636,Hakan Çalhanoglu,1994-02-08T00:00:00.000Z,176.0,right,Turkiye,CM,DM,16000000.0
873573,9875,Sam Beukema,1998-11-17T00:00:00.000Z,188.0,right,Netherlands,CB,,22000000.0
1520184,10167,Mariano Troilo,2003-06-28T00:00:00.000Z,191.0,both,Argentina,CB,,10000000.0
1114635,8636,Luis Henrique,2001-12-14T00:00:00.000Z,181.0,right,Brazil,RM,LM,22000000.0
864006,6479,Mattéo Tramoni,2000-01-20T00:00:00.000Z,175.0,right,France,AM,"CM,ST",4500000.0
688295,8564,Christian Pulisic,1998-09-18T00:00:00.000Z,178.0,right,USA,ST,LW,40000000.0
888921,9857,Lewis Ferguson,1999-08-24T00:00:00.000Z,181.0,right,Scotland,DM,"CM,AM",14000000.0
1016093,8543,Gustav Isaksen,2001-04-19T00:00:00.000Z,178.0,both,Denmark,RW,,15000000.0
178732,9857,Lukasz Skorupski,1991-05-05T00:00:00.000Z,187.0,right,Poland,GK,,2000000.0
949731,8529,Gabriele Zappa,1999-12-22T00:00:00.000Z,186.0,right,Italy,CB,"RB,RWB,RM",3000000.0
560945,10171,Mërgim Vojvoda,1995-02-01T00:00:00.000Z,187.0,both,Kosovo,RW,"RB,RWB,RM",2500000.0
1191093,8524,Lorenzo Bernasconi,2003-11-16T00:00:00.000Z,190.0,left,Italy,LWB,,20000000.0
1215064,10171,Martin Baturina,2003-02-16T00:00:00.000Z,172.0,right,Croatia,LW,"DM,AM",45000000.0
789243,9888,Youssef Maleh,1998-08-22T00:00:00.000Z,177.0,left,Morocco,CM,AM,1500000.0
73167,8636,Henrikh Mkhitaryan,1989-01-21T00:00:00.000Z,177.0,both,Armenia,CM,,3000000.0
1367618,8636,Francesco Pio Esposito,2005-06-28T00:00:00.000Z,189.0,right,Italy,ST,,45000000.0
1333331,8543,Oliver Provstgaard,2003-06-04T00:00:00.000Z,194.0,left,Denmark,CB,,16000000.0
1093285,8535,Fabiano Parisi,2000-11-09T00:00:00.000Z,178.0,left,Italy,LM,"LB,RW",6000000.0
1117310,10167,Edoardo Corvi,2001-03-23T00:00:00.000Z,183.0,right,Italy,GK,,1500000.0
613334,8535,M'Bala Nzola,1996-08-18T00:00:00.000Z,174.0,left,Angola,ST,,4000000.0
1044029,9857,Nicolò Cambiaghi,2000-12-28T00:00:00.000Z,173.0,right,Italy,LW,,14000000.0
1296413,6479,Henrik Meister,2003-11-17T00:00:00.000Z,191.0,right,Denmark,ST,,3800000.0
583659,6479,Arturo Calabresi,1996-03-17T00:00:00.000Z,186.0,right,Italy,CB,,800000.0
279879,9876,Jean-Daniel Akpa Akpro,1992-10-11T00:00:00.000Z,180.0,right,Côte d'Ivoire,CM,DM,500000.0
846000,10171,Maxence Caqueret,2000-02-15T00:00:00.000Z,174.0,right,France,DM,AM,13000000.0
942379,9875,Miguel Gutiérrez,2001-07-27T00:00:00.000Z,180.0,left,Spain,LWB,"LB,RWB",22000000.0
807148,8543,Luca Pellegrini,1999-03-07T00:00:00.000Z,178.0,left,Italy,LB,,4500000.0
540307,8686,Lorenzo Pellegrini,1996-06-19T00:00:00.000Z,186.0,right,Italy,AM,ST,8000000.0
793041,9857,Federico Ravaglia,1999-11-11T00:00:00.000Z,190.0,right,Italy,GK,,1800000.0
957118,8543,Nuno Tavares,2000-01-26T00:00:00.000Z,183.0,left,Portugal,LB,,12000000.0
845994,10167,Hans Nicolussi Caviglia,2000-06-18T00:00:00.000Z,184.0,right,Italy,CM,DM,6000000.0
1481909,8636,Ebenezer Akinsanmiro,2004-11-25T00:00:00.000Z,184.0,right,Nigeria,CM,,7000000.0
874621,8600,Martín Payero,1998-09-11T00:00:00.000Z,183.0,right,Argentina,CM,,5000000.0
790732,9857,Tommaso Pobega,1999-07-15T00:00:00.000Z,188.0,right,Italy,DM,CM,8000000.0
975242,8535,Simon Sohm,2001-04-11T00:00:00.000Z,188.0,right,Switzerland,CM,"DM,AM",8000000.0
449283,8529,Alessandro Deiola,1995-08-01T00:00:00.000Z,183.0,right,Italy,CM,"CB,DM",1500000.0
800609,8695,Mattéo Guendouzi,1999-04-14T00:00:00.000Z,185.0,right,France,DM,"CB,CM,AM",
1249665,8535,Nicolás Valentini,2001-04-06T00:00:00.000Z,184.0,left,Argentina,CB,,3000000.0
970565,8543,Kenneth Taylor,2002-05-16T00:00:00.000Z,182.0,left,Netherlands,CM,DM,25000000.0
1189223,10233,Patrizio Masini,2001-01-27T00:00:00.000Z,182.0,right,Italy,DM,CM,4200000.0
689680,9857,Jens Odgaard,1999-03-31T00:00:00.000Z,188.0,left,Denmark,AM,ST,12000000.0
721533,10233,Justin Bijlow,1998-01-22T00:00:00.000Z,188.0,right,Netherlands,GK,,4000000.0
902651,8524,Raoul Bellanova,2000-05-17T00:00:00.000Z,185.0,right,Italy,RWB,RM,15000000.0
1669629,8524,Honest Ahanor,2008-02-23T00:00:00.000Z,184.0,left,Italy,CB,,30000000.0
729093,9875,Mathías Olivera,1997-10-31T00:00:00.000Z,185.0,left,Uruguay,CB,"LB,LWB",15000000.0
325916,8686,Paulo Dybala,1993-11-15T00:00:00.000Z,177.0,left,Argentina,AM,ST,5000000.0
439148,7801,Morten Thorsby,1996-05-05T00:00:00.000Z,186.0,right,Norway,CM,,2800000.0
704523,8564,Christopher Nkunku,1997-11-14T00:00:00.000Z,178.0,right,France,ST,,25000000.0
951765,7881,Armel Bella-Kotchap,2001-12-11T00:00:00.000Z,190.0,right,Germany,CB,,7000000.0
769167,8600,Enzo Ebosse,1999-03-11T00:00:00.000Z,185.0,left,Cameroon,CB,,2800000.0
1198712,9857,Martin Vitík,2003-01-21T00:00:00.000Z,192.0,right,Czechia,CB,,13000000.0
846006,9876,Andrias Edmundsson,2000-12-18T00:00:00.000Z,193.0,right,Faroe Islands,CB,,3000000.0
721089,8524,Gianluca Scamacca,1999-01-01T00:00:00.000Z,195.0,right,Italy,ST,,25000000.0
1621219,8529,Juan Rodríguez,2005-05-30T00:00:00.000Z,190.0,left,Uruguay,CB,,10000000.0
916710,8600,Alessandro Zanoli,2000-10-03T00:00:00.000Z,188.0,right,Italy,RM,,4500000.0
593118,8633,Denzel Dumfries,1996-04-18T00:00:00.000Z,189.0,right,Netherlands,RM,RB,25000000.0
941656,8564,Samuele Ricci,2001-08-21T00:00:00.000Z,174.0,right,Italy,CM,,22000000.0
812549,102123,Marius Marin,1998-08-30T00:00:00.000Z,180.0,right,Romania,CM,DM,2800000.0
1451196,8686,Niccolò Pisilli,2004-09-23T00:00:00.000Z,180.0,right,Italy,DM,"CM,AM",30000000.0
1030646,8529,Gennaro Borrelli,2000-03-10T00:00:00.000Z,194.0,right,Italy,ST,,3000000.0
805352,9910,Unai Núñez,1997-01-30T00:00:00.000Z,186.0,right,Spain,CB,RB,
612863,9875,Frank Anguissa,1995-11-16T00:00:00.000Z,184.0,right,Cameroon,CM,"DM,AM",15000000.0
972120,8543,Boulaye Dia,1996-11-16T00:00:00.000Z,180.0,right,Senegal,ST,AM,5000000.0
1078113,9875,Walid Cheddira,1998-01-22T00:00:00.000Z,187.0,right,Morocco,ST,,2000000.0
304345,8524,Sead Kolasinac,1993-06-20T00:00:00.000Z,183.0,left,Bosnia and Herzegovina,CB,LB,4000000.0
982617,9876,Kieron Bowie,2002-09-21T00:00:00.000Z,187.0,left,Scotland,ST,,7000000.0
414245,9857,Federico Bernardeschi,1994-02-16T00:00:00.000Z,183.0,left,Italy,RW,"AM,LW",3500000.0
1091907,8543,Fisayo Dele-Bashiru,2001-02-06T00:00:00.000Z,176.0,right,Nigeria,CM,AM,6000000.0
1180321,8686,Devyne Rensch,2003-01-18T00:00:00.000Z,179.0,both,Netherlands,RWB,"LWB,RM",8500000.0
1276505,8535,Giovanni Fabbian,2003-01-14T00:00:00.000Z,186.0,right,Italy,AM,CM,10000000.0
169200,9875,Kevin De Bruyne,1991-06-28T00:00:00.000Z,181.0,right,Belgium,AM,CM,8000000.0
1307957,8543,Romano Floriani Mussolini,2003-01-27T00:00:00.000Z,188.0,right,Italy,LM,RM,2500000.0
1282285,8543,Tijjani Noslin,1999-07-07T00:00:00.000Z,180.0,right,Netherlands,ST,LW,8000000.0
1208969,8636,Kristjan Asllani,2002-03-09T00:00:00.000Z,175.0,right,Albania,DM,"CM,AM",
982633,8600,Jordan Zemura,1999-11-14T00:00:00.000Z,173.0,left,Zimbabwe,LM,"LB,LWB,CM",5000000.0
1167529,9772,Rafael Obrador,2004-02-24T00:00:00.000Z,,left,Spain,LWB,"LB,LM",5000000.0
604982,8564,Ruben Loftus-Cheek,1996-01-23T00:00:00.000Z,191.0,right,England,CM,"AM,ST",8500000.0
667790,9876,Suat Serdar,1997-04-11T00:00:00.000Z,183.0,right,Germany,CM,"DM,RW",2800000.0
426393,9804,Adrien Tamèze,1994-02-04T00:00:00.000Z,180.0,right,France,CB,CM,1200000.0
116555,9804,Duván Zapata,1991-04-01T00:00:00.000Z,186.0,right,Colombia,ST,,2500000.0
1199383,8636,Ange-Yoan Bonny,2003-10-25T00:00:00.000Z,189.0,right,Ivory Coast,ST,,35000000.0
1189288,9885,Federico Gatti,1998-06-24T00:00:00.000Z,190.0,right,Italy,CB,,14000000.0
1156568,9876,Amin Sarr,2001-03-11T00:00:00.000Z,188.0,right,Sweden,ST,,2400000.0
1393542,10167,Christian Ordóñez,2004-07-24T00:00:00.000Z,177.0,right,Argentina,CM,AM,6500000.0
1386006,8686,Daniele Ghilardi,2003-01-06T00:00:00.000Z,181.0,right,Italy,CB,,18000000.0
933817,8535,Riccardo Sottil,1999-06-03T00:00:00.000Z,180.0,right,Italy,LW,,3000000.0
1308909,7943,Cristian Volpato,2003-11-15T00:00:00.000Z,187.0,left,Australia,RW,AM,10000000.0
1434889,10171,Assane Diao,2005-09-07T00:00:00.000Z,185.0,right,Senegal,RW,LW,30000000.0
688278,8564,Pervis Estupinán,1998-01-21T00:00:00.000Z,175.0,left,Ecuador,LM,"LB,LWB",12000000.0
1369279,7943,Luca Lipani,2005-05-18T00:00:00.000Z,185.0,right,Italy,CM,,7500000.0
950596,8535,Marco Brescianini,2000-01-20T00:00:00.000Z,188.0,left,Italy,CM,"DM,AM",9000000.0
1074476,8197,Woyo Coulibaly,1999-05-26T00:00:00.000Z,182.0,left,Mali,RB,LB,2000000.0
815366,8540,Nahuel Estévez,1995-11-14T00:00:00.000Z,181.0,right,Argentina,CM,DM,1400000.0
1050178,8524,Lazar Samardzic,2002-02-24T00:00:00.000Z,184.0,left,Serbia,AM,,16000000.0
1301633,9804,Emirhan Ilkhan,2004-06-01T00:00:00.000Z,175.0,right,Turkiye,CM,DM,6000000.0
836436,8638,Gabriel Strefezza,1997-04-18T00:00:00.000Z,170.0,right,Brazil,ST,"RW,LW,AM",6500000.0
1130691,8524,Kamaldeen Sulemana,2002-02-15T00:00:00.000Z,175.0,right,Ghana,AM,RM,17000000.0
1399969,8600,Lennon Miller,2006-08-25T00:00:00.000Z,182.0,right,Scotland,CM,DM,10000000.0
958421,9885,João Mário,2000-01-03T00:00:00.000Z,178.0,right,Portugal,RB,"LB,RWB",8000000.0
994403,9875,Cyril Ngonge,2000-05-26T00:00:00.000Z,179.0,left,Belgium,RW,"RM,ST",
577912,9875,Alex Meret,1997-03-22T00:00:00.000Z,191.0,left,Italy,GK,,8000000.0
1014496,8524,Odilon Kossounou,2001-01-04T00:00:00.000Z,188.0,right,Ivory Coast,CB,,15000000.0
1274060,8686,Neil El Aynaoui,2001-07-02T00:00:00.000Z,182.0,right,Morocco,DM,"CM,AM",30000000.0
1011022,9876,Cheikh Niasse,2000-01-19T00:00:00.000Z,188.0,right,Senegal,CM,RM,2000000.0
1435689,10188,Semih Kiliçsoy,2005-08-15T00:00:00.000Z,178.0,both,Turkiye,ST,LW,11000000.0
1202114,9888,Omri Gandelman,2000-05-16T00:00:00.000Z,188.0,left,Israel,AM,"CM,RW",3000000.0
424614,10233,Caleb Ekuban,1994-03-23T00:00:00.000Z,188.0,right,Ghana,ST,,1200000.0
1159233,10171,Alieu Fadera,2001-11-03T00:00:00.000Z,179.0,right,Gambia,LW,RW,4500000.0
737857,9885,Dusan Vlahovic,2000-01-28T00:00:00.000Z,190.0,left,Serbia,ST,,35000000.0
1669628,9885,Jeff Ekhator,2006-11-11T00:00:00.000Z,188.0,right,Italy,ST,AM,18000000.0
1072054,8524,Daniel Maldini,2001-10-11T00:00:00.000Z,188.0,right,Italy,ST,AM,9000000.0
474448,7801,Antonio Sanabria,1996-03-04T00:00:00.000Z,180.0,right,Paraguay,ST,,1800000.0
662205,8543,Manuel Lazzari,1993-11-29T00:00:00.000Z,174.0,right,Italy,RB,,2000000.0
1082597,10171,Ignace Van Der Brempt,2002-04-01T00:00:00.000Z,187.0,right,Belgium,RB,"CB,RWB",3000000.0
793066,9875,David Neres,1997-03-03T00:00:00.000Z,175.0,left,Brazil,AM,"RW,LW",23000000.0
213501,10171,Álvaro Morata,1992-10-23T00:00:00.000Z,189.0,right,Spain,ST,,6000000.0
364104,10233,Stefano Sabelli,1993-01-13T00:00:00.000Z,180.0,right,Italy,RB,"LWB,RM,LM",1300000.0
557396,8600,Adam Buksa,1996-07-12T00:00:00.000Z,191.0,left,Poland,ST,,3500000.0
909030,9876,Abdou Harroui,1998-01-13T00:00:00.000Z,181.0,both,Netherlands,CM,,1600000.0
1396375,8524,Ibrahim Sulemana,2003-05-22T00:00:00.000Z,180.0,right,Ghana,CM,LM,6000000.0
822237,8586,Manor Solomon,1999-07-24T00:00:00.000Z,167.0,both,Israel,LW,"LM,RW,AM",8000000.0
1014630,9857,Emil Holm,2000-05-13T00:00:00.000Z,191.0,right,Sweden,RB,,10000000.0
639671,6504,Patrick Cutrone,1998-01-03T00:00:00.000Z,184.0,right,Italy,ST,AM,4000000.0
1395728,9888,Medon Berisha,2003-10-21T00:00:00.000Z,186.0,right,Albania,CM,AM,5000000.0
1289520,6479,Gabriele Piccinini,2001-04-06T00:00:00.000Z,184.0,right,Italy,CM,,3000000.0
954092,8564,Santiago Giménez,2001-04-18T00:00:00.000Z,183.0,left,Mexico,ST,,18000000.0
801213,10268,Tete Morente,1996-12-04T00:00:00.000Z,184.0,right,Spain,RM,"RWB,RW,LW",
1110045,9804,Gaetano Oristanio,2002-09-28T00:00:00.000Z,174.0,left,Italy,AM,RW,5000000.0
822789,10171,Alberto Dossena,1998-10-13T00:00:00.000Z,195.0,right,Italy,CB,,6000000.0
1014136,6479,Malthe Højholt,2001-04-16T00:00:00.000Z,182.0,right,Denmark,CM,DM,1200000.0
649945,10188,Moatasem Al Musrati,1996-04-06T00:00:00.000Z,189.0,right,Libya,CM,,4500000.0
1332538,9888,Oumar Ngom,2004-03-09T00:00:00.000Z,184.0,right,Mauritania,DM,CM,3000000.0
1355552,9875,Alisson Santos,2002-09-27T00:00:00.000Z,177.0,right,Brazil,AM,LW,28000000.0
1595629,8564,Zachary Athekame,2004-12-13T00:00:00.000Z,180.0,right,Switzerland,RB,RM,15000000.0
1621082,8543,Edoardo Motta,2005-01-13T00:00:00.000Z,194.0,right,Italy,GK,,8000000.0
1404077,10233,Sebastian Otoa,2004-05-13T00:00:00.000Z,198.0,right,Denmark,CB,,2500000.0
1053960,9804,Franco Israel,2000-04-22T00:00:00.000Z,186.0,right,Uruguay,GK,,2500000.0
299981,2529,Pablo Marí,1993-08-31T00:00:00.000Z,191.0,left,Spain,CB,,
942549,9875,Billy Gilmour,2001-06-11T00:00:00.000Z,170.0,right,Scotland,DM,CM,20000000.0
885085,9857,Thijs Dallinga,2000-08-03T00:00:00.000Z,190.0,right,Netherlands,ST,,9000000.0
690516,9906,Ademola Lookman,1997-10-20T00:00:00.000Z,174.0,right,Nigeria,ST,"LM,AM,LW",
951743,8524,Giacomo Raspadori,2000-02-18T00:00:00.000Z,172.0,both,Italy,AM,ST,22000000.0
1068482,10204,Evan Ferguson,2004-10-19T00:00:00.000Z,188.0,right,Ireland,ST,,20000000.0
1200591,8686,Tommaso Baldanzi,2003-03-23T00:00:00.000Z,170.0,left,Italy,AM,"CM,ST",8500000.0
1668219,8529,Riyad Idrissi,2005-06-13T00:00:00.000Z,182.0,left,Italy,LM,LB,4000000.0
1053676,10167,Abdoulaye Ndiaye,2002-04-10T00:00:00.000Z,185.0,left,Senegal,CB,,6000000.0
1109476,10167,Jacob Ondrejka,2002-09-02T00:00:00.000Z,180.0,right,Sweden,LW,"AM,ST",5500000.0
181910,9885,Mattia Perin,1992-11-10T00:00:00.000Z,188.0,right,Italy,GK,,2000000.0
1400859,6479,Isak Vural,2006-05-28T00:00:00.000Z,189.0,right,Turkiye,CM,,5000000.0
513982,10171,Luca Mazzitelli,1995-11-15T00:00:00.000Z,184.0,right,Italy,CM,,1200000.0
1596106,7801,Francesco Folino,2002-01-23T00:00:00.000Z,192.0,right,Italy,CB,,800000.0
1163219,8564,Ardon Jashari,2002-07-30T00:00:00.000Z,181.0,left,Switzerland,CM,,25000000.0
1067754,8721,Aster Vranckx,2002-10-04T00:00:00.000Z,183.0,right,Belgium,CM,,5000000.0
1529148,9875,Luca Marianucci,2004-07-23T00:00:00.000Z,183.0,right,Italy,CB,,7000000.0
1347241,10171,Jayden Addai,2005-08-26T00:00:00.000Z,177.0,left,Netherlands,RW,,20000000.0
1554575,1291621,Francesco Camarda,2008-03-10T00:00:00.000Z,189.0,both,Italy,ST,,15000000.0
814398,9857,Nicolò Casale,1998-02-14T00:00:00.000Z,191.0,right,Italy,CB,,3800000.0
888745,10171,Nicolas-Gerrit Kühn,2000-01-01T00:00:00.000Z,174.0,left,Germany,RW,,
1137272,8564,Yunus Musah,2002-11-29T00:00:00.000Z,178.0,right,USA,DM,"RWB,CM",14000000.0
671529,8650,Konstantinos Tsimikas,1996-05-12T00:00:00.000Z,179.0,left,Greece,LWB,"LB,LM",4500000.0
1079080,6479,Filip Stojilkovic,2000-01-04T00:00:00.000Z,185.0,right,Switzerland,ST,,2500000.0
1003368,10233,Junior Messias,1991-05-13T00:00:00.000Z,174.0,left,Brazil,AM,,1100000.0
423223,6479,Simone Scuffet,1996-05-31T00:00:00.000Z,193.0,right,Italy,GK,,900000.0
358149,8543,Patric,1993-04-17T00:00:00.000Z,184.0,right,Spain,CM,,1500000.0
837341,9875,Noa Lang,1999-06-17T00:00:00.000Z,170.0,right,Netherlands,LW,AM,
1354820,6479,Rosen Bozhinov,2005-01-23T00:00:00.000Z,193.0,left,Bulgaria,CB,,4000000.0
1320863,9875,Antonio Vergara,2003-01-16T00:00:00.000Z,182.0,left,Italy,AM,,15000000.0
1280080,9885,Fabio Miretti,2003-08-03T00:00:00.000Z,179.0,right,Italy,AM,DM,15000000.0
1388071,8543,Reda Belahyane,2004-06-01T00:00:00.000Z,169.0,right,Morocco,CM,,6800000.0
1130732,193026,Daniel Mateo Mosquera,0001-01-01T00:00:00.000Z,,right,Colombia,ST,,1800000.0
358155,9885,Daniele Rugani,1994-07-29T00:00:00.000Z,188.0,right,Italy,CB,,2000000.0
1132319,480286,Razvan Sava,2002-06-21T00:00:00.000Z,194.0,right,Romania,GK,,2500000.0
206322,9910,Matías Vecino,1991-08-24T00:00:00.000Z,189.0,right,Uruguay,CM,DM,
1098817,9876,Daniel Oyegoke,2003-01-03T00:00:00.000Z,178.0,right,England,RM,RWB,1000000.0
1329487,8535,Jacopo Fazzini,2003-03-16T00:00:00.000Z,178.0,right,Italy,LW,"CM,LM,AM",8500000.0
1469120,10233,Amorim,2005-05-18T00:00:00.000Z,177.0,right,Brazil,CM,DM,8000000.0
815431,8636,Davide Frattesi,1999-09-22T00:00:00.000Z,178.0,right,Italy,CM,AM,22000000.0
1316088,9857,Benja Domínguez,2003-09-19T00:00:00.000Z,172.0,right,Argentina,LW,,9000000.0
1041508,9888,Corrie Ndaba,1999-12-25T00:00:00.000Z,188.0,left,Ireland,LB,CB,900000.0
1343374,10078,Felipe Loyola,2000-11-09T00:00:00.000Z,180.0,right,Chile,DM,CM,7000000.0
1642351,8535,Niccolò Fortini,2006-02-13T00:00:00.000Z,185.0,right,Italy,RB,"RM,LM",10000000.0
869054,7943,Stefano Turati,2001-09-05T00:00:00.000Z,186.0,right,Italy,GK,,3000000.0
1027594,9888,Konan N’Dri,2000-10-27T00:00:00.000Z,174.0,left,Ivory Coast,forward,,1500000.0
270774,10092,Franco Vázquez,1989-02-22T00:00:00.000Z,187.0,left,Argentina,DM,"CM,AM,ST",
557346,9876,Sandi Lovric,1998-03-28T00:00:00.000Z,180.0,right,Slovenia,CM,LM,3500000.0
1020963,8543,Nicolò Rovella,2001-12-04T00:00:00.000Z,179.0,right,Italy,CM,DM,23000000.0
239350,9804,Cristiano Biraghi,1992-09-01T00:00:00.000Z,186.0,left,Italy,LB,LWB,900000.0
1511063,8686,Jan Ziólkowski,2005-06-05T00:00:00.000Z,194.0,right,Poland,CB,,12000000.0
846761,9804,Zakaria Aboukhlal,2000-02-18T00:00:00.000Z,179.0,both,Morocco,LM,LW,6000000.0
1041522,7943,Fali Candé,1998-01-24T00:00:00.000Z,184.0,left,Guinea-Bissau,CB,LB,3000000.0
34029,6479,Raúl Albiol,1985-09-04T00:00:00.000Z,190.0,right,Spain,CB,,700000.0
1337009,8524,Giovanni Bonfanti,2003-01-17T00:00:00.000Z,187.0,left,Italy,CB,LM,3800000.0
155066,6479,Juan Cuadrado,1988-05-26T00:00:00.000Z,176.0,right,Colombia,midfielder,,800000.0
1503574,9857,Eivind Helland,2005-04-25T00:00:00.000Z,,,Norway,CB,,8000000.0
920861,10167,Adrian Benedyczak,2000-11-24T00:00:00.000Z,190.0,both,Poland,ST,"AM,LW",
25587,9857,Lorenzo De Silvestri,1988-05-23T00:00:00.000Z,186.0,right,Italy,RB,,600000.0
188555,10200,Stefan de Vrij,1992-02-05T00:00:00.000Z,189.0,right,Netherlands,CB,,3000000.0
244816,7801,Federico Ceccherini,1992-05-11T00:00:00.000Z,186.0,right,Italy,CB,,400000.0
1130733,9917,Mathias Fjørtoft Løvik,2003-12-06T00:00:00.000Z,183.0,left,Norway,LB,"CB,RWB,LM",
281012,9885,Filip Kostic,1992-11-01T00:00:00.000Z,184.0,left,Serbia,LWB,"LM,LW",2000000.0
1481098,6479,Francesco Coppola,2005-04-11T00:00:00.000Z,,right,Italy,CB,,3500000.0
822589,10167,Pontus Almqvist,1999-07-10T00:00:00.000Z,177.0,left,Sweden,AM,RM,1800000.0
1106916,8600,Oier Zarraga,1999-01-04T00:00:00.000Z,175.0,right,Spain,CM,,1500000.0
644738,8600,Vakoun Issouf Bayo,1997-01-10T00:00:00.000Z,184.0,right,Ivory Coast,ST,,2500000.0
108381,7801,Milan Djuric,1990-05-22T00:00:00.000Z,198.0,right,Bosnia and Herzegovina,ST,,1000000.0
1127054,9876,Tomás Suslov,2002-06-07T00:00:00.000Z,173.0,left,Slovakia,RW,"AM,ST",4000000.0
1305763,6479,Rafiu Durosinmi,2003-01-01T00:00:00.000Z,192.0,right,Nigeria,ST,,7000000.0
772168,8636,Josep Martínez,1998-05-27T00:00:00.000Z,191.0,right,Spain,GK,,10000000.0
1367915,9876,Tobias Slotsager,2006-01-01T00:00:00.000Z,,right,Denmark,CB,,3000000.0
603537,8686,Angeliño,1997-01-04T00:00:00.000Z,170.0,left,Spain,LWB,,4500000.0
1036182,9804,Ivan Ilic,2001-03-17T00:00:00.000Z,182.0,left,Serbia,CM,DM,7000000.0
1021302,8529,Mattia Felici,2001-04-17T00:00:00.000Z,179.0,right,Italy,LM,,2500000.0
740161,7801,David Okereke,1997-08-29T00:00:00.000Z,182.0,right,Nigeria,ST,,1400000.0
822236,8540,Dennis Tørset Johnsen,1998-02-17T00:00:00.000Z,184.0,right,Norway,AM,"CM,LW",2500000.0
655696,8686,Artem Dovbyk,1997-06-21T00:00:00.000Z,189.0,left,Ukraine,ST,,15000000.0
862616,9885,Edon Zhegrova,1999-03-31T00:00:00.000Z,180.0,left,Kosovo,midfielder,,10000000.0
774716,7801,Michele Collocolo,1999-11-08T00:00:00.000Z,188.0,right,Italy,CM,,2400000.0
165952,2088,Marco Silvestri,1991-03-02T00:00:00.000Z,191.0,right,Italy,GK,,500000.0
1347567,10080,Valentín Carboni,2005-03-05T00:00:00.000Z,185.0,left,Argentina,RW,,
1696050,9857,Massimo Pessina,2007-12-25T00:00:00.000Z,202.0,right,Italy,GK,,3500000.0
1104441,9810,Niels Nkounkou,2000-11-01T00:00:00.000Z,180.0,left,France,LWB,"LB,LM",2600000.0
1902196,8529,Paul Mendy,2007-01-13T00:00:00.000Z,,,Senegal,ST,,
1089744,8529,Zito Luvumbo,2002-03-09T00:00:00.000Z,171.0,left,Angola,RW,"RM,ST",
823113,9804,Sandro Kulenovic,1999-12-04T00:00:00.000Z,191.0,right,Croatia,ST,,3500000.0
1607014,9804,Alieu Njie,2005-05-14T00:00:00.000Z,185.0,right,Sweden,RM,"AM,ST",3000000.0
1083562,9885,Juan Cabal,2001-01-08T00:00:00.000Z,186.0,left,Colombia,LM,LWB,7000000.0
983199,9804,Tino Anjorin,2001-11-23T00:00:00.000Z,186.0,right,England,DM,CM,4000000.0
1116749,9831,Mattia Viti,2002-01-24T00:00:00.000Z,190.0,left,Italy,CB,,4000000.0
1807301,8529,Joseph Liteta,2006-02-22T00:00:00.000Z,,right,Zambia,CM,,3500000.0
675327,9875,Pasquale Mazzocchi,1995-07-27T00:00:00.000Z,183.0,right,Italy,RWB,,1500000.0
1189692,7943,Edoardo Iannoni,2001-04-11T00:00:00.000Z,185.0,right,Italy,midfielder,,800000.0
364515,9876,Simone Perilli,1995-01-07T00:00:00.000Z,195.0,right,Italy,GK,,400000.0
500502,9804,Adam Masina,1994-01-02T00:00:00.000Z,189.0,left,Morocco,CB,LB,
1707510,10233,Lorenzo Venturino,2006-06-22T00:00:00.000Z,184.0,right,Italy,forward,,5000000.0
1805105,9876,Fallou Cham,2006-02-14T00:00:00.000Z,,right,Gambia,RM,,1000000.0
1302821,8543,Petar Ratkov,2003-08-18T00:00:00.000Z,193.0,right,Serbia,ST,,9000000.0
1584085,8535,Luís Balbo,2006-03-28T00:00:00.000Z,177.0,left,Venezuela,LB,,3000000.0
1022843,7943,Luca Moro,2001-01-25T00:00:00.000Z,189.0,right,Italy,forward,,1800000.0
1388474,9888,Gaby Jean,2000-02-19T00:00:00.000Z,191.0,left,France,defender,,1500000.0
1531814,6479,Mateus Lusuardi,2004-01-08T00:00:00.000Z,190.0,left,Brazil,CB,,700000.0
1308892,8600,Iker Bravo,2005-01-13T00:00:00.000Z,184.0,right,Spain,ST,,
1450999,8600,Juan Arizala,2005-10-10T00:00:00.000Z,,left,Colombia,LB,LM,3500000.0
1612523,8657,Nils Zätterström,2005-03-29T00:00:00.000Z,,left,Sweden,CB,,3500000.0
1050325,8543,Alessio Furlanetto,2002-02-07T00:00:00.000Z,191.0,right,Italy,GK,,350000.0
42692,8600,Daniele Padelli,1985-10-25T00:00:00.000Z,191.0,right,Italy,GK,,150000.0
308516,1477043,Nicolae Stanciu,1993-05-07T00:00:00.000Z,168.0,right,Romania,AM,"DM,CM,ST",
1712223,8600,Branimir Mlacic,2007-03-12T00:00:00.000Z,192.0,,Croatia,CB,,5000000.0
1280198,8661,Álex Sala,2001-04-09T00:00:00.000Z,185.0,right,Spain,CM,,1000000.0
939593,7881,Thórir Helgason,2000-09-28T00:00:00.000Z,187.0,right,Iceland,CM,,1800000.0
1202525,9823,Bryan Zaragoza,2001-09-09T00:00:00.000Z,164.0,right,Spain,LW,"AM,ST",8000000.0
577914,10233,Daniele Sommariva,1997-07-18T00:00:00.000Z,185.0,right,Italy,keeper,,100000.0
1382375,9885,Vasilije Adzic,2006-05-12T00:00:00.000Z,185.0,right,Montenegro,AM,CM,8000000.0
850055,7943,Daniel Boloca,1998-12-22T00:00:00.000Z,185.0,right,Romania,CM,,4000000.0
720649,7943,Nicholas Pierini,1998-08-06T00:00:00.000Z,176.0,right,Italy,LW,AM,1600000.0
1354177,10167,Benjamín Cremaschi,2005-03-02T00:00:00.000Z,180.0,right,USA,CM,AM,
1644302,956184,Pedro Felipe,2004-05-23T00:00:00.000Z,190.0,right,Brazil,CB,,1500000.0
281762,8564,Pietro Terracciano,1990-03-08T00:00:00.000Z,192.0,right,Italy,GK,,900000.0
1676885,6479,Daniel Denoon,2004-01-28T00:00:00.000Z,,right,Switzerland,CB,,500000.0
426880,8654,Maxwel Cornet,1996-09-27T00:00:00.000Z,179.0,right,Ivory Coast,forward,,
1645922,8600,Matteo Palma,2008-03-13T00:00:00.000Z,,right,Italy,CB,,6500000.0
1199360,10167,Franco Carboni,2003-04-04T00:00:00.000Z,190.0,left,Argentina,LM,CM,900000.0
1188665,8600,Rui Modesto,1999-10-07T00:00:00.000Z,180.0,right,Angola,RB,"CB,RWB",1800000.0
1794209,8535,Riccardo Braschi,2006-08-24T00:00:00.000Z,,right,Italy,ST,,
1435445,9770,Lorran,2006-07-04T00:00:00.000Z,182.0,left,Brazil,midfielder,,4500000.0
1197339,10167,Filippo Rinaldi,2002-12-04T00:00:00.000Z,188.0,right,Italy,keeper,,600000.0
212630,8524,Marco Sportiello,1992-05-10T00:00:00.000Z,181.0,right,Italy,GK,,800000.0
1858596,1669213,Tommaso Macchioni,2006-04-04T00:00:00.000Z,,right,Italy,defender,,
1861022,8529,Yael Trepy,2006-05-20T00:00:00.000Z,,right,France,forward,,2000000.0
952325,8592,Faris Moumbagna,2000-07-01T00:00:00.000Z,185.0,left,Cameroon,forward,,3500000.0
1285732,9888,Sadik Fofana,2003-05-16T00:00:00.000Z,192.0,right,Togo,DM,"CB,CM,LW",800000.0
267374,8540,Hernani,1994-03-27T00:00:00.000Z,188.0,right,Brazil,CM,"DM,AM",1200000.0
806972,8535,Oliver Christensen,1999-03-22T00:00:00.000Z,190.0,right,Denmark,GK,,1400000.0
1676901,6504,Eddy Kouadio,2006-05-07T00:00:00.000Z,191.0,right,Ivory Coast,defender,,2500000.0
1775258,9876,Ioan Vermesan,2006-10-18T00:00:00.000Z,,right,Romania,ST,,
1485180,10167,Daniel Mikolajewski,2006-01-24T00:00:00.000Z,,right,Poland,forward,,
1948559,10233,Latif Ouedraogo,2007-10-23T00:00:00.000Z,,left,Burkina Faso,defender,,
951711,9882,Alessandro Di Pardo,1999-07-18T00:00:00.000Z,182.0,right,Italy,RWB,"RB,RM",1000000.0
1817721,10167,Alessandro Cardinali,2006-03-02T00:00:00.000Z,,right,Italy,forward,,
800624,10235,Calvin Stengs,1998-12-18T00:00:00.000Z,187.0,left,Netherlands,RW,,4500000.0
625797,9876,Grigoris Kastanos,1998-01-30T00:00:00.000Z,179.0,left,Cyprus,DM,"CM,LM,AM",
1027740,10188,Jean Onana,2000-01-08T00:00:00.000Z,189.0,right,Cameroon,midfielder,,
1290613,8529,Nicolò Cavuoti,2003-04-04T00:00:00.000Z,177.0,left,Italy,AM,,400000.0
1459741,9876,Isaac Aguiar,2004-03-26T00:00:00.000Z,185.0,both,Brazil,forward,,700000.0
1316205,9875,Giuseppe Ambrosino,2003-09-10T00:00:00.000Z,187.0,right,Italy,ST,,2200000.0
1255860,8535,Amir Richardson,2002-01-24T00:00:00.000Z,195.0,left,Morocco,CM,,
277460,9885,Arkadiusz Milik,1994-02-28T00:00:00.000Z,186.0,left,Poland,forward,,1500000.0
181276,9875,Romelu Lukaku,1993-05-13T00:00:00.000Z,190.0,left,Belgium,ST,,6000000.0
1766079,9888,Matías Pérez,2005-04-13T00:00:00.000Z,,right,Chile,CB,,500000.0
1473706,8529,Agustín Albarracín,2005-08-29T00:00:00.000Z,174.0,left,Uruguay,CM,"RW,AM,ST",2300000.0
1717609,6479,Louis Buffon,2007-12-28T00:00:00.000Z,,left,Italy,forward,,
776940,8239,Christian Kouamé,1997-12-06T00:00:00.000Z,193.0,right,Ivory Coast,ST,,
1668225,7801,Dachi Lordkipanidze,2005-03-08T00:00:00.000Z,186.0,both,Georgia,DM,,450000.0
1445163,10233,Seydou Fini,2006-06-02T00:00:00.000Z,178.0,left,Italy,RW,,2500000.0
955139,10172,Tariq Lamptey,2000-09-30T00:00:00.000Z,170.0,right,Ghana,defender,,3000000.0
1646520,8636,Mattia Mosconi,2007-03-26T00:00:00.000Z,179.0,left,Italy,RW,LW,
1414124,9888,Olaf Gorter,2005-01-31T00:00:00.000Z,,right,Netherlands,midfielder,,
769644,8535,Abdelhamid Sabiri,1996-11-28T00:00:00.000Z,183.0,right,Morocco,midfielder,,850000.0
1726757,8686,Antonio Arena,2009-02-10T00:00:00.000Z,,left,Italy,ST,,
1948558,1669195,Jacopo Grossi,2006-10-06T00:00:00.000Z,,right,Italy,midfielder,,
1429871,9804,Ali Dembélé,2004-01-05T00:00:00.000Z,189.0,right,France,CB,RWB,1300000.0
841672,9885,Nicolás González,1998-04-06T00:00:00.000Z,180.0,left,Argentina,LM,"LB,LWB,RM,LW",
1560751,583944,Matteo Cocchi,2007-02-01T00:00:00.000Z,,left,Italy,LB,,
793048,7801,Manuel De Luca,1998-07-17T00:00:00.000Z,190.0,both,Italy,ST,,1300000.0
1818298,6479,Brando Bettazzi,2007-11-15T00:00:00.000Z,,,Italy,midfielder,,
1077237,6479,Tomás Esteves,2002-04-03T00:00:00.000Z,180.0,right,Portugal,AM,,1500000.0
362121,10171,Edoardo Goldaniga,1993-11-02T00:00:00.000Z,188.0,both,Italy,defender,,2000000.0
1721395,8600,Abdoulaye Camara,2008-09-28T00:00:00.000Z,,right,France,DM,,1500000.0
517068,9875,Nikita Contini,1996-05-21T00:00:00.000Z,190.0,right,Italy,keeper,,400000.0
1668965,1524591,Dominic Vavassori,2005-12-09T00:00:00.000Z,,right,Italy,forward,,
1055183,7943,Andrea Ghion,2000-02-23T00:00:00.000Z,177.0,right,Italy,DM,CM,800000.0
1469656,8636,Luka Topalovic,2006-02-23T00:00:00.000Z,187.0,right,Slovenia,AM,,
1163273,7943,Laurs Skjellerup,2002-08-12T00:00:00.000Z,195.0,right,Denmark,ST,,1300000.0
417743,8636,Raffaele Di Gennaro,1993-10-03T00:00:00.000Z,185.0,right,Italy,keeper,,300000.0
1729333,10233,Filippo Carbone,2006-12-29T00:00:00.000Z,,right,Italy,midfielder,,
1910652,1669195,Mamedi Doucouré,2007-01-19T00:00:00.000Z,,,France,defender,,
1435833,8543,Adrian Przyborek,2007-01-01T00:00:00.000Z,184.0,right,Poland,AM,"LM,RW",6000000.0
891870,8524,Mitchel Bakker,2000-06-20T00:00:00.000Z,178.0,left,Netherlands,midfielder,,2500000.0
1418665,10233,Gaël Lafont,2006-06-07T00:00:00.000Z,178.0,left,France,midfielder,,
1324328,7943,Gioele Zacchi,2003-07-10T00:00:00.000Z,183.0,right,Italy,keeper,,600000.0
1682320,1669196,Matteo Lavelli,2006-12-08T00:00:00.000Z,,right,Italy,forward,,
1705649,9881,Alessando Romano,2006-06-17T00:00:00.000Z,,left,Switzerland,CM,,2000000.0
1444577,8529,Othniël Raterink,2006-04-07T00:00:00.000Z,,right,Netherlands,RB,,1000000.0
1794177,8564,Cheveyo Mul-Balentien,2006-12-18T00:00:00.000Z,,,Suriname,forward,,
1790181,10171,Andréa Le Borgne,2006-07-27T00:00:00.000Z,,right,France,CM,,2500000.0
1358337,9876,Yellu Santiago,2004-05-25T00:00:00.000Z,192.0,right,Spain,midfielder,,
1690101,7943,Christian Frangella,2006-11-25T00:00:00.000Z,,right,Italy,midfielder,,
282059,8535,Luca Lezzerini,1995-03-24T00:00:00.000Z,195.0,right,Italy,GK,,350000.0
1079501,7943,Cas Odenthal,2000-09-26T00:00:00.000Z,190.0,right,Netherlands,CB,,1200000.0
1729334,10233,Joi Xheto Nuredini,2007-08-05T00:00:00.000Z,,right,Albania,forward,,
1646353,277990,Junior Ajayi,2004-10-11T00:00:00.000Z,185.0,right,Ivory Coast,forward,,300000.0
1172405,9882,Tjas Begic,2003-06-30T00:00:00.000Z,175.0,right,Slovenia,AM,"RM,RW,LW",1500000.0
1469996,8564,David Odogu,2006-06-03T00:00:00.000Z,191.0,right,Germany,defender,,5000000.0
410411,7801,Andrea Fulignati,1994-10-31T00:00:00.000Z,189.0,right,Italy,GK,,750000.0
1289655,9891,Lorenzo Palmisani,2004-06-12T00:00:00.000Z,196.0,right,Italy,GK,,4000000.0
955947,6504,Demba Thiam,1998-03-05T00:00:00.000Z,202.0,right,Senegal,GK,,2000000.0
506322,6488,Marco Bleve,1995-10-18T00:00:00.000Z,184.0,right,Italy,GK,,300000.0
290604,8540,Joel Pohjanpalo,1994-09-13T00:00:00.000Z,185.0,right,Finland,ST,,3500000.0
282437,10168,Mirko Pigliacelli,1993-06-30T00:00:00.000Z,184.0,right,Italy,GK,,400000.0
1130600,7881,Filip Stankovic,2002-02-25T00:00:00.000Z,181.0,right,Serbia,GK,,8000000.0
693160,8540,Tommaso Augello,1994-08-30T00:00:00.000Z,180.0,left,Italy,LWB,LM,1200000.0
553288,584022,Giovanni Zaro,1994-05-12T00:00:00.000Z,193.0,right,Italy,CB,,500000.0
924431,7881,Gianluca Busio,2002-05-28T00:00:00.000Z,170.0,right,USA,CM,"DM,AM",8000000.0
746829,9891,Giacomo Calò,1997-02-05T00:00:00.000Z,180.0,right,Italy,CM,DM,2500000.0
1685569,208932,Stefano Di Mario,2004-10-17T00:00:00.000Z,181.0,left,Italy,LWB,LM,2000000.0
1340806,6106,Andrea Giorgini,2002-04-22T00:00:00.000Z,190.0,right,Italy,CB,,2000000.0
847985,584022,Jonathan Klinsmann,1997-04-08T00:00:00.000Z,192.0,right,USA,GK,,2500000.0
1019019,9889,Simone Trimboli,2002-04-19T00:00:00.000Z,170.0,right,Italy,DM,"CM,AM",2000000.0
1339345,9768,Issa Doumbia,2003-10-16T00:00:00.000Z,185.0,right,Italy,CM,DM,20000000.0
822252,9976,Michele Cerofolini,1999-01-04T00:00:00.000Z,188.0,right,Italy,GK,,400000.0
1121796,6488,Emanuele Zuelli,2001-11-22T00:00:00.000Z,179.0,both,Italy,CM,"DM,AM",2000000.0
436563,8540,Jesse Joronen,1993-03-21T00:00:00.000Z,197.0,right,Finland,GK,,500000.0
1055141,6500,Manolo Portanova,2000-06-02T00:00:00.000Z,183.0,,Italy,AM,"DM,CM,RW,ST",250000.0
1613261,9889,Alessio Castellini,2003-04-01T00:00:00.000Z,186.0,right,Italy,CB,LB,2000000.0
1403328,10168,Costantino Favasuli,2004-04-26T00:00:00.000Z,178.0,right,Italy,RWB,"CB,LWB,RM",4000000.0
879064,9887,Simone Santoro,1999-09-20T00:00:00.000Z,181.0,right,Italy,CM,,1800000.0
878860,584022,Andrea Ciofi,1999-06-28T00:00:00.000Z,187.0,right,Italy,CB,RB,1700000.0
813711,10168,Matias Antonini Lui,1998-04-09T00:00:00.000Z,192.0,right,Brazil,CB,,1500000.0
1290968,7881,Antoine Hainaut,2002-02-18T00:00:00.000Z,176.0,right,France,RM,"RWB,CM,LM",4000000.0
1352744,7881,Joël Schingtienne,2002-08-14T00:00:00.000Z,188.0,right,Belgium,CB,RM,5000000.0
624591,208932,Luca Parodi,1995-04-06T00:00:00.000Z,,right,Italy,CB,,350000.0
1523327,9891,Farès Ghedjemis,2002-09-06T00:00:00.000Z,183.0,left,Algeria,RW,,7500000.0
652910,189475,Marius Adamonis,1997-05-13T00:00:00.000Z,191.0,right,Lithuania,GK,,1000000.0
976226,9889,Stefano Cella,2001-04-19T00:00:00.000Z,185.0,right,Italy,CB,,1000000.0
506248,208932,Ivan Marconi,1989-10-25T00:00:00.000Z,182.0,right,Italy,CB,,150000.0
1280158,7801,Tommaso Berti,2004-03-07T00:00:00.000Z,171.0,right,Italy,CM,AM,5500000.0
480014,8540,Pietro Ceccaroni,1995-12-21T00:00:00.000Z,187.0,left,Italy,CB,,1500000.0
1451177,9887,Daniel Tonoli,2002-08-22T00:00:00.000Z,,,Italy,CB,,4000000.0
1138748,6500,Andrea Papetti,2002-07-03T00:00:00.000Z,186.0,right,Italy,CB,RB,750000.0
836682,9878,Antonio Di Nardo,1998-09-30T00:00:00.000Z,186.0,,Italy,ST,,1000000.0
1280137,584022,Cristian Shpendi,2003-05-19T00:00:00.000Z,181.0,right,Albania,ST,"RW,LW",4500000.0
723575,6106,Alessandro Confente,1998-06-07T00:00:00.000Z,194.0,right,Italy,GK,,700000.0
163805,9887,Leandro Chichizola,1990-03-27T00:00:00.000Z,189.0,right,Argentina,GK,,225000.0
566654,6504,Matteo Pessina,1997-04-21T00:00:00.000Z,183.0,left,Italy,DM,CM,5000000.0
1396086,8534,Gabriele Guarino,2004-04-14T00:00:00.000Z,190.0,right,Italy,CB,DM,3500000.0
776970,6106,Lorenzo Carissoni,1997-02-07T00:00:00.000Z,180.0,right,Italy,RM,,600000.0
1572463,208932,Andrea Franzoni,1997-03-24T00:00:00.000Z,188.0,right,Italy,CM,"DM,AM",600000.0
527563,9887,Paulo Azzi,1994-07-15T00:00:00.000Z,188.0,right,Brazil,LWB,LM,800000.0
526241,9878,Luca Valzania,1996-03-05T00:00:00.000Z,183.0,both,Italy,CM,"DM,AM,LW",300000.0
634244,6722,Lorenco Simic,1996-07-15T00:00:00.000Z,190.0,right,Croatia,CB,,700000.0
1306108,583944,Alessandro Capelli,1997-04-20T00:00:00.000Z,175.0,,Italy,RM,"RWB,LM,ST",500000.0
1310433,189475,Silvio Merkaj,1997-12-04T00:00:00.000Z,188.0,right,Albania,ST,,900000.0
299393,189475,Salvatore Molina,1992-01-01T00:00:00.000Z,177.0,right,Italy,RM,CB,250000.0
1210653,7943,Riccardo Ciervo,2002-04-01T00:00:00.000Z,190.0,right,Italy,RM,"RWB,RW",2000000.0
1047570,583944,Matteo Lovato,2000-02-14T00:00:00.000Z,188.0,right,Italy,CB,,1800000.0
953590,6488,Simone Zanon,2001-08-30T00:00:00.000Z,175.0,right,Italy,RM,"RWB,AM",2500000.0
1300387,8540,Niccolò Pierozzi,2001-09-12T00:00:00.000Z,184.0,right,Italy,RWB,"CB,RM",4000000.0
1235421,9891,Anthony Oyono,2001-04-12T00:00:00.000Z,176.0,right,Gabon,RB,,1500000.0
1415326,10233,Gabriele Calvani,2004-01-12T00:00:00.000Z,179.0,right,Italy,CB,RB,4000000.0
1387381,6106,Omar Correia,2000-04-10T00:00:00.000Z,187.0,,France,CM,,1500000.0
1189424,6488,Fabio Abiuso,2003-02-02T00:00:00.000Z,185.0,right,Italy,ST,,2000000.0
888167,7881,Kike Pérez,1997-02-14T00:00:00.000Z,184.0,left,Spain,CM,"LM,AM,ST",2500000.0
299949,10168,Pietro Iemmello,1992-03-06T00:00:00.000Z,179.0,right,Italy,ST,AM,700000.0
1401758,9887,Bryant Nieling,2002-10-31T00:00:00.000Z,193.0,left,Netherlands,CB,,3500000.0
414924,9887,Francesco Zampano,1993-09-30T00:00:00.000Z,177.0,right,Italy,RM,LM,800000.0
746831,6106,Nicola Mosti,1998-02-07T00:00:00.000Z,177.0,right,Italy,CM,AM,600000.0
818162,8540,Jacopo Segre,1997-02-17T00:00:00.000Z,185.0,right,Italy,DM,"CM,AM",2200000.0
574850,7801,Fabio Gerli,1996-12-23T00:00:00.000Z,173.0,right,Italy,CM,,1000000.0
956380,9878,Riccardo Capellini,2000-03-01T00:00:00.000Z,185.0,,Italy,CB,RB,400000.0
612526,10168,Simone Pontisso,1997-03-20T00:00:00.000Z,178.0,right,Italy,DM,CM,1200000.0
1070046,8540,Tommaso Cassandro,2000-01-09T00:00:00.000Z,185.0,right,Italy,CB,RWB,2000000.0
128803,208932,Simone Colombi,1991-07-01T00:00:00.000Z,188.0,right,Italy,GK,,200000.0
571454,9849,Julián Illanes,1997-03-10T00:00:00.000Z,188.0,right,Argentina,CB,,1000000.0
940440,8540,Filippo Ranocchia,2001-05-14T00:00:00.000Z,186.0,right,Italy,DM,CM,4000000.0
799497,6504,Samuele Birindelli,1999-08-19T00:00:00.000Z,175.0,right,Italy,RWB,"CB,LWB,LM",2500000.0
952496,583944,Pietro Fusi,1998-01-21T00:00:00.000Z,,,Italy,CM,DM,500000.0
1280172,6479,Giuseppe Leone,2001-05-05T00:00:00.000Z,183.0,right,Italy,CM,,2000000.0
1391722,9976,Mehdi Dorval,2001-02-09T00:00:00.000Z,176.0,,Algeria,LWB,"LB,LM",1800000.0
1188316,9891,Ilias Koutsoupias,2001-05-10T00:00:00.000Z,182.0,right,Greece,CM,"DM,AM",3000000.0
1402629,8534,Stiven Shpendi,2003-05-19T00:00:00.000Z,181.0,right,Albania,ST,"RM,AM,LW",3800000.0
521964,145007,Gabriele Moncini,1996-04-26T00:00:00.000Z,183.0,right,Italy,ST,,500000.0
845368,7881,John Yeboah,2000-06-23T00:00:00.000Z,170.0,left,Ecuador,ST,"RM,RW,AM",5500000.0
591809,583944,Mattia Bortolussi,1996-05-02T00:00:00.000Z,186.0,,Italy,ST,,750000.0
951921,10204,Michael Svoboda,1998-10-15T00:00:00.000Z,195.0,right,Austria,CB,,3500000.0
299934,6722,Tommaso Cancellotti,1992-05-22T00:00:00.000Z,181.0,right,Italy,CB,RB,225000.0
1342748,9891,Giorgi Kvernadze,2003-02-07T00:00:00.000Z,183.0,right,Georgia,LW,,4000000.0
282763,583944,Marco Perrotta,1994-02-14T00:00:00.000Z,184.0,left,Italy,CB,,300000.0
961206,6500,Tobías Reinhart,2000-05-21T00:00:00.000Z,176.0,right,Argentina,CM,DM,700000.0
415017,8540,Mattia Bani,1993-12-10T00:00:00.000Z,188.0,right,Italy,CB,,1400000.0
571306,8540,Antonio Palumbo,1996-08-06T00:00:00.000Z,182.0,left,Italy,AM,"CB,RW",2300000.0
650613,9882,Oliver Abildgaard,1996-06-10T00:00:00.000Z,192.0,left,Denmark,CB,"DM,CM",500000.0
665297,6488,Manuel Cicconi,1997-06-27T00:00:00.000Z,182.0,left,Italy,LM,LWB,750000.0
617057,583944,Kevin Varas,1993-05-26T00:00:00.000Z,,,Ecuador,CM,"LM,AM",300000.0
1183741,189475,Simone Tronchin,2002-10-17T00:00:00.000Z,185.0,right,Italy,CM,,1200000.0
517274,9881,Ales Mateju,1996-06-03T00:00:00.000Z,184.0,right,Czechia,CB,RB,500000.0
1396091,9891,Gabriele Bracaglia,2003-07-19T00:00:00.000Z,185.0,left,Italy,LB,CB,3500000.0
1396084,189475,Raphael Kofler,2005-04-26T00:00:00.000Z,193.0,right,Italy,CB,,5500000.0
844954,9882,Luca Ravanelli,1997-01-06T00:00:00.000Z,185.0,right,Italy,CB,,1800000.0
702395,584022,Massimiliano Mangraviti,1998-01-24T00:00:00.000Z,188.0,left,Italy,CB,,1200000.0
1307979,7943,Filippo Missori,2004-03-24T00:00:00.000Z,182.0,right,Italy,RM,"RB,LB,RWB",2000000.0
701801,583944,Filippo Sgarbi,1997-12-29T00:00:00.000Z,191.0,right,Italy,CB,,500000.0
1256534,9857,Antonio Raimondo,2004-03-18T00:00:00.000Z,185.0,left,Italy,ST,,4000000.0
488525,6722,Luca Palmiero,1996-05-01T00:00:00.000Z,177.0,right,Italy,DM,CM,500000.0
782695,583944,Luca Zanimacchia,1998-07-19T00:00:00.000Z,178.0,right,Italy,LM,RM,1400000.0
365268,6722,Dimitrios Sounas,1994-08-12T00:00:00.000Z,177.0,right,Greece,DM,CM,500000.0
1526621,9875,Nosa Edward Obaretin,2003-01-26T00:00:00.000Z,193.0,right,Italy,CB,,1500000.0
988193,189475,Hamza El Kaouakibi,1998-05-22T00:00:00.000Z,185.0,right,Morocco,CB,RM,650000.0
1746591,9804,Alessio Cacciamani,2007-06-29T00:00:00.000Z,,left,Italy,LM,,4500000.0
163919,6504,Pedro Obiang,1992-03-27T00:00:00.000Z,185.0,right,Equatorial Guinea,DM,CM,350000.0
1165232,9881,Giuseppe Aurelio,2000-03-22T00:00:00.000Z,186.0,left,Italy,LM,,600000.0
662022,6500,Lorenzo Libutti,1997-09-17T00:00:00.000Z,180.0,right,Italy,CB,"RB,LM",350000.0
414856,9878,Gaetano Letizia,1990-06-29T00:00:00.000Z,171.0,both,Italy,LM,"RB,LB,LWB,RM",200000.0
1402924,9875,Luis Hasa,2004-01-06T00:00:00.000Z,172.0,right,Albania,CM,"DM,AM",4500000.0
553401,9887,Davide Adorni,1992-08-09T00:00:00.000Z,185.0,right,Italy,CB,,350000.0
56994,145007,Nicolò Brighenti,1989-08-01T00:00:00.000Z,178.0,right,Italy,CB,,200000.0
934873,8534,Salvatore Elia,1999-06-30T00:00:00.000Z,183.0,right,Italy,RWB,"LWB,RM,LM",2200000.0
482419,6722,Tommaso Biasci,1994-11-10T00:00:00.000Z,180.0,right,Italy,ST,AM,700000.0
1670272,9891,Matteo Cichella,2005-10-04T00:00:00.000Z,169.0,right,Italy,CM,DM,5000000.0
1519035,10167,Giovanni Daffara,2004-12-05T00:00:00.000Z,194.0,right,Italy,GK,,3500000.0
1146635,6722,Martin Palumbo,2002-03-05T00:00:00.000Z,183.0,,Norway,AM,"DM,CM",1500000.0
1310477,583944,Carlo Faedo,1999-05-18T00:00:00.000Z,,,Italy,CB,"RB,LB",750000.0
867796,6106,Marco Bellich,1999-05-05T00:00:00.000Z,188.0,left,Italy,CB,,1200000.0
1091015,208932,Nermin Karic,1999-07-23T00:00:00.000Z,183.0,,Sweden,DM,"CM,AM",800000.0
300239,189475,Daniele Casiraghi,1993-03-10T00:00:00.000Z,175.0,right,Italy,CM,,600000.0
518522,208932,Andrea Tiritiello,1995-03-28T00:00:00.000Z,178.0,right,Italy,CB,,400000.0
469939,9882,Liam Henderson,1996-04-25T00:00:00.000Z,183.0,right,Scotland,CM,"DM,AM",1000000.0
1280112,9891,Sebastiano Desplanches,2003-03-11T00:00:00.000Z,189.0,right,Italy,GK,,1000000.0
1123969,6504,Andrea Carboni,2001-02-04T00:00:00.000Z,185.0,left,Italy,CB,,3000000.0
282287,189475,Frédéric Veseli,1992-11-20T00:00:00.000Z,183.0,right,Albania,CB,,150000.0
1417286,8686,Luigi Cherubini,2004-01-15T00:00:00.000Z,175.0,right,Italy,AM,"RM,CM,LM,RW,LW",3000000.0
1289054,8534,Gerard Yepes,2002-08-25T00:00:00.000Z,170.0,right,Spain,DM,CM,750000.0
959858,9878,Davide Bettella,2000-04-07T00:00:00.000Z,185.0,right,Italy,CB,,300000.0
1083606,583944,Alessandro Sorrentino,2002-04-03T00:00:00.000Z,190.0,right,Italy,GK,,1500000.0
1197040,208932,Niccolò Squizzato,2002-01-07T00:00:00.000Z,186.0,,Italy,CM,DM,900000.0
300646,584022,Michele Castagnetti,1989-12-27T00:00:00.000Z,180.0,left,Italy,CM,DM,250000.0
545703,6488,Nicolás Schiavi,1995-02-01T00:00:00.000Z,173.0,right,Argentina,CM,DM,450000.0
814400,9881,Antonio Candela,2000-04-27T00:00:00.000Z,185.0,right,Italy,RM,"RB,RWB,AM",700000.0
575731,10168,Jacopo Petriccione,1995-02-22T00:00:00.000Z,186.0,right,Italy,DM,CM,500000.0
820982,584022,Gianluca Frabotta,1999-06-24T00:00:00.000Z,176.0,left,Italy,LM,LB,1500000.0
1073496,10171,Matthias Braunöder,2002-03-27T00:00:00.000Z,173.0,right,Austria,DM,CM,750000.0
1024432,7881,Andrea Adorante,2000-02-05T00:00:00.000Z,184.0,right,Italy,ST,,4500000.0
917808,8540,Jérémy Le Douaron,1998-04-21T00:00:00.000Z,189.0,left,France,AM,LW,3000000.0
1172045,6722,Patrick Enrici,2001-05-02T00:00:00.000Z,183.0,,Italy,CB,,600000.0
1504804,9876,Charlys,2004-02-18T00:00:00.000Z,186.0,right,Brazil,DM,CM,500000.0
543172,9976,Lorenzo Dickmann,1996-09-24T00:00:00.000Z,177.0,right,Italy,RWB,"RB,LWB,RM",500000.0
1391528,6722,Michele Besaggio,2002-04-28T00:00:00.000Z,181.0,right,Italy,DM,CM,1000000.0
1117058,9891,Ilario Monterisi,2001-12-19T00:00:00.000Z,188.0,right,Italy,CB,,2500000.0
864770,6266,Pietro Beruatto,1998-12-21T00:00:00.000Z,184.0,left,Italy,CB,"LB,CM,LM",700000.0
1562973,9876,Nicolo Calabrese,2004-11-16T00:00:00.000Z,183.0,,Italy,CB,,2000000.0
1384360,6722,Alessandro Fontanarosa,2003-02-07T00:00:00.000Z,185.0,left,Italy,CB,LB,1400000.0
814284,6504,Filippo Delli Carri,1999-05-03T00:00:00.000Z,189.0,,Italy,CB,,1500000.0
625427,6488,Mattia Finotto,1992-12-28T00:00:00.000Z,183.0,right,Italy,ST,AM,200000.0
1439776,10167,Rachid Kouda,2002-07-25T00:00:00.000Z,188.0,right,Italy,DM,"CM,AM",2200000.0
1050190,9881,Marco Ruggero,2000-06-01T00:00:00.000Z,189.0,,Italy,CB,,900000.0
726959,9881,Petko Hristov,1999-03-01T00:00:00.000Z,191.0,right,Bulgaria,CB,,1500000.0
1245669,8540,Patryk Peda,2002-04-16T00:00:00.000Z,190.0,right,Poland,CB,,2000000.0
1117307,8543,Gabriele Artistico,2002-07-14T00:00:00.000Z,188.0,right,Italy,ST,,2000000.0
1032823,6488,Filippo Oliana,1999-06-30T00:00:00.000Z,183.0,right,Italy,CB,,750000.0
1189227,956184,Emanuele Pecorino,2001-07-15T00:00:00.000Z,192.0,left,Italy,ST,,600000.0
782703,7881,Marin Sverko,1998-02-04T00:00:00.000Z,187.0,left,Croatia,CB,,1500000.0
1083430,189475,Simone Davì,1999-09-16T00:00:00.000Z,176.0,left,Italy,LM,,700000.0
860278,6500,Matteo Rover,1999-02-20T00:00:00.000Z,186.0,right,Italy,RWB,RM,500000.0
689697,9976,Matthias Verreth,1998-02-20T00:00:00.000Z,181.0,right,Belgium,DM,CM,500000.0
1280142,584022,Matteo Francesconi,2004-02-11T00:00:00.000Z,183.0,right,Italy,CM,DM,1400000.0
415404,9889,Leonardo Mancuso,1992-05-26T00:00:00.000Z,182.0,right,Italy,ST,,350000.0
1158934,9887,Giacomo Olzer,2001-04-14T00:00:00.000Z,188.0,left,Italy,AM,"CM,RW,ST",600000.0
918067,6488,Marco Imperiale,1999-05-01T00:00:00.000Z,181.0,left,Italy,CB,,1000000.0
181920,9889,Francesco Bardi,1992-01-18T00:00:00.000Z,187.0,right,Italy,GK,,300000.0
815733,208932,Francesco Mezzoni,2000-07-24T00:00:00.000Z,181.0,right,Italy,RWB,"LWB,RM",500000.0
301023,6722,Armando Izzo,1992-03-02T00:00:00.000Z,183.0,right,Italy,CB,,1000000.0
566683,189475,Fabian Tait,1993-02-10T00:00:00.000Z,186.0,,Italy,CM,,250000.0
1555161,9889,Nicolò Radaelli,2003-01-24T00:00:00.000Z,189.0,right,Italy,RWB,RB,1000000.0
299875,8540,Matteo Brunori,1994-11-01T00:00:00.000Z,180.0,right,Italy,ST,AM,1800000.0
604579,9881,Andrea Cistana,1997-04-01T00:00:00.000Z,187.0,right,Italy,CB,,500000.0
1195358,10168,Filippo Pittarello,1996-10-09T00:00:00.000Z,185.0,right,Italy,ST,,1000000.0
526449,583944,Antonio Barreca,1995-03-18T00:00:00.000Z,184.0,left,Italy,LM,"LB,LWB",300000.0
127979,6466,Riccardo Brosco,1991-02-03T00:00:00.000Z,190.0,right,Italy,CB,,
823626,9882,Simone Ghidotti,2000-03-19T00:00:00.000Z,185.0,right,Italy,GK,,400000.0
1592168,7881,Matteo Dagasso,2004-04-01T00:00:00.000Z,175.0,,Italy,CM,"DM,AM",3500000.0
1586275,10171,Fabio Rispoli,2006-09-28T00:00:00.000Z,169.0,right,Italy,CM,"DM,AM",4500000.0
150389,9882,Massimo Coda,1988-11-10T00:00:00.000Z,184.0,right,Italy,ST,,350000.0
723574,8540,Dimitrios Nikolaou,1998-08-13T00:00:00.000Z,188.0,left,Greece,CB,,700000.0
1560409,6722,Brando Moruzzi,2004-07-20T00:00:00.000Z,184.0,,Italy,LWB,"LB,RM,LM",1300000.0
1780246,6500,Simone Bonetti,2004-10-25T00:00:00.000Z,189.0,left,Italy,CB,LB,1200000.0
933838,9881,Salvatore Esposito,2000-10-07T00:00:00.000Z,178.0,right,Italy,CM,DM,3000000.0
517829,9889,Ettore Gliozzi,1995-09-23T00:00:00.000Z,180.0,right,Italy,ST,,750000.0
242711,584022,Dimitri Bisoli,1994-03-25T00:00:00.000Z,180.0,right,Italy,CM,DM,400000.0
881770,6106,Kevin Piscopo,1998-02-06T00:00:00.000Z,181.0,right,Italy,LM,"RWB,DM,LWB,CM,AM,ST",300000.0
1445650,8564,Alphadjo Cissè,2006-10-22T00:00:00.000Z,181.0,right,Italy,AM,"CM,ST",7000000.0
189283,9976,Raffaele Pucino,1991-05-03T00:00:00.000Z,183.0,right,Italy,CB,,100000.0
737339,6504,Dany Mota,1998-05-02T00:00:00.000Z,180.0,right,Portugal,ST,AM,2800000.0
1642587,10233,Alessandro Debenedetti,2003-09-23T00:00:00.000Z,,right,Italy,ST,,700000.0
776571,9976,Giulio Maggiore,1998-03-12T00:00:00.000Z,187.0,right,Italy,DM,"CM,AM",500000.0
1526283,145007,Tommaso Corazza,2004-06-29T00:00:00.000Z,174.0,right,Italy,LM,"LB,LWB,RM,CM",1500000.0
819874,8534,Luca Magnino,1997-08-13T00:00:00.000Z,185.0,right,Italy,CM,"DM,RW",400000.0
934862,8024,Przemyslaw Wisniewski,1998-07-27T00:00:00.000Z,195.0,right,Poland,CB,,
500759,583944,Francesco Di Mariano,1996-04-20T00:00:00.000Z,177.0,right,Italy,ST,"LM,AM",400000.0
774812,9889,Andrea Meroni,1997-01-09T00:00:00.000Z,188.0,right,Italy,CB,RWB,500000.0
1226778,9889,Francesco Ruocco,2001-03-23T00:00:00.000Z,170.0,,Italy,AM,LW,1300000.0
1382392,8636,Yanis Massolin,2002-09-20T00:00:00.000Z,197.0,,France,CM,ST,4500000.0
674841,6500,Cedric Gondo,1996-11-25T00:00:00.000Z,187.0,right,Ivory Coast,ST,,350000.0
1434429,9875,Emanuele Rao,2006-03-28T00:00:00.000Z,181.0,,Italy,AM,"ST,LW",6000000.0
1425695,6500,Andrea Bozzolan,2004-02-23T00:00:00.000Z,178.0,left,Italy,LWB,LM,2200000.0
903079,6722,Andrea Cagnano,1998-06-17T00:00:00.000Z,182.0,left,Italy,LB,LWB,350000.0
1524139,6504,Lorenzo Lucchesi,2003-05-09T00:00:00.000Z,190.0,left,Italy,CB,,3300000.0
1243495,9889,Federico Artioli,2001-06-12T00:00:00.000Z,178.0,right,Italy,DM,CM,400000.0
998290,6500,Massimo Bertagnoli,1999-02-26T00:00:00.000Z,178.0,right,Italy,DM,CM,400000.0
665339,9889,Marco Festa,1992-06-06T00:00:00.000Z,190.0,right,Italy,GK,,200000.0
1059658,208932,Bernat Guiu,2000-09-20T00:00:00.000Z,,,Spain,ST,AM,500000.0
754438,8534,Joseph Ceesay,1998-06-03T00:00:00.000Z,180.0,right,Gambia,AM,"RWB,RM",600000.0
623728,10185,Andrija Novakovich,1996-09-21T00:00:00.000Z,192.0,right,USA,ST,,350000.0
678633,9976,Valerio Mantovani,1996-04-18T00:00:00.000Z,180.0,right,Italy,CB,RB,400000.0
480021,6504,Patrick Ciurria,1995-02-09T00:00:00.000Z,178.0,both,Italy,RM,"RWB,AM",1000000.0
722983,9882,Fabio Depaoli,1997-04-24T00:00:00.000Z,178.0,right,Italy,RWB,"RM,RW",750000.0
1611573,7841,Jalen Blesa,2001-02-05T00:00:00.000Z,187.0,,Spain,ST,"AM,LW",
1524246,6500,Natan Girma,2001-12-11T00:00:00.000Z,190.0,right,Switzerland,ST,AM,350000.0
1189214,9889,Tommaso Maggioni,2001-08-22T00:00:00.000Z,181.0,right,Italy,RWB,"RB,CB",500000.0
566776,10171,Alessandro Gabrielloni,1994-07-10T00:00:00.000Z,178.0,right,Italy,ST,,400000.0
743743,6106,Leonardo Candellone,1997-09-15T00:00:00.000Z,175.0,right,Italy,ST,AM,500000.0
212788,208932,Davide Bariti,1991-07-07T00:00:00.000Z,173.0,left,Italy,RWB,"RM,AM",175000.0
1031128,189475,Karim Zedadka,2000-06-09T00:00:00.000Z,184.0,right,France,LM,,400000.0
1189442,8540,Salim Diakité,2000-06-03T00:00:00.000Z,187.0,right,Mali,CB,"RB,RWB",1500000.0
643986,9881,Ádám Nagy,1995-06-17T00:00:00.000Z,178.0,right,Hungary,CM,DM,400000.0
664607,9881,Luca Vignali,1996-01-11T00:00:00.000Z,183.0,right,Italy,RM,"CB,CM",300000.0
192079,583944,Lorenzo Crisetig,1993-01-20T00:00:00.000Z,184.0,left,Italy,CM,,350000.0
1577119,9804,Diego Mascardi,2006-09-26T00:00:00.000Z,,right,Italy,GK,,1300000.0
1580144,9882,Francesco Conti,2004-10-23T00:00:00.000Z,,,Italy,CM,DM,2000000.0
846609,4617,Andreaw Gravillon,1998-02-08T00:00:00.000Z,189.0,right,Guadeloupe,CB,RB,500000.0
1667018,9931,Jonas Harder,2005-09-30T00:00:00.000Z,178.0,right,Italy,CM,,2000000.0
299886,583944,Kevin Lasagna,1992-08-10T00:00:00.000Z,186.0,left,Italy,ST,,400000.0
867418,208932,Leonardo Benedetti,2000-06-06T00:00:00.000Z,182.0,right,Italy,CM,AM,700000.0
1420260,6722,Tommaso Martinelli,2006-01-06T00:00:00.000Z,194.0,right,Italy,GK,,5000000.0
182836,10168,Marco D'Alessandro,1991-02-17T00:00:00.000Z,173.0,right,Italy,LWB,LM,150000.0
665313,6266,Leonardo Sernicola,1997-07-30T00:00:00.000Z,188.0,right,Italy,RM,,700000.0
1444197,6488,Fabio Ruggeri,2004-12-13T00:00:00.000Z,169.0,right,Italy,CB,,1200000.0
1386005,7801,Marco Nasti,2003-09-17T00:00:00.000Z,179.0,right,Italy,ST,AM,1400000.0
1078707,9881,Emanuele Adamo,1998-07-19T00:00:00.000Z,177.0,right,Italy,LM,"LWB,RM,CM",400000.0
435684,8529,Boris Radunovic,1996-05-26T00:00:00.000Z,194.0,right,Serbia,GK,,500000.0
1346625,9882,Simone Giordano,2001-12-21T00:00:00.000Z,184.0,,Italy,LB,"CB,LWB",650000.0
574849,277990,Francesco Belli,1994-03-16T00:00:00.000Z,179.0,right,Italy,CB,RB,200000.0
1667686,6479,Tommaso Marras,2004-02-23T00:00:00.000Z,183.0,,Italy,AM,RW,1300000.0
1209246,9889,David Wieser,2002-02-13T00:00:00.000Z,182.0,,Italy,DM,CM,400000.0
1669642,9887,Gady Beyuku,2005-11-23T00:00:00.000Z,188.0,right,France,RM,RB,2500000.0
413546,6488,Niccolò Belloni,1994-07-10T00:00:00.000Z,176.0,left,Italy,LM,"RM,LW",150000.0
414860,6500,Alessandro Micai,1993-07-24T00:00:00.000Z,170.0,right,Italy,GK,,200000.0
862973,7943,Fabrizio Caligara,2000-04-12T00:00:00.000Z,180.0,left,Italy,DM,"CM,AM",450000.0
267260,9887,Gastón Brugman,1992-09-07T00:00:00.000Z,178.0,right,Uruguay,DM,CM,750000.0
1050186,9881,Giuseppe Di Serio,2001-07-20T00:00:00.000Z,182.0,right,Italy,ST,RM,500000.0
1034330,6722,Raffaele Russo,1999-02-25T00:00:00.000Z,171.0,,Italy,ST,AM,450000.0
937462,6504,Andrea Colpani,1999-05-11T00:00:00.000Z,184.0,left,Italy,AM,RW,4000000.0
959434,8545,Cristiano Bani,1999-01-14T00:00:00.000Z,187.0,right,Italy,LB,CB,
749013,9881,Francesco Cassata,1997-07-16T00:00:00.000Z,183.0,right,Italy,CM,LW,350000.0
1190208,9831,Rares Ilie,2003-04-19T00:00:00.000Z,183.0,right,Romania,AM,ST,1200000.0
1388039,7881,Richie Sagrado,2004-01-30T00:00:00.000Z,182.0,right,Belgium,LM,,1500000.0
1391712,189475,Federico Davi,2002-04-02T00:00:00.000Z,,right,Italy,CB,RM,300000.0
834956,8540,Giangiacomo Magnani,1995-10-04T00:00:00.000Z,192.0,left,Italy,CB,,1200000.0
1676530,1669202,Marco Dalla Vecchia,2005-02-13T00:00:00.000Z,,right,Italy,CM,"DM,AM",500000.0
1165467,6106,Christian Pierobon,2002-03-26T00:00:00.000Z,169.0,,Italy,CM,LM,700000.0
825823,208932,Luigi Cuppone,1997-08-06T00:00:00.000Z,,right,Italy,ST,,450000.0
574847,584022,Gaetano Castrovilli,1997-02-17T00:00:00.000Z,176.0,right,Italy,AM,CM,500000.0
1289946,8540,Mattia Fortin,2003-07-08T00:00:00.000Z,,,Italy,GK,,2200000.0
1787535,1291621,Christian Comotto,2008-04-25T00:00:00.000Z,,,Italy,CM,,5000000.0
1072710,7881,Bartol Franjic,2000-01-14T00:00:00.000Z,188.0,left,Croatia,CB,,1000000.0
1432581,9889,Davide Bragantini,2003-08-17T00:00:00.000Z,179.0,left,Italy,AM,RW,2000000.0
1368060,8534,Duccio Degli Innocenti,2003-04-28T00:00:00.000Z,180.0,right,Italy,CM,"DM,AM",1200000.0
864759,208932,Marco Nichetti,1996-12-22T00:00:00.000Z,,,Italy,DM,CM,300000.0
1640961,9804,Alessandro Dellavalle,2004-05-11T00:00:00.000Z,189.0,right,Italy,CB,,2500000.0
1326795,9878,Ivan Saio,2002-03-16T00:00:00.000Z,192.0,,Italy,GK,,400000.0
414232,7881,Ridgeciano Haps,1993-06-12T00:00:00.000Z,175.0,left,Suriname,LM,LB,700000.0
864524,9889,Davis Mensah,1991-08-02T00:00:00.000Z,186.0,right,Ghana,ST,RW,150000.0
1416117,956184,Lorenzo Villa,2003-07-26T00:00:00.000Z,,,Italy,CB,,1500000.0
1327513,9891,Giorgio Cittadini,2002-04-18T00:00:00.000Z,181.0,right,Italy,CB,,900000.0
1593861,10171,Mattia Liberali,2007-04-06T00:00:00.000Z,169.0,left,Italy,AM,"CM,RW",8500000.0
661929,189475,Raphael Odogwu,1991-01-28T00:00:00.000Z,188.0,left,Nigeria,ST,,250000.0
190281,6722,Antony Iannarilli,1990-12-18T00:00:00.000Z,186.0,right,Italy,GK,,200000.0
954366,189475,Nicola Pietrangeli,2000-07-19T00:00:00.000Z,,right,Italy,CB,,1300000.0
860272,6722,Marco Sala,1999-06-04T00:00:00.000Z,182.0,left,Italy,LM,LB,400000.0
863130,9887,Pedro Mendes,1999-08-01T00:00:00.000Z,187.0,right,Portugal,ST,,1200000.0
1100598,189475,Niklas Pyyhtiä,2003-09-25T00:00:00.000Z,186.0,left,Finland,CM,,1300000.0
301005,189481,Manuel Marras,1993-07-09T00:00:00.000Z,168.0,left,Italy,RWB,LWB,
1415623,6504,Leonardo Colombo,2005-06-04T00:00:00.000Z,,right,Italy,DM,CM,4000000.0
867417,9878,Gabriele Corbo,2000-01-11T00:00:00.000Z,186.0,right,Italy,CB,,350000.0
1429907,9889,Flavio Paoletti,2003-01-16T00:00:00.000Z,182.0,right,Italy,DM,"CB,CM",650000.0
491786,6500,Francesco Vicari,1994-08-03T00:00:00.000Z,190.0,right,Italy,CB,,350000.0
1810881,208932,Mattia Alborghetti,1998-10-01T00:00:00.000Z,,,Italy,CB,,300000.0
413160,6504,Andrea Petagna,1995-06-30T00:00:00.000Z,185.0,left,Italy,ST,,700000.0
1484827,8686,Riccardo Pagano,2004-11-28T00:00:00.000Z,175.0,right,Italy,AM,CM,1800000.0
1485381,9889,Lorenzo Ignacchiti,2004-04-25T00:00:00.000Z,184.0,left,Italy,CM,AM,1600000.0
684006,9881,Edoardo Soleri,1997-10-19T00:00:00.000Z,194.0,right,Italy,ST,,300000.0
790725,8534,Marco Curto,1999-01-05T00:00:00.000Z,191.0,right,Italy,CB,,600000.0
618698,9891,Francesco Gelli,1996-10-15T00:00:00.000Z,175.0,right,Italy,CM,DM,500000.0
956212,7872,Marvin Çuni,2001-07-10T00:00:00.000Z,188.0,right,Albania,ST,,500000.0
720222,6500,Danilo Quaranta,1997-03-23T00:00:00.000Z,192.0,left,Italy,CB,,150000.0
1557497,189475,Jacopo Martini,2004-12-28T00:00:00.000Z,,right,Italy,CM,,1200000.0
1536941,10171,Tommaso Fumagalli,2000-02-20T00:00:00.000Z,185.0,right,Italy,ST,,300000.0
1331210,6722,Cosimo Patierno,1991-03-01T00:00:00.000Z,185.0,,Italy,ST,,150000.0
451966,8535,Antonín Barák,1994-12-03T00:00:00.000Z,190.0,left,Czechia,CM,AM,800000.0
1055824,9876,Seid Korac,2001-10-20T00:00:00.000Z,191.0,right,Luxembourg,CB,,1300000.0
1366034,8600,Simone Pafundi,2006-03-14T00:00:00.000Z,166.0,left,Italy,AM,ST,4500000.0
1690267,6488,Tommaso Rubino,2006-11-10T00:00:00.000Z,179.0,right,Italy,ST,CM,2500000.0
465404,9882,Gennaro Tutino,1996-08-20T00:00:00.000Z,177.0,right,Italy,ST,LW,750000.0
1198008,9878,Lorenzo Meazzi,2001-05-28T00:00:00.000Z,172.0,,Italy,AM,"CM,ST",500000.0
1219359,9887,Alessandro Sersanti,2002-02-16T00:00:00.000Z,182.0,right,Italy,CM,,1800000.0
1130473,6106,Christian Dalle Mura,2002-02-02T00:00:00.000Z,185.0,left,Italy,CB,,500000.0
1286272,9888,Rares Burnete,2004-01-31T00:00:00.000Z,185.0,right,Romania,ST,LW,500000.0
519192,9882,Lorenzo Venuti,1995-04-12T00:00:00.000Z,176.0,right,Italy,CB,LWB,300000.0
435983,9849,Alberto Cerri,1996-04-16T00:00:00.000Z,194.0,right,Italy,ST,,500000.0
1441894,10168,Ruggero Frosinini,2001-02-16T00:00:00.000Z,,,Italy,CB,RB,500000.0
1368381,6722,Luca Di Maggio,2005-03-31T00:00:00.000Z,,,Italy,CM,,1200000.0
231521,4409,Gianluca Lapadula,1990-02-07T00:00:00.000Z,178.0,left,Peru,ST,,400000.0
983047,9750,Elayis Tavsan,2001-04-30T00:00:00.000Z,183.0,left,Netherlands,AM,"RW,LW,ST",
488958,6504,Keita Baldé,1995-03-08T00:00:00.000Z,181.0,both,Senegal,AM,LW,800000.0
413599,6722,Roberto Insigne,1994-05-11T00:00:00.000Z,171.0,left,Italy,AM,ST,600000.0
310908,9882,Matteo Ricci,1994-05-27T00:00:00.000Z,172.0,both,Italy,CM,DM,250000.0
1164361,584022,Matteo Piacentini,1999-04-20T00:00:00.000Z,187.0,right,Italy,CB,,250000.0
521838,584022,Simone Bastoni,1996-11-05T00:00:00.000Z,183.0,left,Italy,CM,DM,500000.0
1200629,9882,Alessandro Pio Riccio,2002-02-06T00:00:00.000Z,187.0,right,Italy,CB,,350000.0
121086,9976,Christian Gytkjær,1990-05-06T00:00:00.000Z,176.0,right,Denmark,ST,AM,250000.0
308982,6500,Paolo Rozzio,1992-07-22T00:00:00.000Z,190.0,right,Italy,CB,,150000.0
1337926,1524591,Vanja Vlahovic,2004-03-23T00:00:00.000Z,184.0,right,Serbia,ST,,3800000.0
545026,2137,Nikolas Ioannou,1995-11-10T00:00:00.000Z,184.0,left,Cyprus,LB,"CB,LWB,DM,LM",
1289952,6456,Massimo Zilli,2002-07-17T00:00:00.000Z,194.0,right,Italy,ST,,750000.0
244809,9881,Mattia Valoti,1993-09-06T00:00:00.000Z,181.0,right,Italy,CM,AM,300000.0
750029,584022,Marco Olivieri,1999-06-30T00:00:00.000Z,178.0,right,Italy,ST,LW,350000.0
1319718,9976,Moussa Manè,2003-11-19T00:00:00.000Z,182.0,,Italy,RWB,,400000.0
491798,9882,Alessandro Bellemo,1995-08-07T00:00:00.000Z,184.0,right,Italy,CM,DM,400000.0
1326861,7943,Justin Kumi,2004-07-16T00:00:00.000Z,,right,Italy,DM,AM,1200000.0
193441,9882,Lorenzo Insigne,1991-06-04T00:00:00.000Z,163.0,right,Italy,AM,ST,1400000.0
1520368,9889,Fahem Benaïssa-Yahia,2002-04-29T00:00:00.000Z,188.0,left,France,LWB,LM,
415386,583944,Cristian Buonaiuto,1992-12-29T00:00:00.000Z,179.0,right,Italy,ST,,250000.0
41879,189475,Andrea Masiello,1986-02-05T00:00:00.000Z,185.0,right,Italy,CB,,0.0
1305760,8522,Andrea Oliveri,2003-01-14T00:00:00.000Z,181.0,right,Italy,RM,RWB,750000.0
526450,8540,Emmanuel Quartsin Gyasi,1994-01-11T00:00:00.000Z,180.0,right,Ghana,AM,RWB,800000.0
1203212,6722,Daniel Fila,2002-08-21T00:00:00.000Z,190.0,,Czechia,ST,,1600000.0
942203,7881,Bjarki Steinn Bjarkason,2000-05-11T00:00:00.000Z,180.0,right,Iceland,LM,CB,700000.0
814282,6488,Filippo Melegoni,1999-02-18T00:00:00.000Z,186.0,right,Italy,CM,AM,450000.0
198099,89466,Bartosz Bereszynski,1992-07-12T00:00:00.000Z,182.0,right,Poland,CB,,400000.0
776937,189475,Marco Varnier,1998-06-08T00:00:00.000Z,186.0,both,Italy,CB,,500000.0
1311887,8632,Stipe Vulikic,2001-01-23T00:00:00.000Z,193.0,,Croatia,CB,,
1015263,8534,Luca Belardinelli,2001-03-14T00:00:00.000Z,190.0,right,Italy,DM,CM,400000.0
1320317,9887,Kleis Bozhanaj,2001-03-01T00:00:00.000Z,180.0,right,Albania,AM,"DM,LW",300000.0
1801121,9891,Jacopo Gelli,2001-05-11T00:00:00.000Z,197.0,,Italy,CB,,750000.0
1192576,7943,Agustín Álvarez,2001-05-19T00:00:00.000Z,180.0,right,Uruguay,ST,,2000000.0
1485169,9777,Mathis Lambourde,2006-01-09T00:00:00.000Z,179.0,left,France,AM,,800000.0
674829,9881,Filippo Bandinelli,1995-03-29T00:00:00.000Z,180.0,left,Italy,CM,AM,400000.0
1181595,9878,Riccardo Tonin,2001-01-30T00:00:00.000Z,180.0,,Italy,ST,,250000.0
1677221,7801,Fellipe Jack,2006-01-12T00:00:00.000Z,187.0,left,Brazil,CB,,2500000.0
1398350,7943,Patrick Nuamah,2005-12-31T00:00:00.000Z,179.0,right,Italy,AM,LW,1600000.0
1050184,583944,Christian Pastina,2001-02-15T00:00:00.000Z,185.0,left,Italy,CB,,300000.0
1310608,9887,Steven Nador,2002-06-23T00:00:00.000Z,193.0,,Togo,CB,,750000.0
887689,8540,Claudio Gomes,2000-07-23T00:00:00.000Z,180.0,right,France,DM,,1500000.0
665325,583944,Giulio Favale,1998-01-25T00:00:00.000Z,,,Italy,LB,LM,250000.0
265924,9887,Grégoire Defrel,1991-06-17T00:00:00.000Z,180.0,left,Martinique,ST,AM,300000.0
611827,6480,Paolo Ghiglione,1997-02-02T00:00:00.000Z,191.0,right,Italy,RM,LM,500000.0
1518564,189475,Giacomo Stabile,2005-04-12T00:00:00.000Z,187.0,left,Italy,CB,,1200000.0
1425693,6504,Adam Bakoune,2006-02-06T00:00:00.000Z,192.0,right,Italy,RWB,RM,1200000.0
1669645,8534,Bogdan Popov,2007-04-04T00:00:00.000Z,193.0,right,Ukraine,ST,,2800000.0
1446625,8564,Kevin Zeroli,2005-01-11T00:00:00.000Z,187.0,right,Italy,CM,,3300000.0
252650,583944,Gianluca Caprari,1993-07-30T00:00:00.000Z,176.0,right,Italy,AM,ST,600000.0
1440966,8534,Edoardo Saporiti,2001-09-17T00:00:00.000Z,186.0,,Italy,ST,"CM,AM",700000.0
921598,6488,Devid Eugene Bouah,2001-08-13T00:00:00.000Z,183.0,right,Italy,RM,,400000.0
1596404,6488,Gabriele Parlanti,2004-01-28T00:00:00.000Z,181.0,right,Italy,CM,,750000.0
1659402,7943,Flavio Russo,2004-08-31T00:00:00.000Z,188.0,right,Italy,ST,,700000.0
960601,10168,Nicoló Buso,2000-02-01T00:00:00.000Z,177.0,right,Italy,AM,,800000.0
1639457,584022,Maat Caprini,2006-02-11T00:00:00.000Z,180.0,right,Italy,LW,,1800000.0
447488,9882,Alex Ferrari,1994-07-01T00:00:00.000Z,183.0,right,Italy,CB,,250000.0
1553106,9889,Antonio Fiori,2003-02-21T00:00:00.000Z,180.0,right,Italy,LWB,LW,1500000.0
774643,208932,Federico Del Frate,1995-12-21T00:00:00.000Z,,,Italy,GK,,200000.0
317156,7881,Alfred Duncan,1993-03-10T00:00:00.000Z,178.0,left,Ghana,CM,ST,750000.0
1413759,10168,Gabriele Alesi,2004-01-28T00:00:00.000Z,175.0,right,Italy,LWB,,1400000.0
365448,8522,Gennaro Acampora,1994-03-29T00:00:00.000Z,174.0,left,Italy,DM,AM,250000.0
109338,9878,Marco Davide Faraoni,1991-10-25T00:00:00.000Z,180.0,right,Italy,RM,"RB,RWB",400000.0
1219024,189475,Marco Frigerio,2001-07-16T00:00:00.000Z,185.0,right,Italy,CM,,400000.0
605848,8540,Alexis Blin,1996-09-16T00:00:00.000Z,184.0,right,France,DM,,650000.0
287898,8577,Ahmad Benali,1992-02-07T00:00:00.000Z,168.0,right,Libya,CM,DM,
719946,145007,Riccardo Marchizza,1998-03-26T00:00:00.000Z,187.0,left,Italy,LB,,1000000.0
1357947,7881,Alvin Okoro,2005-03-26T00:00:00.000Z,181.0,right,Italy,ST,LW,2000000.0
908328,9891,Benjamin Lhassine Kone,2000-03-14T00:00:00.000Z,172.0,left,Ivory Coast,CM,DM,500000.0
1427017,9885,Jonas Rouhi,2004-01-07T00:00:00.000Z,183.0,left,Sweden,LW,"CB,LM",2000000.0
1455441,10168,Bruno Verrengia,2003-09-22T00:00:00.000Z,,,Italy,CB,,400000.0
956449,6500,Alessandro Tripaldelli,1999-02-09T00:00:00.000Z,182.0,left,Italy,LM,,200000.0
1310441,8043,Tiago Gonçalves,2000-08-18T00:00:00.000Z,183.0,left,Portugal,LB,"CB,LWB",750000.0
340790,189475,Domen Crnigoj,1995-11-18T00:00:00.000Z,188.0,right,Slovenia,CM,,250000.0
1526797,189481,Valerio Crespi,2004-08-04T00:00:00.000Z,185.0,left,Italy,ST,,
1667740,8543,Alessandro Milani,2005-06-14T00:00:00.000Z,178.0,left,Venezuela,LB,LWB,650000.0
1047661,6479,Nicholas Bonfanti,2002-03-28T00:00:00.000Z,178.0,right,Italy,ST,,800000.0
1315426,8534,Filippo Distefano,2003-08-28T00:00:00.000Z,176.0,right,Italy,ST,,1200000.0
561844,8534,Tyronne Ebuehi,1995-12-16T00:00:00.000Z,187.0,right,Nigeria,CB,"RB,RM",700000.0
438507,10168,Federico Di Francesco,1994-06-14T00:00:00.000Z,175.0,right,Italy,LWB,,600000.0
1444613,583944,Alessandro Seghetti,2004-01-11T00:00:00.000Z,,right,Italy,ST,,400000.0
820736,10168,Marco Pompetti,2000-05-22T00:00:00.000Z,176.0,left,Italy,DM,,2000000.0
861200,9881,Mirko Antonucci,1999-03-11T00:00:00.000Z,178.0,both,Italy,LM,AM,
1483108,8522,Giacomo De Pieri,2006-12-29T00:00:00.000Z,174.0,left,Italy,AM,,1300000.0
570830,8534,Nicolas Haas,1996-01-23T00:00:00.000Z,178.0,right,Switzerland,DM,CM,400000.0
45220,583944,Papu Gómez,1988-02-15T00:00:00.000Z,167.0,right,Argentina,ST,,500000.0
309631,9889,César Falletti,1992-12-02T00:00:00.000Z,170.0,right,Uruguay,AM,,300000.0
1128077,208932,Mattia Tirelli,2002-06-30T00:00:00.000Z,183.0,,Italy,ST,,250000.0
1115001,9891,Niccolò Corrado,2000-03-19T00:00:00.000Z,179.0,left,Italy,LB,,800000.0
1298944,9882,Nikola Sekulov,2002-02-18T00:00:00.000Z,185.0,right,Italy,ST,"RW,AM",400000.0
979789,9887,Giuseppe Caso,1998-12-09T00:00:00.000Z,172.0,right,Italy,AM,,1200000.0
1010186,7881,Antonio Casas,2000-03-30T00:00:00.000Z,183.0,right,Spain,ST,,650000.0
1112769,6106,Manuel Ricciardi,2000-04-17T00:00:00.000Z,184.0,right,Italy,RM,,600000.0
833024,189475,Mamadou Coulibaly,1999-02-03T00:00:00.000Z,180.0,right,Senegal,CM,,500000.0
998278,189481,Alessandro Mallamo,1999-03-22T00:00:00.000Z,174.0,right,Italy,CM,,
1189492,8540,Aljosa Vasic,2002-04-21T00:00:00.000Z,188.0,right,Italy,DM,,1000000.0
620133,9881,Mouhamadou Sarr,1997-01-05T00:00:00.000Z,190.0,right,Senegal,GK,,200000.0
1292511,9875,Lorenzo Sgarbi,2001-03-24T00:00:00.000Z,189.0,,Italy,LW,,350000.0
1459763,584022,Matteo Guidi,2003-07-03T00:00:00.000Z,184.0,,Italy,CB,LM,300000.0
415004,9849,Gianluca Di Chiara,1993-12-26T00:00:00.000Z,185.0,left,Italy,CB,,
1415622,6097,Sheriff Kassama,2004-09-16T00:00:00.000Z,189.0,right,Italy,CB,,400000.0
1183746,6106,Pietro Boer,2002-05-12T00:00:00.000Z,193.0,right,Italy,GK,,250000.0
866165,7881,Lion Lauberbach,1998-02-15T00:00:00.000Z,194.0,both,Germany,ST,,2500000.0
415000,6494,Francesco Galuppini,1993-10-17T00:00:00.000Z,181.0,left,Italy,RW,AM,
1574191,607982,Filipe Bordon,2005-06-24T00:00:00.000Z,192.0,,Brazil,CB,,750000.0
230843,6488,Ernesto Torregrossa,1992-06-28T00:00:00.000Z,184.0,left,Venezuela,ST,,225000.0
1803901,7881,Lorenzo Berardi,2005-04-05T00:00:00.000Z,,,Italy,midfielder,,400000.0
1639413,9889,Jonathan Silva,2004-04-24T00:00:00.000Z,186.0,,Brazil,forward,,450000.0
1714426,9887,Michele Pezzolato,2004-02-28T00:00:00.000Z,197.0,,Italy,GK,,300000.0
772683,6722,Luca Pandolfi,1998-03-14T00:00:00.000Z,186.0,right,Italy,ST,,400000.0
1483089,8686,Mattia Mannini,2006-07-08T00:00:00.000Z,170.0,right,Italy,CM,"RM,LM",1000000.0
805743,6504,Arvid Brorsson,1999-05-08T00:00:00.000Z,188.0,right,Sweden,CB,,400000.0
843153,6106,Davide Buglio,1998-02-26T00:00:00.000Z,178.0,right,Italy,DM,,600000.0
817844,9804,Pietro Pellegri,2001-03-17T00:00:00.000Z,188.0,right,Italy,ST,,500000.0
1169352,7881,Mattia Compagnon,2001-11-06T00:00:00.000Z,171.0,left,Italy,ST,,1000000.0
1902062,10233,Samuel Wiafe,2008-06-22T00:00:00.000Z,,,Italy,CM,,2500000.0
1510458,9891,Jérémy Oyono,2001-04-12T00:00:00.000Z,178.0,right,Gabon,RB,,250000.0
1401612,8529,Davide Veroli,2003-01-29T00:00:00.000Z,188.0,left,Italy,CB,,800000.0
610540,6722,Facundo Lescano,1996-08-18T00:00:00.000Z,187.0,right,Argentina,ST,,
364107,10167,Anthony Partipilo,1994-10-27T00:00:00.000Z,177.0,left,Italy,RW,,250000.0
1050819,6269,Lorenzo Moretti,2002-02-26T00:00:00.000Z,187.0,right,Italy,CB,,
1226776,9878,Filippo Pellacani,1998-02-26T00:00:00.000Z,187.0,,Italy,CB,,200000.0
1189402,6504,Nicolas Galazzi,2000-12-18T00:00:00.000Z,182.0,left,Italy,AM,,750000.0
662239,9891,Edoardo Masciangelo,1996-07-08T00:00:00.000Z,177.0,left,Italy,LW,,250000.0
1515133,584022,Vittorio Magni,2006-06-01T00:00:00.000Z,183.0,right,Italy,defender,,750000.0
981048,9976,Giuseppe Sibilli,1996-08-07T00:00:00.000Z,180.0,right,Italy,LW,,400000.0
1388072,773645,Daouda Traoré,2006-07-22T00:00:00.000Z,,,France,DM,,400000.0
1050818,8540,Samuel Giovane,2003-03-28T00:00:00.000Z,178.0,left,Italy,midfielder,,1200000.0
1536103,1524591,Siren Diao,2005-01-21T00:00:00.000Z,189.0,left,Spain,ST,,
1606310,1669190,Filippo Reale,2006-02-24T00:00:00.000Z,188.0,,Italy,CB,,750000.0
814285,1954,Giacomo Vrioni,1998-10-15T00:00:00.000Z,188.0,left,Albania,ST,,600000.0
937460,6106,Emanuele Torrasi,1999-03-16T00:00:00.000Z,,,Italy,AM,,150000.0
846647,7881,Nunzio Lella,2000-07-28T00:00:00.000Z,188.0,right,Italy,CM,,600000.0
923572,145007,Frank Tsadjout,1999-07-28T00:00:00.000Z,190.0,right,Italy,ST,,300000.0
187360,189475,Simone Verdi,1992-07-12T00:00:00.000Z,171.0,both,Italy,ST,,400000.0
331634,9889,Zan Majer,1992-07-25T00:00:00.000Z,179.0,right,Slovenia,DM,,
702225,9887,Matteo Cotali,1997-04-22T00:00:00.000Z,176.0,left,Italy,LM,,300000.0
1467797,1524591,Leonardo Mendicino,2006-06-25T00:00:00.000Z,182.0,right,Italy,DM,,700000.0
1489556,1524591,Tommaso Del Lungo,2003-11-21T00:00:00.000Z,186.0,right,Italy,CB,,500000.0
1350901,10167,Peter Amoran,2004-05-22T00:00:00.000Z,189.0,right,Sweden,CB,,300000.0
825821,8545,Giacomo Poluzzi,1988-02-25T00:00:00.000Z,186.0,right,Italy,GK,,
1668235,584022,Alessandro Siano,2001-04-28T00:00:00.000Z,185.0,right,Italy,GK,,250000.0
150464,9849,Andrea Seculin,1990-07-14T00:00:00.000Z,185.0,right,Italy,GK,,100000.0
940447,9891,Edoardo Vergani,2001-02-06T00:00:00.000Z,186.0,right,Italy,midfielder,,250000.0
1106817,88998,Denis Portanova,2001-06-20T00:00:00.000Z,185.0,,Italy,CB,,
1695976,9891,Filippo Grosso,2006-09-07T00:00:00.000Z,,,Italy,AM,,500000.0
1526880,145007,Alessandro Pietrelli,2003-01-05T00:00:00.000Z,192.0,left,Italy,midfielder,,600000.0
1106873,9976,Ebrima Darboe,2001-06-01T00:00:00.000Z,176.0,right,Gambia,CM,,500000.0
848650,7881,Giorgio Altare,1998-08-09T00:00:00.000Z,190.0,right,Italy,CB,,600000.0
1359124,208932,Riccardo Turicchia,2003-02-05T00:00:00.000Z,180.0,left,Italy,midfielder,,500000.0
1416600,676141,David Ankeye,2002-05-22T00:00:00.000Z,191.0,right,Nigeria,AM,ST,
1395738,583944,Giovanni Giunti,2005-03-11T00:00:00.000Z,,,Italy,CM,,1000000.0
1028586,9878,Davide Merola,2000-03-27T00:00:00.000Z,181.0,left,Italy,RW,,400000.0
195413,8533,Daniele Baselli,1992-03-12T00:00:00.000Z,182.0,right,Italy,midfielder,,
718850,9887,Cristian Cauz,1996-08-15T00:00:00.000Z,188.0,left,Italy,CB,,300000.0
244834,8540,Alfred Gomis,1993-09-05T00:00:00.000Z,196.0,right,Senegal,GK,,300000.0
1189210,9976,Riccardo Burgio,2001-05-05T00:00:00.000Z,,,Italy,CB,,150000.0
186764,9976,Nicola Bellomo,1991-02-18T00:00:00.000Z,174.0,right,Italy,midfielder,,100000.0
1305761,484060,Federico Zuccon,2003-04-01T00:00:00.000Z,188.0,right,Italy,midfielder,,1200000.0
693591,7881,Emil Bohinen,1999-03-12T00:00:00.000Z,189.0,left,Norway,CM,,1000000.0
954422,7881,Michael Venturi,1999-01-23T00:00:00.000Z,193.0,right,Italy,CB,,350000.0
1331239,6722,Claudio Manzi,2000-06-21T00:00:00.000Z,182.0,,Italy,CB,,
682696,9984,Gaëtan Coucke,1998-11-03T00:00:00.000Z,187.0,right,Belgium,GK,,800000.0
1344247,9878,Julian Brandes,2004-05-11T00:00:00.000Z,,right,Netherlands,CM,,350000.0
1578177,9889,Giacomo Fedel,2002-08-05T00:00:00.000Z,171.0,right,Italy,forward,,
1681988,7881,Ahmed Sidibé,2002-02-10T00:00:00.000Z,189.0,left,France,CB,,600000.0
1432542,9887,Antonio Imputato,2004-09-02T00:00:00.000Z,,right,Italy,midfielder,,250000.0
1102399,6266,Raffaele Celia,1999-03-04T00:00:00.000Z,180.0,left,Italy,defender,,
960599,9878,Gianmarco Cangiano,2001-11-16T00:00:00.000Z,176.0,right,Italy,forward,,
1882243,6106,Matheus Dos Santos,2002-06-21T00:00:00.000Z,184.0,left,Brazil,forward,,150000.0
282706,189475,Alessio Cragno,1994-06-28T00:00:00.000Z,184.0,right,Italy,GK,,400000.0
1437207,9881,Pietro Candelari,2005-01-21T00:00:00.000Z,,right,Italy,midfielder,,
1603723,208932,Giacomo Corona,2004-02-24T00:00:00.000Z,195.0,,Italy,forward,,450000.0
210119,9882,Jordan Ferri,1992-03-12T00:00:00.000Z,172.0,right,France,DM,,400000.0
1321603,9882,Estanis Pedrola,2003-08-24T00:00:00.000Z,185.0,right,Spain,LW,LM,
1295898,10168,N'Dri Koffi,2002-03-09T00:00:00.000Z,188.0,right,Ivory Coast,ST,,400000.0
1226850,956184,Leonardo Cerri,2003-03-04T00:00:00.000Z,198.0,both,Italy,forward,,
692890,9857,Orji Okwonkwo,1998-01-19T00:00:00.000Z,182.0,right,Nigeria,forward,,100000.0
607149,6722,Andrea Favilli,1997-05-17T00:00:00.000Z,191.0,right,Italy,forward,,200000.0
1688881,9891,Kevin Barcella,2006-06-17T00:00:00.000Z,,right,Italy,AM,,400000.0
1705006,6500,Francesco Vallarelli,2005-05-16T00:00:00.000Z,,,Italy,midfielder,,250000.0
1690597,10168,Ervin Bashi,2005-07-24T00:00:00.000Z,192.0,,Albania,defender,,300000.0
1332322,145016,Jonathan Italeng,2001-01-18T00:00:00.000Z,185.0,,Cameroon,forward,,
585237,2088,Daniele Verde,1996-06-20T00:00:00.000Z,168.0,left,Italy,RM,,
299411,6500,Mario Sampirisi,1992-10-31T00:00:00.000Z,185.0,right,Italy,defender,,200000.0
1437411,208932,Antonio Boccadamo,1999-07-24T00:00:00.000Z,,,Italy,defender,,300000.0
1078477,6479,Alessandro Arena,2000-08-03T00:00:00.000Z,171.0,left,Italy,forward,,
1078781,10168,Christian Marietta,2002-04-14T00:00:00.000Z,195.0,,Italy,keeper,,250000.0
955989,9887,Fabrizio Bagheria,2001-04-05T00:00:00.000Z,189.0,right,Italy,keeper,,50000.0
860274,9976,Marco Pissardo,1998-01-08T00:00:00.000Z,184.0,right,Italy,keeper,,200000.0
1679963,956184,Ismael Konaté,2006-03-29T00:00:00.000Z,183.0,right,Italy,forward,,
49541,6488,Vincenzo Fiorillo,1990-01-13T00:00:00.000Z,194.0,left,Italy,keeper,,100000.0
1962178,9887,Pietro Arnaboldi,2008-09-02T00:00:00.000Z,,,Italy,midfielder,,
1808038,212658,Davide Mancini,2005-05-02T00:00:00.000Z,187.0,,Italy,defender,,250000.0
231033,6722,Marco Armellino,1989-08-21T00:00:00.000Z,186.0,right,Italy,midfielder,,150000.0
1396088,8534,Gabriele Indragoli,2004-02-20T00:00:00.000Z,,right,Italy,defender,,300000.0
1345315,4594,Senan Mullen,2005-02-28T00:00:00.000Z,191.0,left,Ireland,LB,CB,
1669644,8534,Lorenzo Tosto,2006-01-29T00:00:00.000Z,,right,Italy,defender,,
1604177,1398790,Alessandro Vinciguerra,2005-08-18T00:00:00.000Z,167.0,right,Italy,forward,,
1663299,9878,Leonardo Graziani,2005-05-21T00:00:00.000Z,,,Italy,midfielder,,500000.0
1170996,8534,Flavio Bianchi,2000-01-24T00:00:00.000Z,178.0,right,Italy,forward,,200000.0
1436505,9804,Aaron Ciammaglichella,2005-01-26T00:00:00.000Z,180.0,right,Italy,midfielder,,500000.0
942357,8524,Emmanuel Gyabuaa,2001-09-21T00:00:00.000Z,175.0,right,Italy,midfielder,,
1396405,7943,Luca D'Andrea,2004-09-06T00:00:00.000Z,173.0,left,Italy,forward,,500000.0
1329505,7943,Yeferson Paz,2002-06-13T00:00:00.000Z,176.0,right,Colombia,defender,,400000.0
155256,6488,Bartosz Salamon,1991-05-01T00:00:00.000Z,194.0,right,Poland,defender,,150000.0
954391,784769,Ovidijus Siaulys,1999-07-19T00:00:00.000Z,,,Lithuania,keeper,,50000.0
73873,7856,Matteo Baldi,2002-03-06T00:00:00.000Z,193.0,right,Italy,defender,,
1429682,9889,Junior Ligue,2005-03-21T00:00:00.000Z,186.0,left,Switzerland,LB,,2500000.0
1285144,10168,Gonçalo Esteves,2004-02-27T00:00:00.000Z,171.0,right,Portugal,RM,RWB,500000.0
1112941,6512,Edoardo Duca,1997-05-30T00:00:00.000Z,178.0,right,Italy,midfielder,,
1633356,9976,Vincenzo Colangiuli,2005-06-01T00:00:00.000Z,,,Italy,midfielder,,
1428135,80654,Konstantinos Chrysopoulos,2003-05-21T00:00:00.000Z,191.0,left,Greece,CB,,500000.0
1257646,9956,Nikolas Muci,2003-02-08T00:00:00.000Z,180.0,,Switzerland,ST,,900000.0
1305768,10278,Víctor Narro,1999-05-27T00:00:00.000Z,176.0,left,Spain,forward,,
1447049,6097,Federico Accornero,2004-02-05T00:00:00.000Z,,right,Italy,midfielder,,400000.0
1302364,9878,Erdis Kraja,2000-07-07T00:00:00.000Z,181.0,,Albania,midfielder,,
846948,9881,Szymon Zurkowski,1997-09-25T00:00:00.000Z,185.0,right,Poland,midfielder,,300000.0
298243,584022,Tommaso Arrigoni,1994-02-26T00:00:00.000Z,171.0,right,Italy,midfielder,,150000.0
1589694,10233,Tommaso Pittino,2005-01-14T00:00:00.000Z,189.0,right,Italy,defender,,
1802628,9878,Davide Giannini,2005-03-30T00:00:00.000Z,,,Italy,defender,,
441883,9883,Gastón Pereiro,1995-06-11T00:00:00.000Z,188.0,left,Uruguay,RW,AM,
575016,6722,Giuseppe Panico,1997-05-10T00:00:00.000Z,177.0,right,Italy,forward,,
1844128,584069,Tommaso Casalino,2007-07-31T00:00:00.000Z,,,Italy,midfielder,,300000.0
1195165,189481,Alessandro Pilati,2000-03-26T00:00:00.000Z,190.0,right,Italy,defender,,200000.0
239589,5772,Leo Stulac,1994-09-26T00:00:00.000Z,175.0,right,Slovenia,DM,,
1675658,1668762,Dhirar Brik,2007-10-13T00:00:00.000Z,183.0,right,Tunisia,midfielder,,
1802544,583944,Alessandro Boi,2005-03-01T00:00:00.000Z,,,Italy,defender,,100000.0
1910768,9887,Tito Fabbri,2009-09-22T00:00:00.000Z,,,Italy,midfielder,,
1352691,9881,Hamse Shagaxle,2005-05-16T00:00:00.000Z,,left,Sweden,midfielder,,150000.0
1798745,9881,Samuele Capolupo,2006-04-08T00:00:00.000Z,184.0,,Italy,defender,,250000.0
1162514,7881,Marko Lawk Farji,2004-03-16T00:00:00.000Z,184.0,right,Iraq,LW,"LM,RW",1700000.0
1813686,8482,Davide Pio Stabile,2004-08-21T00:00:00.000Z,188.0,,Italy,forward,,300000.0
422719,2088,Davide Biraschi,1994-07-02T00:00:00.000Z,182.0,right,Italy,CB,,
415425,9891,Matteo Pisseri,1991-11-21T00:00:00.000Z,188.0,right,Italy,keeper,,150000.0
1802590,9881,Abdoulie Ndow,2005-01-06T00:00:00.000Z,,,Gambia,midfielder,,150000.0
1607013,9804,Côme Bianay,2005-05-13T00:00:00.000Z,188.0,right,France,defender,,200000.0
1679741,584022,Ibrahima Papa Wade,2006-10-08T00:00:00.000Z,,,Italy,midfielder,,
1541968,6512,Damiano Basili,2004-02-02T00:00:00.000Z,192.0,right,Italy,midfielder,,
1694921,10265,Oumar Conte,2007-01-14T00:00:00.000Z,,,Guinea,forward,,300000.0
1807569,9881,Emmanuele Lorenzelli,2007-05-11T00:00:00.000Z,,right,Italy,midfielder,,
1802529,8030,Indrit Mavraj,2006-01-23T00:00:00.000Z,,,Kosovo,CB,,
1832898,584022,Filippo Bertaccini,2007-03-04T00:00:00.000Z,,,Italy,midfielder,,
1609196,8632,Adrian Raychev,2006-04-19T00:00:00.000Z,183.0,right,Bulgaria,forward,,
1958815,9887,Edward Colpo,2008-10-29T00:00:00.000Z,195.0,,Italy,forward,,
899649,6504,Valentin Antov,2000-11-09T00:00:00.000Z,185.0,right,Bulgaria,defender,,1500000.0
1137015,1669196,Iwo Kaczmarski,2004-04-16T00:00:00.000Z,183.0,right,Poland,midfielder,,
1415621,9878,Andrea Ferraris,2003-02-22T00:00:00.000Z,173.0,right,Italy,midfielder,,
1879692,9889,Cristian Marai,2008-09-16T00:00:00.000Z,,,Italy,defender,,
1421472,212660,Jacopo Lipani,2001-04-24T00:00:00.000Z,,,Italy,midfielder,,
530468,9866,Antonio Sivera,1996-08-11T00:00:00.000Z,184.0,right,Spain,GK,,
581919,8305,David Soria,1993-04-04T00:00:00.000Z,192.0,right,Spain,GK,,
681213,9910,Ionut Radu,1997-05-28T00:00:00.000Z,186.0,right,Romania,GK,,
616539,8560,Alex Remiro,1995-03-24T00:00:00.000Z,192.0,right,Spain,GK,,
660625,8315,Unai Simón,1997-06-11T00:00:00.000Z,190.0,right,Spain,GK,,
638090,10171,Luis Milla,1994-10-07T00:00:00.000Z,175.0,right,Spain,CM,,
683762,8371,Sergio Herrera,1993-06-05T00:00:00.000Z,192.0,right,Spain,GK,,
625340,10076,Mauro Arambarri,1995-09-30T00:00:00.000Z,175.0,right,Uruguay,CM,,
169586,8558,Leandro Cabrera,1991-06-17T00:00:00.000Z,187.0,left,Uruguay,CB,,
534955,8670,Aarón Escandell,1995-09-27T00:00:00.000Z,188.0,right,Spain,GK,,
280818,8558,Marko Dmitrovic,1992-01-24T00:00:00.000Z,194.0,left,Serbia,GK,,
860314,9866,Nahuel Tenaglia,1996-02-21T00:00:00.000Z,182.0,right,Argentina,CB,RB,
521846,8661,Martin Valjent,1995-12-11T00:00:00.000Z,180.0,right,Slovakia,CB,,
184521,8370,Florian Lejeune,1991-05-20T00:00:00.000Z,189.0,right,France,CB,,
1395964,161771,Carlos Romero,2001-10-29T00:00:00.000Z,177.0,left,Spain,LB,,
1102289,8302,Juan Iglesias,1998-07-03T00:00:00.000Z,185.0,right,Spain,LWB,"RB,CB,RWB,RM",
671686,9910,Aleix Febas,1996-02-02T00:00:00.000Z,171.0,right,Spain,CM,"DM,AM",
1580952,8456,Vitor Reis,2006-01-12T00:00:00.000Z,186.0,right,Brazil,CB,,
517052,8695,Vedat Muriqi,1994-04-24T00:00:00.000Z,194.0,left,Kosovo,ST,,
845998,9866,Antonio Blanco,2000-07-23T00:00:00.000Z,175.0,right,Spain,CM,DM,
814663,8371,Alejandro Catena,1994-10-28T00:00:00.000Z,194.0,right,Spain,CB,,
921825,8371,Jon Moncayola,1998-05-13T00:00:00.000Z,189.0,left,Spain,DM,"RB,RM,CM",
278285,7732,Paulo Gazzaniga,1992-01-02T00:00:00.000Z,196.0,right,Argentina,GK,,
621415,8370,Augusto Batalla,1996-04-30T00:00:00.000Z,186.0,right,Argentina,GK,,
443966,8581,Jeremy Toljan,1994-08-08T00:00:00.000Z,182.0,both,Germany,RB,RWB,
360918,9866,Jonny Otto,1994-03-03T00:00:00.000Z,175.0,both,Spain,RB,"CB,LB",
1187702,9783,Leo Román,2000-07-06T00:00:00.000Z,189.0,right,Spain,GK,,
304355,10261,Odysseas Vlachodimos,1994-04-26T00:00:00.000Z,191.0,right,Greece,GK,,
1073980,10268,David Affengruber,2001-03-19T00:00:00.000Z,185.0,right,Austria,CB,,
251269,8371,Ante Budimir,1991-07-22T00:00:00.000Z,190.0,left,Croatia,ST,,
566425,8305,Domingos Duarte,1995-03-10T00:00:00.000Z,190.0,right,Portugal,CB,,
170323,8633,Thibaut Courtois,1992-05-11T00:00:00.000Z,199.0,left,Belgium,GK,,
1208708,8558,Omar El Hilali,2003-09-12T00:00:00.000Z,183.0,right,Morocco,RB,,
1102708,10268,Germán Valera,2002-03-16T00:00:00.000Z,170.0,left,Spain,LM,"LB,LWB,RM,RW,LW",
1553099,8315,Mikel Jauregizar,2003-11-13T00:00:00.000Z,177.0,right,Spain,DM,,
683450,8603,Pablo Fornals,1996-02-22T00:00:00.000Z,178.0,right,Spain,DM,"CM,RW,AM",
846033,8633,Vinícius Júnior,2000-07-12T00:00:00.000Z,177.0,right,Brazil,LW,"LM,ST",
1052330,9910,Manuel Sánchez,2000-08-24T00:00:00.000Z,179.0,left,Spain,LB,LWB,
1188375,8603,Natan,2001-02-06T00:00:00.000Z,188.0,left,Brazil,CB,,
1249284,8560,Jon Aramburu,2002-07-23T00:00:00.000Z,174.0,right,Venezuela,RB,RWB,
196169,9910,Marcos Alonso,1990-12-28T00:00:00.000Z,188.0,left,Spain,CB,,
970578,8370,Andrei Ratiu,1998-06-20T00:00:00.000Z,183.0,right,Romania,RB,RW,
743533,8633,Federico Valverde,1998-07-22T00:00:00.000Z,182.0,right,Uruguay,RB,"DM,RM,CM,RW,AM",
952528,8581,Adrián De La Fuente,1999-02-26T00:00:00.000Z,178.0,right,Spain,CB,,
678234,8560,Mikel Oyarzabal,1997-04-21T00:00:00.000Z,180.0,left,Spain,ST,,
80295,8315,Yuri Berchiche,1990-02-10T00:00:00.000Z,181.0,left,Spain,LB,CB,
640123,9866,Toni Martínez,1997-06-30T00:00:00.000Z,180.0,right,Spain,ST,,
474673,8661,Johan Mojica,1992-08-21T00:00:00.000Z,185.0,left,Colombia,LB,LWB,
940573,8634,Eric García,2001-01-09T00:00:00.000Z,182.0,right,Spain,CB,"RB,DM",
1532137,8634,Pau Cubarsí,2007-01-22T00:00:00.000Z,184.0,right,Spain,CB,,
844477,8560,Sergio Gómez,2000-09-04T00:00:00.000Z,171.0,left,Spain,LB,,
1130583,8661,Samú,2000-11-27T00:00:00.000Z,183.0,left,Portugal,DM,CM,
177126,9906,Jan Oblak,1993-01-07T00:00:00.000Z,189.0,right,Slovenia,GK,,
971790,8302,Lucien Agoumé,2002-02-09T00:00:00.000Z,185.0,right,France,CM,"DM,AM",
988805,8370,Pep Chavarría,1998-04-10T00:00:00.000Z,174.0,left,Spain,LB,,
1106742,9910,Sergio Carreira,2000-10-13T00:00:00.000Z,170.0,right,Spain,LM,"LWB,RM",
1167220,8634,Joan García,2001-05-04T00:00:00.000Z,193.0,right,Spain,GK,,
282472,8661,Sergi Darder,1993-12-22T00:00:00.000Z,180.0,right,Spain,AM,"CB,DM,CM",
673356,8638,Pablo Maffeo,1997-07-12T00:00:00.000Z,173.0,right,Argentina,RB,,
1194892,7732,Arnau Martínez,2003-04-25T00:00:00.000Z,182.0,right,Spain,RB,"CB,LB,DM,CM",
564847,7732,Viktor Tsigankov,1997-11-15T00:00:00.000Z,175.0,left,Ukraine,RW,"RM,AM,ST",
1187767,8558,Urko González,2001-03-20T00:00:00.000Z,189.0,right,Spain,CM,DM,
701154,8633,Kylian Mbappé,1998-12-20T00:00:00.000Z,178.0,right,France,ST,,
1553105,8650,Víctor Muñoz,2003-07-13T00:00:00.000Z,173.0,right,Spain,LW,"LM,RW,AM,ST",
638070,10267,Luis Rioja,1993-10-16T00:00:00.000Z,173.0,left,Spain,RM,"LM,RW,LW",
161012,8593,Daley Blind,1990-03-09T00:00:00.000Z,180.0,left,Netherlands,CB,LB,
421365,8305,Djené,1991-12-31T00:00:00.000Z,176.0,both,Togo,CB,CM,
1281461,8302,José Ángel Carmona,2002-01-29T00:00:00.000Z,183.0,right,Spain,RB,"CB,LB,RWB",
914458,8633,Aurélien Tchouaméni,2000-01-27T00:00:00.000Z,185.0,right,France,CM,DM,
1311985,10267,César Tárrega,2002-02-26T00:00:00.000Z,193.0,right,Spain,CB,,
852071,8603,Juan Hernández,1999-04-20T00:00:00.000Z,176.0,right,Colombia,ST,,
1435439,9910,Javi Rodríguez,2003-06-26T00:00:00.000Z,178.0,right,Spain,CB,RB,
940743,8315,Daniel Vivian,1999-07-05T00:00:00.000Z,183.0,right,Spain,CB,RB,
477588,7732,Álex Moreno,1993-06-08T00:00:00.000Z,179.0,left,Spain,LB,LM,
1187734,8371,Flavien Boyomo,2001-10-07T00:00:00.000Z,184.0,left,Cameroon,CB,,
763970,8371,Valentin Rosier,1996-08-19T00:00:00.000Z,175.0,right,France,RB,"RWB,RM",
967871,7732,Iván Martin,1999-02-14T00:00:00.000Z,178.0,left,Spain,CM,"DM,AM",
999171,8603,Álvaro Vallés,1997-07-25T00:00:00.000Z,192.0,right,Spain,GK,,
1187044,10205,Luiz Júnior,2001-01-14T00:00:00.000Z,194.0,left,Brazil,GK,,
1392232,10268,Marc Aguado,2000-02-22T00:00:00.000Z,178.0,right,Spain,CM,DM,
1184694,10205,Alberto Moleiro,2003-09-30T00:00:00.000Z,172.0,right,Spain,LM,LW,
1109046,9910,Ilaix Moriba,2003-01-19T00:00:00.000Z,185.0,right,Guinea,CM,DM,
837089,8558,Edu Expósito,1996-08-01T00:00:00.000Z,179.0,right,Spain,DM,"CM,AM,ST",
391058,10267,José Gayà,1995-05-25T00:00:00.000Z,172.0,left,Spain,LB,,
1343750,10205,Renato Veiga,2003-07-29T00:00:00.000Z,190.0,left,Portugal,CB,,
967622,8603,Antony,2000-02-24T00:00:00.000Z,172.0,left,Brazil,RW,RM,
1169595,8670,Ilyas Chaira,2001-02-02T00:00:00.000Z,179.0,right,Morocco,LW,"RM,LM,RW",
797901,8370,Jorge de Frutos,1997-02-20T00:00:00.000Z,173.0,right,Spain,RW,ST,
727897,9906,Dávid Hancko,1997-12-13T00:00:00.000Z,188.0,left,Slovakia,CB,LB,
1323510,8670,Alberto Reina,1997-09-09T00:00:00.000Z,168.0,right,Spain,AM,"CM,LW,ST",
1032811,1841,Federico Viñas,1998-06-30T00:00:00.000Z,180.0,left,Uruguay,ST,RW,
671865,10205,Santi Comesaña,1996-10-05T00:00:00.000Z,184.0,both,Spain,CM,,
1252373,8558,Roberto Fernández,2002-07-03T00:00:00.000Z,183.0,right,Spain,ST,,
575735,10205,Nicolas Pépé,1995-05-29T00:00:00.000Z,178.0,left,Ivory Coast,RM,"RW,ST",
1181101,8558,Tyrhys Dolan,2001-12-28T00:00:00.000Z,170.0,right,England,RM,"LM,RW,LW",
711231,8315,Gorka Guruzeta,1996-09-12T00:00:00.000Z,188.0,right,Spain,ST,AM,
178753,8302,Nemanja Gudelj,1991-11-16T00:00:00.000Z,187.0,right,Serbia,CB,"DM,CM",
1407468,10205,Santiago Mouriño,2002-02-13T00:00:00.000Z,186.0,right,Uruguay,RB,,
708890,8560,Carlos Soler,1997-01-02T00:00:00.000Z,183.0,right,Spain,AM,"DM,CM",
1190025,8633,Alvaro Carreras,2003-03-23T00:00:00.000Z,186.0,left,Spain,LB,CB,
1209441,8581,Iván Romero,2001-04-10T00:00:00.000Z,172.0,right,Spain,ST,"AM,LW",
303879,8371,Lucas Torró,1994-07-19T00:00:00.000Z,188.0,right,Spain,DM,CM,
640238,8670,Nacho Vidal,1995-01-24T00:00:00.000Z,180.0,right,Spain,RB,,
1467236,8634,Lamine Yamal,2007-07-13T00:00:00.000Z,180.0,left,Spain,RW,,
638010,8370,Isi Palazón,1994-12-27T00:00:00.000Z,169.0,left,Spain,AM,"RM,CM,RW,ST",
705450,8634,Jules Koundé,1998-11-12T00:00:00.000Z,180.0,right,France,RB,,
1605748,8535,Matías Moreno,2003-09-24T00:00:00.000Z,193.0,right,Argentina,CB,,
1209399,8603,Abdessamad Ezzalzouli,2001-12-17T00:00:00.000Z,177.0,right,Morocco,LW,LM,
1523234,8560,Jon Martín,2006-04-23T00:00:00.000Z,187.0,right,Spain,CB,,
1238154,9866,Pablo Ibánez,1998-09-20T00:00:00.000Z,179.0,right,Spain,CM,"DM,AM",
384413,8371,Rubén Garcia,1993-07-14T00:00:00.000Z,171.0,left,Spain,RW,"AM,LW",
359191,550433,Omar Mascarell,1993-02-02T00:00:00.000Z,181.0,right,Equatorial Guinea,DM,"CB,CM",
673689,10267,Pepelu,1998-08-11T00:00:00.000Z,185.0,right,Spain,CM,"CB,DM",
184533,9906,Koke,1992-01-08T00:00:00.000Z,176.0,right,Spain,CM,,
282462,8315,Íñigo Ruíz de Galarreta,1993-08-06T00:00:00.000Z,174.0,right,Spain,DM,CM,
1323827,8560,Jon Gorrotxategi,2002-09-02T00:00:00.000Z,177.0,right,Spain,CM,DM,
1327489,8302,Kike Salas,2002-04-23T00:00:00.000Z,186.0,left,Spain,CB,,
1327406,8678,Álvaro Rodriguez,2004-07-14T00:00:00.000Z,193.0,left,Uruguay,ST,,
602563,9906,Marcos Llorente,1995-01-30T00:00:00.000Z,180.0,right,Spain,RB,"CB,RM,CM",
750031,8558,Pol Lozano,1999-10-06T00:00:00.000Z,177.0,right,Spain,DM,CM,
604105,8315,Iñaki Williams,1994-06-15T00:00:00.000Z,186.0,right,Ghana,RW,"RM,LW,ST",
707970,8302,Djibril Sow,1997-02-06T00:00:00.000Z,184.0,right,Switzerland,CM,"DM,RW",
574629,8315,Alex Berenguer,1995-07-04T00:00:00.000Z,175.0,right,Spain,RW,"AM,LW,ST",
1054786,8371,Aimar Oroz,2001-11-27T00:00:00.000Z,177.0,right,Spain,AM,"RM,CM,LW",
1192393,10268,Victor Chust,2000-03-05T00:00:00.000Z,184.0,right,Spain,CB,,
839232,9864,Fernando Calero,1995-09-14T00:00:00.000Z,183.0,right,Spain,CB,,
1056071,8643,Victor Parada,2002-04-04T00:00:00.000Z,185.0,left,Spain,CB,LB,
1321605,8305,Mario Martín,2004-03-05T00:00:00.000Z,177.0,right,Spain,CM,ST,
557799,9748,Duje Caleta-Car,1996-09-17T00:00:00.000Z,186.0,right,Croatia,CB,,
1598982,8634,Gerard Martín,2002-02-26T00:00:00.000Z,186.0,left,Spain,CB,LB,
844544,10205,Pape Gueye,1999-01-24T00:00:00.000Z,189.0,left,Senegal,CM,DM,
474658,8370,Álvaro Garcia,1992-10-27T00:00:00.000Z,168.0,left,Spain,LW,"LM,ST",
1083323,8634,Pedri,2002-11-25T00:00:00.000Z,174.0,right,Spain,DM,CM,
659490,8302,Gabriel Suazo,1997-08-09T00:00:00.000Z,180.0,left,Chile,LB,"LWB,LM",
1226147,9906,Giuliano Simeone,2002-12-18T00:00:00.000Z,173.0,right,Argentina,RM,RW,
956622,8370,Óscar Valentín,1994-08-20T00:00:00.000Z,177.0,right,Spain,DM,CM,
1284429,10267,Javier Guerra,2003-05-13T00:00:00.000Z,187.0,right,Spain,CM,"DM,AM,ST",
698653,8560,Igor Zubeldia,1997-03-30T00:00:00.000Z,180.0,right,Spain,CB,,
640231,8661,Antonio Raíllo,1991-10-08T00:00:00.000Z,186.0,right,Spain,CB,,
614834,8634,Dani Olmo,1998-05-07T00:00:00.000Z,180.0,right,Spain,AM,"CM,LW",
291635,10268,Pedro Bigas,1990-05-15T00:00:00.000Z,181.0,left,Spain,CB,,
686460,1841,Santiago Colombatto,1997-01-17T00:00:00.000Z,180.0,left,Argentina,DM,CM,
958640,7881,Akor Adams,2000-01-29T00:00:00.000Z,190.0,right,Nigeria,ST,,
1367619,8633,Dean Huijsen,2005-04-14T00:00:00.000Z,195.0,both,Spain,CB,,
479217,8670,David Costas,1995-03-26T00:00:00.000Z,184.0,right,Spain,CB,,
411617,8315,Aymeric Laporte,1994-05-27T00:00:00.000Z,191.0,left,Spain,CB,,
175311,8305,Kiko,1991-02-02T00:00:00.000Z,171.0,right,Spain,RWB,"RB,RM",
1253890,8633,Arda Güler,2005-02-25T00:00:00.000Z,176.0,left,Turkiye,AM,"DM,CM,LM,RW",
637756,9866,Carles Aleñá,1998-01-05T00:00:00.000Z,180.0,left,Spain,LM,"CM,LW",
1158512,8302,Juanlu Sánchez,2003-08-15T00:00:00.000Z,186.0,right,Spain,RWB,"RB,RM,CM,RW",
593129,8558,Pere Milla,1992-09-23T00:00:00.000Z,179.0,left,Spain,LW,"LM,AM,ST",
929838,10267,Hugo Duro,1999-11-10T00:00:00.000Z,180.0,left,Spain,ST,,
1132355,9910,Álvaro Núñez,2000-07-07T00:00:00.000Z,174.0,right,Spain,CB,"RB,RWB,RM,CM",
640220,8603,Marc Roca,1996-11-26T00:00:00.000Z,184.0,left,Spain,DM,CM,
440330,9906,Alexander Sørloth,1995-12-05T00:00:00.000Z,193.0,left,Norway,ST,RW,
872396,8370,Pathé Ciss,1994-03-16T00:00:00.000Z,183.0,right,Senegal,CB,"DM,CM",
1313884,10205,Rafa Marín,2002-05-19T00:00:00.000Z,191.0,right,Spain,CB,,
592412,10268,Matías Dituro,1987-05-08T00:00:00.000Z,191.0,right,Argentina,GK,,
881771,8634,Ferran Torres,2000-02-29T00:00:00.000Z,184.0,right,Spain,ST,"RW,LW",
952095,9826,Óscar Mingueza,1999-05-13T00:00:00.000Z,184.0,right,Spain,RM,"LB,RWB,LWB,LM",
195305,8603,Marc Bartra,1991-01-15T00:00:00.000Z,184.0,right,Spain,CB,,
1059657,10205,Sergi Cardona,1999-07-08T00:00:00.000Z,185.0,both,Spain,LB,,
971787,8670,Haissem Hassan,2002-02-08T00:00:00.000Z,173.0,left,Egypt,RW,RM,
561164,9866,Lucas Boyé,1996-02-28T00:00:00.000Z,179.0,right,Argentina,ST,,
1231648,7732,Vladyslav Vanat,2002-01-04T00:00:00.000Z,182.0,left,Ukraine,ST,,
1077894,8633,Jude Bellingham,2003-06-29T00:00:00.000Z,186.0,right,England,AM,"CM,LM",
1531887,10205,Pau Navarro,2005-04-25T00:00:00.000Z,185.0,right,Spain,CB,RB,
974753,9906,Julián Álvarez,2000-01-31T00:00:00.000Z,170.0,right,Argentina,ST,,
1209980,8581,Carlos Álvarez,2003-08-06T00:00:00.000Z,168.0,left,Spain,RM,AM,
609505,9910,Borja Iglesias,1993-01-17T00:00:00.000Z,187.0,right,Spain,ST,,
715069,8370,Pedro Díaz,1998-06-05T00:00:00.000Z,189.0,right,Spain,CM,"DM,AM,ST",
1254166,8634,Alejandro Balde,2003-10-18T00:00:00.000Z,175.0,left,Spain,LB,,
1338016,8603,Valentín Gómez,2003-06-26T00:00:00.000Z,180.0,left,Argentina,CB,LB,
388523,9773,André Silva,1995-11-06T00:00:00.000Z,186.0,right,Portugal,ST,,
427438,8603,Héctor Bellerín,1995-03-19T00:00:00.000Z,178.0,right,Spain,RB,,
1026135,10205,Tajon Buchanan,1999-02-08T00:00:00.000Z,183.0,right,Canada,RM,LM,
536455,8560,Gonçalo Guedes,1996-11-29T00:00:00.000Z,179.0,right,Portugal,LW,"RM,LM,RW,ST",
640492,8302,Rafa Mir,1997-06-18T00:00:00.000Z,189.0,right,Spain,ST,LW,
676533,8603,Aitor Ruibal,1996-03-22T00:00:00.000Z,176.0,right,Spain,RB,"RW,LW,ST",
695062,9910,Javi Galán,1994-11-19T00:00:00.000Z,172.0,left,Spain,LB,LWB,
1690093,8661,Jan Virgili,2006-07-26T00:00:00.000Z,177.0,right,Spain,LW,ST,
950545,8315,Oihan Sancet,2000-04-25T00:00:00.000Z,188.0,right,Spain,AM,,
1428427,8370,Nobel Mendy,2004-08-16T00:00:00.000Z,187.0,left,Senegal,CB,,
254241,10267,Stole Dimitrievski,1993-12-25T00:00:00.000Z,190.0,right,North Macedonia,GK,,
1404415,8634,Fermín López,2003-05-11T00:00:00.000Z,176.0,right,Spain,AM,"CM,LW",
954962,8638,David Carmo,1999-07-19T00:00:00.000Z,196.0,left,Angola,CB,,
609516,9906,Robin Le Normand,1996-11-11T00:00:00.000Z,187.0,right,Spain,CB,,
1051097,9906,Matteo Ruggeri,2002-07-11T00:00:00.000Z,187.0,left,Italy,LB,LWB,
1002618,8560,Ander Barrenetxea,2001-12-27T00:00:00.000Z,178.0,right,Spain,LW,"RM,LM,RW,ST",
784241,8661,Manu Morlanes,1999-01-12T00:00:00.000Z,178.0,right,Spain,DM,CM,
1284434,10267,Diego López,2002-05-13T00:00:00.000Z,172.0,right,Spain,LM,"RM,RW,AM,LW,ST",
696365,10260,Marcus Rashford,1997-10-31T00:00:00.000Z,185.0,right,England,LW,"RW,ST",
1073143,7732,Azzedine Ounahi,2000-04-19T00:00:00.000Z,182.0,right,Morocco,AM,"CM,LW",
896402,10267,José Copete,1999-10-10T00:00:00.000Z,190.0,left,Spain,CB,,
1112072,8560,Jon Pacheco,2001-01-08T00:00:00.000Z,184.0,left,Spain,CB,,
488718,8305,Diego Rico,1993-02-23T00:00:00.000Z,183.0,left,Spain,LB,"CB,LWB",
1131957,8581,Jon Olasagasti,2000-08-16T00:00:00.000Z,176.0,left,Spain,AM,"CM,LM",
1427819,161850,Hugo Rincón,2003-01-27T00:00:00.000Z,185.0,right,Spain,RB,,
183353,8558,Kike García,1989-11-25T00:00:00.000Z,186.0,right,Spain,ST,,
1159181,8560,Javi López,2002-03-25T00:00:00.000Z,183.0,left,Spain,LB,,
1333066,9857,Rahim Alhassane,2002-01-01T00:00:00.000Z,184.0,left,Niger,LB,,
1541825,8394,Adrián Liso,2005-04-02T00:00:00.000Z,182.0,left,Spain,ST,"RM,LM",
629594,8543,Alfonso Pedraza,1996-04-09T00:00:00.000Z,182.0,left,Spain,LB,,
1344677,8463,Mateo Joseph,2003-10-19T00:00:00.000Z,185.0,right,Spain,RW,ST,
1580528,8633,Raúl Asencio,2003-02-13T00:00:00.000Z,184.0,right,Spain,CB,RB,
948745,8670,Kwasi Sibo,1998-06-24T00:00:00.000Z,183.0,right,Ghana,DM,"CM,AM",
640122,6001,Brais Méndez,1997-01-07T00:00:00.000Z,187.0,left,Spain,AM,"CM,ST",
1392779,8581,Etta Eyong,2003-10-14T00:00:00.000Z,181.0,right,Cameroon,ST,,
1338192,9906,Pablo Barrios,2003-06-15T00:00:00.000Z,181.0,right,Spain,CM,,
1202110,8315,Nico Williams,2002-07-12T00:00:00.000Z,181.0,right,Spain,LW,LM,
1102732,9910,Ferrán Jutglà,1999-02-01T00:00:00.000Z,175.0,right,Spain,ST,"LW,RW",
93447,6397,Robert Lewandowski,1988-08-21T00:00:00.000Z,185.0,right,Poland,ST,,
638622,8634,Frenkie de Jong,1997-05-12T00:00:00.000Z,181.0,right,Netherlands,DM,CM,
704151,10267,Arnaut Danjuma,1997-01-31T00:00:00.000Z,179.0,both,Netherlands,LM,"LW,ST",
1191407,8315,Aitor Paredes,2000-04-29T00:00:00.000Z,186.0,right,Spain,CB,,
1323398,8371,Abel Bretones,2000-08-21T00:00:00.000Z,188.0,left,Spain,LM,"LB,LWB",
1280020,8315,Julen Agirrezabala,2000-12-26T00:00:00.000Z,187.0,left,Spain,GK,,
545905,8670,Dani Calvo,1994-04-01T00:00:00.000Z,190.0,right,Spain,CB,,
571615,8370,Unai López,1995-10-30T00:00:00.000Z,169.0,right,Spain,CM,DM,
860752,8302,Rubén Vargas,1998-08-05T00:00:00.000Z,174.0,right,Switzerland,LW,"RM,RW,AM",
1233404,8661,Pablo Torre,2003-04-03T00:00:00.000Z,173.0,right,Spain,AM,CM,
1098365,8371,Jorge Herrando,2001-02-28T00:00:00.000Z,190.0,left,Spain,CB,,
1078729,9752,Batista Mendy,2000-01-12T00:00:00.000Z,191.0,right,France,DM,CM,
970692,7732,Bryan Gil,2001-02-11T00:00:00.000Z,175.0,left,Spain,LW,"LM,RW",
942372,9906,Álex Baena,2001-07-20T00:00:00.000Z,174.0,right,Spain,LW,"RM,CM,LM,AM,ST",
708457,8635,Léo Pétrot,1997-04-15T00:00:00.000Z,188.0,left,France,CB,LB,
115591,8603,Ricardo Rodríguez,1992-08-25T00:00:00.000Z,180.0,left,Switzerland,LB,,
1015185,8633,Eduardo Camavinga,2002-11-10T00:00:00.000Z,182.0,left,France,DM,"LB,CM,LM",
839750,8581,Kervin Arriaga,1998-01-05T00:00:00.000Z,191.0,right,Honduras,DM,CM,
785511,7732,Fran Beltrán,1999-02-03T00:00:00.000Z,170.0,right,Spain,CM,DM,
800615,10267,Filip Ugrinic,1999-01-05T00:00:00.000Z,184.0,right,Switzerland,CM,AM,
1037537,8315,Jesús Areso,1999-07-02T00:00:00.000Z,182.0,right,Spain,RB,,
848289,8560,Takefusa Kubo,2001-06-04T00:00:00.000Z,174.0,left,Japan,RW,"RM,AM",
1293912,8560,Pablo Marín,2003-07-03T00:00:00.000Z,178.0,right,Spain,RW,"DM,LM,AM,LW",
1200941,9866,Abderrahman Rebbach,1998-08-11T00:00:00.000Z,176.0,right,Algeria,LW,"LWB,LM",
276738,8633,Antonio Rüdiger,1993-03-03T00:00:00.000Z,190.0,right,Germany,CB,,
497662,9910,Carl Starfelt,1995-06-01T00:00:00.000Z,185.0,right,Sweden,CB,,
1130991,8302,Isaac Romero,2000-05-18T00:00:00.000Z,183.0,left,Spain,ST,,
526968,10080,Pacha Espino,1992-01-05T00:00:00.000Z,172.0,left,Uruguay,LB,"RB,LW",
1326043,8638,Joel Roca,2005-06-07T00:00:00.000Z,176.0,right,Spain,LW,LM,
184138,267810,Antoine Griezmann,1991-03-21T00:00:00.000Z,174.0,left,France,ST,,
956921,8305,Abdelkabir Abqar,1999-03-10T00:00:00.000Z,188.0,right,Morocco,CB,,
1322858,9910,Pablo Durán,2001-05-25T00:00:00.000Z,176.0,right,Spain,ST,"AM,RW,LW",
990996,10200,Iñaki Peña,1999-03-02T00:00:00.000Z,184.0,right,Spain,GK,,
282281,9866,Denis Suárez,1994-01-06T00:00:00.000Z,181.0,right,Spain,CM,AM,
1575945,8302,Oso,2003-07-09T00:00:00.000Z,183.0,left,Spain,LWB,"LB,LM,LW",
1310440,9910,Javi Rueda,2002-05-08T00:00:00.000Z,177.0,right,Spain,RM,RWB,
488412,9772,Clément Lenglet,1995-06-17T00:00:00.000Z,186.0,left,France,CB,,
992052,7881,Thierry Correia,1999-03-09T00:00:00.000Z,179.0,right,Portugal,RB,RM,
75307,10205,Dani Parejo,1989-04-16T00:00:00.000Z,181.0,right,Spain,CM,,
604126,8603,Giovani Lo Celso,1996-04-09T00:00:00.000Z,177.0,left,Argentina,AM,"CM,LW",
696679,8634,Raphinha,1996-12-14T00:00:00.000Z,176.0,left,Brazil,LW,"LM,RW,AM",
974755,10076,Lucas Beltrán,2001-03-29T00:00:00.000Z,174.0,right,Argentina,ST,,
839893,8315,Andoni Gorosabel,1996-08-04T00:00:00.000Z,174.0,right,Spain,RB,,
1323897,9906,Marc Pubill,2003-06-20T00:00:00.000Z,190.0,right,Spain,CB,RB,
1226189,10268,Martim Neto,2003-01-14T00:00:00.000Z,185.0,right,Portugal,CM,AM,
1210647,8560,Beñat Turrientes,2002-01-31T00:00:00.000Z,181.0,right,Spain,DM,CM,
1254218,8581,Hugo Sotelo,2003-12-19T00:00:00.000Z,180.0,right,Spain,CM,DM,
246438,10205,Gerard Moreno,1992-04-07T00:00:00.000Z,180.0,left,Spain,ST,,
1118199,8305,Zaid Abner Romero,1999-12-15T00:00:00.000Z,193.0,left,Argentina,CB,,
1610744,8581,Carlos Espí,2005-07-24T00:00:00.000Z,194.0,right,Spain,ST,,
1308414,9910,Hugo Álvarez,2003-07-02T00:00:00.000Z,185.0,right,Spain,LW,"LM,AM,RW",
424129,8670,Leander Dendoncker,1995-04-15T00:00:00.000Z,188.0,right,Belgium,CM,DM,
1403692,9866,Youssef Enríquez,2005-10-07T00:00:00.000Z,170.0,left,Morocco,LB,LM,
914401,8581,Oriol Rey,1998-02-25T00:00:00.000Z,177.0,left,Spain,CM,DM,
726345,9906,Nahuel Molina,1998-04-06T00:00:00.000Z,175.0,right,Argentina,RB,RWB,
955271,9906,Thiago Almada,2001-04-26T00:00:00.000Z,171.0,right,Argentina,LM,"CM,AM,LW,ST",
593116,8695,Sofyan Amrabat,1996-08-21T00:00:00.000Z,185.0,right,Morocco,DM,CM,
1011117,8315,Robert Navarro,2002-04-12T00:00:00.000Z,178.0,right,Spain,LW,"RW,AM",
1563022,9866,Ángel Pérez,2002-06-08T00:00:00.000Z,183.0,right,Spain,RM,"RB,RWB,RW,LW",
1359911,9910,Miguel Román,2002-12-26T00:00:00.000Z,178.0,right,Spain,CM,DM,
1334767,8302,Andrés Lopez,2003-05-26T00:00:00.000Z,188.0,right,Spain,CB,,
1272740,9910,Williot Swedberg,2004-02-01T00:00:00.000Z,185.0,right,Sweden,LW,"CM,AM,RW",
1425769,8315,Alejandro Rego,2003-06-11T00:00:00.000Z,192.0,right,Spain,DM,,
468931,9906,Thomas Lemar,1995-11-12T00:00:00.000Z,172.0,left,France,AM,CM,
678192,8302,Jon Guridi,1995-02-28T00:00:00.000Z,179.0,left,Spain,CM,"AM,ST",
574200,6001,Eric Bailly,1994-04-12T00:00:00.000Z,187.0,right,Ivory Coast,CB,,
1284430,8370,Fran Pérez,2002-09-09T00:00:00.000Z,176.0,right,Spain,LW,"LM,RW",
750027,8633,Brahim Díaz,1999-08-03T00:00:00.000Z,170.0,both,Morocco,RW,"RM,LM,ST",
1419969,9906,Rodrigo Mendoza,2005-03-15T00:00:00.000Z,182.0,right,Spain,CM,"DM,RW,AM",
420568,8603,Diego Llorente,1993-08-16T00:00:00.000Z,185.0,right,Spain,CB,,
1077915,8463,Largie Ramazani,2001-02-27T00:00:00.000Z,167.0,right,Belgium,LW,"RM,LM,ST",
72541,8302,César Azpilicueta,1989-08-28T00:00:00.000Z,178.0,right,Spain,CB,RB,
1215735,8635,Luis Vázquez,2001-04-24T00:00:00.000Z,190.0,right,Argentina,ST,,
1310480,9768,Sergi Altimira,2001-08-25T00:00:00.000Z,188.0,right,Spain,DM,CM,
474589,9906,José Giménez,1995-01-20T00:00:00.000Z,185.0,right,Uruguay,CB,,
262592,8371,Moi Gómez,1994-06-23T00:00:00.000Z,174.0,both,Spain,CM,"DM,AM",
261609,10267,Dimitri Foulquier,1993-03-23T00:00:00.000Z,183.0,right,Guadeloupe,RB,,
522234,7878,Gerard Gumbau,1994-12-18T00:00:00.000Z,188.0,left,Spain,DM,"CM,AM",
1875615,8581,Kareem Tunde,2005-08-19T00:00:00.000Z,,left,Spain,RW,LW,
844415,8633,Éder Militao,1998-01-18T00:00:00.000Z,186.0,right,Brazil,CB,,
760712,8633,Trent Alexander-Arnold,1998-10-07T00:00:00.000Z,180.0,right,England,RB,,
924300,8370,Alemão,1998-04-01T00:00:00.000Z,182.0,right,Brazil,ST,,
479020,10205,Ayoze Pérez,1993-07-29T00:00:00.000Z,178.0,right,Spain,ST,,
174472,9910,Iago Aspas,1987-08-01T00:00:00.000Z,176.0,left,Spain,RW,AM,
1112511,7732,Alejandro Francés,2002-08-01T00:00:00.000Z,180.0,right,Spain,CB,RB,
687568,8670,Lucas Ahijado,1995-01-30T00:00:00.000Z,173.0,right,Spain,RB,,
927646,8302,Adrià Pedrosa,1998-05-13T00:00:00.000Z,172.0,left,Spain,LWB,"RB,LB",
590494,10267,Umar Sadiq,1997-02-02T00:00:00.000Z,192.0,right,Nigeria,ST,,
635772,8305,Borja Mayoral,1997-04-05T00:00:00.000Z,181.0,right,Spain,ST,,
921253,8634,Ronald Araujo,1999-03-07T00:00:00.000Z,192.0,right,Uruguay,CB,RB,
977618,8581,Víctor García,1997-09-16T00:00:00.000Z,180.0,right,Spain,RW,"RB,RM",
1607566,8633,Franco Mastantuono,2007-08-14T00:00:00.000Z,180.0,left,Argentina,RW,RM,
1055327,8661,Antonio Sánchez,1997-04-22T00:00:00.000Z,179.0,right,Spain,RW,"DM,RM",
1202587,8305,Ramon Terrats,2000-10-18T00:00:00.000Z,181.0,left,Spain,AM,"LM,ST",
51545,7848,Salomón Rondón,1989-09-16T00:00:00.000Z,186.0,right,Venezuela,ST,,
950599,1841,Nicolás Fonseca,1998-10-19T00:00:00.000Z,181.0,right,Uruguay,DM,CM,
1286471,8581,Roger Brugué,1996-11-04T00:00:00.000Z,174.0,left,Spain,LM,RM,
1094778,8371,Raúl García,2000-11-03T00:00:00.000Z,191.0,right,Spain,ST,,
777028,10267,André Almeida,2000-05-30T00:00:00.000Z,172.0,right,Portugal,AM,"CM,LM",
1384883,8634,Marc Casadó,2003-09-14T00:00:00.000Z,172.0,right,Spain,DM,CM,
1132607,8302,Peque Fernández,2002-10-04T00:00:00.000Z,172.0,right,Spain,AM,"RM,CM",
959597,8560,Luka Sucic,2002-09-08T00:00:00.000Z,185.0,left,Croatia,AM,ST,
1220187,10267,Jesus Vázquez,2003-01-02T00:00:00.000Z,182.0,left,Spain,LB,LM,
693736,8581,Unai Elgezabal,1993-04-25T00:00:00.000Z,185.0,right,Spain,CB,CM,
1413847,8633,Gonzalo García,2004-03-24T00:00:00.000Z,182.0,both,Spain,ST,,
1323863,8371,Iker Muñoz,2002-09-05T00:00:00.000Z,179.0,right,Spain,DM,CM,
361757,2529,João Cancelo,1994-05-27T00:00:00.000Z,182.0,right,Portugal,LB,RB,
1578176,9910,Yoel Lago,2004-03-25T00:00:00.000Z,185.0,right,Spain,CB,,
1412942,10233,Alan Matturro,2004-10-11T00:00:00.000Z,189.0,left,Uruguay,CB,LB,
753593,8302,Marcão,1996-06-05T00:00:00.000Z,185.0,left,Brazil,CB,,
833219,10205,Juan Foyth,1998-01-12T00:00:00.000Z,179.0,right,Argentina,CB,RB,
1436270,8600,Unai Gómez,2003-05-25T00:00:00.000Z,183.0,left,Spain,AM,"RW,LW,ST",
654091,10268,Grady Diangana,1998-04-19T00:00:00.000Z,180.0,left,DR Congo,CM,"AM,ST",
750028,8603,Fran García,1999-08-14T00:00:00.000Z,169.0,left,Spain,LB,,
434325,10205,Thomas Partey,1993-06-13T00:00:00.000Z,185.0,right,Ghana,CM,DM,
1184777,8558,Jofre Carreras,2001-06-17T00:00:00.000Z,173.0,right,Spain,RM,RW,
942375,10205,Arnau Tenas,2001-05-30T00:00:00.000Z,185.0,right,Spain,GK,,
1082930,8603,Iker Losada,2001-08-01T00:00:00.000Z,175.0,right,Spain,LW,"CM,LM",
1311915,10205,Ilias Akhomach,2004-04-16T00:00:00.000Z,175.0,left,Morocco,RW,RM,
1173678,9906,Johnny Cardoso,2001-09-20T00:00:00.000Z,182.0,right,USA,CM,DM,
837270,8302,Chidera Ejuke,1998-01-02T00:00:00.000Z,176.0,right,Nigeria,RW,"LM,LW",
1338740,10205,Tani Oluwaseyi,2000-05-15T00:00:00.000Z,188.0,left,Canada,ST,RM,
1552991,8661,David López,2003-02-03T00:00:00.000Z,195.0,right,Spain,CB,,
743192,8603,Junior Firpo,1996-08-22T00:00:00.000Z,184.0,left,Dominican Republic,LB,,
1460063,10205,Thiago Fernández,2004-04-03T00:00:00.000Z,175.0,right,Argentina,LW,LM,
1097229,8560,Orri Óskarsson,2004-08-29T00:00:00.000Z,186.0,right,Iceland,ST,,
1007717,8315,Unai Vencedor,2000-11-15T00:00:00.000Z,176.0,right,Spain,CM,DM,
980422,8370,Sergio Camello,2001-02-10T00:00:00.000Z,177.0,right,Spain,ST,LW,
1072200,8603,Rodrigo Riquelme,2000-04-02T00:00:00.000Z,174.0,right,Spain,LW,,
1331249,8315,Adama Boiro,2002-06-22T00:00:00.000Z,182.0,left,Spain,LB,,
999159,8560,Aihen Muñoz,1997-08-16T00:00:00.000Z,175.0,left,Spain,LB,CB,
532942,494050,Pau López,1994-12-13T00:00:00.000Z,189.0,left,Spain,GK,,
845067,9866,Facundo Garcés,1999-09-05T00:00:00.000Z,188.0,right,Malaysia,CB,,
1330035,8558,Rubén Sánchez,2001-02-04T00:00:00.000Z,185.0,right,Spain,RB,RW,
1573126,8634,Marc Bernal,2007-05-26T00:00:00.000Z,191.0,left,Spain,DM,CM,
1675505,9910,Manu Fernández,2001-04-23T00:00:00.000Z,185.0,right,Spain,CB,,
478105,8619,Baptiste Santamaría,1995-03-09T00:00:00.000Z,183.0,right,France,CM,DM,
859764,8670,Luka Ilic,1999-07-02T00:00:00.000Z,182.0,left,Serbia,ST,,
1174300,8287,Calebe,2000-04-30T00:00:00.000Z,173.0,left,Brazil,RM,RW,
1315711,8603,Nelson Deossa,2000-02-06T00:00:00.000Z,178.0,left,Colombia,DM,"CM,AM",
389050,9906,Juan Musso,1994-05-06T00:00:00.000Z,191.0,right,Argentina,GK,,
169718,8634,Wojciech Szczesny,1990-04-18T00:00:00.000Z,195.0,right,Poland,GK,,
607148,8619,Aritz Elustondo,1994-03-28T00:00:00.000Z,178.0,right,Spain,RB,CB,
1323207,8305,Alex Sancris,1997-01-18T00:00:00.000Z,181.0,right,Spain,LM,ST,
1254394,9906,Obed Vargas,2005-08-05T00:00:00.000Z,175.0,right,Mexico,DM,"CM,LM,AM",
881773,10268,Gonzalo Villar,1998-03-23T00:00:00.000Z,181.0,right,Spain,CM,,
844478,8661,Mateu Morey,2000-03-02T00:00:00.000Z,173.0,right,Spain,RB,RWB,
1676086,8305,Davinchi,2007-10-16T00:00:00.000Z,182.0,left,Spain,LWB,,
846966,8558,Javi Puado,1998-05-25T00:00:00.000Z,177.0,right,Spain,LW,,
895362,8633,Rodrygo,2001-01-09T00:00:00.000Z,174.0,right,Brazil,LW,"RM,RW",
1379196,9910,Jones El-Abdellaoui,2006-01-12T00:00:00.000Z,184.0,right,Morocco,RM,RW,
1217644,10268,John Donald,2000-09-25T00:00:00.000Z,185.0,right,Spain,CB,,
1070617,8639,Tanguy Nianzou,2002-06-07T00:00:00.000Z,187.0,right,France,CB,,
743720,102124,Charles Pickel,1997-05-15T00:00:00.000Z,187.0,right,Congo DR,CM,"DM,AM",
430856,8661,Takuma Asano,1994-11-10T00:00:00.000Z,173.0,right,Japan,RW,ST,
926643,8302,Alfon González,1999-05-04T00:00:00.000Z,172.0,left,Spain,LW,LM,
730901,8560,Yangel Herrera,1998-01-07T00:00:00.000Z,182.0,right,Venezuela,CM,DM,
873827,9866,Ander Guevara,1997-07-07T00:00:00.000Z,180.0,right,Spain,CM,,
1169596,8371,Raúl Moro,2002-12-05T00:00:00.000Z,169.0,right,Spain,LW,RW,
1254217,9910,Carlos Domínguez,2001-02-11T00:00:00.000Z,187.0,left,Spain,CB,,
1315475,8634,Roony Bardghji,2005-11-15T00:00:00.000Z,,left,Sweden,RW,,
1277380,7732,Yáser Asprilla,2003-11-19T00:00:00.000Z,185.0,left,Colombia,RW,AM,
616544,8315,Íñigo Lekue,1993-05-04T00:00:00.000Z,179.0,right,Spain,RB,"CB,LB",
1796908,8633,Thiago Pitarch,2007-08-03T00:00:00.000Z,175.0,right,Spain,CM,"DM,LM",
674518,8661,Toni Lato,1997-11-21T00:00:00.000Z,173.0,left,Spain,LB,LWB,
1104401,8297,Ibrahim Diabate,1999-11-17T00:00:00.000Z,185.0,,Ivory Coast,ST,,
264885,8370,Iván Balliu,1992-01-01T00:00:00.000Z,175.0,right,Albania,RB,,
623982,10268,Josan,1989-12-03T00:00:00.000Z,175.0,right,Spain,RW,RWB,
201939,8603,Cédric Bakambu,1991-04-11T00:00:00.000Z,183.0,right,DR Congo,ST,,
1580522,8603,Ángel Ortiz,2004-07-25T00:00:00.000Z,167.0,right,Spain,RB,,
895954,8603,Álvaro Fidalgo,1997-04-09T00:00:00.000Z,175.0,right,Mexico,AM,"DM,CM",
1279040,8634,Gavi,2004-08-05T00:00:00.000Z,173.0,right,Spain,DM,LW,
616531,8305,Javi Muñoz,1995-02-28T00:00:00.000Z,175.0,right,Spain,CM,,
561198,10267,Mouctar Diakhaby,1996-12-19T00:00:00.000Z,189.0,right,Guinea,CB,,
1583872,10268,Buba Sangaré,2007-08-06T00:00:00.000Z,172.0,right,Spain,CB,"RB,RM",
800882,8633,Andriy Lunin,1999-02-11T00:00:00.000Z,191.0,right,Ukraine,GK,,
1490110,8634,Héctor Fort,2006-08-02T00:00:00.000Z,185.0,right,Spain,RM,RWB,
1649293,8581,Paco Cortés,2007-08-11T00:00:00.000Z,178.0,,Spain,LW,LM,
639450,8315,Yeray Álvarez,1995-01-24T00:00:00.000Z,183.0,right,Spain,CB,,
282692,7732,Portu,1992-05-21T00:00:00.000Z,167.0,right,Spain,ST,AM,
672840,8370,Luiz Felipe,1997-03-22T00:00:00.000Z,187.0,right,Italy,CB,,
1282015,9906,Carlos Martín,2002-04-22T00:00:00.000Z,180.0,right,Spain,RW,RWB,
1096396,8661,Lucas Bergström,2002-09-05T00:00:00.000Z,200.0,right,Finland,GK,,
1175610,8560,Arsen Zakharyan,2003-05-26T00:00:00.000Z,180.0,right,Russia,LW,,
616545,8315,Mikel Vesga,1993-04-08T00:00:00.000Z,191.0,left,Spain,DM,,
1255090,8370,Jozhua Vertrouwd,2004-08-21T00:00:00.000Z,187.0,left,Netherlands,CB,LB,
872362,8686,Marash Kumbulla,2000-02-08T00:00:00.000Z,185.0,right,Albania,CB,,
574624,8371,Enrique Barja,1997-04-01T00:00:00.000Z,178.0,right,Spain,LW,,
58294,7732,Cristhian Stuani,1986-10-12T00:00:00.000Z,186.0,right,Uruguay,ST,,
1280756,10268,Lucas Cepeda,2002-10-31T00:00:00.000Z,177.0,left,Chile,RW,"CM,AM,LW",
449232,8634,Andreas Christensen,1996-04-10T00:00:00.000Z,188.0,right,Denmark,CB,,
1662379,8603,Pablo García,2006-06-13T00:00:00.000Z,175.0,left,Spain,RW,,
1617146,8581,Jorge Cabello,2004-04-25T00:00:00.000Z,180.0,left,Spain,CB,,
1414777,8305,Sebastián Boselli,2003-12-04T00:00:00.000Z,183.0,right,Uruguay,CB,,
1041445,8370,Dani Cárdenas,1997-03-28T00:00:00.000Z,185.0,right,Spain,GK,,
915264,8370,Randy Nteka,1997-12-06T00:00:00.000Z,189.0,left,Angola,ST,,
1203614,8315,Nico Serrano,2003-03-05T00:00:00.000Z,176.0,left,Spain,RW,LW,
477472,8581,José Luis Morales,1987-07-23T00:00:00.000Z,180.0,right,Spain,ST,,
1304120,10205,Alex Forés,2001-04-12T00:00:00.000Z,179.0,right,Spain,ST,,
433819,10267,Renzo Saravia,1993-06-16T00:00:00.000Z,178.0,right,Argentina,RB,"CB,RWB",
1431121,8371,Asier Osambela,2004-10-30T00:00:00.000Z,186.0,right,Spain,CB,,
1676905,1523706,Coba da Costa,2002-07-26T00:00:00.000Z,182.0,right,Guinea-Bissau,LW,LM,
1338696,10205,Alex Freeman,2004-08-09T00:00:00.000Z,188.0,right,USA,RB,CB,
449241,8302,Adnan Januzaj,1995-02-05T00:00:00.000Z,182.0,left,Belgium,RW,,
1447089,9906,Julio Díaz,2005-01-10T00:00:00.000Z,174.0,left,Spain,LB,,
799914,9866,Carlos Protesoni,1998-03-30T00:00:00.000Z,185.0,right,Uruguay,CB,,
1367926,161759,Javier Boñar,2005-06-03T00:00:00.000Z,,right,Spain,RB,,
361751,8302,Fábio Cardoso,1994-04-19T00:00:00.000Z,186.0,right,Portugal,CB,,
1425206,8315,Maroan Sannadi,2001-02-01T00:00:00.000Z,192.0,right,Morocco,ST,,
1056461,9866,Ville Koski,2002-01-27T00:00:00.000Z,185.0,,Finland,CB,,
518525,9866,Mariano Díaz,1993-08-01T00:00:00.000Z,180.0,right,Dominican Republic,ST,,
1323403,8558,Antoniu Roca,2002-09-05T00:00:00.000Z,180.0,right,Spain,LM,,
215584,7732,David López,1989-10-09T00:00:00.000Z,185.0,right,Spain,CB,,
1137497,10268,Yago Santiago,2003-04-15T00:00:00.000Z,177.0,right,Spain,LM,LW,
1428849,8302,Manu Bueno,2004-07-27T00:00:00.000Z,178.0,left,Spain,CM,,
784246,10267,Dani Raba,1995-10-29T00:00:00.000Z,184.0,right,Spain,ST,,
1187478,8558,José Salinas,2000-09-30T00:00:00.000Z,178.0,left,Spain,LB,,
191315,8603,Isco,1992-04-21T00:00:00.000Z,176.0,right,Spain,AM,,
884262,7876,Oier Luengo,1997-11-11T00:00:00.000Z,185.0,right,Spain,CB,,
1054522,9866,Moussa Diarra,2000-11-10T00:00:00.000Z,195.0,left,Mali,CB,LB,
636570,8560,Álvaro Odriozola,1995-12-14T00:00:00.000Z,178.0,right,Spain,RB,,
623537,8633,Ferland Mendy,1995-06-08T00:00:00.000Z,178.0,left,France,LB,,
760715,8670,Ovie Ejaria,1997-11-18T00:00:00.000Z,183.0,right,England,midfielder,,
1820601,8315,Selton Sánchez,2007-02-20T00:00:00.000Z,185.0,right,Spain,AM,CM,
1614872,8371,Iñigo Arguibide,2005-04-19T00:00:00.000Z,,right,Spain,RB,,
1017745,4681,Horatiu Moldovan,1998-01-20T00:00:00.000Z,189.0,right,Romania,GK,,
988197,8385,Urko Izeta,1999-09-29T00:00:00.000Z,175.0,right,Spain,ST,,
1675933,8661,Marc Domenech,2006-12-01T00:00:00.000Z,182.0,left,Spain,RW,,
688876,9772,Dodi Lukébakio,1997-09-24T00:00:00.000Z,187.0,left,Belgium,RW,,
938564,8558,Miguel Rubio,1998-03-11T00:00:00.000Z,191.0,right,Spain,CB,,
184554,8634,Marc-André ter Stegen,1992-04-30T00:00:00.000Z,187.0,right,Germany,GK,,
1237455,8581,Pablo Campos,2002-04-28T00:00:00.000Z,188.0,right,Spain,GK,,
748380,7732,Abel Ruiz,2000-01-28T00:00:00.000Z,180.0,right,Spain,forward,,
1315828,8661,Javi Llabrés,2002-09-11T00:00:00.000Z,174.0,both,Spain,LW,,
1277343,10268,Federico Redondo,2003-01-18T00:00:00.000Z,188.0,right,Argentina,DM,CM,
1732412,9906,Javi Morcillo,2006-03-15T00:00:00.000Z,183.0,right,Spain,midfielder,,
1132940,109705,Thiago Borbas,2002-04-07T00:00:00.000Z,186.0,right,Uruguay,ST,,
1815149,8634,Xavi Espart,2007-05-21T00:00:00.000Z,,right,Spain,CM,,
191873,8305,Juanmi,1993-05-20T00:00:00.000Z,169.0,right,Spain,ST,,
1323022,8371,Iker Benito,2002-08-10T00:00:00.000Z,176.0,right,Spain,midfielder,,
1217911,7869,Damián Cáceres,2003-05-31T00:00:00.000Z,,,Spain,CM,,
1367987,9910,Damián Rodríguez,2003-03-17T00:00:00.000Z,180.0,left,Spain,DM,CM,
1800611,8581,Nacho Pérez,2008-09-01T00:00:00.000Z,,right,Spain,RB,,
940735,10247,Veljko Birmancevic,1998-03-05T00:00:00.000Z,179.0,right,Serbia,RW,"AM,LW",
213471,8371,Aitor Fernández,1991-05-03T00:00:00.000Z,182.0,right,Spain,GK,,
1526728,7732,Vladyslav Krapyvtsov,2005-06-25T00:00:00.000Z,188.0,right,Ukraine,GK,,
1553404,161759,Rayane Belaid,2005-02-11T00:00:00.000Z,175.0,right,Spain,AM,,
1242132,8560,Jon Karrikaburu,2002-09-19T00:00:00.000Z,183.0,right,Spain,forward,,
245311,8661,Abdón Prats,1992-12-07T00:00:00.000Z,178.0,left,Spain,ST,,
1670281,10268,Ali Houary,2005-08-05T00:00:00.000Z,178.0,right,Morocco,CM,,
21414,8370,Óscar Trejo,1988-04-26T00:00:00.000Z,180.0,right,Argentina,AM,"CM,ST",
1553663,9866,Aitor Mañas,2003-01-05T00:00:00.000Z,181.0,left,Spain,ST,,
1705340,8305,Ismael Bekhoucha,2004-11-20T00:00:00.000Z,176.0,right,Morocco,defender,,
884383,10268,Bambo Diaby,1997-12-17T00:00:00.000Z,188.0,right,Spain,CB,,
1592621,10281,Ramón Martínez,2002-10-22T00:00:00.000Z,185.0,right,Spain,CB,RB,
1508427,8367,Manuel Ángel,2004-03-15T00:00:00.000Z,,,Spain,midfielder,,
1577912,10268,Adam Boayar,2005-10-13T00:00:00.000Z,180.0,right,Morocco,forward,,
1697334,161744,Luken Beitia,2004-06-30T00:00:00.000Z,,right,Spain,CB,,
1724551,161744,Job Ochieng,2003-01-17T00:00:00.000Z,,,Kenya,LW,"RM,LM,ST",
169756,8603,Adrián,1987-01-03T00:00:00.000Z,190.0,right,Spain,GK,,
1695867,8634,Álvaro Cortés,2005-03-17T00:00:00.000Z,190.0,left,Spain,defender,,
1531100,161759,Dani Martinez,2004-05-05T00:00:00.000Z,,left,Spain,defender,,
1401997,8315,Álex Padilla,2003-09-01T00:00:00.000Z,185.0,right,Mexico,GK,,
1217043,8560,Unai Marrero,2001-10-09T00:00:00.000Z,189.0,right,Spain,GK,,
1184772,8558,Ángel Fortuno,2001-10-05T00:00:00.000Z,183.0,right,Spain,GK,,
1377639,8581,Tay Abed,2004-08-03T00:00:00.000Z,178.0,left,Israel,RW,"RM,ST",
1981027,8661,Luis Orejuela,2007-08-11T00:00:00.000Z,,,Spain,defender,,
1344550,10205,Willy Kambwala,2004-08-25T00:00:00.000Z,192.0,right,France,CB,,
1229176,8315,Beñat Prados,2001-02-08T00:00:00.000Z,180.0,right,Spain,midfielder,,
1819495,8670,Pablo Agudín,2007-11-08T00:00:00.000Z,178.0,,Spain,midfielder,,
1372179,101918,Wesley,2005-03-05T00:00:00.000Z,180.0,right,Brazil,RM,"RW,LW",
1403691,8633,César Palacios,2004-11-11T00:00:00.000Z,182.0,,Spain,midfielder,,
1841906,10205,Carlos Macià,2008-09-01T00:00:00.000Z,188.0,,Spain,CM,,
1712399,189680,Valde,2006-10-20T00:00:00.000Z,188.0,left,Spain,LB,,
1413780,8633,David Jiménez,2004-03-14T00:00:00.000Z,175.0,right,Spain,RB,,
1340594,8560,Mikel Goti,2002-05-23T00:00:00.000Z,183.0,left,Spain,CM,AM,
1305565,7732,Dawda Camara,2002-11-04T00:00:00.000Z,188.0,right,Mauritania,ST,,
1477850,8305,Alejandro Mestanza,2004-12-07T00:00:00.000Z,,,Spain,midfielder,,
815187,8305,Yvan Neyou Noupa,1997-01-03T00:00:00.000Z,180.0,right,Cameroon,CM,DM,
213516,7854,Dani Rodríguez,1988-06-06T00:00:00.000Z,177.0,right,Spain,LW,"CM,AM",
1732791,9910,Andrés Antañón,2007-01-22T00:00:00.000Z,183.0,right,Spain,forward,,
1797904,8302,Miguel Sierra,2004-07-14T00:00:00.000Z,,left,Spain,forward,,
1431291,161744,Gorka Carrera,2005-05-15T00:00:00.000Z,,,Spain,ST,,
1807857,161771,Hugo Lopez,2007-03-04T00:00:00.000Z,,,Spain,ST,,
1817861,8661,Javier Olaizola,2007-03-15T00:00:00.000Z,,,Spain,defender,,
1842315,161759,Miguel Llorente,2008-02-08T00:00:00.000Z,,,Spain,ST,,
1527038,9906,Aleksa Puric,2003-07-07T00:00:00.000Z,196.0,right,Serbia,defender,,
1119943,162418,Mourad El Ghezouani,1998-05-27T00:00:00.000Z,189.0,right,Morocco,ST,,
1557032,8670,Marco Esteban,2006-03-01T00:00:00.000Z,183.0,right,Spain,defender,,
1586554,8367,Daniel Yáñez,2007-03-28T00:00:00.000Z,177.0,left,Spain,RW,,
1789791,8634,Jofre Torrents,2007-01-28T00:00:00.000Z,,left,Spain,defender,,
1411818,8370,Pelayo Fernández,2003-04-29T00:00:00.000Z,193.0,right,Spain,CB,,
1665438,8634,Toni Fernández,2008-07-15T00:00:00.000Z,,left,Spain,forward,,
612836,7732,Donny van de Beek,1997-04-18T00:00:00.000Z,181.0,right,Netherlands,midfielder,,
846970,8548,Bojan Miovski,1999-06-24T00:00:00.000Z,189.0,left,North Macedonia,ST,,
1981023,8661,Miguel Calatayud,2006-04-26T00:00:00.000Z,,,Spain,defender,,
1643963,7732,Lass Kourouma,2004-03-30T00:00:00.000Z,180.0,right,Guinea,DM,,
1637566,8315,Asier Hierro,2005-05-06T00:00:00.000Z,190.0,,Spain,forward,,
1696019,189680,Diego Aguado,2007-02-07T00:00:00.000Z,,left,Spain,LB,CB,
922877,10205,Logan Costa,2001-04-01T00:00:00.000Z,188.0,right,Cape Verde,defender,,
1586390,161759,Iker Luque,2005-06-05T00:00:00.000Z,168.0,right,Spain,forward,,
1422602,7869,Eder García,2004-01-04T00:00:00.000Z,,,Spain,forward,,
573782,7797,Jairo Izquierdo,1993-10-22T00:00:00.000Z,165.0,left,Spain,LB,LWB,
1858597,8305,Jorge Montes,2004-03-06T00:00:00.000Z,,,Spain,defender,,
1695966,161771,Alassane Diatta,2005-05-14T00:00:00.000Z,,left,Senegal,midfielder,,
574662,8302,Joan Jordán,1994-07-06T00:00:00.000Z,184.0,right,Spain,midfielder,,
1559834,8305,Joselu Pérez,2004-03-12T00:00:00.000Z,183.0,right,Spain,forward,,
1664743,161759,Taufik Seidu,2008-01-20T00:00:00.000Z,,right,Ghana,CM,DM,
1664735,9906,Jano Monserrate,2006-01-28T00:00:00.000Z,177.0,left,Spain,midfielder,,
1682236,1784557,Juan Arango,2006-06-27T00:00:00.000Z,175.0,left,Venezuela,forward,,
1701828,8191,Lluc Castell,2006-09-19T00:00:00.000Z,164.0,right,Spain,forward,,
1646375,10205,Pau Cabanes,2005-02-17T00:00:00.000Z,179.0,right,Spain,ST,,
1690099,161780,Iván Corralejo,2007-05-01T00:00:00.000Z,176.0,right,Spain,AM,CM,
688989,8400,Borja Sánchez,1996-02-26T00:00:00.000Z,185.0,right,Spain,midfielder,,
1712125,161744,Daniel Díaz,2006-06-22T00:00:00.000Z,167.0,left,Spain,RW,"RM,ST",
1427152,8670,Omar Falah,2003-09-09T00:00:00.000Z,182.0,left,Spain,forward,,
1673117,8661,Jan Salas,2005-08-10T00:00:00.000Z,182.0,right,Spain,CM,,
1807277,8633,Jorge Cestero,2006-03-24T00:00:00.000Z,178.0,,Spain,CM,,
895953,9865,Álex Sola,1999-06-09T00:00:00.000Z,178.0,right,Spain,RW,"LB,LW",
1797872,8370,Samu Becerra,2006-06-01T00:00:00.000Z,,right,Spain,midfielder,,
906919,1957,Sergio Lozano,1999-03-24T00:00:00.000Z,175.0,right,Spain,DM,,
1713218,494050,Hugo Solozabal,2003-02-07T00:00:00.000Z,,right,Spain,midfielder,,
1256478,9783,Adrià Altimira,2001-03-28T00:00:00.000Z,170.0,right,Spain,RB,"RWB,RM,RW",
1418118,9866,Diego Morcillo,2003-06-18T00:00:00.000Z,182.0,right,Spain,forward,,
956291,8302,Federico Gattoni,1999-02-16T00:00:00.000Z,183.0,right,Argentina,defender,,
1777474,8634,Tomás Marqués,2006-10-30T00:00:00.000Z,,right,Spain,midfielder,,
1825995,161743,Hugo Burcio,2006-10-31T00:00:00.000Z,,right,Spain,midfielder,,
1226783,161743,Hugo González,2003-02-07T00:00:00.000Z,184.0,right,Spain,forward,,
1896315,10268,Álex Sánchez,2006-03-05T00:00:00.000Z,,,Spain,midfielder,,
1997332,8367,Manuel Serrano,2004-03-20T00:00:00.000Z,,,Spain,defender,,
1810849,161744,Ibai Aguirre,2007-01-10T00:00:00.000Z,,,Spain,CM,DM,
1301989,189680,Álvaro Leiva,2004-12-28T00:00:00.000Z,173.0,,Spain,forward,,
1436231,8560,Arkaitz Mariezkurrena,2005-04-05T00:00:00.000Z,181.0,left,Spain,ST,"AM,RW",
1319968,161777,Rubén Iranzo,2003-03-14T00:00:00.000Z,,right,Spain,CB,,
1418942,10281,Dani Pérez,2005-07-26T00:00:00.000Z,173.0,right,Spain,midfielder,,
1473997,8560,Inaki Rupérez,2003-01-07T00:00:00.000Z,,right,Spain,defender,,
1697371,161744,Lander Astiazarán,2006-04-07T00:00:00.000Z,,,Spain,RM,"RW,ST",
1678688,9866,Lander Pinillos,2003-10-06T00:00:00.000Z,,right,Spain,forward,,
518534,7876,Ander Cantero,1995-01-09T00:00:00.000Z,189.0,left,Spain,GK,,
616538,9864,Alfonso Herrero,1994-04-21T00:00:00.000Z,183.0,right,Spain,GK,,
1821709,9866,Carlos Ballestero,2004-04-24T00:00:00.000Z,,both,Spain,defender,,
104986,9865,Andrés Fernández,1986-12-16T00:00:00.000Z,190.0,right,Spain,GK,,
1233601,8372,Jonmi Magunagoitia,2000-08-06T00:00:00.000Z,183.0,right,Spain,GK,,
930024,8306,Dinko Horkas,1999-03-10T00:00:00.000Z,192.0,right,Croatia,GK,,
303353,1753,Edgar Badia,1992-02-12T00:00:00.000Z,180.0,right,Spain,GK,,
582878,7854,Juan Soriano,1997-08-23T00:00:00.000Z,185.0,left,Spain,GK,,
1050828,9783,Mario Soriano,2002-04-22T00:00:00.000Z,163.0,right,Spain,CM,"DM,LM,AM,ST",
715347,7876,Grego Sierra,1993-03-05T00:00:00.000Z,188.0,left,Spain,CB,,
477594,9869,Rubén Yánez,1993-10-12T00:00:00.000Z,188.0,right,Spain,GK,,
1324045,4032,Juan Gutiérrez,2000-01-28T00:00:00.000Z,185.0,right,Spain,CB,,
1300457,8558,Álex Calatrava,2000-06-22T00:00:00.000Z,175.0,left,Spain,ST,"RM,CM,RW,AM",
1119683,7854,Miguel Atienza,1999-05-27T00:00:00.000Z,184.0,right,Spain,CM,DM,
600236,8550,Florian Miguel,1996-09-01T00:00:00.000Z,179.0,left,France,LB,,
1210310,8385,Iker Recio,2001-06-17T00:00:00.000Z,184.0,left,Spain,CB,,
899195,8696,Andrés Martin,1999-07-11T00:00:00.000Z,170.0,left,Spain,RW,ST,
1187766,9865,Sergio Arribas,2001-09-30T00:00:00.000Z,172.0,left,Spain,AM,RW,
1411822,10281,Luis Chacón,2000-05-30T00:00:00.000Z,174.0,,Spain,ST,"CM,LM,AM,LW",
477600,357259,Carlos Hernández,1990-09-15T00:00:00.000Z,185.0,right,Spain,CB,,
668307,7854,Amadou Diawara,1997-07-17T00:00:00.000Z,184.0,right,Guinea,CM,DM,
186905,8392,Dani Jiménez,1990-03-05T00:00:00.000Z,179.0,right,Spain,GK,,
874045,9869,Alex Corredera,1996-03-19T00:00:00.000Z,180.0,left,Spain,DM,"CM,AM,LW",
883272,10279,Romain Matthys,1998-07-10T00:00:00.000Z,183.0,right,Belgium,GK,,
1167225,7732,Iván Morante,2001-01-15T00:00:00.000Z,180.0,left,Spain,CM,DM,
676517,8393,José Corpas,1991-07-07T00:00:00.000Z,174.0,right,Spain,RW,"RB,LWB,RM,LM,LW",
954187,8306,Enrique Clemente,1999-03-04T00:00:00.000Z,180.0,left,Spain,LB,,
1425989,9783,Lorenzo Amatucci,2004-02-05T00:00:00.000Z,172.0,right,Italy,CM,DM,
887872,9869,César Gelabert,2000-10-31T00:00:00.000Z,182.0,right,Spain,AM,"CM,RW,LW,ST",
1120109,9869,Guille Rosas,2000-05-17T00:00:00.000Z,175.0,right,Spain,RB,"RM,RW",
800891,9783,Miguel Loureiro,1996-11-21T00:00:00.000Z,175.0,right,Spain,CB,RB,
889229,8696,Iñigo Vicente,1998-01-06T00:00:00.000Z,178.0,right,Spain,LW,AM,
1395716,10281,David Torres,2003-03-05T00:00:00.000Z,182.0,left,Spain,CB,,
1609364,8558,Rafel Bauzà,2005-01-30T00:00:00.000Z,183.0,right,Spain,CM,"DM,AM",
1108863,9864,David Larrubia,2002-04-20T00:00:00.000Z,172.0,left,Spain,RM,RW,
1162677,494050,Daniel Villahermosa,2001-01-02T00:00:00.000Z,172.0,right,Spain,CM,AM,
1255085,494050,Gael Alonso,2002-07-22T00:00:00.000Z,,,Spain,CB,RB,
916546,8306,Manu Fuster,1997-10-22T00:00:00.000Z,169.0,right,Spain,RM,"CM,LM,AM,LW,ST",
213482,96925,Jorge Pulido,1991-04-08T00:00:00.000Z,181.0,right,Spain,CB,,
815764,10279,Jérémy Mellot,1994-03-28T00:00:00.000Z,178.0,right,France,RB,,
1225450,10235,Mika Mármol,2001-07-01T00:00:00.000Z,181.0,left,Spain,CB,LB,
1221257,7869,Cristian Carracedo,1995-11-30T00:00:00.000Z,179.0,right,Spain,RW,,
889102,494050,Thomas Carrique,1999-02-26T00:00:00.000Z,173.0,right,France,RB,,
792308,9869,Pablo Vázquez,1994-10-07T00:00:00.000Z,189.0,right,Spain,CB,,
1408529,9864,Diego Murillo,2001-03-14T00:00:00.000Z,182.0,right,Spain,CB,RB,
1101270,7869,Iker Álvarez,2001-07-25T00:00:00.000Z,190.0,right,Andorra,GK,,
998300,9865,Federico Bonini,2001-08-06T00:00:00.000Z,188.0,left,Italy,CB,,
785508,8670,Jacobo González,1997-03-25T00:00:00.000Z,176.0,right,Spain,LW,"RB,CM,AM,RW",
1755863,7876,Álex Lizancos,2003-09-14T00:00:00.000Z,,right,Spain,RB,CB,
1342790,7854,Marvel,2003-01-07T00:00:00.000Z,181.0,left,Morocco,CB,LB,
477603,10279,Alberto Jiménez,1992-11-15T00:00:00.000Z,186.0,right,Spain,CB,,
512040,9865,Álex Muñoz,1994-07-30T00:00:00.000Z,185.0,left,Spain,LB,CB,
1203885,7869,Ismael Ruiz,2001-02-14T00:00:00.000Z,180.0,right,Spain,CM,DM,
1334764,8385,Victor Aznar,2002-10-17T00:00:00.000Z,189.0,right,Brazil,GK,,
1203886,10264,Sergio Barcia,2000-12-31T00:00:00.000Z,186.0,right,Spain,CB,,
1727689,8558,Roger Hinojo,2005-02-21T00:00:00.000Z,180.0,left,Spain,LB,,
953065,10281,Stanko Juric,1996-08-16T00:00:00.000Z,189.0,right,Croatia,DM,CM,
1319204,9783,Yeremay Hernández,2002-12-10T00:00:00.000Z,170.0,right,Spain,ST,"LM,LW",
1407741,8558,Marcos Fernández,2003-05-17T00:00:00.000Z,176.0,,Spain,ST,,
940608,7854,Juan Cruz,2000-04-25T00:00:00.000Z,177.0,left,Spain,RW,"RM,LM,AM,LW,ST",
1796849,161744,Tomás Carbonell,2005-02-23T00:00:00.000Z,,,Spain,CM,DM,
610519,8385,Jokin Ezkieta,1996-08-17T00:00:00.000Z,193.0,right,Spain,GK,,
1287470,10281,Pablo Tomeo,2000-01-23T00:00:00.000Z,186.0,right,Spain,CB,,
867669,10279,Barri,1995-09-19T00:00:00.000Z,188.0,right,Spain,CM,DM,
1337642,7876,David González,2002-06-22T00:00:00.000Z,180.0,left,Spain,RM,"RW,AM",
1323859,8670,Aisar Ahmed,2001-07-02T00:00:00.000Z,,,Spain,RW,RB,
1226848,7878,Manu Lama,2001-02-12T00:00:00.000Z,192.0,right,Spain,CB,,
1242139,9869,Jonathan Dubasin,2000-02-02T00:00:00.000Z,180.0,right,Belgium,RW,"LW,ST",
213814,8372,Anaitz Arbilla,1987-05-15T00:00:00.000Z,177.0,both,Spain,LB,CB,
627003,357259,Guillermo Vallejo,1995-04-22T00:00:00.000Z,182.0,,Spain,GK,,
1183650,8394,Francho Serrano,2001-10-17T00:00:00.000Z,177.0,right,Spain,RW,"RB,DM,CM,AM",
1236451,9869,Diego Sánchez,2003-07-18T00:00:00.000Z,,left,Spain,LB,CB,
1077977,9783,Giacomo Quagliata,2000-02-19T00:00:00.000Z,175.0,left,Italy,LB,"LWB,LM",
1294752,1753,Rodrigo Suárez,2002-11-14T00:00:00.000Z,186.0,right,Spain,CB,,
1119684,8372,Sergio Cubero,1999-09-05T00:00:00.000Z,188.0,right,Spain,RB,"LB,RWB,RM",
1127224,7876,Fer Niño,2000-10-24T00:00:00.000Z,175.0,right,Spain,ST,,
1585726,8315,Peio Canales,2005-01-17T00:00:00.000Z,175.0,right,Spain,AM,DM,
1670276,10268,Matia Barzic,2004-05-31T00:00:00.000Z,190.0,right,Spain,CB,,
640725,7876,Curro Sánchez,1996-01-03T00:00:00.000Z,176.0,right,Spain,ST,AM,
640089,10281,Iván Alejo,1995-02-10T00:00:00.000Z,186.0,right,Spain,RB,,
643537,9869,Juan Otero,1995-05-26T00:00:00.000Z,182.0,right,Colombia,ST,"LW,RW",
482331,9865,Adrián Embarba,1992-05-07T00:00:00.000Z,177.0,right,Spain,LW,RW,
202639,8372,Sergio Álvarez,1992-01-23T00:00:00.000Z,180.0,right,Spain,DM,CM,
1280203,8314,Loïc Williams,2002-01-07T00:00:00.000Z,188.0,left,Spain,CB,,
674492,357259,José Matos,1995-05-06T00:00:00.000Z,168.0,left,Spain,LB,,
1529105,8560,Aitor Fraga,2003-03-09T00:00:00.000Z,194.0,right,Spain,GK,,
193226,96925,Francisco Portillo,1990-06-13T00:00:00.000Z,167.0,right,Spain,AM,"DM,RM,CM,LW",
1532197,7869,Guilherme Fernandes,2001-03-28T00:00:00.000Z,191.0,right,Portugal,GK,,
800200,8675,Piña,1994-10-30T00:00:00.000Z,188.0,right,Spain,CB,,
1678830,8385,Álvaro Pascual,2002-07-21T00:00:00.000Z,190.0,right,Spain,ST,AM,
1637886,7878,Oscar Naasei Oppong,2005-02-24T00:00:00.000Z,,right,Ghana,RB,CB,
1415502,8385,Moussa Diakité,2003-11-04T00:00:00.000Z,189.0,right,Mali,CM,DM,
972407,8661,Adrián Fuentes,1996-07-17T00:00:00.000Z,186.0,left,Spain,ST,,
670030,10279,Iñigo Córdoba,1997-03-13T00:00:00.000Z,180.0,left,Spain,LM,"RM,LW",
1323983,161744,Jon Balda,2002-04-20T00:00:00.000Z,174.0,left,Spain,LB,"CB,LM",
1322880,8393,Sergio Ortuño,1999-03-02T00:00:00.000Z,,right,Spain,CM,"DM,AM",
1331597,8696,Gustavo Puerta,2003-07-23T00:00:00.000Z,173.0,right,Colombia,DM,CM,
1308894,7878,Pedro Alemañ,2002-03-21T00:00:00.000Z,182.0,left,Spain,CM,AM,
516854,8560,Carlos Fernández,1996-05-22T00:00:00.000Z,186.0,right,Spain,ST,AM,
789544,494050,Sergio Molina,1996-02-18T00:00:00.000Z,178.0,right,Spain,CM,CB,
1232793,4032,Fernando Medrano,2000-03-26T00:00:00.000Z,172.0,left,Spain,LB,"CB,LWB,LM",
1395736,7854,Lalo Aguilar,2002-06-11T00:00:00.000Z,188.0,right,Spain,CB,RB,
150573,96925,Óscar Sielva,1991-08-06T00:00:00.000Z,177.0,right,Spain,DM,CM,
889544,8393,Carlos Neva,1996-06-12T00:00:00.000Z,175.0,left,Spain,CB,LB,
1059674,9867,Jesús Álvarez,1999-11-17T00:00:00.000Z,180.0,right,Spain,DM,CM,
1669622,9864,Chupe,2004-08-24T00:00:00.000Z,185.0,right,Spain,ST,,
1392303,10281,Thiago Ojeda,2003-01-12T00:00:00.000Z,187.0,right,Argentina,DM,"CM,AM",
1425173,8315,Beñat Gerenabarrena,2003-03-29T00:00:00.000Z,173.0,right,Spain,CM,"RB,DM",
1670161,8696,Jorge Salinas,2007-04-03T00:00:00.000Z,183.0,left,Spain,LB,CB,
1231032,10281,Juanmi Latasa,2001-03-23T00:00:00.000Z,191.0,left,Spain,ST,,
1481503,8581,Dani Requena,2004-02-12T00:00:00.000Z,186.0,right,Spain,CM,DM,
1668274,9864,Carlos Puga,2000-11-26T00:00:00.000Z,175.0,right,Spain,RB,,
1324100,10279,Lucas Alcázar,2002-07-11T00:00:00.000Z,182.0,left,Spain,LB,CB,
1248899,7878,Baïla Diallo,2001-06-24T00:00:00.000Z,176.0,left,France,LB,,
1323828,7876,Alberto Dadie,2002-07-20T00:00:00.000Z,170.0,,Spain,RB,,
1317624,9864,Dani Lorenzo,2003-04-05T00:00:00.000Z,175.0,right,Spain,CM,"DM,LM,ST",
410656,8394,Pablo Insua,1993-09-09T00:00:00.000Z,186.0,right,Spain,CB,,
1229280,8020,Peter González,2002-07-25T00:00:00.000Z,180.0,left,Dominican Republic,RW,"RM,LW",
1167189,8670,Youness Lachhab,1999-04-23T00:00:00.000Z,192.0,left,Morocco,CM,DM,
1121005,8393,Alejandro Meléndez,1999-05-13T00:00:00.000Z,178.0,right,Spain,CM,DM,
282478,7869,Carlos Albarrán,1994-01-15T00:00:00.000Z,185.0,right,Spain,RB,LB,
1343136,7877,Marco Moreno,2001-02-20T00:00:00.000Z,191.0,right,Spain,CB,,
1287783,1523706,Seydouba Cissé,2001-02-10T00:00:00.000Z,178.0,right,Guinea,CM,"DM,AM",
1204447,9783,Luismi Cruz,2001-05-23T00:00:00.000Z,166.0,left,Spain,RM,"RWB,CM,LM,RW,AM,LW",
1589224,8385,Mario Climent,2002-01-30T00:00:00.000Z,179.0,left,Spain,LB,,
574631,8393,Jesús Vallejo,1997-01-05T00:00:00.000Z,183.0,right,Spain,CB,,
534473,9865,Nélson Monte,1995-07-20T00:00:00.000Z,187.0,right,Portugal,CB,,
988178,9783,Diego Villares,1996-06-17T00:00:00.000Z,180.0,right,Spain,CM,"DM,AM",
951739,9864,Joaquín Muñoz,1999-03-10T00:00:00.000Z,173.0,right,Spain,LW,"RM,LM",
638072,357259,Kuki Zalazar,1998-05-05T00:00:00.000Z,173.0,left,Spain,CM,"RW,AM,ST",
184662,7849,Esteban Andrada,1991-01-26T00:00:00.000Z,193.0,right,Argentina,GK,,
1287785,7854,Naim García,2002-06-11T00:00:00.000Z,180.0,left,Spain,LB,"LWB,RM,LM,LW",
955206,10281,Julien Ponceau,2000-11-28T00:00:00.000Z,170.0,right,France,CM,"DM,AM",
937397,8306,Enzo Loiodice,2000-11-27T00:00:00.000Z,176.0,left,France,CM,DM,
935033,6577,Duk,2000-02-16T00:00:00.000Z,182.0,right,Cabo Verde,RW,"RM,LM,AM,LW,ST",
243789,1753,Víctor García,1994-06-11T00:00:00.000Z,175.0,right,Venezuela,RB,,
1081302,7869,Álex Martin,1998-01-25T00:00:00.000Z,173.0,right,Spain,CB,,
639133,7878,José Arnáiz,1995-04-15T00:00:00.000Z,176.0,right,Spain,LW,"CM,AM,ST",
1684578,7732,Min-Su Kim,2006-01-19T00:00:00.000Z,177.0,right,South Korea,LW,"RW,ST",
1469891,10264,Thiago Helguera,2006-03-26T00:00:00.000Z,181.0,right,Uruguay,CM,DM,
1611191,8560,Kazunari Kita,2005-09-16T00:00:00.000Z,189.0,left,Japan,CB,,
1669619,9864,Izan Merino,2006-04-15T00:00:00.000Z,182.0,right,Spain,CM,"CB,DM",
1209421,9910,Carlos Dotor,2001-03-15T00:00:00.000Z,180.0,right,Spain,CM,"AM,ST",
1171023,8619,Jonathan Gómez,2003-09-01T00:00:00.000Z,175.0,left,USA,LB,"LWB,LM",
1094493,494050,Lautaro de León,2001-02-09T00:00:00.000Z,185.0,right,Uruguay,ST,RW,
1717331,9864,Rafita,2004-11-09T00:00:00.000Z,,right,Spain,LB,RB,
803203,8393,Fran Gámez,1991-07-27T00:00:00.000Z,174.0,right,Spain,RB,"RWB,RM",
1315344,8697,Chuki,2004-04-29T00:00:00.000Z,176.0,left,Spain,AM,"RM,ST",
1244430,357259,Kialy Abdoul Kone,1997-04-08T00:00:00.000Z,182.0,left,Ivory Coast,LW,RW,
770880,7878,Luca Zidane,1998-05-13T00:00:00.000Z,183.0,right,Algeria,GK,,
640276,8385,Isaac Carcelén,1993-04-23T00:00:00.000Z,178.0,right,Spain,RB,,
429991,1753,Iván Calero,1995-04-21T00:00:00.000Z,174.0,right,Spain,RB,"RM,RW",
639144,7878,Rubén Alcaraz,1991-05-01T00:00:00.000Z,180.0,right,Spain,CM,DM,
1108844,96925,Álvaro Carrillo,2002-04-06T00:00:00.000Z,182.0,right,Spain,CB,RB,
902901,9865,Miguel de la Fuente,1999-09-03T00:00:00.000Z,180.0,right,Spain,ST,,
1782762,8288,Juanpa Palomares,2000-07-25T00:00:00.000Z,187.0,,Spain,GK,,
242418,7854,Ignasi Miquel,1992-09-28T00:00:00.000Z,189.0,left,Spain,CB,,
1639357,494050,Marc Domènech,2002-11-01T00:00:00.000Z,,left,Spain,CM,"DM,AM",
1428550,10279,Ousmane Nana Camara,2001-11-03T00:00:00.000Z,184.0,right,Guinea,ST,,
1336006,7878,Jorge Pascual,2003-04-09T00:00:00.000Z,183.0,left,Spain,ST,AM,
1199649,8696,Álvaro Mantilla,2000-05-09T00:00:00.000Z,180.0,right,Spain,RB,CB,
792071,8372,Peru Nolaskoain,1998-10-25T00:00:00.000Z,185.0,right,Spain,CB,DM,
1302121,9865,Brian Cipenga,1998-03-11T00:00:00.000Z,169.0,right,DR Congo,LW,"RM,CM,LM",
882068,1585,Julio Alonso,1998-12-14T00:00:00.000Z,171.0,right,Spain,LB,"LWB,LM",
1106895,8306,Marvin Park,2000-07-03T00:00:00.000Z,177.0,right,Spain,RB,,
1003265,357259,Rubén Díez,1993-08-18T00:00:00.000Z,166.0,right,Spain,CM,AM,
1670188,9865,Stefan Dzodic,2005-03-15T00:00:00.000Z,190.0,right,Serbia,DM,CM,
1426189,9866,Mikel Rodriguez,2002-04-03T00:00:00.000Z,,right,Spain,CM,"DM,LM,AM,LW",
863166,8394,Dani Gómez,1998-07-30T00:00:00.000Z,177.0,right,Spain,ST,,
1291883,8306,Ale García,2003-03-19T00:00:00.000Z,179.0,,Spain,LM,"RM,RW,LW,ST",
478439,1753,Bicho,1996-02-20T00:00:00.000Z,173.0,left,Spain,CM,DM,
1116736,9869,Gaspar Campos,2000-03-27T00:00:00.000Z,175.0,right,Spain,LW,RW,
970566,9783,Riki Rodríguez,1997-09-25T00:00:00.000Z,175.0,right,Spain,CM,DM,
1327733,8372,Aleix Garrido,2004-02-22T00:00:00.000Z,170.0,right,Spain,DM,CM,
1198494,8372,Jon Guruzeta,2000-04-03T00:00:00.000Z,185.0,right,Spain,AM,"LW,ST",
1127223,8393,Antonio Pacheco,2002-01-03T00:00:00.000Z,182.0,right,Spain,CM,,
753724,8306,Viti,1997-09-16T00:00:00.000Z,170.0,right,Spain,RB,"RM,LW",
1252246,10281,Stipe Biuk,2002-12-26T00:00:00.000Z,184.0,right,Croatia,LW,LM,
636565,8372,Jon Bautista,1995-07-03T00:00:00.000Z,178.0,right,Spain,ST,,
1217550,9865,Daijiro Chirino,2002-01-24T00:00:00.000Z,158.0,right,Netherlands,RB,RWB,
787258,7878,Sergio Ruiz,1994-12-16T00:00:00.000Z,171.0,right,Spain,CM,"DM,AM",
1003288,9865,Jon Morcillo,1998-09-15T00:00:00.000Z,183.0,left,Spain,LW,LM,
574186,8393,Agus Medina,1994-09-08T00:00:00.000Z,176.0,right,Spain,ST,"RM,CM,AM",
1332025,9783,Lucas Noubi,2005-01-15T00:00:00.000Z,191.0,right,Belgium,CB,RB,
915168,7876,Sergio González,1997-05-14T00:00:00.000Z,184.0,right,Spain,CB,,
1128943,8385,Javi Castro,2000-09-13T00:00:00.000Z,183.0,right,Spain,CB,RB,
1205433,8372,Javi Martón,1999-05-06T00:00:00.000Z,181.0,right,Spain,ST,AM,
1287791,1523706,Iker Kortajarena,2000-06-21T00:00:00.000Z,182.0,left,Spain,AM,"DM,RM,CM,LM,LW,ST",
287255,8638,Jefté Betancor,1993-07-06T00:00:00.000Z,186.0,right,Spain,ST,,
358127,9865,Léo Baptistão,1992-08-26T00:00:00.000Z,181.0,right,Brazil,RW,ST,
662194,10279,Fabrizio Brignani,1998-01-13T00:00:00.000Z,191.0,,Italy,CB,,
951738,9864,Francisco Montero,1999-01-14T00:00:00.000Z,180.0,left,Spain,CB,,
1212179,8696,Facundo González,2003-06-06T00:00:00.000Z,193.0,left,Uruguay,CB,,
796781,9783,Álvaro Fernández,1998-04-13T00:00:00.000Z,185.0,right,Spain,GK,,
982734,8558,Pablo Ramón,2001-06-30T00:00:00.000Z,186.0,right,Spain,CB,,
477498,7878,Raúl Lizoain,1991-01-27T00:00:00.000Z,186.0,left,Spain,GK,,
1053685,9865,Dion Lopy,2002-02-02T00:00:00.000Z,184.0,right,Senegal,DM,CM,
732103,10279,Adam Jakobsen,1999-04-07T00:00:00.000Z,185.0,right,Denmark,ST,"LM,RW,AM",
280276,8385,Suso,1993-11-19T00:00:00.000Z,176.0,left,Spain,ST,"RM,LM,RW,AM,LW",
863169,8696,Manu,1998-07-19T00:00:00.000Z,181.0,right,Spain,CB,,
863856,9830,Lucas Perrin,1998-11-19T00:00:00.000Z,187.0,right,France,CB,,
1724318,8394,Yussif Saidu,2005-06-14T00:00:00.000Z,,,Ghana,CB,"DM,CM,AM",
814625,8394,Raúl Guti,1996-12-30T00:00:00.000Z,177.0,right,Spain,DM,"CM,AM",
1416751,357259,Marino Illescas,2001-01-09T00:00:00.000Z,176.0,right,Spain,CM,DM,
957211,494050,Martí Vilà,1999-05-26T00:00:00.000Z,166.0,left,Spain,LB,CB,
580591,357259,Anuar,1995-01-15T00:00:00.000Z,173.0,right,Morocco,RB,CM,
434593,8393,Antonio Puertas,1992-02-21T00:00:00.000Z,175.0,right,Spain,ST,"RM,LM,RW",
1175969,9866,Hugo Novoa,2003-01-24T00:00:00.000Z,182.0,right,Spain,RWB,"RB,RM",
1035341,96925,Toni Abad,1996-11-03T00:00:00.000Z,174.0,right,Spain,RB,"RWB,RM",
563069,357259,Yann Bodiger,1995-02-09T00:00:00.000Z,188.0,left,France,CM,"CB,DM",
1585590,161774,Áron Yaakobishvili,2006-03-06T00:00:00.000Z,185.0,both,Hungary,GK,,
1372810,9783,Dani Barcia,2003-01-19T00:00:00.000Z,186.0,left,Spain,CB,,
1287790,1753,Peru Rodríguez,2002-04-03T00:00:00.000Z,,,Spain,CB,,
1363232,8696,Maguette Gueye,2002-12-30T00:00:00.000Z,183.0,left,Senegal,DM,,
1427828,8558,Javi Hernández,2004-01-30T00:00:00.000Z,,left,Spain,RW,"RM,CM,AM,ST",
821417,8394,Martín Aguirregabiria,1996-05-10T00:00:00.000Z,180.0,right,Spain,RB,,
281085,8306,Jesé,1993-02-26T00:00:00.000Z,178.0,right,Spain,ST,,
1283073,8288,Justin Smith,2003-02-04T00:00:00.000Z,188.0,right,Canada,DM,CM,
516803,9864,Einar Galilea,1994-05-22T00:00:00.000Z,182.0,left,Spain,CB,,
1383960,8385,Bojan Kovacevic,2004-05-22T00:00:00.000Z,193.0,right,Serbia,CB,,
1537231,10279,Pablo Santiago,2000-09-27T00:00:00.000Z,173.0,,Spain,LM,"RB,RM,CM,RW,LW",
1256237,10237,Diego García,2000-04-18T00:00:00.000Z,185.0,right,Spain,ST,,
416409,9783,Germán Parreno,1993-02-16T00:00:00.000Z,189.0,right,Spain,GK,,
213504,8393,Diego Mariño,1990-05-09T00:00:00.000Z,185.0,right,Spain,GK,,
574623,8222,Kenan Kodro,1993-08-19T00:00:00.000Z,187.0,right,Bosnia and Herzegovina,ST,AM,
1088754,9866,Jesús Owono,2001-03-01T00:00:00.000Z,186.0,right,Equatorial Guinea,GK,,
1321601,96925,Daniel Luna,2003-05-07T00:00:00.000Z,178.0,left,Colombia,RW,RM,
1579469,161744,Gorka Gorosabel,2006-05-13T00:00:00.000Z,,,Spain,AM,"DM,CM,LM",
1801070,9780,Toni Tamarit,2005-11-22T00:00:00.000Z,,,Spain,RWB,"RB,RM",
820143,8394,Keidi Bare,1997-08-28T00:00:00.000Z,174.0,right,Albania,DM,CM,
1395746,9865,Marcos Luna,2003-04-05T00:00:00.000Z,183.0,right,Spain,RB,,
1195885,8466,Juan Larios,2004-01-12T00:00:00.000Z,170.0,left,Spain,LB,LWB,
1305626,9869,Nacho Martín,2002-03-19T00:00:00.000Z,175.0,right,Spain,DM,CM,
638736,494050,Diego Alende,1997-08-25T00:00:00.000Z,180.0,right,Spain,CB,,
364239,7854,Rubén Pena,1991-07-18T00:00:00.000Z,170.0,right,Spain,RB,"RWB,RW",
1526604,8372,Ander Madariaga,2002-03-11T00:00:00.000Z,,right,Spain,AM,"DM,RW",
552625,7878,Stoichkov,1993-11-05T00:00:00.000Z,180.0,right,Spain,ST,LM,
1186690,10279,Agustín Sienra,1999-07-14T00:00:00.000Z,185.0,left,Argentina,CB,LB,
421328,10279,Awer Mabil,1995-09-15T00:00:00.000Z,179.0,right,Australia,RW,RM,
717021,7869,Rubén Alves,1994-09-07T00:00:00.000Z,184.0,left,Spain,CB,,
917294,7854,Enric Franquesa,1997-02-26T00:00:00.000Z,174.0,left,Spain,LB,,
193224,96925,Sergi Enrich,1990-02-26T00:00:00.000Z,183.0,right,Spain,ST,,
1161042,161759,Pablo Pérez,2001-08-18T00:00:00.000Z,174.0,left,Spain,LWB,LM,
1431307,9866,Selu Diallo,2003-10-01T00:00:00.000Z,187.0,,Spain,DM,"CM,AM,ST",
1121204,8393,Pepe Sánchez,2000-03-02T00:00:00.000Z,183.0,right,Spain,CB,,
1231073,7869,Enol Rodríguez,2001-07-28T00:00:00.000Z,187.0,,Spain,ST,LW,
478391,8696,Marco Sangalli,1992-02-07T00:00:00.000Z,179.0,right,Spain,LW,RB,
1489445,7869,Salim El Jebari,2004-02-05T00:00:00.000Z,,right,Spain,LW,"LM,ST",
1107257,9768,Souleymane Faye,2003-02-08T00:00:00.000Z,179.0,,Senegal,LW,,
1118479,10281,Víctor Meseguer,1999-06-09T00:00:00.000Z,184.0,right,Spain,DM,"CM,AM",
1648518,8603,Gonzalo Petit,2006-09-21T00:00:00.000Z,189.0,right,Uruguay,ST,LM,
1227376,7869,Youssouf Diarra,1998-09-13T00:00:00.000Z,174.0,right,Mali,AM,"DM,CM,LW",
1093297,7854,Álex Millán,1999-11-07T00:00:00.000Z,182.0,right,Spain,ST,,
793507,8394,Aleksandar Radovanovic,1993-11-11T00:00:00.000Z,189.0,left,Serbia,CB,,
1368655,9783,David Mella,2005-05-23T00:00:00.000Z,169.0,left,Spain,RW,"RWB,RM,LM",
1033116,7869,Ignasi Vilarrasa,1999-08-23T00:00:00.000Z,183.0,left,Spain,LB,,
670029,8372,Lander Olaetxea,1993-04-12T00:00:00.000Z,179.0,right,Spain,DM,CM,
639454,4189,Aitor Córdoba,1995-05-21T00:00:00.000Z,191.0,right,Spain,CB,,
260659,9783,Ximo Navarro,1990-01-23T00:00:00.000Z,176.0,right,Spain,RB,CB,
1331037,8372,Adu Ares,2001-10-12T00:00:00.000Z,183.0,right,Spain,RW,"RM,LM,LW,ST",
1442443,494050,Josep Cerdà,2003-02-04T00:00:00.000Z,175.0,right,Spain,LW,ST,
1120002,9783,Arnau Comas,2000-04-11T00:00:00.000Z,189.0,right,Spain,CB,,
1029029,9783,Zakaria Eddahchouri,2000-05-11T00:00:00.000Z,187.0,right,Netherlands,ST,,
1323669,8393,Lorenzo Aguado,2002-09-19T00:00:00.000Z,179.0,right,Spain,RB,RWB,
1623132,4032,Igor Nikic,2000-08-25T00:00:00.000Z,195.0,,Montenegro,GK,,
1288206,9867,Jorge Moreno,2001-07-25T00:00:00.000Z,184.0,right,Spain,CB,,
823681,9865,Iddrisu Baba,1996-01-22T00:00:00.000Z,184.0,right,Ghana,DM,,
1111061,8372,Imanol García de Albéniz,2000-06-08T00:00:00.000Z,177.0,left,Spain,LB,,
638120,7869,Sergi Guardiola,1991-05-29T00:00:00.000Z,180.0,right,Spain,ST,CM,
640217,8372,Jair Amador,1989-08-21T00:00:00.000Z,190.0,left,Portugal,CB,,
1517798,494050,Efe Akman,2006-03-20T00:00:00.000Z,175.0,right,Turkiye,CM,DM,
1294129,10281,Guille Bueno,2002-09-18T00:00:00.000Z,176.0,left,Spain,LB,,
1093784,8288,Manu Nieto,1998-03-29T00:00:00.000Z,182.0,right,Spain,ST,RW,
1325580,8393,Javi Moreno,2000-05-16T00:00:00.000Z,,right,Spain,CB,,
1418119,8385,José Antonio de la Rosa,2004-07-28T00:00:00.000Z,174.0,right,Spain,RM,RW,
1100273,1753,Diego Collado,2001-01-09T00:00:00.000Z,183.0,right,Spain,ST,"LM,AM",
959416,1753,Lucas Ribeiro,1998-10-09T00:00:00.000Z,,left,Brazil,RM,"RW,ST",
1054033,7730,Konrad de la Fuente,2001-07-16T00:00:00.000Z,176.0,right,USA,LW,RW,
1370087,8670,Pablo Sáenz,2001-05-22T00:00:00.000Z,175.0,left,Spain,RW,ST,
1077917,8661,Arnau Puigmal,2001-01-10T00:00:00.000Z,173.0,right,Spain,RW,,
936206,8306,Kirian Rodríguez,1996-03-05T00:00:00.000Z,180.0,right,Spain,CM,DM,
359195,1753,Rubén Sobrino,1992-02-16T00:00:00.000Z,182.0,right,Spain,ST,RW,
1202049,8394,Dani Tasende,2000-07-06T00:00:00.000Z,172.0,left,Spain,LB,,
1396371,7878,Pau Casadesús,2003-10-30T00:00:00.000Z,182.0,right,Spain,RB,RWB,
923762,8024,Carlos Isaac,1998-04-30T00:00:00.000Z,184.0,right,Spain,RB,,
950286,9767,Brian Ocampo,1999-06-25T00:00:00.000Z,173.0,right,Uruguay,LM,"AM,LW",
1637860,10267,Iker Córdoba,2005-11-11T00:00:00.000Z,190.0,left,Spain,CB,,
1323982,8394,Marcos Cuenca,2002-11-07T00:00:00.000Z,184.0,right,Spain,RW,"RM,LW",
1418670,161744,Unax Agote,2003-03-28T00:00:00.000Z,,,Spain,LB,,
1842890,9869,Manu Rodríguez,2005-11-16T00:00:00.000Z,,,Spain,DM,CM,
1554143,7732,Jastin Garcia,2004-01-15T00:00:00.000Z,180.0,right,Spain,LW,,
681619,9869,Eric Curbelo,1994-01-14T00:00:00.000Z,173.0,right,Spain,CB,,
1701546,8385,Sergio Arribas,2003-02-10T00:00:00.000Z,185.0,left,Spain,CB,LB,
1435810,394213,Ander Astralaga,2004-03-03T00:00:00.000Z,190.0,right,Spain,GK,,
1413145,494050,Juan Sebastián,2002-02-07T00:00:00.000Z,185.0,,Spain,RB,,
1396376,494050,Bomba,2005-11-23T00:00:00.000Z,185.0,right,Spain,CB,,
670031,8696,Asier Villalibre,1997-09-30T00:00:00.000Z,183.0,left,Spain,ST,,
791263,96925,Daniel Ojeda,1994-12-04T00:00:00.000Z,177.0,right,Spain,LW,"RM,RW",
522577,165243,Sebas Moyano,1997-03-23T00:00:00.000Z,173.0,right,Spain,LW,"LM,RW",
964579,7876,Kévin Appin,1998-01-20T00:00:00.000Z,177.0,right,Martinique,LW,"LM,ST",
1136937,9866,Adrián Rodriguez,2000-12-12T00:00:00.000Z,195.0,right,Spain,GK,,
359198,7854,Óscar Plano,1991-02-11T00:00:00.000Z,180.0,both,Spain,AM,CM,
1654534,10261,Antoñito Cordero,2006-11-14T00:00:00.000Z,178.0,right,Spain,LM,"RM,LW",
659203,8393,José Carlos Lazo,1996-02-16T00:00:00.000Z,178.0,both,Spain,RM,"LM,RW",
1605140,8393,Javi Villar,2003-03-15T00:00:00.000Z,187.0,right,Spain,CM,"CB,DM",
1434474,9864,Rafa Rodríguez,2003-07-10T00:00:00.000Z,180.0,right,Spain,ST,"CM,AM",
1123324,1753,Rafael Tresaco,2000-08-24T00:00:00.000Z,180.0,right,Spain,LW,LM,
1553777,161744,Jon Garro,2005-06-10T00:00:00.000Z,,,Spain,RB,,
1213117,7869,Kevin Medina,2001-02-26T00:00:00.000Z,173.0,both,Spain,LW,RW,
1403695,9864,Adrián Nino,2004-06-19T00:00:00.000Z,184.0,right,Spain,ST,,
1721611,161744,Alex Marchal,2007-09-17T00:00:00.000Z,,right,Spain,LM,"LW,ST",
874482,8464,Roberto González,2001-01-08T00:00:00.000Z,169.0,left,Spain,AM,"RM,RW",
822808,8394,Antonio Moya,1998-03-20T00:00:00.000Z,178.0,right,Spain,CM,"DM,AM",
1282447,9865,Gui Guedes,2002-04-17T00:00:00.000Z,183.0,right,Portugal,DM,CM,
1575777,8315,Aingeru Olabarrieta,2005-11-14T00:00:00.000Z,181.0,left,Spain,RW,,
1421471,8024,Mario García,2003-10-02T00:00:00.000Z,176.0,left,Spain,LB,,
1683631,7732,Izan González,2004-11-05T00:00:00.000Z,,,Spain,CM,AM,
477604,10279,Salva Ruiz,1995-05-17T00:00:00.000Z,176.0,left,Spain,CB,LB,
1287788,8372,Jon Magunazelaia,2001-07-13T00:00:00.000Z,180.0,right,Spain,AM,"LW,ST",
1158927,7869,Diego Bri,2002-09-12T00:00:00.000Z,177.0,left,Spain,LB,LW,
999138,1753,Manu Justo,1996-02-09T00:00:00.000Z,174.0,right,Spain,ST,,
696648,8394,Carlos Pomares,1992-12-05T00:00:00.000Z,182.0,left,Spain,LB,CB,
1031321,8394,Mario Soberón,1997-05-18T00:00:00.000Z,175.0,right,Spain,ST,AM,
213729,8306,Jonathan Viera,1989-10-21T00:00:00.000Z,170.0,right,Spain,ST,AM,
1294799,7869,Franck Fomeyem,1999-10-17T00:00:00.000Z,181.0,right,Cameroon,CB,,
887705,8306,Taisei Miyashiro,2000-05-26T00:00:00.000Z,178.0,right,Japan,ST,"RM,CM,LM,RW,AM,LW",
879609,8306,Alex Suárez,1993-03-18T00:00:00.000Z,179.0,right,Spain,CB,,
282471,10281,Carlos Clerc,1992-02-21T00:00:00.000Z,182.0,left,Spain,LB,,
304631,9783,José Ángel,1992-06-21T00:00:00.000Z,182.0,left,Spain,DM,CM,
527556,9869,Brian Oliván,1994-04-01T00:00:00.000Z,179.0,left,Spain,LB,,
617220,7854,Gonzalo Melero,1994-01-02T00:00:00.000Z,183.0,right,Spain,CM,DM,
1120854,10154,Dali,2000-04-06T00:00:00.000Z,172.0,right,Spain,CM,"AM,LW",
1083010,10271,Martín Pascual,1999-08-04T00:00:00.000Z,190.0,right,Spain,CB,,
1065640,8696,Giorgi Guliashvili,2001-09-05T00:00:00.000Z,175.0,,Georgia,ST,,
745212,1753,Sergi Maestre,1990-11-18T00:00:00.000Z,187.0,right,Spain,CM,DM,
923222,7943,Samuele Mulattieri,2000-10-07T00:00:00.000Z,183.0,right,Italy,ST,,
1526558,9865,Selvi Clua,2005-01-29T00:00:00.000Z,189.0,left,Spain,CM,DM,
895951,8632,Álex Centelles,1999-08-30T00:00:00.000Z,185.0,left,Spain,LB,LWB,
1560755,161744,Jon Eceizabarrena,2005-03-23T00:00:00.000Z,,left,Spain,AM,"CM,LM",
1274040,494050,Théo Le Normand,2000-08-08T00:00:00.000Z,,right,France,AM,CM,
670006,8393,Lluís López,1997-03-05T00:00:00.000Z,182.0,right,Spain,CB,,
639140,96925,Liberto,1996-12-26T00:00:00.000Z,171.0,,Spain,LW,"LB,RW",
625410,10279,Israel Suero,1994-04-12T00:00:00.000Z,172.0,left,Spain,LW,AM,
268282,7878,Manu Trigueros,1991-10-17T00:00:00.000Z,178.0,right,Spain,CM,"DM,AM",
1446819,8393,Víctor Valverde,2001-12-26T00:00:00.000Z,,right,Spain,LM,"RM,ST",
737444,10281,Amath Ndiaye,1996-07-16T00:00:00.000Z,173.0,right,Senegal,RW,"LM,LW,ST",
798736,4681,Jawad El Yamiq,1992-02-29T00:00:00.000Z,193.0,right,Morocco,CB,,
573780,9869,Jorge Sáenz,1996-11-17T00:00:00.000Z,190.0,right,Spain,CB,LB,
1324054,8696,Yeray Cabanzón,2003-05-14T00:00:00.000Z,170.0,left,Spain,RW,RM,
821271,10281,Marcos André,1996-10-20T00:00:00.000Z,185.0,right,Brazil,ST,,
820259,8372,Álvaro Rodríguez,1994-07-22T00:00:00.000Z,181.0,right,Spain,RB,LB,
1357591,10281,Álvaro Aceves,2003-07-26T00:00:00.000Z,190.0,right,Spain,GK,,
920741,8372,Javi Martínez,1999-12-22T00:00:00.000Z,180.0,right,Spain,CM,AM,
1325585,161744,Arana,2002-02-19T00:00:00.000Z,197.0,left,Spain,GK,,
1403389,7878,Diego Hormigo,2003-04-16T00:00:00.000Z,182.0,left,Spain,LB,CB,
1052993,9865,Nico Melamed,2001-04-11T00:00:00.000Z,171.0,right,Spain,LW,,
673937,10267,Sergi Canós,1997-02-02T00:00:00.000Z,176.0,right,Spain,LW,"LM,AM",
1900239,4032,Unax del Cura,2005-02-08T00:00:00.000Z,,,Spain,ST,AM,
1532255,8393,Álex Rubio,2002-07-25T00:00:00.000Z,175.0,right,Spain,ST,,
1162659,10267,Alberto Marí,2001-07-11T00:00:00.000Z,183.0,right,Spain,ST,,
977760,8394,Valery Fernández,1999-11-23T00:00:00.000Z,179.0,right,Spain,LW,LM,
920095,8372,Pejiño,1996-07-29T00:00:00.000Z,177.0,left,Spain,RM,"LM,LW",
1325524,8600,Leonardo Buta,2002-06-05T00:00:00.000Z,182.0,left,Portugal,LB,,
1690831,9783,Bil Nsongo,2004-09-21T00:00:00.000Z,,,Cameroon,ST,,
1098594,9864,Julen Lobete,2000-09-18T00:00:00.000Z,177.0,right,Spain,LW,LM,
513707,357259,Pedro López,1995-01-21T00:00:00.000Z,187.0,right,Spain,GK,,
1294782,10279,Álvaro Martin,2001-01-15T00:00:00.000Z,174.0,left,Spain,CM,AM,
1110836,8372,Iván Gil,2000-01-18T00:00:00.000Z,168.0,right,Spain,ST,CM,
967085,7854,Roberto López,2000-04-24T00:00:00.000Z,178.0,left,Spain,CM,RW,
244963,9865,Rodrigo Ely,1993-11-03T00:00:00.000Z,188.0,right,Brazil,CB,,
1035390,96925,Javi Mier,1999-02-04T00:00:00.000Z,176.0,right,Spain,DM,"RB,AM",
766935,8696,Clément Michelin,1997-05-11T00:00:00.000Z,178.0,right,France,RB,,
1228047,10281,Mathis Lachuer,2000-08-31T00:00:00.000Z,185.0,left,France,CM,"DM,AM",
1086527,96925,Jordi Martín,2001-01-05T00:00:00.000Z,175.0,left,Spain,LW,LB,
1202029,10154,Alberto del Moral,2000-07-20T00:00:00.000Z,185.0,right,Spain,CM,DM,
1053835,1942,Martín Fernández,2001-05-08T00:00:00.000Z,183.0,right,Uruguay,CM,DM,
965013,8393,Samuel Obeng,1997-05-15T00:00:00.000Z,183.0,left,Ghana,ST,,
867647,7876,Víctor Mollejo,2001-01-21T00:00:00.000Z,176.0,left,Spain,ST,"RM,RW",
1036235,1123073,Pedro Ortiz,2000-08-19T00:00:00.000Z,184.0,left,Spain,CM,"DM,AM",
866969,357259,Carlos Redruello,1997-06-23T00:00:00.000Z,183.0,left,Spain,LB,RB,
1698628,8385,Juan Díaz,2006-05-24T00:00:00.000Z,,right,Spain,RB,,
303088,8385,Roger Martí,1991-01-03T00:00:00.000Z,179.0,right,Spain,ST,,
1076508,10279,Marc-Olivier Doué,2000-10-11T00:00:00.000Z,185.0,right,France,DM,CM,
182849,10279,Ronaldo,1990-04-08T00:00:00.000Z,178.0,right,Brazil,CM,DM,
999989,8372,Aritz Arambarri,1998-01-31T00:00:00.000Z,194.0,right,Spain,CB,,
842856,8394,Tachi,1997-09-10T00:00:00.000Z,184.0,right,Spain,CB,DM,
1664739,8306,Aboubacar Bassinga,2005-07-13T00:00:00.000Z,,left,Burkina Faso,RW,,
1322850,357259,Capa,1998-10-14T00:00:00.000Z,184.0,right,Spain,CB,RB,
850006,8003,Daniel Escriche,1998-03-24T00:00:00.000Z,178.0,right,Spain,ST,,
213500,583053,Álex Fernández,1992-10-15T00:00:00.000Z,182.0,right,Spain,DM,,
1092987,1753,Tomás Ribeiro,1999-04-30T00:00:00.000Z,185.0,left,Portugal,CB,,
1863806,161744,Unax Ayo,2006-10-22T00:00:00.000Z,,,Spain,CB,,
1553127,161850,Iker Varela,2003-03-01T00:00:00.000Z,186.0,,Spain,ST,"RM,LW",
1067725,8385,Iuri Tabatadze,1999-11-29T00:00:00.000Z,,left,Georgia,RW,"LM,LW",
1003309,357259,Jordi Escobar,2002-02-10T00:00:00.000Z,186.0,right,Spain,ST,,
1206542,8696,Suleiman Camara,2001-12-07T00:00:00.000Z,,right,Gambia,LW,LM,
797132,9748,Paul Akouokou,1997-12-20T00:00:00.000Z,181.0,right,Ivory Coast,DM,CM,
1350255,7854,Sebastián Figueredo,2001-08-25T00:00:00.000Z,180.0,right,Uruguay,RB,"CB,RM",
174854,9783,Sergio Escudero,1989-09-02T00:00:00.000Z,176.0,left,Spain,LB,,
864236,9865,Patrick Soko,1997-10-31T00:00:00.000Z,176.0,right,Cameroon,ST,,
1801074,8394,Raúl Pereira,2005-05-10T00:00:00.000Z,,left,Spain,LB,,
1091369,9869,Pablo García,2000-06-05T00:00:00.000Z,178.0,left,Spain,LB,LM,
1526620,9867,Víctor Moreno,2005-09-30T00:00:00.000Z,174.0,,Spain,LM,RW,
1353441,677122,Alfred Caicedo,2004-09-10T00:00:00.000Z,179.0,,Ecuador,RB,CB,
1863722,7854,Marcos Leiva,2005-03-26T00:00:00.000Z,,,Spain,RB,,
1704391,9865,Thalys,2005-02-22T00:00:00.000Z,184.0,left,Brazil,ST,,
1229058,9783,Charlie Patino,2003-10-17T00:00:00.000Z,182.0,left,England,DM,CM,
496728,8385,David Gil,1994-01-11T00:00:00.000Z,183.0,right,Spain,GK,,
1669621,9864,Aarón Ochoa,2007-04-18T00:00:00.000Z,170.0,right,Ireland,LM,AM,
936790,96925,Quique Fornos,1997-01-01T00:00:00.000Z,181.0,left,Spain,CB,,
1842921,7881,Ale Gomes,2008-02-14T00:00:00.000Z,,,Spain,CB,RB,
1443858,96925,Ro Abajas,2003-05-12T00:00:00.000Z,186.0,left,Spain,LB,,
1348100,8394,Mawuli Mensah,2003-11-15T00:00:00.000Z,172.0,right,Ghana,DM,,
1366899,8385,Joaquín,2000-10-14T00:00:00.000Z,,,Spain,DM,CM,
937414,203826,Homam El Amin,1999-08-25T00:00:00.000Z,188.0,left,Qatar,LB,"LWB,LM,LW",
1411496,9864,Dani Sánchez,2000-01-14T00:00:00.000Z,171.0,left,Spain,LB,,
1106821,7869,Carlos Marín,1997-02-22T00:00:00.000Z,187.0,right,Spain,GK,,
1448033,494050,Alex Calvo,2004-02-20T00:00:00.000Z,170.0,left,Spain,LB,,
1093698,8670,Aritz Aldasoro,1999-06-05T00:00:00.000Z,176.0,right,Spain,DM,CM,
922897,357259,Álex Petxa,1997-02-06T00:00:00.000Z,180.0,right,Spain,RB,,
605507,9865,André Horta,1996-11-07T00:00:00.000Z,175.0,right,Portugal,DM,,
543301,8000,Pibe,1996-01-31T00:00:00.000Z,177.0,left,Argentina,RM,"RW,ST",
638734,9869,Kevin Vázquez,1993-03-23T00:00:00.000Z,173.0,right,Spain,RB,CB,
1260010,6210,Ángel Recio,2003-01-05T00:00:00.000Z,,right,Spain,CB,,
1368330,7869,Théo Zidane,2002-05-18T00:00:00.000Z,194.0,right,France,CM,,
1785753,10281,Trilli,2003-05-19T00:00:00.000Z,184.0,right,Spain,RB,,
1436230,7878,Sergio Rodelas,2004-12-01T00:00:00.000Z,168.0,left,Spain,LW,,
1693392,8603,Ismael Barea,2005-07-16T00:00:00.000Z,185.0,right,Spain,CM,,
1665439,10171,Andrés Cuenca,2007-06-11T00:00:00.000Z,186.0,left,Spain,CB,LB,
696449,8385,Javi Ontiveros,1997-09-09T00:00:00.000Z,172.0,right,Spain,LM,,
1299589,10278,Yago Cantero,2000-01-26T00:00:00.000Z,,left,Spain,CB,,
573742,8392,Jon García,1991-06-04T00:00:00.000Z,178.0,right,Spain,CB,,
1248024,4032,Álex Suárez,2003-08-25T00:00:00.000Z,174.0,right,Spain,LM,"CM,AM,LW",
303224,4032,Sergio Postigo,1988-11-04T00:00:00.000Z,185.0,right,Spain,CB,,
1669636,7854,Carlos Guirao,2003-04-27T00:00:00.000Z,175.0,right,Spain,DM,,
675095,866111,Mario González,1996-02-25T00:00:00.000Z,183.0,left,Spain,ST,,
1727299,10281,Hugo San Modesto,2005-10-24T00:00:00.000Z,,left,Spain,LB,,
722830,9864,Eneko Jauregi,1996-07-13T00:00:00.000Z,184.0,right,Spain,ST,,
1682166,8394,Hugo Pinilla,2006-04-28T00:00:00.000Z,,,Spain,LW,LM,
1168852,8696,Íñigo Sainz-Maza,1998-06-16T00:00:00.000Z,184.0,right,Spain,DM,CM,
970550,8558,José Gragera,2000-05-14T00:00:00.000Z,186.0,right,Spain,DM,CM,
1526611,8306,Juanma Herzog,2004-05-13T00:00:00.000Z,186.0,right,Spain,CB,,
792783,96925,Jaime Seoane,1997-01-22T00:00:00.000Z,177.0,right,Spain,DM,,
1557193,6547,Adrián Pica,2002-04-25T00:00:00.000Z,190.0,right,Spain,CB,,
1313343,9869,Dani Queipo,2002-05-22T00:00:00.000Z,168.0,right,Spain,LW,,
1721551,8385,Efe Ugiagbe,2004-06-11T00:00:00.000Z,,right,Nigeria,LW,,
940745,8393,Victor San Bartolomé,1999-10-26T00:00:00.000Z,186.0,,Spain,CM,ST,
1441736,8696,Simon Eriksson,2006-04-24T00:00:00.000Z,,right,Sweden,GK,,
1426185,161744,Alex Lebarbier,2004-08-23T00:00:00.000Z,,right,France,DM,,
425985,1753,Nemanja Radoja,1993-02-06T00:00:00.000Z,186.0,right,Serbia,CM,DM,
1209446,9869,Jesús Bernal,1996-12-25T00:00:00.000Z,183.0,right,Spain,DM,,
16412,9866,Nikola Maras,1995-12-19T00:00:00.000Z,189.0,right,Serbia,CB,,
1526226,10281,Iván Garriel,2005-04-03T00:00:00.000Z,177.0,left,Spain,LB,,
937314,1123073,Gonzalo Almenara,1997-05-15T00:00:00.000Z,174.0,right,Spain,RB,,
1717513,9867,Baba Diocou,2005-06-10T00:00:00.000Z,,right,Spain,ST,LW,
595138,357259,Salvi Sánchez,1991-03-30T00:00:00.000Z,175.0,right,Spain,RW,,
889222,371716,Cristian Rodríguez,1996-03-15T00:00:00.000Z,180.0,right,Spain,AM,,
1021593,8691,Xeber Alkain,1997-06-26T00:00:00.000Z,174.0,right,Spain,RW,"AM,LW",
1649316,101919,Aarón Martín,2006-11-24T00:00:00.000Z,175.0,right,Spain,CM,,
1216019,7869,Juan Alcedo,2001-02-05T00:00:00.000Z,178.0,left,Spain,LB,CB,
748378,488099,Jordi Mboula,1999-03-16T00:00:00.000Z,183.0,right,Spain,LW,LM,
1202048,8306,Cristian Gutiérrez,2000-11-30T00:00:00.000Z,177.0,left,Spain,LB,,
1042107,96925,Álex Cantero,2000-06-08T00:00:00.000Z,178.0,right,Spain,LW,,
1457935,7876,Mateo Mejía,2003-03-31T00:00:00.000Z,188.0,right,Colombia,ST,,
1321439,7869,Percan,2001-11-13T00:00:00.000Z,,,Spain,ST,,
1700855,8393,Capi,2006-08-23T00:00:00.000Z,,right,Spain,CM,RM,
1396267,146408,Kenneth Obinna Mamah,1998-05-05T00:00:00.000Z,182.0,right,Nigeria,RW,LW,
1351099,161744,Ekain Orobengoa,2004-06-17T00:00:00.000Z,,right,Spain,ST,LM,
213502,357259,José Campana,1993-05-31T00:00:00.000Z,179.0,right,Spain,CM,,
640683,7876,Aitor Buñuel,1998-02-10T00:00:00.000Z,173.0,right,Spain,RB,,
971433,109705,Ignacio Laquintana,1999-02-01T00:00:00.000Z,173.0,right,Uruguay,RW,RM,
1331311,9869,Amadou Coundoul,2002-05-19T00:00:00.000Z,,right,Senegal,ST,,
1439394,8394,Pau Sans,2004-11-24T00:00:00.000Z,177.0,right,Spain,RW,"LM,LW,ST",
671595,7878,Álvaro Lemos,1993-03-30T00:00:00.000Z,175.0,right,Spain,RB,,
1441822,4032,Hodei Arrillaga,2004-05-21T00:00:00.000Z,175.0,left,Spain,LB,,
905441,10279,Raúl Sánchez,1997-11-08T00:00:00.000Z,188.0,left,Spain,LM,"RM,LW,ST",
194660,8385,Lucas Pérez,1988-09-10T00:00:00.000Z,180.0,left,Spain,ST,,
1791769,8696,Sergio Martínez,2007-05-15T00:00:00.000Z,,,Spain,ST,,
1047322,8394,Paulino de la Fuente,1997-06-27T00:00:00.000Z,181.0,left,Spain,RM,,
1825696,7878,Juanjo,2007-01-28T00:00:00.000Z,188.0,,Spain,CB,,
792249,494050,Marc Cardona,1995-07-08T00:00:00.000Z,183.0,right,Spain,ST,,
1532038,10281,Mohamed Jaouab,2002-05-14T00:00:00.000Z,190.0,right,Morocco,CB,,
1323483,1753,Yayo,2004-07-30T00:00:00.000Z,,right,Spain,CM,DM,
1088749,6628,Luis Asué,2001-07-09T00:00:00.000Z,184.0,left,Equatorial Guinea,ST,RW,
829109,10279,Amir Abedzadeh,1993-04-26T00:00:00.000Z,186.0,right,Iran,GK,,
1419315,10279,Tincho Conde,2003-03-25T00:00:00.000Z,167.0,left,Spain,LB,,
1757280,10281,Ibrahim Alani,2006-07-29T00:00:00.000Z,,right,Nigeria,CM,,
1362672,10281,Lucas Sanseviero,2000-08-05T00:00:00.000Z,180.0,right,Uruguay,LM,"RW,ST",
1668571,8581,Dani Martín,2005-09-26T00:00:00.000Z,188.0,right,Spain,GK,,
295198,1753,Eneko Satrústegui,1990-09-25T00:00:00.000Z,184.0,left,Spain,CB,,
827669,8683,Nikola Cumic,1998-11-20T00:00:00.000Z,176.0,right,Serbia,RW,LW,
1299596,8394,Jokin Gabilondo,1999-04-09T00:00:00.000Z,176.0,right,Spain,RB,,
1766338,8393,Daniel Bernabéu,2007-01-15T00:00:00.000Z,,,Spain,LWB,,
902647,9865,Chumi,1999-03-02T00:00:00.000Z,186.0,right,Spain,CB,,
1453215,7880,Mario Maroto,2003-11-28T00:00:00.000Z,176.0,left,Spain,midfielder,,
955586,9783,Mohamed Bouldini,1995-11-27T00:00:00.000Z,184.0,right,Morocco,ST,,
1345053,7876,Brais Martínez,2001-12-13T00:00:00.000Z,175.0,left,Spain,LB,,
1819365,161744,Iker Calderon,2006-03-27T00:00:00.000Z,,,Spain,CB,,
231821,8554,Aridane Hernández,1989-03-23T00:00:00.000Z,188.0,right,Equatorial Guinea,CB,,
1421182,96925,Michael Agbekpornu,1998-08-31T00:00:00.000Z,177.0,,Ghana,DM,CM,
1025773,8670,Daniel Paraschiv,1999-04-24T00:00:00.000Z,184.0,right,Romania,ST,,
841973,10281,Vegard Østraat Erlien,1998-06-24T00:00:00.000Z,,,Norway,ST,,
1563625,7876,Fermín García,2003-09-30T00:00:00.000Z,,right,Spain,LM,,
1386351,9997,Andrés Ferrari,2003-01-03T00:00:00.000Z,190.0,right,Uruguay,ST,AM,
522083,7876,Pablo Galdames,1996-12-30T00:00:00.000Z,172.0,right,Chile,CM,,
915987,9865,Edgar González,1997-04-01T00:00:00.000Z,193.0,right,Spain,CB,,
1356385,10281,Jorge Delgado,2002-11-09T00:00:00.000Z,185.0,,Spain,ST,RW,
956937,9771,Christian Sánchez,1999-07-09T00:00:00.000Z,193.0,left,Cuba,GK,,
639384,8554,Toni Villa,1995-01-07T00:00:00.000Z,171.0,right,Spain,RM,,
1034755,8683,Anderson Arroyo,1999-09-27T00:00:00.000Z,176.0,right,Colombia,RWB,"RB,LWB,RM,LW",
1126176,7869,Adilson,1997-03-21T00:00:00.000Z,169.0,right,Portugal,midfielder,,
865030,8385,Rominigue Kouamé,1996-12-17T00:00:00.000Z,177.0,left,Mali,CM,DM,
797758,8239,Martin Hongla,1998-03-16T00:00:00.000Z,183.0,right,Cameroon,DM,CM,
1251926,212820,Hugo Pérez,2002-12-16T00:00:00.000Z,189.0,right,Spain,CB,,
1111981,1523707,Lázaro,2002-03-12T00:00:00.000Z,180.0,right,Brazil,ST,LM,
1814117,189627,Manex Lozano,2007-02-23T00:00:00.000Z,,,Spain,ST,,
1526614,8306,Inaki González,2004-07-27T00:00:00.000Z,,,Spain,DM,,
282691,8372,Juan Bernat,1993-03-01T00:00:00.000Z,172.0,left,Spain,defender,,
1396101,7876,Saúl del Cerro,2004-05-20T00:00:00.000Z,185.0,left,Spain,CB,,
1284492,8394,Samed Bazdar,2004-01-31T00:00:00.000Z,186.0,right,Bosnia and Herzegovina,ST,CM,
1082957,9864,Ramón Enríquez,2001-04-19T00:00:00.000Z,173.0,right,Spain,midfielder,,
1700529,161777,Pablo López,2006-03-27T00:00:00.000Z,,right,Spain,forward,,
1697390,161744,Joan Oleaga,2006-03-07T00:00:00.000Z,,,Spain,midfielder,,
1336008,7876,Marcelo Expósito,2003-02-15T00:00:00.000Z,181.0,right,Spain,CM,,
1436222,8385,Jerónimo Dómina,2005-10-17T00:00:00.000Z,171.0,right,Argentina,forward,,
1225417,8696,Juan Carlos Arana,2000-02-08T00:00:00.000Z,178.0,right,Spain,ST,,
500791,9783,Cristian Herrera,1991-03-13T00:00:00.000Z,189.0,left,Spain,ST,,
1561066,1291621,Diego Sia,2006-03-10T00:00:00.000Z,,,Italy,RW,,
303935,8392,Juanto Ortuño,1992-02-11T00:00:00.000Z,177.0,right,Spain,ST,,
1678719,10281,Angel Carvajal,2004-03-19T00:00:00.000Z,180.0,,Spain,ST,,
1256463,9864,Álex Pastor,1999-10-01T00:00:00.000Z,186.0,right,Spain,CB,,
1258102,8369,Plamen Andreev,2004-12-15T00:00:00.000Z,189.0,right,Bulgaria,GK,,
1609840,8306,Jeremía Recoba,2003-10-08T00:00:00.000Z,176.0,right,Uruguay,midfielder,,
1130568,9867,Iván Chapela,1999-05-21T00:00:00.000Z,181.0,right,Spain,forward,,
1330956,1524591,Tommaso De Nipoti,2003-07-23T00:00:00.000Z,180.0,,Italy,forward,,
1205428,10279,Álvaro Garcia,1999-10-28T00:00:00.000Z,,,Spain,midfielder,,
1614488,8394,Lucas Terrer,2005-06-07T00:00:00.000Z,,,Spain,midfielder,,
1337963,8259,Nick Markanich,1999-12-26T00:00:00.000Z,185.0,right,Philippines,ST,RW,
1557445,494050,Aitor Uzkudun,2000-12-13T00:00:00.000Z,,,Spain,forward,,
1694690,7876,Mario Cantero,2002-03-13T00:00:00.000Z,,right,Spain,CM,,
1720520,9865,Pedro Cedillo,2007-06-18T00:00:00.000Z,,right,Spain,CB,,
1821442,9783,Noé,2006-12-28T00:00:00.000Z,,,Spain,midfielder,,
1665354,7854,Benjamin Pauwels,2004-10-29T00:00:00.000Z,181.0,right,Belgium,LW,,
1928324,357259,Arick Betancourt,2004-05-31T00:00:00.000Z,,right,Spain,midfielder,,
783699,8306,José Antonio Caro,1994-05-03T00:00:00.000Z,184.0,right,Spain,GK,,
488970,8394,Sinan Bakis,1994-04-22T00:00:00.000Z,186.0,right,Turkiye,forward,,
1680359,7878,Pere Haro,2004-05-20T00:00:00.000Z,,left,Spain,LB,,
1214017,357259,Ignacio Schor,2000-08-04T00:00:00.000Z,183.0,right,Argentina,ST,LW,
1305566,10278,Manu Rico,2003-01-10T00:00:00.000Z,,,Spain,CM,,
573744,494050,Nico Ratti,1993-09-18T00:00:00.000Z,174.0,right,Argentina,GK,,
441441,165228,Ager Aketxe,1993-12-30T00:00:00.000Z,174.0,left,Spain,RW,,
1677047,1123073,Ismael Fadel,2004-03-10T00:00:00.000Z,,right,Morocco,defender,,
1433070,10081,Óscar Cortés,2003-12-03T00:00:00.000Z,176.0,right,Colombia,LW,"LM,RW,ST",
766159,10081,Jordy Caicedo,1997-11-18T00:00:00.000Z,186.0,right,Ecuador,ST,,
573748,8696,Jaime Mata,1988-10-24T00:00:00.000Z,185.0,right,Spain,forward,,
1244275,9763,Luka Gagnidze,2003-02-28T00:00:00.000Z,175.0,right,Georgia,midfielder,,
985327,371716,Manu Sánchez,1996-03-24T00:00:00.000Z,183.0,right,Spain,defender,,
1800453,8696,Santi Franco,2004-08-18T00:00:00.000Z,,,Spain,forward,,
616541,8392,Óscar Gil,1995-06-14T00:00:00.000Z,182.0,right,Spain,defender,,
629921,7869,Nikolay Obolskiy,1997-01-14T00:00:00.000Z,186.0,left,Russia,forward,,
1220748,9864,Haitam Abaida,2002-06-01T00:00:00.000Z,172.0,left,Morocco,midfielder,,
1541926,8306,Edward Cedeño,2003-07-05T00:00:00.000Z,188.0,right,Panama,CM,,
1670225,8370,Etienne Eto'o,2002-08-18T00:00:00.000Z,191.0,right,Cameroon,forward,,
1553774,10281,Adrián Arnuncio,2007-03-04T00:00:00.000Z,185.0,right,Spain,ST,,
821240,8173,Shon Weissman,1996-02-14T00:00:00.000Z,174.0,right,Israel,ST,AM,
963857,10278,Andy Escudero,1999-07-10T00:00:00.000Z,,left,Spain,midfielder,,
1683826,7878,Íker García,2006-04-02T00:00:00.000Z,,,Spain,keeper,,
1800282,357259,Josema,2003-03-08T00:00:00.000Z,,,Spain,midfielder,,
1810878,8696,Laro Gómez,2006-10-16T00:00:00.000Z,,,Spain,keeper,,
1842698,7854,Djibril Gueye,2006-10-06T00:00:00.000Z,,,Spain,CB,,
1336022,9783,Rubén Lopez,2004-08-26T00:00:00.000Z,175.0,left,Spain,LB,,
1576882,4696,Serpeta,2000-04-07T00:00:00.000Z,179.0,right,Spain,forward,,
358146,1753,Miguel Bañuz,1993-06-26T00:00:00.000Z,186.0,right,Spain,GK,,
1668267,8306,Valentín Pezzolesi,2007-04-16T00:00:00.000Z,,right,Argentina,defender,,
1382377,9865,Marko Perovic,2006-03-05T00:00:00.000Z,177.0,left,Montenegro,LB,,
1933361,7878,Rayan Zinebi,2007-03-18T00:00:00.000Z,,,Spain,forward,,
719063,357259,Manu Vallejo,1997-02-14T00:00:00.000Z,167.0,right,Spain,LW,,
658135,6387,Nicolás Benedetti,1997-04-25T00:00:00.000Z,177.0,right,Colombia,AM,"RW,ST",
391165,8393,Higinio Marín,1993-10-19T00:00:00.000Z,184.0,right,Spain,forward,,
643668,9869,Mamadou Loum Ndiaye,1996-12-30T00:00:00.000Z,188.0,right,Senegal,midfielder,,
1600978,7732,Antal Yaakobishvili,2004-07-12T00:00:00.000Z,193.0,both,Hungary,CB,,
1609513,8394,Hugo Barrachina,2006-08-30T00:00:00.000Z,,,Spain,defender,,
1560756,8400,Darío Ramírez,2005-01-14T00:00:00.000Z,,,Spain,forward,,
639767,165165,Martín Merquelanz,1995-06-12T00:00:00.000Z,176.0,left,Spain,forward,,
1897363,161744,Andrews Adjabeng,2006-03-04T00:00:00.000Z,,,Ghana,forward,,
1224719,9908,Noah Ohio,2003-01-16T00:00:00.000Z,183.0,left,Netherlands,ST,,
1578422,1784557,Jakes Gorosabel,2004-06-29T00:00:00.000Z,,right,Spain,forward,,
1639176,9869,Pierre Mbemba,2004-04-11T00:00:00.000Z,,right,France,defender,,
1677699,7854,Said Imigene,2005-01-16T00:00:00.000Z,189.0,,Mauritania,defender,,
1021303,10279,Douglas Aurélio,1999-03-27T00:00:00.000Z,183.0,left,Brazil,forward,,
1541821,8696,Diego Fuentes,2003-09-01T00:00:00.000Z,175.0,,Spain,midfielder,,
683761,158085,Javi Sánchez,1997-03-14T00:00:00.000Z,189.0,right,Spain,CB,,
1106969,7854,Rubén Pulido,2000-09-02T00:00:00.000Z,184.0,right,Spain,defender,,
1800640,7878,Mario Jiménez,2007-07-01T00:00:00.000Z,,,Spain,forward,,
964391,8394,William Agada,1999-09-17T00:00:00.000Z,176.0,,Nigeria,ST,,
1804423,8394,Manuel Obón,2002-08-28T00:00:00.000Z,,,Spain,keeper,,
1689683,96925,Marc Aznar,2006-01-10T00:00:00.000Z,,right,Spain,defender,,
1250493,9869,Yannmael Kembo Diantela,2002-03-20T00:00:00.000Z,196.0,left,France,CB,,
640611,96925,Joaquin Fernández,1996-05-31T00:00:00.000Z,190.0,left,Spain,CB,,
1678845,8372,Hugo García,2005-09-08T00:00:00.000Z,,,Spain,forward,,
1833800,9869,Miguel Conde,2006-02-25T00:00:00.000Z,,,Spain,forward,,
1975603,1753,Alejandro Morante,2006-04-26T00:00:00.000Z,,,Spain,forward,,
1971152,4032,Julen Martinez,2005-04-20T00:00:00.000Z,,,Spain,midfielder,,
1797985,7854,Andrés Campos,2002-05-14T00:00:00.000Z,178.0,,Spain,forward,,
1585850,10281,Xavi Moreno,2004-11-05T00:00:00.000Z,,left,Spain,defender,,
1675961,7869,Marcelo Timorán,2006-07-08T00:00:00.000Z,189.0,left,Bolivia,LB,,
1467817,96925,Diego Aznar,2003-09-20T00:00:00.000Z,,,Spain,forward,,
1997604,8393,Fabio Garcia,2008-01-31T00:00:00.000Z,,,Spain,forward,,
1693550,8696,Diego Díaz,2005-05-31T00:00:00.000Z,173.0,,Spain,forward,,
787440,10079,Lucas Robertone,1997-03-18T00:00:00.000Z,175.0,right,Argentina,DM,,
1596085,161744,Sydney Osazuwa,2007-04-21T00:00:00.000Z,193.0,,Spain,forward,,
1842889,9869,Nico Riestra,2007-05-30T00:00:00.000Z,,right,Spain,midfielder,,
1677235,7878,Samu Cortés,2006-01-09T00:00:00.000Z,,left,Spain,forward,,
1846800,10281,Mario Dominguez,2009-01-23T00:00:00.000Z,,,Spain,forward,,
477615,8306,Sandro Ramírez,1995-07-09T00:00:00.000Z,175.0,right,Spain,forward,,
2010825,96925,Pablo Osan,2007-02-03T00:00:00.000Z,,,Spain,forward,,
1797995,1753,Guzmán Ortega,2004-01-12T00:00:00.000Z,,right,Spain,defender,,
1696065,7878,Dominique A Moubeke,2005-09-11T00:00:00.000Z,182.0,,Cameroon,midfielder,,
497763,4032,Mickaël Malsa,1995-10-12T00:00:00.000Z,178.0,right,France,midfielder,,
1677121,1753,Nico Toca,2003-03-18T00:00:00.000Z,,,Spain,midfielder,,
1832946,8394,Jaime Tobajas,2006-12-15T00:00:00.000Z,,,Spain,midfielder,,
1204394,7841,Tamás Nikitscher,1999-11-03T00:00:00.000Z,193.0,right,Hungary,DM,CM,
1842693,8393,Alberto Morientes,2006-11-14T00:00:00.000Z,,,Spain,forward,,
1827435,10281,Brain Obosso,2004-12-17T00:00:00.000Z,,,Nigeria,forward,,
1693771,9783,Samu Fernández,2007-03-17T00:00:00.000Z,,right,Spain,defender,,
1927873,357259,Sergio Gonzalez,2007-01-01T00:00:00.000Z,,,Spain,forward,,
1988354,7869,Javi Antras,2007-01-21T00:00:00.000Z,,,Spain,midfielder,,
1691039,96925,Willy Chatiliez,2005-03-26T00:00:00.000Z,175.0,left,Chile,forward,,
1988605,161748,Alejandro Galdeano,2007-11-04T00:00:00.000Z,,,Spain,defender,,
1748414,9869,Enol Prendes,2004-05-31T00:00:00.000Z,,right,Spain,forward,,
1800533,8372,Oier Llorente,2005-03-24T00:00:00.000Z,,right,Spain,defender,,
1436269,10278,Isaac Obeng,2003-05-10T00:00:00.000Z,182.0,left,Ghana,forward,,
1888430,161744,Pello Arana,2006-08-11T00:00:00.000Z,,,Spain,defender,,
1714756,9865,Houssam Kounia,2007-01-10T00:00:00.000Z,,,Morocco,forward,,
1313339,9869,Álex Oyon,2003-01-23T00:00:00.000Z,171.0,both,Spain,forward,,
1520675,8306,Adam Arvelo,2005-05-31T00:00:00.000Z,173.0,left,Spain,forward,,
1666301,10279,Michal Willmann,2004-07-22T00:00:00.000Z,170.0,,Poland,defender,,
1712755,8393,Jota,2006-05-14T00:00:00.000Z,,right,Spain,defender,,
1988827,494050,Victor Chumachenko,2006-01-01T00:00:00.000Z,,,Spain,midfielder,,
2010609,8385,Pablo Arana,2006-02-11T00:00:00.000Z,,,Spain,midfielder,,
1988576,357259,Adri Rueda,2004-01-04T00:00:00.000Z,,,Spain,forward,,
