tm_player_id,fotmob_player_id,fotmob_name,tm_name,status
262749,562727,David Raya,David Raya,matched
357662,654096,Declan Rice,Declan Rice,matched
423440,1031325,Martín Zubimendi,Martín Zubimendi,matched
435338,795179,Gabriel,Gabriel,matched
495666,955406,William Saliba,William Saliba,matched
420243,942381,Jurriën Timber,Jurriën Timber,matched
325443,664500,Viktor Gyökeres,Viktor Gyökeres,matched
433177,961995,Bukayo Saka,Bukayo Saka,matched
479999,818975,Eberechi Eze,Eberechi Eze,matched
659813,1137667,Piero Hincapié,Piero Hincapié,matched
502821,1105912,Riccardo Calafiori,Riccardo Calafiori,matched
316264,534670,Martin Ødegaard,Martin Ødegaard,matched
503987,1084981,Noni Madueke,Noni Madueke,matched
655488,1021586,Gabriel Martinelli,Gabriel Martinelli,matched
338424,574645,Mikel Merino,Mikel Merino,matched
646750,1298907,Cristhian Mosquera,Cristhian Mosquera,matched
335721,776151,Ben White,Ben White,matched
890721,1406436,Myles Lewis-Skelly,Myles Lewis-Skelly,matched
309400,749736,Kai Havertz,Kai Havertz,matched
363205,576165,Gabriel Jesus,Gabriel Jesus,matched
1187629,1635773,Max Dowman,Max Dowman,matched
148367,266520,Christian Nørgaard,Christian Nørgaard,matched
192279,317564,Kepa Arrizabalaga,Kepa Arrizabalaga,matched
583255,933576,Antoine Semenyo,Antoine Semenyo,matched
392757,844425,Marc Guéhi,Marc Guéhi,matched
315858,618878,Gianluigi Donnarumma,Gianluigi Donnarumma,matched
418560,737066,Erling Haaland,Erling Haaland,matched
601883,955529,Matheus Nunes,Matheus Nunes,matched
743413,1300526,Nico O'Reilly,Nico O'Reilly,matched
258004,614006,Rúben Dias,Rúben Dias,matched
406635,815006,Phil Foden,Phil Foden,matched
607223,1104053,Rayan Cherki,Rayan Cherki,matched
486049,942368,Jérémy Doku,Jérémy Doku,matched
460939,868344,Tijjani Reijnders,Tijjani Reijnders,matched
466805,1280132,Nico González,Nico González,matched
357565,675088,Rodri,Rodri,matched
763079,1362998,Abdukodir Khusanov,Abdukodir Khusanov,matched
475959,1070712,Josko Gvardiol,Josko Gvardiol,matched
578391,933845,Rayan Aït-Nouri,Rayan Aït-Nouri,matched
743591,1174337,Savinho,Savinho,matched
445939,839204,Omar Marmoush,Omar Marmoush,matched
701057,1288450,Rico Lewis,Rico Lewis,matched
566799,1187213,James Trafford,James Trafford,matched
843595,1414691,Max Alleyne,Max Alleyne,matched
51471,239219,Mateo Kovacic,Mateo Kovacic,matched
183288,362694,Luke Shaw,Luke Shaw,matched
240306,422685,Bruno Fernandes,Bruno Fernandes,matched
503883,1178602,Senne Lammens,Senne Lammens,matched
413039,923312,Bryan Mbeumo,Bryan Mbeumo,matched
357147,751550,Diogo Dalot,Diogo Dalot,matched
517894,863098,Matheus Cunha,Matheus Cunha,matched
536835,1070052,Amad Diallo,Amad Diallo,matched
923831,1358581,Leny Yoro,Leny Yoro,matched
177907,255610,Harry Maguire,Harry Maguire,matched
820374,1292810,Kobbie Mainoo,Kobbie Mainoo,matched
627442,1073977,Benjamin Sesko,Benjamin Sesko,matched
926952,1526560,Patrick Dorgu,Patrick Dorgu,matched
480762,847983,Lisandro Martínez,Lisandro Martínez,matched
326031,769895,Matthijs de Ligt,Matthijs de Ligt,matched
346483,750032,Mason Mount,Mason Mount,matched
340456,775539,Noussair Mazraoui,Noussair Mazraoui,matched
1078163,1559639,Ayden Heaven,Ayden Heaven,matched
476701,1035614,Manuel Ugarte,Manuel Ugarte,matched
435648,950830,Joshua Zirkzee,Joshua Zirkzee,matched
336077,866967,Altay Bayindir,Altay Bayındır,matched
413403,710159,Ezri Konsa,Ezri Konsa,matched
425334,729731,Matty Cash,Matty Cash,matched
324358,540088,Ollie Watkins,Ollie Watkins,matched
111873,268375,Emiliano Martínez,Emiliano Martínez,matched
193116,356406,John McGinn,John McGinn,matched
126664,210111,Lucas Digne,Lucas Digne,matched
485706,1185748,Amadou Onana,Amadou Onana,matched
321247,610184,Emiliano Buendía,Emiliano Buendía,matched
399776,792645,Pau Torres,Pau Torres,matched
485585,966026,Ian Maatsen,Ian Maatsen,matched
394327,816325,Boubacar Kamara,Boubacar Kamara,matched
253677,419664,Tyrone Mings,Tyrone Mings,matched
645686,1190033,Lamare Bogarde,Lamare Bogarde,matched
184573,258269,Victor Nilsson Lindelöf,Victor Lindelöf,matched
131978,215384,Ross Barkley,Ross Barkley,matched
124884,195782,Marco Bizot,Marco Bizot,matched
387626,671331,Leon Bailey,Leon Bailey,matched
331726,749661,Tammy Abraham,Tammy Abraham,matched
1005583,1656860,Alysson Edward,Alysson,matched
139208,209405,Virgil van Dijk,Virgil van Dijk,matched
451276,846005,Dominik Szoboszlai,Dominik Szoboszlai,matched
478573,956683,Ryan Gravenberch,Ryan Gravenberch,matched
434675,806552,Cody Gakpo,Cody Gakpo,matched
534033,831489,Alexis Mac Allister,Alexis Mac Allister,matched
598577,1152455,Florian Wirtz,Florian Wirtz,matched
105470,319784,Alisson Becker,Alisson,matched
730861,1195281,Milos Kerkez,Milos Kerkez,matched
433188,933768,Curtis Jones,Curtis Jones,matched
709726,1197030,Hugo Ekitiké,Hugo Ekitiké,matched
484547,966018,Jeremie Frimpong,Jeremie Frimpong,matched
624258,1113690,Conor Bradley,Conor Bradley,matched
502676,948800,Giorgi Mamardashvili,Giorgi Mamardashvili,matched
349066,690107,Alexander Isak,Alexander Isak,matched
256178,568571,Joseph Gomez,Joe Gomez,nickname
1108466,1597668,Rio Ngumoha,Rio Ngumoha,matched
341092,784510,Federico Chiesa,Federico Chiesa,matched
226049,582276,Freddie Woodman,Freddie Woodman,matched
146310,202643,Wataru Endo,Wataru Endo,matched
706815,1236818,Harvey Davies,Harvey Davies,matched
465555,1067256,Djordje Petrovic,Djordje Petrovic,matched
654539,1177358,Adrien Truffert,Adrien Truffert,matched
855256,1233655,Alex Scott,Alex Scott,matched
711337,1098096,Evanilson,Evanilson,matched
399434,789630,Marcus Tavernier,Marcus Tavernier,matched
611793,959407,James Hill,James Hill,matched
332705,729769,Tyler Adams,Tyler Adams,matched
955357,1460534,Junior Kroupi,Junior Kroupi,matched
463605,979752,Bafodé Diakité,Bafodé Diakité,matched
277033,674014,David Brooks,David Brooks,matched
1012564,1478295,Rayan,Rayan,matched
532776,1079557,Amine Adli,Amine Adli,matched
61841,160447,Adam Smith,Adam Smith,matched
188077,439369,Ryan Christie,Ryan Christie,matched
330659,794253,Justin Kluivert,Justin Kluivert,matched
249089,562724,Lewis Cook,Lewis Cook,matched
989112,1666977,Veljko Milosavljevic,Veljko Milosavljevic,matched
251106,464486,Enes Ünal,Enes Ünal,matched
998101,1449690,Alex Tóth,Alex Tóth,matched
719673,1324871,Ben Gannon-Doak,Ben Gannon-Doak,matched
1009658,1358655,Julio Soler,Julio Soler,matched
646991,1125720,Robin Roefs,Robin Roefs,matched
515544,1067763,Trai Hume,Trai Hume,matched
111455,207236,Granit Xhaka,Granit Xhaka,matched
633992,1049999,Enzo Le Fée,Enzo Le Fée,matched
727089,1359649,Noah Sadiki,Noah Sadiki,matched
353032,751998,Omar Alderete,Omar Alderete,matched
348026,602304,Nordi Mukiele,Nordi Mukiele,matched
503686,974268,Daniel Ballard,Dan Ballard,nickname
240692,600524,Reinildo,Reinildo Mandava,matched
473169,940446,Brian Brobbey,Brian Brobbey,matched
743384,1368654,Chemsdine Talbi,Chemsdine Talbi,matched
876631,1285866,Habib Diarra,Habib Diarra,matched
494237,887703,Wilson Isidor,Wilson Isidor,matched
947411,1327319,Chris Rigg,Chris Rigg,matched
282939,480253,Luke O'Nien,Luke O'Nien,matched
903611,1287010,Nilson Angulo,Nilson Angulo,matched
696181,1123947,Romaine Mundle,Romaine Mundle,matched
605426,1186615,Melker Ellborg,Melker Ellborg,matched
1322090,1690655,Jocelin Ta Bi,Jocelin Ta Bi,matched
565093,1131987,Bart Verbruggen,Bart Verbruggen,matched
369316,774448,Ferdi Kadioglu,Ferdi Kadıoğlu,matched
148153,201690,Lewis Dunk,Lewis Dunk,matched
1012534,1400227,Yankuba Minteh,Yankuba Minteh,matched
67063,113836,Danny Welbeck,Danny Welbeck,matched
996897,1354561,Diego Gómez,Diego Gómez,matched
667287,1168311,Yasin Ayari,Yasin Ayari,matched
415381,970243,Mats Wieffer,Mats Wieffer,matched
538977,956925,Georginio Rutter,Georginio Rutter,matched
867688,1251334,Jack Hinshelwood,Jack Hinshelwood,matched
504849,862608,Kaoru Mitoma,Kaoru Mitoma,matched
973085,1352713,Carlos Baleba,Carlos Baleba,matched
82873,167008,Pascal Groß,Pascal Groß,matched
429915,1134871,Maxim De Cuyper,Maxim De Cuyper,matched
318508,613715,Olivier Boscagli,Olivier Boscagli,matched
1060087,1561249,Charalampos Kostoulas,Charalampos Kostoulas,matched
406634,866686,Matthew O'Riley,Matt O'Riley,nickname
950091,1423616,Stefanos Tzimas,Stefanos Tzimas,matched
380350,768331,Igor Julio,Igor Julio,matched
340918,776689,Caoimhín Kelleher,Caoimhín Kelleher,matched
739443,1302005,Igor Thiago,Igor Thiago,matched
823486,1429912,Michael Kayode,Michael Kayode,matched
469050,961306,Nathan Collins,Nathan Collins,matched
541231,919435,Sepp van den Berg,Sepp van den Berg,matched
473050,1083796,Kevin Schade,Kevin Schade,matched
823231,1250253,Dango Ouattara,Dango Ouattara,matched
319859,650616,Mathias Jensen,Mathias Jensen,matched
540941,888912,Mikkel Damsgaard,Mikkel Damsgaard,matched
644401,1010426,Keane Lewis-Potter,Keane Lewis-Potter,matched
61651,156008,Jordan Henderson,Jordan Henderson,matched
328658,552718,Kristoffer Ajer,Kristoffer Ajer,matched
270171,688273,Vitaly Janelt,Vitaly Janelt,matched
339556,562892,Rico Henry,Rico Henry,matched
591949,1002039,Aaron Hickey,Aaron Hickey,matched
442248,711357,Ethan Pinnock,Ethan Pinnock,matched
559263,963965,Fábio Carvalho,Fábio Carvalho,matched
488935,850962,Hákon Rafn Valdimarsson,Hákon Valdimarsson,matched
683620,1276312,Antoni Milambo,Antoni Milambo,matched
340321,759566,Joshua Dasilva,Josh Dasilva,nickname
1011936,1413853,Kaye Furo,Kaye Furo,matched
648195,1137705,Enzo Fernández,Enzo Fernández,matched
403151,789571,Robert Sánchez,Robert Sánchez,matched
687626,1137668,Moisés Caicedo,Moisés Caicedo,matched
346314,793907,Trevoh Chalobah,Trevoh Chalobah,matched
626724,1021382,João Pedro,João Pedro,matched
487465,843040,Pedro Neto,Pedro Neto,matched
620322,1197250,Malo Gusto,Malo Gusto,matched
568177,1096353,Cole Palmer,Cole Palmer,matched
472423,807729,Reece James,Reece James,matched
475411,917802,Wesley Fofana,Wesley Fofana,matched
904802,1413846,Jorrel Hato,Jorrel Hato,matched
610849,1113903,Liam Delap,Liam Delap,matched
1056993,1580774,Estêvão,Estêvão,matched
258878,683402,Tosin Adarabioyo,Tosin Adarabioyo,matched
1004708,1400216,Josh Acheampong,Josh Acheampong,matched
670882,1113692,Jamie Gittens,Jamie Gittens,matched
463603,955376,Benoît Badiashile,Benoît Badiashile,matched
585323,1200984,Filip Jörgensen,Filip Jørgensen,matched
628451,1190867,Roméo Lavia,Roméo Lavia,matched
938158,1412137,Marc Guiu,Marc Guiu,matched
614258,1096400,Levi Colwill,Levi Colwill,matched
910905,1426170,Mamadou Sarr,Mamadou Sarr,matched
670717,1239595,Dário Essugo,Dário Essugo,matched
746833,1170744,Caleb Wiley,Caleb Wiley,matched
72476,215168,Bernd Leno,Bernd Leno,matched
333014,540963,Sander Berge,Sander Berge,matched
260827,503659,Joachim Andersen,Joachim Andersen,matched
461883,877401,Calvin Bassey,Calvin Bassey,matched
242631,604785,Alex Iwobi,Alex Iwobi,matched
392765,889534,Emile Smith Rowe,Emile Smith Rowe,matched
262226,465750,Timothy Castagne,Timothy Castagne,matched
392775,773991,Ryan Sessegnon,Ryan Sessegnon,matched
206746,469804,Kenny Tete,Kenny Tete,matched
245056,556972,Sasa Lukic,Saša Lukić,matched
349701,662428,Antonee Robinson,Antonee Robinson,matched
1011131,1422593,Joshua King,Josh King,nickname
661207,1113790,Oscar Bobb,Oscar Bobb,matched
900195,1318400,Kevin,Kevin,matched
735571,1128945,Rodrigo Muniz,Rodrigo Muniz,matched
494880,821728,Jorge Cuenca,Jorge Cuenca,matched
123275,182962,Tom Cairney,Tom Cairney,matched
226973,502420,Harrison Reed,Harrison Reed,matched
1069512,1532672,Jonah Kusi-Asare,Jonah Kusi-Asare,matched
521964,1137407,Malick Thiaw,Malick Thiaw,matched
520624,850354,Bruno Guimarães,Bruno Guimarães,matched
192080,280484,Nick Pope,Nick Pope,matched
134270,188058,Daniel Burn,Dan Burn,nickname
670858,1197655,Lewis Hall,Lewis Hall,matched
333241,535936,Joelinton,Joelinton,matched
398065,760359,Harvey Barnes,Harvey Barnes,matched
455661,1106563,Nick Woltemade,Nick Woltemade,matched
361093,956682,Sven Botman,Sven Botman,matched
199527,521148,Jacob Murphy,Jacob Murphy,matched
922769,1296763,Lewis Miley,Lewis Miley,matched
503749,1021929,Jacob Ramsey,Jacob Ramsey,matched
503981,1107910,Valentino Livramento,Tino Livramento,nickname
583189,1050166,Anthony Elanga,Anthony Elanga,matched
135343,189982,Fabian Schär,Fabian Schär,matched
340329,860975,Joseph Willock,Joe Willock,nickname
609556,1258092,William Osula,William Osula,matched
388165,666857,Yoane Wissa,Yoane Wissa,matched
130164,303919,Jordan Pickford,Jordan Pickford,matched
505219,950474,James Garner,James Garner,matched
173504,243138,James Tarkowski,James Tarkowski,matched
711544,1098607,Jake O'Brien,Jake O'Brien,matched
404842,874025,Vitaliy Mykolenko,Vitaliy Mykolenko,matched
623570,965764,Iliman Ndiaye,Iliman Ndiaye,matched
475188,886016,Kiernan Dewsbury-Hall,Kiernan Dewsbury-Hall,matched
118534,290410,Michael Keane,Michael Keane,matched
126665,179410,Idrissa Gueye,Idrissa Gueye,matched
937941,1398392,Thierno Barry,Thierno Barry,matched
595809,1079485,Beto,Beto,matched
696589,1203512,Tim Iroegbunam,Tim Iroegbunam,matched
584769,939542,Dwight McNeil,Dwight McNeil,matched
661053,1030829,Jarrad Branthwaite,Jarrad Branthwaite,matched
608832,1210384,Merlin Röhl,Merlin Röhl,matched
748319,1128965,Charly Alcaraz,Carlos Alcaraz,nickname
1107733,1559637,Harrison Armstrong,Harrison Armstrong,matched
866655,1292833,Tyler Dibling,Tyler Dibling,matched
936874,1424875,Tyrique George,Tyrique George,matched
424015,1112684,Nathan Patterson,Nathan Patterson,matched
392771,780432,Ethan Ampadu,Ethan Ampadu,matched
297212,717174,Joe Rodon,Joe Rodon,matched
465717,789646,Jayden Bogle,Jayden Bogle,matched
306024,612150,Dominic Calvert-Lewin,Dominic Calvert-Lewin,matched
362108,744494,Gabriel Gudmundsson,Gabriel Gudmundsson,matched
393323,952322,Brenden Aaronson,Brenden Aaronson,matched
344069,881735,Anton Stach,Anton Stach,matched
413220,710158,James Justin,James Justin,matched
371851,861805,Jaka Bijol,Jaka Bijol,matched
346890,915797,Noah Okafor,Noah Okafor,matched
352041,637656,Lucas Perri,Lucas Perri,matched
489359,935728,Ao Tanaka,Ao Tanaka,matched
381753,1080983,Ilia Gruev,Ilia Gruev,matched
314288,861197,Lukas Nmecha,Lukas Nmecha,matched
346707,820024,Sean Longstaff,Sean Longstaff,matched
319301,717176,Daniel James,Daniel James,matched
627626,1107286,Wilfried Gnonto,Wilfried Gnonto,matched
338629,922892,Sebastiaan Bornauw,Sebastiaan Bornauw,matched
369962,792540,Joël Piroe,Joël Piroe,matched
236953,363318,Sam Byram,Sam Byram,matched
258919,719330,Dean Henderson,Dean Henderson,matched
730893,1120224,Tyrick Mitchell,Tyrick Mitchell,matched
434224,950485,Maxence Lacroix,Maxence Lacroix,matched
578539,950829,Chris Richards,Chris Richards,matched
744149,1296650,Adam Wharton,Adam Wharton,matched
493003,859282,Daniel Muñoz,Daniel Muñoz,matched
429983,821100,Jørgen Strand Larsen,Jørgen Strand Larsen,matched
420002,706297,Jean-Philippe Mateta,Jean-Philippe Mateta,matched
410225,771294,Ismaïla Sarr,Ismaïla Sarr,matched
356141,621515,Daichi Kamada,Daichi Kamada,matched
470607,1076756,Brennan Johnson,Brennan Johnson,matched
262980,466672,Jefferson Lerma,Jefferson Lerma,matched
207014,295067,Will Hughes,Will Hughes,matched
1006411,1664722,Jaydee Canvot,Jaydee Canvot,matched
747009,1336751,Justin Devenny,Justin Devenny,matched
85177,157838,Nathaniel Clyne,Nathaniel Clyne,matched
689637,1187506,Chadi Riad,Chadi Riad,matched
340324,860920,Edward Nketiah,Eddie Nketiah,nickname
293194,622091,Borna Sosa,Borna Sosa,matched
296802,448897,Walter Benítez,Walter Benítez,matched
860078,1244376,Kaden Rodney,Kaden Rodney,matched
413507,766611,Nikola Milenkovic,Nikola Milenković,matched
503680,1078788,Neco Williams,Neco Williams,matched
429014,789502,Morgan Gibbs-White,Morgan Gibbs-White,matched
127202,181069,Matz Sels,Matz Sels,matched
432164,1082102,Igor Jesus,Igor Jesus,matched
1005649,1458711,Murillo,Murillo,matched
375885,795371,Ibrahim Sangaré,Ibrahim Sangaré,matched
392768,846383,Callum Hudson-Odoi,Callum Hudson-Odoi,matched
741238,1215652,Omari Hutchinson,Omari Hutchinson,matched
236490,682548,Ola Aina,Ola Aina,matched
673492,1053838,Morato,Morato,matched
365108,1022649,Dan Ndoye,Dan Ndoye,matched
497291,827315,Nicolás Dominguez,Nicolás Domínguez,matched
708072,1622290,Nicolò Savona,Nicolò Savona,matched
108725,169719,Chris Wood,Chris Wood,matched
425902,775614,Ryan Yates,Ryan Yates,matched
540664,1079539,Dilane Bakwa,Dilane Bakwa,matched
984096,1391209,Jair Cunha,Jair Cunha,matched
295313,643717,Taiwo Awoniyi,Taiwo Awoniyi,matched
432914,749834,John Victor,John Victor,matched
524285,1155130,Luca Netz,Luca Netz,matched
583199,1107648,James McAtee,James McAtee,matched
557459,1097466,Micky van de Ven,Micky van de Ven,matched
553875,941573,Pedro Porro,Pedro Porro,matched
286047,538501,Guglielmo Vicario,Guglielmo Vicario,matched
483348,894803,Djed Spence,Djed Spence,matched
378710,654908,Richarlison,Richarlison,matched
354362,620618,Rodrigo Bentancur,Rodrigo Bentancur,matched
355915,789066,Cristian Romero,Cristian Romero,matched
566931,1173787,Xavi Simons,Xavi Simons,matched
543499,891743,Mohammed Kudus,Mohammed Kudus,matched
263236,754126,Kevin Danso,Kevin Danso,matched
922693,1323305,Archie Gray,Archie Gray,matched
568693,1107280,Pape Sarr,Pape Matar Sarr,matched
556385,1052898,Destiny Udogie,Destiny Udogie,matched
801734,1288111,Mathys Tel,Mathys Tel,matched
488362,966027,Conor Gallagher,Conor Gallagher,matched
258889,591734,Dominic Solanke,Dominic Solanke,matched
743498,1341387,Wilson Odobert,Wilson Odobert,matched
866246,1386775,Lucas Bergvall,Lucas Bergvall,matched
725912,1341475,Antonín Kinsky,Antonín Kinský,matched
1086258,1636513,Souza,Souza,matched
192765,276121,Ben Davies,Ben Davies,matched
294057,493165,James Maddison,James Maddison,matched
314875,523825,Jarrod Bowen,Jarrod Bowen,matched
1111589,1451265,Malick Diouf,El Hadji Malick Diouf,matched
415912,719219,Konstantinos Mavropanos,Konstantinos Mavropanos,matched
283628,524437,Tomás Soucek,Tomáš Souček,matched
477758,760320,Aaron Wan-Bissaka,Aaron Wan-Bissaka,matched
120629,210164,Alphonse Areola,Alphonse Areola,matched
605184,955214,Jean-Clair Todibo,Jean-Clair Todibo,matched
400536,967941,Mads Hermansen,Mads Hermansen,matched
525247,865931,Max Kilman,Maximilian Kilman,nickname
341051,734042,Kyle Walker-Peters,Kyle Walker-Peters,matched
698164,1206287,Freddie Potts,Freddie Potts,matched
745181,1385894,Soungoutou Magassa,Soungoutou Magassa,matched
817665,1227326,Pablo,Pablo,matched
204103,493647,Adama Traoré,Adama Traoré,matched
95424,159833,Kyle Walker,Kyle Walker,matched
357162,793255,Florentino,Florentino,matched
411537,873559,Zian Flemming,Zian Flemming,matched
314241,523193,Josh Laurent,Josh Laurent,matched
612517,1238058,Bashir Humphreys,Bashir Humphreys,matched
392179,831044,Hjalmar Ekdal,Hjalmar Ekdal,matched
242606,623716,Josh Cullen,Josh Cullen,matched
927768,1291325,Lucas Pires,Lucas Pires,matched
467623,881500,Lyle Foster,Lyle Foster,matched
607224,1113785,Hannibal Mejbri,Hannibal,matched
342046,690149,Axel Tuanzebe,Axel Tuanzebe,matched
314367,637744,Marcus Edwards,Marcus Edwards,matched
293281,655575,Jacob Bruun Larsen,Jacob Bruun Larsen,matched
571743,1077975,Armando Broja,Armando Broja,matched
415970,716687,Joe Worrall,Joe Worrall,matched
829299,1307639,Max Weiss,Max Weiß,matched
548729,1067168,Zeki Amdouni,Zeki Amdouni,matched
63200,107280,Ashley Barnes,Ashley Barnes,matched
381963,963983,Mike Trésor,Mike Tresor,matched
800176,1174296,André,André,matched
438001,848034,Santiago Bueno,Santiago Bueno,matched
345911,798029,Ladislav Krejcí,Ladislav Krejčí,matched
698678,1116391,Hugo Bueno,Hugo Bueno,matched
716276,1200657,Yerson Mosquera,Yerson Mosquera,matched
249994,416175,José Sá,José Sá,matched
848509,1210943,Jackson Tchatchoua,Jackson Tchatchoua,matched
1230661,1609213,Mateus Mané,Mateus Mané,matched
292246,620026,Hwang Hee-Chan,Hee-chan Hwang,matched
606718,1013277,Toti Gomes,Toti,matched
683571,1072864,Tolu Arokodare,Tolu Arokodare,matched
450050,769166,Jean-Ricner Bellegarde,Jean-Ricner Bellegarde,matched
250426,519835,Adam Armstrong,Adam Armstrong,matched
110864,280287,Sam Johnstone,Sam Johnstone,matched
661427,1049679,David Møller Wolfe,David Møller Wolfe,matched
667121,1192166,Rodrigo Gomes,Rodrigo Gomes,matched
136401,189103,Daniel Bentley,Daniel Bentley,matched
1193867,1610952,Pedro Lima,Pedro Lima,matched
421637,856685,Frank Onyeka,Frank Onyeka,matched
265471,478357,Matt Grimes,Matt Grimes,matched
587335,1074750,Milan van Ewijk,Milan van Ewijk,matched
258915,759814,Jay Dasilva,Jay Dasilva,matched
534701,914399,Liam Kitching,Liam Kitching,matched
466637,798654,Ephron Mason-Clark,Ephron Mason-Clark,matched
788283,1161885,Bobby Thomas,Bobby Thomas,matched
315291,848268,Haji Wright,Haji Wright,matched
617408,1025603,Tatsuhiro Sakamoto,Tatsuhiro Sakamoto,matched
403692,845985,Victor Torp,Victor Torp,matched
662476,1030830,Jack Rudoni,Jack Rudoni,matched
451747,776184,Brandon Thomas-Asante,Brandon Thomas-Asante,matched
511550,982284,Ellis Simms,Ellis Simms,matched
618903,962000,Josh Eccles,Josh Eccles,matched
412823,863822,Joel Latibeaudiere,Joel Latibeaudiere,matched
527425,866688,Luke Woolfenden,Luke Woolfenden,matched
626888,1089686,Kaine Kesler-Hayden,Kaine Kesler-Hayden,matched
121250,191174,Jake Bidwell,Jake Bidwell,matched
713649,1358582,Miguel Ángel Brau,Miguel Ángel Brau,matched
677382,1334842,Jahnoah Markelo,Jahnoah Markelo,matched
401320,789578,Dara O'Shea,Dara O'Shea,matched
315145,797594,Azor Matusiwa,Azor Matusiwa,matched
351755,609733,Darnell Furlong,Darnell Furlong,matched
530813,1198007,Anis Mehmeti,Anis Mehmeti,matched
208379,512013,Christian Walton,Christian Walton,matched
596446,980381,Leif Davis,Leif Davis,matched
364827,760398,Cédric Kipré,Cédric Kipré,matched
559794,914402,Jack Clarke,Jack Clarke,matched
715558,1129081,Marcelino Núñez,Marcelino Núñez,matched
458178,789507,Jack Taylor,Jack Taylor,matched
420808,750033,George Hirst,George Hirst,matched
693095,1079103,Jacob Greaves,Jacob Greaves,matched
923504,1307961,Sindre Walle Egeli,Sindre Walle Egeli,matched
621193,1113915,Kasey McAteer,Kasey McAteer,matched
197642,413158,Chuba Akpom,Chuba Akpom,matched
468002,770267,Ben Johnson,Ben Johnson,matched
245625,643228,Alex Palmer,Alex Palmer,matched
255731,421768,Wes Burns,Wes Burns,matched
732529,1130766,Tristan Crama,Tristan Crama,matched
243603,568577,Jake Cooper,Jake Cooper,matched
587588,1203447,Camiel Neghli,Camiel Neghli,matched
849865,1439831,Mihailo Ivanovic,Mihailo Ivanović,matched
703408,1083185,Femi Azeez,Femi Azeez,matched
801472,1421813,Zak Sturge,Zak Sturge,matched
671074,1194286,Caleb Taylor,Caleb Taylor,matched
292806,688991,Casper de Norre,Casper De Norre,matched
207843,315201,Max Crocombe,Max Crocombe,matched
646727,1113907,Josh Coburn,Josh Coburn,matched
608175,956169,Alfie Doughty,Alfie Doughty,matched
145843,198265,Ryan Leonard,Ryan Leonard,matched
532541,968944,Luke Cundle,Luke Cundle,matched
917104,1285497,Derek Mazou-Sacko,Derek Mazou-Sacko,matched
194460,298676,Joe Bryan,Joe Bryan,matched
181687,305219,Massimo Luongo,Massimo Luongo,matched
854633,1586395,Daniel Kelly,Daniel Kelly,matched
913136,1325368,Zak Lovelace,Zak Lovelace,matched
503977,966021,Taylor Harwood-Bellis,Taylor Harwood-Bellis,matched
262300,435513,Ryan Manning,Ryan Manning,matched
324223,539939,James Bree,James Bree,matched
480723,883079,Finn Azaz,Finn Azaz,matched
696116,1328857,Caspar Jander,Caspar Jander,matched
163744,215387,Jack Stephens,Jack Stephens,matched
506189,844943,Flynn Downes,Flynn Downes,matched
503990,953859,Nathan Wood,Nathan Wood,matched
626319,1118483,Tom Fellows,Tom Fellows,matched
804219,1202769,Léo Scienza,Léo Scienza,matched
747951,1281452,Shea Charles,Shea Charles,matched
468539,949321,Daniel Peretz,Daniel Peretz,matched
902021,1336906,Kuryu Matsuki,Kuryu Matsuki,matched
533662,1086647,Cameron Archer,Cameron Archer,matched
447995,776159,Ross Stewart,Ross Stewart,matched
729264,1118192,Welington,Welington,matched
790918,1419287,Joshua Quarshie,Joshua Quarshie,matched
343463,544312,Cyle Larin,Cyle Larin,matched
391005,803343,Mads Roerslev,Mads Roerslev,matched
680806,1130774,Samuel Edozie,Samuel Edozie,matched
465952,1123524,Solomon Brynn,Sol Brynn,nickname
416368,716852,Callum Brittain,Callum Brittain,matched
801426,1127480,Tommy Conway,Tommy Conway,matched
67420,190666,Luke Ayling,Luke Ayling,matched
513968,1136097,Aidan Morris,Aidan Morris,matched
502075,1081288,Morgan Whittaker,Morgan Whittaker,matched
340990,789598,Alfie Jones,Alfie Jones,matched
482836,940594,David Strelec,David Strelec,matched
847772,1218243,Adilson Malanda,Adilson Malanda,matched
428061,733486,Riley McGree,Riley McGree,matched
680531,1086842,Samuel Silvera,Sam Silvera,nickname
542884,1113678,Alex Gilbert,Alex Gilbert,matched
625816,1178350,Kaly Sène,Kaly Sène,matched
435821,1004976,Alex Bangura,Alex Bangura,matched
568005,1298925,Jeremy Sarmiento,Jeremy Sarmiento,matched
485582,1050160,Sontje Hansen,Sontje Hansen,matched
250870,490413,Seny Dieng,Seny Dieng,matched
796303,1226849,Leo Castledine,Leo Castledine,matched
385848,662604,George Edmundson,George Edmundson,matched
183167,524651,Darragh Lenihan,Darragh Lenihan,matched
845723,1331697,Finley Munroe,Finley Munroe,matched
121324,295062,John Egan,John Egan,matched
413402,709148,Lewie Coyle,Lewie Coyle,matched
746357,1331703,Charlie Hughes,Charlie Hughes,matched
473080,807930,Regan Slater,Regan Slater,matched
298477,509151,Oli McBurnie,Oli McBurnie,matched
169416,280507,Matt Crooks,Matt Crooks,matched
504581,933635,Ryan Giles,Ryan Giles,matched
487417,932308,Liam Millar,Liam Millar,matched
251912,410836,Semi Ajayi,Semi Ajayi,matched
531957,962046,Cody Drameh,Cody Drameh,matched
857079,1231090,Mohamed Belloumi,Mohamed Belloumi,matched
167268,575780,Paddy McNair,Paddy McNair,matched
663264,1125874,Darko Gyabi,Darko Gyabi,matched
258916,605262,Kieran Dowell,Kieran Dowell,matched
1262696,1683723,Cathal McCarthy,Cathal McCarthy,matched
729940,1187308,Matty Jacob,Matty Jacob,matched
308431,518500,Dillon Phillips,Dillon Phillips,matched
535834,1178514,Eliot Matazo,Eliot Matazo,matched
263268,694558,Dominic Hyam,Dominic Hyam,matched
705160,1112701,Max Cleworth,Max Cleworth,matched
503769,961994,Arthur Okonkwo,Arthur Okonkwo,matched
292734,660170,George Dobson,George Dobson,matched
817688,1207954,Callum Doyle,Callum Doyle,matched
417955,719581,Zak Vyner,Zak Vyner,matched
275590,469202,Kieffer Moore,Kieffer Moore,matched
560694,914134,Lewis O'Brien,Lewis O'Brien,matched
735674,1124212,George Thomason,George Thomason,matched
280813,465909,Josh Windass,Josh Windass,matched
73522,173408,Matthew James,Matty James,nickname
871170,1420266,Bailey Cadamarteri,Bailey Cadamarteri,matched
512175,886155,Ryan Longman,Ryan Longman,matched
344009,760329,Nathan Broadhead,Nathan Broadhead,matched
314384,689302,Ben Sheaf,Ben Sheaf,matched
424885,791416,Sam Smith,Sam Smith,matched
407363,693575,Dan Scarr,Dan Scarr,matched
404553,761834,Oliver Rathbone,Oliver Rathbone,matched
469211,919671,Liberato Cacace,Liberato Cacace,matched
203026,254472,Danny Ward,Danny Ward,matched
533657,1089592,Lewis Brunt,Lewis Brunt,matched
479203,817098,Ryan Barnett,Ryan Barnett,matched
448672,847221,Davis Keillor-Dunn,Davis Keillor-Dunn,matched
53360,109491,Jay Rodriguez,Jay Rodríguez,matched
307497,568573,Matthew Clarke,Matt Clarke,nickname
495993,1070973,Dion Sanderson,Dion Sanderson,matched
712117,1296625,Bobby Clark,Bobby Clark,matched
370559,613892,Joe Ward,Joe Ward,matched
549440,1014602,Jacob Widell Zetterström,Jacob Widell Zetterström,matched
1089574,1439800,Patrick Agyemang,Patrick Agyemang,matched
372802,789556,Lewis Travis,Lewis Travis,matched
246963,562725,Carlton Morris,Carlton Morris,matched
737837,1127585,Sondre Klingen Langås,Sondre Langås,matched
406560,841150,Rhian Brewster,Rhian Brewster,matched
45492,110911,Craig Forsyth,Craig Forsyth,matched
581331,1123933,Liam Thompson,Liam Thompson,matched
457341,956736,Derry Murkin,Derry Murkin,matched
652632,1174648,Max Johnston,Max Johnston,matched
49667,46268,Richard O'Donnell,Richard O'Donnell,matched
242681,600818,Josh Vickers,Josh Vickers,matched
129049,185008,Danny Batth,Danny Batth,matched
336640,574841,Lars-Jørgen Salvesen,Lars-Jørgen Salvesen,matched
610428,1273294,Oscar Fraulo,Oscar Fraulo,matched
429070,857434,Vladan Kovacevic,Vladan Kovacevic,matched
126600,190851,Kenny McLean,Kenny McLean,matched
855298,1395694,Kellen Fisher,Kellen Fisher,matched
475554,798641,Harry Darling,Harry Darling,matched
587298,1026833,Pelle Mattsson,Pelle Mattsson,matched
698415,1223132,José Córdoba,José Córdoba,matched
701021,1355258,Ruairi McConville,Ruairi McConville,matched
800925,1375019,Oscar Schwartau,Oscar Schwartau,matched
249356,564794,Jack Stacey,Jack Stacey,matched
854885,1286796,Jovon Makama,Jovon Makama,matched
387331,748456,Sam Field,Sam Field,matched
995642,1359536,Ali Ahmed,Ali Ahmed,matched
670846,1081241,Benjamin Chrisene,Ben Chrisene,nickname
983702,1460176,Jacob Wright,Jacob Wright,matched
488755,824717,Jakov Medic,Jakov Medic,matched
546712,1055316,Anis Ben Slimane,Anis Ben Slimane,matched
724785,1111391,Liam Gibbs,Liam Gibbs,matched
569663,1165457,Mathias Kvistgaarden,Mathias Kvistgaarden,matched
615302,1116942,Mirko Topic,Mirko Topić,matched
580635,1353561,Ante Crnac,Ante Crnac,matched
232964,343316,Emiliano Marcondes,Emiliano Marcondes,matched
742770,1132069,Mohamed Touré,Mohamed Touré,matched
650944,1229526,Forson Amankwah,Amankwah Forson,matched
570864,1113727,Tony Springett,Tony Springett,matched
1099726,1435441,Papa Diallo,Papa Amadou Diallo,matched
726714,1202883,Matej Jurásek,Matěj Jurásek,matched
157506,214570,Jeffrey Schlupp,Jeffrey Schlupp,matched
119269,174325,Shane Duffy,Shane Duffy,matched
1052890,1455322,Lucien Mahovo,Lucien Mahovo,matched
339253,862590,Daniel Grimshaw,Daniel Grimshaw,matched
662744,1170741,Vicente Reyes,Vicente Reyes,matched
225452,527549,Patrick Roberts,Patrick Roberts,matched
356236,648393,Tomoki Iwata,Tomoki Iwata,matched
346849,877701,Christoph Klarer,Christoph Klarer,matched
282689,848102,Seung-Ho Paik,Seung-ho Paik,matched
696346,1113816,Jay Stansfield,Jay Stansfield,matched
670860,1431281,James Beadle,James Beadle,matched
265176,768169,Phil Neumann,Phil Neumann,matched
292417,492586,Demarai Gray,Demarai Gray,matched
125103,343757,Marvin Ducksch,Marvin Ducksch,matched
358948,618718,Bright Osayi-Samuel,Bright Osayi-Samuel,matched
392773,877690,Alexander Cochrane,Alex Cochrane,nickname
128909,202181,Jack Robinson,Jack Robinson,matched
742521,1433032,Jhon Solís,Jhon Solís,matched
540536,1229177,Carlos Vicente,Carlos Vicente,matched
111073,172284,Ryan Allsop,Ryan Allsop,matched
664808,1311533,August Priske,August Priske,matched
531679,1077905,Ethan Laird,Ethan Laird,matched
392777,955366,Jonathan Panzo,Jonathan Panzo,matched
415525,924315,Kanya Fujimoto,Kanya Fujimoto,matched
255788,564842,Cameron Burgess,Cameron Burgess,matched
243591,501380,Lawrence Vigouroux,Lawrence Vigouroux,matched
496659,948555,Ben Cabango,Ben Cabango,matched
419929,722741,Josh Tymon,Josh Tymon,matched
674798,1052977,Gonçalo Franco,Gonçalo Franco,matched
862554,1260020,Ronald Pereira,Ronald,matched
506942,1249531,Zan Vipotnik,Žan Vipotnik,matched
617018,1209597,Marko Stamenic,Marko Stamenić,matched
706968,1107283,Ji-Sung Eom,Ji-sung Eom,matched
533912,877763,Josh Key,Josh Key,matched
296978,872996,Liam Cullen,Liam Cullen,matched
579295,1351566,Melker Widell,Melker Widell,matched
171260,259809,Jay Fulton,Jay Fulton,matched
579291,1184745,Zeidane Inoussa,Zeidane Inoussa,matched
434223,846009,Adam Idah,Adam Idah,matched
92572,146830,Joel Ward,Joel Ward,matched
674054,1276686,Leo Walta,Leo Walta,matched
1028959,1573605,Sam Parker,Sam Parker,matched
359199,789558,Andrew Fisher,Andy Fisher,nickname
504617,962706,Oliver Cooper,Oliver Cooper,matched
633463,982599,Adam Randell,Adam Randell,matched
433818,746406,Scott Twine,Scott Twine,matched
293325,789645,Emil Riis Jakobsen,Emil Riis,matched
530780,1051415,Jason Knight,Jason Knight,matched
257437,621182,Rob Dickie,Rob Dickie,matched
420811,1077922,George Tanner,George Tanner,matched
531783,894804,Robert Atkinson,Rob Atkinson,nickname
547382,890346,Cameron Pring,Cameron Pring,matched
585329,1231794,Noah Eile,Noah Eile,matched
123551,185326,Sam Morsy,Sam Morsy,matched
340415,978170,Tomi Horvat,Tomi Horvat,matched
486464,881558,Max Bird,Max Bird,matched
801425,1122563,Sam Bell,Sam Bell,matched
268185,605260,Joe Williams,Joe Williams,matched
346478,873018,Japhet Tanganga,Japhet Tanganga,matched
371262,759801,Callum O'Hare,Callum O'Hare,matched
745851,1420818,Sydie Peck,Sydie Peck,matched
533078,876161,Michael Cooper,Michael Cooper,matched
533980,877697,Harrison Burrows,Harrison Burrows,matched
638649,997560,Femi Seriki,Femi Seriki,matched
322985,775355,Gustavo Hamer,Gustavo Hamer,matched
382554,807728,Tyrese Campbell,Tyrese Campbell,matched
561454,1109477,Mark McGuinness,Mark McGuinness,matched
183334,302241,Patrick Bamford,Patrick Bamford,matched
669366,1113736,Thomas Cannon,Tom Cannon,nickname
241481,496563,Jairo Riedewald,Jaïro Riedewald,matched
74810,240538,Ben Mee,Ben Mee,matched
618901,962002,Sam McCallum,Sam McCallum,matched
121254,401932,Adam Davies,Adam Davies,matched
874066,1344572,Ollie Arblaster,Oliver Arblaster,nickname
344830,751066,Tahith Chong,Tahith Chong,matched
134294,214426,Danny Ings,Danny Ings,matched
183293,613182,Joe Rothwell,Joe Rothwell,matched
314210,742405,Tom Davies,Tom Davies,matched
534700,955379,Jamie Shackleton,Jamie Shackleton,matched
347389,600812,Ben Whiteman,Ben Whiteman,matched
435198,768325,Jordan Storey,Jordan Storey,matched
260841,617763,Daniel Iversen,Daniel Iversen,matched
191865,212304,Andrew Hughes,Andrew Hughes,matched
728734,1178263,Alfie Devine,Alfie Devine,matched
567597,1190030,Odel Offiah,Odeluga Offiah,nickname
746554,1195277,Thierry Small,Thierry Small,matched
419325,872974,Lewis Gibson,Lewis Gibson,matched
380737,886874,Pol Valentín,Pol Valentín,matched
450714,928440,Alistair McCann,Ali McCann,nickname
542819,936603,Milutin Osmajic,Milutin Osmajic,matched
228912,445511,Liam Lindsay,Liam Lindsay,matched
294987,551961,Andrija Vukcevic,Andrija Vukcevic,matched
321169,662728,Jordan Thompson,Jordan Thompson,matched
425865,767738,Callum Lang,Callum Lang,matched
237013,363345,Brad Potts,Brad Potts,matched
89648,165518,David Cornell,David Cornell,matched
346018,864983,Jamal Lewis,Jamal Lewis,matched
724537,1137404,Andrew Moran,Andrew Moran,matched
128229,231801,Robert Brady,Robbie Brady,nickname
396174,767173,Jimmy Dunne,Jimmy Dunne,matched
1218761,1601917,Richard Kone,Richard Kone,matched
806310,1292335,Amadou Salif Mbengue,Amadou Mbengue,matched
464599,917830,Nicolas Madsen,Nicolas Madsen,matched
812902,1250510,Jonathan Varane,Jonathan Varane,matched
732165,1121314,Ronnie Edwards,Ronnie Edwards,matched
581675,1180500,Harvey Vale,Harvey Vale,matched
501743,950861,Koki Saito,Koki Saito,matched
624946,968935,Rumarn Burrell,Rumarn Burrell,matched
408872,712737,Paul Smyth,Paul Smyth,matched
1047344,1592161,Kieran Morgan,Kieran Morgan,matched
867699,1526543,Rayan Kolli,Rayan Kolli,matched
380473,676504,Ilias Chair,Ilias Chair,matched
316551,729721,Jake Clarke-Salter,Jake Clarke-Salter,matched
1104713,1565859,Daniel Bennie,Daniel Bennie,matched
1004737,1480132,Esquerdinha,Esquerdinha,matched
67283,45571,Ben Hamer,Ben Hamer,matched
701062,1090202,Kwame Poku,Kwame Poku,matched
1109828,1603284,Kealey Adamson,Kealey Adamson,matched
873270,1513928,Justin Obikwu,Justin Obikwu,matched
380744,631757,Egil Selvik,Egil Selvik,matched
635336,993022,Imrân Louza,Imrân Louza,matched
340310,759563,Marc Bola,Marc Bola,matched
624948,968936,Matthew Pollock,Mattie Pollock,nickname
668950,1381571,Luca Kjerrumgaard,Luca Kjerrumgaard,matched
503795,982624,Jeremy Ngakia,Jeremy Ngakia,matched
486477,909803,Edo Kayembe,Edo Kayembe,matched
855014,1235431,Kévin Keben,Kévin Keben,matched
956920,1327214,Nestory Irankunda,Nestory Irankunda,matched
661253,1076138,Hector Kyprianou,Hector Kyprianou,matched
1101539,1579845,Mamadou Doumbia,Mamadou Doumbia,matched
1081219,1579894,Othmane Maamma,Othmane Maamma,matched
111051,210128,Nampalys Mendy,Nampalys Mendy,matched
157368,212714,Thomas Ince,Tom Ince,nickname
532858,1002682,Jeremy Petris,Jérémy Petris,matched
711247,1097753,Kwadwo Baah,Kwadwo Baah,matched
741229,1394402,Rocco Vata,Rocco Vata,matched
562049,1212866,Edoardo Bove,Edoardo Bove,matched
652803,1173017,Pierre Dwomoh,Pierre Dwomoh,matched
475416,812982,Sorba Thomas,Sorba Thomas,matched
467599,798603,Ben Wilmot,Ben Wilmot,matched
912081,1386482,Jun-Ho Bae,Jun-ho Bae,matched
564449,1183512,Million Manhoef,Million Manhoef,matched
683269,1134508,Tatsuki Seko,Tatsuki Seko,matched
273742,546252,Viktor Johansson,Viktor Johansson,matched
724540,1276045,Bosun Lawal,Bosun Lawal,matched
851991,1213403,Junior Tchamadeu,Junior Tchamadeu,matched
92571,155782,Aaron Cresswell,Aaron Cresswell,matched
183302,610267,Ben Pearson,Ben Pearson,matched
728679,1152435,Tomás Rigo,Tomas Rigo,matched
627362,1252072,Lamine Cissé,Lamine Cissé,matched
668557,1075463,Maksym Talovierov,Maksym Taloverov,matched
454576,922622,Róbert Bozeník,Róbert Boženík,matched
128904,201738,Ben Gibson,Ben Gibson,matched
227183,502421,Sam Gallagher,Sam Gallagher,matched
703772,1353053,Milan Smit,Milan Smit,matched
340194,582414,Regan Poole,Regan Poole,matched
307069,517663,Colby Bishop,Colby Bishop,matched
291097,658770,Nicolas Schmid,Nicolas Schmid,matched
323652,538329,Ebou Adams,Ebou Adams,matched
236509,528436,Connor Ogilvie,Connor Ogilvie,matched
693440,1367703,Terry Devlin,Terry Devlin,matched
867760,1265460,Adrian Segecic,Adrian Segečić,matched
540687,1086713,Zak Swanson,Zak Swanson,matched
118779,183420,Marlon Pack,Marlon Pack,matched
346468,768697,Jordan Williams,Jordan Williams,matched
197693,541822,John Swift,John Swift,matched
255626,866163,Conor Shaughnessy,Conor Shaughnessy,matched
199528,492045,Josh Murphy,Josh Murphy,matched
425026,798629,Josh Knight,Josh Knight,matched
353674,614176,Keshi Anderson,Keshi Anderson,matched
491737,839242,Josef Bursik,Josef Bursik,matched
696347,1130805,Ibane Bowat,Ibane Bowat,matched
1109824,1574548,Hayden Matthews,Hayden Matthews,matched
467616,933069,Luke Le Roux,Luke Le Roux,matched
543729,1050813,Márk Kosznovszky,Márk Kosznovszky,matched
707164,1216005,Harvey Blair,Harvey Blair,matched
1176365,1562733,Madiodio Dia,Madiodio Dia,matched
244970,789590,Ben Killip,Ben Killip,matched
1069559,1431456,Thomas Waddingham,Thomas Waddingham,matched
244040,447418,Lloyd Jones,Lloyd Jones,matched
820999,1081081,Sonny Carey,Sonny Carey,matched
77757,131408,Thomas Kaminski,Thomas Kaminski,matched
530879,962012,Kayne Ramsay,Kayne Ramsay,matched
227618,430429,Greg Docherty,Greg Docherty,matched
747267,1338978,Tyreece Campbell,Tyreece Campbell,matched
419025,770256,Conor Coventry,Conor Coventry,matched
278166,471271,Amari'i Bell,Amari'i Bell,matched
874064,1389994,Miles Leaburn,Miles Leaburn,matched
347138,768635,Lyndon Dykes,Lyndon Dykes,matched
633492,982745,Charlie Kelman,Charlie Kelman,matched
264220,570760,Reece Burke,Reece Burke,matched
456111,763952,Will Mannion,Will Mannion,matched
411229,789547,Joe Rankin-Costello,Joe Rankin-Costello,matched
484735,1056689,Harvey Knibbs,Harvey Knibbs,matched
540378,876196,Joshua Edwards,Josh Edwards,nickname
125685,185349,Luke Berry,Luke Berry,matched
872295,1378819,Collins Sichenje,Collins Sichenje,matched
1215441,1751615,Ibrahim Fullah,Ibrahim Fullah,matched
145553,184367,Matt Godden,Matty Godden,matched
524210,864266,Sean McLoughlin,Sean McLoughlin,matched
592116,988074,Yuki Ohashi,Yuki Ohashi,matched
610649,1187285,Ryan Alebiosu,Ryan Alebiosu,matched
400044,861001,Balázs Tóth,Balázs Tóth,matched
679903,1055136,Ryoya Morishita,Ryoya Morishita,matched
210348,310785,Sondre Tronstad,Sondre Tronstad,matched
603864,1029024,Lewis Miller,Lewis Miller,matched
332341,789593,Todd Cantwell,Todd Cantwell,matched
546944,982361,Taylor Gardner-Hickman,Taylor Gardner-Hickman,matched
821542,1662406,Moussa Baradji,Moussa Baradji,matched
326230,611489,Ryan Hedges,Ryan Hedges,matched
490967,1050161,Andri Gudjohnsen,Andri Gudjohnsen,matched
258032,614956,Yuri Ribeiro,Yuri Ribeiro,matched
121257,191175,Adam Forshaw,Adam Forshaw,matched
542796,930184,Mathias Jørgensen,Mathias Jørgensen,matched
354456,807752,Aynsley Pears,Aynsley Pears,matched
502245,1280022,Dion De Neve,Dion De Neve,matched
364803,765563,Scott Wharton,Scott Wharton,matched
503780,1133564,Hayden Carter,Hayden Carter,matched
719680,1254270,Kristi Montgomery,Kristi Montgomery,matched
754634,1239553,Axel Henriksson,Axel Henriksson,matched
426412,827247,Harry Pickering,Harry Pickering,matched
511813,982272,Sidnei Tavares,Sidnei Tavares,matched
549791,1014981,Augustus Kargbo,Augustus Kargbo,matched
929715,1318728,Connor O'Riordan,Connor O'Riordan,matched
487850,823592,Oladapo Afolayan,Oladapo Afolayan,matched
129078,201664,Nathan Redmond,Nathan Redmond,matched
612749,1246270,Isaac Price,Isaac Price,matched
435062,748856,Callum Styles,Callum Styles,matched
371814,948567,Nathaniel Phillips,Nat Phillips,nickname
587222,935502,Aune Selland Heggebø,Aune Heggebø,matched
585769,1047586,George Campbell,George Campbell,matched
357656,789574,Jayson Molumby,Jayson Molumby,matched
283514,488624,Alex Mowatt,Alex Mowatt,matched
402007,951953,Ousmane Diakité,Ousmane Diakité,matched
297257,766622,Michael Johnston,Mikey Johnston,nickname
480987,819762,Chris Mepham,Chris Mepham,matched
296582,496732,Max O'Leary,Max O'Leary,matched
453824,791805,Josh Maja,Josh Maja,matched
287247,556952,Krystian Bielik,Krystian Bielik,matched
790992,1226756,Alfie Gilchrist,Alfie Gilchrist,matched
801989,1214556,Tammer Bany Odeh,Tammer Bany,matched
396859,801477,Jamie Cumming,Jamie Cumming,matched
255383,488960,Michal Helik,Michal Helik,matched
611845,816368,Ciaron Brown,Ciaron Brown,matched
261357,562593,Cameron Brannagan,Cameron Brannagan,matched
238591,439691,Sam Long,Sam Long,matched
801005,1254762,Stanley Mills,Stanley Mills,matched
429916,1039566,Brian De Keersmaecker,Brian De Keersmaecker,matched
851972,1220583,Jack Currie,Jack Currie,matched
701011,1367702,Brodie Spencer,Brodie Spencer,matched
238427,433956,Will Vaulks,Will Vaulks,matched
746971,1248057,Aidomo Emakhu,Aidomo Emakhu,matched
344012,819872,Mark Harris,Mark Harris,matched
1141628,1524063,Yunus Emre Konak,Yunus Konak,matched
201586,488197,Gregory Leigh,Greg Leigh,nickname
700441,1086653,Tyler Goodrham,Tyler Goodrham,matched
258519,574234,Hidde ter Avest,Hidde ter Avest,matched
488656,865184,Siriki Dembélé,Siriki Dembélé,matched
694901,1358339,Jamie McDonnell,Jamie McDonnell,matched
560797,922539,Jin-Woo Jeon,Jin-woo Jeon,matched
843394,1215525,Gatlin O'Donkor,Gatlin O'Donkor,matched
183318,279489,Jamaal Lascelles,Jamaal Lascelles,matched
505194,916332,Luke Thomas,Luke Thomas,matched
486144,1096327,Jakub Stolarczyk,Jakub Stolarczyk,matched
215876,306128,Ricardo Pereira,Ricardo Pereira,matched
340328,759580,Stephy Mavididi,Stephy Mavididi,matched
406638,873014,Oliver Skipp,Oliver Skipp,matched
99331,205893,Jannik Vestergaard,Jannik Vestergaard,matched
461833,1006676,Memeh Caleb Okoli,Caleb Okoli,matched
108354,154280,Jordan Ayew,Jordan Ayew,matched
714458,1187317,Ben Nelson,Ben Nelson,matched
341501,728123,Hamza Choudhury,Hamza Choudhury,matched
33873,46518,Asmir Begovic,Asmir Begovic,matched
298091,671518,Harry Souttar,Harry Souttar,matched
137149,195673,Liam Palmer,Liam Palmer,matched
239949,369754,Jamal Lowe,Jamal Lowe,matched
213334,528214,Dominic Iorfa,Dominic Iorfa,matched
1198023,1668969,Gabriel Otegbayo,Gabriel Otegbayo,matched
258885,492589,Max Lowe,Max Lowe,matched
969140,1437876,Sean Fusire,Sean Fusire,matched
614262,1137393,Charlie McNeill,Charlie McNeill,matched
969142,1799263,Jarvis Thornton,Jarvis Thornton,matched
75067,150591,Liam Cooper,Liam Cooper,matched
339943,759823,Iké Ugbo,Iké Ugbo,matched
1088573,1720299,Cole McGhee,Cole McGhee,matched
128900,215658,Nathaniel Chalobah,Nathaniel Chalobah,matched
1099687,1797874,Reece Johnson,Reece Johnson,matched
324882,541330,Marvelous Nakamba,Marvelous Nakamba,matched
502070,962062,George Wickens,George Wickens,matched
127794,245300,Sonny Bradley,Sonny Bradley,matched
158700,211837,Tendayi Darikwa,Tendayi Darikwa,matched
203127,360099,Conor McGrandles,Conor McGrandles,matched
533833,877647,Thomas Hamer,Tom Hamer,nickname
703474,1204282,Robert Street,Rob Street,nickname
459843,866650,Reeco Hackett,Reeco Hackett,matched
163530,261801,Adam Reach,Adam Reach,matched
425799,881519,Tom Bayliss,Tom Bayliss,matched
503759,877581,Ben House,Ben House,matched
801422,1185779,Ryley Towler,Ryley Towler,matched
728480,1196750,Jack Moylan,Jack Moylan,matched
854884,1223119,Freddie Draper,Freddie Draper,matched
779244,1232216,Ivan Varfolomeev,Ivan Varfolomeev,matched
62640,189075,James Collins,James Collins,matched
134419,529887,Adam Jackson,Adam Jackson,matched
712422,1089873,Dom Jefferies,Dom Jefferies,matched
874090,1285477,Deji Elerewe,Deji Elerewe,matched
802774,1186523,Oscar Thorn,Oscar Thorn,matched
431422,623366,Nathan Trott,Nathan Trott,matched
742163,1130978,Joel Bagan,Joel Bagan,matched
640245,1098785,William Fish,Will Fish,nickname
322677,563058,Perry Ng,Perry Ng,matched
314341,674498,Chris Willock,Chris Willock,matched
626474,1227324,Rubin Colwill,Rubin Colwill,matched
987074,1639134,Dylan Lawlor,Dylan Lawlor,matched
701226,1183360,Yousef Salech,Yousef Salech,matched
667521,1533543,Cian Ashford,Cian Ashford,matched
609887,1118910,Alex Robertson,Alex Robertson,matched
700405,1086249,Ollie Tanner,Ollie Tanner,matched
837334,1405022,Joel Colwill,Joel Colwill,matched
345760,750845,David Turnbull,David Turnbull,matched
1005855,1668671,Ronan Kpakio,Ronan Kpakio,matched
215118,425255,Calum Chambers,Calum Chambers,matched
364409,789509,Gabriel Osho,Gabriel Osho,matched
183299,504085,Callum Robinson,Callum Robinson,matched
547039,1226630,Isaak Davies,Isaak Davies,matched
559805,1558320,Matthew Turner,Matthew Turner,matched
574448,1086703,Harry Tyrer,Harry Tyrer,matched
551007,1307638,Eli King,Eli King,matched
887409,1292134,Ethan Pye,Ethan Pye,matched
334721,568547,Kyle Wootton,Kyle Wootton,matched
73547,210971,Oliver Norwood,Oliver Norwood,matched
484385,877672,Jack Diamond,Jack Diamond,matched
747574,1213684,Brad Hills,Brad Hills,matched
452683,780414,Josh Dacres-Cogley,Josh Dacres-Cogley,matched
351502,640669,Tayo Edun,Tayo Edun,matched
790995,1235099,Malik Mothersille,Malik Mothersille,matched
308632,729449,Callum Connolly,Callum Connolly,matched
1229924,1531975,Adama Sidibeh,Adama Sidibeh,matched
686839,1289949,Owen Dodgson,Owen Dodgson,matched
907211,1268012,Benony Andrésson,Benoný Breki Andrésson,matched
587003,1113904,Lewis Bate,Lewis Bate,matched
265577,440530,Callum Camps,Callum Camps,matched
566802,966022,Lewis Fiorini,Lewis Fiorini,matched
378872,612180,Kayden Jackson,Kayden Jackson,matched
129558,256599,Sam Walker,Sam Walker,matched
158534,210819,Max Power,Max Power,matched
204960,581517,Ibou Touray,Ibou Touray,matched
543093,886140,Josh Neufville,Josh Neufville,matched
160525,203866,Antoni Sarcevic,Antoni Sarcevic,matched
444571,607858,Curtis Tilt,Curtis Tilt,matched
384264,662373,Aden Baldwin,Aden Baldwin,matched
354567,817096,Stephen Humphrys,Stephen Humphrys,matched
505657,1089611,Tyreik Samuel Wright,Tyreik Wright,matched
1061527,1519290,Bobby Pointon,Bobby Pointon,matched
220755,516273,Matthew Pennington,Matthew Pennington,matched
356396,480791,Joe Wright,Joe Wright,matched
221446,310825,Lee Evans,Lee Evans,matched
646208,1123945,Will Swan,Will Swan,matched
403437,687441,Ciarán Kelly,Ciaran Kelly,matched
476149,807742,George Lapslie,George Lapslie,matched
134424,210797,Nick Powell,Nick Powell,matched
404584,789585,Marcus Forss,Marcus Forss,matched
318549,954622,George Johnston,George Johnston,matched
412607,860282,Eoin Toal,Eoin Toal,matched
803421,1194102,Max Conway,Max Conway,matched
197830,489335,Josh Sheehan,Josh Sheehan,matched
397099,759589,Jordi Osei-Tutu,Jordi Osei-Tutu,matched
470128,789566,Sam Dalby,Sam Dalby,matched
599739,1096398,Xavier Simons,Xavier Simons,matched
209291,299148,Jack Bonham,Jack Bonham,matched
576125,932160,Thierry Gale,Thierry Gale,matched
463760,914169,Ethan Erhahon,Ethan Erhahon,matched
308388,518503,Kyle Dempsey,Kyle Dempsey,matched
158623,212418,Cyrus Christie,Cyrus Christie,matched
504855,843101,John McAtee,John McAtee,matched
531674,955974,Ruben Rodrigues,Rúben Rodrigues,matched
978668,1416710,Joe Knight,Joe Knight,matched
77274,127133,Matthew Phillips,Matt Phillips,nickname
610863,1089687,Filip Marschall,Filip Marschall,matched
147623,199820,Carl Piergianni,Carl Piergianni,matched
581598,962026,Harvey White,Harvey White,matched
250840,406928,Jamie Reid,Jamie Reid,matched
396857,789565,Dan Kemp,Dan Kemp,matched
457897,789589,Lewis Freestone,Lewis Freestone,matched
213847,303922,Jordan Roberts,Jordan Roberts,matched
646996,1086546,Daniel Phillips,Daniel Phillips,matched
186927,658477,Jordan Houghton,Jordan Houghton,matched
1001380,1125748,Jasper Pattenden,Jasper Pattenden,matched
207771,302371,Louis Thompson,Louis Thompson,matched
670989,1203620,Saxon Earley,Saxon Earley,matched
440112,717173,Dan Sweeney,Dan Sweeney,matched
614603,1107731,Chem Campbell,Chem Campbell,matched
503698,982596,Phoenix Patterson,Phoenix Patterson,matched
577895,933798,Beryly Lubala,Beryly Lubala,matched
227944,140422,Dan Butler,Dan Butler,matched
314354,873241,Taye Ashby-Hammond,Taye Ashby-Hammond,matched
258216,740171,Kasey Palmer,Kasey Palmer,matched
724536,1204776,Josh Keeley,Josh Keeley,matched
61011,289138,Kal Naismith,Kal Naismith,matched
184129,259301,Jordan Clark,Jordan Clark,matched
407021,630953,Mads Juel Andersen,Mads Andersen,matched
314998,716230,Liam Walsh,Liam Walsh,matched
141573,417067,George Saville,George Saville,matched
186924,488205,Devante Cole,Devante Cole,matched
173483,243132,Nahki Wells,Nahki Wells,matched
883165,1292828,Gideon Kodua,Gideon Kodua,matched
548470,1098780,Teden Mengi,Teden Mengi,matched
1088818,1437880,Joseph Johnson,Joe Johnson,nickname
1091446,1533539,Jake Richards,Jake Richards,matched
696631,1118697,Isaiah Jones,Isaiah Jones,matched
727023,1096701,Shayden Morris,Shayden Morris,matched
399340,683364,Hakeem Odoffin,Hakeem Odoffin,matched
424900,877567,Thomas Holmes,Tom Holmes,nickname
533916,865131,Shandon Baptiste,Shandon Baptiste,matched
91340,239759,James Shea,James Shea,matched
319900,873237,Elijah Adebayo,Elijah Adebayo,matched
912481,1280596,Sverre Hakami Sandal,Sverre Sandal,matched
526694,865934,Wes Harding,Wes Harding,matched
703475,1385467,Malachi Boateng,Malachi Boateng,matched
746094,1247997,Alexander Mitchell,Alex Mitchell,nickname
545331,959774,Mathias Ross,Mathias Ross,matched
363882,621849,Ronan Curtis,Ronan Curtis,matched
121773,184318,Joe Edwards,Joe Edwards,matched
322770,766617,Conor Hazard,Conor Hazard,matched
690478,1075519,Matthew Sorinola,Matthew Sorinola,matched
696502,1370500,Aribim Pepple,Aribim Pepple,matched
433163,982299,Luca Ashby-Hammond,Luca Ashby-Hammond,matched
208244,316688,Brendan Galloway,Brendan Galloway,matched
610665,1108610,Caleb Watts,Caleb Watts,matched
980339,1420725,Owen Oseni,Owen Oseni,matched
871837,1330873,Bradley Ibrahim,Bradley Ibrahim,matched
433185,940605,Xavier Amaechi,Xavier Amaechi,matched
156886,210825,Jamie Paterson,Jamie Paterson,matched
195680,291622,Joe Ralls,Joe Ralls,matched
512994,967390,Jack MacKenzie,Jack MacKenzie,matched
251885,759592,Julio Pleguezuelo,Julio Pleguezuelo,matched
742494,1309958,Ayman Benarous,Ayman Benarous,matched
1211277,1685265,Tegan Finn,Tegan Finn,matched
951312,1420183,Caleb Roberts,Caleb Roberts,matched
433186,937066,Bali Mumba,Bali Mumba,matched
258884,538114,Ryan Ledson,Ryan Ledson,matched
288323,522440,Marcus Harness,Marcus Harness,matched
174099,254473,Murray Wallace,Murray Wallace,matched
357967,877450,Lasse Sørensen,Lasse Sørensen,matched
732748,1184485,Seán Roughan,Sean Roughan,matched
458405,957358,Radinio Balker,Radinio Balker,matched
633464,1125736,Joseph Low,Joe Low,nickname
479987,816434,Alfie May,Alfie May,matched
307781,620124,Lynden Gooch,Lynden Gooch,matched
433837,746408,David Kasumu,David Kasumu,matched
516407,907046,Bojan Radulovic,Bojan Radulović,matched
284320,471276,Dion Charles,Dion Charles,matched
314253,760724,Herbie Kane,Herbie Kane,matched
1043635,1431282,Cameron Ashia,Cameron Ashia,matched
340320,759581,Marcus McGuane,Marcus McGuane,matched
563694,919888,Mickel Miller,Mickel Miller,matched
237505,491810,Jack Whatmough,Jack Whatmough,matched
128895,289159,Jak Alnwick,Jak Alnwick,matched
374283,760342,Antony Evans,Antony Evans,matched
363901,643659,Nikola Tzanev,Nik Tzanev,nickname
238185,372992,Rhys Healey,Rhys Healey,matched
249164,402762,Liam Roberts,Liam Roberts,matched
456835,795404,Will Evans,Will Evans,matched
675993,1075747,Frazer Blake-Tracy,Frazer Blake-Tracy,matched
195679,500882,Adedeji Oshilaja,Deji Oshilaja,nickname
316312,524655,Louis Reed,Louis Reed,matched
178067,187427,Stephen McLaughlin,Stephen McLaughlin,matched
291171,654084,Kyle Knoyle,Kyle Knoyle,matched
347666,601346,Ryan Sweeney,Ryan Sweeney,matched
257247,520238,Rhys Oates,Rhys Oates,matched
655139,1239448,Nathan Moriah-Welsh,Nathan Moriah-Welsh,matched
63199,75416,Lucas Akins,Lucas Akins,matched
344014,789549,Aaron Lewis,Aaron Lewis,matched
285287,675040,Regan Hendry,Regan Hendry,matched
186624,263674,Elliott Hewitt,Elliott Hewitt,matched
293450,493169,Baily Cargill,Baily Cargill,matched
296986,643230,Tyler Roberts,Tyler Roberts,matched
94655,149895,Jordan Bowery,Jordan Bowery,matched
382553,950659,Luke Bolton,Luke Bolton,matched
355489,562889,George Maris,George Maris,matched
341043,795510,Harry Lewis,Harry Lewis,matched
105185,309797,Dominic Dwyer,Dom Dwyer,nickname
293729,640626,Daniel Harvie,Daniel Harvie,matched
305274,515999,Fred Onyedinma,Fred Onyedinma,matched
119553,198563,Jack Grimmer,Jack Grimmer,matched
285033,352847,Will Norris,Will Norris,matched
227315,354785,Luke Leahy,Luke Leahy,matched
169801,282276,Cauley Woodrow,Cauley Woodrow,matched
662956,1041477,Taylor Allen,Taylor Allen,matched
451749,776152,Aaron Morley,Aaron Morley,matched
712106,1243220,Connor Taylor,Connor Taylor,matched
345647,837586,Anders Hagelskjær,Anders Hagelskjær,matched
270221,791809,Dan Casey,Dan Casey,matched
648041,1263278,Jamie Mullins,Jamie Mullins,matched
438086,1077895,Caolan Boyd-Munce,Caolan Boyd-Munce,matched
447066,885319,Ewan Henderson,Ewan Henderson,matched
696229,1081240,Junior Quitirna,Armando Junior Quitirna,matched
646708,1283027,Mikki van Sas,Mikki van Sas,matched
539801,1329747,Bradley Fink,Bradley Fink,matched
426624,819916,André Vidigal,André Vidigal,matched
182842,256572,Josh Scowen,Josh Scowen,matched
533523,1086650,Haydon Roberts,Haydon Roberts,matched
517286,874613,Lewis Wing,Lewis Wing,matched
192611,687506,Joel Pereira,Joel Pereira,matched
686837,1211644,Charlie Savage,Charlie Savage,matched
364024,590619,Paudie O'Connor,Paudie O'Connor,matched
503989,1113824,Jeriel Dorsett,Jeriel Dorsett,matched
522104,1203511,Daniel Kyerewaa,Daniel Kyerewaa,matched
814339,1188049,Kelvin Ehibhatiomhan,Kelvin Ehibhatiomhan,matched
128287,301631,Derrick Williams,Derrick Williams,matched
904722,1115145,Paddy Lane,Paddy Lane,matched
268746,445481,Jack Marriott,Jack Marriott,matched
377109,759507,Liam Fraser,Liam Fraser,matched
667202,1202092,Kelvin Abrefa,Kelvin Abrefa,matched
188256,212441,Andy Yiadom,Andy Yiadom,matched
415170,719377,Randell Williams,Randell Williams,matched
92469,155913,Matt Ritchie,Matt Ritchie,matched
859944,1523842,Benn Ward,Benn Ward,matched
845297,1216389,Mamadi Camará,Mamadi Camará,matched
337101,575782,Jack Stevens,Jack Stevens,matched
368862,789510,Andy Rinomhota,Andy Rinomhota,matched
874081,1422736,Karoy Anderson,Karoy Anderson,matched
559800,1117751,Oliver Casey,Oliver Casey,matched
410436,698500,Bailey Peacock-Farrell,Bailey Peacock-Farrell,matched
508398,1126173,Jordan Brown,Jordan Brown,matched
289846,716410,Ashley Fletcher,Ashley Fletcher,matched
391788,673437,CJ Hamilton,CJ Hamilton,matched
218140,617219,George Honeyman,George Honeyman,matched
816515,1189606,Tom Bloxham,Tom Bloxham,matched
145923,280865,Michael Ihiekwe,Michael Ihiekwe,matched
314362,798643,Hayden Coulson,Hayden Coulson,matched
525867,821660,Fraser Horsfall,Fraser Horsfall,matched
699018,1194294,Zac Ashworth,Zac Ashworth,matched
506470,844937,Josh Bowler,Josh Bowler,matched
167393,231202,James Husband,James Husband,matched
606026,955356,Albie Morgan,Albie Morgan,matched
369171,863865,Niall Ennis,Niall Ennis,matched
624267,1174485,Dale Taylor,Dale Taylor,matched
546024,888884,Andy Lyons,Andy Lyons,matched
470606,1096630,Leighton Clarkson,Leighton Clarkson,matched
837205,1204558,Franco Ravizzoli,Franco Ravizzoli,matched
419326,877637,Owen Bailey,Owen Bailey,matched
419331,791808,Luke Molyneux,Luke Molyneux,matched
457769,791428,Jack Senior,Jack Senior,matched
250431,631245,Jamie Sterry,Jamie Sterry,matched
1089316,1441584,Jay McGrath,Jay McGrath,matched
534698,1006080,Robbie Gotts,Robbie Gotts,matched
121395,302785,Matthew Pearson,Matty Pearson,nickname
804040,1137375,George Broadbent,George Broadbent,matched
381352,664521,Harry Clifton,Harry Clifton,matched
451736,776161,Brandon Hanlan,Brandon Hanlan,matched
49542,23229,Billy Sharp,Billy Sharp,matched
379666,877444,Jordan Gibson,Jordan Gibson,matched
344588,789600,Glenn Middleton,Glenn Middleton,matched
255129,419133,Hakeeb Adelakun,Hakeeb Adelakun,matched
875235,1239597,Seán Grehan,Seán Grehan,matched
324117,540077,Ben Close,Ben Close,matched
696758,1230517,Tom Nixon,Tom Nixon,matched
859941,1327313,Darren Robinson,Darren Robinson,matched
718619,1420170,Bayley McCann,Bayley McCann,matched
1313572,1787188,Kasper Williams,Kasper Williams,matched
580027,1010219,Luca Connell,Luca Connell,matched
1163461,1524026,Jack Shepherd,Jack Shepherd,matched
314381,562592,Adam Phillips,Adam Phillips,matched
1099692,1606170,Jonathan Bland,Jonathan Bland,matched
896526,1395985,Patrick Kelly,Patrick Kelly,matched
325214,815772,Corey O'Keeffe,Corey O'Keeffe,matched
746553,1227404,Reyes Cleary,Reyes Cleary,matched
35416,31922,David McGoldrick,David McGoldrick,matched
342018,742398,Tennai Watson,Tennai Watson,matched
280982,514802,Eoghan O'Connell,Eoghan O'Connell,matched
735672,1123627,Maël de Gevigney,Maël de Gevigney,matched
426281,864894,Josh Earl,Josh Earl,matched
1087487,1562448,Vimal Yoganathan,Vimal Yoganathan,matched
284959,470638,Marc Roberts,Marc Roberts,matched
842149,1362293,Kieren Flavell,Kieren Flavell,matched
732206,1231567,Georgie Gent,Georgie Gent,matched
984595,1416589,Charlie Lennon,Charlie Lennon,matched
383153,688301,Kelechi Nwakali,Kelechi Nwakali,matched
315619,524657,Will Aimson,Will Aimson,matched
399262,791692,Fraser Murray,Fraser Murray,matched
520651,896053,Jensen Weir,Jensen Weir,matched
250277,406926,Morgan Fox,Morgan Fox,matched
528894,982679,Matthew Smith,Matt Smith,nickname
655835,1116148,Christian Saydee,Christian Saydee,matched
614700,1045828,Dara Costelloe,Dara Costelloe,matched
733314,1286945,James Carragher,James Carragher,matched
725703,1077221,Joseph Hungbo,Joseph Hungbo,matched
528888,894805,Tyrese Francois,Tyrese Francois,matched
874538,1410396,Ryan Trevitt,Ryan Trevitt,matched
406558,866687,Steven Sessegnon,Steven Sessegnon,matched
746338,1298713,Babajide Adeeko,Baba Adeeko,nickname
61711,172841,Callum McManaman,Callum McManaman,matched
538871,882341,Toby Savin,Toby Savin,matched
655723,1024958,Kyran Lofthouse,Kyran Lofthouse,matched
321579,534394,Jake Beesley,Jake Beesley,matched
527788,882882,Alex Hartridge,Alex Hartridge,matched
636888,979407,Udoka Godwin-Malife,Udoka Godwin-Malife,matched
500687,838174,Tyrese Shade,Tyrese Shade,matched
509423,1075210,Jack Armer,Jack Armer,matched
181498,401933,George Evans,George Evans,matched
484215,821400,Toby Sibbick,Toby Sibbick,matched
697278,1197515,Charlie Webster,Charlie Webster,matched
614064,961324,Jasper Moon,Jasper Moon,matched
614086,961314,Fábio Tavares,Fábio Tavares,matched
1447788,1798686,Sulyman Krubally,Sulyman Krubally,matched
876626,1401987,Finn Delap,Finn Delap,matched
1169956,1397342,Kain Adom,Kain Adom,matched
1225050,1665577,Kamil Dudek,Kamil Dudek,matched
684178,1287379,Jason Sraha,Jason Sraha,matched
472714,801470,Archie Collins,Archie Collins,matched
334687,568581,Alex Bass,Alex Bass,matched
922572,1469332,Kyrell Lisbie,Kyrell Lisbie,matched
672526,1288285,Harry Leonard,Harry Leonard,matched
121333,183747,Tom Lees,Tom Lees,matched
921735,1308353,Brandon Khela,Brandon Khela,matched
810188,1235088,David Okagbue,David Okagbue,matched
617019,1108605,Matthew Garbett,Matthew Garbett,matched
1032875,1533556,James Dornelly,James Dornelly,matched
515548,1096703,Carl Johnston,Carl Johnston,matched
1176441,1533558,Harley Mills,Harley Mills,matched
733424,1188048,Ben Woods,Ben Woods,matched
1091077,1469777,George Nevett,George Nevett,matched
865917,1306075,Declan Frith,Declan Frith,matched
854825,1533560,Donay O'Brien-Brady,Donay O'Brien-Brady,matched
1076889,1531971,David Kamara,David Kamara,matched
802629,1283236,Isaac Ogundere,Isaac Ogundere,matched
564049,918332,Steve Seddon,Steve Seddon,matched
631258,395130,Alistair Smith,Alistair Smith,matched
299471,507303,Ryan Johnson,Ryan Johnson,matched
495033,830550,Nathan Bishop,Nathan Bishop,matched
185467,261303,Jake Reeves,Jake Reeves,matched
391470,654089,Marcus Browne,Marcus Browne,matched
329849,564531,Myles Hippolyte,Myles Hippolyte,matched
425795,766648,Callum Maycock,Callum Maycock,matched
404387,962702,Joe Lewis,Joe Lewis,matched
1201750,1787141,Junior Nkeng,Junior Nkeng,matched
670859,1182933,Antwoine Hackford,Antwoine Hackford,matched
330583,577611,Joe McDonnell,Joe McDonnell,matched
874429,1420188,Aron Sasu,Aron Sasu,matched
1176869,1534734,Kai Jennings,Kai Jennings,matched
845313,1292844,Osman Foyo,Osman Foyo,matched
610621,1109490,James Morris,James Morris,matched
864496,1254208,Dominic Ballard,Dom Ballard,nickname
425716,748520,Tyreeq Bakinson,Tyreeq Bakinson,matched
610786,1113786,Oliver O'Neill,Ollie O'Neill,nickname
425456,729738,Sean Clare,Sean Clare,matched
325105,541830,Tom James,Tom James,matched
686838,1113742,Charlie Wellens,Charlie Wellens,matched
434207,874617,Aaron Connolly,Aaron Connolly,matched
633399,1029778,Idris El Mizouni,Idris El Mizouni,matched
258886,846686,Demetri Mitchell,Demetri Mitchell,matched
633621,1246213,Michael Craig,Michael Craig,matched
745716,1288116,Killian Cahill,Killian Cahill,matched
293709,822129,Theo Archibald,Theo Archibald,matched
511561,961310,William Forrester,Will Forrester,nickname
496652,1055825,Dylan Levitt,Dylan Levitt,matched
689893,1076174,Rarmani Edmonds-Green,Rarmani Edmonds-Green,matched
268606,467319,Ilmari Niskanen,Ilmari Niskanen,matched
735140,1122585,Jayden Wareham,Jayden Wareham,matched
347617,609712,Jack McMillan,Jack McMillan,matched
183172,307178,Pierce Sweeney,Pierce Sweeney,matched
342047,677988,Jack Fitzwater,Jack Fitzwater,matched
344589,750841,Jack Aitchison,Jack Aitchison,matched
926307,1520214,Luca Woodhouse,Luca Woodhouse,matched
432179,743471,Reece Cole,Reece Cole,matched
340921,867081,Jake Doyle-Hayes,Jake Doyle-Hayes,matched
95245,165555,Danny Andrew,Danny Andrew,matched
580809,1188024,Ed Turns,Ed Turns,matched
63223,180137,Josh Magennis,Josh Magennis,matched
1186528,1668673,Liam Oakes,Liam Oakes,matched
811292,1187261,Sonny Cox,Sonny Cox,matched
1169146,1665584,Charlie Cummins,Charlie Cummins,matched
670986,1224877,Johnly Yfeko,Johnly Yfeko,matched
506230,1089761,Jack Bycroft,Jack Bycroft,matched
36529,28109,Kevin McDonald,Kevin McDonald,matched
876166,1412671,Edward James,Ed James,nickname
109751,229711,Onel Hernández,Onel Hernández,matched
650476,974243,Connor Hall,Connor Hall,matched
277723,659198,Cameron Humphreys,Cameron Humphreys,matched
871229,1288279,George Hall,George Hall,matched
741948,1116648,Ben Garrity,Ben Garrity,matched
293570,505469,Ryan Croasdale,Ryan Croasdale,matched
504507,983186,Kyle John,Kyle John,matched
425900,775612,Jordan Gabriel,Jordan Gabriel,matched
60951,171786,Funso Ojo,Funso Ojo,matched
474225,810583,Liam Gordon,Liam Gordon,matched
1072759,1533554,Rhys Walters,Rhys Walters,matched
731755,1081014,Jaheim Headley,Jaheim Headley,matched
156939,570777,Ben Heneghan,Ben Heneghan,matched
240083,562796,George Byers,George Byers,matched
539502,1034995,Ben Waine,Ben Waine,matched
134293,186498,Jayden Stockley,Jayden Stockley,matched
73472,155936,Ben Amos,Ben Amos,matched
428041,789555,Tyler Magloire,Tyler Magloire,matched
120565,180259,Andre Gray,Andre Gray,matched
175740,330467,Joe Rafferty,Joe Rafferty,matched
245585,463871,Reece James,Reece James,matched
251056,488623,Cameron Dawson,Cameron Dawson,matched
572519,1180735,Arjany Martha,Ar'jany Martha,matched
354134,654102,Joe Powell,Joe Powell,matched
412949,1081906,Denzel Hall,Denzel Hall,matched
359204,618707,Shaun McWilliams,Shaun McWilliams,matched
291544,490135,Jordan Hugill,Jordan Hugill,matched
508265,883062,Kian Spence,Kian Spence,matched
503880,1125972,Ted Cann,Ted Cann,matched
526597,865940,Dru Yearwood,Dru Yearwood,matched
397102,1017899,Josh Benson,Josh Benson,matched
909487,1706477,Lenny Agbaire,Lenny Agbaire,matched
106643,13917,Liam Kelly,Liam Kelly,matched
883433,1406433,Marvin Kaleta,Marvin Kaleta,matched
967295,1419975,Hamish Douglas,Hamish Douglas,matched
248045,520230,Duncan Watmore,Duncan Watmore,matched
1069449,1412466,Emmanuel Adegboyega,Emmanuel Adegboyega,matched
814526,1203656,Brandon Cover,Brandon Cover,matched
1066969,1132520,Jack Holmes,Jack Holmes,matched
1225863,1743835,James Clarke,James Clarke,matched
967296,1524013,Josh Ayres,Josh Ayres,matched
532195,872956,Joshua Kayode,Joshua Kayode,matched
660151,1410178,Ciaran McGuckin,Ciaran McGuckin,matched
1337033,1692213,Harrison Duncan,Harrison Duncan,matched
341993,760400,Elliott Moore,Elliott Moore,matched
463755,846102,Dean Campbell,Dean Campbell,matched
198861,297209,Sam Hoskins,Sam Hoskins,matched
167265,519444,Cameron McGeehan,Cameron McGeehan,matched
503918,1123529,Tyrese Fornah,Tyrese Fornah,matched
211076,301465,Ross Fitzsimons,Ross Fitzsimons,matched
816002,1187359,Max Dyche,Max Dyche,matched
382686,658364,Conor McCarthy,Conor McCarthy,matched
135136,193210,Tom Eaves,Tom Eaves,matched
181007,253632,Lee Burge,Lee Burge,matched
630076,969245,Jack Burroughs,Jack Burroughs,matched
925104,1351007,Jack Perkins,Jack Perkins,matched
372714,662609,Elliott List,Elliott List,matched
222108,369752,John Guthrie,Jon Guthrie,matched
496660,1124094,Jack Vale,Jack Vale,matched
207056,295061,Jordan Willis,Jordan Willis,matched
814524,1244302,Joe Wormleighton,Joe Wormleighton,matched
123384,180233,Michael Jacobs,Michael Jacobs,matched
314366,682551,Kyle Edwards,Kyle Edwards,matched
999745,1400214,Damola Ajayi,Damola Ajayi,matched
265592,440531,Mitchell Pinnock,Mitch Pinnock,nickname
185869,607673,Grant Smith,Grant Smith,matched
649053,1020519,Ashley Charles,Ashley Charles,matched
344354,591751,Omar Sowunmi,Omar Sowunmi,matched
698741,1084272,Marcus Ifill,Marcus Ifill,matched
375095,612183,Michael Cheek,Michael Cheek,matched
455600,785409,Corey Whitely,Corey Whitely,matched
586059,1089740,William Hondermarck,Will Hondermarck,nickname
483385,784365,Nicke Kabamba,Nicke Kabamba,matched
258881,718093,Kyle Cameron,Kyle Cameron,matched
337062,575806,Ben Thompson,Ben Thompson,matched
62112,32392,Byron Webster,Byron Webster,matched
556982,816396,Marcus Dinanga,Marcus Dinanga,matched
874376,1254125,Brooklyn Ilunga,Brooklyn Ilunga,matched
732743,1184675,Sam Long,Sam Long,matched
126321,214685,Carl Jenkinson,Carl Jenkinson,matched
148299,201787,Curtis Nelson,Curtis Nelson,matched
542471,886105,Ben Wiles,Ben Wiles,matched
252617,562890,Craig MacGillivray,Craig MacGillivray,matched
238440,364547,Alex Gilbey,Alex Gilbey,matched
252986,662975,Liam Kelly,Liam Kelly,matched
553509,902279,Luke Offord,Luke Offord,matched
570768,629786,Marvin Ekpiteta,Marvin Ekpiteta,matched
169555,355739,Callum Paterson,Callum Paterson,matched
851990,1203609,Jack Sanders,Jack Sanders,matched
242412,605257,Gethin Jones,Gethin Jones,matched
314237,623713,Rushian Hepburn-Murphy,Rushian Hepburn-Murphy,matched
125409,206435,Nathaniel Méndez-Laing,Nathaniel Méndez-Laing,matched
341042,583434,Aaron Collins,Aaron Collins,matched
335598,789575,William Collar,Will Collar,nickname
223225,660878,Daniel Crowley,Dan Crowley,nickname
506440,1093768,Joe Tomlinson,Joe Tomlinson,matched
138783,190424,Scott Hogan,Scott Hogan,matched
314266,682552,Jonathan Leko,Jonathan Leko,matched
344586,592209,Connal Trueman,Connal Trueman,matched
535479,1096699,Jay Matete,Jay Matete,matched
392774,767015,Kane Wilson,Kane Wilson,matched
226219,564724,Sean Raggett,Sean Raggett,matched
484389,961329,Kelland Watts,Kell Watts,nickname
526873,865937,Jake Eastwood,Jake Eastwood,matched
244338,498532,Pelly-Ruddock Mpanzu,Pelly Ruddock Mpanzu,matched
911750,1284065,Mamadou Jobe,Mamadou Jobe,matched
911757,1286967,Liam Bennett,Liam Bennett,matched
244130,521154,Sullay Kaikai,Sullay Kaikai,matched
386505,664514,James Brophy,James Brophy,matched
167254,528437,Dominic Ball,Dominic Ball,matched
449019,808791,Louis Appéré,Louis Appéré,matched
568007,966023,Ben Knight,Ben Knight,matched
270988,469205,Ben Purrington,Ben Purrington,matched
66497,24382,Michael Morrison,Michael Morrison,matched
376252,720464,Shane McLoughlin,Shane McLoughlin,matched
80435,168313,Korey Smith,Korey Smith,matched
351597,652145,Shayne Lavery,Shayne Lavery,matched
976043,1420819,George Hoddle,George Hoddle,matched
49501,215804,Elias Kachunga,Elias Kachunga,matched
961075,1321336,Glenn McConnell,Glenn McConnell,matched
878114,1331082,Zak Bradshaw,Zak Bradshaw,matched
877872,1779893,Ben Hughes,Ben Hughes,matched
428446,734402,Daniel Udoh,Daniel Udoh,matched
110860,191132,Luke Garbutt,Luke Garbutt,matched
535785,933747,Ryan Graydon,Ryan Graydon,matched
334964,568541,Jorge Grant,Jorge Grant,matched
148660,202063,Oliver Turton,Ollie Turton,nickname
919149,1215976,Adebola Oluwo,Adebola Oluwo,matched
404381,807775,Brandon Cooper,Brandon Cooper,matched
391132,672450,Matt Butcher,Matt Butcher,matched
728983,1117827,Josh Austerfield,Josh Austerfield,matched
503794,770268,Rosaire Longelo,Rosaire Longelo,matched
696183,1113914,Kallum Cesay,Kallum Cesay,matched
871692,1285463,Kelly N'Mai,Kelly N'Mai,matched
136501,188055,Kadeem Harris,Kadeem Harris,matched
625082,968948,Haji Mnoga,Haji Mnoga,matched
344015,765715,Benjamin Woodburn,Ben Woodburn,nickname
697282,1213651,Zach Awe,Zach Awe,matched
96754,184822,Fabio Borini,Fabio Borini,matched
543075,886138,Jay Bird,Jay Bird,matched
154219,417759,Michael Rose,Michael Rose,matched
1193520,1585612,Kyrell Malcolm,Kyrell Malcolm,matched
723666,1222189,Loick Ayina,Loick Ayina,matched
453661,780817,Jacob Bedeau,Jacob Bedeau,matched
107534,164848,James Belshaw,James Belshaw,matched
546903,1130810,Lewis Macari,Lewis Macari,matched
354695,613181,Jodi Jones,Jodi Jones,matched
631704,1033167,Alassana Jatta,Alassana Jatta,matched
236870,364546,Matthew Palmer,Matt Palmer,nickname
177914,291175,Oliver Norburn,Oliver Norburn,matched
579997,1086940,Conor Grant,Conor Grant,matched
405978,789545,Matty Platt,Matty Platt,matched
474081,728800,Lee Ndlovu,Lee Ndlovu,matched
129021,213798,Rodney McDonald,Rod McDonald,nickname
321096,873017,Keanan Bennetts,Keanan Bennetts,matched
965971,1448041,Tyrese Hall,Tyrese Hall,matched
536533,1115525,Scott Robertson,Scott Robertson,matched
819713,1191891,Lucas Ness,Lucas Ness,matched
423277,726705,Maziar Kouhyar,Maziar Kouhyar,matched
944090,1416111,Luke Browne,Luke Browne,matched
1171119,1410089,Beck-Ray Enoru,Beck-Ray Enoru,matched
457528,789639,Zachary Hemming,Zach Hemming,nickname
32526,213066,Kyle McFadzean,Kyle McFadzean,matched
496644,1077898,Ryan Stirk,Ryan Stirk,matched
126225,170400,Tom Naylor,Tom Naylor,matched
713479,1197653,Lee Bonis,Lee Bonis,matched
530807,982598,Dilan Markanday,Dilan Markanday,matched
369563,628878,Liam Mandeville,Liam Mandeville,matched
217094,352866,Cheyenne Dunkley,Chey Dunkley,nickname
563754,1222186,Lewis Gordon,Lewis Gordon,matched
745728,1195372,Dylan Duffy,Dylan Duffy,matched
106676,161632,Will Grigg,Will Grigg,matched
530384,914400,Tom Pearce,Tom Pearce,matched
259916,430436,Ryan Boot,Ryan Boot,matched
813065,1191684,Malik Owolabi-Belewu,Malik Owolabi-Belewu,matched
425715,791427,Cameron McJannet,Cameron McJannet,matched
459873,787216,Harvey Rodgers,Harvey Rodgers,matched
343301,589644,Kieran Green,Kieran Green,matched
572810,938380,Jaze Kabia,Jaze Kabia,matched
335181,746895,Charles Vernam,Charles Vernam,matched
550641,896065,Reece Staunton,Reece Staunton,matched
692906,1154746,Géza Dávid Turi,Géza Dávid Turi,matched
725641,1089073,Evan Khouri,Evan Khouri,matched
72518,298447,Jamie Walker,Jamie Walker,matched
676168,1003332,Jayden Sweeney,Jayden Sweeney,matched
260368,430434,Christy Pym,Christy Pym,matched
903189,1531739,Maldini Kacurri,Maldini Kacurri,matched
380026,661934,Justin Amaluzor,Justin Amaluzor,matched
537864,881523,Douglas Tharme,Doug Tharme,nickname
670857,1186485,Jude Soonsup-Bell,Jude Soonsup-Bell,matched
285846,865152,Sam Lavelle,Sam Lavelle,matched
1179574,1552957,Cameron Gardner,Cameron Gardner,matched
650883,1125865,Zak Gilsenan,Zak Gilsenan,matched
1298081,1668675,Henry Brown,Henry Brown,matched
1089062,1637435,Phillip Chinedu,Phillip Chinedu,matched
684173,1281464,Ryan Glover,Ryan Glover,matched
672607,1076712,Adam Senior,Adam Senior,matched
314205,524801,Danny Collinge,Danny Collinge,matched
611906,959401,Nnamdi Ofoborh,Nnamdi Ofoborh,matched
405982,799263,Idris Kanu,Idris Kanu,matched
487428,1050665,Nikola Tavares,Nikola Tavares,matched
357225,616011,Mark Shelton,Mark Shelton,matched
346237,597964,Kabongo Tshimanga,Kabongo Tshimanga,matched
984136,1187956,Callum Stead,Callum Stead,matched
491741,865172,Anthony Hartigan,Anthony Hartigan,matched
525850,816494,Kane Smith,Kane Smith,matched
632380,912207,Joseph Kizzi,Joe Kizzi,nickname
186172,262554,Britt Assombalonga,Britt Assombalonga,matched
248504,647505,Rhys Browne,Rhys Browne,matched
300908,509174,Owen Evans,Owen Evans,matched
353147,780417,Dennis Adeniran,Dennis Adeniran,matched
393284,664501,Emmanuel Osadebe,Emmanuel Osadebe,matched
163531,237562,Connor Ripley,Connor Ripley,matched
466106,843660,Aaron Drinan,Aaron Drinan,matched
469064,1086939,Gavin Kilkenny,Gavin Kilkenny,matched
601437,816509,Will Wright,Will Wright,matched
186597,262531,Tom Nichols,Tom Nichols,matched
388585,668421,Darren Oldaker,Darren Oldaker,matched
282256,468967,Ollie Palmer,Ollie Palmer,matched
146542,199190,Ollie Clarke,Ollie Clarke,matched
745692,1202090,Joe Snowdon,Joe Snowdon,matched
1205846,1599299,Joel McGregor,Joel McGregor,matched
244154,186087,Ryan Tafazolli,Ryan Tafazolli,matched
866669,1290768,Jake Batty,Jake Batty,matched
812133,1227362,Filozofe Mabete,Filozofe Mabete,matched
470604,1068914,Paul Glatzel,Paul Glatzel,matched
1080392,1538818,Fletcher Holman,Fletcher Holman,matched
297571,693689,James Ball,James Ball,matched
130229,197729,Billy Bodin,Billy Bodin,matched
58993,113465,Junior Hoilett,Junior Hoilett,matched
928577,1381600,Billy Kirkman,Billy Kirkman,matched
452019,780282,Harry Smith,Harry Smith,matched
478637,912931,Daniel Butterworth,Daniel Butterworth,matched
922463,1300488,Ben Middlemas,Ben Middlemas,matched
698196,1113729,Calum Kavanagh,Calum Kavanagh,matched
319630,530464,Manny Monthé,Manny Monthe,matched
354303,612735,Mathew Hudson,Mathew Hudson,matched
326585,681987,Jamie Robson,Jamie Robson,matched
232897,416104,Ryan Woods,Ryan Woods,matched
329205,563230,Tom Pett,Tom Pett,matched
199522,410017,Donervon Daniels,Donervon Daniels,matched
1263583,1396786,Kane Drummond,Kane Drummond,matched
816519,1189618,Will Sutton,Will Sutton,matched
194461,338754,Jake Caprice,Jake Caprice,matched
488416,824218,Josh Hawkes,Josh Hawkes,matched
804330,1304955,Jack Stevens,Jack Stevens,matched
472330,807013,Reagan Ogle,Reagan Ogle,matched
294056,493164,Tom Conlon,Tom Conlon,matched
646214,1287618,Oliver Hammond,Oliver Hammond,matched
800509,1705086,Tom Donaghy,Tom Donaghy,matched
183166,488186,Ian Lawlor,Ian Lawlor,matched
1003023,1353700,Lewis Billington,Lewis Billington,matched
578937,934843,Reece Hutchinson,Reece Hutchinson,matched
194189,244451,Mickey Demetriou,Mickey Demetriou,matched
735677,1081096,Josh March,Josh March,matched
883543,1533553,Calum Agius,Calum Agius,matched
726634,1428404,Matús Holícek,Matus Holicek,matched
965744,1429137,Owen Lunt,Owen Lunt,matched
965728,1390004,Tom Booth,Tom Booth,matched
131980,238763,Conor Thomas,Conor Thomas,matched
1110023,1631615,Adrien Thibaut,Adrien Thibaut,matched
965742,1343495,Charlie Finney,Charlie Finney,matched
602544,967350,Jack Lankester,Jack Lankester,matched
125561,196865,Louis Moult,Louis Moult,matched
134657,607640,Omar Bogle,Omar Bogle,matched
586959,1113759,Dion Rankine,Dion Rankine,matched
1205843,1699536,Stan Dancey,Stan Dancey,matched
1211228,1715554,Luca Moore,Luca Moore,matched
417256,873015,Shilow Tracey,Shilow Tracey,matched
646210,1285822,Fin Back,Fin Back,matched
542516,886088,Jack Tucker,Jack Tucker,matched
220491,309517,Matt Macey,Matt Macey,matched
278092,469382,Jack Payne,Jack Payne,matched
335591,716860,Rob Hunt,Rob Hunt,matched
350232,607142,Kane Vincent-Young,Kane Vincent-Young,matched
335765,571708,Harry Anderson,Harry Anderson,matched
276266,568575,Teddy Bishop,Teddy Bishop,matched
812996,1184673,Samson Tovide,Samson Tovide,matched
386937,666869,Ellis Iandolo,Ellis Iandolo,matched
809099,1184220,Owura Edwards,Owura Edwards,matched
965095,1320637,Frankie Terry,Frankie Terry,matched
907220,1288331,Jaden Williams,Jaden Williams,matched
226964,607131,Dominic Gape,Dominic Gape,matched
666588,1113676,Adrian Akande,Adrian Akande,matched
925105,1439541,Ben Perry,Ben Perry,matched
540690,1187284,Tom Smith,Tom Smith,matched
878357,1787418,Samuel Kuffour Jr.,Samuel Kuffour Jr.,matched
399454,789631,Alexander Pattison,Alex Pattison,nickname
564048,918334,Charlie Lakin,Charlie Lakin,matched
610652,1113747,Connor Barrett,Connor Barrett,matched
471003,1089684,Aaron Pressley,Aaron Pressley,matched
362809,621869,Brandon Comley,Brandon Comley,matched
819863,1235101,Courtney Clarke,Courtney Clarke,matched
707955,1081056,Vincent Harper,Vincent Harper,matched
652989,1005751,Priestley Farquharson,Priestley Farquharson,matched
918868,1334831,Harrison Burke,Harrison Burke,matched
733305,1290869,Rico Browne,Rico Browne,matched
733311,1287374,Alfie Chang,Alfie Chang,matched
808454,1284340,Mason Hancock,Mason Hancock,matched
83430,113003,Albert Adomah,Albert Adomah,matched
372525,662366,Sam Hornby,Sam Hornby,matched
565674,1239535,Riley Harbottle,Riley Harbottle,matched
505307,1098808,Ryan De Havilland,Ryan De Havilland,matched
527791,867884,Jack Sparkes,Jack Sparkes,matched
396678,678299,Alfie Kilgour,Alfie Kilgour,matched
707550,1403861,Fabrizio Cavegn,Fabrizio Cavegn,matched
470594,997538,Clinton Mola,Clinton Mola,matched
703487,1076335,Brad Young,Brad Young,matched
674136,1003285,Joel Senior,Joel Senior,matched
386148,664534,Joe Quigley,Joe Quigley,matched
398063,817731,Luke Southwood,Luke Southwood,matched
185109,260485,Ellis Harrison,Ellis Harrison,matched
504518,843804,Kofi Balmer,Kofi Balmer,matched
399473,698499,Luke Thomas,Luke Thomas,matched
852517,1340952,Shaqai Forde,Shaq Forde,nickname
128905,215226,Joshua McEachran,Josh McEachran,nickname
538678,911761,Macauley Southam-Hales,Macauley Southam-Hales,matched
540876,939035,Promise Omochere,Promise Omochere,matched
314280,609841,Taylor Moore,Taylor Moore,matched
667007,1221026,Mees Rijks,Mees Rijks,matched
128273,302545,Jay Lynch,Jay Lynch,matched
568092,923241,Elliot Bonds,Elliot Bonds,matched
596217,1098783,Mark Helm,Mark Helm,matched
746736,1326195,Harrison Neal,Harrison Neal,matched
945771,1441821,Finley Potter,Finley Potter,matched
106376,1195213,Will Davies,Will Davies,matched
61622,107216,Ched Evans,Ched Evans,matched
280409,470624,Shaun Rooney,Shaun Rooney,matched
208281,302703,James Bolton,James Bolton,matched
624894,968915,Harrison Holgate,Harrison Holgate,matched
371101,662353,Tobias Mullarkey,Toby Mullarkey,nickname
1091011,1667947,Kayden Hughes,Kayden Hughes,matched
586938,955438,Lewis McCann,Lewis McCann,matched
423617,877668,Denver Hume,Denver Hume,matched
123198,178539,James Norwood,James Norwood,matched
345282,923174,Ronan Coughlan,Ronan Coughlan,matched
794816,1341388,Rhys Bennett,Rhys Bennett,matched
1064243,1420205,George Morrison,George Morrison,matched
1045997,1396874,Devon Matthews,Devon Matthews,matched
1164610,1081031,Isaac Sinclair,Isaac Sinclair,matched
49637,24143,Shaun Whalley,Shaun Whalley,matched
335177,575792,Farrend Rawson,Farrend Rawson,matched
179451,684734,Donald Love,Donald Love,matched
966649,1420163,Connor O'Brien,Connor O'Brien,matched
70019,119521,Séamus Conneely,Seamus Conneely,matched
914370,1283966,Josh Woods,Josh Woods,matched
425268,1273274,Liam Coyle,Liam Coyle,matched
1164656,1605949,Freddie Sass,Freddie Sass,matched
445548,891387,Charlie Brown,Charlie Brown,matched
966681,1585611,Alex Henderson,Alex Henderson,matched
218355,571546,Conor Grant,Conor Grant,matched
461477,792702,Tyler Walton,Tyler Walton,matched
1091370,1665593,Josh Smith,Josh Smith,matched
719290,1105534,Dan Martin,Dan Martin,matched
315984,548798,Michael Kelly,Michael Kelly,matched
425764,959240,Kelsey Mooney,Kelsey Mooney,matched
1091365,1665594,Charlie Hall,Charlie Hall,matched
136580,184476,Omar Beckles,Omar Beckles,matched
183291,735234,Max Clark,Max Clark,matched
691064,1076698,Remeao Hutton,Remeao Hutton,matched
959594,1315280,Sam Gale,Sam Gale,matched
743741,1132145,Andrew Smith,Andy Smith,nickname
532079,874605,Robbie McKenzie,Robbie McKenzie,matched
48261,24264,Glenn Morris,Glenn Morris,matched
337279,660320,Armani Little,Armani Little,matched
238556,363352,Bradley Dack,Bradley Dack,matched
424903,1086697,Ethan Coleman,Ethan Coleman,matched
573054,1229066,Josh Andrews,Josh Andrews,matched
855258,1445152,Seb Palmer Houlden,Seb Palmer-Houlden,matched
436034,923169,Ronan Hale,Ronan Hale,matched
565824,1181104,Cameron Antwi,Cameron Antwi,matched
457128,788719,Jake Turner,Jake Turner,matched
69653,115980,Garath McCleary,Garath McCleary,matched
170322,281480,Jonathan Williams,Jonny Williams,nickname
657994,1029054,Aaron Rowe,Aaron Rowe,matched
48078,46898,Sam Vokes,Sam Vokes,matched
293784,716647,Conor Masterson,Conor Masterson,matched
654252,1089745,Nelson Khumbeni,Nelson Khumbeni,matched
1300764,1669607,Harry Waldock,Harry Waldock,matched
624268,1326393,Euan Williams,Euan Williams,matched
104564,154807,Joe Day,Joe Day,matched
48098,29569,James Wilson,James Wilson,matched
175828,244034,Luke Young,Luke Young,matched
696762,1187252,Jonathan Tomkinson,Jonathan Tomkinson,matched
1165670,1415486,Jordan Thomas,Jordan Thomas,matched
375044,662314,Ben Stevenson,Ben Stevenson,matched
683857,1424756,Arkell Jude-Boyd,Arkell Jude-Boyd,matched
379711,662956,Robbie Cundy,Robbie Cundy,matched
414892,713291,George Miller,George Miller,matched
380029,663027,Ryan Broom,Ryan Broom,matched
633129,980310,George Nurse,George Nurse,matched
547534,1089738,Josh Martin,Josh Martin,matched
1072526,1473814,Freddy Willcox,Freddy Willcox,matched
504543,883082,George Harmon,George Harmon,matched
247400,619507,William Boyle,Will Boyle,nickname
502073,962008,Taylor Perry,Taylor Perry,matched
122223,179028,Sam Clucas,Sam Clucas,matched
698895,1081233,Luca Hoole,Luca Hoole,matched
396176,1020785,Tom Sang,Tom Sang,matched
425872,817097,Sam Stubbs,Sam Stubbs,matched
130395,184069,John Marquis,John Marquis,matched
532192,872989,George Lloyd,George Lloyd,matched
176632,244530,Josh Ruffels,Josh Ruffels,matched
128828,511985,Thomas Anderson,Tom Anderson,nickname
805895,1587849,Will Brook,Will Brook,matched
325216,654097,Anthony Scully,Anthony Scully,matched
509156,1057939,Kevin Berkoe,Kevin Berkoe,matched
448813,770125,Nick Freeman,Nick Freeman,matched
210545,363349,Malvind Benning,Mal Benning,nickname
1399959,1745514,Isaac England,Isaac England,matched
1441310,1798779,Will Gray,Will Gray,matched
1289516,1685594,Isaac Lee,Isaac Lee,matched
425895,748384,Jordan Wright,Jordan Wright,matched
814290,1428295,Lee Jenkins,Lee Jenkins,matched
559797,1206309,Bobby Kamwa,Bobby Kamwa,matched
535485,962703,Cameron Evans,Cameron Evans,matched
854853,1286791,Thomas Davies,Tom Davies,nickname
732109,1287392,Ben Lloyd,Ben Lloyd,matched
991323,1384552,Michael Spellman,Michael Spellman,matched
924699,1665780,Joe Thomas,Joe Thomas,matched
298231,523192,Courtney Baker-Richardson,Courtney Baker-Richardson,matched
618883,930627,Gerard Garner,Gerard Garner,matched
550134,1164489,Ciarán Brennan,Ciaran Brennan,matched
747255,1430857,James Crole,James Crole,matched
365877,872962,Matt Smith,Matthew Smith,nickname
1184522,1668982,Cole Jarvis,Cole Jarvis,matched
654254,1187258,Jaden Warner,Jaden Warner,matched
1406626,1800387,Max Dickov,Max Dickov,matched
321416,534391,Nathan Smith,Nathan Smith,matched
283478,471699,Patrick Brough,Patrick Brough,matched
726992,1186465,Charlie Whitaker,Charlie Whitaker,matched
411239,702939,Omari Patrick,Omari Patrick,matched
177901,363344,Joe Ironside,Joe Ironside,matched
217806,315295,Sam Finley,Sam Finley,matched
216901,690181,Cameron Norman,Cameron Norman,matched
3655,24416,Joe Murphy,Joe Murphy,matched
581677,1203668,Nohan Kenneh,Nohan Kenneh,matched
652979,1113906,Lewis Warrington,Lewis Warrington,matched
257729,426159,Aaron McGowan,Aaron McGowan,matched
212426,303347,Connor Jennings,Connor Jennings,matched
566676,1113767,Ethan Bristow,Ethan Bristow,matched
67375,109960,Kristian Dennis,Kristian Dennis,matched
366681,845556,Lee O'Connor,Lee O'Connor,matched
226978,564582,Jordan Turnbull,Jordan Turnbull,matched
1053935,1435825,James Plant,James Plant,matched
117997,241728,Jason Lowe,Jason Lowe,matched
183301,597503,Luke McGee,Luke McGee,matched
1222512,1425209,Sol Solomon,Sol Solomon,matched
277135,470724,Kaiyne Woolery,Kaiyne Woolery,matched
121269,361105,Ryan Watson,Ryan Watson,matched
641124,964374,Danilo Orsi,Danilo Orsi,matched
747258,1181715,Charlie Barker,Charlie Barker,matched
612093,962038,Jay Williams,Jay Williams,matched
291129,759627,Harry McKirdy,Harry McKirdy,matched
567642,1077893,Geraldo Bajrami,Geraldo Bajrami,matched
839807,1204322,Ade Adeyemo,Ade Adeyemo,matched
499604,837440,Dion Pereira,Dion Pereira,matched
370138,789643,Kellan Gordon,Kellan Gordon,matched
505548,1101052,Louie Watson,Louie Watson,matched
236493,480753,Reece Brown,Reece Brown,matched
101682,171084,Scott Malone,Scott Malone,matched
823762,1508391,Johnny Russell,Jonny Russell,matched
484551,872970,Taylor Richards,Taylor Richards,matched
396561,1050300,Max Anderson,Max Anderson,matched
571827,968942,Lewis Richards,Lewis Richards,matched
843597,1526415,Louie Copley,Louie Copley,matched
358664,689991,Theo Vassell,Theo Vassell,matched
741271,1369689,Justin Ferizaj,Justin Ferizaj,matched
871236,1288102,Ben Radcliffe,Ben Radcliffe,matched
738310,1125882,Reece Smith,Reece Smith,matched
236508,445497,Bryn Morris,Bryn Morris,matched
121393,361772,Anthony O'Connor,Anthony O'Connor,matched
104535,127653,Warren Burrell,Warren Burrell,matched
632350,1199668,Ellis Taylor,Ellis Taylor,matched
741268,1578910,Cathal Heffernan,Cathal Heffernan,matched
325607,553387,Jack Muldoon,Jack Muldoon,matched
503731,906938,Stephen Duke-McKenna,Stephen Duke-McKenna,matched
474382,961344,Lewis Cass,Lewis Cass,matched
470371,778775,Shawn McCoulsky,Shawn McCoulsky,matched
312553,724365,Liam Gibson,Liam Gibson,matched
433191,982301,Zico Asare,Zico Asare,matched
452708,775620,Ben Fox,Ben Fox,matched
601512,1005800,Tom Bradbury,Tom Bradbury,matched
339734,581526,Jack Levi Sutton,Levi Sutton,matched
67232,109262,Mark Oxley,Mark Oxley,matched
353800,612736,George Thomson,George Thomson,matched
195637,292668,Mason Bennett,Mason Bennett,matched
655990,1096695,Thomas Hill,Tom Hill,nickname
698896,1081234,Grant Horton,Grant Horton,matched
730770,1076588,Aiden Marsh,Aiden Marsh,matched
121326,198025,Josh Falkingham,Josh Falkingham,matched
1209669,1702709,Lucas Barnes,Lucas Barnes,matched
980939,1577837,Wyll Stanway,Wyll Stanway,matched
689892,1042559,Ben Jackson,Ben Jackson,matched
193777,533777,Charlie Raglan,Charlie Raglan,matched
573133,1098786,Charlie McCann,Charlie McCann,matched
456877,789579,Rekeem Harper,Rekeem Harper,matched
336855,662325,Elliot Newby,Elliot Newby,matched
122243,181243,Niall Canavan,Niall Canavan,matched
160137,279456,Tom Barkhuizen,Tom Barkhuizen,matched
734426,1213676,Lewis Shipley,Lewis Shipley,matched
185702,261807,Danny Rose,Danny Rose,matched
647392,1184470,Scott Smith,Scott Smith,matched
287528,484856,Connor Mahoney,Connor Mahoney,matched
460216,789495,Jack Earing,Jack Earing,matched
402089,520336,Ben Whitfield,Ben Whitfield,matched
575212,1222188,Isaac Fletcher,Isaac Fletcher,matched
511551,1086708,Joseph Anderson,Joe Anderson,nickname
341295,585355,Tyler Walker,Tyler Walker,matched
106641,253103,Kane Hemmings,Kane Hemmings,matched
505046,1078851,Ben Winterbottom,Ben Winterbottom,matched
1338614,1691413,Killian Barrett,Killian Barrett,matched
332327,872957,Edward Francis,Ed Francis,nickname
462068,793691,Luke Hannant,Luke Hannant,matched
987566,1304779,Bryant Bilongo,Bryant Bilongo,matched
647382,1222142,Ryan Galvin,Ryan Galvin,matched
425951,730546,Regan Booty,Regan Booty,matched
574585,960996,Ollie Kensdale,Ollie Kensdale,matched
746777,1187146,Zak Brunt,Zak Brunt,matched
1175955,1668672,Ashqar Ahmed,Ashqar Ahmed,matched
503796,1191890,Jay Mingi,Jay Mingi,matched
127805,279480,Gavan Holohan,Gavan Holohan,matched
526852,953873,Josh Kelly,Josh Kelly,matched
1099929,1725234,Tom Taylor,Tom Taylor,matched
733422,1186461,Jake Rooney,Jake Rooney,matched
1368899,1132836,Tom Cursons,Tom Cursons,matched
123550,186934,Jamie Grimes,Jamie Grimes,matched
462841,794462,Joe Sbarra,Joe Sbarra,matched
728982,1117779,Scott High,Scott High,matched
1078699,1430834,Michael Adu-Poku,Michael Adu-Poku,matched
1073085,1642043,Dakarai Mafico,Dakarai Mafico,matched
506213,920384,Joy Mukena,Joy Mukena,matched
1421821,1788033,Jake Tabor,Jake Tabor,matched
1296813,1526724,Callum Stewart,Callum Stewart,matched
494684,883073,Kyle Jameson,Kyle Jameson,matched
492690,883077,Callum Morton,Callum Morton,matched
893356,1276301,Antony Papadopoulos,Antony Papadopoulos,matched
233100,330466,Lee Angol,Lee Angol,matched
347481,1068913,Adam Lewis,Adam Lewis,matched
431425,873013,Jack Roles,Jack Roles,matched
1164606,1531830,Jack Hazlehurst,Jack Hazlehurst,matched
933017,1296769,Zach Abbott,Zach Abbott,matched
1019201,1418093,Donnell McNeilly,Donnell McNeilly,matched
751659,1209408,Alex Williams,Alex Williams,matched
1029654,1562715,Souleyman Mandey,Souleyman Mandey,matched
1023191,1607333,George Hemmings,George Hemmings,matched
1172824,1580235,Errol Mundle-Smith,Errol Mundle-Smith,matched
1225340,1686146,Botan Ameen,Botan Ameen,matched
1071818,1443841,Sean Neave,Sean Neave,matched
1005845,1469204,Cruz Allen,Cruz Allen,matched
866656,1310115,Cameron Bragg,Cameron Bragg,matched
1108782,1797467,Barnaby Williams,Barnaby Williams,matched
1081149,1448527,Nicholas Oyekunle,Nicholas Oyekunle,matched
865972,1469816,George McCormick,George McCormick,matched
1353029,1799269,Yisa Alao,Yisa Alao,matched
810092,1367615,Warren Zaïre-Emery,Warren Zaïre-Emery,matched
659089,1140003,Ilya Zabarnyi,Ilya Zabarnyi,matched
487469,1061249,Vitinha,Vitinha,matched
661171,1137670,Willian Pacho,Willian Pacho,matched
708265,1297165,Bradley Barcola,Bradley Barcola,matched
281963,504606,Lucas Hernández,Lucas Hernández,matched
903693,1574189,Senny Mayulu,Senny Mayulu,matched
872171,1255209,Lucas Beraldo,Lucas Beraldo,matched
463600,1177131,Lucas Chevalier,Lucas Chevalier,matched
502670,900433,Khvicha Kvaratskhelia,Khvicha Kvaratskhelia,matched
398073,770881,Achraf Hakimi,Achraf Hakimi,matched
914562,1339208,Désiré Doué,Désiré Doué,matched
318470,800880,Matvey Safonov,Matvey Safonov,matched
670681,1342757,João Neves,João Neves,matched
616341,1158945,Nuno Mendes,Nuno Mendes,matched
350219,605654,Fabián Ruiz,Fabián Ruiz,matched
288230,692984,Ousmane Dembélé,Ousmane Dembélé,matched
181767,267365,Marquinhos,Marquinhos,matched
1185888,1593857,Ibrahim Mbaye,Ibrahim Mbaye,matched
1071596,1682313,Dro Fernández,Dro Fernández,matched
1053208,1699549,Quentin Ndjantou,Quentin Ndjantou,matched
344152,637746,Odsonne Édouard,Odsonne Édouard,matched
344886,660326,Matthieu Udol,Matthieu Udol,matched
743515,1390336,Robin Risser,Robin Risser,matched
184892,254308,Florian Thauvin,Florian Thauvin,matched
808348,1185211,Mamadou Sangaré,Mamadou Sangaré,matched
1020191,1406645,Ismaëlo Ganiou,Ismaëlo Ganiou,matched
655217,1276626,Samson Baidoo,Samson Baidoo,matched
203746,561046,Ruben Aguilar,Ruben Aguilar,matched
631927,1002617,Saud Abdulhamid,Saud Abdulhamid,matched
126557,513072,Jonathan Gradit,Jonathan Gradit,matched
1160814,1586559,Rayan Fofana,Rayan Fofana,matched
986291,1634789,Andrija Bulatovic,Andrija Bulatovic,matched
776798,1189856,Abdallah Sima,Abdallah Sima,matched
819566,1657810,Nidal Celik,Nidal Celik,matched
354726,612699,Florian Sotoca,Florian Sotoca,matched
402008,688830,Amadou Haidara,Amadou Haidara,matched
1186789,1685514,Kyllian Antonio,Kyllian Antonio,matched
60543,186811,Mathieu Gorgelin,Mathieu Gorgelin,matched
1176271,1642840,Erawan Garnier,Erawan Garnier,matched
361256,815912,Berke Özer,Berke Özer,matched
652275,1044470,Hákon Arnar Haraldsson,Hákon Arnar Haraldsson,matched
548254,1252070,Nathan Ngoy,Nathan Ngoy,matched
724129,1444231,Matias Fernandez-Pardo,Matías Fernández-Pardo,matched
1097139,1561552,Ayyoub Bouaddi,Ayyoub Bouaddi,matched
84301,148830,Benjamin André,Benjamin André,matched
318523,815465,Romain Perraud,Romain Perraud,matched
479648,942358,Félix Correia,Félix Correia,matched
82442,46469,Olivier Giroud,Olivier Giroud,matched
1016015,1428153,Ngal Ayel Mukau,Ngal'ayel Mukau,matched
245537,500520,Nabil Bentaleb,Nabil Bentaleb,matched
203348,277761,Chancel Mbemba,Chancel Mbemba,matched
258364,622137,Calvin Verdonk,Calvin Verdonk,matched
816580,1397857,Tiago Santos,Tiago Santos,matched
903666,1426809,Ethan Mbappé,Ethan Mbappé,matched
648020,1186553,Alexsandro Ribeiro,Alexsandro,matched
580657,988160,Osame Sahraoui,Osame Sahraoui,matched
885445,1421275,Hamza Igamane,Hamza Igamane,matched
353404,708435,Gaëtan Perrin,Gaëtan Perrin,matched
1078326,1603990,Noah Edjouma,Noah Edjouma,matched
903359,1276934,Marius Broholm,Marius Broholm,matched
417278,841705,Arnaud Bodart,Arnaud Bodart,matched
1184007,1684579,Soriba Diaoune,Soriba Diaoune,matched
990732,1526224,Ousmane Touré,Ousmane Touré,matched
187718,266105,Clinton Mata,Clinton Mata,matched
291200,592102,Moussa Niakhaté,Moussa Niakhaté,matched
316884,651910,Dominik Greif,Dominik Greif,matched
618494,1113724,Tyler Morton,Tyler Morton,matched
285845,604089,Ainsley Maitland-Niles,Ainsley Maitland-Niles,matched
190393,473852,Corentin Tolisso,Corentin Tolisso,matched
646402,1060604,Abner,Abner,matched
670096,1057433,Tanner Tessmann,Tanner Tessmann,matched
500053,1037539,Pavel Sulc,Pavel Sulc,matched
131225,195750,Nicolás Tagliafico,Nicolás Tagliafico,matched
971570,1406729,Endrick,Endrick,matched
1187942,1793640,Khalis Merah,Khalis Merah,matched
578421,1125076,Ruben Kluivert,Ruben Kluivert,matched
743386,1364069,Malick Fofana,Malick Fofana,matched
802515,1368710,Noah Nartey,Noah Nartey,matched
282028,767014,Rémy Descamps,Rémy Descamps,matched
289592,765693,Orel Mangala,Orel Mangala,matched
1004486,1739906,Mathys de Carvalho,Mathys de Carvalho,matched
118287,210120,Rachid Ghezzal,Rachid Ghezzal,matched
1200423,1793704,Rémi Himbert,Rémi Himbert,matched
1119391,1922172,Steeve Kango,Steeve Kango,matched
955070,1338390,Ernest Nuamah,Ernest Nuamah,matched
1275040,1744188,Noham Kamara,Noham Kamara,matched
361914,617310,Nayef Aguerd,Nayef Aguerd,matched
391065,875672,Hamed Traorè,Hamed Traoré,matched
167799,266523,Pierre-Emile Højbjerg,Pierre-Emile Højbjerg,matched
229604,245555,Gerónimo Rulli,Gerónimo Rulli,matched
370846,889536,Timothy Weah,Timothy Weah,matched
181778,267371,Emerson,Emerson,matched
575998,958464,Leonardo Balerdi,Leonardo Balerdi,matched
653610,1265963,Igor Paixão,Igor Paixão,matched
474800,812652,Facundo Medina,Facundo Medina,matched
418659,844437,Amine Gouiri,Amine Gouiri,matched
420213,970563,Quinten Timber,Quinten Timber,matched
592979,956659,Himad Abdelli,Himad Abdelli,matched
581669,1187227,CJ Egan-Riley,CJ Egan-Riley,matched
127189,214972,Geoffrey Kondogbia,Geoffrey Kondogbia,matched
315253,687868,Jeffrey De Lange,Jeffrey de Lange,matched
920470,1353104,Tochukwu Nnadi,Tochukwu Nnadi,matched
191056,279714,Brice Samba,Brice Samba,matched
332889,562719,Valentin Rongier,Valentin Rongier,matched
461607,1280225,Estéban Lepaul,Estéban Lepaul,matched
324795,770321,Mahdi Camara,Mahdi Camara,matched
557613,1233931,Quentin Merlin,Quentin Merlin,matched
485960,1073941,Lilian Brassier,Lilian Brassier,matched
551505,813055,Mousa Tamari,Mousa Tamari,matched
237662,527103,Breel Embolo,Breel Embolo,matched
690799,1079554,Anthony Rouault,Anthony Rouault,matched
288225,693171,Ludovic Blas,Ludovic Blas,matched
1134251,1581722,Abdelhamid Aït Boudlal,Abdelhamid Ait Boudlal,matched
798404,1177779,Alidu Seidu,Alidu Seidu,matched
931160,1553515,Djaoui Cissé,Djaoui Cissé,matched
1176345,1553514,Mahamadou Nagida,Mahamadou Nagida,matched
320748,765466,Sebastian Szymanski,Sebastian Szymański,matched
324811,770340,Arnaud Nordin,Arnaud Nordin,matched
986285,1804654,Nordan Mukiele,Nordan Mukiele,matched
242632,604783,Glen Kamara,Glen Kamara,matched
1153105,1640985,Yassir Zabiri,Yassir Zabiri,matched
1227106,1858591,Elías Legendre,Elías Legendre Quiñónez,matched
364245,890263,Jordan Teze,Jordan Teze,matched
745200,1305618,Maghnes Akliouche,Maghnes Akliouche,matched
228948,604088,Thilo Kehrer,Thilo Kehrer,matched
503770,982677,Folarin Balogun,Folarin Balogun,matched
334526,598355,Denis Zakaria,Denis Zakaria,matched
918969,1436305,Lamine Camara,Lamine Camara,matched
263918,586388,Aleksandr Golovin,Aleksandr Golovin,matched
251322,872934,Philipp Köhn,Philipp Köhn,matched
48015,66757,Lukás Hrádecky,Lukas Hradecky,matched
745173,1524548,Mamadou Coulibaly,Mamadou Coulibaly,matched
1005240,1406428,Christian Mawissa,Christian Mawissa,matched
466810,1086012,Ansu Fati,Ansu Fati,matched
563963,938247,Mohammed Salisu,Mohammed Salisu,matched
565821,1113809,Mika Biereth,Mika Biereth,matched
490426,837061,Krépin Diatta,Krépin Diatta,matched
165793,408943,Takumi Minamino,Takumi Minamino,matched
175722,361315,Eric Dier,Eric Dier,matched
789082,1207992,Vanderson,Vanderson,matched
743387,1366936,Stanis Idumbo,Stanis Idumbo,matched
918414,1412956,Paris Brunner,Paris Brunner,matched
122153,248453,Paul Pogba,Paul Pogba,matched
1064871,1408580,Joaquín Panichelli,Joaquín Panichelli,matched
849410,1272440,Valentín Barco,Valentín Barco,matched
1130514,1598170,Samir El Mourabet,Samir El Mourabet,matched
711980,1395704,Guéla Doué,Guéla Doué,matched
786436,1178332,Ismaël Doukouré,Ismaël Doukouré,matched
655006,1342754,Diego Moreira,Diego Moreira,matched
660867,1073742,Julio Enciso,Julio Enciso,matched
926978,1436942,Lucas Høgsberg,Lucas Høgsberg,matched
991487,1343053,Abdoul Ouattara,Abdoul Ouattara,matched
1011200,1362622,Junior Mwanga,Junior Mwanga,matched
316125,672469,Ben Chilwell,Ben Chilwell,matched
992686,1302715,Martial Godo,Martial Godo,matched
621993,1050822,Andrew Omobamidele,Andrew Omobamidele,matched
933900,1418073,Samuel Amo-Ameyaw,Samuel Amo-Ameyaw,matched
579928,1156569,Sebastian Nanasi,Sebastian Nanasi,matched
1151929,1603755,Gessime Yassine,Gessime Yassine,matched
863204,1355526,Maxi Oyedele,Maxi Oyedele,matched
1010854,1581053,Mathis Amougou,Mathis Amougou,matched
112822,150021,Karl-Johan Johnsson,Karl-Johan Johnsson,matched
912902,1524210,Guillaume Restes,Guillaume Restes,matched
463613,955411,Yann Gboho,Yann Gboho,matched
283227,656491,Rasmus Nicolaisen,Rasmus Nicolaisen,matched
597659,1186444,Charlie Cresswell,Charlie Cresswell,matched
467632,845943,Cristian Cásseres,Cristian Cásseres Jr.,matched
429259,924485,Mark McKenzie,Mark McKenzie,matched
476836,823293,Aron Dønnum,Aron Dønnum,matched
161869,242156,Djibril Sidibé,Djibril Sidibé,matched
1191444,1664716,Dayann Methalie,Dayann Methalie,matched
989574,1362516,Santiago Hidalgo,Santiago Hidalgo,matched
807689,1324358,Frank Magri,Frank Magri,matched
1200427,1791727,Alexis Vossah,Alexis Vossah,matched
710885,1256224,Mário Sauer,Mario Sauer,matched
883865,1640973,Rafik Messali,Rafik Messali,matched
658533,1066264,Abu Francis,Abu Francis,matched
683625,1106866,Jacen Russell-Rowe,Jacen Russell-Rowe,matched
1075583,1791729,Seny Koumbassa,Seny Koumbassa,matched
1234988,1611220,Julián Vignolo,Julián Vignolo,matched
147051,274787,Yvon Mvogo,Yvon Mvogo,matched
1088199,1640832,Arsène Kouassi,Arsène Kouassi,matched
496706,846392,Montassar Talbi,Montassar Talbi,matched
1074628,1565010,Arthur Avom,Arthur Avom,matched
766412,1292354,Théo Le Bris,Théo Le Bris,matched
691958,1097446,Noah Cadiou,Noah Cadiou,matched
322305,699461,Jean-Victor Makengo,Jean-Victor Makengo,matched
810411,1331097,Pablo Pagis,Pablo Pagis,matched
822458,1230848,Bamba Dieng,Bamba Dieng,matched
391720,723564,Igor Silva,Igor Silva,matched
239647,841395,Aiyegun Tosin,Aiyegun Tosin,matched
646829,1351065,Nathaniel Adjei,Nathaniel Adjei,matched
816308,1427808,Panos Katseris,Panos Katseris,matched
619461,1202239,Mohamed Bamba,Mohamed Bamba,matched
333175,564571,Bingourou Kamara,Bingourou Kamara,matched
660860,1321562,Diego Coppola,Diego Coppola,matched
739769,999690,Ilan Kebbal,Ilan Kebbal,matched
973949,1513317,Adama Camara,Adama Camara,matched
274862,467486,Moses Simon,Moses Simon,matched
45672,145550,Kevin Trapp,Kevin Trapp,matched
377393,660462,Pierre Lees-Melou,Pierre Lees-Melou,matched
290862,614207,Maxime Lopez,Maxime Lopez,matched
818495,1190113,Otávio,Otávio,matched
955281,1487894,Nhoa Sangui,Nhoa Sangui,matched
1241211,1738340,Rudy Matondo,Rudy Matondo,matched
668167,1039219,Samir Chergui,Samir Chergui,matched
297070,426892,Hamari Traoré,Hamari Traoré,matched
340177,784448,Thibault De Smet,Thibault De Smet,matched
324690,637745,Jonathan Ikoné,Jonathan Ikoné,matched
358515,853108,Jean-Philippe Krasso,Jean-Philippe Krasso,matched
750878,1127125,Obed Nkambadio,Obed Nkambadio,matched
463620,883824,Willem Geubbels,Willem Geubbels,matched
435492,765158,Alimami Gory,Alimami Gory,matched
374040,640292,Vincent Marchetti,Vincent Marchetti,matched
105521,161660,Ciro Immobile,Ciro Immobile,matched
84085,150869,Timothée Kolodziejczak,Timothée Kolodziejczak,matched
433887,965666,Tuomas Ollila,Tuomas Ollila,matched
399383,683476,Mathieu Cafaro,Mathieu Cafaro,matched
203504,690119,Pierre-Yves Hamel,Pierre-Yves Hamel,matched
283994,471153,Ludovic Ajorque,Ludovic Ajorque,matched
174196,279461,Kenny Lala,Kenny Lala,matched
624037,1079548,Joris Chotard,Joris Chotard,matched
353399,696263,Romain Del Castillo,Romain Del Castillo,matched
474662,812415,Hugo Magnetti,Hugo Magnetti,matched
250779,448865,Brendan Chardonnet,Brendan Chardonnet,matched
525155,864145,Grégoire Coudert,Grégoire Coudert,matched
671594,1310270,Kamory Doumbia,Kamory Doumbia,matched
671590,1230286,Daouda Guindo,Daouda Guindo,matched
659513,1282000,Soumaïla Coulibaly,Soumaïla Coulibaly,matched
805908,1285784,Bradley Locko,Bradley Locko,matched
979551,1514456,Pathé Mboup,Pathé Mboup,matched
353948,612277,Lucas Tousart,Lucas Tousart,matched
325223,541933,Mama Baldé,Mama Baldé,matched
1166473,1699556,Raphaël Le Guen,Raphaël Le Guen,matched
1200289,1581744,Hamidou Makalou,Hamidou Makalou,matched
1144999,1592417,Luck Zogbé,Luck Zogbé,matched
192492,492116,Jordan Lefort,Jordan Lefort,matched
138055,561869,Haris Belkebla,Haris Belkebla,matched
804711,1178325,Ousmane Camara,Ousmane Camara,matched
970279,1327156,Jacques Ekomié,Jacques Ekomié,matched
807688,1347791,Yassin Belkhdim,Yassin Belkhdim,matched
371686,634110,Carlens Arcus,Carlens Arcus,matched
904662,1329255,Louis Mouton,Louis Mouton,matched
851220,1242587,Amine Sbaï,Amine Sbaï,matched
1103958,1748405,Prosper Peter,Prosper Peter,matched
203938,505059,Branco van den Boomen,Branco van den Boomen,matched
214532,310836,Pierrick Capelle,Pierrick Capelle,matched
1103652,1688980,Marius Louër,Marius Louër,matched
1096744,1752228,Lanroy Machine,Lanroy Machine,matched
1071956,1428420,Emmanuel Biumla,Emmanuel Biumla,matched
1075575,1514645,Marius Courcoul,Marius Courcoul,matched
1133929,1832893,Harouna Djibirin,Harouna Djibirin,matched
62351,210400,Abdoulaye Bamba,Abdoulaye Bamba,matched
548347,1177482,Melvin Zinga,Melvin Zinga,matched
1073176,1607778,Oumar Pona,Oumar Pona,matched
955354,1487966,Dan Sinaté,Dan Sinaté,matched
164904,466436,Mory Diaw,Mory Diaw,matched
405389,857120,Ayumu Seko,Ayumu Seko,matched
662242,1073905,Rassoul Ndiaye,Rassoul Ndiaye,matched
249636,420731,Gautier Lloris,Gautier Lloris,matched
691841,1098243,Yanis Zouaoui,Yanis Zouaoui,matched
770436,1469758,Simon Ebonog,Simon Ebonog,matched
798925,1180696,Fodé Doucouré,Fodé Doucouré,matched
232271,365672,Sofiane Boufal,Sofiane Boufal,matched
181382,439366,Abdoulaye Touré,Abdoulaye Touré,matched
507496,942354,Felix Mambimbi,Felix Mambimbi,matched
1228317,1729826,Stephan Zagadou,Stephan Zagadou,matched
639712,1337979,Étienne Youté Kinkoué,Étienne Youté Kinkoué,matched
1119881,1816726,Enzo Koffi,Enzo Koffi,matched
651973,1019583,Godson Kyeremeh,Godson Kyeremeh,matched
538998,1108603,Timothée Pembélé,Timothée Pembélé,matched
164915,912286,Lionel Mpasi-Nzau,Lionel Mpasi-Nzau,matched
1119880,1667649,Daren Mosengo,Daren Mosengo,matched
988275,1487859,Paul Argney,Paul Argney,matched
743496,1305543,Kévin Danois,Kévin Danois,matched
392767,817724,Danny Namaso,Danny Namaso,matched
395695,883823,Elisha Owusu,Elisha Owusu,matched
702441,1133081,Sinaly Diomandé,Sinaly Diomandé,matched
806793,1388678,Clément Akpa,Clément Akpa,matched
830890,1201760,Marvin Senaya,Marvin Senaya,matched
796865,1334805,Lamine Sy,Lamine Sy,matched
763182,1199382,Josué Casimir,Josué Casimir,matched
539665,1203189,Fredrik Oppegård,Fredrik Oppegård,matched
539795,1073979,Bryan Okoh,Bryan Okoh,matched
371436,632305,Francisco Sierralta,Francisco Sierralta,matched
538971,1192854,Naouirou Ahamada,Naouirou Ahamada,matched
658534,1276685,Lasso Coulibaly,Lasso Coulibaly,matched
1091353,1744576,Telli Siwe,Telli Siwe,matched
287635,612212,Assane Dioussé,Assane Dioussé,matched
1010856,1692895,Ryan Rodin,Ryan Rodin,matched
1174032,1813437,Tidiane Devernois,Tidiane Devernois,matched
175639,715301,Jonathan Clauss,Jonathan Clauss,matched
1113451,1429607,Kojo Peprah Oppong,Kojo Peprah Oppong,matched
532775,1092403,Melvin Bard,Melvin Bard,matched
448632,766574,Yehvann Diouf,Yehvann Diouf,matched
569389,953812,Sofiane Diop,Sofiane Diop,matched
891998,1254147,Antoine Mendy,Antoine Mendy,matched
174094,355901,Morgan Sanson,Morgan Sanson,matched
560593,1033099,Hicham Boudaoui,Hicham Boudaoui,matched
670847,1180718,Mohamed-Ali Cho,Mohamed-Ali Cho,matched
750904,1463448,Tom Louchet,Tom Louchet,matched
211474,566187,Ali Abdi,Ali Abdi,matched
688707,1074642,Salis Abdul Samed,Salis Abdul Samed,matched
718201,1166344,Kevin Carlos,Kevin Carlos,matched
16136,38432,Dante,Dante,matched
535820,944385,Isak Jansson,Isak Jansson,matched
450936,773189,Tanguy Ndombélé,Tanguy Ndombélé,matched
1089202,1440009,Moïse Bombito,Moïse Bombito,matched
674612,1057703,Youssouf Ndayishimiye,Youssouf Ndayishimiye,matched
1208968,1763598,Djibril Coulibaly,Djibril Coulibaly,matched
659543,1250492,Matthis Abline,Matthis Abline,matched
358143,666954,Chidozie Awaziem,Chidozie Awaziem,matched
585973,1180481,Johann Lepenant,Johann Lepenant,matched
344072,683473,Kelvin Amian,Kelvin Amian,matched
1241207,1800345,Tylel Tati,Tylel Tati,matched
1119456,1622889,Louis Leroux,Louis Leroux,matched
1004619,1607493,Dehmaine Tabibou,Dehmaine Tabibou,matched
332560,578756,Deiver Machado,Deiver Machado,matched
462348,817500,Mostafa Mohamed,Mostafa Mohamed,matched
96533,161291,Youssef El Arabi,Youssef El Arabi,matched
531949,863708,Ignatius Ganago,Ignatius Ganago,matched
372712,660327,Ibrahima Sissoko,Ibrahima Sissoko,matched
1119453,1670132,Bahereba Guirassy,Herba Guirassy,nickname
384859,660887,Fabien Centonze,Fabien Centonze,matched
354352,612747,Frédéric Guilbert,Frédéric Guilbert,matched
1176215,1783428,Bahmed Deuff,Bahmed Deuff,matched
190280,271031,Patrik Carlgren,Patrik Carlgren,matched
825438,1685496,Sékou Doucouré,Sékou Doucouré,matched
542452,1075429,Jonathan Fischer,Jonathan Fischer,matched
344892,763974,Gauthier Hein,Gauthier Hein,matched
481513,820712,Koffi Kouao,Koffi Kouao,matched
539232,882400,Jessy Deminguet,Jessy Deminguet,matched
156618,210389,Maxime Colin,Maxime Colin,matched
1178489,1536998,Alpha Touré,Alpha Touré,matched
190685,278341,Bouna Sarr,Bouna Sarr,matched
568728,1536963,Pape Sy,Pape Sy,matched
1307004,1797446,Nathan Mbala,Nathan Mbala,matched
1297673,1839135,Believe Munongo,Believe Munongo,matched
1099860,1797449,Cleo Mélières,Cléo Mélières,matched
807653,1342983,Antoine Mille,Antoine Mille,matched
281611,465719,Adrien Monfray,Adrien Monfray,matched
933147,1321149,Mouhamed Diop,Mouhamed Diop,matched
770895,1177359,Ismaël Boura,Ismaël Boura,matched
170549,560896,Hillel Konaté,Hillel Konaté,matched
976861,1523321,Merwan Ifnaou,Merwan Ifnaoui,matched
536473,1330942,Lucas Maronnier,Lucas Maronnier,matched
986299,1487935,Yvann Titi,Yvann Titi,matched
487333,1039458,Paolo Gozzi,Paolo Gozzi,matched
1179195,1669433,Sankhoun Diawara,Sankhoun Diawara,matched
575319,1108031,Kandet Diawara,Kandet Diawara,matched
234802,348420,Renaud Ripart,Renaud Ripart,matched
1119845,1797614,Anis Ouzenadji,Anis Ouzenadji,matched
585951,992082,Alexandre Phliponeau,Alexandre Phliponeau,matched
111041,210682,Zacharie Boucher,Zacharie Boucher,matched
1372119,1779437,Elijah Odede,Elijah Odede,matched
1179193,1791933,Amadou Diakité,Amadou Diakité,matched
1174523,1797608,Roman Murcy,Roman Murcy,matched
1146422,1643788,Ibrahim Traoré,Ibrahim Traoré,matched
357069,722531,Nicolas Kocik,Nicolas Kocik,matched
386048,660565,Samuel Yohou,Samuel Yohou,matched
857653,1317318,Lucas Calodat,Lucas Calodat,matched
531960,874319,Lucas Buadés,Lucas Buades,matched
801762,1420942,Théo Eyoum,Théo Eyoum,matched
590048,956661,Edwin Quarshie,Edwin Quarshie,matched
666744,1039807,Alexandre Lauray,Alexandre Lauray,matched
422711,725256,Dame Guèye,Dame Gueye,matched
344382,1311670,Harold Voyer,Harold Voyer,matched
146373,717270,Antoine Rabillard,Antoine Rabillard,matched
371143,1359270,Milan Robin,Milan Robin,matched
804386,1438609,Erwan Colas,Erwan Colas,matched
334006,564859,Anthony Ribelin,Anthony Ribelin,matched
1010671,1367269,Martin Rossignol,Martin Rossignol,matched
1169041,1668295,Noa Boissé,Noa Boissé,matched
941561,1523312,Lucas Bretelle,Lucas Bretelle,matched
626592,1244864,Jean Vercruysse,Jean Vercruysse,matched
1029482,1791882,William Harhouz,William Harhouz,matched
1166137,1900516,Adil Bourabaa,Adil Bourabaa,matched
982864,1344654,Mathis Hamdi,Mathis Hamdi,matched
725963,1114371,Ewan Hatfout,Ewan Hatfout,matched
794349,912342,Julien Le Cardinal,Julien Le Cardinal,matched
494586,770271,Mickaël Nadé,Mickaël Nadé,matched
357047,673050,Gautier Larsonneur,Gautier Larsonneur,matched
579263,1211610,Augustine Boakye,Augustine Boakye,matched
655012,1398377,Lucas Stassin,Lucas Stassin,matched
427572,966146,Zuriko Davitashvili,Zuriko Davitashvili,matched
342226,769931,Irvin Cardona,Irvin Cardona,matched
212804,319305,Florian Tardieu,Florian Tardieu,matched
617021,1257745,Benjamin Old,Ben Old,nickname
955263,1669649,Kévin Pedro,Kévin Pedro,matched
467151,1135808,Mahmoud Jaber,Mahmoud Jaber,matched
484992,1124453,Aïmen Moueffek,Aïmen Moueffek,matched
729872,1392758,Igor Miladinovic,Igor Miladinovic,matched
861221,1233684,Ebenezer Annan,Ebenezer Annan,matched
324819,938542,Maxime Bernauer,Maxime Bernauer,matched
744186,1188585,Chico Lamba,Chico Lamba,matched
481623,1072257,João Ferreira,João Ferreira,matched
867700,1342778,Joshua Duffus,Joshua Duffus,matched
1202299,1797588,Nadir El Jamali,Nadir El Jamali,matched
1075584,1797585,Luan Gadegbeku,Luan Gadegbeku,matched
78047,186806,Brice Maubleu,Brice Maubleu,matched
1227102,1863032,Paul Eymard,Paul Eymard,matched
1200419,1703371,Djylian N'Guessan,Djylian N'Guessan,matched
952770,1696415,Strahinja Stojkovic,Strahinja Stojkovic,matched
1133751,1791799,Lassana Traoré,Lassana Traoré,matched
756171,1387323,Dylan Durivaux,Dylan Durivaux,matched
344591,749549,Gaëtan Poussin,Gaëtan Poussin,matched
796883,1523325,Ryad Hachem,Ryad Hachem,matched
792328,1179026,Damien Durand,Damien Durand,matched
324798,842424,Bradley Danger,Bradley Danger,matched
170477,561868,Pierre Lemonnier,Pierre Lemonnier,matched
806494,1419962,Kémo Cissé,Kemo Cissé,matched
921852,1400764,Jovany Ikanga A Ngele,Jovany Ikanga,matched
588997,1072905,Matthieu Huard,Matthieu Huard,matched
270411,481044,Saîf-Eddine Khaoui,Saîf-Eddine Khaoui,matched
460632,967089,Kévin Cabral,Kévin Cabral,matched
642002,1125446,Balthazar Pierret,Balthazar Pierret,matched
676187,1214011,Hacène Benali,Hacène Benali,matched
1051271,1668280,Abdelsamad Hachem,Abdelsamad Hachem,matched
802012,1246653,Guillaume Trani,Guillaume Trani,matched
539808,1332814,Théo Magnin,Théo Magnin,matched
862972,1436712,Josué Escartin,Josué Escartin,matched
1226637,1643784,Vincent Kany,Vincent Kany,matched
390942,700670,Quentin Braat,Quentin Braat,matched
913323,1438300,Raphaël Lipinski,Raphaël Lipinski,matched
537825,1210664,Mathis Magnin,Mathis Magnin,matched
543720,1003255,Evans Jean-Lambert,Evans Jean-Lambert,matched
855098,1473605,Nolan Galves,Nolan Galves,matched
770418,1668201,Clément Jolibois,Clément Jolibois,matched
804884,1282665,Ibrahima Baldé,Ibrahima Baldé,matched
627464,1177376,Samy Benchamma,Samy Benchamma,matched
618416,1173790,Kenny Nagera,Kenny Nagera,matched
981090,1668298,Octave Joly,Octave Joly,matched
804934,1185205,Wilitty Younoussa,Wilitty Younoussa,matched
737481,1124761,Ryan Ponti,Ryan Ponti,matched
801566,1390047,Mehdi Baaloudj,Mehdi Baaloudj,matched
726566,1248041,Hermann Tebily,Hermann Tebily,matched
1134211,1669435,Morgan Corredor,Morgan Corredor,matched
355627,713924,Sergio Akieme,Sergio Akieme,matched
418071,1190059,Théo Leoni,Théo Leoni,matched
405397,887704,Keito Nakamura,Keito Nakamura,matched
1130445,1643776,Abdoul Koné,Abdoul Koné,matched
717585,1309372,Mory Gbane,Mory Gbane,matched
570817,952259,Maxime Busi,Maxime Busi,matched
1132634,1584084,Ange Martial Tia,Martial Tia,matched
139279,198277,Nicolas Pallois,Nicolas Pallois,matched
863900,1350982,Samuel Kotto,Samuel Kotto,matched
668966,1482273,Elie,Elie N'Tamon,matched
1237306,1703386,Hafiz Ibrahim,Hafiz Umar Ibrahim,matched
574385,965349,Mohamed Daramy,Mohamed Daramy,matched
841121,1211445,John Patrick,John Patrick,matched
1044893,1401227,Yaya Fofana,Yaya Fofana,matched
453376,726442,Joseph Okumu,Joseph Okumu,matched
73120,120917,Ahmed Kashi,Ahmed Kashi,matched
808846,1523344,Julien Kouadio,Julien Kouadio,matched
222636,562994,Florian Escales,Florian Escales,matched
579205,934870,Clément Billemaz,Clément Billemaz,matched
935507,1559204,Axel Drouhin,Axel Drouhin,matched
374039,640291,Francois Lajugie,François Lajugie,matched
1063470,1524075,Thibault Delphis,Thibault Delphis,matched
804859,1791800,Paul Venot,Paul Venot,matched
689146,1074752,Thibault Rambaud,Thibault Rambaud,matched
775330,820104,Antoine Larose,Antoine Larose,matched
660042,1120479,Abdel Hbouch,Abdel Hbouch,matched
989824,1473888,Ben Touré,Ben Hamed Touré,matched
830649,1201593,Matteo Veillon,Mattéo Veillon,matched
1004483,1695007,Alexis Casadei,Alexis Casadei,matched
1284766,1676541,Quentin Paris,Quentin Paris,matched
126699,210390,Vincent Pajot,Vincent Pajot,matched
880330,1243913,Dion Sahi,Moïse Sahi Dion,matched
593315,953926,Thomas Callens,Thomas Callens,matched
1273127,1703178,Kilyan Jusseron-Veniere,Kilyan Jusseron-Veniere,matched
86930,154867,Fabrice N'Sakala,Fabrice N'Sakala,matched
696600,1079544,Simon Ngapandouetnbu,Simon Ngapandouetnbu,matched
386057,604349,Julien Laporte,Julien Laporte,matched
842338,1332850,Enzo Tchato,Enzo Tchato,matched
1093482,1610103,Nicolas Pays,Nicolas Pays,matched
1019950,1670190,Théo Chennahi,Théo Chennahi,matched
537127,880618,Théo Sainte-Luce,Théo Sainte-Luce,matched
201737,314437,Christopher Jullien,Christopher Jullien,matched
970364,1643774,Yaël Mouanga,Yaël Mouanga,matched
982393,1526773,Lucas Mincarelli Davin,Lucas Mincarelli,matched
1047104,1479744,Yanis Issoufou,Yanis Issoufou,matched
782630,1388749,Khalil Fayad,Khalil Fayad,matched
981977,1366624,Axel Guéguin,Axel Guéguin,matched
989106,1797603,Viktor Dzodic,Viktor Dzodic,matched
193142,348411,Mathieu Michel,Mathieu Michel,matched
805861,1900953,Nabil Homssa,Nabil Homssa,matched
1117092,1610106,Joseph Kalulu,Joseph Kalulu,matched
917817,1579220,Tom Pouilly,Tom Pouilly,matched
922685,1441955,Giovani Versini,Giovani Versini,matched
468246,820734,Steeve Beusnard,Steeve Beusnard,matched
768439,1074657,Daylam Meddah,Daylam Meddah,matched
190338,542775,Anthony Briançon,Anthony Briançon,matched
344575,591531,Antonin Bobichon,Antonin Bobichon,matched
528470,874527,Ousmane Kanté,Ousmane Kanté,matched
323253,537997,Esteban Salles,Esteban Salles,matched
520819,864138,Julien Anziani,Julien Anziani,matched
1080215,1488528,Cheikh Fall,Cheikh Fall,matched
711981,1520538,Kyllian Gasnier,Kyllian Gasnier,matched
1070185,1797597,Salif Lebouath,Salif Lebouath,matched
1111045,1478003,Souleymane Basse,Souleymane Basse,matched
1178476,1666481,Anto Sekongo,Antoine Sekongo,nickname
290615,619289,Thomas Robinet,Thomas Robinet,matched
1310513,1679978,Aristide Zossou,Aristide Zossou,matched
352448,605107,Opa Sanganté,Opa Sangante,matched
950727,1669907,Victor Mayela,Victor Mayela,matched
635486,987134,Allan Linguet,Allan Linguet,matched
273455,493727,Felipe Abner,Felipe Abner,matched
1074926,1483959,Alex Daho,Alex Daho,matched
654986,1328918,Bram Lagae,Bram Lagae,matched
89731,574185,Íñigo Eguaras,Iñigo Eguaras,matched
1052285,1899709,Maedine Makhloufi,Maedine Makhloufi,matched
1216075,1796073,Théna Massock,Théna Massock,matched
1334467,1712888,Malick Diop,Malick Diop,matched
1162409,1797489,Lenny Dziki Loussilaho,Lenny Dziki Loussilaho,matched
291415,561204,Dylan Louiserre,Dylan Louiserre,matched
562576,913560,Donatien Gomis,Donatien Gomis,matched
483460,815353,Abdel Hakim Abdallah,Akim Abdallah,matched
142033,288319,Adrián Ortolá,Adrián Ortolá,matched
814930,1274116,Albin Demouchy,Albin Demouchy,matched
966312,1514681,Sohaib Nair,Sohaib Naïr,matched
341942,586199,Erwin Koffi,Erwin Koffi,matched
940263,1668288,Stanislas Kielt,Stanislas Kielt,matched
903161,1323829,Amine Hemia,Amine Hemia,matched
744932,1136758,Gauthier Ott,Gautier Ott,matched
1084972,1713570,Tanguy Ahile,Tanguy Ahile,matched
434226,1173254,Darly N'Landu,Darly N'Landu,matched
1169161,1668296,Jérémie Matumona,Jérémie Matumona,matched
770372,1311801,Amadou Samoura,Amadou Samoura,matched
1052296,1791803,Youssef Njoya,Youssef Njoya,matched
412092,491907,Gaëtan Paquiez,Gaëtan Paquiez,matched
332047,560940,Jessy Benet,Jessy Benet,matched
744936,1255850,Matthéo Xantippe,Matthéo Xantippe,matched
799936,1217044,Loris Mouyokolo,Loris Mouyokolo,matched
806496,1317338,Yadaly Diaby,Yadaly Diaby,matched
569388,1078287,Clément Vidal,Clément Vidal,matched
825592,1276328,Nesta Zahui,Nesta Zahui,matched
1026014,1383394,Samba Diba,Samba Diba,matched
668201,1059686,Mathieu Mion,Mathieu Mion,matched
536480,1170864,Lucas Bernadou,Lucas Bernadou,matched
817180,1244902,Mamady Bangré,Mamady Bangré,matched
804548,1310262,Baptiste Mouazan,Baptiste Mouazan,matched
525114,815766,Ugo Bonnet,Ugo Bonnet,matched
823521,1299499,Evans Maurin,Evans Maurin,matched
591796,949712,Moussa Djitté,Moussa Djitté,matched
978197,1526207,Arthur Lallias,Arthur Lallias,matched
314862,427000,Bobby Allain,Bobby Allain,matched
886503,1602137,Mohamed Bechikh,Mohamed Bechikh,matched
465294,968952,Allan Tchaptchet,Allan Tchaptchet,matched
855215,1526613,Ange-Loïc N’Gatta,Ange Loïc N'Gatta,matched
358505,663034,Theo Guivarch,Théo Guivarch,matched
351843,593612,Yoann Salmier,Yoann Salmier,matched
1247360,1632348,Ivan M'Bahia,Ivan M'Bahia,matched
1028125,1586536,Abdellah Baallal,Abdellah Baallal,matched
1079183,1740657,Ibrahim Coulibaly,Ibrahim Coulibaly,matched
72121,119434,Johan Gastien,Johan Gastien,matched
978027,1531397,Allan Ackra,Allan Ackra,matched
1119423,1698483,El Hadj Koné,El Hadj Koné,matched
203761,609634,Vital N'Simba,Vital Nsimba,matched
229012,568542,Kenji Van Boto,Kenji-Van Boto,matched
1081092,1797479,Enzo Cantero,Enzo Cantero,matched
203507,447107,Adrien Hunou,Adrien Hunou,matched
986733,1797477,Julien Astic,Julien Astic,matched
1185046,1671490,Ousmane Diop,Ousmane Diop,matched
512690,1329301,Maïdine Douane,Maïdine Douane,matched
1020544,1358583,Yuliwes Bellache,Yuliwes Bellache,matched
1047098,1740655,Matys Donavin,Matys Donavin,matched
242716,420866,Enzo Basilio,Enzo Basilio,matched
958487,1520544,Walid Bouabdeli,Walid Bouabdeli,matched
743495,1273752,Nehemiah Fernandez,Nehemiah Fernandez,matched
777150,1397981,Zakaria Fdaouch,Zakaria Fdaouch,matched
170962,290996,Nicolas Saint-Ruf,Nicolas Saint-Ruf,matched
602549,1668300,Elydjah Mendy,Elydjah Mendy,matched
1133052,1616868,Enzo Tacafred,Enzo Tacafred,matched
291120,957442,Adrien Julloux,Adrien Julloux,matched
864769,1242562,Brandon Bokangu,Brandon Bokangu,matched
904707,1357639,Yannis Nahounou,Yannis Nahounou,matched
288237,684937,Jérémy Gelin,Jérémy Gélin,matched
1099652,1435443,Patrick Ouotro,Patrick Ouotro,matched
198410,357224,Adrian Dabasse,Adrian Dabasse,matched
348431,603533,Cazim Suljic,Cazim Suljic,matched
1215725,1797606,Zakaria Ztouti,Zakaria Ztouti,matched
1020189,1868401,Hugo Barbier,Hugo Barbier,matched
1119933,1862293,Mattheo Guendez,Mattheo Guendez,matched
603564,820310,Bakari Camara,Bakari Camara,matched
1146250,1791885,Chafik El Hansar,Chafik El Hansar,matched
72414,120090,Geoffrey Lembet,Geoffrey Lembet,matched
126705,289000,Martin Sourzac,Martin Sourzac,matched
137970,466499,Demba Thiam,Demba Thiam,matched
590629,917831,Julien Boyer,Julien Boyer,matched
915842,1791942,Nolan Binet,Nolan Binet,matched
740471,1123541,Joffrey Bultel,Joffrey Bultel,matched
858935,1226622,Adrien Pinot,Adrien Pinot,matched
707225,1239681,Noah Fatar,Noah Fatar,matched
660499,816982,Sonny Duflos,Sonny Duflos,matched
745201,1603720,Aurélien Platret,Aurélien Platret,matched
696892,1167456,Blondy Nna Noukeu,Blondy Nna Noukeu,matched
127142,210142,Jonas Martin,Jonas Martin,matched
768578,1327300,Azamat Uriev,Azamat Uriev,matched
937992,1483957,Martin Lecolier,Martin Lecolier,matched
70348,165528,Ibrahim Koné,Ibrahim Koné,matched
936500,1523017,Zoran Moco,Zoran Moco,matched
978613,1813111,Emmanuel Kouassi,Emmanuel Kouassi,matched
1060303,1791943,Louis Siliadin,Louis Siliadin,matched
334045,561045,Xavier Lenogue,Xavier Lenogue,matched
1005072,1791944,Jonathan Kapenga,Jonathan Kapenga,matched
954514,1791941,Sohan Paillard,Sohan Paillard,matched
72422,156664,Mamadou Samassa,Mamadou Samassa,matched
694549,1079558,Sam Sanna,Sam Sanna,matched
412086,492128,Cyril Mandouki,Cyril Mandouki,matched
427197,866713,William Bianda,William Bianda,matched
811430,1230595,Malik Sellouki,Malik Sellouki,matched
627463,1120443,Thibaut Vargas,Thibaut Vargas,matched
85953,164221,Yohan Tavares,Yohan Tavares,matched
836761,1668195,Mattéo Commaret,Mattéo Commaret,matched
781808,1189644,Julien Maggiotti,Julien Maggiotti,matched
1166734,1791877,Ethan Clavreul,Ethan Clavreul,matched
808316,1526610,William Benard,William Benard,matched
1270173,1792248,Layousse Samb,Layousse Samb,matched
1000828,1384870,Sidi Bane,Sidi Bane,matched
984697,1614832,Trevis Dago,Trévis Dago,matched
1066677,1720268,Enzo Montet,Enzo Montet,matched
141364,195260,Maxime Hautbois,Maxime Hautbois,matched
198629,728413,Moise Adiléhou,Moïse Adilehou,matched
640488,1002031,Félix Tomi,Félix Tomi,matched
652128,1020807,Tom Ducrocq,Tom Ducrocq,matched
51035,103468,Johny Placide,Johny Placide,matched
651977,1019589,Amine Boutrah,Amine Boutrah,matched
651979,1019588,Anthony Roncaglia,Anthony Roncaglia,matched
271390,473851,Joachim Eickmayer,Joachim Eickmayer,matched
863038,1523246,Tom Meynadier,Tom Meynadier,matched
251448,625581,Florian Bohnert,Florian Bohnert,matched
999229,1578104,Jérémy Sebas,Jérémy Sebas,matched
973852,1367955,Jocelyn Janneh,Jocelyn Janneh,matched
523780,1123648,Gustave Akueson,Gustave Akueson,matched
203324,291799,Christophe Vincent,Christophe Vincent,matched
1427173,1791917,Alexandre Zaouai,Alexandre Zaouai,matched
773807,1602154,Issiaka Karamoko,Issiaka Karamoko,matched
974857,1697802,Maxime Blé,Maxime Blé,matched
986261,1367621,Ayman Aiki,Ayman Aiki,matched
1173415,1832290,Matteo Petrignani,Matteo Petrignani,matched
855309,1327487,Noah Zilliox,Noah Zilliox,matched
395020,1425683,Nicolas Parravicini,Nicolas Parravicini,matched
1448120,1814305,David Djédjé,David Djédjé,matched
1174593,1751147,Donovan Basset,Donovan Basset,matched
612143,980424,Kylian Kaiboué,Kylian Kaïboue,matched
809180,1668236,Teddy Averlant,Teddy Averlant,matched
1172908,1645514,Amine Chabane,Amine Chabane,matched
127182,260563,Thomas Monconduit,Thomas Monconduit,matched
954090,1514624,Rayan Lutin,Rayan Lutin,matched
592358,913159,Victor Lobry,Victor Lobry,matched
891379,1292334,Nordine Kandil,Nordine Kandil,matched
191188,299736,Alexis Sauvage,Alexis Sauvage,matched
127076,244558,Jérome Roussillon,Jérôme Roussillon,matched
1004478,1717064,Yanis Rafii,Yanis Rafii,matched
1224983,1893956,Oscar Aïssat,Oscar Aïssat,matched
1354662,1900951,Enzo Somon,Enzo Somon,matched
1075576,1755843,Nathan Talbot,Nathan Talbot,matched
1248495,1676681,Messy Manitu,Messy Manitu,matched
666960,1387248,Loïc Etoga,Loïc Etoga,matched
326029,660301,Donyell Malen,Donyell Malen,matched
1131161,1705134,Robinio Vaz,Robinio Vaz,matched
338670,768474,Mile Svilar,Mile Svilar,matched
199248,299799,Bryan Cristante,Bryan Cristante,matched
256448,588687,Gianluca Mancini,Gianluca Mancini,matched
624690,1016132,Manu Koné,Manu Koné,matched
964580,1320176,Wesley,Wesley,matched
668951,1280082,Matias Soulé,Matías Soulé,matched
281769,671203,Mario Hermoso,Mario Hermoso,matched
286297,540307,Lorenzo Pellegrini,Lorenzo Pellegrini,matched
206050,325916,Paulo Dybala,Paulo Dybala,matched
813137,1451196,Niccolò Pisilli,Niccolò Pisilli,matched
557407,1180321,Devyne Rensch,Devyne Rensch,matched
701819,1386006,Daniele Ghilardi,Daniele Ghilardi,matched
901019,1274060,Neil El Aynaoui,Neil El Aynaoui,matched
1046867,1511063,Jan Ziólkowski,Jan Ziolkowski,matched
277179,603537,Angeliño,Angeliño,matched
343537,655696,Artem Dovbyk,Artem Dovbyk,matched
711976,1254297,Andy Diouf,Andy Diouf,matched
284730,521318,Manuel Akanji,Manuel Akanji,matched
198116,605224,Federico Dimarco,Federico Dimarco,matched
255942,541820,Nicolò Barella,Nicolò Barella,matched
315853,805451,Alessandro Bastoni,Alessandro Bastoni,matched
406625,690230,Lautaro Martínez,Lautaro Martínez,matched
181136,362212,Piotr Zielinski,Piotr Zieliński,matched
441986,889535,Yann Aurel Bisseck,Yann Bisseck,matched
318528,621562,Marcus Thuram,Marcus Thuram,matched
668207,1382000,Petar Sucic,Petar Sučić,matched
585982,940829,Carlos Augusto,Carlos Augusto,matched
126414,304733,Hakan Çalhanoglu,Hakan Çalhanoğlu,matched
691316,1114635,Luis Henrique,Luis Henrique,matched
930781,1367618,Francesco Pio Esposito,Pio Esposito,matched
55735,73167,Henrikh Mkhitaryan,Henrikh Mkhitaryan,matched
827734,1199383,Ange-Yoan Bonny,Ange-Yoan Bonny,matched
394300,815431,Davide Frattesi,Davide Frattesi,matched
388516,772168,Josep Martínez,Josep Martínez,matched
70580,417743,Raffaele Di Gennaro,Raffaele Di Gennaro,matched
182913,352879,Adrien Rabiot,Adrien Rabiot,matched
182906,466439,Mike Maignan,Mike Maignan,matched
574671,1048023,Strahinja Pavlovic,Strahinja Pavlović,matched
27992,31097,Luka Modric,Luka Modrić,matched
381950,921341,Alexis Saelemaekers,Alexis Saelemaekers,matched
303254,749662,Fikayo Tomori,Fikayo Tomori,matched
323167,844996,Matteo Gabbia,Matteo Gabbia,matched
887638,1385856,Davide Bartesaghi,Davide Bartesaghi,matched
569598,954621,Youssouf Fofana,Youssouf Fofana,matched
357164,848844,Rafael Leão,Rafael Leão,matched
490384,1200630,Koni De Winter,Koni De Winter,matched
315779,688295,Christian Pulisic,Christian Pulisic,matched
344381,704523,Christopher Nkunku,Christopher Nkunku,matched
467992,941656,Samuele Ricci,Samuele Ricci,matched
202886,604982,Ruben Loftus-Cheek,Ruben Loftus-Cheek,matched
349599,688278,Pervis Estupinán,Pervis Estupiñán,matched
552955,954092,Santiago Giménez,Santiago Gimenez,matched
990637,1595629,Zachary Athekame,Zachary Athekame,matched
608172,1163219,Ardon Jashari,Ardon Jashari,matched
96254,281762,Pietro Terracciano,Pietro Terracciano,matched
897423,1469996,David Odogu,David Odogu,matched
862606,1460253,Nesta Elphege,Nesta Elphege,matched
707844,1239749,Mandela Keita,Mandela Keita,matched
856530,1224237,Mateo Pellegrino,Mateo Pellegrino,matched
867137,1318686,Alessandro Circati,Alessandro Circati,matched
445126,867789,Emanuele Valeri,Emanuele Valeri,matched
466802,951714,Adrián Bernabé,Adrián Bernabé,matched
625202,968029,Lautaro Valenti,Lautaro Valenti,matched
932187,1693531,Sascha Britschgi,Sascha Britschgi,matched
514888,1097009,Oliver Sørensen,Oliver Sørensen,matched
432298,1053679,Zion Suzuki,Zion Suzuki,matched
1159864,1520184,Mariano Troilo,Mariano Troilo,matched
528181,1117310,Edoardo Corvi,Edoardo Corvi,matched
430280,845994,Hans Nicolussi Caviglia,Hans Nicolussi Caviglia,matched
1043646,1393542,Christian Ordóñez,Christian Ordóñez,matched
673514,1053676,Abdoulaye Ndiaye,Abdoulaye Ndiaye,matched
663237,1109476,Jacob Ondrejka,Jacob Ondrejka,matched
300532,822589,Pontus Almqvist,Pontus Almqvist,matched
731491,1199360,Franco Carboni,Franco Carboni,matched
532937,914103,Johan Vásquez,Johan Vásquez,matched
503871,921543,Morten Frendrup,Morten Frendrup,matched
566615,942193,Mikael Egill Ellertsson,Mikael Egill Ellertsson,matched
367284,740944,Leo Østigard,Leo Østigård,matched
818448,1436436,Alessandro Marcandalli,Alessandro Marcandalli,matched
487843,1050163,Lorenzo Colombo,Lorenzo Colombo,matched
586853,1215057,Vítinha,Vitinha,matched
728733,1214915,Brooke Norton-Cuffy,Brooke Norton-Cuffy,matched
251878,684981,Aarón Martín,Aarón Martín,matched
459665,1189223,Patrizio Masini,Patrizio Masini,matched
315121,721533,Justin Bijlow,Justin Bijlow,matched
199953,424614,Caleb Ekuban,Caleb Ekuban,matched
167491,364104,Stefano Sabelli,Stefano Sabelli,matched
890385,1404077,Sebastian Otoa,Sebastian Otoa,matched
449151,1003368,Junior Messias,Junior Messias,matched
1082774,1469120,Amorim,Amorim,matched
312773,577914,Daniele Sommariva,Daniele Sommariva,matched
298975,769335,Pol Lirola,Pol Lirola,matched
422951,776594,Victor Nelsson,Victor Nelsson,matched
241923,491784,Lorenzo Montipò,Lorenzo Montipò,matched
488785,824623,Martin Frese,Martin Frese,matched
395512,767013,Antoine Bernede,Antoine Bernede,matched
197471,485634,Roberto Gagliardini,Roberto Gagliardini,matched
357796,921594,Domagoj Bradaric,Domagoj Bradarić,matched
864306,1231029,Rafik Belghali,Rafik Belghali,matched
170481,279879,Jean-Daniel Akpa Akpro,Jean-Daniel Akpa Akpro,matched
495839,846006,Andrias Edmundsson,Andrias Edmundsson,matched
647280,982617,Kieron Bowie,Kieron Bowie,matched
261905,667790,Suat Serdar,Suat Serdar,matched
748382,1156568,Amin Sarr,Amin Sarr,matched
644032,1011022,Cheikh Niasse,Cheikh Niasse,matched
416386,909030,Abdou Harroui,Abdou Harroui,matched
586984,1098817,Daniel Oyegoke,Daniel Oyegoke,matched
268429,557346,Sandi Lovric,Sandi Lovrić,matched
851385,1367915,Tobias Slotsager,Tobias Slotsager,matched
540333,1127054,Tomás Suslov,Tomas Suslov,matched
240675,364515,Simone Perilli,Simone Perilli,matched
1315458,1805105,Fallou Cham,Fallou Cham,matched
1083069,1459741,Isaac Aguiar,Isaac,matched
370701,822252,Michele Cerofolini,Michele Cerofolini,matched
784575,1391722,Mehdi Dorval,Mehdi Dorval,matched
283060,543172,Lorenzo Dickmann,Lorenzo Dickmann,matched
292817,689697,Matthias Verreth,Matthias Verreth,matched
353796,776571,Giulio Maggiore,Giulio Maggiore,matched
139307,189283,Raffaele Pucino,Raffaele Pucino,matched
324378,678633,Valerio Mantovani,Valerio Mantovani,matched
76274,121086,Christian Gytkjær,Christian Gytkjaer,matched
877620,1319718,Moussa Manè,Moussa Mané,matched
424275,981048,Giuseppe Sibilli,Giuseppe Sibilli,matched
107958,186764,Nicola Bellomo,Nicola Bellomo,matched
647484,1106873,Ebrima Darboe,Ebrima Darboe,matched
537546,1189210,Riccardo Burgio,Riccardo Burgio,matched
350082,860274,Marco Pissardo,Marco Pissardo,matched
239802,478447,Adam Marusic,Adam Marusic,matched
197747,362195,Alessio Romagnoli,Alessio Romagnoli,matched
283735,541555,Mattia Zaccagni,Mattia Zaccagni,matched
199733,362120,Danilo Cataldi,Danilo Cataldi,matched
550106,1146500,Matteo Cancellieri,Matteo Cancellieri,matched
462823,1016093,Gustav Isaksen,Gustav Isaksen,matched
644408,1333331,Oliver Provstgaard,Oliver Provstgaard,matched
346567,807148,Luca Pellegrini,Luca Pellegrini,matched
535955,957118,Nuno Tavares,Nuno Tavares,matched
470394,970565,Kenneth Taylor,Kenneth Taylor,matched
626913,972120,Boulaye Dia,Boulaye Dia,matched
530742,1091907,Fisayo Dele-Bashiru,Fisayo Dele-Bashiru,matched
457736,1282285,Tijjani Noslin,Tijjani Noslin,matched
331401,662205,Manuel Lazzari,Manuel Lazzari,matched
916430,1621082,Edoardo Motta,Edoardo Motta,matched
126729,358149,Patric,Patric,matched
982855,1388071,Reda Belahyane,Reda Belahyane,matched
525704,1020963,Nicolò Rovella,Nicolò Rovella,matched
846254,1302821,Petar Ratkov,Petar Ratkov,matched
538079,1050325,Alessio Furlanetto,Alessio Furlanetto,matched
1018395,1435833,Adrian Przyborek,Adrian Przyborek,matched
1178488,1532261,Idrissa Gueye,Idrissa Gueye,matched
222855,322003,Jesper Karlström,Jesper Karlström,matched
463665,866708,Oumar Solet,Oumar Solet,matched
340353,1091193,Maduka Okoye,Maduka Okoye,matched
698259,1190029,Thomas Kristensen,Thomas Kristensen,matched
392085,818893,Nicolò Zaniolo,Nicolò Zaniolo,matched
81512,149219,Christian Kabasele,Christian Kabasele,matched
361068,934156,Jurgen Ekkelenkamp,Jurgen Ekkelenkamp,matched
412660,724368,Keinan Davis,Keinan Davis,matched
290017,488415,Hassane Kamara,Hassane Kamara,matched
272812,586474,Kingsley Ehizibue,Kingsley Ehizibue,matched
632831,1258292,Nicolò Bertola,Nicolò Bertola,matched
377243,689987,Jakub Piotrowski,Jakub Piotrowski,matched
397225,916710,Alessandro Zanoli,Alessandro Zanoli,matched
633530,982633,Jordan Zemura,Jordan Zemura,matched
924857,1399969,Lennon Miller,Lennon Miller,matched
267160,557396,Adam Buksa,Adam Buksa,matched
524010,1106916,Oier Zarraga,Oier Zarraga,matched
375877,644738,Vakoun Issouf Bayo,Vakoun Bayo,matched
1118347,1450999,Juan Arizala,Juan Arizala,matched
27807,42692,Daniele Padelli,Daniele Padelli,matched
1300966,1712223,Branimir Mlacic,Branimir Mlacic,matched
1210116,1721395,Abdoulaye Camara,Abdoulaye Camara,matched
588426,941953,Saúl Coco,Saúl Coco,matched
293200,557677,Nikola Vlasic,Nikola Vlašić,matched
163048,415137,Alberto Paleari,Alberto Paleari,matched
282388,469615,Giovanni Simeone,Giovanni Simeone,matched
583404,935622,Marcus Holmgren Pedersen,Marcus Pedersen,matched
622380,1339372,Cesare Casadei,Cesare Casadei,matched
435228,750880,Ardian Ismajli,Ardian Ismajli,matched
346779,599353,Ché Adams,Ché Adams,matched
798929,1421505,Gvidas Gineitis,Gvidas Gineitis,matched
157507,426393,Adrien Tamèze,Adrien Tamèze,matched
73794,116555,Duván Zapata,Duván Zapata,matched
743091,1301633,Emirhan Ilkhan,Emirhan İlkhan,matched
492319,1053960,Franco Israel,Franco Israel,matched
393238,846761,Zakaria Aboukhlal,Zakaria Aboukhlal,matched
124555,239350,Cristiano Biraghi,Cristiano Biraghi,matched
470794,1036182,Ivan Ilic,Ivan Ilić,matched
357778,823113,Sandro Kulenovic,Sandro Kulenović,matched
934527,1607014,Alieu Njie,Alieu Njie,matched
433181,983199,Tino Anjorin,Tino Anjorin,matched
59377,182917,David de Gea,David de Gea,matched
401529,750734,Dodô,Dodô,matched
282144,831474,Marin Pongracic,Marin Pongracic,matched
432090,951712,Nicolò Fagioli,Nicolò Fagioli,matched
346561,935406,Luca Ranieri,Luca Ranieri,matched
308279,577911,Rolando Mandragora,Rolando Mandragora,matched
305947,665188,Albert Gudmundsson,Albert Gudmundsson,matched
364135,747926,Moise Kean,Moise Kean,matched
651005,1246009,Cher Ndour,Cher Ndour,matched
746712,1529222,Pietro Comuzzo,Pietro Comuzzo,matched
432092,1017401,Roberto Piccoli,Roberto Piccoli,matched
547985,1093285,Fabiano Parisi,Fabiano Parisi,matched
633668,1276505,Giovanni Fabbian,Giovanni Fabbian,matched
459128,950596,Marco Brescianini,Marco Brescianini,matched
691482,1329487,Jacopo Fazzini,Jacopo Fazzini,matched
984964,1642351,Niccolò Fortini,Niccolò Fortini,matched
1012731,1584085,Luís Balbo,Luis Balbo,matched
471936,806972,Oliver Christensen,Oliver Christensen,matched
340394,769644,Abdelhamid Sabiri,Abdelhamid Sabiri,matched
135747,282059,Luca Lezzerini,Luca Lezzerini,matched
406042,822236,Dennis Tørset Johnsen,Dennis Johnsen,matched
173491,290604,Joel Pohjanpalo,Joel Pohjanpalo,matched
284595,693160,Tommaso Augello,Tommaso Augello,matched
131758,436563,Jesse Joronen,Jesse Joronen,matched
239099,480014,Pietro Ceccaroni,Pietro Ceccaroni,matched
534084,1300387,Niccolò Pierozzi,Niccolò Pierozzi,matched
373899,818162,Jacopo Segre,Jacopo Segre,matched
489611,940440,Filippo Ranocchia,Filippo Ranocchia,matched
176139,415017,Mattia Bani,Mattia Bani,matched
287863,571306,Antonio Palumbo,Antonio Palumbo,matched
737781,917808,Jérémy Le Douaron,Jérémy Le Douaron,matched
555113,1245669,Patryk Peda,Patryk Peda,matched
310458,834956,Giangiacomo Magnani,Giangiacomo Magnani,matched
241076,526450,Emmanuel Quartsin Gyasi,Emmanuel Gyasi,matched
395239,887689,Claudio Gomes,Claudio Gomes,matched
236041,605848,Alexis Blin,Alexis Blin,matched
615897,1189492,Aljosa Vasic,Aljosa Vasic,matched
567470,1050818,Samuel Giovane,Samuel Giovane,matched
163568,244834,Alfred Gomis,Alfred Gomis,matched
216569,643229,Jérémie Boga,Jérémie Boga,matched
368887,747767,Loïs Openda,Loïs Openda,matched
585949,1131217,Pierre Kalulu,Pierre Kalulu,matched
265088,624166,Manuel Locatelli,Manuel Locatelli,matched
480116,819215,Lloyd Kelly,Lloyd Kelly,matched
332697,848266,Weston McKennie,Weston McKennie,matched
845654,1412132,Kenan Yildiz,Kenan Yıldız,matched
459658,1078846,Andrea Cambiaso,Andrea Cambiaso,matched
301238,766062,Michele Di Gregorio,Michele Di Gregorio,matched
516716,857269,Gleison Bremer,Bremer,matched
487474,1185336,Francisco Conceição,Francisco Conceição,matched
360518,866516,Teun Koopmeiners,Teun Koopmeiners,matched
533738,939569,Jonathan David,Jonathan David,matched
509022,1189288,Federico Gatti,Federico Gatti,matched
357498,737857,Dusan Vlahovic,Dušan Vlahović,matched
110923,181910,Mattia Perin,Mattia Perin,matched
571607,1280080,Fabio Miretti,Fabio Miretti,matched
161011,281012,Filip Kostic,Filip Kostić,matched
496857,862616,Edon Zhegrova,Edon Zhegrova,matched
686965,1083562,Juan Cabal,Juan Cabal,matched
944570,1382375,Vasilije Adzic,Vasilije Adžić,matched
191891,277460,Arkadiusz Milik,Arkadiusz Milik,matched
552223,1130600,Filip Stankovic,Filip Stanković,matched
504209,924431,Gianluca Busio,Gianluca Busio,matched
707809,1352744,Joël Schingtienne,Joël Schingtienne,matched
917375,1290968,Antoine Hainaut,Antoine Hainaut,matched
527698,888167,Kike Pérez,Kike Pérez,matched
439914,845368,John Yeboah,John Yeboah,matched
364206,1024432,Andrea Adorante,Andrea Adorante,matched
282169,782703,Marin Sverko,Marin Šverko,matched
744621,1592168,Matteo Dagasso,Matteo Dagasso,matched
655009,1388039,Richie Sagrado,Richie Sagrado,matched
370998,1072710,Bartol Franjic,Bartol Franjic,matched
228444,414232,Ridgeciano Haps,Ridgeciano Haps,matched
566613,942203,Bjarki Steinn Bjarkason,Bjarki Bjarkason,matched
184894,317156,Alfred Duncan,Alfred Duncan,matched
537767,1010186,Antonio Casas,Antonio Casas,matched
307800,866165,Lion Lauberbach,Lion Lauberbach,matched
537509,1169352,Mattia Compagnon,Mattia Compagnon,matched
459945,846647,Nunzio Lella,Nunzio Lella,matched
406806,693591,Emil Bohinen,Emil Bohinen,matched
441611,954422,Michael Venturi,Michael Venturi,matched
808477,1681988,Ahmed Sidibé,Ahmed Sidibé,matched
663153,1162514,Marko Lawk Farji,Marko Farji,matched
89034,127979,Riccardo Brosco,Riccardo Brosco,matched
745427,1396086,Gabriele Guarino,Gabriele Guarino,matched
931567,1402629,Stiven Shpendi,Stiven Shpendi,matched
392963,934873,Salvatore Elia,Salvatore Elia,matched
624436,1289054,Gerard Yepes,Gerard Yepes,matched
297444,819874,Luca Magnino,Luca Magnino,matched
364278,754438,Joseph Ceesay,Joseph Ceesay,matched
616169,1368060,Duccio Degli Innocenti,Duccio Degli Innocenti,matched
315857,790725,Marco Curto,Marco Curto,matched
534133,1440966,Edoardo Saporiti,Edoardo Saporiti,matched
1198243,1669645,Bogdan Popov,Bogdan Popov,matched
309944,561844,Tyronne Ebuehi,Tyronne Ebuehi,matched
192638,570830,Nicolas Haas,Nicolas Haas,matched
814438,1396088,Gabriele Indragoli,Gabriele Indragoli,matched
364132,1170996,Flavio Bianchi,Flavio Bianchi,matched
459763,1013021,Marco Carnesecchi,Marco Carnesecchi,matched
133179,198559,Marten de Roon,Marten de Roon,matched
173859,244811,Davide Zappacosta,Davide Zappacosta,matched
165513,260964,Berat Djimsiti,Berat Djimsiti,matched
607854,957203,Éderson,Éderson,matched
435772,1095432,Charles De Ketelaere,Charles De Ketelaere,matched
503075,939780,Isak Hien,Isak Hien,matched
205938,446266,Mario Pasalic,Mario Pašalić,matched
550108,1053714,Nicola Zalewski,Nicola Zalewski,matched
571604,1202358,Giorgio Scalvini,Giorgio Scalvini,matched
434433,833638,Nikola Krstovic,Nikola Krstović,matched
708635,1191093,Lorenzo Bernasconi,Lorenzo Bernasconi,matched
1077175,1669629,Honest Ahanor,Honest Ahanor,matched
357992,902651,Raoul Bellanova,Raoul Bellanova,matched
315867,721089,Gianluca Scamacca,Gianluca Scamacca,matched
94005,304345,Sead Kolasinac,Sead Kolasinac,matched
528833,1050178,Lazar Samardzic,Lazar Samardžić,matched
746695,1130691,Kamaldeen Sulemana,Kamaldeen Sulemana,matched
644771,1014496,Odilon Kossounou,Odilon Kossounou,matched
405885,951743,Giacomo Raspadori,Giacomo Raspadori,matched
199976,212630,Marco Sportiello,Marco Sportiello,matched
361065,891870,Mitchel Bakker,Mitchel Bakker,matched
604113,1185260,Jamil Siebert,Jamil Siebert,matched
238537,362200,Wladimiro Falcone,Wladimiro Falcone,matched
1112449,1574492,Tiago Gabriel,Tiago Gabriel,matched
728485,1306664,Danilo Veiga,Danilo Veiga,matched
392516,879065,Antonino Gallo,Antonino Gallo,matched
386552,664587,Lassana Coulibaly,Lassana Coulibaly,matched
674806,1039403,Santiago Pierotti,Santiago Pierotti,matched
836441,1206806,Kialonda Gaspar,Gaspar,matched
545538,896377,Lameck Banda,Lameck Banda,matched
595650,1178314,Nikola Stulic,Nikola Stulic,matched
780548,1202114,Omri Gandelman,Omri Gandelman,matched
583046,1395728,Medon Berisha,Medon Berisha,matched
980575,1332538,Oumar Ngom,Oumar Ngom,matched
433329,1041508,Corrie Ndaba,Corrie Ndaba,matched
649490,1027594,Konan N’Dri,Konan N’Dri,matched
805886,1388474,Gaby Jean,Gaby Jean,matched
644613,1285732,Sadik Fofana,Sadik Fofana,matched
1175410,1766079,Matías Pérez,Matías Pérez,matched
464469,935550,Torbjørn Heggem,Torbjørn Heggem,matched
672381,1113694,Jonathan Rowe,Jonathan Rowe,matched
341227,873956,Juan Miranda,Juan Miranda,matched
849520,1282008,Santiago Castro,Santiago Castro,matched
413565,860913,Jhon Lucumí,Jhon Lucumí,matched
148252,201704,Remo Freuler,Remo Freuler,matched
368482,661761,Riccardo Orsolini,Riccardo Orsolini,matched
392966,1080669,Nadir Zortea,Nadir Zortea,matched
316934,641595,Nikola Moro,Nikola Moro,matched
428563,888921,Lewis Ferguson,Lewis Ferguson,matched
80894,178732,Lukasz Skorupski,Lukasz Skorupski,matched
459151,1044029,Nicolò Cambiaghi,Nicolò Cambiaghi,matched
390304,793041,Federico Ravaglia,Federico Ravaglia,matched
392538,790732,Tommaso Pobega,Tommaso Pobega,matched
345590,689680,Jens Odgaard,Jens Odgaard,matched
652054,1198712,Martin Vitík,Martin Vitík,matched
197300,414245,Federico Bernardeschi,Federico Bernardeschi,matched
538964,885085,Thijs Dallinga,Thijs Dallinga,matched
389837,814398,Nicolò Casale,Nicolò Casale,matched
961022,1316088,Benja Domínguez,Benja Domínguez,matched
1129198,1503574,Eivind Helland,Eivind Helland,matched
33571,25587,Lorenzo De Silvestri,Lorenzo De Silvestri,matched
992569,1696050,Massimo Pessina,Massimo Pessina,matched
457674,951711,Alessandro Di Pardo,Alessandro Di Pardo,matched
708186,1172405,Tjas Begic,Tjas Begic,matched
325993,650613,Oliver Abildgaard,Oliver Abildgaard,matched
193867,469939,Liam Henderson,Liam Henderson,matched
357983,823626,Simone Ghidotti,Simone Ghidotti,matched
33763,150389,Massimo Coda,Massimo Coda,matched
324282,722983,Fabio Depaoli,Fabio Depaoli,matched
823560,1580144,Francesco Conti,Francesco Conti,matched
480046,1346625,Simone Giordano,Simone Giordano,matched
240219,519192,Lorenzo Venuti,Lorenzo Venuti,matched
198087,310908,Matteo Ricci,Matteo Ricci,matched
487835,1200629,Alessandro Pio Riccio,Alessandro Riccio,matched
197491,447488,Alex Ferrari,Alex Ferrari,matched
118284,210119,Jordan Ferri,Jordan Ferri,matched
290537,560939,Jean Butez,Jean Butez,matched
948294,1347574,Nico Paz,Nico Paz,matched
495667,1076647,Lucas Da Cunha,Lucas Da Cunha,matched
668547,1336582,Máximo Perrone,Máximo Perrone,matched
948278,1413963,Jacobo Ramón,Jacobo Ramón,matched
160938,355356,Marc-Oliver Kempf,Marc Oliver Kempf,matched
523318,873270,Anastasios Douvikas,Anastasios Douvikas,matched
709957,1384881,Álex Valle,Álex Valle,matched
1190411,1624039,Jesús Rodríguez,Jesús Rodríguez,matched
571271,1353289,Ivan Smolcic,Ivan Smolcic,matched
336125,560945,Mërgim Vojvoda,Mërgim Vojvoda,matched
580451,1215064,Martin Baturina,Martin Baturina,matched
395237,846000,Maxence Caqueret,Maxence Caqueret,matched
1061282,1434889,Assane Diao,Assane Diao,matched
490423,1082597,Ignace Van Der Brempt,Ignace Van der Brempt,matched
128223,213501,Álvaro Morata,Álvaro Morata,matched
747720,1347241,Jayden Addai,Jayden Addai,matched
242940,362121,Edoardo Goldaniga,Edoardo Goldaniga,matched
391057,959434,Cristiano Bani,Cristiano Bani,matched
327326,825821,Giacomo Poluzzi,Giacomo Poluzzi,matched
392515,879064,Simone Santoro,Simone Santoro,matched
665057,1451177,Daniel Tonoli,Daniel Tonoli,matched
95736,163805,Leandro Chichizola,Leandro Chichizola,matched
698082,1401758,Bryant Nieling,Bryant Nieling,matched
216872,414924,Francesco Zampano,Francesco Zampano,matched
163212,553401,Davide Adorni,Davide Adorni,matched
1175798,1669642,Gady Beyuku,Gady Beyuku,matched
498235,863130,Pedro Mendes,Pedro Mendes,matched
657550,1219359,Alessandro Sersanti,Alessandro Sersanti,matched
707219,1310608,Steven Nador,Steven Nador,matched
163222,265924,Grégoire Defrel,Grégoire Defrel,matched
742235,1714426,Michele Pezzolato,Michele Pezzolato,matched
382567,702225,Matteo Cotali,Matteo Cotali,matched
283421,718850,Cristian Cauz,Cristian Căuz,matched
976145,1432542,Antonio Imputato,Antonio Imputato,matched
537548,955989,Fabrizio Bagheria,Fabrizio Bagheria,matched
421873,958422,Elia Caprile,Elia Caprile,matched
564305,936164,Michel Ndary Adopo,Michel Adopo,matched
568333,1289961,Adam Obert,Adam Obert,matched
538918,1030212,Sebastiano Esposito,Sebastiano Esposito,matched
289446,496042,Yerry Mina,Yerry Mina,matched
406151,957107,Zé Pedro,Zé Pedro,matched
392569,949731,Gabriele Zappa,Gabriele Zappa,matched
235931,449283,Alessandro Deiola,Alessandro Deiola,matched
1228231,1621219,Juan Rodríguez,Juan Rodríguez,matched
459988,1030646,Gennaro Borrelli,Gennaro Borrelli,matched
885226,1668219,Riyad Idrissi,Riyad Idrissi,matched
600041,1021302,Mattia Felici,Mattia Felici,matched
1134304,1807301,Joseph Liteta,Joseph Liteta,matched
1099924,1861022,Yael Trepy,Yael Trepy,matched
1104206,1473706,Agustín Albarracín,Agustín Albarracín,matched
997478,1444577,Othniël Raterink,Othniël Raterink,matched
199583,553288,Giovanni Zaro,Giovanni Zaro,matched
334992,847985,Jonathan Klinsmann,Jonathan Klinsmann,matched
392524,878860,Andrea Ciofi,Andrea Ciofi,matched
908760,1280137,Cristian Shpendi,Cristian Shpendi,matched
395805,702395,Massimiliano Mangraviti,Massimiliano Mangraviti,matched
195335,300646,Michele Castagnetti,Michele Castagnetti,matched
386755,820982,Gianluca Frabotta,Gianluca Frabotta,matched
908791,1280142,Matteo Francesconi,Matteo Francesconi,matched
163216,242711,Dimitri Bisoli,Dimitri Bisoli,matched
303116,574847,Gaetano Castrovilli,Gaetano Castrovilli,matched
257751,521838,Simone Bastoni,Simone Bastoni,matched
391453,1164361,Matteo Piacentini,Matteo Piacentini,matched
346562,750029,Marco Olivieri,Marco Olivieri,matched
702614,1459763,Matteo Guidi,Matteo Guidi,matched
1058396,1515133,Vittorio Magni,Vittorio Magni,matched
530847,1668235,Alessandro Siano,Alessandro Siano,matched
199070,298243,Tommaso Arrigoni,Tommaso Arrigoni,matched
278531,604330,Sebastiano Luperto,Sebastiano Luperto,matched
336960,670928,Giuseppe Pezzella,Giuseppe Pezzella,matched
351955,799230,Federico Baschirotto,Federico Baschirotto,matched
241527,543306,Federico Bonazzoli,Federico Bonazzoli,matched
160986,279820,Matteo Bianchetti,Matteo Bianchetti,matched
197838,286119,Jamie Vardy,Jamie Vardy,matched
258827,466113,Jari Vandeputte,Jari Vandeputte,matched
197473,575364,Alberto Grassi,Alberto Grassi,matched
569939,1072056,Tommaso Barbieri,Tommaso Barbieri,matched
226524,439148,Morten Thorsby,Morten Thorsby,matched
234523,474448,Antonio Sanabria,Antonio Sanabria,matched
603675,1596106,Francesco Folino,Francesco Folino,matched
163639,244816,Federico Ceccherini,Federico Ceccherini,matched
67556,108381,Milan Djuric,Milan Djuric,matched
413605,740161,David Okereke,David Okereke,matched
434551,774716,Michele Collocolo,Michele Collocolo,matched
860639,73873,Matteo Baldi,Matteo Baldi,matched
226093,634244,Lorenco Simic,Lorenco Simic,matched
167879,299934,Tommaso Cancellotti,Tommaso Cancellotti,matched
240357,488525,Luca Palmiero,Luca Palmiero,matched
234137,365268,Dimitrios Sounas,Dimitrios Sounas,matched
240129,482419,Tommaso Biasci,Tommaso Biasci,matched
617170,1146635,Martin Palumbo,Martin Palumbo,matched
616031,1391528,Michele Besaggio,Michele Besaggio,matched
487633,1172045,Patrick Enrici,Patrick Enrici,matched
616162,1384360,Alessandro Fontanarosa,Alessandro Fontanarosa,matched
32113,301023,Armando Izzo,Armando Izzo,matched
393652,1034330,Raffaele Russo,Raffaele Russo,matched
73929,190281,Antony Iannarilli,Antony Iannarilli,matched
392570,860272,Marco Sala,Marco Sala,matched
283352,1331210,Cosimo Patierno,Cosimo Patierno,matched
200174,413599,Roberto Insigne,Roberto Insigne,matched
438021,772683,Luca Pandolfi,Luca Pandolfi,matched
340151,607149,Andrea Favilli,Andrea Favilli,matched
144091,231033,Marco Armellino,Marco Armellino,matched
487839,1019019,Simone Trimboli,Simone Trimboli,matched
704283,1613261,Alessio Castellini,Alessio Castellini,matched
538937,976226,Stefano Cella,Stefano Cella,matched
160344,415404,Leonardo Mancuso,Leonardo Mancuso,matched
110925,181920,Francesco Bardi,Francesco Bardi,matched
627625,1555161,Nicolò Radaelli,Nicolò Radaelli,matched
337149,774812,Andrea Meroni,Andrea Meroni,matched
619494,1226778,Francesco Ruocco,Francesco Ruocco,matched
257660,665339,Marco Festa,Marco Festa,matched
497693,1189214,Tommaso Maggioni,Tommaso Maggioni,matched
562255,1209246,David Wieser,David Wieser,matched
704335,1432581,Davide Bragantini,Davide Bragantini,matched
307334,864524,Davis Mensah,Davis Mensah,matched
622801,1429907,Flavio Paoletti,Flavio Paoletti,matched
218306,309631,César Falletti,César Falletti,matched
862744,1429682,Junior Ligue,Junior Ligue,matched
265078,639671,Patrick Cutrone,Patrick Cutrone,matched
435406,955947,Demba Thiam,Demba Thiam,matched
332179,566654,Matteo Pessina,Matteo Pessina,matched
461019,799497,Samuele Birindelli,Samuele Birindelli,matched
101213,163919,Pedro Obiang,Pedro Obiang,matched
481834,1123969,Andrea Carboni,Andrea Carboni,matched
393904,814284,Filippo Delli Carri,Filippo Delli Carri,matched
347253,737339,Dany Mota,Dany Mota,matched
567454,1524139,Lorenzo Lucchesi,Lorenzo Lucchesi,matched
255838,480021,Patrick Ciurria,Patrick Ciurria,matched
392959,937462,Andrea Colpani,Andrea Colpani,matched
891869,1415623,Leonardo Colombo,Leonardo Colombo,matched
199258,413160,Andrea Petagna,Andrea Petagna,matched
238752,488958,Keita Baldé,Keita Baldé,matched
1010150,1425693,Adam Bakoune,Adam Bakoune,matched
381706,805743,Arvid Brorsson,Arvid Brorsson,matched
524428,1189402,Nicolas Galazzi,Nicolas Galazzi,matched
227347,899649,Valentin Antov,Valentin Antov,matched
347656,836682,Antonio Di Nardo,Antonio Di Nardo,matched
287663,526241,Luca Valzania,Luca Valzania,matched
406842,956380,Riccardo Capellini,Riccardo Capellini,matched
160560,414856,Gaetano Letizia,Gaetano Letizia,matched
357995,959858,Davide Bettella,Davide Bettella,matched
613533,1326795,Ivan Saio,Ivan Saio,matched
423614,867417,Gabriele Corbo,Gabriele Corbo,matched
534166,1198008,Lorenzo Meazzi,Lorenzo Meazzi,matched
73926,109338,Marco Davide Faraoni,Davide Faraoni,matched
389841,1226776,Filippo Pellacani,Filippo Pellacani,matched
357998,1028586,Davide Merola,Davide Merola,matched
646699,1344247,Julian Brandes,Julian Brandes,matched
928032,1663299,Leonardo Graziani,Leonardo Graziani,matched
425239,1306108,Alessandro Capelli,Alessandro Capelli,matched
395118,952496,Pietro Fusi,Pietro Fusi,matched
269870,591809,Mattia Bortolussi,Mattia Bortolussi,matched
354133,617057,Kevin Varas,Kevin Varas,matched
171696,282763,Marco Perrotta,Marco Perrotta,matched
394920,701801,Filippo Sgarbi,Filippo Sgarbi,matched
903414,1310477,Carlo Faedo,Carlo Faedo,matched
542588,1083606,Alessandro Sorrentino,Alessandro Sorrentino,matched
241889,526449,Antonio Barreca,Antonio Barreca,matched
238950,500759,Francesco Di Mariano,Francesco Di Mariano,matched
110928,192079,Lorenzo Crisetig,Lorenzo Crisetig,matched
131951,299886,Kevin Lasagna,Kevin Lasagna,matched
187384,415386,Cristian Buonaiuto,Cristian Buonaiuto,matched
476624,1050184,Christian Pastina,Christian Pastina,matched
448395,665325,Giulio Favale,Giulio Favale,matched
146752,252650,Gianluca Caprari,Gianluca Caprari,matched
913461,1444613,Alessandro Seghetti,Alessandro Seghetti,matched
20005,45220,Papu Gómez,Papu Gómez,matched
925505,1395738,Giovanni Giunti,Giovanni Giunti,matched
1050889,1802544,Alessandro Boi,Alessandro Boi,matched
911224,1705649,Alessando Romano,Alessandro Romano,matched
242078,517274,Ales Mateju,Ales Mateju,matched
457444,1165232,Giuseppe Aurelio,Giuseppe Aurelio,matched
471497,1050190,Marco Ruggero,Marco Ruggero,matched
372809,726959,Petko Hristov,Petko Hristov,matched
368559,643986,Ádám Nagy,Ádám Nagy,matched
287367,664607,Luca Vignali,Luca Vignali,matched
411666,1078707,Emanuele Adamo,Emanuele Adamo,matched
532040,1050186,Giuseppe Di Serio,Giuseppe Di Serio,matched
301236,749013,Francesco Cassata,Francesco Cassata,matched
240934,674829,Filippo Bandinelli,Filippo Bandinelli,matched
338101,620133,Mouhamadou Sarr,Mouhamadou Sarr,matched
387234,846948,Szymon Zurkowski,Szymon Żurkowski,matched
1013701,1352691,Hamse Shagaxle,Hamse Shagaxle,matched
165893,282437,Mirko Pigliacelli,Mirko Pigliacelli,matched
403718,813711,Matias Antonini Lui,Matias Antonini,matched
820635,1403328,Costantino Favasuli,Costantino Favasuli,matched
62735,299949,Pietro Iemmello,Pietro Iemmello,matched
218067,575731,Jacopo Petriccione,Jacopo Petriccione,matched
355455,1195358,Filippo Pittarello,Filippo Pittarello,matched
99232,182836,Marco D'Alessandro,Marco D'Alessandro,matched
797893,1441894,Ruggero Frosinini,Ruggero Frosinini,matched
651000,1413759,Gabriele Alesi,Gabriele Alesi,matched
811242,1455441,Bruno Verrengia,Bruno Verrengia,matched
38607,438507,Federico Di Francesco,Federico Di Francesco,matched
459991,820736,Marco Pompetti,Marco Pompetti,matched
798927,1295898,N'Dri Koffi,N'Dri Koffi,matched
1063700,1690597,Ervin Bashi,Ervin Bashi,matched
691978,1078781,Christian Marietta,Christian Marietta,matched
726721,1285144,Gonçalo Esteves,Gonçalo Esteves,matched
215167,506322,Marco Bleve,Marco Bleve,matched
477556,1121796,Emanuele Zuelli,Emanuele Zuelli,matched
593381,953590,Simone Zanon,Simone Zanon,matched
817150,1189424,Fabio Abiuso,Fabio Abiuso,matched
293367,545703,Nicolás Schiavi,Nicolás Schiavi,matched
284604,625427,Mattia Finotto,Mattia Finotto,matched
393607,1032823,Filippo Oliana,Filippo Oliana,matched
475149,918067,Marco Imperiale,Marco Imperiale,matched
748720,1444197,Fabio Ruggeri,Fabio Andrea Ruggeri,matched
240190,413546,Niccolò Belloni,Niccolò Belloni,matched
866247,1690267,Tommaso Rubino,Tommaso Rubino,matched
315862,814282,Filippo Melegoni,Filippo Melegoni,matched
457235,921598,Devid Eugene Bouah,Devid Eugene Bouah,matched
899819,1596404,Gabriele Parlanti,Gabriele Parlanti,matched
159883,230843,Ernesto Torregrossa,Ernesto Torregrossa,matched
55000,49541,Vincenzo Fiorillo,Vincenzo Fiorillo,matched
71019,155256,Bartosz Salamon,Bartosz Salamon,matched
195057,1102399,Raffaele Celia,Raffaele Celia,matched
358003,897315,Simone Canestrelli,Simone Canestrelli,matched
149525,195416,Antonio Caracciolo,Antonio Caracciolo,matched
237658,792756,Michel Aebischer,Michel Aebischer,matched
705063,1289942,Samuele Angori,Samuele Angori,matched
279823,506776,Stefano Moreo,Stefano Moreo,matched
335516,731600,Idrissa Touré,Idrissa Touré,matched
317057,747079,Adrian Semper,Adrian Semper,matched
348601,847357,Mehdi Léris,Mehdi Léris,matched
475410,864006,Mattéo Tramoni,Matteo Tramoni,matched
914934,1296413,Henrik Meister,Henrik Meister,matched
240897,583659,Arturo Calabresi,Arturo Calabresi,matched
628365,1289520,Gabriele Piccinini,Gabriele Piccinini,matched
543822,1014136,Malthe Højholt,Malthe Højholt,matched
989621,1400859,Isak Vural,İsak Vural,matched
464195,1079080,Filip Stojilkovic,Filip Stojilkovic,matched
238993,423223,Simone Scuffet,Simone Scuffet,matched
877124,1354820,Rosen Bozhinov,Rosen Bozhinov,matched
843286,1343374,Felipe Loyola,Felipe Loyola,matched
91970,155066,Juan Cuadrado,Juan Cuadrado,matched
15452,34029,Raúl Albiol,Raúl Albiol,matched
925838,1481098,Francesco Coppola,Francesco Coppola,matched
692187,1676885,Daniel Denoon,Daniel Denoon,matched
189340,415004,Gianluca Di Chiara,Gianluca Di Chiara,matched
300137,652910,Marius Adamonis,Marius Adamonis,matched
460842,1310433,Silvio Merkaj,Silvio Merkaj,matched
163582,299393,Salvatore Molina,Salvatore Molina,matched
685509,1183741,Simone Tronchin,Simone Tronchin,matched
1039342,1396084,Raphael Kofler,Raphael Kofler,matched
395089,988193,Hamza El Kaouakibi,Hamza El Kaouakibi,matched
199272,300239,Daniele Casiraghi,Daniele Casiraghi,matched
111433,282287,Frédéric Veseli,Frédéric Veseli,matched
611197,1083430,Simone Davì,Simone Davi,matched
331395,566683,Fabian Tait,Fabian Tait,matched
612065,1031128,Karim Zedadka,Karim Zedadka,matched
795496,1391712,Federico Davi,Federico Davi,matched
307335,661929,Raphael Odogwu,Raphael Odogwu,matched
457468,954366,Nicola Pietrangeli,Nicola Pietrangeli,matched
745418,1557497,Jacopo Martini,Jacopo Martini,matched
34198,41879,Andrea Masiello,Andrea Masiello,matched
492627,1219024,Marco Frigerio,Marco Frigerio,matched
216599,340790,Domen Crnigoj,Domen Crnigoj,matched
472161,833024,Mamadou Coulibaly,Mamadou Coulibaly,matched
130360,187360,Simone Verdi,Simone Verdi,matched
12907,282706,Alessio Cragno,Alessio Cragno,matched
431581,1112941,Edoardo Duca,Edoardo Duca,matched
740617,1541968,Damiano Basili,Damiano Basili,matched
691235,1340806,Andrea Giorgini,Andrea Giorgini,matched
393797,723575,Alessandro Confente,Alessandro Confente,matched
381794,776970,Lorenzo Carissoni,Lorenzo Carissoni,matched
977119,1387381,Omar Correia,Omar Correia,matched
302497,746831,Nicola Mosti,Nicola Mosti,matched
391710,867796,Marco Bellich,Marco Bellich,matched
342341,743743,Leonardo Candellone,Leonardo Candellone,matched
554433,1165467,Christian Pierobon,Christian Pierobon,matched
457672,1112769,Manuel Ricciardi,Manuel Ricciardi,matched
581604,1183746,Pietro Boer,Pietro Boer,matched
315870,937460,Emanuele Torrasi,Emanuele Torrasi,matched
1446724,1882243,Matheus Dos Santos,Matheus dos Santos,matched
394304,1055141,Manolo Portanova,Manolo Portanova,matched
503619,1138748,Andrea Papetti,Andrea Papetti,matched
613085,961206,Tobías Reinhart,Tobías Reinhart,matched
341481,662022,Lorenzo Libutti,Lorenzo Libutti,matched
392577,860278,Matteo Rover,Matteo Rover,matched
937289,1780246,Simone Bonetti,Simone Bonetti,matched
213854,674841,Cedric Gondo,Cedric Gondo,matched
394352,998290,Massimo Bertagnoli,Massimo Bertagnoli,matched
611861,1524246,Natan Girma,Natan Girma,matched
167685,414860,Alessandro Micai,Alessandro Micai,matched
240158,491786,Francesco Vicari,Francesco Vicari,matched
396307,720222,Danilo Quaranta,Danilo Quaranta,matched
61617,308982,Paolo Rozzio,Paolo Rozzio,matched
357176,956449,Alessandro Tripaldelli,Alessandro Tripaldelli,matched
935782,1705006,Francesco Vallarelli,Francesco Vallarelli,matched
160357,299411,Mario Sampirisi,Mario Sampirisi,matched
315969,843099,Scott McTominay,Scott McTominay,matched
610442,1199272,Rasmus Højlund,Rasmus Højlund,matched
386446,823018,Alessandro Buongiorno,Alessandro Buongiorno,matched
192735,308517,Stanislav Lobotka,Stanislav Lobotka,matched
257474,543021,Vanja Milinkovic-Savic,Vanja Milinković-Savić,matched
169880,414906,Giovanni Di Lorenzo,Giovanni Di Lorenzo,matched
165895,415539,Matteo Politano,Matteo Politano,matched
118689,215242,Leonardo Spinazzola,Leonardo Spinazzola,matched
1005165,1355574,Giovane Nascimento,Giovane,matched
257732,544693,Amir Rrahmani,Amir Rrahmani,matched
433984,873573,Sam Beukema,Sam Beukema,matched
525299,942379,Miguel Gutiérrez,Miguel Gutiérrez,matched
376514,729093,Mathías Olivera,Mathías Olivera,matched
354361,612863,Frank Anguissa,Frank Anguissa,matched
88755,169200,Kevin De Bruyne,Kevin De Bruyne,matched
240414,577912,Alex Meret,Alex Meret,matched
469822,793066,David Neres,David Neres,matched
830365,1355552,Alisson Santos,Alisson Santos,matched
423744,942549,Billy Gilmour,Billy Gilmour,matched
703245,1320863,Antonio Vergara,Antonio Vergara,matched
250153,675327,Pasquale Mazzocchi,Pasquale Mazzocchi,matched
96341,181276,Romelu Lukaku,Romelu Lukaku,matched
250683,517068,Nikita Contini,Nikita Contini,matched
1170286,1641041,Darryl Bakola,Darryl Bakola,matched
546926,937412,Jay Idzes,Jay Idzes,matched
345458,860592,Sebastian Walukiewicz,Sebastian Walukiewicz,matched
371021,760752,Arijanet Muric,Arijanet Murić,matched
921655,1288119,Ismaël Koné,Ismaël Koné,matched
74683,115067,Nemanja Matic,Nemanja Matić,matched
579930,935769,Armand Laurienté,Armand Laurienté,matched
315865,750030,Andrea Pinamonti,Andrea Pinamonti,matched
564785,921921,Kristian Thorstvedt,Kristian Thorstvedt,matched
177843,364520,Domenico Berardi,Domenico Berardi,matched
567129,1130330,Josh Doig,Josh Doig,matched
746891,1308909,Cristian Volpato,Cristian Volpato,matched
724106,1369279,Luca Lipani,Luca Lipani,matched
543666,869054,Stefano Turati,Stefano Turati,matched
520530,1041522,Fali Candé,Fali Candé,matched
700053,1189692,Edoardo Iannoni,Edoardo Iannoni,matched
600936,1022843,Luca Moro,Luca Moro,matched
441515,850055,Daniel Boloca,Daniel Boloca,matched
659648,1324328,Gioele Zacchi,Gioele Zacchi,matched
705355,1289655,Lorenzo Palmisani,Lorenzo Palmisani,matched
301235,746829,Giacomo Calò,Giacomo Calò,matched
888738,1523327,Farès Ghedjemis,Farès Ghedjemis,matched
804812,1235421,Anthony Oyono,Anthony Oyono,matched
534161,1188316,Ilias Koutsoupias,Ilias Koutsoupias,matched
412758,1342748,Giorgi Kvernadze,Giorgi Kvernadze,matched
571600,1396091,Gabriele Bracaglia,Gabriele Bracaglia,matched
927905,1670272,Matteo Cichella,Matteo Cichella,matched
550116,1117058,Ilario Monterisi,Ilario Monterisi,matched
616628,1327513,Giorgio Cittadini,Giorgio Cittadini,matched
337811,618698,Francesco Gelli,Francesco Gelli,matched
534081,1801121,Jacopo Gelli,Jacopo Gelli,matched
522681,908328,Benjamin Lhassine Kone,Ben Lhassine Kone,nickname
444662,1115001,Niccolò Corrado,Niccolò Corrado,matched
917376,1510458,Jérémy Oyono,Jérémy Oyono,matched
286293,662239,Edoardo Masciangelo,Edoardo Masciangelo,matched
421780,940447,Edoardo Vergani,Edoardo Vergani,matched
1049596,1695976,Filippo Grosso,Filippo Grosso,matched
1051737,1688881,Kevin Barcella,Kevin Barcella,matched
168444,415425,Matteo Pisseri,Matteo Pisseri,matched
459248,1106817,Denis Portanova,Denis Portanova,matched
821038,1685569,Stefano Di Mario,Stefano Di Mario,matched
256688,624591,Luca Parodi,Luca Parodi,matched
41780,506248,Ivan Marconi,Ivan Marconi,matched
432105,1572463,Andrea Franzoni,Andrea Franzoni,matched
57285,128803,Simone Colombi,Simone Colombi,matched
393236,1091015,Nermin Karic,Nermin Karić,matched
248695,518522,Andrea Tiritiello,Andrea Tiritiello,matched
487838,1197040,Niccolò Squizzato,Niccolò Squizzato,matched
395190,815733,Francesco Mezzoni,Francesco Mezzoni,matched
632482,1059658,Bernat Guiu,Bernat Guiu,matched
120458,212788,Davide Bariti,Davide Bariti,matched
423615,867418,Leonardo Benedetti,Leonardo Benedetti,matched
352704,825823,Luigi Cuppone,Luigi Cuppone,matched
334343,864759,Marco Nichetti,Marco Nichetti,matched
404860,1810881,Mattia Alborghetti,Mattia Alborghetti,matched
397241,774643,Federico Del Frate,Federico Del Frate,matched
660190,1128077,Mattia Tirelli,Mattia Tirelli,matched
650249,1359124,Riccardo Turicchia,Riccardo Turicchia,matched
450397,1437411,Antonio Boccadamo,Antonio Boccadamo,matched
672830,1226850,Leonardo Cerri,Leonardo Cerri,matched
936739,1668965,Dominic Vavassori,Dominic Vavassori,matched
198128,301005,Manuel Marras,Manuel Marras,matched
745444,1526797,Valerio Crespi,Valerio Crespi,matched
346560,998278,Alessandro Mallamo,Alessandro Mallamo,matched
257814,764018,Gregor Kobel,Gregor Kobel,matched
193004,664970,Waldemar Anton,Waldemar Anton,matched
388198,1002058,Nico Schlotterbeck,Nico Schlotterbeck,matched
579287,1209228,Daniel Svensson,Daniel Svensson,matched
270541,448540,Serhou Guirassy,Serhou Guirassy,matched
370789,659272,Julian Ryerson,Julian Ryerson,matched
406640,966019,Felix Nmecha,Felix Nmecha,matched
578392,1047667,Maximilian Beier,Maximilian Beier,matched
106987,215151,Marcel Sabitzer,Marcel Sabitzer,matched
796297,1287373,Jobe Bellingham,Jobe Bellingham,matched
284732,559065,Ramy Bensebaini,Ramy Bensebaini,matched
627228,1109171,Yan Couto,Yan Couto,matched
659459,1089685,Carney Chukwuemeka,Carney Chukwuemeka,matched
505653,1050158,Fábio Silva,Fábio Silva,matched
119296,307021,Emre Can,Emre Can,matched
883007,1663094,Filippo Mané,Filippo Mane,matched
700106,1430151,Brajan Gruda,Brajan Gruda,matched
93740,278856,Willi Orbán,Willi Orbán,matched
324278,747718,Christoph Baumgartner,Christoph Baumgartner,matched
404950,1024672,Nicolas Seiwald,Nicolas Seiwald,matched
318204,806669,David Raum,David Raum,matched
1390649,1735453,Yan Diomande,Yan Diomande,matched
327251,883087,Ridle Baku,Ridle Baku,matched
957874,1314412,Rômulo,Rômulo,matched
618472,1253852,Castello Lukeba,Castello Lukeba,matched
894914,1248482,Antonio Nusa,Antonio Nusa,matched
57071,151001,Péter Gulácsi,Péter Gulácsi,matched
486046,972200,Maarten Vandevoordt,Maarten Vandevoordt,matched
897424,1486541,Assan Ouédraogo,Assan Ouédraogo,matched
807386,1482294,Conrad Harder,Conrad Harder,matched
565424,1203194,Johan Bakayoko,Johan Bakayoko,matched
787912,1173788,El Chadaille Bitshiabu,El Chadaille Bitshiabu,matched
865682,1310001,Ezechiel Banzuzi,Ezechiel Banzuzi,matched
810649,1529161,Max Finkgräfe,Max Finkgräfe,matched
955448,1482733,Tidiam Gomis,Tidiam Gomis,matched
202591,681383,Benjamin Henrichs,Benjamin Henrichs,matched
215599,526657,Lukas Klostermann,Lukas Klostermann,matched
952779,1482209,Andrija Maksimovic,Andrija Maksimovic,matched
654982,1340895,Bilal El Khannouss,Bilal El Khannouss,matched
707242,1388070,Badredine Bouanani,Badredine Bouanani,matched
443710,1071186,Angelo Stiller,Angelo Stiller,matched
518505,1074968,Jamie Leweling,Jamie Leweling,matched
303219,867080,Jeff Chabot,Jeff Chabot,matched
339314,661519,Deniz Undav,Deniz Undav,matched
282660,614384,Maximilian Mittelstädt,Maximilian Mittelstädt,matched
436064,1125187,Ramon Hendriks,Ramon Hendriks,matched
232320,684983,Atakan Karazor,Atakan Karazor,matched
272278,892679,Chris Führich,Chris Führich,matched
448258,928454,Josha Vagnoman,Josha Vagnoman,matched
924117,1487877,Finn Jeltsch,Finn Jeltsch,matched
335457,840241,Ermedin Demirovic,Ermedin Demirovic,matched
948279,1586552,Chema Andres,Chema Andrés,matched
711969,1192406,Lorenz Assignon,Lorenz Assignon,matched
616344,1164506,Tiago Tomás,Tiago Tomás,matched
539798,1270002,Luca Jaquez,Luca Jaquez,matched
620598,1279764,Ameen Al Dakhil,Ameen Al-Dakhil,matched
344598,852347,Dan-Axel Zagadou,Dan-Axel Zagadou,matched
897505,1518938,Lazar Jovanovic,Lazar Jovanovic,matched
1131117,1700267,Mirza Catovic,Mirza Catovic,matched
388067,1175706,Stefan Drljaca,Stefan Drljaca,matched
55089,178778,Oliver Baumann,Oliver Baumann,matched
157672,307317,Vladimír Coufal,Vladimír Coufal,matched
667457,1478148,Leon Avdullahu,Leon Avdullahu,matched
579459,1186015,Albian Hajdari,Albian Hajdari,matched
412953,947884,Wouter Burger,Wouter Burger,matched
524290,1219540,Fisnik Asllani,Fisnik Asllani,matched
364258,637716,Bernardo,Bernardo,matched
620217,1225995,Robin Hranác,Robin Hranac,matched
46580,173461,Andrej Kramaric,Andrej Kramaric,matched
553285,1124825,Tim Lemperle,Tim Lemperle,matched
361260,845990,Ozan Kabak,Ozan Kabak,matched
434116,1027194,Alexander Prass,Alexander Prass,matched
923595,1486537,Max Moerstedt,Max Moerstedt,matched
415035,727817,Koki Machida,Koki Machida,matched
552057,969870,Adam Hlozek,Adam Hlozek,matched
432671,1175933,Luca Philipp,Luca Philipp,matched
190284,602523,Maximilian Eggestein,Maximilian Eggestein,matched
526845,1281100,Noah Atubolu,Noah Atubolu,matched
124502,303912,Matthias Ginter,Matthias Ginter,matched
335993,1281090,Philipp Treu,Philipp Treu,matched
248999,556524,Lucas Höler,Lucas Höler,matched
185077,400625,Vincenzo Grifo,Vincenzo Grifo,matched
668606,1134467,Yuito Suzuki,Yuito Suzuki,matched
93604,307209,Lukas Kübler,Lukas Kübler,matched
605268,1210893,Igor Matanovic,Igor Matanovic,matched
93707,355358,Christian Günter,Christian Günter,matched
225657,643724,Philipp Lienhart,Philipp Lienhart,matched
820957,1302666,Derry Scherhant,Derry Scherhant,matched
863759,1577843,Bruno Ogbus,Bruno Ogbus,matched
815078,1281108,Jordy Makengo,Jordy Makengo,matched
443331,1075815,Patrick Osterhage,Patrick Osterhage,matched
58995,343766,Anthony Jung,Anthony Jung,matched
599419,1281107,Max Rosenfelder,Max Rosenfelder,matched
1145064,1526221,Cyriaque Irié,Cyriaque Irié,matched
328784,628201,Robin Koch,Robin Koch,matched
358504,629805,Ritsu Doan,Ritsu Doan,matched
368891,1173250,Arthur Theate,Arthur Theate,matched
196813,432435,Michael Zetterer,Michael Zetterer,matched
931838,1339269,Hugo Larsson,Hugo Larsson,matched
855015,1345875,Farès Chaïbi,Farès Chaïbi,matched
684315,1176780,Nnamdi Collins,Nnamdi Collins,matched
290587,574642,Ellyes Skhiri,Ellyes Skhiri,matched
939964,1393672,Jean-Mattéo Bahoya,Jean-Mattéo Bahoya,matched
429874,1175708,Ansgar Knauff,Ansgar Knauff,matched
333647,947901,Jonathan Burkardt,Jonathan Burkardt,matched
816585,1367924,Can Uzun,Can Uzun,matched
846310,1336529,Oscar Højlund,Oscar Højlund,matched
997861,1418816,Kauã,Kauã Santos,matched
74842,177714,Mario Götze,Mario Götze,matched
799993,1680173,Ayoube Amaimouni-Echghouyab,Ayoube Amaimouni-Echghouyab,matched
179184,248689,Michy Batshuayi,Michy Batshuayi,matched
692368,1447050,Younes Ebnoutalib,Younes Ebnoutalib,matched
744857,1421821,Elias Baum,Elias Baum,matched
1184986,1717491,Love Arrhov,Love Arrhov,matched
49723,158234,Timothy Chandler,Timothy Chandler,matched
507341,1161211,Fabian Rieder,Fabian Rieder,matched
251299,926445,Finn Dahmen,Finn Dahmen,matched
264960,1185609,Robin Fellhauer,Robin Fellhauer,matched
536508,978680,Han-Noah Massengo,Han-Noah Massengo,matched
384593,689065,Alexis Claude-Maurice,Alexis Claude-Maurice,matched
413843,900523,Keven Schlotterbeck,Keven Schlotterbeck,matched
295630,670009,Dimitrios Giannoulis,Dimitrios Giannoulis,matched
654234,1310103,Anton Kade,Anton Kade,matched
923945,1641063,Noahkai Banks,Noahkai Banks,matched
374954,643448,Kristijan Jakic,Kristijan Jakic,matched
569383,1178512,Chrislain Matsima,Chrislain Matsima,matched
777005,1453218,Mert Kömür,Mert Kömür,matched
193900,556029,Marius Wolf,Marius Wolf,matched
120205,198316,Michael Gregoritsch,Michael Gregoritsch,matched
106405,245315,Jeffrey Gouweleeuw,Jeffrey Gouweleeuw,matched
726701,1343749,Rodrigo Ribeiro,Rodrigo Ribeiro,matched
342039,844431,Yannik Keitel,Yannik Keitel,matched
288429,657217,Mads Valentin Pedersen,Mads Pedersen,matched
1309324,1718174,Uchenna Ogundu,Uchenna Ogundu,matched
643574,1033111,Kaishu Sano,Kaishu Sano,matched
85906,240537,Danny da Costa,Danny da Costa,matched
118847,303905,Dominik Kohr,Dominik Kohr,matched
314398,523749,Jae-Sung Lee,Jae-sung Lee,matched
232454,614449,Nadiem Amiri,Nadiem Amiri,matched
127573,423812,Phillipp Mwene,Phillipp Mwene,matched
503160,1175939,Paul Nebel,Paul Nebel,matched
168989,275034,Silvan Widmer,Silvan Widmer,matched
288340,686315,Phillip Tietz,Phillip Tietz,matched
1073748,1800401,Kacper Potulski,Kacper Potulski,matched
82350,193901,Stefan Bell,Stefan Bell,matched
188888,495222,Sheraldo Becker,Sheraldo Becker,matched
453870,1185568,Benedict Hollerbach,Benedict Hollerbach,matched
160963,556505,Robin Zentner,Robin Zentner,matched
370683,630286,Andreas Hanche-Olsen,Andreas Hanche-Olsen,matched
453016,771401,Anthony Caci,Anthony Caci,matched
392710,921197,Lennard Maloney,Lennard Maloney,matched
612826,959404,Silas Katompa Mvumpa,Silas,matched
733371,1134759,Sota Kawasaki,Sota Kawasaki,matched
610400,1135609,William Bøving,William Bøving,matched
124410,304348,Rani Khedira,Rani Khedira,matched
107775,186557,Frederik Rønnow,Frederik Rönnow,matched
597432,1199947,Leopold Querfeld,Leopold Querfeld,matched
583699,1047670,Andrej Ilic,Andrej Ilic,matched
692737,1403332,Aljoscha Kemlein,Aljoscha Kemlein,matched
391780,860260,Derrick Köhn,Derrick Köhn,matched
1035765,1515977,Ilyas Ansah,Ilyas Ansah,matched
75921,166733,Christopher Trimmel,Christopher Trimmel,matched
341317,609504,Oliver Burke,Oliver Burke,matched
177779,304354,Janik Haberer,Janik Haberer,matched
454863,836726,András Schäfer,András Schäfer,matched
297583,949673,Woo-Yeong Jeong,Woo-yeong Jeong,matched
798043,1282582,Tom Rothe,Tom Rothe,matched
371141,907495,Stanley N'Soki,Stanley Nsoki,matched
519872,1520506,Livan Burcu,Livan Burcu,matched
287920,658440,Tim Skarke,Tim Skarke,matched
362977,622373,Josip Juranovic,Josip Juranovic,matched
161057,451628,Carl Klaus,Carl Klaus,matched
270393,447959,Robert Skov,Robert Skov,matched
386685,1156148,Matheo Raab,Matheo Raab,matched
284270,784146,Moritz Nicolas,Moritz Nicolas,matched
192635,517346,Nico Elvedi,Nico Elvedi,matched
504153,959696,Joseph Scally,Joe Scally,nickname
335209,566158,Kevin Diks,Kevin Diks,matched
388409,951918,Philipp Sander,Philipp Sander,matched
229006,501543,Franck Honorat,Franck Honorat,matched
613192,1185902,Jens Castrop,Jens Castrop,matched
106872,276739,Kevin Stöger,Kevin Stöger,matched
787151,1398483,Lukas Ullrich,Lukas Ullrich,matched
550580,915111,Shuto Machino,Shuto Machino,matched
278332,764507,Florian Neuhaus,Florian Neuhaus,matched
724104,1276331,Fabio Chiarodia,Fabio Chiarodia,matched
1070979,1793874,Wael Mohya,Wael Mohya,matched
667251,1351569,Hugo Bolin,Hugo Bolin,matched
504215,1071179,Giovanni Reyna,Giovanni Reyna,matched
671108,1308600,Kota Takai,Kota Takai,matched
284010,884919,Robin Hack,Robin Hack,matched
193033,442728,Tim Kleindienst,Tim Kleindienst,matched
455922,1129317,Jan Olschowsky,Jan Olschowsky,matched
84993,406501,Daniel Heuer Fernandes,Daniel Heuer Fernandes,matched
592534,1188890,Nicolai Remberg,Nicolai Remberg,matched
298603,759817,Miro Muheim,Miro Muheim,matched
649672,1018564,Nicolás Capaldo,Nicolás Capaldo,matched
227110,700074,Jordan Torunarigha,Jordan Torunarigha,matched
381967,901495,Albert Sambi Lokonga,Albert Sambi Lokonga,matched
711996,1202595,Warmed Omari,Warmed Omari,matched
743500,1242757,William Mikelbrencis,William Mikelbrencis,matched
694507,1079892,Rayan Philippe,Rayan Philippe,matched
529895,1383070,Daniel Elfadli,Daniel Elfadli,matched
291222,613260,Jean-Luc Dompé,Jean-Luc Dompé,matched
415194,763998,Bakery Jatta,Bakery Jatta,matched
503866,1133381,Albert Grønbæk,Albert Grønbaek,matched
910541,1666019,Fabio Baldé,Fábio Baldé,matched
157635,266527,Yussuf Poulsen,Yussuf Poulsen,matched
1058520,1576487,Otto Stange,Otto Stange,matched
549378,1145714,Sander Tangvik,Sander Tangvik,matched
1125079,1804634,Shafiq Nandja,Shafiq Nandja,matched
160929,573465,Marvin Schwäbe,Marvin Schwäbe,matched
592387,936140,Sebastian Sebulonsen,Sebastian Sebulonsen,matched
1168219,1613676,Saïd El Mala,Said El Mala,matched
579565,1000428,Ísak Bergmann Jóhannesson,Ísak Jóhannesson,matched
405687,992060,Tom Krauß,Tom Krauß,matched
416380,772193,Ragnar Ache,Ragnar Ache,matched
116088,626890,Marius Bülter,Marius Bülter,matched
472249,1119643,Jan Thielmann,Jan Thielmann,matched
640556,1199391,Rav van den Berg,Rav van den Berg,matched
322517,1003254,Joël Schmied,Joël Schmied,matched
335103,930035,Linton Maina,Linton Maina,matched
942497,1463271,Jahmai Simpson-Pusey,Jahmai Simpson-Pusey,matched
236981,682385,Timo Hübers,Timo Hübers,matched
340166,748620,Alessio Castro-Montes,Alessio Castro-Montes,matched
944331,1888413,Youssoupha Niang,Youssoupha Niang,matched
346853,749488,Romano Schmid,Romano Schmid,matched
338668,919742,Senne Lynen,Senne Lynen,matched
156990,767789,Marco Friedl,Marco Friedl,matched
289835,528811,Jens Stage,Jens Stage,matched
1084638,1643851,Karim Coulibaly,Karim Coulibaly,matched
391766,1024292,Marco Grüll,Marco Grüll,matched
596153,1137364,Justin Njinmah,Justin Njinmah,matched
334221,765998,Amos Pieper,Amos Pieper,matched
621802,969856,Olivier Deman,Olivier Deman,matched
654991,1402900,Samuel Mbangula,Samuel Mbangula,matched
162434,425962,Niklas Stark,Niklas Stark,matched
393512,937368,Felix Agu,Felix Agu,matched
701757,1319717,Keke Topp,Keke Topp,matched
830108,1201408,Julián Malatini,Julián Malatini,matched
1114155,1646943,Patrice Covic,Patrice Covic,matched
1042472,1646629,Salim Musah,Salim Musah,matched
493513,982692,Karl Hein,Karl Hein,matched
1045986,1714103,Mick Schmetgens,Mick Schmetgens,matched
951579,1327298,Saël Kumbedi,Saël Kumbedi,matched
346551,760722,Kamil Grabara,Kamil Grabara,matched
669380,1337884,Konstantinos Koulierakis,Konstantinos Koulierakis,matched
69633,157723,Christian Eriksen,Christian Eriksen,matched
746910,1134206,Mohamed Amoura,Mohamed Amoura,matched
117674,298915,Maximilian Arnold,Maximilian Arnold,matched
663581,1047671,Vini Souza,Vini Souza,matched
460245,894802,Moritz Jenz,Moritz Jenz,matched
819636,1366602,Dzenan Pejcinovic,Dzenan Pejcinovic,matched
730484,1279034,Aaron Zehnter,Aaron Zehnter,matched
387106,762721,Lovro Majer,Lovro Majer,matched
369674,759097,Joakim Mæhle,Joakim Maehle,matched
239962,442602,Denis Vavro,Denis Vavro,matched
119277,450976,Yannick Gerhardt,Yannick Gerhardt,matched
342405,647900,Mattias Svanberg,Mattias Svanberg,matched
435796,1187389,Kilian Fischer,Kilian Fischer,matched
1144627,1611223,Kento Shiogai,Kento Shiogai,matched
734676,1432344,Jonas Adjetey,Jonas Adjetey,matched
789252,1482729,Bence Dárdai,Bence Dárdai,matched
697277,1092731,Joel Chima Fujita,Joel Chima Fujita,matched
599733,1112702,Arkadiusz Pyrka,Arkadiusz Pyrka,matched
292534,531327,Eric Smith,Eric Smith,matched
424072,725398,Mathias Pereira Lage,Mathias Pereira Lage,matched
192557,369742,Jackson Irvine,Jackson Irvine,matched
605265,1463266,Louis Oppie,Louis Oppie,matched
377729,812839,Martijn Kaars,Martijn Kaars,matched
236966,361712,Adam Dzwigala,Adam Dzwigala,matched
610795,1315546,Tomoya Ando,Tomoya Ando,matched
333903,825806,Lars Ritzka,Lars Ritzka,matched
268327,537853,Mathias Rasmussen,Mathias Rasmussen,matched
522223,885870,Connor Metcalfe,Connor Metcalfe,matched
677935,1089870,Ricky-Jade Jones,Ricky-Jade Jones,matched
1280281,1659893,Abdoulie Ceesay,Abdoulie Ceesay,matched
495752,922731,Taichi Hara,Taichi Hara,matched
697740,1249185,Soufian El-Faouzi,Soufiane El-Faouzi,matched
332392,820974,Ron Schallenberg,Ron Schallenberg,matched
85864,287894,Loris Karius,Loris Karius,matched
119557,469763,Kenan Karaman,Kenan Karaman,matched
292812,794619,Hasan Kuruçay,Hasan Kuruçay,matched
422051,725655,Nikola Katic,Nikola Katic,matched
460655,860056,Moussa Sylla,Moussa Sylla,matched
282349,785739,Timo Becker,Timo Becker,matched
969376,1755657,Mertcan Ayhan,Mertcan Ayhan,matched
919703,1659420,Vitalie Becker,Vitalie Becker,matched
287188,861668,Dejan Ljubicic,Dejan Ljubicic,matched
569385,1047664,Adil Aouchiche,Adil Aouchiche,matched
410870,1179182,Adrian Gantenbein,Adrian Gantenbein,matched
357310,1204802,Christian Gomis,Christian Gomis,matched
241307,721091,Finn Porath,Finn Porath,matched
327862,560976,Janik Bachmann,Janik Bachmann,matched
43824,215159,Kevin Müller,Kevin Müller,matched
477109,815566,Bryan Lasme,Bryan Lasme,matched
802560,1320890,Emil Højlund,Emil Højlund,matched
920946,1659450,Max Grüger,Max Grüger,matched
1188989,1688757,Dylan Leonard,Dylan Leonard,matched
280553,788496,Anton Donkor,Anton Donkor,matched
349465,1285926,Nicolas Kristof,Nicolas Kristof,matched
532169,962113,Lukasz Poreba,Lukasz Poreba,matched
401639,1093782,Lukas Petkov,Lukas Petkov,matched
337097,940015,Tom Zimmerschied,Tom Zimmerschied,matched
440386,1077911,Maximilian Rohr,Maximilian Rohr,matched
448259,1280560,Lukas Pinckert,Lukas Pinckert,matched
207580,763990,Amara Condé,Amara Condé,matched
192840,458602,Jan Gyamerah,Jan Gyamerah,matched
522245,1245692,Lasse Günther,Lasse Günther,matched
815322,1366338,Felix Keidel,Felix Keidel,matched
974894,1459758,David Mokwa,David Mokwa,matched
352332,594886,Florian Le Joncour,Florian Le Joncour,matched
604756,1281256,Frederik Schmahl,Frederik Schmahl,matched
430034,633721,Nicholas Mickelson,Nicholas Mickelson,matched
229991,459010,Luca Schnellbacher,Luca Schnellbacher,matched
910538,1730149,Raif Adam,Raif Adam,matched
232463,784735,Luca Pfeiffer,Luca Pfeiffer,matched
516978,1426060,Laurin Curda,Laurin Curda,matched
720948,1329169,Mika Baur,Mika Baur,matched
509650,1415373,Tjark Scheller,Tjark Scheller,matched
330699,784225,Raphael Obermair,Raphael Obermair,matched
330635,767790,Felix Götze,Felix Götze,matched
1005509,1362492,Santiago Castañeda,Santiago Castañeda,matched
694132,1515976,Mattes Hansen,Mattes Hansen,matched
296879,706500,Steffen Tigges,Steffen Tigges,matched
378424,840947,Sebastian Klaas,Sebastian Klaas,matched
443855,1140919,Nick Bätzner,Nick Bätzner,matched
829267,1321553,Stefano Marino,Stefano Marino,matched
907085,1688956,Ruben Müller,Ruben Müller,matched
698843,1520593,Jonah Sticker,Jonah Sticker,matched
186988,419774,Sven Michel,Sven Michel,matched
570152,970587,Marcel Hoffmeier,Marcel Hoffmeier,matched
1104418,1455252,Kennedy Okpala,Kennedy Okpala,matched
949389,1801952,Niklas Mohr,Niklas Mohr,matched
196834,553597,David Kinsombi,David Kinsombi,matched
422721,745912,Stefán Thórdarson,Stefán Teitur Thórdarson,matched
510686,982245,William Kokolo,William Kokolo,matched
216422,673045,Maurice Neubauer,Maurice Neubauer,matched
904974,1596359,Noël Aséko,Noel Aseko,matched
340977,834602,Virgil Ghita,Virgil Ghiță,matched
280581,860609,Boris Tomiak,Boris Tomiak,matched
322990,664810,Benjamin Källman,Benjamin Källman,matched
602781,1244356,Daisuke Yokota,Daisuke Yokota,matched
1107265,1600334,Ime Okon,Ime Okon,matched
957531,1337351,Hayate Matsuda,Hayate Matsuda,matched
457728,789638,Mustapha Bundu,Mustapha Bundu,matched
680447,1178262,Waniss Taïbi,Waniss Taïbi,matched
569455,1221941,Bastian Allgeier,Bastian Allgeier,matched
331362,803163,Benedikt Pichler,Benedikt Pichler,matched
567974,1275289,Franz Roggow,Franz Roggow,matched
136181,171548,Håvard Nielsen,Håvard Nielsen,matched
93651,343763,Marcel Schuhen,Marcel Schuhen,matched
391742,951912,Patric Pfeiffer,Patric Pfeiffer,matched
332624,959045,Kai Klefisch,Kai Klefisch,matched
433388,1283022,Matej Maglica,Matej Maglica,matched
339057,661062,Luca Marseiler,Luca Marseiler,matched
398851,808148,Aleksandar Vukotic,Aleksandar Vukotic,matched
349433,971258,Fabian Nürnberger,Fabian Nürnberger,matched
405689,1175955,Merveille Papela,Merveille Papela,matched
54846,310355,Fabian Holland,Fabian Holland,matched
243878,822832,Raoul Petretta,Raoul Petretta,matched
528856,1185143,Fynn Lakenmacher,Fynn Lakenmacher,matched
957535,1337791,Yosuke Furukawa,Yosuke Furukawa,matched
237162,614571,Matthias Bader,Matthias Bader,matched
535551,1110703,Bartosz Bialek,Bartosz Bialek,matched
385240,1087772,Serhat-Semih Güler,Serhat-Semih Güler,matched
337082,953080,Julian Krahl,Julian Krahl,matched
334186,808155,Fabian Kunze,Fabian Kunze,matched
566857,1083342,Semih Sahin,Semih Sahin,matched
567309,930047,Naatan Skyttä,Naatan Skyttä,matched
452078,1073476,Maxwell Gyamfi,Maxwell Gyamfi,matched
924087,1659454,Mika Haas,Mika Haas,matched
806168,1274452,Paul Joly,Paul Joly,matched
151636,553556,Marlon Ritter,Marlon Ritter,matched
521142,1659455,Leon Robinson,Leon Robinson,matched
340700,645697,Ivan Prtajin,Ivan Prtajin,matched
283233,767256,Jacob Rasmussen,Jacob Rasmussen,matched
392131,926446,Simon Asta,Simon Asta,matched
307924,597737,Mërgim Berisha,Mergim Berisha,matched
196147,459002,Kenny-Prince Redondo,Kenny-Prince Redondo,matched
260657,642536,Erik Wekesser,Erik Wekesser,matched
1144518,1921594,Enis Kamga,Enis Kamga,matched
1290366,1838936,Dion Hofmeister,Dion Hofmeister,matched
692734,1282298,Linus Gechter,Linus Gechter,matched
432281,1153342,Márton Dárdai,Márton Dárdai,matched
183780,520342,Paul Seguin,Paul Seguin,matched
574569,1255785,Marten Winkler,Marten Winkler,matched
86916,265588,Toni Leistner,Toni Leistner,matched
338032,766868,Deyovaisio Zeefuik,Deyovaisio Zeefuik,matched
388029,1132183,Luca Schuler,Luca Schuler,matched
706617,1355216,Julian Eitschberger,Julian Eitschberger,matched
388508,796492,Niklas Kolbe,Niklas Kolbe,matched
293169,688668,Josip Brekalo,Josip Brekalo,matched
448028,929613,Kevin Sessa,Kevin Sessa,matched
439456,759096,Sebastian Grønning,Sebastian Grönning,matched
82070,239911,Diego Demme,Diego Demme,matched
273904,770566,Leon Jensen,Leon Jensen,matched
820261,1439629,Pascal Klemens,Pascal Klemens,matched
196382,434259,Marius Gersbeck,Marius Gersbeck,matched
907468,1711728,Janne Berner,Janne Berner,matched
1067659,1681495,Boris Lum,Boris Mamuzah Lum,matched
914720,1611057,Tim Hoffmann,Tim Hoffmann,matched
84938,212815,Timo Horn,Timo Horn,matched
119037,290201,Philipp Hofmann,Philipp Hofmann,matched
196793,556027,Maximilian Wittek,Maximilian Wittek,matched
337031,920436,Philipp Strompf,Philipp Strompf,matched
265209,625214,Noah Loosli,Noah Loosli,matched
204047,464981,Matús Bero,Matus Bero,matched
796221,1525304,Mats Pannewig,Mats Pannewig,matched
190289,625091,Gerrit Holtmann,Gerrit Holtmann,matched
295060,620914,Koji Miyoshi,Koji Miyoshi,matched
400542,945881,Oliver Olsen,Oliver Olsen,matched
343959,763313,Erhan Masovic,Erhan Masovic,matched
84435,167589,Kevin Vogt,Kevin Vogt,matched
333464,939400,Romario Rösch,Romario Rösch,matched
484888,715610,Ibrahim Sissoko,Ibrahim Sissoko,matched
893930,1255833,Mikkel Rakneberg,Mikkel Rakneberg,matched
119044,450978,Marcel Sobottka,Marcel Sobottka,matched
550957,1085809,Hyeok-Kyu Kwon,Hyeok-kyu Kwon,matched
119581,458998,Marvin Wanitzek,Marvin Wanitzek,matched
400535,972732,Hans Christian Bernat,Hans Christian Bernat,matched
152435,208243,Marcel Franke,Marcel Franke,matched
307509,861662,Christoph Kobald,Christoph Kobald,matched
49730,167065,Sebastian Jung,Sebastian Jung,matched
251295,660148,Dzenis Burnic,Dzenis Burnic,matched
179635,620563,Philipp Förster,Philipp Förster,matched
1085900,1640966,Rafael Pinto Pedrosa,Rafael Pinto Pedrosa,matched
1045852,1620628,Louey Ben Farhat,Louey Ben Farhat,matched
438315,1185509,Andreas Müller,Andreas Müller,matched
472243,1114472,Lilian Egloff,Lilian Egloff,matched
594655,1199713,Marcel Beifus,Marcel Beifus,matched
1073997,1477956,Shio Fukuda,Shio Fukuda,matched
897426,1696428,Paul Scholl,Paul Scholl,matched
696019,1571177,Meiko Wäschenbach,Meiko Wäschenbach,matched
53116,312560,Robin Himmelmann,Robin Himmelmann,matched
798542,1557279,Niclas Dühring,Niclas Dühring,matched
485747,980288,Thomas Leon Keller,Thomas Keller,matched
658116,1279694,Ben Bobzien,Ben Bobzien,matched
426685,1077244,Tim Schreiber,Tim Schreiber,matched
296188,791614,Alexander Rossipal,Alexander Rossipal,matched
205544,659047,Niklas Hauptmann,Niklas Hauptmann,matched
690429,1281111,Robert Wagner,Robert Wagner,matched
453324,1097375,Jakob Lemmer,Jakob Lemmer,matched
273054,467488,Vincent Vermeij,Vincent Vermeij,matched
227078,585268,Lukas Boeder,Lukas Boeder,matched
528619,1140913,Jonas Sterner,Jonas Sterner,matched
324851,773519,Christoph Daferner,Christoph Daferner,matched
921485,1843898,Friedrich Müller,Friedrich Müller,matched
532784,854069,Nils Fröling,Nils Fröling,matched
296372,933544,Luca Herrmann,Luca Herrmann,matched
379114,862285,Lars Bünning,Lars Bünning,matched
309397,801122,Lennart Grill,Lennart Grill,matched
51069,469705,Stefan Kutschke,Stefan Kutschke,matched
150080,554299,Daniel Mesenhöler,Daniel Mesenhöler,matched
601918,1663210,Elias Bethke,Elias Bethke,matched
107574,409818,Jonas Meffert,Jonas Meffert,matched
569031,1366006,Umut Tohumcu,Umut Tohumcu,matched
469709,861541,David Zec,David Zec,matched
606119,1275291,Phil Harres,Phil Harres,matched
1027770,1378854,Jonas Torrissen Therkelsen,Jonas Therkelsen,matched
546822,1159556,Adrián Kaprálik,Adrián Kaprálik,matched
706024,1320446,Marko Ivezic,Marko Ivezic,matched
683812,1136403,John Tolkin,John Tolkin,matched
802513,1437580,Kasper Davidsen,Kasper Davidsen,matched
512352,1368049,Lasse Rosenboom,Lasse Rosenboom,matched
464333,874272,Ivan Nekic,Ivan Nekic,matched
633454,1014688,Alexander Bernhardsson,Alexander Bernhardsson,matched
93827,212982,Steven Skrzybski,Steven Skrzybski,matched
296428,951919,Timon Weiner,Timon Weiner,matched
225043,484640,Carl Johansson,Carl Johansson,matched
698523,1281521,Marcus Müller,Marcus Müller,matched
719694,1253909,Andu Yobel Kelati,Andu Kelati,matched
915433,1921200,Ikem Ugoh,Ikem Ugoh,matched
1051739,1436615,Frederik Roslyng,Frederik Roslyng,matched
1045850,1899702,Leon Parduzi,Leon Parduzi,matched
597804,1174734,Jonas Thomas Kersken,Jonas Kersken,matched
343332,1052360,Stefano Russo,Stefano Russo,matched
528515,1140917,Maximilian Großer,Maximilian Großer,matched
605242,1288294,Monju Momuluh,Monju Momuluh,matched
786827,1385154,Marius Wörl,Marius Wörl,matched
503854,865066,Joel Grodowski,Joel Grodowski,matched
284177,872742,Tim Handwerker,Tim Handwerker,matched
501794,929350,Jannik Rochelt,Jannik Rochelt,matched
388363,955191,Maximilian Bauer,Maximilian Bauer,matched
356325,964099,Leon Schneider,Leon Schneider,matched
800988,1644174,Benjamin Boakye,Benjamin Boakye,matched
400532,733965,Joel Felix,Joel Felix,matched
237226,658423,Marvin Mehlem,Marvin Mehlem,matched
342152,690207,Roberts Uldrikis,Roberts Uldrikis,matched
749942,1460416,Felix Hagmann,Felix Hagmann,matched
244997,734063,Arne Sicker,Arne Sicker,matched
433956,862292,Isaiah Young,Isaiah Young,matched
335100,747765,Sam Schreck,Sam Schreck,matched
489343,1179897,Leo Oppermann,Leo Oppermann,matched
238722,562055,Dominik Reimann,Dominik Reimann,matched
161072,629562,Baris Atik,Baris Atik,matched
446625,814892,Alexander Nollenberger,Alexander Nollenberger,matched
333859,546190,Lubambo Musonda,Lubambo Musonda,matched
527270,1190549,Falko Michel,Falko Michel,matched
19483,932852,Tobias Müller,Tobias Müller,matched
470375,908847,Mateusz Zukowski,Mateusz Zukowski,matched
503291,1399936,Rayan Ghrieb,Rayan Ghrieb,matched
186477,866164,Herbert Bockhorn,Herbert Bockhorn,matched
390460,964542,Richmond Tachie,Richmond Tachie,matched
498171,965327,Alexander Ahl Holmström,Alexander Ahl-Holmström,matched
716898,1531833,Luka Hyryläinen,Luka Hyryläinen,matched
627658,1238697,Eldin Dzogovic,Eldin Dzogovic,matched
151583,874540,Daniel Heber,Daniel Heber,matched
107205,664804,Connor Krempicki,Connor Krempicki,matched
648886,913716,Samuel Loric,Samuel Loric,matched
317444,859752,Ron-Thorben Hoffmann,Ron-Thorben Hoffmann,matched
447783,1024937,Kevin Ehlers,Kevin Ehlers,matched
472242,1237634,Mehmet Aydin,Mehmet Aydin,matched
729176,1532192,Max Marie,Max Marie,matched
673925,1057432,Johan Gómez,Johan Gómez,matched
337042,865059,Robin Heußer,Robin Heußer,matched
676889,1381854,Fabio Di Michele,Fabio Di Michele Sanchez,matched
232355,683834,Léon Bell,Leon Bell Bell,matched
563966,1235057,Lukas Frenkert,Lukas Frenkert,matched
656095,1276507,Andi Hoti,Andi Hoti,matched
378883,1082491,Lino Tempelmann,Lino Tempelmann,matched
410561,1404445,Sidi Sané,Sidi Sané,matched
344063,820748,Aaron Opoku,Aaron Opoku,matched
760069,1280040,Louis Breunig,Louis Breunig,matched
258608,665319,Elhan Kastrati,Elhan Kastrati,matched
489090,1129220,Anas Bakhat,Anas Bakhat,matched
717345,1256221,Sidney Raebiger,Sidney Raebiger,matched
405679,1081024,Frederik Jäkel,Frederik Jäkel,matched
89591,237541,Felix Klaus,Felix Klaus,matched
211671,602300,Jannik Dehm,Jannik Dehm,matched
727538,1520546,Aaron Keller,Aaron Keller,matched
356640,950823,Paul Will,Paul Will,matched
913422,1700509,Silas Prüfrock,Silas Prüfrock,matched
161204,461356,Julian Green,Julian Green,matched
957669,1641040,Lukas Reich,Lukas Reich,matched
406889,831035,Pelle Boevink,Pelle Boevink,matched
569171,852424,Brynjar Ingi Bjarnason,Brynjar Ingi Bjarnason,matched
159239,522139,Dennis Srbeny,Dennis Srbeny,matched
450234,1202909,Marco John,Marco John,matched
563841,1079809,Doni Arifi,Doni Arifi,matched
230810,1030929,Felix Higl,Felix Higl,matched
685487,1286164,Noah König,Noah König,matched
409485,1437477,Sacha Bansé,Sacha Bansé,matched
1034889,1794103,Raul Marita,Raul Marița,matched
255294,1032824,Florian Kastenmeier,Florian Kastenmeier,matched
358906,1083322,Tim Oberdorf,Tim Oberdorf,matched
946037,1609228,Elias Egouli,Elias Egouli,matched
86848,182893,Matthias Zimmermann,Matthias Zimmermann,matched
159844,450974,Christopher Lenz,Christopher Lenz,matched
571310,937078,Valgeir Lunddal,Valgeir Lunddal,matched
1045762,1606589,Jordi Paulina,Jordi Paulina,matched
215096,495216,Jordy de Wijs,Jordy de Wijs,matched
1043565,1646506,Kilian Sauck,Kilian Sauck,matched
751027,1385648,Hamza Anhari,Hamza Anhari,matched
604326,1229804,Johannes Schenk,Johannes Schenk,matched
206411,670395,Rico Preissinger,Rico Preißinger,matched
168678,553555,Marvin Schulz,Marvin Schulz,matched
414318,782701,Haralambos Makridis,Charalambos Makridis,matched
788445,1282005,Zidan Sertdemir,Zidan Sertdemir,matched
196815,657054,Joshua Mees,Joshua Mees,matched
594664,1179893,Luca Bolay,Luca Bolay,matched
406988,1048791,Niko Koulis,Niko Koulis,matched
249207,678162,Torge Paetow,Torge Paetow,matched
673071,1086251,Oscar Vilhelmsson,Oscar Vilhelmsson,matched
93979,303938,Simon Scherder,Simon Scherder,matched
274039,951909,Morten Behrens,Morten Behrens,matched
411134,958204,Malik Batmaz,Malik Batmaz,matched
168678,1894254,Marvin Schulz,Marvin Schulz,matched
797791,1307640,Antonio Tikvic,Antonio Tikvic,matched
136601,205710,Lukas Jonsson,Lukas Jonsson,matched
119286,458620,Jannik Müller,Jannik Müller,matched
227087,775691,Patrick Kammerbauer,Patrick Kammerbauer,matched
239987,391679,Bjarke Jacobsen,Bjarke Jacobsen,matched
334238,1052358,Niklas Wiemann,Niklas Wiemann,matched
238175,673292,Fridolin Wagner,Fridolin Wagner,matched
929857,1515922,Robin Fabinski,Robin Fabinski,matched
317739,860597,David Kopacz,David Kopacz,matched
962862,1663016,Ismail Badjie,Ismail Badjie,matched
683768,1230638,Tony Lesueur,Tony Lesueur,matched
997772,1385830,Theo Janotta,Theo Janotta,matched
202515,618923,Bryan Henning,Bryan Henning,matched
1100613,1663015,Bernd Riesselman,Bernd Riesselmann,matched
447730,1080985,Luc Ihorst,Luc Ihorst,matched
41458,71017,Robert Tesche,Robert Tesche,matched
632147,1282976,Niklas Sauter,Niklas Sauter,matched
189142,537996,Bashkim Ajdini,Bashkim Ajdini,matched
291537,862686,Erik Engelhardt,Erik Engelhardt,matched
192266,555654,Tolcay Cigerci,Tolcay Cigerci,matched
119032,488297,Axel Borgmann,Axel Borgmann,matched
178643,700075,Dominik Pelivan,Dominik Pelivan,matched
1010851,1559822,King Manu,King Manu,matched
381755,1106859,Henry Rorig,Henry Rorig,matched
337237,978378,Moritz Hannemann,Moritz Hannemann,matched
434659,846291,Tim Campulka,Tim Campulka,matched
815030,1400168,Jannis Boziaris,Jannis Boziaris,matched
453861,1162510,Justin Butler,Justin Butler,matched
201135,637199,Leon Guwara,Leon Guwara,matched
240274,764500,Anderson Lucoqui,Anderson Lucoqui,matched
679013,1072494,Ted Tattermusch,Ted Tattermusch,matched
227085,793609,Jonas Hofmann,Jonas Hofmann,matched
215761,687860,Alexander Sebald,Alexander Sebald,matched
745073,1351501,Janis Juckel,Janis Juckel,matched
682519,1073303,Aljaz Casar,Aljaz Casar,matched
656163,1315815,Maximilian Braune,Maximilian Braune,matched
335101,951925,Tobias Fleckstein,Tobias Fleckstein,matched
265159,763975,Joshua Bitter,Joshua Bitter,matched
237576,988143,Can Coskun,Can Coskun,matched
88597,276786,Alexander Hahn,Alexander Hahn,matched
378874,979511,Lex-Tyger Lobinger,Lex-Tyger Lobinger,matched
679471,1080482,Rasim Bulic,Rasim Bulic,matched
486731,848670,Christian Viet,Christian Viet,matched
520857,1099298,Conor Noss,Conor Noß,matched
427291,840926,Patrick Sussek,Patrick Sussek,matched
934523,1623772,Jan-Simon Symalla,Jan-Simon Symalla,matched
317740,988082,Florian Krüger,Florian Krüger,matched
580566,1190606,Steffen Meuer,Steffen Meuer,matched
574197,1341317,Niklas Jessen,Niklas Jessen,matched
908370,1395911,Ben Schlicke,Ben Schlicke,matched
386111,1338064,Mert Göckan,Mert Göckan,matched
643080,1017898,Leon Müller,Leon Müller,matched
445448,1290430,Tim Heike,Tim Heike,matched
467426,1163203,Dennis Borkowski,Dennis Borkowski,matched
1047092,1789673,Gabriel Sadlek,Gabriel Sadlek,matched
662220,1386730,Jakob Bookjans,Jakob Bookjans,matched
322761,905980,Florian Egerer,Florian Egerer,matched
335998,1146377,Dominik Becker,Dominik Becker,matched
168186,554531,Marco Schuster,Marco Schuster,matched
120296,289216,Benjamin Uphoff,Benjamin Uphoff,matched
334543,884542,Florian Carstens,Florian Carstens,matched
491963,862954,Kenan Fatkic,Kenan Fatkic,matched
397696,962306,Ahmet Gürleyen,Ahmet Gürleyen,matched
404267,688712,Jan Mejdr,Jan Mejdr,matched
820973,1382739,Benno Dietze,Benno Dietze,matched
334554,753799,Maximilian Krauß,Maximilian Krauß,matched
159258,560391,Franz Pfanne,Franz Pfanne,matched
94771,230907,Andreas Voglsammer,Andreas Voglsammer,matched
605222,1257829,Jonas Dirkner,Jonas Dirkner,matched
158360,335404,Nico Neidhart,Nico Neidhart,matched
284178,860598,Cedric Harenbrock,Cedric Harenbrock,matched
548026,1235968,Lukas Wallner,Lukas Wallner,matched
342968,956863,Christian Kinsombi,Christian Kinsombi,matched
472248,1288273,David Hummel,David Hummel,matched
425834,1227391,Paul Stock,Paul Stock,matched
730408,1435707,Leon Reichardt,Leon Reichardt,matched
548861,1382737,Max Hagemoser,Max Hagemoser,matched
661158,1516072,Milosz Brzozowski,Milosz Brzozowski,matched
1140611,1701783,Fiete Bock,Fiete Bock,matched
451380,872402,Berkan Taz,Berkan Taz,matched
453877,1072484,Dennis Waidner,Dennis Waidner,matched
193032,657655,Niko Kijewski,Niko Kijewski,matched
529198,1288516,Fynn Otto,Fynn Otto,matched
606079,1381850,Joshua Eze,Joshua Eze,matched
316590,747764,Yari Otto,Yari Otto,matched
246044,795376,Jonas Arweiler,Jonas Arweiler,matched
356471,1082286,Michel Stöcker,Michel Stöcker,matched
799547,1385170,Paul Lehmann,Paul Lehmann,matched
670140,1292579,Fabian Wessig,Fabian Wessig,matched
829253,1691369,Almin Mesanovic,Almin Mesanovic,matched
615036,1328615,António Fóti,Antonio Foti,matched
335921,951911,Tobias Knost,Tobias Knost,matched
567764,1441950,Fabian Pekruhl,Fabian Pekruhl,matched
665535,1529373,Alem Japaur,Alem Japaur,matched
522250,1185263,Marco Mannhardt,Marco Mannhardt,matched
119292,658792,Danilo Wiebe,Danilo Wiebe,matched
797560,1484646,Joel da Silva Kiala,Joel da Silva Kiala,matched
416032,862328,Marius Wegmann,Marius Wegmann,matched
1168861,1709671,Faton Ademi,Faton Ademi,matched
519869,1382018,Mehdi Loune,Mehdi Loune,matched
195051,566785,Gianluca Gaudino,Gianluca Gaudino,matched
609648,1015194,Petros Bagalianis,Petros Bagkalianis,matched
596998,1463255,Felix Meyer,Felix Meyer,matched
94964,560943,Bentley Bahn,Bentley Baxter Bahn,matched
140712,833523,Lukas Scepanik,Lukas Scepanik,matched
51569,424625,Sasa Strujic,Sasa Strujic,matched
917781,1659412,Matti Wagner,Matti Wagner,matched
40792,94865,Manuel Riemann,Manuel Riemann,matched
196050,613158,Jeremias Lorch,Jeremias Lorch,matched
920041,1680068,Emmanuel Elekwa,Emmanuel Elekwa,matched
333661,664805,Florian Heister,Florian Heister,matched
193050,501569,Valmir Sulejmani,Valmir Sulejmani,matched
334225,956034,Mika Hanraths,Mika Hanraths,matched
247661,553557,Gideon Jung,Gideon Jung,matched
465307,866148,Jordy Gillekens,Jordy Gillekens,matched
639580,1283015,Justin Janitzek,Justin Janitzek,matched
489363,1188856,Tarik Gözüsirin,Tarik Gözüsirin,matched
597001,1189797,Niklas May,Niklas May,matched
859433,1294751,Moritz Flotho,Moritz Flotho,matched
479273,971582,Lukas Schleimer,Lukas Schleimer,matched
820760,1515902,Noah Brdar,Noah Brdar,matched
351071,950831,Ryan Johansson,Ryan Johansson,matched
85822,215179,Florian Hübner,Florian Hübner,matched
148096,316684,Florian Stritzel,Florian Stritzel,matched
477274,1180316,Nikolas Agrafiotis,Nikolas Agrafiotis,matched
742548,1273493,Donny Bogicevic,Donny Bogicevic,matched
447883,1098343,Ole Wohlers,Ole Wohlers,matched
264633,690316,Gino Fechner,Gino Fechner,matched
821902,1435391,David Suárez,David Suárez,matched
435798,1072223,Fabian Greilinger,Fabian Greilinger,matched
500771,1204798,Robin Kalem,Robin Kalem,matched
287220,1045830,Jakob Lewald,Jakob Lewald,matched
729177,1619434,Milad Nejad,Milad Nejad,matched
337243,657848,Orestis Kiomourtzoglou,Orestis Kiomourtzoglou,matched
557205,1132300,Simon Stehle,Simon Stehle,matched
237193,874002,Ivan Franjic,Ivan Franjic,matched
315235,740595,Thijmen Nijhuis,Thijmen Nijhuis,matched
282104,687869,Niklas Hoffmann,Niklas Hoffmann,matched
601933,1307883,Janne Sietan,Janne Sietan,matched
282577,664552,Lukas Klünter,Lukas Klünter,matched
415235,953179,Samuel Abifade,Samuel Abifade,matched
562455,715879,Diego Michel,Diego Michel,matched
247380,660897,Arianit Ferati,Arianit Ferati,matched
317747,950675,Tim Sechelmann,Tim Sechelmann,matched
380078,1002665,Julian Rieckmann,Julian Rieckmann,matched
103064,293560,Terrence Boyd,Terrence Boyd,matched
453594,783618,Adama Diakhaby,Adama Diakhaby,matched
388316,773933,Maximilian Thalhammer,Maximilian Thalhammer,matched
606720,1431263,Masca,Masca,matched
894687,1645655,Lovis Bierschenk,Lovis Bierschenk,matched
553939,1410624,Kushtrim Asallari,Kushtrim Asallari,matched
601686,1321148,Sascha Voelcke,Sascha Voelcke,matched
316760,736173,Vincent Thill,Vincent Thill,matched
625112,1348298,Emmanuel Iwe,Emmanuel Iwe,matched
384740,982333,Lucien Hawryluk,Lucien Hawryluk,matched
1272761,1700192,Djayson Mendes,Djayson Mendes,matched
604328,1562644,Seyhan Yigit,Seyhan Yigit,matched
1322134,1894390,Nolan Muteba N'Tumba,Nolan Muteba N'Tumba,matched
1278889,1843904,Denis Kryeziu,Denis Kryeziu,matched
278459,776085,Simon Lorenz,Simon Lorenz,matched
380285,967474,Jonas Scholz,Jonas Scholz,matched
207578,659093,Max Besuschkow,Max Besuschkow,matched
612130,1246508,Fredrik Carlsen,Fredrik Carlsen,matched
192191,862943,Kai Eisele,Kai Eisele,matched
520983,1093779,Linus Rosenlöcher,Linus Rosenlöcher,matched
918447,1645589,Max Plath,Max Plath,matched
158805,641188,Yannick Deichmann,Yannick Deichmann,matched
829257,1512703,Dennis Kaygin,Dennis Kaygin,matched
153628,620578,Lukas Fröde,Lukas Fröde,matched
465537,915157,Georgios Antzoulas,Georgios Antzoulas,matched
521933,879641,Julian Kügel,Julian Kügel,matched
666169,1418092,Mattis Hoppe,Mattis Hoppe,matched
601917,1279554,Markus Ponath,Markus Ponath,matched
924784,1614438,Ognjen Drakulic,Ognjen Drakulic,matched
572125,1342925,Jasper Maljojoki,Jasper Maljojoki,matched
924778,1640965,Emre Gül,Emre Gül,matched
1130286,1789436,David Klein,David Klein,matched
924780,1690573,Berkay Öztürk,Berkay Öztürk,matched
562388,928624,Mason Toye,Mason Toye,matched
897431,1529522,Leopold Wurm,Leopold Wurm,matched
379979,767797,Adrian Fein,Adrian Fein,matched
453786,1184443,Felix Strauß,Felix Strauss,matched
653186,1520556,Benedikt Bauer,Benedikt Bauer,matched
729165,1437228,Nicolas Oliveira,Nicolas Oliveira,matched
93552,435683,Benedikt Saller,Benedikt Saller,matched
327631,724227,Malte Karbstein,Malte Karbstein,matched
918130,1396332,John Posselt,John Posselt,matched
184204,634260,Christian Kühlwetter,Christian Kühlwetter,matched
526076,1074983,Leo Mätzler,Leo Mätzler,matched
157927,357808,Sebastian Stolze,Sebastian Stolze,matched
455933,1185920,Oscar Schönfelder,Oscar Schönfelder,matched
280589,788495,Robin Ziegele,Robin Ziegele,matched
451243,1083802,Lucas Hermes,Lucas Hermes,matched
729097,1463296,Philipp Müller,Philipp Müller,matched
388003,1185570,Phil Beckhoff,Phil Beckhoff,matched
93563,435667,Andreas Geipl,Andreas Geipl,matched
283871,814858,Florian Dietz,Florian Dietz,matched
228975,433513,Julian Pollersbeck,Julian Pollersbeck,matched
519412,1284106,Sascha Hingerl,Sascha Hingerl,matched
1051173,1793556,Jakob Seibold,Jakob Seibold,matched
259135,693728,Nicolás Sessa,Nicolas Sessa,matched
842217,1663161,Christopher Olivier,Christopher Olivier,matched
161062,458813,Dominik Nothnagel,Dominik Nothnagel,matched
989613,1663160,Maximilian Herwerth,Maximilian Herwerth,matched
1031773,1684429,Lauri Penna,Lauri Penna,matched
913429,1552926,Tim Köhler,Tim Köhler,matched
270164,748503,Alexander Groiß,Alexander Groiß,matched
960462,1793638,Yanik Spalt,Yanik Spalt,matched
679681,1385152,Michael Glück,Michael Glück,matched
957629,1689724,Julian Lüers,Julian Lüers,matched
455662,1198557,Abdenego Nankishi,Abdenego Nankishi,matched
846302,1429906,Jordan Majchrzak,Jordan Majchrzak,matched
197969,957446,Dominik Draband,Dominik Draband,matched
1045963,1689730,Kenny Freßle,Kenny Freßle,matched
800952,1663155,Alexandre Azevedo,Alexandre Azevedo,matched
795760,1663345,Paulo Fritschi,Paulo Fritschi,matched
284346,787484,Phillip Menzel,Phillip Menzel,matched
191359,620154,Florian Pick,Florian Pick,matched
692020,1426063,Lasse Wilhelm,Lasse Wilhelm,matched
93753,659055,Calogero Rizzuto,Calogero Rizzuto,matched
397677,1130808,Niko Bretschneider,Niko Bretschneider,matched
284058,748861,Kai Brünker,Kai Brünker,matched
283286,725729,Robin Bormuth,Robin Bormuth,matched
662808,1282946,Rodney Elongo-Yombo,Rodney Elongo-Yombo,matched
296897,822016,Patrick Sontheimer,Patrick Sontheimer,matched
638631,1317322,Elijah Krahn,Elijah Krahn,matched
196146,631149,Kasim Rabihic,Kasim Rabihic,matched
339151,978197,Sven Sonnenberg,Sven Sonnenberg,matched
187496,602524,Maurice Multhaup,Maurice Multhaup,matched
690425,1282970,Philip Fahrner,Philip Fahrner,matched
152431,560386,Dominic Baumann,Dominic Baumann,matched
718232,1173789,Abdoulaye Kamara,Abdoulaye Kamara,matched
85960,208219,Manuel Zeitz,Manuel Zeitz,matched
333516,672677,Sebastian Vasiliadis,Sebastian Vasiliadis,matched
124416,519246,Patrick Schmidt,Patrick Schmidt,matched
561647,971403,Kaan Çaliskaner,Kaan Caliskaner,matched
236467,923244,Till Schumacher,Till Schumacher,matched
833372,1442533,Amine Naïfi,Amine Naïfi,matched
228953,560959,Richard Neudecker,Richard Neudecker,matched
284967,855128,Besfort Kolgeci,Besfort Kolgeci,matched
202957,586178,Julius Düker,Julius Düker,matched
451451,885332,Johann Berger,Johann Berger,matched
346332,1035311,Nassim Boujellab,Nassim Boujellab,matched
315334,887941,Semi Belkahia,Semi Belkahia,matched
595096,1409696,Marko Ilic,Marko Ilic,matched
477578,1347936,Leon Sommer,Leon Sommer,matched
925487,1398383,Tom Opitz,Tom Opitz,matched
674142,1195447,Robin Müller,Robin Müller,matched
459686,1321597,Emre Aytun,Emre Aytun,matched
334587,675111,Noah Plume,Noah Plume,matched
595093,970598,Lorenzo Paldino,Lorenzo Paldino,matched
393210,1286177,Dominic Minz,Dominic Minz,matched
607368,1469835,Dennis Duah,Dennis Duah,matched
325155,786128,Jannik Oltrogge,Jannik Oltrogge,matched
235403,952360,Norman Quindt,Norman Quindt,matched
528855,1185142,Julian Rufidis,Julian Rufidis,matched
388980,1185133,Marco Schleef,Marco Schleef,matched
934432,1519874,Jonah Busse,Jonah Busse,matched
807209,1614918,Irichad Behrens,Irichad Behrens,matched
153910,643145,Yannik Jaeschke,Yannik Jaeschke,matched
263237,861672,Timo Friedrich,Timo Friedrich,matched
1093438,1921884,Temilola Awoyale,Temilola Awoyale,matched
9247,1185140,Alexander Dlugaiczyk,Alexander Dlugaiczyk,matched
1138641,1794963,Leon Svitek,Leon Svitek,matched
798091,1406447,Tristan Zobel,Tristan Zobel,matched
373178,659081,Ryan Malone,Ryan Malone,matched
535650,1185204,Pascal Fallmann,Pascal Fallmann,matched
39096,95086,Martin Männel,Martin Männel,matched
675870,1382721,Eric Uhlmann,Eric Uhlmann,matched
196421,458615,Marvin Stefaniak,Marvin Stefaniak,matched
405683,1177733,Jonah Fabisch,Jonah Fabisch,matched
639577,1397327,Jannic Ehlers,Jannic Ehlers,matched
906540,1474178,Mika Clausen,Mika Clausen,matched
337083,846008,Erik Majetschak,Erik Majetschak,matched
238119,817819,Anthony Barylla,Anthony Barylla,matched
154853,614959,Marcel Bär,Marcel Bär,matched
469814,931614,Julian Guttau,Julian Guttau,matched
161079,571545,Julian Günther-Schmidt,Julian Günther-Schmidt,matched
254934,427059,Jamilu Collins,Jamilu Collins,matched
528555,1079120,Moritz Seiffert,Moritz Seiffert,matched
795909,1530794,Luan Simnica,Luan Simnica,matched
573978,1395498,Maximilian Schmid,Maximilian Schmid,matched
914998,1520041,Max Uhlig,Max Uhlig,matched
925560,1661180,Maxim Burghardt,Maxim Burghardt,matched
324856,941217,Dennis Dressel,Dennis Dressel,matched
76630,554961,Dennis Chessa,Dennis Chessa,matched
483974,942374,Leon Dajaku,Leon Dajaku,matched
119572,623633,Marcel Seegert,Marcel Seegert,matched
379989,939399,Jonathan Meier,Jonathan Meier,matched
390894,951778,Elias Löder,Elias Löder,matched
115210,637939,Lucas Röser,Lucas Röser,matched
195781,458647,Mirnes Pepic,Mirnes Pepic,matched
442308,1293028,Lukas Mazagg,Lukas Mazagg,matched
324660,738061,André Becker,André Becker,matched
389079,1019565,Jan Boller,Jan Boller,matched
431848,951913,Jonas David,Jonas David,matched
574195,1383072,Abu-Bekir El-Zein,Abu-Bekir Ömer El-Zein,matched
613154,1347712,Ben Westermeier,Ben Westermeier,matched
443746,1047656,Luis Görlich,Luis Görlich,matched
1276873,1820614,Felix Vater,Felix Vater,matched
1434320,1816765,Evan Brown,Evan Brown,matched
161060,423811,Streli Mamba,Streli Mamba,matched
528577,1347367,Ensar Aksakal,Ensar Aksakal,matched
654872,1280024,Marcel Wenig,Marcel Wenig,matched
227093,782365,Dominik Martinovic,Dominik Martinovic,matched
114441,673293,Johannes Reichert,Johannes Reichert,matched
620835,1553425,Sadin Crnovrsanin,Sadin Crnovrsanin,matched
642636,1086000,Nikky Goguadze,Nikky Goguadze,matched
594725,1110859,Dejan Galjen,Dejan Galjen,matched
313178,764470,Nicklas Shipnoski,Nicklas Shipnoski,matched
480692,860914,Luis Díaz,Luis Díaz,matched
132098,194165,Harry Kane,Harry Kane,matched
566723,1029063,Michael Olise,Michael Olise,matched
161056,460632,Joshua Kimmich,Joshua Kimmich,matched
196357,469700,Jonathan Tah,Jonathan Tah,matched
223967,526827,Konrad Laimer,Konrad Laimer,matched
483046,950824,Josip Stanisic,Josip Stanisic,matched
17259,27299,Manuel Neuer,Manuel Neuer,matched
344695,658554,Dayot Upamecano,Dayot Upamecano,matched
503482,828159,Min-Jae Kim,Min-jae Kim,matched
792380,1473580,Aleksandar Pavlovic,Aleksandar Pavlovic,matched
822959,1286183,Tom Bischof,Tom Bischof,matched
1075147,1737700,Lennart Karl,Lennart Karl,matched
159471,385437,Serge Gnabry,Serge Gnabry,matched
607720,1285872,Jonas Urbig,Jonas Urbig,matched
353892,851626,Hiroki Ito,Hiroki Ito,matched
580195,1156141,Jamal Musiala,Jamal Musiala,matched
424204,751202,Alphonso Davies,Alphonso Davies,matched
40680,94841,Sven Ulreich,Sven Ulreich,matched
810895,1393439,Eliesse Ben Seghir,Eliesse Ben Seghir,matched
261504,642551,Aleix García,Aleix García,matched
564545,789914,Edmond Tapsoba,Edmond Tapsoba,matched
159088,411851,Robert Andrich,Robert Andrich,matched
632349,1107620,Jarell Quansah,Jarell Quansah,matched
125714,330643,Mark Flekken,Mark Flekken,matched
242086,540097,Patrik Schick,Patrik Schick,matched
905011,1457626,Ibrahim Maza,Ibrahim Maza,matched
730581,1119461,Loic Badé,Loïc Badé,matched
467437,1126058,Malik Tillman,Malik Tillman,matched
718303,1251666,Ernest Poku,Ernest Poku,matched
1364454,1705081,Christian Kofane,Christian Kofane,matched
977464,1353457,Arthur,Arthur,matched
401578,693599,Exequiel Palacios,Exequiel Palacios,matched
7161,331542,Jonas Hofmann,Jonas Hofmann,matched
664708,1199959,Equi Fernández,Equi Fernández,matched
81173,278814,Janis Blaswich,Janis Blaswich,matched
340322,877700,Nathan Tella,Nathan Tella,matched
442891,770136,Martin Terrier,Martin Terrier,matched
221316,359193,Lucas Vázquez,Lucas Vázquez,matched
1077670,1695701,Axel Tape,Axel Tape,matched
696164,1381853,Tim Oermann,Tim Oermann,matched
133731,423624,Patrick Mainka,Patrick Mainka,matched
192169,642534,Jonas Föhrenbach,Jonas Föhrenbach,matched
251302,674499,Niklas Dorsch,Niklas Dorsch,matched
581357,1002673,Jan Schöppner,Jan Schöppner,matched
471055,956913,Marvin Pieringer,Marvin Pieringer,matched
227084,667788,Benedikt Gimber,Benedikt Gimber,matched
530173,1193815,Julian Niehues,Julian Niehues,matched
283497,557805,Mathias Honsak,Mathias Honsak,matched
187097,674242,Budu Zivzivadze,Budu Zivzivadze,matched
337092,1173779,Tim Siersleben,Tim Siersleben,matched
273669,794393,Adrian Beck,Adrian Beck,matched
809498,1222166,Luca Kerber,Luca Kerber,matched
307183,673432,Sirlord Conteh,Sirlord Conteh,matched
545332,945935,Mikkel Kaufmann,Mikkel Kaufmann,matched
530298,1000011,Christian Conteh,Christian Conteh,matched
806948,1330848,Frank Feller,Frank Feller,matched
921431,1799711,Adam Kölle,Adam Kölle,matched
107219,554979,Leart Paçarada,Leart Paçarada,matched
624462,1167181,Jan Reichert,Jan Reichert,matched
324861,801003,Julian Justvan,Julian Justvan,matched
935828,1313923,Mohamed Alì Zoma,Mohamed Alì Zoma,matched
334999,1039779,Finn Becker,Finn Becker,matched
592878,1062357,Adam Markhiev,Adam Markhiev,matched
745601,1514591,Rafael Lubach,Rafael Lubach,matched
69392,184556,Adriano Grimaldi,Adriano Grimaldi,matched
924115,1531531,Tim Janisch,Tim Janisch,matched
1143097,1729588,Piet Scobel,Piet Scobel,matched
944335,1709764,Justin von der Hitz,Justin von der Hitz,matched
623119,1339293,Styopa Mkrtchyan,Styopa Mkrtchyan,matched
1152976,1755330,Eric Porstner,Eric Porstner,matched
82361,448805,Christian Mathenia,Christian Mathenia,matched
938946,1793491,Ayoub Chaikhoun,Ayoub Chaikhoun,matched
1361784,1899554,Marko Soldic,Marko Soldic,matched
596813,1185266,Dickson Abiama,Dickson Abiama,matched
343374,1001334,José-Enrique Ríos Alonso,José Enrique Ríos Alonso,matched
288650,1185750,Jakob Golz,Jakob Golz,matched
392714,959283,Lucas Brumme,Lucas Brumme,matched
57598,571536,Klaus Gjasula,Klaus Gjasula,matched
318379,658831,Ruben Reisig,Ruben Reisig,matched
600414,1388062,Ramien Safi,Ramien Safi,matched
594747,1445075,Jannik Hofmann,Jannik Hofmann,matched
554285,1380471,Michael Kostka,Michael Kostka,matched
522084,1050816,Marvin Obuz,Marvin Obuz,matched
385701,1052910,Marek Janssen,Marek Janssen,matched
553449,1319716,Felix Wienand,Felix Wienand,matched
922877,1585495,Ben Hüning,Ben Hüning,matched
891948,1614437,Gianluca Swajkowski,Gianluca Swajkowski,matched
307845,954188,Marvin Rittmüller,Marvin Rittmüller,matched
460845,1089910,Siemen Voet,Siemen Voet,matched
236986,658797,Thore Jacobsen,Thore Jacobsen,matched
82009,212893,Kevin Volland,Kevin Volland,matched
202838,402169,Max Reinthaler,Max Reinthaler,matched
253702,787077,Tim Danhof,Tim Danhof,matched
258108,522652,Philipp Maier,Philipp Maier,matched
152963,276760,Florian Niederlechner,Florian Niederlechner,matched
401940,1276637,Raphael Schifferl,Raphael Schifferl,matched
236543,636477,Patrick Hobsch,Patrick Hobsch,matched
342165,1052911,David Philipp,David Philipp,matched
354069,861775,Manuel Pfeifer,Manuel Pfeifer,matched
455664,883263,Steinkötter,Justin Steinkötter,matched
192300,531014,Max Christiansen,Max Christiansen,matched
254944,622415,Tunay Deniz,Tunay Deniz,matched
679686,1481063,Damjan Dordan,Damjan Dordan,matched
233420,658799,Jesper Verlaat,Jesper Verlaat,matched
1045928,1707822,Lasse Faßmann,Lasse Faßmann,matched
1014942,1707824,Samuel Althaus,Samuel Althaus,matched
40520,208236,René Vollath,René Vollath,matched
171352,634854,Morris Schröter,Morris Schröter,matched
907299,1894327,Noah Klose,Noah Klose,matched
362184,906921,David Otto,David Otto,matched
106265,289486,Simon Handle,Simon Handle,matched
224513,784441,Lars Dietz,Lars Dietz,matched
786824,1517121,Tim Kloss,Tim Kloss,matched
447864,1187387,Lucas Wolf,Lucas Wolf,matched
598576,1257511,Meiko Sponsel,Meiko Sponsel,matched
606301,1285816,Arne Schulz,Arne Schulz,matched
524566,1080764,Tobias Eisenhuth,Tobias Eisenhuth,matched
696018,1330855,Florian Engelhardt,Florian Engelhardt,matched
696165,1220576,Verthomy Boboy,Verthomy Boboy,matched
278324,862327,Christoph Greger,Christoph Greger,matched
796187,1529395,Yannick Tonye,Yannick Tonye,matched
472247,1288444,Robin Velasco,Robin Velasco,matched
405393,941494,Soichiro Kozuki,Soichiro Kozuki,matched
314214,775269,Taylan Duman,Taylan Duman,matched
820819,1515982,Marco Pledl,Marco Pledl,matched
397698,1093275,David Richter,David Richter,matched
810304,1542031,Joel Vega Zambrano,Joel Vega Zambrano,matched
808664,1672559,Florian Micheler,Florian Micheler,matched
553539,1457957,Valentin Lässig,Valentin Lässig,matched
569032,1457759,Florian Bähr,Florian Bähr,matched
753466,1583680,Ben Opoku,Ben Opoku Labes,matched
698336,1279553,Arian Llugiqi,Arian Llugiqi,matched
923610,1683643,Diren Dagdeviren,Diren Dağdeviren,matched
1291755,1810393,Oskar Hencke,Oskar Hencke,matched
765079,1789422,Alex Honajzer,Alex Honajzer,matched
1037925,1732541,Yannick Onohiol,Yannick Onohiol,matched
1009430,1789418,Tiago Poller,Tiago Poller,matched
932175,1690592,Denis Donkor,Denis Donkor,matched
578900,1690100,Blessing Makanda,Blessing Makanda,matched
923608,1672546,Lars Strobl,Lars Strobl,matched
824235,1721076,Melvin Onos,Melvin Onos,matched
897485,1789423,Leonard Krasniqi,Leonard Krasniqi,matched
89650,237542,Johannes Geis,Johannes Geis,matched
347722,962044,Toni Stahl,Toni Stahl,matched
692338,1382720,Devin Angleberger,Devin Angleberger,matched
286389,682381,Joshua Endres,Joshua Endres,matched
222225,876793,Pius Krätschmer,Pius Krätschmer,matched
602795,1398971,Luca Trslic,Luca Trslic,matched
72505,331527,Thomas Meissner,Thomas Meißner,matched
58382,638096,Kristian Böhnlein,Kristian Böhnlein,matched
296429,767794,Manuel Wintzheimer,Manuel Wintzheimer,matched
1178033,1666101,Lauris Bausenwein,Lauris Bausenwein,matched
337043,916963,Leonard Langhans,Leonard Langhans,matched
392139,1129460,Sebastian Müller,Sebastian Müller,matched
520910,1093738,Tim Latteier,Tim Latteier,matched
1146759,1789398,Nick Doktorczyk,Nick Doktorczyk,matched
468688,1559628,Maximilian Weisbäcker,Maximilian Weisbäcker,matched
570553,1195106,Erik Shuranov,Erik Shuranov,matched
226300,942033,Michael Dellinger,Michael Dellinger,matched
923141,1790504,Nikolaos Vakouftsis,Nikolaos Vakouftsis,matched
335920,948981,Nils Piwernetz,Nils Piwernetz,matched
223668,629056,Kevin Fery,Kevin Fery,matched
692103,1421541,Fabio Luque Notaro,Fabio Luque-Notaro,matched
924773,1645588,Mustafa Özden,Mustafa Özden,matched
1352718,1789401,Altin Ibisi,Altin Ibisi,matched
897482,1797148,Soufian Gouram,Soufian Gouram,matched
816590,1631364,Uche Obiogumu,Uche Obiogumu,matched
370791,664226,Pablo Rosario,Pablo Rosario,matched
991800,1458757,Luis Guilherme,Luís Guilherme,matched
666971,1107257,Souleymane Faye,Souleymane Faye,matched
303259,688876,Dodi Lukébakio,Dodi Lukébakio,matched
826719,1286192,Fally Mayulu,Fally Mayulu,matched
340853,683761,Javi Sánchez,Javi Sánchez,matched
973249,1611573,Jalen Blesa,Jalen Blesa,matched
633056,1204394,Tamás Nikitscher,Tamás Nikitscher,matched
782889,1356804,Tom Moustier,Tom Moustier,matched
707350,1413926,Max Scholze,Max Scholze,matched
905013,1659369,Chilohem Onuoha,Chilohem Onuoha,matched
344415,949666,Dominik Steczyk,Dominik Steczyk,matched
1069037,1695868,Mohamed Ali Diadie,Mohamed Ali Diadié,matched
455127,774237,Willum Willumsson,Willum Thór Willumsson,matched
670116,1162969,Isak Hansen-Aarøen,Isak Hansen-Aarøen,matched
1045344,1684420,Artem Stepanov,Artem Stepanov,matched
332530,635947,Alfons Sampsted,Alfons Sampsted,matched
442885,919739,Kay Tejan,Kay Tejan,matched
227039,320672,Younes Namli,Younes Namli,matched
182574,402975,Jean-Paul Boëtius,Jean-Paul Boëtius,matched
659518,1284071,Félix Lemaréchal,Félix Lemaréchal,matched
1054839,1484998,Mamadou Diakhon,Mamadou Diakhon,matched
1314671,1700518,Bernard Nguene,Bernard Nguene,matched
1010044,1688523,Dylan Ourega,Dylan Ourega,matched
707063,1473606,Malick Mbaye,Malick Mbaye,matched
1027253,1508706,Geoffrey Kondo,Geoffrey Kondo,matched
884822,1486535,Charles Herrmann,Charles Herrmann,matched
1225835,1667969,Andre Garcia,Andre Garcia,matched
654257,1404384,Ryan Don Naderi,Ryan Naderi,matched
476219,846970,Bojan Miovski,Bojan Miovski,matched
274461,637753,Felix Passlack,Felix Passlack,matched
491578,863652,Neil Farrugia,Neil Farrugia,matched
282240,504176,Bradley Halliday,Brad Halliday,nickname
396286,923281,Ethan Hamilton,Ethan Hamilton,matched
360661,620134,Kevin Nisbet,Kevin Nisbet,matched
434981,748529,Toyosi Olusanya,Toyosi Olusanya,matched
562409,859569,Afeez Aremu,Afeez Aremu,matched
726859,1113699,Joe Hugill,Joe Hugill,matched
794437,1184217,Jake Young,Jake Young,matched
482801,1104042,Ruari Paton,Ruari Paton,matched
457221,787440,Lucas Robertone,Lucas Robertone,matched
76163,270774,Franco Vázquez,Franco Vázquez,matched
360412,766159,Jordy Caicedo,Jordy Caicedo,matched
975689,1433070,Óscar Cortés,Óscar Cortés,matched
950593,1335154,Damián Pizarro,Damián Pizarro,matched
787618,1347567,Valentín Carboni,Valentín Carboni,matched
1052439,1443464,Kendry Páez,Kendry Páez,matched
146795,230916,Ryan Fraser,Ryan Fraser,matched
822958,1562902,Tim Drexler,Tim Drexler,matched
441987,1076655,Leon Klassen,Leon Klassen,matched
588989,1023030,Jhon Arias,Jhon Arias,matched
444523,766435,Lucas Paquetá,Lucas Paquetá,matched
664743,1311887,Stipe Vulikic,Stipe Vulikic,matched
148372,308516,Nicolae Stanciu,Nicolae Stanciu,matched
606849,949483,Makhtar Gueye,Makhtar Gueye,matched
350197,639454,Aitor Córdoba,Aitor Córdoba,matched
238716,512723,Théo Pellenard,Théo Pellenard,matched
1507701,1130732,Daniel Mateo Mosquera,Daniel Mosquera,matched
337946,573782,Jairo Izquierdo,Jairo Izquierdo,matched
531829,850006,Daniel Escriche,Dani Escriche,nickname
265033,545026,Nikolas Ioannou,Nikolas Ioannou,matched
430310,863359,Andy Irving,Andrew Irving,nickname
181614,724948,Ondrej Karafiát,Ondrej Karafiat,matched
651735,1025560,Magnus Knudsen,Magnus Knudsen,matched
97241,161937,Victor Pálsson,Victor Pálsson,matched
46001,94550,Moussa Sissoko,Moussa Sissoko,matched
337725,776940,Christian Kouamé,Christian Kouamé,matched
398808,797758,Martin Hongla,Martin Hongla,matched
418652,1133599,Leroy Abanda,Leroy Abanda,matched
296397,822788,Arne Maier,Arne Maier,matched
684062,1078166,Hiang'a Mbock,Hianga'a Mbock,matched
939272,1426548,Maleace Asamoah,Maleace Asamoah,matched
746613,1286941,Will Jarvis,Will Jarvis,matched
85935,175947,James McClean,James McClean,matched
490854,825825,Barry Cotter,Barry Cotter,matched
746115,1554645,Connor Barratt,Connor Barratt,matched
494933,939779,Maï Traoré,Maï Traoré,matched
1091010,1447053,Will Johnson,Will Johnson,matched
683670,1064852,Darragh Power,Darragh Power,matched
983810,1345315,Senan Mullen,Senan Mullen,matched
515024,1255795,Mads Borchers,Mads Borchers,matched
308133,628310,Ado Onaiwu,Ado Onaiwu,matched
158057,441441,Ager Aketxe,Ager Aketxe,matched
546225,1065453,Mohamed Bouchouari,Mohamed Bouchouari,matched
542842,935552,Magnus Westergaard,Magnus Westergaard,matched
1001785,1562396,Yvan Ikia Dimi,Yvan Ikia Dimi,matched
341277,906919,Sergio Lozano,Sergio Lozano,matched
342989,1111074,Levente Szabó,Levente Szabó,matched
386967,934862,Przemyslaw Wisniewski,Przemysław Wiśniewski,matched
396324,923762,Carlos Isaac,Carlos Isaac,matched
1061721,1802529,Indrit Mavraj,Indrit Mavraj,matched
572326,987142,Christopher Wooh,Christopher Wooh,matched
804933,1245978,Jacques Siwe,Jacques Siwe,matched
426326,1034755,Anderson Arroyo,Anderson Arroyo,matched
1305235,1671488,Josué Tiendrébéogo,Josué Tiendrébéogo,matched
566155,1037142,Kornél Szucs,Kornél Szűcs,matched
60957,178833,Sebastian Polter,Sebastian Polter,matched
686462,1399589,Jakob Tranziska,Jakob Tranziska,matched
412046,1130568,Iván Chapela,Iván Chapela,matched
1262787,1825995,Hugo Burcio,Hugo Burcio,matched
707279,1226783,Hugo González,Hugo González,matched
962124,1586554,Daniel Yáñez,Daniel Yáñez,matched
1249340,1695966,Alassane Diatta,Alassane Diatta,matched
741253,1367926,Javier Boñar,Javier Boñar,matched
945500,1553404,Rayane Belaid,Rayane Belaid,matched
945763,1531100,Dani Martinez,Dani Martinez,matched
1179482,1586390,Iker Luque,Iker Luque,matched
82503,231821,Aridane Hernández,Aridane Hernández,matched
396339,963857,Andy Escudero,Andy Escudero,matched
156817,573742,Jon García,Jon García,matched
213875,303935,Juanto Ortuño,Juanto Ortuño,matched
199341,616541,Óscar Gil,Óscar Gil,matched
341396,568543,Théo Valls,Théo Valls,matched
1111831,1690099,Iván Corralejo,Iván Corralejo,matched
1226629,1988605,Alejandro Galdeano,Alejandro Galdeano,matched
1025582,1682236,Juan Arango,Juan Arango,matched
668212,1319968,Rubén Iranzo,Rubén Iranzo,matched
875306,1301989,Álvaro Leiva,Álvaro Leiva,matched
900199,1332456,Gustav Lindgren,Gustav Lindgren,matched
375391,748381,Joel Asoro,Joel Asoro,matched
244223,763228,Curtis Edwards,Curtis Edwards,matched
622722,1282581,Colin Kleine-Bekel,Colin Kleine-Bekel,matched
928323,1387741,Ibrahim Salah,Ibrahim Salah,matched
507344,949647,Becir Omeragic,Becir Omeragic,matched
406008,789596,Yan Valery,Yan Valery,matched
803401,1430830,Ryan Andrews,Ryan Andrews,matched
395522,958232,Samuel Essende,Samuel Essende,matched
651269,1057426,Armin Gigovic,Armin Gigovic,matched
800249,1523244,Loïc Socka,Loïc Socka Bongué,matched
986288,1524069,Sidiki Cherif,Sidiki Chérif,matched
465830,800609,Mattéo Guendouzi,Mattéo Guendouzi,matched
683895,1114979,Emmanuel Agbadou,Emmanuel Agbadou,matched
354482,643635,Amir Murillo,Amir Murillo,matched
242063,623540,Václav Cerny,Vaclav Cerny,matched
810100,1487872,Taylan Bulut,Taylan Bulut,matched
672803,1282765,Bertug Yildirim,Bertuğ Yıldırım,matched
618425,1072913,Tanguy Coulibaly,Tanguy Coulibaly,matched
462086,983047,Elayis Tavsan,Elayis Tavsan,matched
669000,1245179,Habib Keïta,Habib Keïta,matched
256361,585237,Daniele Verde,Daniele Verde,matched
199927,422719,Davide Biraschi,Davide Biraschi,matched
776579,1396267,Kenneth Obinna Mamah,Kenneth Mamah,matched
572271,1021593,Xeber Alkain,Xeber Alkain,matched
173750,281020,Nouha Dicko,Nouha Dicko,matched
1000301,1448104,Ethan Kohler,Ethan Kohler,matched
242284,471274,Ethan Horvath,Ethan Horvath,matched
353479,629065,Tyler Miller,Tyler Miller,matched
221025,361770,André Gomes,André Gomes,matched
393325,848011,Josh Sargent,Josh Sargent,matched
568696,950967,Cheikh Sabaly,Cheikh Sabaly,matched
170527,450980,Timo Werner,Timo Werner,matched
691786,1092680,Morgan Guilavogui,Morgan Guilavogui,matched
1115018,1448115,Tola Showunmi,Tola Showunmi,matched
258888,759820,Kyle Scott,Kyle Scott,matched
456535,830161,Agustín Rogel,Agustín Rogel,matched
264116,441883,Gastón Pereiro,Gastón Pereiro,matched
