player_name,club,npxG_per_90,xAG_per_90,shots_on_target_per_90,prog_passes_proxy_per_90,successful_takeons_per_90,pass_completion_pct,tackles_interceptions_per_90,aerial_duels_pct,blocks_per_90,ball_recoveries_per_90,fouls_committed_per_90
Neto,Arsenal,0.0,0.0,0.0,1.5,0.0,61.11,0.0,0.0,0.0,7.5,0.0
Mohamed Salah,Liverpool FC,0.4928,0.24,1.63,12.55,1.55,73.85,0.8,39.13,0.0,2.69,0.67
Cole Palmer,Chelsea,0.38079999999999997,0.26,1.44,14.23,1.44,83.13,1.27,22.22,0.0,2.99,0.42
Mark Travers,Bournemouth,0.0,0.0,0.0,1.8,0.0,62.83,0.0,100.0,0.0,7.0,0.0
Bruno Fernandes,Manchester United,0.2298,0.24,0.86,19.26,0.83,81.53,3.27,44.23,0.0,6.34,0.95
Matheus Cunha,Wolverhampton,0.3,0.18,1.52,10.42,2.11,79.35,1.9100000000000001,30.95,0.0,4.33,1.45
Bukayo Saka,Arsenal,0.32099999999999995,0.4,1.19,16.86,2.13,84.28,1.66,33.33,0.0,3.63,0.78
Bryan Mbeumo,Brentford,0.19519999999999998,0.24,1.08,11.1,1.37,73.9,1.6600000000000001,31.82,0.0,4.11,0.66
Antonín Kinský,Tottenham Hotspur,0.0,0.0,0.0,0.33,0.0,72.63,0.5,100.0,0.0,9.17,0.0
Amad Diallo,Manchester United,0.22,0.2,0.8,13.92,1.93,85.95,2.31,40.0,0.0,5.14,0.99
Kevin De Bruyne,Manchester City,0.27,0.35,0.94,24.82,0.68,82.98,1.26,23.81,0.0,3.36,0.89
Mark Flekken,Brentford,0.0,0.0,0.0,2.28,0.03,71.79,0.11,100.0,0.0,8.71,0.0
Youri Tielemans,Aston Villa,0.0766,0.17,0.39,14.01,0.92,85.98,3.1700000000000004,57.14,0.0,4.3,1.22
Joško Gvardiol,Manchester City,0.13,0.08,0.33,19.68,0.69,91.38,2.8,56.25,0.0,3.76,0.44
Declan Rice,Arsenal,0.11,0.18,0.48,15.95,0.44,89.84,2.4699999999999998,59.38,0.0,4.96,0.67
Omar Marmoush,Manchester City,0.42,0.16,1.29,9.91,1.51,84.27,1.43,31.25,0.0,2.8,1.13
Savinho,Manchester City,0.25,0.31,1.07,20.9,2.64,87.29,1.48,33.33,0.0,4.02,0.86
Martin Ødegaard,Arsenal,0.1588,0.26,0.66,23.66,0.97,86.9,0.96,53.33,0.0,3.75,0.46
Enzo Fernández,Chelsea,0.19,0.19,0.61,15.24,0.79,83.75,2.39,31.25,0.0,4.77,1.59
James Maddison,Tottenham Hotspur,0.29,0.29,0.84,19.62,1.63,86.75,2.12,38.46,0.0,3.75,1.58
Mateo Kovačić,Manchester City,0.08,0.13,0.49,26.06,0.9,92.76,3.79,52.63,0.0,4.65,0.98
James Tarkowski,Everton,0.04,0.07,0.12,4.09,0.15,81.6,3.23,74.64,0.0,3.02,1.08
Brandon Austin,Tottenham Hotspur,0.0,0.0,0.0,0.0,0.0,66.67,0.0,100.0,0.0,10.0,0.0
Jérémy Doku,Manchester City,0.08,0.22,0.53,22.43,6.28,84.43,2.0500000000000003,0.0,0.0,3.7,0.59
Alexander Isak,Newcastle United,0.5586,0.12,1.5,8.32,1.37,77.05,0.49,32.53,0.0,1.79,0.88
Eberechi Eze,Crystal Palace,0.3054,0.16,1.0,8.27,2.32,81.51,1.73,15.91,0.0,5.05,0.45
Virgil van Dijk,Liverpool FC,0.06,0.03,0.22,10.68,0.08,91.68,2.54,72.12,0.0,3.11,0.46
Alex Iwobi,Fulham,0.13,0.21,0.87,15.27,1.44,80.01,1.74,18.42,0.0,4.21,0.57
Erling Haaland,Manchester City,0.6185999999999999,0.07,1.97,4.1,0.43,67.47,0.52,52.78,0.0,1.12,0.79
Son Heung-min,Tottenham Hotspur,0.2398,0.22,1.11,15.06,1.23,84.03,0.9299999999999999,33.33,0.0,3.62,0.26
Trent Alexander-Arnold,Liverpool FC,0.07,0.28,0.3,17.8,0.64,77.72,3.9,18.75,0.0,5.0,0.42
Jordan Pickford,Everton,0.0,0.01,0.0,3.37,0.0,63.09,0.06,88.89,0.0,8.87,0.0
Lewis Hall,Newcastle United,0.02,0.15,0.04,11.7,0.45,85.38,3.12,49.18,0.0,4.89,0.37
Alexis Mac Allister,Liverpool FC,0.1,0.19,0.48,15.02,0.55,87.22,4.04,35.19,0.0,5.11,2.14
Gabriel Magalhães,Arsenal,0.1,0.05,0.19,10.69,0.15,90.72,1.56,59.14,0.0,2.4,0.72
Moisés Caicedo,Chelsea,0.02,0.08,0.08,13.25,0.78,90.15,4.37,64.29,0.0,6.14,1.88
Phil Foden,Manchester City,0.26,0.27,0.81,18.3,0.71,88.62,1.11,25.0,0.0,3.08,0.25
Luis Díaz,Liverpool FC,0.45,0.17,1.12,14.12,1.98,86.08,1.72,26.92,0.0,3.92,1.79
Bernardo Silva,Manchester City,0.13,0.15,0.4,19.95,0.94,88.97,2.66,31.25,0.0,3.61,0.91
Morgan Gibbs-White,Nottingham Forest,0.2,0.15,0.7,13.17,0.99,80.71,2.1,42.71,0.0,4.05,1.21
Dean Huijsen,Bournemouth,0.07,0.06,0.15,9.51,0.07,84.2,3.24,60.71,0.0,3.9,1.15
Bruno Guimarães,Newcastle United,0.12,0.15,0.41,14.59,0.93,83.67,3.08,50.0,0.0,5.16,1.78
Mikkel Damsgaard,Brentford,0.09,0.22,0.22,13.72,1.54,77.63,3.38,30.0,0.0,5.51,0.55
Jarrod Bowen,West Ham United,0.2366,0.2,1.12,7.07,1.33,79.14,1.72,20.0,0.0,3.9,0.6
Matheus Nunes,Manchester City,0.07,0.18,0.21,19.9,1.02,88.79,2.67,42.86,0.0,3.75,1.61
Antoine Semenyo,Bournemouth,0.28,0.12,1.15,10.74,1.94,78.23,1.85,46.53,0.0,4.43,2.05
Pedro Porro,Tottenham Hotspur,0.05,0.16,0.27,12.77,0.48,76.04,3.51,34.29,0.0,5.22,0.86
Cody Gakpo,Liverpool FC,0.33,0.17,1.06,11.57,1.43,83.73,1.86,39.53,0.0,3.56,0.93
Dwight McNeil,Everton,0.07,0.28,0.65,10.99,1.57,82.57,1.24,15.0,0.0,4.97,0.39
Murillo,Nottingham Forest,0.04,0.03,0.17,6.09,0.76,79.51,2.51,65.67,0.0,4.01,0.76
Nathan Collins,Brentford,0.07,0.04,0.16,4.47,0.16,86.33,1.94,62.96,0.0,4.26,0.76
Casemiro,Manchester United,0.11,0.12,0.59,11.48,0.18,80.21,5.7700000000000005,67.24,0.0,6.13,1.19
Yoane Wissa,Brentford,0.57,0.06,1.32,6.12,0.46,79.4,0.93,45.45,0.0,2.49,1.05
Justin Kluivert,Bournemouth,0.2106,0.14,1.11,12.11,1.38,81.03,1.4100000000000001,22.22,0.0,2.98,1.8
Jason Steele,Brighton & Hove Albion,0.0,0.0,0.0,0.0,0.0,89.52,0.0,50.0,0.0,12.5,0.0
João Pedro,Brighton & Hove Albion,0.23059999999999997,0.14,0.92,10.6,1.34,74.6,1.15,47.19,0.0,2.72,1.2
Rúben Dias,Manchester City,0.06,0.05,0.28,18.17,0.08,93.76,1.46,52.11,0.0,3.09,0.48
Thomas Partey,Arsenal,0.07,0.08,0.29,15.12,0.77,88.64,3.97,50.0,0.0,4.42,1.44
Dominik Szoboszlai,Liverpool FC,0.26,0.21,0.83,13.88,0.76,85.76,1.6900000000000002,45.24,0.0,4.8,1.59
Alex McCarthy,Southampton,0.0,0.0,0.0,1.2,0.0,69.84,0.0,100.0,0.0,8.8,0.0
Antonee Robinson,Fulham,0.02,0.12,0.06,11.2,1.08,80.96,4.46,66.67,0.0,4.46,0.88
Callum Hudson Odoi,Nottingham Forest,0.1,0.11,0.69,14.73,1.5,88.61,1.42,23.08,0.0,3.73,0.49
Kepa Arrizabalaga,Bournemouth,0.0,0.0,0.0,0.84,0.03,70.37,0.03,88.89,0.0,8.06,0.06
Lisandro Martínez,Manchester United,0.07,0.07,0.31,8.06,0.31,90.03,3.6899999999999995,55.17,0.0,4.16,1.13
Matz Sels,Nottingham Forest,0.0,0.01,0.0,1.61,0.0,48.56,0.03,89.47,0.0,5.37,0.03
Aaron Ramsdale,Southampton,0.0,0.0,0.0,2.17,0.0,59.43,0.07,100.0,0.0,8.17,0.03
Jacob Murphy,Newcastle United,0.22,0.23,0.57,11.61,1.32,75.47,1.55,23.81,0.0,3.71,0.42
Aaron Wan-Bissaka,West Ham United,0.03,0.08,0.14,10.9,1.83,82.77,3.88,41.07,0.0,4.97,0.71
Harry Wilson,Fulham,0.33,0.09,1.32,11.53,0.7,77.94,2.09,20.0,0.0,4.26,0.93
Martin Dúbravka,Newcastle United,0.0,0.0,0.0,0.4,0.0,75.9,0.0,100.0,0.0,7.9,0.0
Nikola Milenković,Nottingham Forest,0.11,0.01,0.22,2.14,0.03,82.85,2.11,71.63,0.0,2.3,0.54
Marco Asensio,Aston Villa,0.3528,0.14,1.33,14.38,1.45,86.4,1.0899999999999999,0.0,0.0,3.38,1.33
Matheus França,Crystal Palace,0.43,0.31,5.19,8.65,0.0,71.43,5.1899999999999995,33.33,0.0,5.19,0.0
Vítězslav Jaroš,Liverpool FC,0.0,0.0,0.0,16.36,0.0,66.67,0.0,0.0,0.0,24.55,0.0
Marc Guéhi,Crystal Palace,0.06,0.06,0.21,5.94,0.35,84.15,2.61,53.91,0.0,4.29,0.71
Daniel Muñoz,Crystal Palace,0.14,0.1,0.5,6.96,0.58,75.11,4.64,42.34,0.0,4.76,1.56
Dango Ouattara,Bournemouth,0.37,0.15,0.89,6.8,1.74,65.86,2.06,41.82,0.0,4.12,0.72
Nick Pope,Newcastle United,0.0,0.0,0.0,0.36,0.0,65.25,0.04,87.5,0.0,8.61,0.07
Arijanet Murić,Ipswich Town,0.0,0.0,0.0,1.83,0.0,68.16,0.0,91.67,0.0,9.78,0.0
Fraser Forster,Tottenham Hotspur,0.0,0.0,0.0,0.14,0.14,82.63,0.0,100.0,0.0,4.86,0.0
Alisson,Liverpool FC,0.0,0.01,0.0,0.61,0.04,80.7,0.04,100.0,0.0,7.86,0.0
Christian Nørgaard,Brentford,0.14,0.04,0.51,9.07,0.22,82.71,4.07,61.9,0.0,6.14,1.4
İlkay Gündoğan,Manchester City,0.13,0.18,0.28,20.63,0.68,92.35,1.52,56.0,0.0,4.66,0.6
Leandro Trossard,Arsenal,0.25,0.14,0.77,11.72,1.34,80.54,1.4100000000000001,20.0,0.0,3.66,0.95
Brennan Johnson,Tottenham Hotspur,0.43,0.08,0.82,8.52,0.78,75.83,1.77,25.93,0.0,2.59,1.11
Evanilson,Bournemouth,0.4488,0.07,1.23,4.32,0.27,71.55,0.66,40.0,0.0,2.58,1.43
Ibrahima Konaté,Liverpool FC,0.06,0.03,0.14,7.68,0.11,90.3,2.0,70.75,0.0,3.44,0.95
Łukasz Fabiański,West Ham United,0.0,0.0,0.0,1.09,0.23,63.55,0.0,66.67,0.0,7.67,0.16
Ryan Christie,Bournemouth,0.09,0.13,0.51,11.49,0.97,82.08,3.55,43.14,0.0,7.69,1.82
Guglielmo Vicario,Tottenham Hotspur,0.0,0.0,0.0,0.17,0.04,85.94,0.04,100.0,0.0,7.25,0.0
Jan Paul van Hecke,Brighton & Hove Albion,0.04,0.04,0.15,10.09,0.15,88.48,2.1,61.94,0.0,3.98,0.76
Emiliano Martínez,Aston Villa,0.0,0.0,0.0,1.21,0.03,77.0,0.08,91.67,0.0,8.39,0.06
Cristian Romero,Tottenham Hotspur,0.1,0.05,0.51,9.19,0.06,89.68,3.5500000000000003,60.87,0.0,5.7,0.89
Ismaïla Sarr,Crystal Palace,0.35,0.22,0.96,7.12,0.56,70.0,1.03,41.57,0.0,3.74,0.46
Alex Palmer,Ipswich Town,0.0,0.0,0.0,1.62,0.0,66.3,0.0,100.0,0.0,9.15,0.08
Sandro Tonali,Newcastle United,0.15,0.09,0.41,11.56,0.68,85.92,2.9,48.0,0.0,6.05,1.27
Emmanuel Agbadou,Wolverhampton,0.05,0.02,0.13,3.89,0.64,85.84,2.6799999999999997,56.52,0.0,5.29,0.45
Abdul Fatawu Issahaku,Leicester City,0.07,0.22,0.78,5.46,4.52,68.35,3.9,51.85,0.0,5.93,1.72
Miloš Kerkez,Bournemouth,0.02,0.07,0.13,9.29,0.59,80.44,2.61,36.36,0.0,4.55,0.81
Reiss Nelson,Fulham,0.2,0.18,1.11,20.29,2.4,91.36,2.58,0.0,0.0,5.35,1.29
Marc Cucurella,Chelsea,0.08,0.07,0.36,10.41,0.12,88.73,2.86,35.96,0.0,3.91,1.11
Marcus Tavernier,Bournemouth,0.25,0.17,0.79,15.0,1.3,80.3,2.23,44.07,0.0,5.53,1.58
Anthony Gordon,Newcastle United,0.24539999999999998,0.19,0.7,12.19,1.4,80.96,1.44,50.0,0.0,3.57,0.74
Ederson,Manchester City,0.0,0.01,0.0,1.01,0.0,86.26,0.04,80.0,0.0,6.36,0.04
Trevoh Chalobah,Chelsea,0.09,0.03,0.32,5.54,0.36,86.29,2.73,59.21,0.0,3.86,0.86
Raúl Jiménez,Fulham,0.3442,0.07,1.19,6.36,0.75,73.01,1.62,47.67,0.0,2.87,1.4
Carlos Alcaraz,Everton,0.21,0.08,1.4,10.75,1.05,83.39,1.99,62.5,0.0,4.56,1.64
Rayan Aït-Nouri,Wolverhampton,0.08,0.12,0.37,9.49,1.81,86.71,3.31,42.31,0.0,4.17,0.86
Ryan Gravenberch,Liverpool FC,0.03,0.1,0.14,12.61,1.05,89.5,3.66,65.0,0.0,5.48,1.34
Anthony Elanga,Nottingham Forest,0.16,0.18,0.86,8.97,0.9,77.69,0.9,39.34,0.0,3.2,0.32
Harvey Barnes,Newcastle United,0.37,0.23,1.07,11.57,1.22,82.12,1.13,31.82,0.0,2.8,0.76
Iliman Ndiaye,Everton,0.1754,0.05,0.66,8.08,2.51,84.95,2.69,29.63,0.0,6.34,0.89
William Saliba,Arsenal,0.07,0.04,0.09,7.93,0.36,94.58,2.45,62.0,0.0,4.56,0.83
Maxence Lacroix,Crystal Palace,0.1,0.03,0.17,2.74,0.23,81.95,3.52,54.95,0.0,3.75,0.98
David Raya,Arsenal,0.0,0.0,0.0,1.55,0.03,70.62,0.05,100.0,0.0,8.45,0.03
Joachim Andersen,Fulham,0.04,0.02,0.2,8.89,0.14,82.96,2.0999999999999996,65.52,0.0,4.36,0.68
Kenny Tete,Fulham,0.07,0.03,0.1,9.66,0.46,82.92,4.45,54.17,0.0,3.74,1.77
Kai Havertz,Arsenal,0.46,0.08,1.01,9.85,0.43,79.84,1.06,44.83,0.0,1.97,1.82
Noni Madueke,Chelsea,0.42,0.14,1.4,9.87,1.97,83.64,1.53,36.67,0.0,3.67,0.96
Robert Sánchez,Chelsea,0.0,0.0,0.0,1.06,0.0,65.3,0.06,100.0,0.0,9.0,0.06
Elliot Anderson,Nottingham Forest,0.07,0.12,0.23,11.29,1.18,82.31,4.04,65.52,0.0,6.79,1.61
Sven Botman,Newcastle United,0.13,0.05,0.43,3.66,0.22,89.39,3.66,60.71,0.0,3.01,1.08
Neco Williams,Nottingham Forest,0.08,0.05,0.24,7.96,0.62,81.41,4.19,57.14,0.0,3.81,0.83
Chris Wood,Nottingham Forest,0.32980000000000004,0.05,1.06,3.24,0.12,64.88,0.32999999999999996,39.17,0.0,1.51,0.76
Mikel Merino,Arsenal,0.33,0.07,0.85,10.2,0.51,79.93,3.44,51.28,0.0,4.85,2.31
Tomáš Souček,West Ham United,0.24,0.04,0.63,6.02,0.21,74.82,2.31,57.39,0.0,2.21,1.65
Jarrad Branthwaite,Everton,0.04,0.02,0.11,4.28,0.11,82.85,2.24,59.05,0.0,3.31,0.43
Pedro Neto,Chelsea,0.14,0.19,0.67,12.43,1.34,88.65,1.27,27.91,0.0,3.2,0.83
Jack Grealish,Manchester City,0.14,0.21,0.61,25.84,1.59,91.02,1.34,12.5,0.0,3.18,0.61
Kostas Tsimikas,Liverpool FC,0.04,0.25,0.21,15.05,0.53,91.05,4.46,38.46,0.0,3.29,0.95
Kevin Schade,Brentford,0.32,0.07,1.05,6.35,1.17,64.29,1.71,52.94,0.0,3.24,0.82
Pervis Estupiñán,Brighton & Hove Albion,0.04,0.09,0.34,10.94,0.71,88.3,3.8200000000000003,63.01,0.0,5.51,1.35
Lewis Cook,Bournemouth,0.03,0.11,0.12,10.06,0.39,81.93,3.6900000000000004,54.67,0.0,5.65,1.48
Tyrone Mings,Aston Villa,0.07,0.02,0.08,5.38,0.16,88.3,1.12,54.9,0.0,3.05,0.32
Mario Lemina,Wolverhampton,0.09,0.08,0.33,5.15,0.66,81.32,5.15,60.98,0.0,4.82,1.12
Idrissa Gana Gueye,Everton,0.03,0.06,0.15,8.96,0.53,87.08,5.31,62.5,0.0,5.68,1.61
Harry Toffolo,Nottingham Forest,0.01,0.01,0.0,9.33,0.0,77.78,4.66,100.0,0.0,1.33,0.67
Carlos Baleba,Brighton & Hove Albion,0.1,0.04,0.37,8.36,1.11,87.92,4.21,59.09,0.0,6.64,1.35
Vitaliy Mykolenko,Everton,0.01,0.06,0.03,6.68,0.23,78.6,3.12,56.32,0.0,2.57,0.64
Nico O'Reilly,Manchester City,0.22,0.12,0.51,13.03,1.52,87.66,2.2,40.0,0.0,5.24,1.02
Danny Welbeck,Brighton & Hove Albion,0.37879999999999997,0.06,1.02,6.87,0.55,85.57,1.31,34.69,0.0,1.95,0.47
Conor Townsend,Ipswich Town,0.01,0.06,0.0,5.53,0.0,68.09,3.9400000000000004,60.0,0.0,2.11,0.53
Diogo Dalot,Manchester United,0.07,0.08,0.16,9.44,0.86,83.83,3.3600000000000003,64.41,0.0,5.34,1.28
Bernd Leno,Fulham,0.0,0.0,0.0,0.92,0.0,79.77,0.05,90.0,0.0,7.82,0.0
Morgan Rogers,Aston Villa,0.19,0.15,0.58,8.51,1.9,75.35,1.41,20.0,0.0,3.42,1.44
Yerson Mosquera,Wolverhampton,0.07,0.01,0.0,3.26,0.0,86.08,4.28,64.71,0.0,4.89,1.22
Kaoru Mitoma,Brighton & Hove Albion,0.32,0.14,0.93,11.91,1.79,80.79,2.0300000000000002,50.0,0.0,3.42,1.38
Tosin Adarabioyo,Chelsea,0.06,0.01,0.13,4.38,0.25,91.33,1.75,60.0,0.0,2.56,0.5
Matt Doherty,Wolverhampton,0.04,0.05,0.13,7.38,0.47,85.21,2.54,71.79,0.0,4.5,0.76
Dan Burn,Newcastle United,0.05,0.03,0.19,2.62,0.08,88.62,1.78,66.07,0.0,2.78,0.92
Ryan Sessegnon,Fulham,0.24,0.17,1.19,9.69,1.19,81.13,4.47,42.11,0.0,4.47,2.98
Levi Colwill,Chelsea,0.05,0.03,0.11,6.03,0.17,89.71,2.2800000000000002,59.71,0.0,3.46,1.29
Ryan Manning,Southampton,0.02,0.17,0.06,8.35,0.66,83.71,2.7,68.18,0.0,3.91,1.14
Riccardo Calafiori,Arsenal,0.08,0.06,0.55,14.54,0.82,87.89,3.29,59.46,0.0,3.2,1.46
Noussair Mazraoui,Manchester United,0.02,0.06,0.09,9.16,0.82,86.09,4.7,62.2,0.0,4.71,1.2
James Milner,Brighton & Hove Albion,0.08,0.08,0.52,6.76,0.52,78.79,3.64,0.0,0.0,1.04,1.56
Lucas Digne,Aston Villa,0.03,0.15,0.11,8.36,0.34,82.76,3.4299999999999997,58.21,0.0,3.97,0.8
Adam Wharton,Crystal Palace,0.02,0.15,0.34,11.32,0.13,78.65,3.64,30.43,0.0,6.87,0.81
Ben White,Arsenal,0.03,0.1,0.15,12.91,0.0,86.44,2.67,66.67,0.0,2.75,0.74
Jadon Sancho,Chelsea,0.11,0.16,0.41,16.35,2.28,85.16,0.76,35.29,0.0,5.03,0.3
Wilfred Ndidi,Leicester City,0.08,0.06,0.31,5.82,0.5,82.35,4.46,50.41,0.0,4.89,1.5
Marcus Rashford,Aston Villa,0.2532,0.22,1.01,10.15,1.14,78.48,1.3900000000000001,28.57,0.0,2.4,0.57
Manuel Akanji,Manchester City,0.07,0.06,0.09,21.21,0.09,94.08,1.25,46.97,0.0,4.59,0.76
Gabriel Martinelli,Arsenal,0.29,0.18,0.98,9.94,1.29,78.98,1.1,30.36,0.0,3.05,0.63
Jurriën Timber,Arsenal,0.05,0.05,0.15,13.01,0.89,87.9,2.98,52.38,0.0,3.49,1.15
Yankuba Minteh,Brighton & Hove Albion,0.2,0.24,0.78,6.94,2.23,68.69,2.8600000000000003,33.96,0.0,4.13,1.02
Joelinton,Newcastle United,0.15,0.09,0.52,10.93,0.56,83.76,2.9899999999999998,55.14,0.0,5.58,2.17
Fabian Schär,Newcastle United,0.12,0.03,0.34,6.93,0.25,84.5,2.48,44.03,0.0,4.11,1.07
James Ward-Prowse,West Ham United,0.11,0.16,0.37,11.33,0.12,91.66,2.29,56.52,0.0,4.39,1.05
Patrick Dorgu,Manchester United,0.05,0.14,0.21,13.79,0.32,86.12,3.74,64.0,0.0,3.95,1.82
James Garner,Everton,0.04,0.08,0.23,8.44,0.39,82.09,3.94,45.83,0.0,4.11,1.13
Amadou Onana,Aston Villa,0.12,0.05,0.33,7.89,0.77,87.73,4.46,61.11,0.0,3.97,1.77
Adam Webster,Brighton & Hove Albion,0.03,0.03,0.1,9.53,0.1,88.21,3.04,77.42,0.0,3.55,0.71
Mads Hermansen,Leicester City,0.0,0.0,0.0,1.17,0.04,56.2,0.04,80.0,0.0,7.66,0.0
Luis Sinisterra,Bournemouth,0.45,0.48,2.21,15.12,2.95,83.53,2.95,30.0,0.0,6.27,1.48
Daniel Bentley,Wolverhampton,0.0,0.0,0.0,0.5,0.0,72.88,0.0,100.0,0.0,6.5,0.0
Mateus Fernandes,Southampton,0.12,0.11,0.43,9.93,1.51,84.55,3.6,62.5,0.0,5.52,1.42
Ethan Pinnock,Brentford,0.05,0.03,0.28,3.67,0.14,87.6,2.78,59.81,0.0,2.35,0.38
Max Kilman,West Ham United,0.04,0.03,0.08,4.38,0.43,87.06,2.0700000000000003,66.86,0.0,3.92,0.62
Kieran Trippier,Newcastle United,0.01,0.1,0.0,19.25,0.27,85.36,3.39,57.89,0.0,4.61,1.08
Jan Bednarek,Southampton,0.02,0.03,0.11,3.34,0.11,92.87,3.27,66.06,0.0,3.76,1.1
Ollie Watkins,Aston Villa,0.47540000000000004,0.07,1.38,4.97,0.34,74.15,0.6200000000000001,41.27,0.0,1.48,1.0
Destiny Udogie,Tottenham Hotspur,0.01,0.06,0.05,12.12,0.6,88.25,4.5,50.0,0.0,5.15,1.35
Michael Keane,Everton,0.05,0.0,0.34,1.98,0.0,83.87,2.41,56.52,0.0,2.24,0.77
Reece James,Chelsea,0.04,0.1,0.25,12.76,0.59,88.43,1.9300000000000002,72.73,0.0,5.54,0.67
Ilya Zabarnyi,Bournemouth,0.04,0.02,0.03,5.64,0.17,82.48,2.69,63.64,0.0,4.54,0.58
Tyrick Mitchell,Crystal Palace,0.04,0.11,0.09,5.92,0.46,73.56,3.1900000000000004,48.78,0.0,4.87,0.67
Ethan Nwaneri,Arsenal,0.11,0.17,0.86,16.65,3.52,89.01,1.24,33.33,0.0,3.23,0.86
Matty Cash,Aston Villa,0.02,0.05,0.26,6.37,0.82,84.55,3.43,50.0,0.0,3.51,1.17
Toby Collyer,Manchester United,0.09,0.2,0.0,9.77,0.51,82.22,7.2,75.0,0.0,8.74,1.03
Dara O'Shea,Ipswich Town,0.04,0.02,0.06,3.83,0.03,79.23,2.36,57.64,0.0,3.17,0.61
Dejan Kulusevski,Tottenham Hotspur,0.16,0.15,0.68,13.7,1.43,81.24,2.1799999999999997,38.46,0.0,4.55,1.81
Christian Eriksen,Manchester United,0.047599999999999996,0.22,0.16,15.58,0.0,85.54,2.15,25.0,0.0,5.11,0.66
Sepp van den Berg,Brentford,0.07,0.02,0.21,4.1,0.14,85.69,2.09,54.65,0.0,3.37,0.8
Jake O'Brien,Everton,0.04,0.02,0.17,4.8,0.23,81.32,1.72,57.53,0.0,2.97,0.74
Jean Philippe Mateta,Crystal Palace,0.4054,0.08,1.12,4.1,0.68,68.1,0.6799999999999999,37.43,0.0,2.31,0.92
Jack Hinshelwood,Brighton & Hove Albion,0.13,0.07,0.49,9.13,0.1,85.15,2.09,55.56,0.0,3.06,0.87
Nicolas Jackson,Chelsea,0.5,0.08,1.41,5.47,0.72,76.67,1.0,37.93,0.0,1.93,1.41
Emile Smith Rowe,Fulham,0.2,0.09,0.48,14.89,0.7,91.31,1.83,23.08,0.0,3.28,0.83
Lucas Paquetá,West Ham United,0.1376,0.12,0.23,12.34,0.79,78.82,3.1700000000000004,45.28,0.0,5.63,2.0
André Onana,Manchester United,0.0,0.01,0.0,1.18,0.03,69.79,0.06,100.0,0.0,7.21,0.0
André,Wolverhampton,0.02,0.02,0.04,6.89,0.58,93.05,4.609999999999999,25.0,0.0,7.0,1.3
Andreas Pereira,Fulham,0.1388,0.21,0.4,10.73,0.62,77.74,1.4300000000000002,37.84,0.0,4.45,1.25
Romain Esse,Crystal Palace,0.2,0.26,0.62,8.63,1.23,76.19,6.17,60.0,0.0,5.55,1.23
Dean Henderson,Crystal Palace,0.0,0.0,0.0,1.37,0.0,57.36,0.05,92.86,0.0,7.63,0.0
Mathys Tel,Tottenham Hotspur,0.21199999999999997,0.15,0.87,7.52,1.45,76.68,1.73,36.36,0.0,3.66,1.35
Rico Lewis,Manchester City,0.07,0.05,0.09,17.32,0.43,91.45,2.04,30.0,0.0,4.51,0.57
Matthijs de Ligt,Manchester United,0.1,0.01,0.42,3.34,0.08,90.36,2.67,65.91,0.0,2.88,0.68
Aaron Cresswell,West Ham United,0.02,0.2,0.0,9.67,0.11,86.56,2.02,50.0,0.0,3.83,0.43
Taylor Harwood-Bellis,Southampton,0.06,0.02,0.25,8.02,0.1,88.14,1.8399999999999999,55.75,0.0,3.91,1.11
Rodrigo Bentancur,Tottenham Hotspur,0.07,0.05,0.33,12.35,0.49,88.2,4.34,52.94,0.0,6.56,1.84
Harry Maguire,Manchester United,0.09,0.01,0.36,3.78,0.1,86.15,3.5700000000000003,71.11,0.0,3.47,0.92
Nico González,Manchester City,0.06,0.06,0.24,17.93,0.12,92.27,2.83,57.14,0.0,3.66,1.53
Caoimhin Kelleher,Liverpool FC,0.0,0.0,0.0,0.6,0.1,72.07,0.0,100.0,0.0,7.9,0.0
Kevin Danso,Tottenham Hotspur,0.04,0.01,0.32,3.42,0.21,86.46,1.3900000000000001,63.64,0.0,2.88,0.96
Curtis Jones,Liverpool FC,0.23,0.08,0.67,16.08,0.62,93.67,2.38,50.0,0.0,5.03,0.93
Bilal El Khannouss,Leicester City,0.05,0.13,0.29,10.25,1.39,80.31,2.29,44.19,0.0,3.76,1.23
Wesley Fofana,Chelsea,0.03,0.02,0.0,6.28,0.61,90.78,2.06,67.5,0.0,4.13,1.84
Ezri Konsa,Aston Villa,0.04,0.02,0.15,4.84,0.25,93.26,1.78,56.36,0.0,2.97,0.28
John McGinn,Aston Villa,0.13,0.11,0.2,9.29,0.8,86.57,1.8800000000000001,58.62,0.0,4.01,1.72
Ashley Young,Everton,0.01,0.14,0.14,7.99,0.33,73.54,3.9799999999999995,50.0,0.0,3.59,1.44
Ben Chilwell,Crystal Palace,0.09,0.3,1.03,6.87,0.69,72.34,4.46,42.86,0.0,6.87,0.69
Michael Kayode,Brentford,0.04,0.12,0.0,6.54,1.51,84.97,4.02,69.23,0.0,5.7,1.34
Tyler Fredricson,Manchester United,0.0,0.01,0.0,8.13,0.54,90.16,3.25,58.33,0.0,6.51,0.0
Ayden Heaven,Manchester United,0.07,0.01,0.0,4.74,1.05,85.71,4.22,40.0,0.0,5.79,2.11
Nicolás Domínguez,Nottingham Forest,0.07,0.07,0.41,10.96,0.14,87.7,5.25,54.0,0.0,5.21,1.51
Ben Davies,Tottenham Hotspur,0.02,0.03,0.07,3.99,0.07,88.03,1.96,54.08,0.0,2.77,1.15
Saša Lukić,Fulham,0.04,0.05,0.11,10.62,0.31,90.13,3.67,43.18,0.0,4.17,2.52
Jakub Stolarczyk,Leicester City,0.0,0.0,0.0,1.1,0.0,58.0,0.2,100.0,0.0,6.4,0.0
Orel Mangala,Everton,0.08,0.04,0.43,9.04,1.0,90.27,2.66,42.86,0.0,3.51,1.72
Cameron Burgess,Ipswich Town,0.07,0.02,0.18,3.97,0.0,81.3,1.81,66.67,0.0,2.57,0.35
Toti Gomes,Wolverhampton,0.03,0.02,0.1,4.58,0.69,86.55,2.96,66.25,0.0,3.99,0.83
Tino Livramento,Newcastle United,0.01,0.08,0.06,10.7,0.79,87.36,2.44,43.55,0.0,5.99,0.19
Jonny Evans,Manchester United,0.04,0.01,0.29,4.3,0.29,88.79,3.7199999999999998,76.92,0.0,4.59,1.43
Jakub Kiwior,Arsenal,0.01,0.02,0.08,9.06,0.24,91.91,2.23,45.83,0.0,2.46,0.8
Kieran Tierney,Arsenal,0.12,0.24,0.33,17.67,0.65,91.03,3.27,54.55,0.0,1.96,0.33
Dominic Solanke,Tottenham Hotspur,0.4188,0.05,1.06,4.08,0.69,71.39,0.77,42.99,0.0,1.55,1.47
Gabriel Jesus,Arsenal,0.43,0.07,1.15,10.05,1.29,80.0,2.01,32.14,0.0,4.02,2.01
Joël Veltman,Brighton & Hove Albion,0.02,0.07,0.05,8.69,0.21,82.43,3.29,53.66,0.0,3.6,1.43
Jørgen Strand Larsen,Wolverhampton,0.36,0.04,1.18,3.43,0.28,65.19,0.5599999999999999,40.12,0.0,1.45,1.59
Rodrigo Muniz,Fulham,0.54,0.02,1.77,3.72,0.56,65.71,1.4,51.54,0.0,1.3,1.02
John Stones,Manchester City,0.07,0.03,0.33,15.69,0.33,91.29,1.65,57.14,0.0,3.63,0.33
Yasin Ayari,Brighton & Hove Albion,0.11,0.12,0.36,8.05,0.81,85.44,3.57,43.24,0.0,5.34,1.67
Joe Gomez,Liverpool FC,0.06,0.02,0.34,7.87,0.0,89.42,3.42,69.23,0.0,5.82,0.34
Stefan Ortega,Manchester City,0.0,0.0,0.0,0.49,0.0,79.4,0.0,100.0,0.0,6.14,0.08
Ola Aina,Nottingham Forest,0.02,0.07,0.06,7.31,0.99,80.04,2.6399999999999997,40.63,0.0,5.69,0.69
Jacob Ramsey,Aston Villa,0.09,0.12,0.22,12.38,1.38,86.64,2.1,35.0,0.0,4.59,0.72
João Gomes,Wolverhampton,0.09,0.06,0.21,10.3,0.9,86.21,4.25,28.95,0.0,6.03,2.11
Bart Verbruggen,Brighton & Hove Albion,0.0,0.0,0.0,0.83,0.06,75.06,0.0,90.91,0.0,7.67,0.0
Matt O'Riley,Brighton & Hove Albion,0.18980000000000002,0.18,0.65,8.87,0.75,83.06,2.7,42.86,0.0,2.71,1.49
Marshall Munetsi,Wolverhampton,0.28,0.09,0.58,3.17,0.25,73.63,2.5,54.72,0.0,2.92,1.58
Julio Enciso,Ipswich Town,0.21,0.1,1.68,7.87,3.06,73.73,1.0,38.89,0.0,4.43,0.92
Rodri,Manchester City,0.0,0.1,0.0,25.88,0.0,94.12,3.38,100.0,0.0,7.88,1.13
Alphonse Aréola,West Ham United,0.0,0.0,0.0,1.04,0.0,66.13,0.08,100.0,0.0,7.09,0.0
Chris Richards,Crystal Palace,0.06,0.03,0.28,2.01,0.05,81.27,3.0900000000000003,54.44,0.0,2.38,0.51
Jacob Greaves,Ipswich Town,0.05,0.01,0.16,4.94,0.16,86.58,2.4899999999999998,67.46,0.0,2.49,0.65
Keane Lewis-Potter,Brentford,0.09,0.14,0.41,7.72,1.19,80.53,2.03,43.55,0.0,4.24,0.52
Jamie Vardy,Leicester City,0.3132,0.08,0.82,2.54,0.35,69.27,0.76,47.66,0.0,1.24,0.79
Vitaly Janelt,Brentford,0.03,0.09,0.16,9.29,0.12,84.43,2.56,59.38,0.0,4.21,0.94
Harvey Elliott,Liverpool FC,0.4,0.15,0.9,20.08,0.9,85.13,1.3599999999999999,33.33,0.0,3.38,0.0
Malo Gusto,Chelsea,0.08,0.09,0.24,15.06,0.19,89.04,3.31,37.5,0.0,5.71,0.96
Niclas Füllkrug,West Ham United,0.25,0.05,0.8,5.14,0.11,67.86,0.5700000000000001,42.39,0.0,2.06,2.4
Brajan Gruda,Brighton & Hove Albion,0.16,0.25,0.64,12.51,1.68,78.3,2.3200000000000003,37.5,0.0,3.35,0.9
Djed Spence,Tottenham Hotspur,0.03,0.07,0.15,10.27,1.89,86.82,3.3899999999999997,60.0,0.0,5.43,1.05
Tyler Adams,Bournemouth,0.07,0.03,0.09,7.92,0.18,84.94,5.27,63.27,0.0,5.22,2.06
Samuel Edozie,Southampton,0.0,0.23,0.0,25.31,2.81,82.76,4.22,0.0,0.0,1.41,2.81
Philip Billing,Bournemouth,0.27,0.45,0.48,13.33,0.48,74.44,9.05,60.0,0.0,6.67,1.43
Billy Gilmour,Brighton & Hove Albion,0.07,0.04,0.0,18.56,0.93,87.88,2.78,0.0,0.0,4.64,1.86
Pedro Lima,Wolverhampton,0.08,0.12,1.29,14.14,1.29,76.92,3.86,0.0,0.0,3.86,1.29
Liam Delap,Ipswich Town,0.26539999999999997,0.05,1.1,3.2,1.38,62.07,0.45,43.28,0.0,2.34,2.48
Jefferson Lerma,Crystal Palace,0.04,0.07,0.31,6.64,0.28,77.82,3.03,52.33,0.0,6.06,1.38
Diego Gómez,Brighton & Hove Albion,0.15,0.2,0.53,8.44,1.05,82.35,5.1,71.43,0.0,5.63,1.41
Sam Johnstone,Wolverhampton,0.0,0.0,0.0,1.43,0.0,62.65,0.0,100.0,0.0,7.71,0.0
Sander Berge,Fulham,0.01,0.03,0.04,10.28,0.44,91.67,2.87,56.0,0.0,5.08,1.25
João Félix,Chelsea,0.52,0.11,1.41,15.98,2.35,86.15,2.58,44.44,0.0,5.17,1.41
Benoît Badiashile,Chelsea,0.0,0.02,0.0,13.24,0.0,90.1,4.050000000000001,80.0,0.0,4.86,1.62
Lewis Dunk,Brighton & Hove Albion,0.03,0.04,0.13,9.38,0.0,91.42,1.29,62.65,0.0,4.49,0.3
Luke Thomas,Leicester City,0.03,0.04,0.0,5.42,0.24,84.14,4.21,54.17,0.0,3.4,1.29
Konstantinos Mavropanos,West Ham United,0.07,0.02,0.22,3.68,0.39,86.9,3.2800000000000002,69.41,0.0,3.37,0.74
Adama Traoré,Fulham,0.2,0.23,0.6,9.53,2.41,81.2,1.05,48.08,0.0,4.36,1.2
Tom Cairney,Fulham,0.11,0.16,0.57,26.59,0.71,92.74,2.42,33.33,0.0,7.39,1.14
Ross Barkley,Aston Villa,0.26,0.06,0.88,13.32,1.76,85.71,3.51,60.0,0.0,6.29,1.17
Boubacar Kamara,Aston Villa,0.04,0.04,0.16,8.83,0.47,88.71,3.59,44.68,0.0,4.52,1.56
Calvin Bassey,Fulham,0.03,0.01,0.12,6.79,0.44,90.13,2.17,57.14,0.0,4.92,0.76
Georginio Rutter,Brighton & Hove Albion,0.25,0.09,0.65,7.1,1.45,68.6,2.64,34.72,0.0,3.55,1.83
Pape Matar Sarr,Tottenham Hotspur,0.18,0.04,0.61,11.2,0.52,87.59,3.7199999999999998,43.04,0.0,5.41,1.6
Manuel Ugarte,Manchester United,0.05,0.03,0.2,8.57,0.9,88.63,5.21,50.0,0.0,6.11,2.05
Andy Robertson,Liverpool FC,0.04,0.15,0.11,14.45,0.25,87.99,2.17,33.33,0.0,3.79,0.4
Mohammed Kudus,West Ham United,0.24,0.09,0.76,8.03,3.18,89.86,1.4500000000000002,21.57,0.0,4.78,1.35
Christopher Nkunku,Chelsea,0.46,0.1,1.15,13.98,0.96,90.61,1.8199999999999998,42.11,0.0,2.78,1.53
Jean-Ricner Bellegarde,Wolverhampton,0.08,0.15,0.26,6.96,0.74,83.3,2.59,34.48,0.0,3.27,1.64
Marcos Senesi,Bournemouth,0.07,0.04,0.0,9.41,0.48,77.42,4.27,53.23,0.0,5.71,1.77
Mats Wieffer,Brighton & Hove Albion,0.06,0.09,0.34,12.4,0.6,86.4,6.46,57.63,0.0,5.86,1.98
Alejandro Garnacho,Manchester United,0.3,0.11,1.23,11.64,1.07,83.33,1.76,11.11,0.0,4.43,0.49
Timothy Castagne,Fulham,0.02,0.03,0.16,7.9,0.27,82.95,3.71,49.3,0.0,3.11,0.82
Oleksandr Zinchenko,Arsenal,0.11,0.09,0.0,21.59,0.5,87.06,1.83,52.17,0.0,3.15,1.33
James Justin,Leicester City,0.05,0.03,0.22,5.75,0.28,78.1,3.19,55.2,0.0,2.7,0.89
Conor Bradley,Liverpool FC,0.08,0.17,0.36,11.8,1.19,84.28,2.15,57.89,0.0,6.08,1.43
Alex Scott,Bournemouth,0.09,0.12,0.84,12.94,0.72,85.24,4.44,50.0,0.0,6.23,2.04
Harry Winks,Leicester City,0.01,0.09,0.23,10.4,0.18,88.93,1.93,57.14,0.0,6.19,0.53
Beto,Everton,0.46,0.03,1.34,3.1,1.11,58.71,1.05,48.53,0.0,2.34,1.93
Ryan Yates,Nottingham Forest,0.11,0.02,0.42,8.17,0.42,82.73,3.17,61.54,0.0,4.85,2.47
Pablo Sarabia,Wolverhampton,0.32,0.21,0.88,13.08,0.66,76.05,2.2,30.0,0.0,3.74,1.76
Ian Maatsen,Aston Villa,0.07,0.19,0.39,11.91,1.01,86.85,3.4000000000000004,62.5,0.0,5.18,0.85
Tyrique George,Chelsea,0.1,0.13,0.49,8.32,1.47,82.0,1.96,0.0,0.0,1.96,1.47
Ferdi Kadıoğlu,Brighton & Hove Albion,0.1,0.06,0.23,9.28,0.7,85.33,4.18,75.0,0.0,3.25,1.16
Oscar Bobb,Manchester City,0.0,0.1,0.0,15.0,10.0,86.67,0.0,0.0,0.0,10.0,0.0
Gustavo Nunes,Brentford,0.0,0.0,0.0,8.18,0.0,100.0,24.55,0.0,0.0,0.0,0.0
Max Aarons,Bournemouth,0.0,0.02,0.0,13.76,0.0,80.39,3.18,0.0,0.0,7.41,0.0
Joe Lumley,Southampton,0.0,0.0,0.0,1.33,0.0,67.65,0.0,66.67,0.0,8.0,0.0
Nathan Aké,Manchester City,0.03,0.02,0.0,11.25,0.13,94.36,1.5699999999999998,56.52,0.0,3.14,0.26
Kyle Walker-Peters,Southampton,0.03,0.07,0.18,11.15,1.17,90.5,1.9500000000000002,34.38,0.0,4.16,0.86
Yehor Yarmoliuk,Brentford,0.04,0.06,0.12,9.54,0.8,88.23,3.8200000000000003,44.44,0.0,6.96,1.17
Mathias Jensen,Brentford,0.03,0.18,0.11,13.65,0.95,81.73,2.31,61.54,0.0,5.04,0.74
Crysencio Summerville,West Ham United,0.19,0.2,0.57,8.53,1.48,79.22,1.48,28.57,0.0,4.32,1.02
Facundo Buonanotte,Leicester City,0.23,0.13,0.71,7.12,1.65,79.61,3.83,32.73,0.0,4.65,2.18
Ibrahim Sangaré,Nottingham Forest,0.0,0.03,0.15,7.54,0.0,85.31,5.12,50.0,0.0,6.33,2.26
Jota Silva,Nottingham Forest,0.21,0.19,0.71,6.06,1.01,66.08,3.94,41.18,0.0,4.34,2.42
Micky van de Ven,Tottenham Hotspur,0.05,0.06,0.18,6.1,0.35,90.97,1.76,48.72,0.0,5.57,0.88
Joe Aribo,Southampton,0.12,0.06,0.31,9.25,0.93,89.52,2.97,52.0,0.0,4.96,0.89
Willy Boly,Nottingham Forest,0.04,0.0,0.62,1.85,0.0,78.57,5.550000000000001,75.0,0.0,3.08,0.62
Rodrigo Gomes,Wolverhampton,0.07,0.08,0.33,8.31,0.55,70.73,3.29,32.0,0.0,3.06,0.44
Leif Davis,Ipswich Town,0.03,0.16,0.07,7.28,0.43,80.53,2.33,59.32,0.0,3.7,0.88
Guido Rodríguez,West Ham United,0.02,0.01,0.08,5.61,0.23,84.9,3.76,61.11,0.0,4.07,1.38
José Sá,Wolverhampton,0.0,0.0,0.0,1.24,0.28,59.25,0.07,92.86,0.0,8.07,0.14
Wout Faes,Leicester City,0.05,0.01,0.03,3.23,0.16,88.39,2.17,55.95,0.0,2.88,0.74
Danny Ings,West Ham United,0.7,0.02,1.54,7.4,1.23,71.59,1.54,44.44,0.0,2.77,0.0
Willian,Fulham,0.1,0.24,0.0,33.1,0.34,88.89,1.72,25.0,0.0,4.83,0.34
Will Hughes,Crystal Palace,0.05,0.11,0.04,8.37,0.21,81.01,3.73,51.35,0.0,5.14,2.76
Diogo Jota,Liverpool FC,0.59,0.08,0.97,8.06,0.82,71.24,1.6400000000000001,40.74,0.0,3.06,1.72
Emerson,West Ham United,0.08,0.09,0.3,7.43,0.42,82.37,3.42,47.37,0.0,3.54,1.05
David Brooks,Bournemouth,0.24,0.19,1.13,12.84,1.03,82.18,1.78,41.18,0.0,4.69,1.03
Abdoulaye Doucouré,Everton,0.14,0.05,0.35,8.11,0.84,82.74,2.02,40.0,0.0,5.22,1.71
Sam Morsy,Ipswich Town,0.01,0.05,0.1,9.48,0.56,87.35,3.17,42.86,0.0,5.13,1.57
Pau Torres,Aston Villa,0.02,0.02,0.13,7.44,0.67,89.33,1.39,39.58,0.0,2.76,0.36
Luke Shaw,Manchester United,0.01,0.2,0.0,10.86,0.0,88.81,1.55,60.0,0.0,2.33,0.78
Darwin Núñez,Liverpool FC,0.45,0.04,1.03,5.78,0.63,71.43,1.98,37.04,0.0,3.25,2.14
Axel Disasi,Aston Villa,0.04,0.04,0.11,7.07,1.06,90.41,2.3200000000000003,61.9,0.0,3.17,0.53
Daichi Kamada,Crystal Palace,0.06,0.09,0.23,9.32,0.4,82.45,3.67,23.53,0.0,5.03,1.58
Leon Bailey,Aston Villa,0.14,0.23,0.47,10.79,1.72,77.56,0.78,40.0,0.0,4.61,0.94
Myles Lewis-Skelly,Arsenal,0.01,0.03,0.07,12.48,0.78,93.55,1.9,52.38,0.0,3.46,0.72
Jhon Durán,Aston Villa,0.7,0.04,2.16,5.89,0.43,72.33,1.15,47.5,0.0,2.73,2.01
Mads Roerslev,Brentford,0.02,0.17,0.16,8.46,0.57,82.13,1.79,41.67,0.0,3.17,0.49
Sergio Reguilón,Tottenham Hotspur,0.06,0.12,0.0,11.08,0.92,71.03,3.7,71.43,0.0,6.46,0.92
Abdukodir Khusanov,Manchester City,0.0,0.02,0.0,7.86,0.0,91.3,1.4300000000000002,63.64,0.0,4.82,0.54
Caleb Okoli,Leicester City,0.05,0.01,0.16,2.63,0.0,86.47,3.19,51.11,0.0,3.51,1.28
Kobbie Mainoo,Manchester United,0.04,0.1,0.11,10.27,1.25,87.41,3.5300000000000002,38.0,0.0,4.78,1.47
Victor Kristiansen,Leicester City,0.0,0.06,0.0,6.18,0.29,81.79,4.67,35.38,0.0,3.58,0.69
Lucas Bergvall,Tottenham Hotspur,0.05,0.06,0.15,11.22,1.55,88.66,4.65,52.94,0.0,5.39,1.48
Ricardo Pereira,Leicester City,0.02,0.02,0.23,8.04,1.38,82.86,3.9,66.67,0.0,4.36,1.38
Miguel Almirón,Newcastle United,0.27,0.1,1.02,11.76,0.51,82.81,1.53,0.0,0.0,2.05,0.51
Nélson Semedo,Wolverhampton,0.03,0.05,0.22,7.32,1.0,82.22,2.65,40.0,0.0,4.33,1.49
Joshua King,Fulham,0.2,0.42,0.0,18.13,2.5,85.48,5.01,33.33,0.0,3.13,1.88
Jannik Vestergaard,Leicester City,0.01,0.01,0.13,2.9,0.26,90.81,2.45,58.7,0.0,2.97,0.77
Jack Stephens,Southampton,0.04,0.02,0.13,6.78,0.0,92.43,3.04,37.5,0.0,2.84,0.84
Eddie Nketiah,Crystal Palace,0.49,0.07,1.38,5.94,0.95,75.74,1.55,35.59,0.0,2.24,2.67
Flynn Downes,Southampton,0.03,0.06,0.12,7.45,0.33,90.85,3.37,50.0,0.0,3.46,2.08
Hamza Choudhury,Leicester City,0.0,0.14,0.0,11.08,2.08,89.47,4.15,0.0,0.0,1.38,0.69
Charlie Taylor,Southampton,0.0,0.04,0.0,6.22,0.5,92.19,2.98,75.0,0.0,2.49,0.5
Lesley Ugochukwu,Southampton,0.05,0.03,0.05,8.06,1.03,85.57,3.46,53.85,0.0,3.62,1.68
Timo Werner,Tottenham Hotspur,0.17,0.27,0.53,13.82,1.77,74.24,1.24,0.0,0.0,3.19,0.53
Donyell Malen,Aston Villa,0.59,0.05,2.44,7.86,1.08,77.61,1.9,50.0,0.0,2.44,0.27
Stephy Mavididi,Leicester City,0.1,0.18,0.39,9.89,1.94,82.77,2.5,37.5,0.0,4.61,1.0
Jack Clarke,Ipswich Town,0.09,0.09,0.15,9.26,1.9,78.92,2.96,28.0,0.0,5.69,1.14
Issa Diop,Fulham,0.04,0.01,0.13,3.58,0.07,87.55,2.32,60.61,0.0,2.98,0.66
Christian Walton,Ipswich Town,0.0,0.0,0.0,1.57,0.0,64.55,0.0,100.0,0.0,8.86,0.0
Kyle Walker,Manchester City,0.01,0.12,0.18,18.96,0.28,88.65,1.85,56.25,0.0,4.25,0.55
Oliver Scarles,West Ham United,0.01,0.02,0.0,8.02,0.27,81.68,4.35,50.0,0.0,4.62,0.68
Luke Woolfenden,Ipswich Town,0.0,0.0,0.0,2.73,0.0,88.55,2.12,50.0,0.0,2.88,0.38
Paul Onuachu,Southampton,0.31,0.02,1.27,3.96,0.67,61.3,0.6699999999999999,60.39,0.0,1.6,2.36
Andy Irving,West Ham United,0.06,0.07,1.01,12.13,0.51,90.0,4.05,50.0,0.0,5.06,3.03
Tyler Dibling,Southampton,0.12,0.07,0.43,8.27,2.15,84.3,2.01,28.57,0.0,3.82,1.43
Edson Álvarez,West Ham United,0.02,0.04,0.05,9.64,0.71,86.52,3.43,55.56,0.0,4.44,2.12
Lewis Miley,Newcastle United,0.15,0.08,0.56,15.56,0.28,88.42,4.45,46.15,0.0,4.44,0.83
Simon Adingra,Brighton & Hove Albion,0.19,0.22,0.63,9.73,1.65,81.93,2.43,63.64,0.0,3.69,1.02
Álex Moreno,Nottingham Forest,0.01,0.1,0.0,8.2,0.75,77.81,3.73,21.43,0.0,4.66,1.12
Raheem Sterling,Arsenal,0.25,0.09,0.0,18.74,1.77,84.62,1.77,25.0,0.0,2.83,2.12
Ramón Sosa,Nottingham Forest,0.28,0.1,1.38,6.61,2.2,71.43,2.48,33.33,0.0,6.88,1.65
Jens-Lys Cajuste,Ipswich Town,0.03,0.03,0.05,5.6,1.28,85.93,3.2800000000000002,37.14,0.0,4.87,1.09
Mason Mount,Manchester United,0.48,0.08,1.3,11.81,0.14,83.97,2.74,30.77,0.0,2.59,2.3
Lloyd Kelly,Newcastle United,0.11,0.03,0.0,4.03,0.54,81.21,1.61,77.78,0.0,5.1,1.34
James Hill,Bournemouth,0.06,0.05,0.0,5.72,0.2,71.71,4.74,55.56,0.0,2.57,1.38
Chadi Riad,Crystal Palace,0.0,0.02,0.0,8.0,0.0,85.37,7.0,33.33,0.0,4.0,1.0
Harry Howell,Brighton & Hove Albion,0.0,0.32,0.0,12.86,0.0,88.89,6.43,0.0,0.0,0.0,0.0
Ryan Trevitt,Brentford,0.0,0.0,0.0,10.0,0.0,66.67,10.0,0.0,0.0,20.0,0.0
Ben Winterburn,Bournemouth,0.0,0.0,0.0,0.0,0.0,71.43,8.18,100.0,0.0,8.18,0.0
Takehiro Tomiyasu,Arsenal,1.01,0.0,0.0,5.63,0.0,75.0,0.0,0.0,0.0,0.0,0.0
Nathan Butler-Oyedeji,Arsenal,0.57,0.0,8.18,0.0,0.0,0.0,0.0,0.0,0.0,0.0,0.0
Lewis Orford,West Ham United,0.06,0.08,0.0,7.66,0.0,86.49,1.91,0.0,0.0,13.4,0.0
Boubakary Soumaré,Leicester City,0.01,0.04,0.0,7.43,1.11,87.52,2.64,66.67,0.0,5.78,0.99
Nathan Broadhead,Ipswich Town,0.22,0.14,1.03,7.76,2.2,81.57,1.68,9.09,0.0,4.14,0.52
Welington,Southampton,0.01,0.03,0.0,5.37,0.93,83.69,5.19,55.56,0.0,3.89,1.11
Enes Ünal,Bournemouth,0.71,0.07,1.83,10.17,0.26,67.02,0.26,51.06,0.0,4.17,1.57
Justin Devenny,Crystal Palace,0.13,0.07,1.04,8.84,0.35,77.96,2.95,13.33,0.0,4.68,1.39
Jesper Lindstrøm,Everton,0.15,0.14,0.72,7.95,0.58,78.74,4.12,33.33,0.0,5.06,1.08
Nathan Patterson,Everton,0.02,0.1,0.0,8.35,2.35,79.17,3.39,12.5,0.0,3.13,1.57
Antony,Manchester United,0.59,0.12,1.74,13.35,2.32,81.36,4.64,0.0,0.0,6.39,1.16
Sean Longstaff,Newcastle United,0.06,0.02,0.11,9.03,0.22,86.01,3.65,56.25,0.0,3.33,0.97
Victor Lindelöf,Manchester United,0.0,0.01,0.0,4.34,0.0,93.68,1.8599999999999999,53.13,0.0,3.6,0.99
Paris Maghoma,Brentford,0.09,0.04,0.0,12.64,2.23,93.83,2.23,25.0,0.0,5.21,1.49
Conor Chaplin,Ipswich Town,0.16,0.06,0.41,8.49,0.41,74.84,1.96,23.08,0.0,2.8,1.14
Jack Harrison,Everton,0.15,0.13,0.3,6.42,1.03,73.29,1.8099999999999998,12.5,0.0,3.15,0.56
James McAtee,Manchester City,0.7,0.2,0.99,9.94,0.5,83.76,1.74,40.0,0.0,1.99,1.49
Igor Júlio,Brighton & Hove Albion,0.0,0.03,0.0,6.24,0.47,92.71,0.84,57.14,0.0,3.91,0.84
Séamus Coleman,Everton,0.23,0.01,0.4,6.03,1.61,77.03,1.6099999999999999,66.67,0.0,2.81,0.0
Gonçalo Guedes,Wolverhampton,0.28,0.08,0.71,9.97,0.8,77.42,1.8699999999999999,31.58,0.0,3.2,1.34
Dominic Calvert-Lewin,Everton,0.37,0.04,1.1,4.75,0.55,63.48,0.89,50.59,0.0,1.93,1.49
Kasey McAteer,Leicester City,0.11,0.06,0.72,6.69,0.62,78.64,2.88,43.33,0.0,4.63,1.85
Robin Olsen,Aston Villa,0.0,0.0,0.0,3.2,0.0,64.0,0.4,0.0,0.0,7.2,0.0
Wataru Endo,Liverpool FC,0.0,0.03,0.0,11.7,0.6,94.18,5.4,42.86,0.0,4.2,4.5
Santiago Bueno,Wolverhampton,0.02,0.01,0.16,1.73,0.0,88.05,2.94,52.24,0.0,2.26,1.36
Igor Thiago,Brentford,0.07,0.02,0.0,7.76,1.55,74.07,3.62,53.85,0.0,6.21,1.55
Radu Drăguşin,Tottenham Hotspur,0.01,0.01,0.07,4.32,0.0,85.17,1.8,59.65,0.0,3.45,0.43
Jay Robinson,Southampton,0.03,0.33,0.63,7.55,3.78,69.7,2.52,0.0,0.0,7.55,1.89
Joe Willock,Newcastle United,0.13,0.08,0.25,10.5,0.98,86.98,2.95,25.0,0.0,3.28,1.89
Carlos Soler,West Ham United,0.12,0.12,0.57,8.37,0.51,88.71,1.52,47.83,0.0,4.06,1.65
Fabio Carvalho,Brentford,0.49,0.11,1.18,11.64,0.39,74.7,3.1599999999999997,25.0,0.0,5.92,0.99
Jordan Ayew,Leicester City,0.151,0.08,0.53,6.51,1.38,80.33,2.11,32.79,0.0,4.97,1.64
Tommy Doyle,Wolverhampton,0.1,0.06,0.35,13.3,0.86,85.41,2.76,14.29,0.0,7.43,0.86
Kiernan Dewsbury-Hall,Chelsea,0.07,0.07,0.0,11.4,0.62,85.23,3.0900000000000003,0.0,0.0,2.77,1.23
Dane Scarlett,Tottenham Hotspur,0.1,0.0,2.43,0.0,0.0,60.0,2.43,100.0,0.0,7.3,0.0
Filip Jørgensen,Chelsea,0.0,0.0,0.0,0.17,0.0,82.35,0.0,100.0,0.0,4.5,0.17
Jean-Clair Todibo,West Ham United,0.02,0.0,0.0,2.91,0.44,88.33,3.54,51.85,0.0,3.83,0.78
Youssef Chermiti,Everton,0.2,0.0,1.84,3.67,1.84,60.0,0.0,66.67,0.0,0.0,1.84
Carlos Vinícius,Fulham,0.11,0.0,2.73,0.0,2.73,33.33,0.0,0.0,0.0,0.0,0.0
Nathan Wood,Southampton,0.03,0.01,0.0,2.89,0.46,94.06,2.2,62.5,0.0,2.31,1.04
Craig Dawson,Wolverhampton,0.04,0.01,0.09,3.28,0.09,86.74,2.19,65.63,0.0,3.19,0.55
Kristoffer Ajer,Brentford,0.06,0.03,0.18,6.78,0.43,77.78,2.34,54.9,0.0,2.59,0.8
Roméo Lavia,Chelsea,0.03,0.04,0.0,10.45,1.12,92.18,4.2700000000000005,66.67,0.0,4.49,1.8
Adam Lallana,Southampton,0.04,0.12,0.0,12.89,1.19,85.49,3.0999999999999996,50.0,0.0,4.54,1.91
George Hirst,Ipswich Town,0.28,0.04,0.94,4.01,0.27,57.63,0.67,58.18,0.0,1.6,1.74
Hákon Rafn Valdimarsson,Brentford,0.0,0.0,0.0,4.38,0.0,61.9,0.0,100.0,0.0,8.75,0.0
Luís Guilherme,West Ham United,0.21,0.07,0.51,9.2,3.58,93.1,2.04,66.67,0.0,3.58,0.0
Omari Hutchinson,Ipswich Town,0.1,0.09,0.66,7.92,1.77,84.39,1.4900000000000002,21.21,0.0,3.82,1.04
Richarlison,Tottenham Hotspur,0.65,0.11,1.23,3.68,0.18,62.5,0.88,30.3,0.0,1.93,1.23
Yves Bissouma,Tottenham Hotspur,0.04,0.04,0.25,10.2,0.44,89.01,4.21,50.0,0.0,5.35,1.76
Vladimír Coufal,West Ham United,0.03,0.08,0.17,7.88,0.42,82.24,2.5100000000000002,57.5,0.0,3.27,1.84
Joshua Zirkzee,Manchester United,0.31,0.07,0.7,6.47,0.7,72.1,1.28,29.87,0.0,3.65,0.58
Yukinari Sugawara,Southampton,0.03,0.14,0.35,10.07,0.52,84.63,2.41,35.71,0.0,2.53,0.86
Leny Yoro,Manchester United,0.05,0.01,0.08,6.24,0.15,92.47,3.62,50.0,0.0,3.54,0.69
Solly March,Brighton & Hove Albion,0.05,0.17,0.0,13.39,0.54,71.01,4.28,33.33,0.0,3.75,1.07
Jorginho,Arsenal,0.01,0.07,0.0,14.72,0.13,86.89,2.41,25.0,0.0,6.98,1.9
Wes Burns,Ipswich Town,0.05,0.11,0.1,4.44,0.87,69.85,2.21,27.59,0.0,4.82,0.39
Adam Armstrong,Southampton,0.18539999999999998,0.04,0.65,6.11,0.43,83.64,1.08,35.71,0.0,1.65,0.86
Diego Carlos,Aston Villa,0.07,0.01,0.11,3.26,0.22,89.0,1.4100000000000001,50.0,0.0,3.91,1.2
Jaden Philogene-Bidace,Ipswich Town,0.27,0.04,0.67,6.72,1.01,77.66,4.26,38.46,0.0,4.93,2.24
Jakub Moder,Brighton & Hove Albion,0.0,1.57,0.0,14.52,0.0,80.95,2.9,0.0,0.0,5.81,0.0
Woyo Coulibaly,Leicester City,0.03,0.03,0.84,9.25,0.0,84.09,9.26,0.0,0.0,11.78,1.68
Rasmus Højlund,Manchester United,0.23,0.05,0.58,4.05,0.4,76.31,0.22,24.6,0.0,1.56,0.76
Cheick Doucouré,Crystal Palace,0.08,0.02,0.0,6.82,0.39,85.71,5.26,50.0,0.0,6.04,1.36
Emil Krafth,Newcastle United,0.01,0.01,0.0,4.38,0.0,79.29,1.55,50.0,0.0,4.9,1.29
Tim Iroegbunam,Everton,0.04,0.02,0.0,4.79,1.24,74.19,6.950000000000001,73.33,0.0,7.89,2.32
Mykhailo Mudryk,Chelsea,0.14,0.28,0.57,7.97,1.71,77.14,1.14,33.33,0.0,5.13,1.14
Adam Smith,Bournemouth,0.04,0.04,0.0,6.17,0.34,78.71,2.19,48.28,0.0,2.81,1.07
Jack Taylor,Ipswich Town,0.08,0.09,0.43,7.45,0.43,83.82,3.09,46.67,0.0,5.64,1.7
James Bree,Southampton,0.01,0.06,0.08,7.76,0.33,86.49,2.34,65.0,0.0,5.43,0.33
Michail Antonio,West Ham United,0.24,0.1,0.43,4.69,0.96,70.78,0.21,43.59,0.0,2.35,1.28
Kalvin Phillips,Ipswich Town,0.03,0.03,0.15,7.63,0.36,81.06,3.92,26.67,0.0,4.94,2.03
Hwang Hee-chan,Wolverhampton,0.11,0.04,0.41,8.31,0.27,83.6,1.0899999999999999,25.0,0.0,3.81,0.82
Harry Amass,Manchester United,0.02,0.02,0.0,12.49,0.78,87.41,2.08,53.85,0.0,6.76,0.52
Jarell Quansah,Liverpool FC,0.02,0.04,0.0,6.35,0.18,91.53,3.45,41.18,0.0,3.45,1.63
Ross Stewart,Southampton,0.24,0.01,0.44,4.43,0.67,70.53,1.55,35.14,0.0,1.33,1.55
Danilo Oliveira,Nottingham Forest,0.0,0.01,0.0,5.22,0.92,80.34,3.69,33.33,0.0,5.84,0.61
Kamaldeen Sulemana,Southampton,0.09,0.05,0.5,7.06,2.46,83.84,1.77,32.5,0.0,3.97,1.39
Morato,Nottingham Forest,0.02,0.0,0.1,3.22,0.2,77.63,3.13,30.0,0.0,3.51,1.07
Sammie Szmodics,Ipswich Town,0.31,0.04,1.08,3.87,0.36,77.01,1.98,35.29,0.0,3.78,0.81
Patson Daka,Leicester City,0.15,0.01,0.49,3.42,0.24,73.91,2.44,30.0,0.0,2.2,1.83
Evan Ferguson,West Ham United,0.24,0.14,0.65,3.66,0.86,76.34,1.73,32.14,0.0,3.88,0.86
Conor Coady,Leicester City,0.02,0.03,0.1,2.29,0.05,91.47,1.36,37.14,0.0,3.22,0.42
Alfie Dorrington,Tottenham Hotspur,0.0,0.0,0.0,0.0,0.0,93.75,0.0,0.0,0.0,20.77,0.0
Chiquinho,Wolverhampton,0.0,0.38,0.0,7.5,0.0,100.0,0.0,0.0,0.0,7.5,7.5
Martial Godo,Fulham,0.0,0.23,0.0,19.69,2.81,71.43,2.81,0.0,0.0,2.81,2.81
Matt Targett,Newcastle United,0.0,0.36,0.0,9.0,0.0,92.86,4.5,0.0,0.0,9.0,0.0
Maxwel Cornet,Southampton,0.2,0.0,0.0,3.8,0.0,89.47,6.34,100.0,0.0,2.54,0.0
Jeffrey Schlupp,Crystal Palace,0.12,0.11,1.53,11.44,0.76,86.05,1.53,37.5,0.0,4.58,0.76
Daniel Podence,Wolverhampton,0.08,0.02,0.0,7.83,3.91,73.33,0.0,0.0,0.0,1.96,0.0
Jorge Cuenca,Fulham,0.01,0.0,0.0,2.01,0.5,84.12,2.01,66.67,0.0,2.51,0.5
Asher Agbinone,Crystal Palace,0.09,0.05,0.0,9.47,0.0,100.0,9.47,0.0,0.0,0.0,0.0
Axel Tuanzebe,Ipswich Town,0.01,0.01,0.0,7.34,0.21,86.14,2.83,56.1,0.0,2.57,0.89
Tariq Lamptey,Brighton & Hove Albion,0.04,0.08,0.21,5.39,1.04,87.04,2.48,6.25,0.0,4.04,1.55
Wilson Odobert,Tottenham Hotspur,0.17,0.08,0.42,10.07,1.27,84.77,1.9,33.33,0.0,3.6,0.21
William Osula,Newcastle United,0.09,0.03,0.54,7.5,1.61,72.0,3.21,75.0,0.0,1.07,2.14
Will Smallbone,Southampton,0.07,0.12,0.13,8.55,0.52,82.48,2.8499999999999996,40.0,0.0,2.98,1.42
Oliver Skipp,Leicester City,0.03,0.03,0.08,5.51,0.55,84.44,2.52,66.67,0.0,3.62,1.65
Lamare Bogarde,Aston Villa,0.01,0.02,0.19,7.48,0.37,88.14,2.81,50.0,0.0,2.43,1.5
Renato Veiga,Chelsea,0.07,0.08,0.49,7.83,1.47,84.09,4.890000000000001,50.0,0.0,4.4,2.93
Chido Obi-Martin,Manchester United,0.35,0.02,0.53,2.13,0.53,83.33,1.07,33.33,0.0,4.79,1.6
Chiedozie Ogbene,Ipswich Town,0.0,0.02,0.0,7.5,0.38,79.49,3.01,14.29,0.0,2.25,0.75
Emiliano Buendía,Aston Villa,0.47,0.03,0.0,13.79,0.0,81.67,4.35,0.0,0.0,5.81,2.9
Odsonne Édouard,Leicester City,0.23,0.04,0.59,5.88,0.59,65.71,1.18,28.57,0.0,3.53,3.53
Armando Broja,Everton,0.03,0.03,0.0,5.63,2.14,74.65,1.07,46.15,0.0,2.41,1.61
Daniel Jebbison,Bournemouth,0.5,0.07,1.0,9.0,2.0,84.62,3.0,23.08,0.0,5.0,1.0
Jeremy Monga,Leicester City,0.12,0.02,0.76,7.63,1.53,72.0,1.53,0.0,0.0,7.63,0.0
Ben Brereton Díaz,Southampton,0.18,0.03,0.2,11.59,0.2,79.25,0.59,56.25,0.0,3.14,0.79
Tyrell Malacia,Manchester United,0.0,0.02,0.0,12.73,0.91,89.58,2.73,0.0,0.0,2.73,2.73
Archie Gray,Tottenham Hotspur,0.0,0.01,0.05,4.18,0.36,89.34,1.79,50.0,0.0,3.52,0.87
Bobby De Cordova-Reid,Leicester City,0.09,0.02,0.34,5.71,0.0,75.14,1.03,30.0,0.0,3.31,1.03
Julio Soler,Bournemouth,0.0,0.0,0.0,15.0,0.0,84.62,3.75,0.0,0.0,0.0,0.0
Ben Mee,Brentford,0.0,0.01,0.0,6.46,0.0,77.59,2.58,50.0,0.0,4.74,2.15
Nathaniel Clyne,Crystal Palace,0.0,0.04,0.0,4.11,0.0,77.83,2.68,12.5,0.0,1.79,0.36
Kosta Nedeljković,Aston Villa,0.0,0.01,0.0,5.54,0.69,90.24,4.85,0.0,0.0,2.77,0.0
Carlos Forbs,Wolverhampton,0.05,0.04,0.0,10.08,2.61,71.25,3.3600000000000003,25.0,0.0,4.11,0.75
Marc Guiu,Chelsea,0.0,0.03,0.0,8.87,0.0,68.75,1.27,0.0,0.0,2.54,0.0
Massimo Luongo,Ipswich Town,0.0,0.01,0.0,4.54,0.0,78.13,4.55,100.0,0.0,4.13,0.41
Josh Acheampong,Chelsea,0.11,0.01,0.0,4.48,0.5,83.74,1.49,14.29,0.0,3.48,0.0
Ben Johnson,Ipswich Town,0.07,0.06,0.2,4.28,0.53,77.81,3.36,51.35,0.0,3.76,1.78
Mikey Moore,Tottenham Hotspur,0.05,0.14,0.24,7.98,0.48,82.05,0.72,14.29,0.0,2.66,0.73
Taiwo Awoniyi,Nottingham Forest,0.4,0.02,0.75,4.91,0.75,64.89,1.13,26.92,0.0,3.4,1.51
Cameron Archer,Southampton,0.30319999999999997,0.05,0.68,4.03,0.93,83.0,0.93,23.08,0.0,2.17,0.99
Claudio Echeverri,Manchester City,0.0,0.08,0.0,8.18,0.0,100.0,8.18,0.0,0.0,8.18,0.0
Jeremy Sarmiento,Brighton & Hove Albion,0.0,0.0,0.0,22.5,0.0,100.0,0.0,0.0,0.0,11.25,0.0
Mathis Amougou,Chelsea,0.0,0.0,0.0,30.0,0.0,100.0,0.0,0.0,0.0,15.0,0.0
Jayden Meghoma,Brentford,0.0,0.0,0.0,0.0,0.0,100.0,0.0,0.0,0.0,7.5,0.0
Ronnie Edwards,Southampton,0.0,0.0,0.0,0.0,0.0,100.0,0.0,0.0,0.0,0.0,0.0
Jahmai Simpson-Pusey,Manchester City,0.0,0.02,0.0,2.65,0.0,92.98,0.88,25.0,0.0,2.65,0.0
Eric da Silva Moreira,Nottingham Forest,0.0,0.0,0.0,3.21,0.0,83.33,9.64,0.0,0.0,6.43,0.0
Joachim Kayi Sanda,Southampton,0.0,0.0,0.0,0.0,0.0,100.0,8.18,0.0,0.0,0.0,0.0
Caleb Kporha,Crystal Palace,0.0,0.09,0.0,9.47,0.0,75.0,9.47,0.0,0.0,4.74,0.0
Will Lankshear,Tottenham Hotspur,0.0,0.0,0.0,0.0,0.0,0.0,0.0,0.0,0.0,0.0,18.0
Kim Ji-Soo,Brentford,0.0,0.0,0.0,9.64,0.0,89.29,0.0,0.0,0.0,0.0,3.21
Ali Al-Hamadi,Ipswich Town,0.22,0.03,0.0,6.25,2.5,83.33,0.63,33.33,0.0,2.5,5.0
Divin Mubama,Manchester City,0.13,0.0,0.0,0.0,0.0,66.67,0.0,0.0,0.0,3.33,0.0
Jake Evans,Leicester City,0.0,0.0,0.0,2.9,0.0,66.67,2.9,0.0,0.0,0.0,0.0
Julián Araujo,Bournemouth,0.0,0.02,0.0,7.5,0.0,81.68,2.79,25.0,0.0,5.06,1.22
Federico Chiesa,Liverpool FC,0.26,0.12,1.55,10.86,0.0,92.86,0.78,0.0,0.0,4.66,2.33
Harrison Reed,Fulham,0.16,0.07,1.35,12.18,0.0,79.17,4.739999999999999,25.0,0.0,6.77,4.06
Callum Wilson,Newcastle United,0.09,0.02,0.24,3.18,0.24,78.0,0.73,11.11,0.0,2.69,0.98
Altay Bayındır,Manchester United,0.0,0.0,0.0,0.25,0.0,57.14,0.0,50.0,0.0,5.0,0.0
Andrés García,Aston Villa,0.01,0.12,0.0,11.63,1.38,92.41,3.04,0.0,0.0,4.15,0.28
Frank Onyeka,Brentford,0.0,0.06,0.0,6.43,0.0,85.71,0.0,0.0,0.0,6.43,6.43
Marcus Harness,Ipswich Town,0.0,0.1,0.0,14.65,0.0,62.5,2.09,0.0,0.0,4.19,0.0
Harry Clarke,Ipswich Town,0.02,0.02,0.24,10.24,0.24,82.21,2.1399999999999997,71.43,0.0,4.05,1.19
Samuel Amo-Ameyaw,Southampton,0.07,0.45,0.0,13.85,0.0,100.0,3.46,0.0,0.0,3.46,3.46
Yunus Konak,Brentford,0.19,0.01,0.0,11.25,0.0,71.43,5.0,33.33,0.0,2.5,3.75
Armel Bella-Kotchap,Southampton,0.09,0.01,0.0,1.91,0.0,90.58,3.2800000000000002,54.55,0.0,5.2,0.82
Scott McTominay,Manchester United,0.29,0.0,0.0,8.18,0.0,100.0,0.0,100.0,0.0,4.09,0.0
Rico Henry,Brentford,0.0,0.01,0.0,7.2,0.0,67.57,2.7,50.0,0.0,6.3,1.8
Jayden Danns,Liverpool FC,0.0,0.09,0.0,9.0,0.0,100.0,0.0,0.0,0.0,0.0,0.0
Danny Ward,Leicester City,0.0,0.0,0.0,1.33,0.0,72.73,0.0,0.0,0.0,7.33,0.0
Harrison Armstrong,Everton,0.71,0.0,0.0,5.74,1.91,53.85,0.0,0.0,0.0,3.83,3.83
Albert Grønbæk,Southampton,0.07,0.01,0.0,3.0,0.0,76.47,2.4,100.0,0.0,3.6,0.0
Ryan Fraser,Southampton,0.01,0.03,0.29,3.75,0.58,85.06,2.02,40.0,0.0,2.88,0.29
Joel Ward,Crystal Palace,0.0,0.01,0.0,1.06,0.0,58.33,2.12,100.0,0.0,7.41,4.24
Nasser Djiga,Wolverhampton,0.0,0.01,0.0,5.54,0.0,82.61,2.77,50.0,0.0,2.77,0.0
Mason Holgate,Everton,0.0,0.0,0.0,0.0,0.0,0.0,0.0,0.0,0.0,0.0,0.0
Roman Dixon,Everton,0.0,0.0,0.0,3.0,0.0,56.25,6.0,0.0,0.0,6.0,0.0
Eiran Cashin,Brighton & Hove Albion,0.0,0.0,0.0,23.68,0.0,85.19,0.0,66.67,0.0,4.74,0.0
Ben Godfrey,Ipswich Town,0.0,0.01,0.0,4.53,0.0,82.0,1.6999999999999997,100.0,0.0,1.13,0.57
Vitor Reis,Manchester City,0.0,0.0,0.0,0.0,90.0,100.0,0.0,0.0,0.0,0.0,0.0
Mateus Mané,Wolverhampton,0.0,0.0,0.0,0.0,0.0,80.0,0.0,100.0,0.0,0.0,0.0
Boubacar Traoré,Wolverhampton,0.0,0.0,0.0,0.0,0.0,0.0,180.0,0.0,0.0,0.0,0.0
Jay Stansfield,Fulham,0.0,0.0,0.0,0.0,0.0,0.0,0.0,0.0,0.0,0.0,90.0
Michael Golding,Leicester City,0.0,0.0,0.0,0.0,0.0,0.0,0.0,0.0,0.0,0.0,0.0
Tom King,Wolverhampton,0.0,0.0,0.0,0.0,0.0,0.0,0.0,0.0,0.0,90.0,0.0
William Alves,Leicester City,0.0,0.0,0.0,0.0,0.0,100.0,0.0,0.0,0.0,0.0,0.0
Kaelan Casey,West Ham United,0.0,0.0,0.0,0.0,0.0,0.0,0.0,100.0,0.0,0.0,0.0
Zain Silcott-Duberry,Bournemouth,0.0,0.0,0.0,0.0,0.0,50.0,90.0,0.0,0.0,0.0,0.0
Olabade Aluko,Leicester City,0.0,0.0,0.0,0.0,0.0,60.0,90.0,0.0,0.0,0.0,0.0
Remy Rees-Dottin,Bournemouth,0.0,0.0,0.0,0.0,0.0,0.0,0.0,0.0,0.0,0.0,0.0
George Edmundson,Ipswich Town,0.0,0.0,0.0,0.0,0.0,50.0,0.0,0.0,0.0,0.0,0.0
Alfie Pond,Wolverhampton,0.0,0.0,0.0,0.0,0.0,100.0,0.0,0.0,0.0,0.0,0.0
Shumaira Mheuka,Chelsea,5.4,0.0,90.0,0.0,0.0,0.0,0.0,100.0,0.0,0.0,0.0
Aitor Fernández,Osasuna,0.0,0.0,0.0,3.0,0.0,60.98,0.0,0.0,0.0,10.0,0.0
Leo Román,Mallorca,0.0,0.0,0.0,1.57,0.14,53.6,0.0,100.0,0.0,7.14,0.0
Raphinha,FC Barcelona,0.5632,0.32,1.36,16.17,1.65,79.46,1.4899999999999998,60.0,0.0,2.97,0.35
Lamine Yamal,FC Barcelona,0.31,0.37,1.48,19.91,5.06,78.93,1.82,25.0,0.0,3.87,0.94
Kylian Mbappé,Real Madrid,0.5816,0.2,2.62,17.69,2.56,85.28,0.28,40.0,0.0,1.11,0.77
Sergio Arribas,Real Betis,0.0,0.0,0.0,1.0,0.0,68.29,10.0,100.0,0.0,3.0,0.0
Unai Marrero,Real Sociedad,0.0,0.0,0.0,0.0,0.0,77.78,0.0,0.0,0.0,6.0,0.0
Pedri,FC Barcelona,0.07,0.28,0.34,28.57,1.24,89.03,2.71,53.85,0.0,7.9,0.31
Isco,Real Betis,0.22700000000000004,0.22,0.87,26.29,1.57,86.21,1.7999999999999998,37.14,0.0,4.12,1.33
Alex Baena,Villarreal,0.2266,0.44,0.62,12.14,0.73,74.02,1.73,45.95,0.0,4.84,1.49
Federico Valverde,Real Madrid,0.08,0.09,0.65,16.47,0.47,91.12,3.11,62.79,0.0,5.16,0.36
Jude Bellingham,Real Madrid,0.35539999999999994,0.16,0.83,17.65,1.48,87.54,3.21,48.39,0.0,3.5,1.19
Giovani Lo Celso,Real Betis,0.1518,0.32,1.18,19.86,1.3,84.82,2.41,31.25,0.0,4.7,0.8
Antony,Real Betis,0.19,0.19,1.12,20.59,1.58,84.02,2.31,26.32,0.0,4.82,0.99
Rodrygo,Real Madrid,0.19,0.19,0.93,22.16,2.28,90.91,1.49,30.43,0.0,3.3,0.37
Joan García,Espanyol,0.0,0.0,0.03,1.26,0.0,66.95,0.0,95.83,0.0,10.32,0.0
Luka Modrić,Real Madrid,0.08,0.31,0.3,29.95,0.69,91.33,2.85,31.58,0.0,5.16,1.13
Vinícius Júnior,Real Madrid,0.3364,0.28,1.12,15.27,3.27,79.03,0.96,12.5,0.0,2.83,1.2
Dani Olmo,FC Barcelona,0.363,0.27,1.25,15.69,1.69,83.33,1.4,50.0,0.0,3.39,1.55
Robert Lewandowski,FC Barcelona,0.8086,0.05,1.61,5.87,0.67,74.66,0.44000000000000006,48.05,0.0,1.51,1.01
Dani Carvajal,Real Madrid,0.19,0.04,0.15,14.78,0.3,88.06,3.25,58.33,0.0,3.1,0.44
Cucho Hernández,Real Betis,0.3,0.05,0.86,8.15,1.33,74.66,1.72,45.31,0.0,2.19,0.78
Iago Aspas,Celta Vigo,0.2082,0.2,1.24,14.42,0.77,76.69,1.08,50.0,0.0,2.83,0.82
Sergio Herrera,Osasuna,0.0,0.0,0.0,1.27,0.03,66.52,0.05,83.33,0.0,9.03,0.03
Arda Güler,Real Madrid,0.23,0.31,1.2,22.06,1.41,89.94,2.6100000000000003,42.11,0.0,3.96,1.06
Julián Alvarez,Atlético Madrid,0.4008,0.19,1.47,11.33,1.22,78.52,0.96,28.89,0.0,2.68,0.93
Iñigo Martínez,FC Barcelona,0.02,0.07,0.07,13.07,0.11,91.39,1.55,64.52,0.0,4.55,0.65
Dani Raba,Leganés,0.17279999999999998,0.22,0.81,7.78,2.18,73.8,2.42,23.81,0.0,4.27,1.9
Éder Militão,Real Madrid,0.06,0.02,0.29,6.89,0.48,89.8,2.9699999999999998,63.64,0.0,4.21,1.72
Jon Magunazelaia,Real Sociedad,0.0,1.08,0.0,9.0,0.0,53.85,9.0,100.0,0.0,45.0,9.0
Ayoze Pérez,Villarreal,0.58,0.09,1.41,6.37,1.55,77.92,1.5899999999999999,28.26,0.0,2.55,1.0
Juan Foyth,Villarreal,0.14,0.05,0.29,5.84,0.24,87.54,2.59,59.42,0.0,3.6,0.94
Luiz Júnior,Villarreal,0.0,0.0,0.0,0.56,0.0,66.58,0.0,87.5,0.0,9.08,0.0
Pablo Torre,FC Barcelona,0.11,0.37,1.14,18.86,0.57,85.44,2.29,14.29,0.0,4.29,1.14
Antoine Griezmann,Atlético Madrid,0.2154,0.24,0.65,14.79,0.54,80.41,1.31,47.73,0.0,3.37,0.4
Jules Koundé,FC Barcelona,0.06,0.13,0.21,16.58,0.76,88.65,2.87,54.55,0.0,3.7,0.76
Marcos Llorente,Atlético Madrid,0.03,0.11,0.18,10.78,0.5,87.9,3.4400000000000004,50.0,0.0,4.69,0.82
Yan Diomande,Leganés,0.28,0.15,0.49,10.78,3.76,87.08,3.6,20.0,0.0,6.7,1.31
Dani Vivian,Athletic Club,0.07,0.02,0.17,6.65,0.34,87.41,3.0,58.44,0.0,5.65,0.93
Eduardo Camavinga,Real Madrid,0.04,0.06,0.16,14.37,1.23,88.96,4.93,55.0,0.0,7.39,1.72
Nayef Aguerd,Real Sociedad,0.12,0.01,0.26,5.41,0.26,87.74,2.19,64.89,0.0,3.73,0.56
Ante Budimir,Osasuna,0.3728,0.03,1.12,2.91,0.3,57.21,0.6699999999999999,50.37,0.0,1.64,1.43
Antonio Raíllo,Mallorca,0.06,0.03,0.22,4.21,0.06,88.95,1.6800000000000002,60.09,0.0,2.92,1.4
Nahuel Tenaglia,Deportivo Alavés,0.07,0.04,0.28,5.45,0.52,74.41,4.41,47.0,0.0,3.6,1.14
Dani Ceballos,Real Madrid,0.03,0.15,0.22,24.61,0.59,95.11,4.04,75.0,0.0,6.39,0.96
Rubén García,Osasuna,0.11,0.17,0.37,11.89,0.44,79.72,2.4699999999999998,42.42,0.0,4.5,1.33
Rodrigo De Paul,Atlético Madrid,0.05,0.25,0.17,18.91,0.6,84.09,1.67,36.36,0.0,5.45,0.81
Sergio Gómez,Real Sociedad,0.06,0.25,0.33,10.37,0.72,84.56,2.95,46.51,0.0,4.79,0.95
Nicolas Pépé,Villarreal,0.24,0.25,1.02,14.75,1.63,83.45,1.62,47.06,0.0,3.19,1.2
Thibaut Courtois,Real Madrid,0.0,0.0,0.0,0.3,0.0,80.26,0.03,100.0,0.0,7.87,0.0
Marcos Alonso,Celta Vigo,0.05199999999999999,0.07,0.44,12.24,0.54,90.47,2.34,61.95,0.0,5.97,1.05
Gerard Moreno,Villarreal,0.22360000000000002,0.24,1.51,14.18,2.26,79.73,1.13,80.95,0.0,3.14,1.26
Yeray Álvarez,Athletic Club,0.02,0.02,0.1,4.83,0.3,84.4,2.9699999999999998,53.68,0.0,4.18,0.76
Florian Lejeune,Rayo Vallecano,0.1,0.03,0.46,5.66,0.11,84.02,2.35,59.62,0.0,4.22,1.35
Luis Milla,Getafe,0.036599999999999994,0.15,0.25,11.07,0.66,81.24,2.66,45.71,0.0,5.25,1.19
Ronald Araújo,FC Barcelona,0.11,0.03,0.23,7.99,0.0,91.92,2.4699999999999998,61.11,0.0,3.17,1.06
Juan Musso,Atlético Madrid,0.0,0.0,0.0,0.0,0.0,83.33,0.0,100.0,0.0,7.5,0.0
Aurélien Tchouaméni,Real Madrid,0.06,0.03,0.1,9.49,0.33,92.91,3.1100000000000003,73.27,0.0,4.78,0.87
Clément Lenglet,Atlético Madrid,0.11,0.03,0.18,5.01,0.14,87.76,2.23,50.0,0.0,3.37,1.32
Óscar Mingueza,Celta Vigo,0.05,0.21,0.33,15.14,0.82,80.89,1.97,50.0,0.0,4.53,0.79
Augusto Batalla,Rayo Vallecano,0.0,0.0,0.0,1.63,0.19,63.12,0.13,100.0,0.0,8.94,0.03
Dominik Greif,Mallorca,0.0,0.0,0.0,1.52,0.06,66.96,0.0,83.33,0.0,7.71,0.0
Sergi Cardona,Villarreal,0.07,0.14,0.18,7.1,0.3,79.98,3.38,60.56,0.0,3.99,1.16
Ferran Torres,FC Barcelona,0.65,0.21,1.79,12.01,0.89,77.58,0.97,35.71,0.0,2.19,0.41
Viktor Tsygankov,Girona FC,0.13,0.2,0.47,10.97,0.7,81.67,1.5899999999999999,34.48,0.0,3.23,0.66
Andriy Lunin,Real Madrid,0.0,0.0,0.0,0.29,0.0,84.8,0.14,100.0,0.0,7.0,0.0
Takefusa Kubo,Real Sociedad,0.13,0.14,0.53,12.32,2.83,77.03,1.81,36.67,0.0,4.46,0.79
Arsen Zakharyan,Real Sociedad,0.25,0.16,2.54,12.68,1.27,84.38,2.54,0.0,0.0,2.54,1.27
Unai Simón,Athletic Club,0.0,0.0,0.0,1.48,0.0,65.83,0.05,100.0,0.0,8.24,0.0
Alejandro Catena,Osasuna,0.07,0.06,0.15,2.78,0.23,84.17,2.37,66.02,0.0,3.16,1.05
Marc Roca,Real Betis,0.1,0.05,0.4,10.59,0.4,87.64,3.37,27.78,0.0,5.05,1.58
Dodi Lukebakio,Sevilla,0.2666,0.12,1.13,8.34,2.44,81.73,0.96,46.15,0.0,3.49,1.13
Santi Comesaña,Villarreal,0.16,0.09,0.28,10.08,0.63,85.63,3.62,39.51,0.0,5.58,1.29
Joan Jordán,Deportivo Alavés,0.10499999999999998,0.16,0.51,15.01,0.38,81.82,2.61,55.17,0.0,3.88,1.78
Pape Gueye,Villarreal,0.13,0.09,0.69,9.27,0.44,81.55,3.2700000000000005,57.14,0.0,5.08,1.25
Lucas Vázquez,Real Madrid,0.06,0.16,0.12,14.24,0.77,89.89,3.04,36.36,0.0,3.37,1.18
Marc Bartra,Real Betis,0.05,0.01,0.21,3.94,0.3,81.74,2.82,54.84,0.0,3.77,0.64
Kike García,Deportivo Alavés,0.2642,0.05,0.95,5.41,0.46,66.9,0.7100000000000001,52.09,0.0,3.16,1.72
Jan Oblak,Atlético Madrid,0.0,0.0,0.0,0.31,0.06,76.31,0.0,100.0,0.0,7.44,0.0
Álvaro García,Rayo Vallecano,0.27,0.21,0.91,8.35,0.35,71.25,2.2800000000000002,35.71,0.0,3.3,0.63
Rui Silva,Real Betis,0.0,0.0,0.0,0.4,0.0,75.66,0.0,100.0,0.0,8.6,0.07
Oihan Sancet,Athletic Club,0.4074,0.08,1.11,10.96,1.33,83.82,1.0,48.0,0.0,4.26,0.89
Fábio Silva,Las Palmas,0.31079999999999997,0.09,1.15,5.37,1.01,68.56,0.77,49.06,0.0,2.3,1.87
Sergi Darder,Mallorca,0.07,0.17,0.29,10.14,1.11,81.43,1.82,58.33,0.0,3.97,0.68
Daley Blind,Girona FC,0.02,0.08,0.13,16.0,0.49,90.2,2.63,41.46,0.0,3.76,0.62
Marc Casadó,FC Barcelona,0.06,0.1,0.06,15.47,0.22,89.89,3.66,28.13,0.0,4.99,1.44
Fran García,Real Madrid,0.04,0.09,0.12,15.91,0.33,88.96,3.25,44.74,0.0,4.36,0.53
Antonio Rüdiger,Real Madrid,0.07,0.04,0.16,6.31,0.12,92.22,1.13,58.06,0.0,3.99,0.59
Iñaki Williams,Athletic Club,0.25,0.17,0.81,7.09,1.12,70.49,0.99,57.69,0.0,2.95,0.75
Juan Soriano,Leganés,0.0,0.0,0.0,1.5,0.0,47.27,0.17,0.0,0.0,9.33,0.0
Dani Parejo,Villarreal,0.0376,0.08,0.16,13.87,0.32,88.98,3.01,73.53,0.0,5.61,0.79
Omar Alderete,Getafe,0.05,0.03,0.3,5.17,0.54,66.36,2.45,65.81,0.0,3.48,1.0
Miguel Gutiérrez,Girona FC,0.06,0.17,0.33,10.15,1.06,88.36,1.9300000000000002,23.81,0.0,5.26,1.06
Axel Witsel,Atlético Madrid,0.0,0.07,0.0,2.73,0.1,90.79,2.83,58.97,0.0,3.36,0.42
Antonio Sivera,Deportivo Alavés,0.0,0.01,0.0,3.14,0.0,51.12,0.06,85.71,0.0,7.62,0.13
Fermín López,FC Barcelona,0.41,0.31,1.15,17.07,1.79,86.15,1.7200000000000002,30.0,0.0,4.73,1.94
Jasper Cillessen,Las Palmas,0.0,0.0,0.0,1.19,0.0,63.36,0.04,66.67,0.0,8.86,0.0
Ilias Akhomach,Villarreal,0.09,0.26,0.92,7.35,2.91,79.88,2.3000000000000003,53.85,0.0,4.59,1.38
Martín Zubimendi,Real Sociedad,0.08,0.04,0.24,9.75,0.58,84.42,3.5600000000000005,62.07,0.0,4.25,1.34
Mouctar Diakhaby,Valencia,0.18,0.01,0.55,2.05,0.27,84.59,2.59,78.26,0.0,3.14,0.27
Frenkie de Jong,FC Barcelona,0.05,0.16,0.23,26.37,0.39,95.08,2.4299999999999997,58.82,0.0,4.46,1.1
Unai Núñez,Athletic Club,0.03,0.01,0.0,2.37,0.28,87.08,3.77,52.0,0.0,3.91,1.4
David Soria,Getafe,0.0,0.0,0.0,2.34,0.0,46.76,0.14,100.0,0.0,7.68,0.0
Diego Llorente,Real Betis,0.05,0.01,0.18,3.14,0.21,86.89,2.81,63.11,0.0,3.32,0.71
Alexander Sørloth,Atlético Madrid,0.9332,0.04,2.42,5.42,0.81,65.52,0.5800000000000001,65.77,0.0,2.37,1.5
Marko Dmitrović,Leganés,0.0,0.0,0.0,2.03,0.03,38.37,0.03,100.0,0.0,9.75,0.03
Yangel Herrera,Girona FC,0.14,0.05,0.56,8.78,0.75,84.43,3.85,52.0,0.0,4.21,2.86
Leandro Cabrera,Espanyol,0.04,0.02,0.19,3.2,0.03,76.53,2.19,63.64,0.0,2.6,0.75
Álex Berenguer,Athletic Club,0.2288,0.17,0.73,10.52,1.26,77.06,1.6,34.18,0.0,4.32,1.11
Pepelu,Valencia,0.03199999999999999,0.13,0.31,15.03,0.41,84.12,3.2,51.11,0.0,5.11,1.34
Kirian Rodríguez,Las Palmas,0.08,0.07,0.46,9.62,0.56,86.83,2.19,43.33,0.0,5.09,0.46
Edu Expósito,Espanyol,0.09,0.2,0.51,9.41,1.28,72.4,3.25,47.83,0.0,5.39,1.2
Angel Ortiz,Real Betis,0.01,0.06,0.0,8.92,1.02,79.41,4.33,41.67,0.0,4.08,1.53
Iker Almena,Girona FC,0.06,0.74,0.0,15.65,3.91,80.77,0.0,0.0,0.0,3.91,0.0
Iñaki Peña,FC Barcelona,0.0,0.0,0.0,0.0,0.0,87.64,0.0,100.0,0.0,9.87,0.0
Marc Bernal,FC Barcelona,0.03,0.03,0.37,8.15,0.74,92.5,3.33,14.29,0.0,3.33,1.48
Aimar Oroz,Osasuna,0.1066,0.11,0.48,11.44,1.48,83.98,1.6600000000000001,46.34,0.0,4.95,0.85
José María Giménez,Atlético Madrid,0.02,0.01,0.05,3.48,0.09,91.81,2.3899999999999997,50.0,0.0,3.52,0.59
José Luis Gayà,Valencia,0.05,0.16,0.2,7.45,0.35,81.91,4.07,50.0,0.0,4.62,1.39
Eric García,FC Barcelona,0.13,0.09,0.46,15.6,0.29,92.39,2.9699999999999998,49.09,0.0,3.09,1.14
Pablo Fornals,Real Betis,0.09,0.14,0.2,14.9,0.34,82.88,2.16,47.5,0.0,5.59,0.59
Jorge Sáenz,Leganés,0.07,0.02,0.16,2.34,0.21,83.89,3.3,50.62,0.0,3.09,1.6
Diego Rico,Getafe,0.01,0.11,0.1,6.98,0.19,69.42,3.63,58.33,0.0,4.21,1.21
Raúl Asencio,Real Madrid,0.01,0.02,0.05,3.39,0.32,93.87,2.04,67.39,0.0,4.03,0.65
Bryan Gil,Girona FC,0.12,0.17,0.78,13.24,2.13,89.67,2.2800000000000002,16.67,0.0,4.05,1.14
Thierno Barry,Villarreal,0.4488,0.08,0.97,3.72,0.7,62.35,0.43,66.67,0.0,1.4,1.82
Pablo Maffeo,Mallorca,0.01,0.13,0.04,5.54,1.55,76.18,3.2299999999999995,52.5,0.0,4.06,0.83
Santiago Mouriño,Deportivo Alavés,0.05,0.03,0.19,3.12,0.19,78.52,3.51,57.14,0.0,4.14,1.56
Enzo Barrenechea,Valencia,0.05,0.04,0.12,10.49,0.45,87.04,3.4699999999999998,60.66,0.0,4.78,1.02
Carl Starfelt,Celta Vigo,0.02,0.01,0.04,2.85,0.04,93.67,2.8200000000000003,54.78,0.0,3.05,0.83
Sandro Ramírez,Las Palmas,0.1488,0.14,0.92,6.43,0.7,74.08,1.89,42.86,0.0,4.09,1.14
Álex Remiro,Real Sociedad,0.0,0.0,0.0,0.92,0.0,72.02,0.03,100.0,0.0,7.25,0.0
Saúl Ñíguez,Sevilla,0.16,0.13,0.52,7.0,0.69,80.31,3.99,54.05,0.0,4.98,2.55
Héctor Bellerín,Real Betis,0.03,0.33,0.16,6.38,0.93,83.15,2.95,42.86,0.0,2.02,0.93
César Azpilicueta,Atlético Madrid,0.02,0.04,0.21,10.57,0.1,87.65,3.08,50.0,0.0,2.87,0.82
Dinko Horkaš,Las Palmas,0.0,0.0,0.0,1.66,0.08,73.56,0.0,100.0,0.0,7.81,0.08
Yuri Berchiche,Athletic Club,0.02,0.1,0.18,10.33,0.26,85.45,2.6399999999999997,58.33,0.0,5.32,0.79
Ramón Martínez,Sevilla,0.12,0.01,1.03,4.48,0.34,92.62,2.76,70.0,0.0,1.72,0.34
Luis Rioja,Valencia,0.053200000000000004,0.18,0.44,9.36,1.32,77.23,1.79,42.11,0.0,3.52,0.6
Samuel Lino,Atlético Madrid,0.34,0.13,1.04,12.11,1.56,82.01,2.36,53.85,0.0,4.9,0.86
Martin Valjent,Mallorca,0.03,0.02,0.16,4.07,0.2,86.8,1.5699999999999998,53.85,0.0,3.32,0.49
Lucien Agoumé,Sevilla,0.04,0.07,0.08,10.27,0.93,82.89,4.6899999999999995,50.0,0.0,5.75,2.07
Isi Palazón,Rayo Vallecano,0.19,0.19,0.74,13.03,1.03,83.33,1.23,31.03,0.0,4.19,1.6
Pau Cubarsí,FC Barcelona,0.03,0.03,0.0,9.21,0.21,93.63,1.72,58.33,0.0,3.5,0.82
Johnny Cardoso,Real Betis,0.09,0.03,0.29,6.76,1.09,86.04,4.33,61.7,0.0,5.8,1.6
Andrei Rațiu,Rayo Vallecano,0.05,0.11,0.23,9.98,2.23,84.15,2.87,37.74,0.0,4.96,0.7
Kike Salas,Sevilla,0.08,0.03,0.28,3.93,0.12,79.64,3.16,68.7,0.0,3.81,0.84
Lucas Ocampos,Sevilla,0.08,0.07,1.02,11.25,1.02,73.17,1.53,42.86,0.0,3.07,1.53
Aridane Hernández,Rayo Vallecano,0.08,0.01,0.18,2.11,0.26,88.02,1.67,68.85,0.0,4.22,0.44
Julen Agirrezabala,Athletic Club,0.0,0.0,0.0,0.52,0.0,64.89,0.0,100.0,0.0,7.83,0.22
Yéremy Pino,Villarreal,0.18,0.18,0.42,9.33,1.16,77.52,3.14,40.0,0.0,4.3,2.26
Carlos Vicente,Deportivo Alavés,0.0766,0.17,0.41,6.57,0.99,74.51,1.78,36.17,0.0,3.87,1.1
Adnan Januzaj,Las Palmas,0.13,0.24,0.74,12.29,2.07,79.49,1.78,22.22,0.0,4.44,0.74
Vedat Muriqi,Mallorca,0.3286,0.07,0.83,5.09,0.39,61.95,0.6,57.63,0.0,2.13,1.26
Nico Williams,Athletic Club,0.19,0.19,0.86,10.77,3.06,79.17,1.58,37.93,0.0,4.32,0.77
Arnau Martínez,Girona FC,0.04,0.06,0.2,12.1,0.68,88.14,2.8,58.49,0.0,4.26,0.68
Jacobo Ramón,Real Madrid,0.07,0.01,0.44,3.1,0.0,93.33,4.43,50.0,0.0,2.22,0.89
Ibrahim Alani,Real Valladolid,0.01,0.02,0.0,5.09,0.57,84.34,7.36,75.0,0.0,7.36,1.13
Dani Rodríguez,Mallorca,0.11,0.14,0.41,6.91,0.66,77.66,2.53,43.08,0.0,2.9,2.11
Marash Kumbulla,Espanyol,0.06,0.01,0.15,1.63,0.12,84.86,2.5700000000000003,60.83,0.0,2.24,1.12
Omar El Hilali,Espanyol,0.0,0.04,0.0,3.62,0.48,80.64,4.5,55.22,0.0,3.76,1.48
Mikel Jauregizar,Athletic Club,0.04,0.05,0.32,9.51,0.8,82.46,4.53,50.0,0.0,5.78,1.85
Iñigo Ruiz de Galarreta,Athletic Club,0.03,0.16,0.06,12.79,0.97,83.46,3.1399999999999997,40.0,0.0,7.24,2.59
Iván Sánchez,Real Valladolid,0.04,0.19,0.38,9.75,1.78,84.21,3.25,56.0,0.0,3.76,0.96
Alejandro Balde,FC Barcelona,0.02,0.11,0.12,11.39,1.81,91.21,0.9099999999999999,64.0,0.0,4.79,0.63
Jon Martin,Real Sociedad,0.06,0.02,0.2,2.4,0.0,86.83,1.8,82.81,0.0,2.2,2.0
Bryan Zaragoza,Osasuna,0.13,0.25,0.63,6.26,2.77,72.62,0.8200000000000001,16.67,0.0,2.67,0.92
Paulo Gazzaniga,Girona FC,0.0,0.0,0.0,0.51,0.08,78.2,0.03,33.33,0.0,6.96,0.03
Ilaix Moriba,Celta Vigo,0.07,0.1,0.51,11.29,0.63,86.29,3.4499999999999997,52.83,0.0,4.55,1.35
Pablo Gavi,FC Barcelona,0.07,0.12,0.08,18.02,0.73,90.99,3.27,43.75,0.0,4.97,3.1
Suso,Sevilla,0.11,0.19,0.6,19.83,2.1,84.59,2.1,28.57,0.0,4.66,0.9
Mauro Arambarri,Getafe,0.202,0.02,0.64,5.1,0.61,74.68,2.13,51.3,0.0,4.63,1.72
Carles Aleñá,Deportivo Alavés,0.09,0.08,0.29,9.98,0.87,79.78,1.5699999999999998,57.14,0.0,3.42,1.1
Abdessamad Ezzalzouli,Real Betis,0.31099999999999994,0.1,1.17,11.32,2.08,75.98,1.99,40.63,0.0,4.6,1.04
André Almeida,Valencia,0.05,0.22,0.23,14.23,0.99,88.62,2.52,23.81,0.0,4.01,1.26
Wojciech Szczęsny,FC Barcelona,0.0,0.0,0.0,0.2,0.07,87.47,0.07,100.0,0.0,8.13,0.07
Carlos Domínguez,Celta Vigo,0.02,0.01,0.08,6.22,0.15,88.77,2.73,65.91,0.0,3.41,0.61
Josep Chavarría,Rayo Vallecano,0.04,0.07,0.1,9.04,0.35,82.06,2.64,44.44,0.0,3.96,1.08
Giuliano Simeone,Atlético Madrid,0.1,0.22,0.32,9.32,1.38,78.8,1.9,34.29,0.0,3.32,1.06
Diego Conde,Villarreal,0.0,0.0,0.0,0.64,0.0,77.46,0.14,100.0,0.0,8.02,0.0
Pablo Barrios,Atlético Madrid,0.05,0.08,0.31,13.45,0.96,87.27,3.08,62.5,0.0,5.05,1.08
Carlos Romero,Espanyol,0.07,0.08,0.21,5.84,0.77,75.86,3.62,38.46,0.0,4.39,1.2
Manu Morlanes,Mallorca,0.04,0.05,0.07,11.22,0.2,89.64,4.57,40.74,0.0,5.31,1.01
Chidera Ejuke,Sevilla,0.1,0.11,0.74,12.07,4.37,84.15,2.22,30.77,0.0,5.85,0.56
Lucas Torró,Osasuna,0.07,0.05,0.21,7.35,0.18,75.78,3.62,70.0,0.0,5.22,2.28
Juan Cruz,Leganés,0.1,0.15,0.56,6.52,1.59,74.55,1.79,44.12,0.0,4.33,0.56
Alfon González,Celta Vigo,0.3,0.14,1.38,8.2,1.64,77.04,0.8500000000000001,17.65,0.0,2.43,0.98
Djibril Sow,Sevilla,0.1,0.04,0.26,8.97,0.44,89.61,2.31,54.0,0.0,4.79,1.0
Enzo Boyomo,Osasuna,0.04,0.02,0.08,3.18,0.28,87.64,3.26,44.44,0.0,3.65,1.27
David López,Girona FC,0.03,0.05,0.11,6.89,0.22,92.35,1.71,52.46,0.0,3.52,0.44
Robin Le Normand,Atlético Madrid,0.06,0.04,0.13,2.47,0.08,90.56,1.5499999999999998,57.45,0.0,3.43,1.46
Sergi Altimira,Real Betis,0.08,0.05,0.18,10.97,0.73,89.67,3.87,37.14,0.0,5.33,1.59
Nabil Fekir,Real Betis,0.35,0.4,0.5,13.5,0.0,86.11,1.5,0.0,0.0,1.5,1.5
Vladyslav Krapyvtsov,Girona FC,0.0,0.0,0.0,0.5,0.0,70.18,0.0,0.0,0.0,10.0,0.0
David López,Mallorca,0.0,0.01,0.0,0.53,0.0,82.69,2.12,28.57,0.0,1.06,0.0
Jon Moncayola,Osasuna,0.07,0.2,0.38,9.46,0.17,80.21,3.45,46.88,0.0,3.88,1.45
Tanguy Nianzou,Sevilla,0.03,0.01,0.0,1.73,0.52,90.76,2.5999999999999996,85.71,0.0,1.56,1.73
Vicente Guaita,Celta Vigo,0.0,0.0,0.0,0.29,0.0,77.94,0.0,100.0,0.0,9.18,0.0
Óscar de Marcos,Athletic Club,0.06,0.13,0.11,10.12,0.23,79.31,2.74,40.0,0.0,5.09,0.91
César Tárrega,Valencia,0.06,0.01,0.21,2.71,0.33,84.7,2.14,58.55,0.0,3.09,1.67
Giorgi Mamardashvili,Valencia,0.0,0.0,0.0,1.06,0.0,63.88,0.09,77.78,0.0,7.24,0.03
Karl Hein,Real Valladolid,0.0,0.0,0.0,1.68,0.0,70.17,0.0,100.0,0.0,8.13,0.0
Ladislav Krejčí,Girona FC,0.06,0.03,0.18,7.23,0.26,90.47,2.1,68.75,0.0,3.73,0.89
Yáser Asprilla,Girona FC,0.13,0.21,0.7,11.96,1.84,80.7,1.8499999999999999,62.5,0.0,3.94,0.76
Abdul Mumin,Rayo Vallecano,0.03,0.0,0.18,2.18,0.22,83.63,2.67,55.17,0.0,4.14,0.98
Álvaro Rodriguez,Getafe,0.13,0.04,1.06,4.65,1.69,47.6,1.3800000000000001,54.69,0.0,3.27,3.17
Andoni Gorosabel,Athletic Club,0.02,0.1,0.06,8.16,0.42,83.71,3.9299999999999997,41.67,0.0,3.38,1.45
Luka Sučić,Real Sociedad,0.16,0.11,0.55,9.49,1.24,84.48,1.99,50.98,0.0,5.42,0.55
Kiko Femenía,Villarreal,0.01,0.09,0.0,9.57,0.69,90.43,3.64,33.33,0.0,4.12,0.85
Dário Essugo,Las Palmas,0.03,0.03,0.18,6.82,0.55,85.64,4.66,48.39,0.0,5.44,1.71
Christantus Uche,Getafe,0.13,0.11,0.5,6.98,1.15,67.49,1.62,41.82,0.0,3.96,1.98
Valentin Rosier,Leganés,0.03,0.04,0.14,5.59,0.8,80.63,4.3100000000000005,60.0,0.0,4.2,1.53
Brahim Díaz,Real Madrid,0.35,0.14,1.09,13.13,1.54,88.4,1.86,17.65,0.0,3.46,0.9
Javi Rodríguez,Celta Vigo,0.08,0.03,0.18,7.45,0.36,86.81,3.08,55.13,0.0,3.12,1.33
Koke,Atlético Madrid,0.05,0.1,0.19,14.76,0.42,89.15,3.08,47.37,0.0,5.7,1.07
Roberto Fernández,Espanyol,0.21,0.03,0.54,2.99,0.66,72.76,0.42,40.0,0.0,1.97,1.67
Adrián,Real Betis,0.0,0.0,0.0,0.53,0.0,73.33,0.0,80.0,0.0,8.05,0.0
Hugo Duro,Valencia,0.3588,0.02,0.75,3.73,0.29,70.41,0.95,36.97,0.0,1.91,1.57
José Ángel Carmona,Sevilla,0.02,0.03,0.12,6.25,0.58,82.07,4.6,62.96,0.0,5.0,1.49
José Copete,Mallorca,0.03,0.01,0.12,2.75,0.23,84.17,2.7,62.79,0.0,2.69,1.58
Rubén Vargas,Sevilla,0.26,0.12,0.66,8.64,1.6,73.63,1.33,53.85,0.0,4.12,1.46
Toni Martínez,Deportivo Alavés,0.34,0.08,1.33,4.8,0.8,60.26,1.1600000000000001,51.97,0.0,2.67,1.51
Ramón Terrats,Getafe,0.14,0.09,0.59,7.27,1.7,73.18,2.17,55.88,0.0,4.19,0.98
Manuel Fuster,Las Palmas,0.06,0.16,0.62,15.5,0.44,83.7,2.03,23.53,0.0,5.58,1.06
Andy Pelmard,Las Palmas,0.0,0.06,0.0,8.78,0.44,88.78,3.08,50.0,0.0,1.76,0.88
Arthur,Girona FC,0.02,0.06,0.1,14.25,0.77,93.39,3.16,0.0,0.0,4.69,1.53
Conor Gallagher,Atlético Madrid,0.15,0.06,0.22,9.4,0.93,86.59,3.5700000000000003,29.03,0.0,5.88,1.76
Javi Puado,Espanyol,0.23299999999999998,0.06,0.72,5.48,0.63,79.53,0.81,23.08,0.0,3.16,0.66
Pathé Ismaël Ciss,Rayo Vallecano,0.08,0.03,0.25,7.84,0.58,85.63,3.71,62.03,0.0,6.17,1.88
Samú Costa,Mallorca,0.06,0.06,0.27,7.87,0.44,81.59,4.1,63.96,0.0,4.37,2.1
Matija Nastasić,Leganés,0.0,0.01,0.04,2.0,0.04,82.88,1.96,68.42,0.0,2.13,0.64
Sergio Carreira,Celta Vigo,0.03,0.13,0.16,9.29,0.76,78.53,2.44,17.65,0.0,3.58,1.03
Logan Costa,Villarreal,0.02,0.02,0.17,5.22,0.0,87.92,2.05,53.49,0.0,3.62,0.66
Sergio González,Leganés,0.04,0.02,0.15,2.04,0.12,84.16,2.3899999999999997,52.46,0.0,2.43,0.91
Sergio Camello,Rayo Vallecano,0.32,0.09,0.71,6.41,1.03,80.63,1.03,29.73,0.0,2.53,0.87
Viti Rozada,Las Palmas,0.0,0.06,0.09,4.49,0.41,84.13,4.44,48.65,0.0,3.85,1.27
Javier Muñoz,Las Palmas,0.04,0.08,0.21,8.2,0.73,79.81,2.64,36.59,0.0,3.89,1.04
Albert Sambi Lokonga,Sevilla,0.06,0.06,0.31,10.38,0.24,89.62,1.8900000000000001,66.67,0.0,4.21,1.34
James Rodríguez,Rayo Vallecano,0.18,0.18,1.26,17.62,3.15,89.16,2.52,40.0,0.0,5.03,1.26
Borja Iglesias,Celta Vigo,0.43,0.06,1.27,5.0,0.5,72.73,0.77,34.15,0.0,2.09,1.82
Cristhian Mosquera,Valencia,0.01,0.01,0.05,4.45,0.14,91.24,2.4699999999999998,45.16,0.0,5.15,0.38
Juan Iglesias,Getafe,0.05,0.06,0.09,4.7,0.4,60.46,4.08,48.65,0.0,3.3,1.4
Javi Galán,Atlético Madrid,0.01,0.15,0.0,8.04,1.41,85.38,3.16,49.02,0.0,3.57,1.91
Gorka Guruzeta,Athletic Club,0.32,0.03,0.93,4.04,0.54,74.0,1.22,34.29,0.0,2.97,1.95
Natan,Real Betis,0.01,0.03,0.16,2.75,0.08,88.95,2.55,67.68,0.0,3.08,0.78
Adrià Pedrosa,Sevilla,0.04,0.07,0.31,6.06,0.66,78.54,3.13,28.21,0.0,3.91,1.49
Unai López,Rayo Vallecano,0.08,0.07,0.57,12.37,0.78,85.95,2.72,35.71,0.0,6.1,0.94
Yvan Neyou,Leganés,0.02,0.04,0.12,6.94,0.74,88.1,3.0700000000000003,54.76,0.0,4.69,1.28
Jonathan Bamba,Celta Vigo,0.09,0.18,0.66,9.51,1.66,82.77,1.8800000000000001,37.5,0.0,5.75,0.77
Alejandro Francés,Girona FC,0.02,0.04,0.0,7.84,0.53,85.22,4.03,35.0,0.0,2.82,1.52
Domingos Duarte,Getafe,0.01,0.0,0.05,2.26,0.0,78.7,2.22,58.33,0.0,3.03,1.16
Andreas Christensen,FC Barcelona,0.01,0.03,0.0,11.07,0.0,91.82,3.5700000000000003,68.75,0.0,5.0,1.79
Aitor Paredes,Athletic Club,0.11,0.01,0.15,2.28,0.0,83.58,1.83,51.67,0.0,3.08,1.14
Fran Beltrán,Celta Vigo,0.04,0.07,0.15,9.65,0.37,88.99,2.81,41.67,0.0,4.41,1.26
Robert Navarro,Mallorca,0.14,0.1,0.42,10.22,2.45,79.95,3.43,35.71,0.0,6.58,0.98
Cristhian Stuani,Girona FC,0.5049999999999999,0.08,1.6,2.53,0.17,70.2,1.35,53.66,0.0,1.18,2.95
Raúl Moro,Real Valladolid,0.16,0.21,0.61,6.94,2.19,72.83,1.22,33.33,0.0,3.26,0.15
Renato Tapia,Leganés,0.02,0.03,0.22,5.25,0.7,79.54,3.26,56.14,0.0,5.73,1.41
Nahuel Molina,Atlético Madrid,0.05,0.11,0.06,9.96,0.85,82.52,3.24,45.45,0.0,3.76,0.74
Nemanja Gudelj,Sevilla,0.028799999999999996,0.03,0.22,5.05,0.22,88.46,2.49,63.01,0.0,2.67,0.94
Juanlu Sánchez,Sevilla,0.11,0.09,0.31,8.89,0.57,85.33,3.48,52.5,0.0,3.43,0.94
Ricardo Rodríguez,Real Betis,0.01,0.04,0.07,9.28,0.28,85.32,2.6,61.36,0.0,3.87,0.84
Donny van de Beek,Girona FC,0.1,0.22,0.31,9.14,0.38,83.72,2.45,52.63,0.0,3.0,1.38
Kike Pérez,Real Valladolid,0.15,0.08,0.38,7.51,0.6,82.15,3.3099999999999996,46.43,0.0,4.51,2.4
Jon Aramburu,Real Sociedad,0.02,0.05,0.11,6.74,0.29,80.8,4.8100000000000005,51.95,0.0,4.63,1.82
Arnaut Danjuma,Girona FC,0.26,0.14,0.99,8.72,1.4,81.72,0.7,50.0,0.0,2.44,0.99
Loïc Badé,Sevilla,0.02,0.01,0.13,3.82,0.57,86.44,2.54,68.42,0.0,4.62,0.87
Abdulay Juma Bah,Real Valladolid,0.03,0.0,0.1,1.75,0.31,81.48,2.27,70.45,0.0,3.61,0.62
Francisco Vieites,Real Betis,0.01,0.0,0.25,0.5,0.0,58.25,0.0,100.0,0.0,7.5,0.0
José Campaña,Las Palmas,0.01,0.08,0.22,10.83,0.6,87.14,2.99,80.95,0.0,6.27,0.52
Sheraldo Becker,Real Sociedad,0.18,0.15,1.18,7.42,0.36,77.05,0.36,29.17,0.0,2.72,0.72
Ferland Mendy,Real Madrid,0.0,0.06,0.0,11.71,0.27,94.32,2.3200000000000003,66.67,0.0,3.22,0.45
Yarek Gasiorowski,Valencia,0.1,0.03,0.0,4.71,0.0,81.64,4.33,64.86,0.0,3.77,0.47
Pedro Díaz,Rayo Vallecano,0.1154,0.15,0.59,12.1,1.48,84.17,2.2199999999999998,38.46,0.0,5.9,0.52
Álex Muñoz,Las Palmas,0.05,0.04,0.31,4.22,0.13,82.32,3.46,53.19,0.0,2.2,1.89
Chimy Ávila,Real Betis,0.24,0.13,1.31,6.42,0.66,76.14,1.31,46.67,0.0,3.67,1.7
Brais Méndez,Real Sociedad,0.21,0.13,0.52,12.22,0.81,82.39,1.8099999999999998,38.78,0.0,4.42,2.39
Marc-André Ter Stegen,FC Barcelona,0.0,0.0,0.0,0.13,0.0,91.47,0.0,100.0,0.0,7.87,0.0
Alberto Moleiro,Las Palmas,0.18,0.12,0.79,11.09,2.11,83.38,1.48,17.86,0.0,4.36,1.02
Juanma Herzog,Las Palmas,0.06,0.0,0.14,1.35,0.0,87.17,2.0300000000000002,63.38,0.0,2.77,0.41
Aitor Ruibal,Real Betis,0.06,0.13,0.27,9.74,0.96,84.82,3.16,35.0,0.0,4.87,0.69
Oli McBurnie,Las Palmas,0.23,0.05,0.63,4.35,0.77,65.85,1.02,47.31,0.0,1.93,1.55
Hamari Traoré,Real Sociedad,0.01,0.05,0.0,7.78,0.76,87.43,3.57,47.37,0.0,3.7,1.53
Gerard Martín,FC Barcelona,0.04,0.14,0.17,13.95,0.34,85.08,3.01,70.0,0.0,3.62,1.21
Mikel Oyarzabal,Real Sociedad,0.28519999999999995,0.07,0.72,4.85,0.36,74.29,1.15,30.84,0.0,1.91,0.56
Pablo Durán,Celta Vigo,0.24,0.06,0.64,6.7,0.77,73.73,1.59,33.33,0.0,2.93,2.04
Hugo Álvarez,Celta Vigo,0.14,0.12,0.52,12.44,1.83,79.2,1.95,40.0,0.0,4.47,1.43
Álvaro Tejero,Espanyol,0.04,0.26,0.29,7.37,0.21,79.64,1.9300000000000002,50.0,0.0,4.58,1.0
Damián Rodríguez,Celta Vigo,0.01,0.13,0.0,17.07,0.0,91.69,2.0,0.0,0.0,4.67,1.24
Mika Mármol,Las Palmas,0.02,0.07,0.0,7.0,0.26,79.39,3.6999999999999997,56.0,0.0,2.92,1.23
Pau Víctor,FC Barcelona,0.81,0.11,2.16,9.19,1.89,82.91,1.35,75.0,0.0,3.78,1.89
Urko González,Espanyol,0.03,0.05,0.13,4.8,0.38,77.65,3.42,55.26,0.0,4.48,1.01
Youssouf Sabaly,Real Betis,0.01,0.05,0.0,8.72,0.45,88.31,3.01,40.91,0.0,4.93,1.02
Pau López,Girona FC,0.0,0.1,0.0,4.0,0.0,72.73,0.0,100.0,0.0,10.0,0.0
Luken Beitia,Real Sociedad,0.0,0.0,0.0,0.0,0.0,100.0,7.5,100.0,0.0,7.5,0.0
Ferrán Ruiz,Girona FC,0.0,0.0,0.0,0.0,0.0,50.0,5.29,0.0,0.0,5.29,0.0
Pelayo Fernández,Rayo Vallecano,0.0,0.0,0.0,1.73,0.0,85.71,1.73,50.0,0.0,3.46,1.73
Iván Villar,Celta Vigo,0.0,0.0,0.0,0.0,0.0,78.43,0.0,50.0,0.0,7.5,0.0
Ansu Fati,FC Barcelona,0.37,0.15,1.91,19.45,1.91,84.55,1.9100000000000001,22.22,0.0,2.67,0.76
Hugo Sotelo,Celta Vigo,0.01,0.13,0.0,14.61,0.57,88.62,2.34,16.67,0.0,5.04,1.35
Adrián Niño,Atlético Madrid,1.55,0.0,0.0,0.0,0.0,0.0,0.0,0.0,0.0,0.0,0.0
Juanpe,Girona FC,0.01,0.01,0.0,4.75,0.0,87.46,1.94,71.43,0.0,2.68,0.49
Naci Ünüvar,Espanyol,0.16,0.28,0.0,18.62,0.0,75.0,6.21,0.0,0.0,9.31,0.0
Iván Martín,Girona FC,0.08,0.09,0.13,14.29,1.1,91.37,1.9,18.18,0.0,4.85,0.93
Alfonso Pedraza,Villarreal,0.12,0.27,0.4,6.34,1.78,78.66,1.7799999999999998,71.43,0.0,3.57,0.79
Fer López,Celta Vigo,0.36,0.19,0.78,12.52,2.35,86.61,1.43,18.18,0.0,3.26,1.7
Diego López,Valencia,0.22,0.15,0.46,8.05,0.75,75.71,1.53,20.0,0.0,3.42,0.68
Beñat Prados,Athletic Club,0.05,0.07,0.26,7.57,0.78,82.47,4.33,57.69,0.0,4.75,2.09
Dani Cárdenas,Rayo Vallecano,0.0,0.0,0.0,1.5,0.0,46.5,0.0,100.0,0.0,6.83,0.0
Ørjan Nyland,Sevilla,0.0,0.0,0.0,1.35,0.0,59.08,0.1,100.0,0.0,6.97,0.03
Facundo Garcés,Deportivo Alavés,0.01,0.1,0.13,1.6,0.0,76.41,1.4700000000000002,43.33,0.0,1.86,0.93
Abdel Abqar,Deportivo Alavés,0.03,0.01,0.04,3.28,0.11,76.95,2.73,53.85,0.0,3.17,1.71
Adrián Pica,Deportivo Alavés,0.06,0.01,0.18,3.37,0.18,78.17,3.2,60.0,0.0,2.31,1.07
Florian Grillitsch,Real Valladolid,0.01,0.06,0.29,7.67,1.59,84.5,2.17,60.0,0.0,6.08,0.87
Munir El Haddadi,Leganés,0.16,0.05,0.92,8.42,0.72,79.12,1.33,31.43,0.0,3.39,1.44
Selvi Clúa,Girona FC,0.02,0.01,0.55,3.31,1.1,80.65,5.52,66.67,0.0,2.21,2.76
Javier Guerra,Valencia,0.08,0.11,0.35,9.09,1.01,80.43,2.4299999999999997,48.57,0.0,5.83,1.18
Johan Mojica,Mallorca,0.03,0.14,0.1,8.5,1.08,78.02,2.06,33.33,0.0,5.92,0.59
Selim Amallah,Real Valladolid,0.1654,0.07,0.52,6.37,2.15,83.42,2.86,23.81,0.0,4.75,2.08
Óscar Rodríguez,Leganés,0.14,0.11,0.41,7.47,1.43,76.78,3.5300000000000002,33.33,0.0,3.8,1.29
Omar Mascarell,Mallorca,0.02,0.01,0.09,5.33,0.45,84.78,3.41,63.38,0.0,4.03,1.34
Alvaro Garcia-Pascual,Sevilla,0.24,0.02,0.88,4.61,0.22,68.57,1.54,41.38,0.0,2.63,2.41
Abel Bretones,Osasuna,0.02,0.07,0.17,6.64,0.78,76.29,3.38,55.26,0.0,4.6,1.08
Alex Padilla,Athletic Club,0.0,0.0,0.0,1.92,0.0,49.52,0.0,100.0,0.0,9.33,0.0
Duk,Leganés,0.01,0.19,0.44,6.62,4.41,68.29,3.9699999999999998,28.57,0.0,4.85,2.21
Pablo Marín,Real Sociedad,0.1,0.05,0.5,8.14,1.43,82.12,2.14,40.91,0.0,4.43,1.36
Antonio Blanco,Deportivo Alavés,0.03,0.06,0.1,7.95,0.49,80.79,3.58,45.31,0.0,5.39,2.17
Jesús Areso,Osasuna,0.01,0.09,0.0,8.48,0.7,80.92,1.77,58.7,0.0,3.44,0.9
Fernando Calero,Espanyol,0.03,0.01,0.12,3.17,0.0,85.83,4.15,43.33,0.0,3.17,0.73
William Carvalho,Real Betis,0.04,0.13,0.18,20.29,0.55,87.72,2.21,54.55,0.0,5.35,1.29
Pacha,Rayo Vallecano,0.05,0.07,0.21,8.67,0.54,76.8,5.67,56.0,0.0,5.89,1.93
Carlos Benavídez,Deportivo Alavés,0.05,0.11,0.35,8.91,0.7,70.18,4.72,50.0,0.0,5.59,3.15
Anuar,Real Valladolid,0.09,0.04,0.31,4.06,0.36,84.5,2.92,41.67,0.0,3.7,1.56
Tajon Buchanan,Villarreal,0.2,0.11,0.43,9.15,2.13,81.82,2.34,50.0,0.0,5.53,2.55
Igor Zubeldia,Real Sociedad,0.03,0.02,0.16,4.4,0.24,86.9,2.58,43.62,0.0,3.41,1.5
Maroan Sannadi,Athletic Club,0.42,0.08,0.84,7.43,1.68,75.16,0.72,46.88,0.0,2.88,2.4
Jorge Herrando,Osasuna,0.08,0.01,0.19,2.33,0.06,86.11,1.8800000000000001,72.5,0.0,2.33,1.62
Etta Eyong,Villarreal,0.72,0.0,3.91,0.0,0.0,0.0,0.0,100.0,0.0,0.0,0.0
Kike Barja,Osasuna,0.05,0.35,0.26,5.43,1.81,79.17,2.0700000000000003,42.86,0.0,2.59,2.33
Sergio Vieira,Las Palmas,0.02,0.01,0.0,8.44,0.94,88.24,1.88,33.33,0.0,4.69,0.94
Ángel Correa,Atlético Madrid,0.51,0.25,1.58,11.89,1.47,79.76,1.47,11.11,0.0,4.53,2.04
Jesús Rodriguez,Real Betis,0.18,0.06,0.64,9.49,2.39,75.97,1.76,27.27,0.0,4.62,1.36
Denis Suárez,Villarreal,0.14,0.26,0.44,11.78,1.45,83.4,2.18,14.29,0.0,3.63,0.15
Coba Da Costa,Getafe,0.1,0.13,0.71,6.47,1.68,69.88,3.28,50.0,0.0,3.1,0.89
Borja Mayoral,Getafe,0.22759999999999997,0.03,0.73,5.78,0.49,81.25,0.57,30.0,0.0,2.93,0.73
Jorge de Frutos,Rayo Vallecano,0.23,0.08,0.68,6.67,1.15,73.83,2.0100000000000002,37.5,0.0,3.98,1.47
Bojan Miovski,Girona FC,0.28,0.02,0.41,2.55,0.31,77.98,0.9199999999999999,36.11,0.0,1.33,1.33
Alex Král,Espanyol,0.05,0.05,0.07,4.96,0.96,75.19,2.75,56.72,0.0,4.2,1.02
Jailson,Celta Vigo,0.02,0.02,0.29,7.29,0.43,90.61,3.1500000000000004,51.43,0.0,4.57,0.57
Seydouba Cisse,Leganés,0.11,0.03,0.18,8.12,1.1,85.45,2.61,40.63,0.0,5.65,1.43
Gabriel Misehouy,Girona FC,0.31,0.1,0.69,13.15,2.42,92.63,0.35,0.0,0.0,3.81,0.35
Mikel Vesga,Athletic Club,0.0398,0.07,0.27,9.68,0.63,81.52,3.35,60.98,0.0,5.97,1.27
Bertuğ Yıldırım,Getafe,0.21,0.05,0.57,3.19,0.57,55.06,0.8999999999999999,52.14,0.0,1.97,2.7
Gerard Gumbau,Rayo Vallecano,0.11,0.09,0.53,8.88,0.21,80.21,2.33,41.46,0.0,2.86,2.22
Adrià Altimira,Leganés,0.01,0.04,0.11,6.18,0.55,81.5,3.06,38.71,0.0,3.88,1.48
Jon Guridi,Deportivo Alavés,0.1488,0.05,0.52,8.15,0.34,75.67,2.32,42.11,0.0,3.69,1.5
Scott McKenna,Las Palmas,0.04,0.02,0.0,2.44,0.11,86.94,1.1,65.89,0.0,2.52,0.47
Thierry Correia,Valencia,0.04,0.09,0.35,8.05,1.05,73.37,3.62,33.33,0.0,4.44,1.75
Pau Cabanes,Deportivo Alavés,0.13,0.07,0.74,12.54,2.21,79.45,3.6900000000000004,28.57,0.0,4.18,2.21
Jon Pacheco,Real Sociedad,0.01,0.04,0.0,3.49,0.11,83.33,2.54,51.35,0.0,3.7,1.9
Javi Sánchez,Real Valladolid,0.02,0.02,0.22,2.22,0.09,87.82,2.12,52.31,0.0,2.53,0.84
Irvin Cardona,Espanyol,0.16,0.18,0.45,7.19,0.45,65.49,1.7999999999999998,45.0,0.0,2.85,1.2
Jon Ander Olasagasti,Real Sociedad,0.1,0.08,0.21,9.51,0.32,78.99,3.8000000000000003,35.29,0.0,4.44,1.58
Stefan Bajčetić,Las Palmas,0.03,0.03,0.18,6.18,1.02,73.35,4.0600000000000005,56.67,0.0,5.63,1.94
Toni Lato,Mallorca,0.0,0.11,0.0,6.92,0.0,77.78,3.18,46.15,0.0,4.15,1.66
Assane Diao,Real Betis,0.25,0.18,0.32,6.73,0.64,75.0,1.6,57.14,0.0,3.84,1.28
Cenk Özkaçar,Real Valladolid,0.02,0.03,0.0,1.55,0.0,84.65,3.21,44.44,0.0,3.57,0.6
Williot Swedberg,Celta Vigo,0.35,0.15,1.0,7.75,0.67,76.32,1.74,34.78,0.0,3.07,1.4
Hector Fort,FC Barcelona,0.03,0.2,0.0,16.46,0.3,92.36,2.87,30.0,0.0,4.83,1.21
Allan Nyom,Getafe,0.05,0.03,0.4,5.08,0.4,80.0,2.19,32.0,0.0,3.19,1.79
Carlos Martín,Deportivo Alavés,0.15,0.09,0.81,5.39,0.61,68.28,3.2399999999999998,45.71,0.0,3.71,2.16
Adrián Embarba,Rayo Vallecano,0.12,0.14,0.66,8.03,1.11,74.1,2.99,29.17,0.0,3.71,1.38
Vitor Roque,Real Betis,0.44,0.05,1.38,3.78,0.73,73.4,1.31,31.91,0.0,2.55,2.18
Luis Pérez,Real Valladolid,0.01,0.09,0.07,5.03,0.42,80.59,2.46,33.33,0.0,2.71,0.46
Peio Canales,Athletic Club,0.07,0.08,0.0,10.08,1.74,87.5,1.73,0.0,0.0,5.91,0.35
Takuma Asano,Mallorca,0.21,0.05,0.67,5.4,0.51,73.37,1.61,18.75,0.0,3.54,0.42
Lucas Rosa,Real Valladolid,0.04,0.07,0.14,4.71,0.67,79.94,3.9,64.29,0.0,4.19,1.67
Rodrigo Riquelme,Atlético Madrid,0.15,0.13,0.69,15.52,1.03,87.22,2.2399999999999998,42.86,0.0,3.62,1.38
Manuel Sánchez,Deportivo Alavés,0.06,0.04,0.07,5.68,0.27,73.08,3.84,21.43,0.0,3.57,1.9
Beñat Turrientes,Real Sociedad,0.05,0.04,0.19,9.78,1.25,92.13,1.92,35.71,0.0,4.31,1.25
Randy Nteka,Rayo Vallecano,0.2,0.02,0.63,4.53,0.39,66.06,1.56,44.09,0.0,2.03,3.05
Oriol Romeu,Girona FC,0.01,0.05,0.07,10.15,0.26,90.86,3.2800000000000002,41.94,0.0,4.65,1.83
Raúl García de Haro,Osasuna,0.41,0.05,1.41,5.76,1.29,71.7,1.53,48.84,0.0,1.65,1.29
Arkaitz Mariezkurrena,Real Sociedad,0.35,0.06,1.84,5.53,1.11,73.02,0.74,57.14,0.0,3.69,4.8
Stoichkov,Deportivo Alavés,0.14,0.09,0.39,7.06,0.77,65.5,1.9300000000000002,28.57,0.0,5.65,1.16
Mateo Mejía,Sevilla,0.0,0.0,0.0,0.0,0.0,0.0,0.0,100.0,0.0,0.0,0.0
Daniel Luna,Mallorca,0.0,0.08,0.0,15.65,3.91,77.78,0.0,0.0,0.0,7.83,0.0
Daley Sinkgraven,Las Palmas,0.0,0.02,0.0,13.0,1.0,78.95,6.0,100.0,0.0,6.0,2.0
David Alaba,Real Madrid,0.0,0.03,0.0,5.13,0.0,91.89,1.99,80.0,0.0,2.28,0.57
Iván Jaime,Valencia,0.18,0.11,0.92,13.25,1.54,80.61,3.0900000000000003,50.0,0.0,5.86,2.47
Rodri Sánchez,Real Betis,0.13,0.2,1.54,16.15,1.54,86.44,2.31,0.0,0.0,7.69,1.54
Nabil Aberdin,Getafe,0.01,0.04,0.0,2.34,0.67,60.0,2.01,76.92,0.0,2.68,2.34
Diego Martín,Las Palmas,0.09,0.02,0.0,4.74,0.0,72.73,2.37,0.0,0.0,2.37,0.0
Pejiño,Las Palmas,0.18,0.0,0.0,6.0,0.0,100.0,6.0,0.0,0.0,12.0,6.0
Papa Ba,Girona FC,0.06,0.0,0.0,1.91,1.91,41.67,1.91,0.0,0.0,1.91,1.91
Dani Rodríguez,FC Barcelona,0.07,0.07,0.0,18.95,0.0,88.24,0.0,0.0,0.0,0.0,0.0
Óscar Valentín,Rayo Vallecano,0.02,0.05,0.05,7.07,0.24,83.17,3.7,45.83,0.0,5.32,2.78
Brian Oliván,Espanyol,0.03,0.07,0.09,7.12,0.09,75.38,2.02,23.08,0.0,2.46,1.14
Djené,Getafe,0.01,0.03,0.0,4.48,0.25,77.96,1.62,59.46,0.0,3.6,1.41
Pol Lozano,Espanyol,0.01,0.05,0.09,7.72,0.23,85.13,3.45,38.46,0.0,3.95,2.57
Raúl Albiol,Villarreal,0.01,0.01,0.0,2.63,0.0,89.64,1.2,66.67,0.0,3.3,0.83
Íñigo Lekue,Athletic Club,0.02,0.06,0.0,7.38,0.7,80.41,2.81,75.0,0.0,4.57,0.59
José Manuel Arnáiz,Osasuna,0.17,0.19,1.57,10.99,0.52,81.03,6.28,25.0,0.0,8.37,0.0
Aihen Muñoz,Real Sociedad,0.01,0.02,0.0,5.87,0.57,77.39,3.0999999999999996,58.54,0.0,3.51,1.22
Juanmi Latasa,Real Valladolid,0.28,0.03,0.83,2.95,0.51,60.24,0.26,61.54,0.0,1.54,2.57
Aleksandar Sedlar,Deportivo Alavés,0.0,0.0,0.0,2.4,0.0,82.83,4.2,60.0,0.0,2.7,1.35
Portu,Girona FC,0.18,0.17,0.45,8.41,0.45,78.74,1.48,43.48,0.0,2.73,1.59
Antoniu Roca,Espanyol,0.08,0.09,0.35,5.96,2.5,72.82,2.5,25.0,0.0,3.37,1.64
Ander Barrenetxea,Real Sociedad,0.12,0.18,0.57,9.94,1.86,77.39,2.6500000000000004,31.82,0.0,6.3,2.36
Jesús Navas,Sevilla,0.11,0.13,0.41,11.66,0.82,83.25,1.8399999999999999,54.55,0.0,2.05,0.2
Carles Pérez,Getafe,0.15,0.08,0.56,5.58,1.32,73.54,2.4499999999999997,31.71,0.0,3.13,2.76
Iván Balliu,Rayo Vallecano,0.0,0.03,0.0,6.69,0.22,77.59,2.21,33.33,0.0,2.87,1.4
Mamadou Sylla,Real Valladolid,0.10840000000000002,0.04,0.39,3.37,0.28,65.04,0.68,41.18,0.0,1.97,0.9
Walid Cheddira,Espanyol,0.14,0.06,0.56,3.23,0.56,72.28,0.84,37.5,0.0,2.67,4.21
José Gragera,Espanyol,0.01,0.01,0.0,3.64,0.0,87.96,4.59,64.71,0.0,2.69,2.85
Ander Guevara,Deportivo Alavés,0.04,0.03,0.14,8.29,0.41,77.45,2.9099999999999997,45.07,0.0,5.53,1.8
Jofre Carreras,Espanyol,0.1,0.08,0.45,5.01,1.6,72.21,1.52,22.73,0.0,4.31,1.15
Pablo Ibáñez,Osasuna,0.11,0.03,0.34,7.57,0.9,76.63,2.62,43.18,0.0,3.86,1.93
Darwin Machís,Real Valladolid,0.13,0.13,0.28,6.58,0.7,72.4,1.4,75.0,0.0,4.76,0.56
Javier Hernández,Leganés,0.03,0.05,0.23,6.0,0.6,77.16,1.8399999999999999,47.73,0.0,4.2,1.84
Cyle Larin,Mallorca,0.29100000000000004,0.02,0.76,3.59,0.4,69.06,0.66,43.42,0.0,2.32,1.62
Jesús Vallejo,Real Madrid,0.0,0.15,0.0,6.62,0.0,89.55,1.32,50.0,0.0,5.29,0.0
Dimitri Foulquier,Valencia,0.02,0.08,0.08,6.38,0.31,81.46,2.51,38.24,0.0,3.8,0.94
Ander Herrera,Athletic Club,0.32259999999999994,0.11,1.34,17.73,0.67,90.91,3.35,60.0,0.0,4.68,2.01
Umar Sadiq,Valencia,0.31,0.04,0.6,4.8,1.37,68.98,1.2,50.0,0.0,1.63,3.17
Adam Aznou,Real Valladolid,0.03,0.04,0.1,4.32,1.96,70.99,3.91,68.75,0.0,5.77,1.44
Reinildo Mandava,Atlético Madrid,0.01,0.02,0.09,5.87,0.38,84.04,3.23,40.0,0.0,4.93,1.8
Romain Perraud,Real Betis,0.02,0.06,0.22,9.2,0.49,83.11,2.6100000000000003,33.33,0.0,4.26,1.17
Stanis Idumbo Muzambo,Sevilla,0.19,0.04,0.62,5.28,2.79,83.33,4.03,100.0,0.0,5.9,0.31
Alex Suárez,Las Palmas,0.02,0.01,0.11,2.59,0.0,86.0,1.93,35.14,0.0,2.48,0.98
Peque Fernández,Sevilla,0.19,0.07,0.31,8.35,0.85,82.01,1.8599999999999999,25.71,0.0,3.17,1.7
Cédric Bakambu,Real Betis,0.4,0.1,1.39,5.07,0.13,68.29,0.76,30.0,0.0,3.17,2.92
Marcos André,Real Valladolid,0.2,0.02,0.15,3.13,1.27,66.83,0.97,52.17,0.0,3.28,0.89
Valentín Barco,Sevilla,0.09,0.09,0.0,11.63,0.92,79.26,5.2,0.0,0.0,4.9,2.14
Antonio Sánchez,Mallorca,0.07,0.06,0.13,6.3,0.9,76.27,2.96,29.17,0.0,4.95,1.54
Pere Milla,Espanyol,0.29,0.06,0.98,5.88,0.39,62.76,1.77,57.89,0.0,4.9,0.98
Darko Brašanac,Leganés,0.1,0.03,0.17,6.5,0.11,77.0,2.33,32.79,0.0,3.39,2.11
Álvaro Djaló,Athletic Club,0.11,0.09,0.41,3.7,1.92,71.43,1.2400000000000002,35.48,0.0,3.84,2.6
Valery Fernández,Mallorca,0.23,0.03,0.81,7.03,0.27,90.43,2.16,20.0,0.0,5.14,0.81
Manu Bueno,Sevilla,0.09,0.04,0.63,11.25,0.63,91.78,2.5,0.0,0.0,3.75,1.25
Yoel Lago,Celta Vigo,0.0,0.01,0.0,4.63,0.46,92.45,2.47,33.33,0.0,3.4,2.47
Adrián Rodríguez,Deportivo Alavés,0.0,0.0,0.0,4.46,0.0,38.0,0.0,100.0,0.0,11.16,0.0
Sergi Gómez,Espanyol,0.04,0.0,0.13,0.67,0.0,89.11,2.01,33.33,0.0,2.15,0.8
Siebe Van Der Heyden,Mallorca,0.03,0.1,0.0,8.91,0.89,90.48,2.67,66.67,0.0,4.46,1.78
Aritz Arambarri,Leganés,0.01,0.0,0.0,0.51,0.0,73.13,2.0300000000000002,42.86,0.0,2.02,0.0
Pau Navarro,Villarreal,0.0,0.02,0.0,6.18,0.29,90.47,2.65,39.13,0.0,4.51,0.98
Mario Martín,Real Valladolid,0.09,0.06,0.66,5.67,0.97,85.75,4.24,47.69,0.0,4.24,2.56
Franco Cervi,Celta Vigo,0.0,0.08,0.0,8.09,0.32,66.67,5.18,40.0,0.0,3.88,1.29
Anastasios Douvikas,Celta Vigo,0.57,0.03,1.17,2.6,0.52,71.43,1.56,39.47,0.0,1.95,1.3
Jesús Vázquez,Valencia,0.02,0.06,0.1,7.09,1.36,77.04,3.2,48.0,0.0,4.08,1.65
Aritz Elustondo,Real Sociedad,0.03,0.02,0.0,4.43,0.18,86.34,1.9100000000000001,52.73,0.0,3.26,1.54
Tamás Nikitscher,Real Valladolid,0.01,0.01,0.11,3.37,0.53,91.61,2.95,62.5,0.0,3.58,1.89
Abel Ruíz,Girona FC,0.21860000000000002,0.05,0.6,5.31,0.46,89.43,0.73,32.14,0.0,1.39,0.46
Juan Bernat,Getafe,0.04,0.08,0.1,6.19,1.43,76.64,2.96,50.0,0.0,3.71,1.05
Endrick,Real Madrid,0.55,0.04,1.56,4.9,0.89,80.28,1.11,60.0,0.0,1.56,2.23
Enric Franquesa,Leganés,0.04,0.02,0.14,2.86,1.29,73.01,3.14,50.0,0.0,4.14,1.14
Asier Villalibre,Deportivo Alavés,0.21719999999999998,0.09,0.53,3.97,0.53,65.67,0.79,64.71,0.0,1.85,2.91
Tomás Conechny,Deportivo Alavés,0.25,0.08,1.06,6.24,0.63,67.14,2.22,51.11,0.0,4.76,2.96
Marc Domenech,Mallorca,0.2,0.08,0.59,2.95,0.3,71.11,1.18,50.0,0.0,2.36,1.48
Alejo Véliz,Espanyol,0.18,0.01,0.48,2.39,0.08,64.86,0.4,47.27,0.0,1.59,1.59
Iker Muñoz,Osasuna,0.06,0.1,0.0,9.61,0.29,80.0,1.31,47.83,0.0,4.08,1.75
Juan Cruz,Osasuna,0.01,0.01,0.0,6.12,0.06,82.4,2.09,47.37,0.0,2.73,0.95
Marvin Park,Las Palmas,0.02,0.1,0.0,7.0,0.17,78.85,3.5,37.04,0.0,4.64,1.75
Juanmi,Getafe,0.34,0.03,0.75,4.12,0.75,78.61,2.25,57.14,0.0,3.47,2.34
Justin Smith,Espanyol,0.0,0.02,0.0,3.73,0.41,67.8,5.39,75.0,0.0,3.32,2.07
Iker Losada,Celta Vigo,0.19,0.1,0.38,10.4,0.5,76.92,2.13,31.25,0.0,3.38,0.5
Jesús Owono,Deportivo Alavés,0.0,0.0,0.0,2.04,0.19,58.0,0.19,100.0,0.0,5.37,0.19
Amath Ndiaye,Real Valladolid,0.08,0.12,0.23,7.58,1.61,80.0,0.92,14.29,0.0,2.98,0.92
Diego García,Leganés,0.29,0.02,0.67,3.25,0.3,65.03,0.22,33.59,0.0,1.85,1.63
Abdón Prats,Mallorca,0.2918,0.02,1.16,3.1,0.19,67.05,0.5800000000000001,35.29,0.0,2.52,1.16
Sébastien Haller,Leganés,0.09,0.04,0.22,3.56,0.22,60.0,0.44,60.47,0.0,2.22,0.89
Willy Kambwala,Villarreal,0.03,0.01,0.08,1.21,0.4,88.39,2.18,47.06,0.0,2.42,0.4
Álvaro Aguado,Espanyol,0.11,0.08,0.19,12.63,0.97,80.17,1.75,75.0,0.0,7.19,0.97
Chuki,Real Valladolid,0.25,0.18,0.86,3.32,0.49,74.64,0.98,16.67,0.0,2.46,0.37
Fran Pérez,Valencia,0.05,0.23,0.15,9.39,1.19,81.63,2.98,41.67,0.0,4.02,0.89
Rafa Mir,Valencia,0.36,0.06,0.97,5.21,0.24,73.44,2.06,35.29,0.0,2.18,1.57
Gonzalo García,Real Madrid,0.83,1.02,0.0,18.68,0.0,95.0,0.0,100.0,0.0,1.7,0.0
Mario Maroto,Real Valladolid,0.03,0.04,0.0,8.57,1.43,79.49,2.86,50.0,0.0,2.86,2.86
Arnau Solà,Villarreal,0.0,0.0,0.0,7.5,0.0,50.0,0.0,0.0,0.0,0.0,7.5
Iago Parente,Real Valladolid,0.0,0.0,0.0,3.75,0.0,75.0,0.0,0.0,0.0,1.25,0.0
Isra Dominguez,Sevilla,0.0,0.0,0.0,0.0,0.0,100.0,0.0,0.0,0.0,0.0,0.0
David Arguelles,Getafe,0.0,0.0,0.0,12.0,0.0,60.0,0.0,0.0,0.0,0.0,0.0
Iker Cordoba,Valencia,0.0,0.14,0.0,4.74,0.0,80.0,0.0,100.0,0.0,4.74,0.0
Luka Romero,Deportivo Alavés,0.011199999999999988,0.2,0.0,3.65,0.46,79.49,2.29,33.33,0.0,4.11,1.37
Thomas Lemar,Atlético Madrid,0.3,0.19,1.03,22.76,0.0,85.94,2.07,0.0,0.0,3.1,1.03
Adama Boiro,Athletic Club,0.02,0.05,0.0,7.09,0.65,83.87,2.61,65.38,0.0,3.67,1.06
Germán Valera,Valencia,0.08,0.02,1.27,8.24,1.9,82.5,3.17,33.33,0.0,2.54,1.27
Fabio González,Las Palmas,0.1,0.03,0.0,16.23,0.0,82.69,0.0,100.0,0.0,4.43,1.48
Javi Llabrés,Mallorca,0.08,0.2,0.0,9.31,0.0,95.0,0.0,100.0,0.0,4.66,0.0
Gonzalo Montiel,Sevilla,0.02,0.04,0.0,9.44,0.0,92.19,4.35,100.0,0.0,2.9,2.18
Thiago Ojeda,Villarreal,0.07,0.07,0.0,20.77,0.0,100.0,0.0,0.0,0.0,0.0,6.92
Stanko Jurić,Real Valladolid,0.04,0.01,0.1,3.35,0.31,84.55,3.66,67.57,0.0,4.69,1.96
Unai Gómez,Athletic Club,0.13,0.06,0.28,5.99,0.85,77.14,0.99,48.33,0.0,2.96,0.85
Álvaro Fernández,Sevilla,0.0,0.0,0.0,1.09,0.0,61.86,0.0,100.0,0.0,8.45,0.0
Moussa Diarra,Deportivo Alavés,0.0,0.02,0.0,4.26,0.34,84.12,2.9299999999999997,53.23,0.0,3.64,1.34
Orri Óskarsson,Real Sociedad,0.48,0.04,0.66,3.8,0.19,55.68,0.76,36.05,0.0,1.42,0.66
Sergi Canós,Valencia,0.13,0.05,0.71,8.05,0.24,63.24,3.79,30.77,0.0,4.74,2.84
Roberto López,Leganés,0.11,0.11,0.22,11.28,0.44,81.56,1.99,25.0,0.0,6.19,0.22
Jan Salas,Mallorca,0.08,0.18,0.0,16.36,0.0,80.0,6.14,100.0,0.0,4.09,0.0
Juan Berrocal,Getafe,0.03,0.01,0.0,2.59,0.0,76.13,2.42,62.5,0.0,2.93,1.42
Dani Gómez,Valencia,0.44,0.01,1.0,3.66,0.5,74.07,0.8300000000000001,22.58,0.0,2.33,1.16
Óscar Trejo,Rayo Vallecano,0.1,0.05,0.34,17.49,1.37,86.78,2.06,41.67,0.0,4.29,2.91
Benito Ramírez,Las Palmas,0.05,0.17,0.18,9.82,0.53,84.92,1.93,26.67,0.0,5.61,0.88
Jaime Mata,Las Palmas,0.34,0.04,0.8,6.17,0.67,71.02,1.4700000000000002,46.43,0.0,2.41,2.68
Mateu Morey,Mallorca,0.05,0.03,0.12,4.95,1.06,82.08,4.37,57.14,0.0,4.84,2.01
David Torres,Real Valladolid,0.02,0.01,0.06,2.01,0.06,82.95,1.56,50.0,0.0,1.75,0.84
Enzo Loiodice,Las Palmas,0.04,0.03,0.52,7.39,0.52,86.11,3.5,50.0,0.0,3.76,1.3
Kelechi Iheanacho,Sevilla,0.33,0.04,0.45,5.16,0.45,74.68,0.22,20.0,0.0,1.57,1.12
Peter González,Getafe,0.24,0.05,0.77,4.63,0.58,69.81,2.5100000000000002,41.67,0.0,3.85,1.73
Javi López,Real Sociedad,0.0,0.05,0.05,6.22,0.84,83.47,2.37,34.48,0.0,4.27,1.39
Sergi Guardiola,Rayo Vallecano,0.56,0.05,0.71,6.38,0.0,68.75,1.42,31.58,0.0,1.65,2.13
Julián Chicco,Leganés,0.1,0.09,0.28,7.41,0.57,79.85,4.27,9.09,0.0,3.42,0.28
Álvaro Odriozola,Real Sociedad,0.0,0.04,0.0,17.56,0.0,70.83,2.2,100.0,0.0,4.39,4.39
Raúl de Tomás,Rayo Vallecano,0.0,0.0,0.0,0.0,0.0,83.33,6.21,0.0,0.0,6.21,3.1
Carlos Guirao,Real Betis,0.0,0.01,0.0,6.43,0.8,80.0,6.43,66.67,0.0,4.82,3.21
Max Aarons,Valencia,0.0,0.01,0.0,7.26,0.73,76.0,2.9,66.67,0.0,5.08,0.0
Nico Serrano,Athletic Club,0.12,0.04,0.78,7.76,2.33,77.42,1.56,0.0,0.0,2.33,1.55
John Patrick,Getafe,0.21,0.01,0.0,10.33,2.95,80.0,0.0,50.0,0.0,4.43,1.48
Rubén Peña,Osasuna,0.08,0.08,0.33,7.89,1.11,66.81,2.0,31.82,0.0,3.67,1.33
Sergi Domínguez,FC Barcelona,0.0,0.02,0.0,7.8,0.0,94.97,2.08,25.0,0.0,4.16,1.04
Pablo García,Real Betis,0.0,0.4,0.0,12.5,2.5,81.82,0.0,0.0,0.0,7.5,0.0
Yellu Santiago,Getafe,0.0,0.04,0.0,5.51,0.21,73.28,3.17,16.67,0.0,4.45,2.96
Isaac Romero,Sevilla,0.24880000000000002,0.09,0.83,3.95,0.87,73.25,0.8300000000000001,36.59,0.0,2.45,1.58
Álex Sola,Getafe,0.08,0.07,0.17,5.74,1.83,68.78,2.44,39.58,0.0,4.09,2.09
Eric Bailly,Villarreal,0.05,0.01,0.0,3.44,0.43,87.7,2.58,61.11,0.0,2.73,1.0
Hugo Guillamón,Valencia,0.02,0.06,0.23,7.12,0.23,82.26,3.6799999999999997,55.56,0.0,4.82,1.38
Ismael Bekhoucha,Getafe,0.0,0.01,0.0,4.68,2.34,75.0,3.51,33.33,0.0,7.01,3.51
Akor Adams,Sevilla,0.29,0.03,1.33,6.67,0.67,74.07,0.0,37.5,0.0,2.67,0.67
Martín Tejón,Valencia,0.16,0.04,2.0,18.0,4.0,80.0,4.0,0.0,0.0,8.0,2.0
Moi Gómez,Osasuna,0.05,0.12,0.11,11.88,1.54,82.76,2.09,36.84,0.0,7.26,1.54
Miguel de la Fuente,Leganés,0.172,0.04,0.83,2.27,0.41,60.54,1.04,23.02,0.0,1.39,1.19
Alberto Risco,Getafe,0.2,0.19,1.13,12.38,1.13,74.19,4.5,25.0,0.0,6.75,1.13
Javier Manquillo,Celta Vigo,0.0,0.02,0.0,7.49,0.0,90.38,2.44,35.71,0.0,3.13,1.57
Eray Cömert,Real Valladolid,0.04,0.01,0.05,3.07,0.2,87.98,2.4699999999999998,51.22,0.0,2.57,0.91
Mihailo Ristić,Celta Vigo,0.01,0.03,0.0,5.04,0.4,80.21,1.81,25.0,0.0,3.43,1.61
Borna Barišić,Leganés,0.0,0.0,0.0,0.0,0.0,100.0,0.0,0.0,0.0,0.0,0.0
Dani Díaz,Real Sociedad,0.0,0.0,0.0,0.0,0.0,33.33,10.0,100.0,0.0,0.0,10.0
David Otorbi,Valencia,0.0,0.0,0.0,0.0,0.0,50.0,0.0,0.0,0.0,0.0,0.0
Alberto Mari,Valencia,0.0,0.0,0.0,7.5,0.0,50.0,0.0,0.0,0.0,0.0,7.5
Roger Hinojo,Espanyol,0.0,0.0,0.0,22.5,0.0,57.14,0.0,0.0,0.0,0.0,0.0
Endika Buján,Athletic Club,0.0,0.0,0.0,18.0,9.0,100.0,0.0,0.0,0.0,0.0,0.0
Darío Benavides,Sevilla,0.0,0.0,0.0,0.0,0.0,0.0,0.0,0.0,0.0,0.0,0.0
Xavi Moreno,Real Valladolid,0.0,0.02,0.0,2.0,0.0,27.27,0.0,100.0,0.0,2.0,0.0
Gorka Rivera,Getafe,0.0,0.0,0.0,4.74,0.0,33.33,9.47,0.0,0.0,4.74,4.74
Chema Andrés,Real Madrid,0.0,0.0,0.0,0.0,0.0,100.0,0.0,50.0,0.0,0.0,6.92
Nobel Mendy,Real Betis,0.0,0.01,0.0,4.21,0.0,86.79,3.36,100.0,0.0,5.89,0.84
Iker Benito,Osasuna,0.0,0.0,0.0,0.0,0.0,81.82,2.57,0.0,0.0,7.71,2.57
Min-su Kim,Girona FC,0.0,0.05,0.0,18.0,0.0,90.0,4.5,0.0,0.0,4.5,0.0
Javier Martón,Athletic Club,0.0,0.0,0.0,1.8,0.0,85.71,0.0,66.67,0.0,3.6,1.8
Marcão,Sevilla,0.0,0.01,0.0,2.55,0.32,90.45,2.71,70.0,0.0,4.3,1.43
Diego Hormigo,Sevilla,0.21,0.0,0.0,2.37,0.0,71.43,2.37,100.0,0.0,2.37,2.37
Abderrahman Rebbach,Deportivo Alavés,0.04,0.1,0.23,5.64,0.7,69.7,0.7,15.38,0.0,3.76,1.17
André Ferreira,Real Valladolid,0.0,0.0,0.0,0.67,0.0,66.67,0.0,0.0,0.0,7.17,0.0
Hugo Novoa,Deportivo Alavés,0.19,0.08,0.0,3.85,1.15,78.85,3.08,11.11,0.0,3.46,0.38
Adrián Arnu,Real Valladolid,0.65,0.02,0.0,3.4,0.0,90.0,1.7,100.0,0.0,1.7,0.0
Chiquinho,Mallorca,0.18,0.04,1.13,5.66,2.83,78.26,1.6999999999999997,16.67,0.0,5.66,3.4
Mateo Flores,Real Betis,0.0,0.03,0.0,4.12,0.0,80.88,2.94,0.0,0.0,7.06,2.35
Marc Cardona,Las Palmas,0.24,0.05,0.0,7.02,0.64,80.85,2.55,0.0,0.0,5.11,1.28
Víctor Meseguer,Real Valladolid,0.15,0.05,0.0,8.42,0.22,78.92,2.5900000000000003,55.56,0.0,5.4,1.73
Jhon Solís,Girona FC,0.11,0.06,0.17,9.96,0.86,90.69,2.92,37.5,0.0,4.64,1.55
Etienne Eto'o Pineda,Rayo Vallecano,0.0,0.12,0.0,2.05,0.0,20.0,0.0,75.0,0.0,0.0,0.0
Stole Dimitrievski,Valencia,0.0,0.0,0.0,1.25,0.0,39.81,0.0,0.0,0.0,9.0,0.0
Abdoulaye Keita,Getafe,0.05,0.09,0.0,4.79,0.96,56.0,1.91,42.86,0.0,5.74,5.74
Aboubacar Bassinga,Las Palmas,0.0,0.0,0.0,0.0,0.0,50.0,0.0,0.0,0.0,0.0,8.18
Aingeru Olabarrieta,Athletic Club,0.0,0.02,0.0,6.55,1.64,64.29,1.64,100.0,0.0,6.55,1.64
Daniel Requena,Villarreal,0.0,0.0,0.0,0.0,0.0,80.0,0.0,0.0,0.0,0.0,10.0
Javi Martínez,Osasuna,0.0,0.0,0.0,8.18,0.0,100.0,0.0,0.0,0.0,0.0,0.0
Arturo Rodríguez,Las Palmas,0.0,0.0,0.0,18.0,0.0,100.0,0.0,0.0,0.0,4.5,0.0
José Carlo González,Las Palmas,0.0,0.0,0.0,27.0,0.0,88.89,0.0,0.0,0.0,0.0,0.0
Rafael Bauzà,Espanyol,0.03,0.01,0.0,4.45,0.49,85.19,2.47,60.0,0.0,1.98,3.96
Antonio Candela,Real Valladolid,0.0,0.07,0.0,3.46,0.59,80.67,1.48,27.27,0.0,2.27,0.49
Nacho Vidal,Osasuna,0.0,0.01,0.0,3.19,1.28,77.14,1.28,75.0,0.0,3.19,1.28
Joseph Aidoo,Real Valladolid,0.01,0.01,0.0,1.68,0.15,89.06,1.6800000000000002,50.0,0.0,3.97,0.61
Fran González,Real Madrid,0.0,0.0,0.0,0.0,0.0,94.12,0.0,0.0,0.0,4.0,0.0
Maximiliano Caufriez,Valencia,0.0,0.0,0.0,1.0,0.0,78.57,2.0,28.57,0.0,1.0,3.0
Raúl Chasco,Real Valladolid,0.0,0.07,0.0,3.49,0.0,66.67,4.1899999999999995,100.0,0.0,1.4,2.09
Victor Muñoz,Real Madrid,1.05,0.54,0.0,17.14,0.0,100.0,0.0,0.0,0.0,2.14,4.29
Leandro Antonetti,Sevilla,0.48,0.0,3.46,0.0,0.0,50.0,0.0,0.0,0.0,10.38,0.0
Henrique,Real Valladolid,0.01,0.01,0.0,5.08,0.76,86.78,2.29,25.0,0.0,2.29,1.27
Luca De La Torre,Celta Vigo,0.0,0.0,0.0,0.0,0.0,80.0,0.0,0.0,0.0,0.0,8.18
Malcom Ares,Athletic Club,0.0,0.1,0.0,20.0,0.0,62.5,0.0,0.0,0.0,5.0,0.0
Unai García,Osasuna,0.0,0.0,0.0,2.4,0.0,94.74,0.0,16.67,0.0,2.4,3.6
Rodrigo Abajas,Valencia,0.1,0.0,0.0,1.36,1.36,55.0,5.45,0.0,0.0,2.73,2.73
Kenedy,Real Valladolid,0.19,0.0,0.0,0.0,0.0,50.0,0.0,0.0,0.0,6.43,0.0
Arnau Rafús,Real Valladolid,0.0,0.0,0.0,1.0,0.0,73.68,0.0,0.0,0.0,9.0,0.0
Valentin Pezzolesi,Las Palmas,0.0,0.0,0.0,0.0,0.0,40.0,0.0,0.0,0.0,6.43,0.0
Daniel Yañez,Real Madrid,0.0,0.0,0.0,0.0,0.0,0.0,0.0,0.0,0.0,0.0,0.0
Tadeo Allende,Celta Vigo,0.0,0.0,0.0,0.0,0.0,33.33,0.0,0.0,0.0,90.0,0.0
Lorenzo Aguado,Real Madrid,0.0,0.0,0.0,0.0,0.0,0.0,0.0,0.0,0.0,0.0,0.0
Juan Musso,Atalanta,0.0,0.0,0.0,0.0,0.0,44.83,0.0,100.0,0.0,8.0,0.0
Bremer,Juventus,0.02,0.01,0.0,5.0,0.5,92.84,3.5,63.16,0.0,3.83,1.5
Daniele Padelli,Udinese,0.0,0.0,0.0,0.0,0.0,72.22,0.0,0.0,0.0,5.0,0.0
Benjamin Siegrist,Genoa,0.0,0.0,0.0,0.0,0.0,60.94,0.59,0.0,0.0,10.0,0.0
Hakan Çalhanoğlu,Inter,0.059600000000000014,0.26,0.69,17.35,0.14,90.2,2.8,45.71,0.0,5.05,1.01
Paulo Dybala,AS Roma,0.2518,0.33,1.2,15.27,0.7,86.49,1.21,32.0,0.0,3.99,0.38
Rui Patrício,Atalanta,0.0,0.0,0.0,0.33,0.0,82.02,0.0,100.0,0.0,7.67,0.0
Mattia Zaccagni,Lazio,0.15539999999999998,0.13,0.57,11.25,1.46,84.89,2.2199999999999998,47.62,0.0,2.86,1.16
Mateo Retegui,Atalanta,0.5718,0.08,1.42,7.42,0.45,78.06,0.67,42.15,0.0,2.59,1.2
Ademola Lookman,Atalanta,0.37879999999999997,0.31,1.39,13.56,1.47,79.03,1.3900000000000001,56.25,0.0,2.74,1.23
Vanja Milinković-Savić,Torino,0.0,0.01,0.0,3.16,0.0,64.18,0.03,86.67,0.0,9.38,0.03
Marcus Thuram,Inter,0.39,0.16,1.06,7.48,0.94,75.0,0.82,57.83,0.0,2.78,1.17
Christian Pulišić,AC Milan,0.3208,0.23,0.87,12.4,1.41,83.55,1.73,20.75,0.0,3.4,0.72
Filip Stanković,Venezia,0.0,0.0,0.0,0.39,0.0,69.63,0.0,100.0,0.0,6.91,0.0
Scott McTominay,SSC Napoli,0.23,0.05,1.01,6.12,1.19,85.12,2.05,54.92,0.0,4.38,1.38
Amir Rrahmani,SSC Napoli,0.08,0.02,0.11,6.87,0.11,91.04,1.74,69.57,0.0,3.57,1.11
Khvicha Kvaratskhelia,SSC Napoli,0.2476,0.23,1.29,11.45,1.44,83.29,1.44,50.0,0.0,3.41,0.91
Josep Martínez,Inter,0.0,0.0,0.0,0.2,0.0,84.96,0.0,100.0,0.0,5.6,0.0
Leandro Paredes,AS Roma,0.04859999999999999,0.1,0.59,13.07,0.2,91.6,2.96,75.0,0.0,5.45,0.99
Manuel Locatelli,Juventus,0.036599999999999994,0.09,0.29,18.19,0.25,88.74,3.01,60.66,0.0,4.47,1.46
Kenan Yıldız,Juventus,0.16,0.18,0.86,13.79,2.21,86.16,2.21,23.53,0.0,4.6,0.93
Riccardo Orsolini,Bologna,0.37079999999999996,0.14,1.34,7.45,1.58,70.88,1.1400000000000001,52.27,0.0,3.1,1.29
Alexis Saelemaekers,AS Roma,0.15,0.14,0.72,12.95,1.33,86.36,2.65,75.0,0.0,4.76,0.78
Federico Dimarco,Inter,0.13,0.21,0.89,10.54,0.16,84.05,1.58,35.0,0.0,3.07,0.77
Tijjani Reijnders,AC Milan,0.19,0.1,0.8,13.42,1.03,89.54,1.84,25.0,0.0,3.59,0.8
Nico Paz,Como,0.2866,0.13,1.3,13.2,2.3,83.42,2.4,57.41,0.0,3.93,1.57
Pietro Terracciano,Fiorentina,0.0,0.0,0.0,0.0,0.0,76.0,0.0,0.0,0.0,8.67,0.0
Oumar Solet,Udinese,0.05,0.04,0.38,5.32,1.34,89.32,2.68,48.78,0.0,4.95,0.91
Jacob Ondrejka,Parma,0.27,0.24,2.1,7.78,1.26,80.91,3.99,16.67,0.0,3.79,0.21
Christos Mandas,Lazio,0.0,0.0,0.0,1.67,0.0,69.36,0.0,85.71,0.0,9.11,0.0
Alessandro Bastoni,Inter,0.03,0.1,0.07,13.13,0.26,90.51,2.53,65.71,0.0,3.57,1.64
Renato Veiga,Juventus,0.08,0.02,0.41,4.52,0.08,88.03,2.96,71.05,0.0,3.13,0.74
Matías Soulé,AS Roma,0.15,0.17,0.7,16.11,1.75,87.35,1.75,34.48,0.0,5.25,0.6
Antonín Barák,Fiorentina,0.13,0.25,3.27,11.45,0.0,89.47,3.27,0.0,0.0,3.27,0.0
Theo Hernández,AC Milan,0.06659999999999999,0.14,0.57,11.12,0.8,87.54,1.77,69.81,0.0,4.31,0.57
Lautaro Martínez,Inter,0.47,0.15,1.19,6.85,0.59,76.6,1.4,47.37,0.0,2.55,1.43
Florian Thauvin,Udinese,0.2908,0.22,1.23,9.32,1.78,78.46,1.23,33.33,0.0,3.11,0.46
Nicolò Barella,Inter,0.08,0.18,0.32,16.64,0.82,85.13,2.21,51.92,0.0,5.88,0.89
Mile Svilar,AS Roma,0.0,0.0,0.0,0.58,0.0,76.16,0.0,87.5,0.0,7.58,0.0
Rafael Leão,AC Milan,0.28,0.24,1.12,9.73,2.28,77.04,0.85,52.0,0.0,2.55,0.73
Marco Carnesecchi,Atalanta,0.0,0.0,0.0,0.44,0.0,70.4,0.0,100.0,0.0,8.47,0.0
Valentín Castellanos,Lazio,0.43420000000000003,0.1,1.54,5.97,0.6,70.33,0.72,51.49,0.0,1.92,1.43
Giovanni Di Lorenzo,SSC Napoli,0.08,0.1,0.16,11.7,0.11,85.22,2.62,50.54,0.0,2.54,1.24
Elia Caprile,Cagliari,0.0,0.0,0.0,0.88,0.0,66.0,0.05,100.0,0.0,8.84,0.0
Alessandro Buongiorno,SSC Napoli,0.04,0.03,0.19,4.02,0.05,91.04,3.46,68.18,0.0,3.93,0.79
Éderson,Atalanta,0.13,0.15,0.37,16.36,0.72,87.22,2.71,60.0,0.0,5.8,0.97
Marten de Roon,Atalanta,0.03,0.08,0.12,15.63,0.18,87.11,3.56,61.84,0.0,4.12,1.41
David De Gea,Fiorentina,0.0,0.0,0.0,1.03,0.0,70.44,0.03,100.0,0.0,6.51,0.0
Nicola Leali,Genoa,0.0,0.0,0.0,0.93,0.0,67.84,0.0,100.0,0.0,7.1,0.03
Nikola Krstović,Lecce,0.2798,0.05,1.23,5.02,0.5,66.67,0.74,41.41,0.0,2.11,1.67
Juan Miranda,Bologna,0.03,0.22,0.2,13.95,0.27,82.07,2.16,52.86,0.0,3.81,1.02
Lucas Da Cunha,Como,0.07,0.16,0.48,13.44,0.41,87.87,2.12,38.1,0.0,5.38,0.72
Nicolò Rovella,Lazio,0.05,0.07,0.26,10.69,0.59,91.03,4.32,35.48,0.0,5.08,1.42
Kialonda Gaspar,Lecce,0.05,0.03,0.04,1.93,0.34,86.8,2.77,67.86,0.0,2.44,0.38
Dan Ndoye,Bologna,0.22759999999999997,0.11,0.84,10.13,1.55,78.47,1.4700000000000002,41.67,0.0,3.72,0.96
Assane Diao,Como,0.26,0.04,0.93,7.16,1.36,82.93,2.0,34.62,0.0,2.94,1.43
Adrián Bernabé,Parma,0.08,0.09,0.31,13.8,0.92,85.7,2.22,55.56,0.0,4.44,0.55
Berat Djimsiti,Atalanta,0.09,0.02,0.14,7.13,0.03,88.09,3.16,60.67,0.0,3.46,0.78
Gabriel Strefezza,Como,0.12,0.14,0.75,11.46,1.23,82.06,2.39,28.57,0.0,3.69,1.57
Pedro,Lazio,0.3152,0.17,1.48,13.83,1.32,86.98,1.81,14.29,0.0,4.86,1.4
Francesco Acerbi,Inter,0.02,0.07,0.05,6.41,0.16,92.72,2.58,67.39,0.0,3.26,0.58
Alberto Paleari,Torino,0.0,0.0,0.0,0.0,0.0,85.19,0.0,100.0,0.0,9.0,0.0
Estanis Pedrola,Bologna,0.79,1.91,0.0,56.25,22.5,87.5,0.0,0.0,0.0,0.0,11.25
Charles De Ketelaere,Atalanta,0.32,0.21,0.91,15.37,1.86,79.25,0.6900000000000001,48.68,0.0,3.38,0.95
Yann Sommer,Inter,0.0,0.0,0.0,0.3,0.0,86.71,0.0,100.0,0.0,6.45,0.0
Johan Vásquez,Genoa,0.07,0.01,0.24,3.23,0.15,85.14,3.1399999999999997,55.62,0.0,3.61,0.92
Sebastiano Esposito,Empoli,0.1576,0.08,0.81,7.34,1.11,63.84,2.65,32.53,0.0,4.08,1.81
Wladimiro Falcone,Lecce,0.0,0.0,0.0,1.08,0.0,57.12,0.0,100.0,0.0,7.97,0.03
Mike Maignan,AC Milan,0.0,0.01,0.0,0.93,0.03,84.72,0.0,100.0,0.0,7.87,0.03
Yerry Mina,Cagliari,0.08,0.02,0.28,3.28,0.1,86.05,3.6,64.24,0.0,5.52,1.4
Strahinja Pavlović,AC Milan,0.09,0.02,0.39,6.65,0.19,89.02,3.27,66.18,0.0,3.23,0.96
Angeliño,AS Roma,0.03,0.11,0.14,9.65,0.31,82.03,2.09,53.45,0.0,2.86,0.91
Mattéo Guendouzi,Lazio,0.04,0.08,0.25,16.71,0.41,90.6,1.9,45.0,0.0,4.76,0.77
Frank Anguissa,SSC Napoli,0.14,0.08,0.41,10.68,0.79,85.49,2.42,56.2,0.0,4.73,1.23
Ruslan Malinovskyi,Genoa,0.06,0.16,0.7,11.98,0.7,81.63,3.05,53.85,0.0,3.76,2.11
Paulo Azzi,Cagliari,0.11,0.15,0.63,4.22,1.69,75.0,3.37,54.55,0.0,5.06,1.05
Rolando Mandragora,Fiorentina,0.091,0.13,0.71,7.67,0.33,80.02,1.8800000000000001,46.67,0.0,2.87,0.99
Emerson Royal,AC Milan,0.02,0.07,0.13,9.12,0.46,89.96,3.8400000000000003,64.1,0.0,3.84,2.21
Jean Butez,Como,0.0,0.0,0.0,1.51,0.0,75.15,0.0,100.0,0.0,10.65,0.05
Henrikh Mkhitaryan,Inter,0.06,0.15,0.07,17.07,0.26,88.55,2.24,64.86,0.0,4.89,1.23
Giacomo Raspadori,SSC Napoli,0.33,0.18,1.13,7.4,0.72,76.25,1.69,31.25,0.0,3.46,0.97
Mattia Perin,Juventus,0.0,0.0,0.0,0.6,0.0,75.66,0.0,100.0,0.0,9.6,0.0
Matteo Politano,SSC Napoli,0.1,0.17,0.45,10.82,1.02,80.18,1.33,23.08,0.0,3.02,0.45
Robin Gosens,Fiorentina,0.06,0.06,0.28,7.05,0.14,78.99,2.63,62.61,0.0,2.46,0.85
Aarón Martín,Genoa,0.03,0.18,0.12,6.03,0.35,81.09,2.62,37.04,0.0,4.26,1.11
Elseid Hysaj,Lazio,0.04,0.24,0.0,10.02,0.64,83.72,3.42,57.14,0.0,4.27,1.07
Khéphren Thuram,Juventus,0.13,0.07,0.42,11.4,1.5,89.4,2.23,48.28,0.0,4.24,1.39
Yacine Adli,Fiorentina,0.07,0.16,0.35,12.98,0.85,85.66,2.6799999999999997,23.81,0.0,5.43,0.63
Edoardo Bove,Fiorentina,0.06,0.08,0.2,8.55,0.71,83.28,3.05,42.86,0.0,4.58,1.63
Tiago Gabriel,Lecce,0.0,0.04,0.0,2.87,0.0,87.5,0.0,83.33,0.0,1.91,0.0
Simone Perilli,Hellas Verona,0.0,0.0,0.0,0.5,0.0,23.91,0.0,100.0,0.0,6.0,0.0
Mats Hummels,AS Roma,0.05,0.01,0.1,2.45,0.39,89.4,5.49,58.97,0.0,4.02,0.88
Stefan de Vrij,Inter,0.06,0.02,0.16,4.24,0.16,93.29,2.1399999999999997,63.11,0.0,3.46,0.47
Nicolás Valentini,Hellas Verona,0.03,0.03,0.0,4.45,0.16,68.43,3.9699999999999998,79.37,0.0,3.42,1.75
Evan Ndicka,AS Roma,0.03,0.01,0.13,4.71,0.0,92.19,1.71,55.36,0.0,3.53,0.97
Randal Kolo Muani,Juventus,0.2976,0.06,1.08,5.1,1.39,72.82,1.16,27.03,0.0,2.55,2.09
Mario Gila,Lazio,0.03,0.03,0.13,7.39,0.13,91.98,2.73,51.15,0.0,5.02,1.05
Teun Koopmeiners,Juventus,0.17,0.17,0.5,10.1,0.45,87.76,1.7999999999999998,50.0,0.0,2.3,1.44
Denzel Dumfries,Inter,0.24,0.13,0.88,7.61,0.6,76.68,1.43,72.15,0.0,3.0,2.49
Mathías Olivera,SSC Napoli,0.04,0.03,0.08,8.5,0.19,85.91,3.45,52.56,0.0,3.53,1.06
Moise Kean,Fiorentina,0.5854,0.04,1.69,2.62,1.46,71.79,0.43000000000000005,51.49,0.0,1.73,1.36
Duván Zapata,Torino,0.51,0.07,1.53,5.81,0.15,69.42,1.3800000000000001,40.82,0.0,2.29,1.53
Zion Suzuki,Parma,0.0,0.0,0.0,2.33,0.0,63.23,0.03,94.12,0.0,9.34,0.08
Bryan Cristante,AS Roma,0.09,0.06,0.31,11.43,0.26,83.5,2.9499999999999997,52.07,0.0,4.79,1.63
Matteo Gabbia,AC Milan,0.04,0.01,0.17,3.96,0.04,91.49,1.49,57.65,0.0,2.87,0.83
Benjamin Pavard,Inter,0.03,0.05,0.06,9.66,0.0,92.05,2.56,54.79,0.0,2.61,1.02
Răzvan Sava,Udinese,0.0,0.0,0.0,0.92,0.0,68.85,0.0,0.0,0.0,5.92,0.08
Stefano Turati,Monza,0.0,0.0,0.0,1.14,0.0,67.48,0.0,91.67,0.0,7.7,0.0
Marc Kempf,Como,0.05,0.04,0.14,5.23,0.14,87.83,2.16,71.71,0.0,3.65,0.72
Pablo Marí,Fiorentina,0.01,0.01,0.03,3.2,0.2,90.69,3.37,68.27,0.0,3.23,1.35
Dodô,Fiorentina,0.04,0.12,0.17,6.55,1.5,81.92,2.2800000000000002,43.33,0.0,5.28,0.69
Ardian Ismajli,Empoli,0.01,0.0,0.0,0.54,0.0,86.84,3.09,59.4,0.0,2.98,0.75
Michele Di Gregorio,Juventus,0.0,0.0,0.0,0.97,0.0,73.62,0.03,91.67,0.0,6.39,0.0
Sam Beukema,Bologna,0.04,0.03,0.15,7.1,0.03,86.69,2.5100000000000002,56.32,0.0,4.03,0.84
Ionuț Radu,Venezia,0.0,0.0,0.0,1.4,0.07,53.11,0.0,100.0,0.0,8.93,0.0
Stanislav Lobotka,SSC Napoli,0.01,0.06,0.0,9.69,0.27,91.05,2.31,50.0,0.0,5.64,0.82
Nuno Tavares,Lazio,0.06,0.26,0.27,9.91,2.6,84.13,2.59,50.0,0.0,5.51,0.95
Andrea Cambiaso,Juventus,0.03,0.08,0.24,12.6,1.09,91.39,2.5100000000000002,38.89,0.0,4.7,1.13
Raoul Bellanova,Atalanta,0.04,0.18,0.18,9.13,0.76,84.17,1.52,52.08,0.0,4.36,0.58
Carlos Augusto,Inter,0.16,0.08,0.38,8.93,0.38,90.02,2.0700000000000003,62.37,0.0,3.81,0.54
Juan Cuadrado,Atalanta,0.1,0.21,0.44,18.76,1.85,85.33,2.83,70.59,0.0,3.38,0.98
Gianluca Mancini,AS Roma,0.05,0.02,0.2,6.53,0.03,87.21,2.2,62.89,0.0,2.83,1.4
Federico Gatti,Juventus,0.1,0.01,0.37,3.21,0.28,95.18,1.8699999999999999,57.81,0.0,4.47,0.81
Romelu Lukaku,SSC Napoli,0.3086,0.08,0.75,5.17,0.19,71.2,0.16,42.86,0.0,1.07,1.47
Nicolò Cambiaghi,Bologna,0.11,0.32,0.59,9.67,1.61,84.97,2.64,27.27,0.0,4.25,1.32
Charalampos Lykogiannis,Bologna,0.02,0.18,0.17,8.83,0.34,79.61,2.91,66.67,0.0,3.0,0.86
Cristiano Biraghi,Torino,0.03,0.15,0.17,8.49,0.06,83.35,1.7999999999999998,48.15,0.0,2.76,0.73
Sead Kolašinac,Atalanta,0.04,0.07,0.14,11.21,0.14,88.08,3.11,56.45,0.0,6.36,1.79
Christian Kabasele,Udinese,0.12,0.04,0.31,4.88,0.08,85.43,2.4000000000000004,62.5,0.0,2.55,1.55
Nicolás González,Juventus,0.2,0.06,1.06,8.61,0.86,77.34,1.68,55.05,0.0,3.5,1.52
Álvaro Morata,AC Milan,0.32,0.02,0.81,5.13,0.49,78.43,1.71,42.86,0.0,2.52,2.04
Morten Frendrup,Genoa,0.05,0.02,0.26,6.0,0.29,85.87,4.3100000000000005,44.29,0.0,5.33,1.48
Enrico Delprato,Parma,0.06,0.03,0.15,4.58,0.06,85.92,1.5899999999999999,47.56,0.0,3.85,0.61
João Félix,AC Milan,0.3,0.16,0.94,11.26,1.76,83.97,0.82,50.0,0.0,3.52,1.41
Alex Meret,SSC Napoli,0.0,0.0,0.0,0.27,0.0,84.52,0.0,100.0,0.0,6.56,0.03
Nikola Moro,Bologna,0.04,0.07,0.15,14.28,0.51,82.55,3.51,51.52,0.0,5.35,1.61
Pierre Kalulu,Juventus,0.03,0.03,0.12,8.52,0.15,93.83,2.24,36.49,0.0,3.66,1.0
Remo Freuler,Bologna,0.04,0.04,0.11,12.63,0.14,88.54,3.27,50.0,0.0,4.09,1.32
Ondrej Duda,Hellas Verona,0.04,0.1,0.19,7.87,0.94,82.56,2.88,51.61,0.0,7.04,1.91
Saúl Coco,Torino,0.04,0.01,0.19,2.88,0.22,88.54,2.65,51.64,0.0,2.75,1.68
Luca Ranieri,Fiorentina,0.03,0.04,0.15,3.69,0.26,86.31,2.05,45.28,0.0,2.78,0.73
Maduka Okoye,Udinese,0.0,0.0,0.0,0.8,0.0,75.6,0.0,100.0,0.0,7.28,0.0
Weston McKennie,Juventus,0.11,0.14,0.31,11.41,0.78,85.06,1.82,54.55,0.0,4.03,1.24
Samuel Chukwueze,AC Milan,0.25,0.23,0.76,11.5,2.47,83.66,1.81,41.18,0.0,3.61,0.29
Mario Pašalić,Atalanta,0.261,0.1,0.55,16.18,0.23,88.21,1.74,50.0,0.0,5.12,0.87
Jacopo Fazzini,Empoli,0.2,0.05,0.58,8.27,1.49,77.63,2.46,43.18,0.0,4.52,1.49
Billy Gilmour,SSC Napoli,0.04,0.15,0.08,10.85,0.38,89.3,2.52,47.37,0.0,4.89,1.07
Lorenzo Lucca,Udinese,0.2588,0.03,0.99,2.29,0.46,64.86,0.65,43.7,0.0,1.68,2.48
Lewis Ferguson,Bologna,0.019799999999999998,0.07,0.18,15.08,0.46,88.89,2.65,51.61,0.0,2.56,2.47
Malick Thiaw,AC Milan,0.03,0.01,0.05,5.09,0.15,93.57,1.95,64.47,0.0,3.24,1.2
Enzo Le Fée,AS Roma,0.06,0.06,0.56,15.8,1.13,87.75,3.38,33.33,0.0,6.21,1.69
Ismaël Bennacer,AC Milan,0.02,0.09,0.6,14.6,2.68,90.65,2.38,75.0,0.0,5.07,1.49
Andrea Pinamonti,Genoa,0.2266,0.04,0.94,3.37,0.35,64.29,0.33999999999999997,43.22,0.0,1.67,0.66
Patrick Cutrone,Como,0.2788,0.09,1.14,6.27,0.39,74.89,0.9199999999999999,25.27,0.0,2.37,1.01
Yann Bisseck,Inter,0.14,0.07,0.27,8.92,0.16,92.36,1.86,73.85,0.0,3.61,0.88
Francisco Conceição,Juventus,0.16,0.3,0.87,10.8,2.35,85.2,1.94,18.18,0.0,3.69,1.61
Emil Holm,Bologna,0.05,0.07,0.24,9.97,0.79,79.22,3.48,59.62,0.0,3.72,1.27
Lazar Samardžić,Atalanta,0.16,0.32,1.02,21.85,2.11,83.57,1.7999999999999998,14.81,0.0,3.92,1.49
Zeki Çelik,AS Roma,0.02,0.04,0.16,10.03,0.32,84.49,3.0700000000000003,53.57,0.0,2.99,1.23
Matteo Ruggeri,Atalanta,0.01,0.09,0.1,15.39,0.31,87.14,3.12,57.5,0.0,6.34,0.61
Joaquín Correa,Inter,0.26,0.11,0.73,15.06,0.73,87.93,1.35,25.0,0.0,3.8,0.98
Fali Candé,Venezia,0.06,0.01,0.12,4.35,0.53,82.43,2.35,48.78,0.0,4.65,1.41
Nikola Vlašić,Torino,0.08759999999999998,0.08,0.51,11.0,1.02,82.29,1.94,48.33,0.0,3.93,1.18
Cesare Casadei,Torino,0.1,0.04,0.62,6.33,0.62,79.7,1.5,69.57,0.0,3.61,1.41
Alessio Romagnoli,Lazio,0.07,0.01,0.27,4.51,0.03,91.96,2.5,64.44,0.0,3.23,0.98
Eljif Elmas,Torino,0.13,0.1,0.88,9.48,1.14,83.72,1.4100000000000001,40.0,0.0,2.9,1.14
Antonino Gallo,Lecce,0.01,0.09,0.1,5.95,0.45,70.45,2.93,41.27,0.0,3.99,0.41
Alen Sherri,Cagliari,0.0,0.0,0.0,0.43,0.0,69.46,0.28,0.0,0.0,6.37,0.0
Danilo Cataldi,Fiorentina,0.05,0.04,0.25,7.64,0.15,86.16,2.39,54.55,0.0,5.8,0.76
Hernani,Parma,0.033999999999999975,0.09,0.41,9.41,0.54,78.5,4.470000000000001,48.65,0.0,4.6,2.23
Kristjan Asllani,Inter,0.0796,0.17,0.45,12.07,0.09,92.01,2.05,50.0,0.0,4.38,0.8
Artem Dovbyk,AS Roma,0.3954,0.06,1.0,5.44,0.26,74.94,0.22,41.75,0.0,0.96,1.11
Alieu Fadera,Como,0.09,0.1,0.49,8.21,1.4,77.14,4.11,42.31,0.0,5.13,2.16
Máximo Perrone,Como,0.04,0.08,0.1,10.46,0.15,90.98,2.81,40.74,0.0,4.65,1.26
David Neres,SSC Napoli,0.19,0.22,0.49,10.85,2.3,86.06,1.95,21.43,0.0,3.62,0.97
Jhon Lucumí,Bologna,0.02,0.02,0.07,5.65,0.34,91.51,2.73,50.0,0.0,6.06,0.76
Martin Erlić,Bologna,0.06,0.01,0.0,4.58,0.0,91.67,1.08,52.63,0.0,2.96,1.89
Federico Baschirotto,Lecce,0.03,0.01,0.21,1.97,0.11,86.71,1.58,64.81,0.0,2.45,0.82
Kike Pérez,Venezia,0.07,0.12,0.56,12.29,1.04,78.73,4.09,48.39,0.0,5.71,2.49
Jaka Bijol,Udinese,0.06,0.02,0.18,3.98,0.06,83.83,2.46,67.07,0.0,3.07,1.49
Hans Nicolussi Caviglia,Venezia,0.08,0.07,0.63,8.62,0.53,82.55,2.35,53.85,0.0,4.61,1.57
Santiago Castro,Bologna,0.2688,0.06,0.82,5.31,0.7,78.0,0.82,35.19,0.0,2.69,1.91
Maxence Caqueret,Como,0.07,0.09,0.25,14.11,1.15,85.58,3.52,23.08,0.0,5.66,1.39
Samuel Mbangula,Juventus,0.08,0.1,0.63,10.14,1.14,89.47,2.28,22.22,0.0,4.18,0.76
Joel Pohjanpalo,Venezia,0.24839999999999998,0.06,0.95,4.57,0.17,61.05,0.39,43.81,0.0,1.11,0.67
Luca Pellegrini,Lazio,0.06,0.14,0.34,11.82,0.92,81.18,3.52,56.25,0.0,3.44,1.51
Manu Koné,AS Roma,0.12,0.05,0.31,10.42,1.05,91.32,2.27,40.35,0.0,4.57,0.98
Milan Đurić,Parma,0.19,0.02,0.64,3.01,0.35,47.43,0.18,70.29,0.0,1.22,1.1
Daniele Ghilardi,Hellas Verona,0.03,0.02,0.18,3.77,0.09,80.68,3.2800000000000002,50.6,0.0,2.44,1.46
Diego Coppola,Hellas Verona,0.02,0.01,0.12,1.11,0.03,81.42,4.24,64.56,0.0,2.74,1.35
Ange-Yoan Bonny,Parma,0.24420000000000003,0.08,0.78,6.4,1.17,76.84,1.31,26.32,0.0,2.26,0.74
Lorenzo Venturino,Genoa,0.53,0.06,1.66,3.31,2.21,56.82,2.76,50.0,0.0,4.42,1.66
Gabriel Charpentier,Parma,0.44,0.09,1.35,5.41,0.68,60.78,1.35,38.46,0.0,4.06,4.4
Devyne Rensch,AS Roma,0.05,0.15,0.38,8.04,0.0,85.71,4.6,58.82,0.0,2.49,0.19
Leandro Chichizola,Parma,0.0,0.0,0.0,1.0,0.0,70.45,0.0,100.0,0.0,8.0,0.0
Sofyan Amrabat,Fiorentina,0.0,0.03,0.0,8.0,0.0,86.05,1.5,50.0,0.0,3.5,2.0
Mattia Liberali,AC Milan,0.1,0.03,0.0,14.52,0.0,82.76,2.9,100.0,0.0,5.81,1.45
Victor Nelsson,AS Roma,0.01,0.0,0.0,4.38,0.49,89.66,3.4000000000000004,80.0,0.0,1.95,1.46
Davide Zappacosta,Atalanta,0.1,0.13,0.52,11.92,0.52,85.89,1.6099999999999999,47.83,0.0,3.86,0.82
Adam Masina,Torino,0.03,0.03,0.09,4.91,0.28,85.39,2.8,73.91,0.0,4.11,1.07
Albert Guðmundsson,Fiorentina,0.2108,0.07,1.05,8.61,1.05,86.81,1.05,25.0,0.0,3.71,0.91
Ignace Van der Brempt,Como,0.03,0.03,0.21,6.91,0.93,82.87,4.0600000000000005,52.94,0.0,4.2,1.5
Che Adams,Torino,0.2766,0.1,0.88,5.08,0.37,75.23,0.48,36.73,0.0,1.69,0.98
Youssouf Fofana,AC Milan,0.05,0.09,0.18,9.33,0.5,86.33,2.69,34.38,0.0,5.42,1.0
Dany Mota,Monza,0.22,0.07,0.47,6.22,0.55,75.95,0.93,46.27,0.0,2.6,1.28
Isak Hien,Atalanta,0.04,0.01,0.08,2.28,0.23,89.77,3.06,54.4,0.0,5.46,1.39
Juan Jesus,SSC Napoli,0.03,0.01,0.0,3.77,0.0,89.74,2.84,59.52,0.0,2.51,1.17
Samuel Gigot,Lazio,0.17,0.01,0.39,2.62,0.13,91.96,2.2199999999999998,79.17,0.0,1.96,1.05
Boulaye Dia,Lazio,0.29,0.06,0.82,5.58,0.7,84.16,1.15,26.92,0.0,2.26,0.94
Fikayo Tomori,AC Milan,0.0,0.04,0.0,4.8,0.11,92.89,3.35,47.46,0.0,3.35,0.56
Tommaso Augello,Cagliari,0.01,0.16,0.0,7.53,0.8,78.23,2.1500000000000004,68.92,0.0,4.48,0.5
Guillermo Maripán,Torino,0.04,0.04,0.19,3.81,0.08,86.76,3.12,59.84,0.0,3.46,1.11
Samuele Birindelli,Monza,0.13,0.07,0.61,6.66,0.31,80.0,1.9500000000000002,25.0,0.0,2.87,0.98
Georgios Kyriakopoulos,Monza,0.03,0.08,0.29,7.2,0.49,80.52,2.05,43.64,0.0,2.97,0.75
Tete Morente,Lecce,0.12,0.05,0.58,8.92,1.33,79.29,1.8199999999999998,64.06,0.0,4.61,1.15
Gustav Isaksen,Lazio,0.21,0.11,1.01,8.29,1.78,84.99,1.05,34.21,0.0,2.75,0.93
Tim Weah,Juventus,0.19,0.06,0.49,10.51,0.71,88.27,2.74,44.19,0.0,3.28,1.09
Hassane Kamara,Udinese,0.04,0.1,0.13,6.33,0.81,81.82,2.74,65.63,0.0,4.13,1.12
Medon Berisha,Lecce,0.09,0.1,0.75,10.33,0.37,82.14,2.8600000000000003,46.67,0.0,4.48,1.99
Piotr Zieliński,Inter,0.0996,0.1,0.55,16.19,0.55,92.5,1.83,76.92,0.0,5.3,0.82
Giorgio Altare,Venezia,0.02,0.02,0.12,3.24,0.6,76.0,3.6,55.26,0.0,3.24,1.2
Ruben Loftus-Cheek,AC Milan,0.06,0.08,0.17,10.39,0.96,90.59,1.92,63.33,0.0,4.19,2.01
Mattia Viti,Empoli,0.03,0.01,0.07,3.39,0.21,80.26,3.95,54.78,0.0,3.39,1.05
Alessio Zerbin,Venezia,0.12,0.14,0.35,7.04,1.24,66.5,4.02,43.48,0.0,4.08,2.13
Michel Aebischer,Bologna,0.05,0.08,0.62,11.13,0.37,89.33,3.1,35.71,0.0,4.33,1.98
Ivan Provedel,Lazio,0.0,0.0,0.0,1.21,0.0,75.47,0.03,90.91,0.0,6.52,0.0
Tino Anjorin,Empoli,0.07,0.09,0.56,6.69,1.29,83.18,3.3899999999999997,37.5,0.0,5.24,1.93
Samuele Ricci,Torino,0.04,0.04,0.22,7.52,0.19,89.82,1.9000000000000001,55.88,0.0,4.13,1.21
Kyle Walker,AC Milan,0.01,0.06,0.0,8.89,0.68,90.59,3.56,60.0,0.0,5.06,0.96
Brenner,Udinese,0.15,0.03,0.92,4.85,0.69,82.18,1.6099999999999999,40.0,0.0,3.69,0.0
Lucas Martínez Quarta,Fiorentina,0.19,0.03,0.26,6.72,0.52,88.8,3.88,48.0,0.0,3.36,2.07
Jesse Joronen,Venezia,0.0,0.0,0.0,0.26,0.0,69.41,0.0,100.0,0.0,9.49,0.13
Stephan El Shaarawy,AS Roma,0.2,0.16,0.97,11.27,1.38,82.39,2.1100000000000003,20.83,0.0,3.89,0.57
Patrick Dorgu,Lecce,0.16,0.05,0.49,7.28,0.63,78.77,3.08,57.41,0.0,4.83,1.17
Frédéric Guilbert,Lecce,0.01,0.08,0.0,5.99,0.66,80.0,4.12,57.97,0.0,3.08,1.21
Douglas Luiz,Juventus,0.11,0.22,0.34,13.62,1.9,90.42,2.93,55.56,0.0,5.34,2.41
Milan Badelj,Genoa,0.06,0.05,0.18,8.36,0.55,82.38,2.9699999999999998,62.5,0.0,4.48,1.09
Lorenzo Pellegrini,AS Roma,0.2232,0.15,0.77,8.71,0.61,83.93,1.6500000000000001,35.48,0.0,3.36,1.43
Nicolò Fagioli,Fiorentina,0.07,0.14,0.29,12.21,0.7,88.96,2.34,33.33,0.0,4.61,1.11
Riccardo Sottil,AC Milan,0.1,0.14,0.57,9.08,1.13,81.88,0.95,35.71,0.0,4.63,0.76
Michael Svoboda,Venezia,0.01,0.08,0.27,4.79,0.14,85.12,3.29,56.92,0.0,4.86,0.48
Dušan Vlahović,Juventus,0.474,0.05,1.5,5.16,0.45,71.59,0.25,47.56,0.0,1.8,1.35
Sandi Lovrić,Udinese,0.1,0.09,0.46,8.67,0.81,85.18,2.63,5.56,0.0,4.57,2.09
Nehuén Pérez,Udinese,0.0,0.01,0.0,3.5,0.5,81.67,1.0,75.0,0.0,3.0,1.5
Enzo Ebosse,Udinese,0.0,0.01,0.0,9.0,1.0,86.79,1.0,100.0,0.0,5.0,1.0
Pietro Comuzzo,Fiorentina,0.02,0.01,0.08,3.76,0.0,86.32,2.95,59.63,0.0,3.51,1.02
Jens Odgaard,Bologna,0.16,0.07,1.0,6.7,0.68,77.94,1.32,42.06,0.0,3.19,1.91
Keinan Davis,Udinese,0.24,0.06,0.92,6.89,1.43,76.75,0.84,48.1,0.0,2.86,2.02
Mërgim Vojvoda,Como,0.03,0.09,0.05,9.32,0.44,85.62,1.82,46.67,0.0,3.99,1.04
Hamza Rafia,Lecce,0.04,0.11,0.17,9.22,0.85,83.09,4.0600000000000005,31.58,0.0,5.24,2.2
Christian Kouamé,Empoli,0.26,0.11,0.48,7.03,0.96,65.65,1.5999999999999999,62.6,0.0,3.03,1.6
Antoine Hainaut,Parma,0.06,0.1,0.22,6.41,0.97,76.67,3.06,67.35,0.0,4.32,0.97
Maxwel Cornet,Genoa,0.39,0.26,1.12,6.32,1.12,74.19,1.48,10.0,0.0,5.21,0.0
Leonardo Spinazzola,SSC Napoli,0.04,0.2,0.23,9.96,1.64,83.55,1.53,50.0,0.0,3.63,0.35
Lloyd Kelly,Juventus,0.03,0.02,0.09,8.42,0.0,84.91,1.51,57.14,0.0,4.88,1.24
Álex Jiménez,AC Milan,0.07,0.09,0.35,8.43,1.84,82.94,2.76,40.91,0.0,4.89,0.85
Gianluca Busio,Venezia,0.09,0.06,0.25,7.08,0.53,78.18,2.32,48.53,0.0,3.8,0.92
Mateo Pellegrino,Parma,0.46,0.07,1.09,4.71,0.36,55.0,0.48,52.08,0.0,2.42,3.26
Valentin Mihăilă,Parma,0.17,0.08,0.76,11.15,0.69,80.26,2.5599999999999996,34.15,0.0,2.7,1.18
Armando Izzo,Monza,0.02,0.01,0.07,3.54,0.22,88.34,3.13,44.88,0.0,3.31,2.39
Patrizio Masini,Genoa,0.02,0.03,0.06,5.3,0.58,79.52,4.02,54.55,0.0,5.07,2.1
Nicola Zalewski,Inter,0.05,0.22,0.27,10.63,1.01,83.45,1.9200000000000002,45.0,0.0,4.03,0.82
Emanuele Valeri,Parma,0.036599999999999994,0.11,0.16,5.47,0.38,73.82,2.5,48.78,0.0,3.88,0.88
Gvidas Gineitis,Torino,0.09,0.14,0.51,7.4,0.51,80.76,2.7199999999999998,43.75,0.0,3.61,1.45
Alessandro Circati,Parma,0.05,0.0,0.0,1.17,0.0,86.03,1.67,80.95,0.0,1.83,0.67
Borna Sosa,Torino,0.02,0.07,0.08,8.21,0.23,83.05,3.04,45.71,0.0,4.03,0.91
Mattia Bani,Genoa,0.07,0.01,0.18,1.55,0.12,87.94,2.44,47.92,0.0,3.57,0.42
Juan Cabal,Juventus,0.03,0.06,0.0,7.42,0.78,87.97,2.34,66.67,0.0,3.9,1.37
Gianluca Caprari,Monza,0.1442,0.11,0.6,10.82,0.54,86.65,1.46,22.22,0.0,3.08,0.97
Simon Sohm,Parma,0.09,0.06,0.39,8.07,0.45,86.06,1.62,50.85,0.0,3.81,0.57
Davide Frattesi,Inter,0.31,0.06,0.6,4.82,0.53,84.39,1.6600000000000001,43.48,0.0,3.62,0.83
Stefano Sensi,Monza,0.05259999999999998,0.11,0.66,22.17,1.65,89.44,3.6399999999999997,40.0,0.0,5.29,0.99
Manuel Lazzari,Lazio,0.01,0.1,0.13,8.65,0.95,87.11,2.29,31.58,0.0,3.18,0.76
Rafa Marín,SSC Napoli,0.14,0.01,0.63,3.17,0.0,97.46,1.26,50.0,0.0,2.54,1.27
Michael Kayode,Fiorentina,0.07,0.01,0.0,7.67,2.09,70.21,2.0999999999999996,100.0,0.0,4.19,0.7
Kingsley Ehizibue,Udinese,0.04,0.07,0.14,4.8,0.43,78.77,2.79,46.77,0.0,3.94,1.18
Þórir Jóhann Helgason,Lecce,0.09,0.07,0.39,6.38,0.62,73.21,1.25,50.0,0.0,3.58,0.78
Sebastiano Luperto,Cagliari,0.06,0.02,0.17,3.06,0.03,84.85,2.25,52.59,0.0,3.86,0.64
Davide Calabria,Bologna,0.05,0.06,0.0,10.88,0.28,86.48,3.04,57.14,0.0,4.24,0.92
Matteo Darmian,Inter,0.1,0.07,0.2,7.48,0.2,85.36,1.91,48.28,0.0,1.96,1.31
Botond Balogh,Parma,0.02,0.01,0.0,1.49,0.0,89.55,2.68,55.38,0.0,2.81,0.75
Tomáš Suslov,Hellas Verona,0.07,0.07,0.3,6.05,1.55,77.68,3.09,16.67,0.0,3.78,2.32
Nicolò Savona,Juventus,0.02,0.05,0.21,7.67,0.31,91.49,2.08,33.33,0.0,3.75,0.68
Łukasz Skorupski,Bologna,0.0,0.0,0.0,1.22,0.04,76.29,0.04,75.0,0.0,7.38,0.04
Anastasios Douvikas,Como,0.4,0.11,0.78,5.45,0.78,77.67,0.63,31.03,0.0,1.71,2.02
Stefan Posch,Atalanta,0.04,0.05,0.16,8.84,0.32,80.86,4.3,54.29,0.0,5.27,2.19
Jay Idzes,Venezia,0.05,0.01,0.09,3.34,0.03,87.11,2.21,41.13,0.0,3.25,1.44
Álex Valle,Como,0.03,0.04,0.09,9.92,0.78,85.29,2.96,28.57,0.0,4.44,1.22
Alberto Dossena,Como,0.04,0.02,0.2,1.87,0.2,87.94,2.7,72.09,0.0,3.35,1.08
Fabio Miretti,Genoa,0.17,0.11,0.32,6.16,1.33,80.12,1.8599999999999999,34.29,0.0,4.52,1.22
Marko Arnautović,Inter,0.53,0.15,0.96,9.77,0.32,74.83,1.28,60.0,0.0,1.6,0.64
Ivan Smolčić,Como,0.06,0.02,0.43,5.39,0.0,85.84,3.69,52.38,0.0,3.83,1.56
Luca Mazzitelli,Como,0.05,0.16,0.75,10.31,1.01,84.62,3.01,20.0,0.0,3.52,2.26
Mikael Ellertsson,Venezia,0.04,0.06,0.18,4.68,0.58,73.0,2.72,47.06,0.0,2.69,0.8
Koni De Winter,Genoa,0.09,0.01,0.3,2.83,0.25,86.85,2.44,69.09,0.0,4.81,1.81
Martín Payero,Udinese,0.08,0.07,0.33,7.48,1.95,82.44,2.41,50.0,0.0,4.88,2.28
Eldor Shomurodov,AS Roma,0.39,0.11,1.14,8.2,0.65,76.79,1.38,38.81,0.0,2.92,1.14
Gabriele Zappa,Cagliari,0.02,0.1,0.15,6.29,0.38,78.71,1.8599999999999999,43.75,0.0,3.62,0.73
Matías Vecino,Lazio,0.23,0.29,0.51,7.3,0.1,81.73,1.85,52.54,0.0,2.98,2.06
Andrea Carboni,Monza,0.01,0.01,0.04,3.85,0.2,86.89,3.5700000000000003,48.78,0.0,2.54,1.19
Sulemana,Atalanta,0.14,0.04,0.64,10.53,0.32,88.33,2.87,69.23,0.0,4.15,0.64
Sergi Roberto,Como,0.09,0.07,0.13,12.8,0.39,90.95,2.9699999999999998,43.75,0.0,6.21,0.91
Alberto Costa,Juventus,0.15,0.02,0.5,10.06,1.01,83.85,4.53,62.5,0.0,5.78,2.01
Danilo,Juventus,0.02,0.09,0.0,13.92,0.0,91.11,2.94,69.57,0.0,3.71,1.7
Matteo Palma,Udinese,0.0,0.0,0.0,0.0,0.0,83.33,0.0,100.0,0.0,11.25,11.25
Giuseppe Ciocci,Cagliari,0.0,0.0,0.0,0.0,0.0,100.0,0.0,0.0,0.0,0.0,0.0
Simone Scuffet,SSC Napoli,0.0,0.0,0.0,0.57,0.0,67.6,0.0,80.0,0.0,7.5,0.0
Gianluca Scamacca,Atalanta,0.62,0.0,6.92,0.0,0.0,100.0,0.0,0.0,0.0,0.0,0.0
Alphadjo Cissè,Hellas Verona,0.38,0.08,15.0,15.0,0.0,75.0,0.0,100.0,0.0,0.0,7.5
Daniel Mosquera,Hellas Verona,0.44,0.06,1.05,5.65,1.05,69.18,0.85,46.82,0.0,3.54,2.89
Nicolò Casale,Bologna,0.04,0.04,0.17,3.53,0.26,88.21,2.9299999999999997,61.29,0.0,3.79,2.15
Rafael Tolói,Atalanta,0.01,0.1,0.0,9.31,0.39,88.24,3.49,90.0,0.0,6.4,1.16
Semuel Pizzignacco,Monza,0.0,0.0,0.0,0.73,0.0,71.48,0.0,100.0,0.0,6.48,0.0
Alessandro Bianco,Monza,0.04,0.05,0.21,8.2,0.58,87.68,2.51,37.78,0.0,4.29,1.48
Răzvan Marin,Cagliari,0.04859999999999999,0.23,0.64,8.89,0.83,81.16,1.54,37.04,0.0,4.48,1.6
Tommaso Pobega,Bologna,0.16,0.06,0.61,8.02,0.23,83.63,3.59,48.39,0.0,3.44,2.52
Patrick Ciurria,Monza,0.07,0.13,0.16,6.28,0.4,80.65,2.25,25.0,0.0,2.58,1.37
Pierluigi Gollini,AS Roma,0.0,0.0,0.0,1.29,0.0,80.79,0.0,0.0,0.0,4.57,0.0
Lucas Beltrán,Fiorentina,0.14079999999999998,0.09,0.41,7.12,0.69,78.75,1.29,36.36,0.0,2.71,1.47
Nicolas Viola,Cagliari,0.17,0.18,0.63,7.66,0.77,68.94,1.19,46.67,0.0,3.66,1.41
José Luis Palomino,Cagliari,0.04,0.01,0.08,3.91,0.0,87.68,4.08,57.14,0.0,4.16,0.91
Keita Baldé,Monza,0.16,0.06,0.7,10.55,0.7,90.28,0.42000000000000004,31.25,0.0,1.69,0.98
Lorenzo Montipò,Hellas Verona,0.0,0.0,0.0,2.0,0.0,44.36,0.03,91.67,0.0,7.08,0.0
Andrea Colpani,Fiorentina,0.16,0.08,0.72,9.48,0.72,86.12,1.4500000000000002,40.74,0.0,2.78,1.33
Lautaro Valenti,Parma,0.02,0.01,0.12,1.97,0.0,84.67,1.73,54.35,0.0,2.77,1.39
Lautaro Giannetti,Udinese,0.01,0.03,0.2,1.63,0.0,82.46,3.7700000000000005,68.18,0.0,2.86,0.71
Lorenzo Colombo,Empoli,0.20879999999999999,0.04,0.8,4.56,0.96,68.42,1.32,30.34,0.0,2.92,1.84
Suat Serdar,Hellas Verona,0.13,0.04,0.52,6.41,1.24,76.47,2.81,54.84,0.0,4.84,2.16
Casper Tengstedt,Hellas Verona,0.2532,0.06,0.65,4.47,0.53,69.4,0.6499999999999999,24.69,0.0,2.18,0.35
Alberto Grassi,Empoli,0.04,0.03,0.16,5.33,0.2,75.9,2.91,56.36,0.0,5.01,1.13
Saud Abdulhamid,AS Roma,0.01,0.1,0.0,10.54,1.32,88.66,2.2,0.0,0.0,1.32,0.88
Matias Moreno,Fiorentina,0.0,0.02,0.0,5.4,1.8,84.06,5.3999999999999995,37.5,0.0,3.0,2.4
Kacper Urbański,Monza,0.06,0.07,0.24,12.87,0.72,87.57,1.67,30.0,0.0,4.65,1.55
Michel Adopo,Cagliari,0.04,0.05,0.15,7.78,0.71,83.9,3.0599999999999996,54.72,0.0,5.03,1.08
Ivan Ilić,Torino,0.09,0.09,0.39,11.34,0.59,86.71,0.98,22.22,0.0,2.74,1.07
Fabiano Parisi,Fiorentina,0.04,0.08,0.4,6.88,0.81,80.1,3.57,41.94,0.0,5.18,1.38
Jürgen Ekkelenkamp,Udinese,0.13,0.06,0.43,7.29,0.47,81.03,2.27,54.55,0.0,3.88,1.37
Jesper Karlström,Udinese,0.02,0.04,0.06,7.25,0.17,83.79,2.71,50.79,0.0,4.12,1.19
Daniel Maldini,Atalanta,0.41,0.08,1.09,6.7,2.06,72.52,1.26,49.21,0.0,3.44,1.03
Niccolò Pisilli,AS Roma,0.19,0.07,0.59,10.65,0.37,85.25,2.5700000000000003,12.5,0.0,4.26,1.4
Yannick Engelhardt,Como,0.04,0.1,0.15,7.9,0.68,88.97,3.1199999999999997,55.0,0.0,4.71,1.59
Giuseppe Pezzella,Empoli,0.02,0.14,0.09,4.58,0.53,72.75,2.1799999999999997,65.45,0.0,2.74,1.53
Michael Folorunsho,Fiorentina,0.16,0.07,0.39,7.09,1.18,75.55,3.5500000000000003,60.61,0.0,4.07,2.23
Fisayo Dele-Bashiru,Lazio,0.1,0.07,0.47,8.03,1.32,89.46,1.3199999999999998,18.75,0.0,4.53,0.76
Luka Jović,AC Milan,0.38,0.16,0.63,6.02,0.63,82.48,0.16,52.63,0.0,1.43,0.63
Lorenzo De Silvestri,Bologna,0.08,0.03,0.34,5.49,0.08,80.23,1.78,44.83,0.0,2.2,1.44
Luca Marianucci,Empoli,0.04,0.02,0.17,3.46,0.42,78.75,3.96,45.16,0.0,3.62,0.93
Benjamín Domínguez,Bologna,0.15,0.06,1.17,8.66,1.92,80.85,1.51,8.7,0.0,4.26,0.69
Dennis Man,Parma,0.26,0.12,0.9,12.7,1.12,81.53,0.94,34.62,0.0,3.23,0.36
Magnus Andersen,Venezia,0.04,0.08,0.26,7.02,0.26,82.35,2.4699999999999998,53.33,0.0,4.03,0.91
Devis Vásquez,Empoli,0.0,0.0,0.0,1.38,0.03,56.56,0.0,90.0,0.0,8.03,0.03
Alfred Duncan,Venezia,0.07,0.1,0.38,10.89,1.22,82.98,2.35,52.63,0.0,4.88,2.06
Adam Marušić,Lazio,0.08,0.02,0.38,7.04,0.38,87.8,1.85,54.39,0.0,3.19,0.77
Liam Henderson,Empoli,0.02,0.11,0.12,7.06,0.23,78.41,2.19,44.44,0.0,3.42,3.19
Leonardo Pavoletti,Cagliari,0.53,0.14,1.39,8.16,0.0,58.6,0.2,51.38,0.0,1.79,4.98
Valentino Lazaro,Torino,0.04,0.13,0.08,8.26,0.54,81.64,1.44,40.48,0.0,3.64,1.16
Gianluca Gaetano,Cagliari,0.44,0.21,0.54,10.5,1.26,75.15,1.53,33.33,0.0,3.05,1.44
Mehdi Taremi,Inter,0.2942,0.12,0.77,8.71,0.66,81.42,0.77,43.18,0.0,3.2,0.99
Marin Šverko,Venezia,0.03,0.03,0.08,4.42,0.48,85.77,2.9000000000000004,50.0,0.0,3.54,0.72
Stefano Sabelli,Genoa,0.01,0.07,0.04,6.13,0.17,70.96,3.48,40.91,0.0,4.0,1.09
Matteo Pessina,Monza,0.02,0.02,0.0,7.99,0.53,87.76,2.84,55.56,0.0,6.1,0.53
Alessandro Deiola,Cagliari,0.11,0.04,0.37,6.1,0.19,75.4,2.74,56.72,0.0,4.23,1.99
Samuel Iling Junior,Bologna,0.1,0.14,0.69,20.61,2.06,77.92,3.43,0.0,0.0,5.5,1.37
Ylber Ramadani,Lecce,0.03,0.02,0.3,5.24,0.64,83.01,3.71,36.59,0.0,5.79,0.89
Youssef Maleh,Empoli,0.05,0.03,0.18,7.55,0.24,73.83,3.63,35.71,0.0,5.71,1.9
Tammy Abraham,AC Milan,0.42300000000000004,0.1,0.99,4.64,0.3,69.55,1.44,50.68,0.0,0.91,1.75
Tijjani Noslin,Lazio,0.2,0.11,0.6,6.35,0.81,77.83,0.7,46.55,0.0,2.22,2.12
Cheikh Niasse,Hellas Verona,0.05,0.03,0.12,6.54,0.12,80.93,4.16,48.78,0.0,3.09,1.31
Amin Sarr,Hellas Verona,0.16,0.05,0.33,6.48,0.66,70.89,1.17,41.25,0.0,1.97,2.21
Darko Lazović,Hellas Verona,0.10319999999999999,0.11,0.25,5.21,0.43,67.02,1.96,40.91,0.0,3.62,0.55
Florinel Coman,Cagliari,0.08,0.02,0.35,10.51,0.7,83.75,2.1,66.67,0.0,4.2,2.8
Honest Ahanor,Genoa,0.21,0.02,0.33,2.0,0.0,69.35,2.66,62.5,0.0,4.67,0.67
Thijs Dallinga,Bologna,0.33,0.05,0.85,6.89,0.15,72.41,0.85,52.5,0.0,2.71,1.86
Domagoj Bradarić,Hellas Verona,0.04,0.1,0.18,5.59,0.69,75.88,2.3499999999999996,43.24,0.0,3.7,0.97
Alessandro Vogliacco,Parma,0.09,0.02,0.18,4.48,0.06,87.18,1.94,57.69,0.0,2.66,1.33
Ridgeciano Haps,Venezia,0.08,0.05,0.2,5.23,0.33,80.67,2.42,50.0,0.0,3.53,0.92
Abdou Harroui,Hellas Verona,0.42,0.11,0.78,9.35,1.17,82.01,2.14,53.33,0.0,4.29,1.95
Marin Pongračić,Fiorentina,0.0,0.02,0.07,4.63,0.6,89.19,2.02,70.27,0.0,4.9,1.75
Andrea Belotti,Como,0.37,0.02,0.44,4.71,0.29,78.26,1.18,42.55,0.0,2.5,1.33
Santiago Giménez,AC Milan,0.5386,0.06,1.33,3.99,0.93,80.85,0.8,38.89,0.0,1.86,1.46
Marco Brescianini,Atalanta,0.28,0.07,0.71,11.05,0.71,82.58,1.78,54.55,0.0,4.46,1.96
Liberato Cacace,Empoli,0.1,0.06,0.36,6.49,0.56,74.49,2.38,45.16,0.0,3.95,1.09
Edoardo Goldaniga,Como,0.07,0.01,0.18,4.32,0.11,87.95,2.37,59.34,0.0,2.62,1.56
Sebastian Walukiewicz,Torino,0.02,0.03,0.05,7.11,0.29,83.14,2.83,41.79,0.0,2.82,1.61
Zito Luvumbo,Cagliari,0.12,0.12,0.22,4.35,1.39,72.53,0.78,26.09,0.0,2.79,2.12
Anas Haj Mohamed,Parma,0.13,0.13,0.59,10.88,0.79,79.86,1.38,53.85,0.0,2.97,1.19
Thomas Kristensen,Udinese,0.05,0.03,0.05,5.08,0.51,80.58,2.6500000000000004,64.21,0.0,3.2,1.58
Marco Palestra,Atalanta,0.0,0.21,0.0,9.5,1.65,83.33,3.31,50.0,0.0,2.89,0.41
Alberto Moreno,Como,0.02,0.08,0.31,8.79,0.16,84.85,2.01,35.48,0.0,3.83,0.88
Lassana Coulibaly,Lecce,0.03,0.02,0.1,5.07,0.6,82.45,2.21,42.47,0.0,4.91,1.31
Junior Messias,Genoa,0.1642,0.07,0.63,6.87,1.06,68.29,2.0,34.15,0.0,4.12,0.85
Rui Modesto,Udinese,0.07,0.07,0.29,10.0,0.44,77.19,3.5300000000000002,41.67,0.0,3.82,1.47
Odilon Kossounou,Atalanta,0.04,0.02,0.32,8.0,0.4,88.74,2.3200000000000003,54.76,0.0,4.96,1.2
Nicolò Zaniolo,Fiorentina,0.2,0.11,1.03,9.0,1.54,81.93,0.52,31.82,0.0,2.83,2.57
Amir Richardson,Fiorentina,0.07,0.05,0.42,11.86,0.92,88.14,3.0,54.29,0.0,4.26,2.59
Nahuel Estévez,Parma,0.01,0.07,0.14,6.64,0.41,78.98,2.58,82.35,0.0,3.8,1.22
Martin Frese,Hellas Verona,0.01,0.03,0.0,5.39,0.0,74.18,4.25,50.0,0.0,2.29,1.47
Vitinha,Genoa,0.11,0.14,0.4,4.04,1.48,64.18,2.3600000000000003,51.67,0.0,3.57,1.55
Federico Ravaglia,Bologna,0.0,0.0,0.0,1.54,0.17,76.17,0.0,100.0,0.0,6.82,0.0
Arthur Atta,Udinese,0.1,0.1,0.51,11.2,1.95,82.38,1.95,41.18,0.0,4.12,1.16
Mandela Keita,Parma,0.01,0.04,0.2,6.45,0.84,90.52,3.2,53.33,0.0,4.63,1.38
Gaetano Oristanio,Venezia,0.17,0.08,0.46,6.48,2.12,77.31,0.89,28.3,0.0,3.24,1.93
Giovanni Leoni,Parma,0.02,0.0,0.07,2.17,0.22,88.69,2.17,62.96,0.0,2.54,0.82
Santiago Pierotti,Lecce,0.14,0.06,0.32,5.18,1.02,73.28,2.78,43.48,0.0,5.13,2.54
Omari Forson,Monza,0.09,0.13,0.41,17.03,2.43,86.14,1.63,0.0,0.0,4.46,0.81
Alessandro Gabrielloni,Como,0.16,0.08,1.04,8.84,0.0,57.45,0.0,21.43,0.0,6.24,3.12
Luca Caldirola,Monza,0.03,0.02,0.21,3.6,0.1,90.52,2.26,51.85,0.0,1.95,1.85
Yunus Musah,AC Milan,0.11,0.08,0.28,10.36,1.2,88.94,1.94,33.33,0.0,3.42,2.05
Adam Obert,Cagliari,0.08,0.02,0.17,5.77,0.42,77.03,4.51,53.19,0.0,4.93,1.84
Philip Billing,SSC Napoli,0.69,0.08,1.34,9.4,0.45,79.59,5.82,52.38,0.0,3.58,4.48
Lorenzo Anghelè,Juventus,0.0,0.0,0.0,10.0,10.0,100.0,0.0,0.0,0.0,0.0,0.0
Tommaso Rubino,Fiorentina,0.0,0.97,0.0,0.0,0.0,33.33,0.0,0.0,0.0,13.85,6.92
Daniele Sommariva,Genoa,0.0,0.0,0.0,3.33,0.0,33.33,0.0,100.0,0.0,3.33,0.0
Andrea Mazza,Monza,0.0,0.0,0.0,0.0,0.0,83.33,0.0,0.0,0.0,9.0,0.0
Oussama El Azzouzi,Bologna,0.0,0.04,0.0,17.14,0.0,94.44,8.57,0.0,0.0,4.29,0.0
Alessio Cacciamani,Torino,0.0,0.06,0.0,12.41,3.1,100.0,3.1,50.0,0.0,3.1,0.0
Federico Cassa,Atalanta,0.0,0.0,0.0,15.65,0.0,83.33,0.0,0.0,0.0,3.91,7.83
Daniele Baselli,Como,0.0,0.0,0.0,11.74,0.0,88.89,3.91,0.0,0.0,0.0,0.0
Arvid Brorsson,Monza,0.0,0.0,0.0,2.71,0.25,91.02,1.48,57.14,0.0,3.45,0.25
Alberto Manzoni,Atalanta,0.39,0.06,0.0,25.71,0.0,91.67,0.0,100.0,0.0,0.0,6.43
Roberto Piccoli,Cagliari,0.3266,0.01,0.89,3.24,0.4,67.73,0.45999999999999996,40.89,0.0,1.55,1.72
Pontus Almqvist,Parma,0.17,0.07,0.8,6.75,1.61,75.36,2.9000000000000004,36.0,0.0,3.21,1.21
Matteo Cancellieri,Parma,0.17,0.04,0.44,4.63,1.75,70.59,2.44,50.0,0.0,3.44,1.63
Grigoris Kastanos,Hellas Verona,0.1,0.1,0.52,8.21,0.0,73.13,3.12,45.45,0.0,4.99,1.56
Warren Bondo,AC Milan,0.02,0.03,0.1,6.1,1.06,89.96,2.27,43.75,0.0,5.19,1.61
Balthazar Pierret,Lecce,0.01,0.03,0.0,6.99,0.68,84.55,3.6500000000000004,45.31,0.0,4.85,1.77
Alieu Njie,Torino,0.32,0.07,1.17,5.38,1.64,69.88,1.17,41.94,0.0,2.81,2.81
Alessandro Zanoli,Genoa,0.02,0.06,0.16,4.31,1.05,71.93,2.15,51.28,0.0,3.15,0.89
Fellipe Jack,Como,0.0,0.03,0.0,4.76,0.0,79.57,6.88,50.0,0.0,2.12,2.65
Pietro Pellegri,Empoli,0.06,0.04,0.87,4.14,1.09,72.46,1.53,12.0,0.0,3.27,2.18
Giorgio Scalvini,Atalanta,0.03,0.02,0.0,9.56,1.65,84.54,3.96,57.14,0.0,4.29,2.31
Drissa Camara,Parma,0.25,0.09,1.01,11.15,3.45,75.86,2.43,28.57,0.0,5.88,3.45
Tommaso Baldanzi,AS Roma,0.15,0.09,0.42,13.69,1.8,85.17,1.9100000000000001,25.0,0.0,5.09,0.74
Emmanuel Gyasi,Empoli,0.11,0.05,0.22,4.66,0.56,75.53,1.76,38.39,0.0,3.77,1.56
Antonio Sanabria,Torino,0.1454,0.05,0.27,4.47,0.41,78.57,0.27,30.95,0.0,1.62,1.08
Kevin Martins,Monza,0.0,0.09,0.0,4.57,1.83,73.33,2.7399999999999998,66.67,0.0,5.48,1.37
Lior Kasa,Genoa,0.45,0.03,0.77,6.13,0.38,85.71,2.6799999999999997,25.0,0.0,5.36,1.53
Jordan Zemura,Udinese,0.07,0.09,0.19,6.61,1.27,78.71,2.99,28.57,0.0,3.82,1.4
Jackson Tchatchoua,Hellas Verona,0.05,0.09,0.09,4.91,0.6,79.14,1.8199999999999998,46.97,0.0,3.44,0.74
Ante Rebić,Lecce,0.25,0.14,0.56,8.67,0.9,65.4,1.58,42.19,0.0,3.72,2.14
Giangiacomo Magnani,Hellas Verona,0.1,0.0,0.17,2.35,0.08,81.56,3.11,62.5,0.0,3.19,0.67
Caleb Ekuban,Genoa,0.42,0.03,0.99,5.47,0.5,68.93,0.67,38.71,0.0,3.31,2.49
Jeff Ekhator,Genoa,0.16,0.07,0.34,5.37,0.46,71.52,1.03,33.33,0.0,3.66,1.72
Tomás Palacios,Monza,0.01,0.01,0.0,6.33,1.58,89.54,3.96,60.0,0.0,6.13,0.4
Antoine Bernede,Hellas Verona,0.12,0.06,0.3,9.03,0.3,76.0,3.01,42.86,0.0,5.72,2.41
John Yeboah,Venezia,0.21,0.11,0.73,9.14,1.75,77.47,0.73,37.5,0.0,3.29,1.02
Daniel Fila,Venezia,0.26,0.06,1.08,5.22,0.36,77.78,0.36,25.93,0.0,1.62,2.34
Marco Silvestri,Empoli,0.0,0.0,0.0,1.8,0.0,59.09,0.0,100.0,0.0,6.2,0.0
Jonathan Ikoné,Como,0.28,0.1,1.04,10.0,1.56,82.64,2.18,36.36,0.0,3.85,0.63
Cheick Oumar Condé,Venezia,0.01,0.03,0.0,7.59,1.08,66.67,5.42,70.0,0.0,7.05,2.71
Simone Pafundi,Udinese,0.06,0.27,0.8,13.54,0.8,86.89,2.39,0.0,0.0,2.39,0.8
Oier Zarraga,Udinese,0.04,0.06,0.1,6.83,0.2,87.5,2.11,35.29,0.0,2.51,1.21
Pasquale Mazzocchi,SSC Napoli,0.03,0.07,0.12,7.1,1.22,83.97,2.45,38.46,0.0,3.8,1.1
Karol Linetty,Torino,0.06,0.05,0.23,5.6,0.4,85.15,2.94,39.13,0.0,3.64,2.25
Junior Sambia,Empoli,0.09,0.07,0.23,7.31,1.6,72.17,3.66,43.75,0.0,4.11,1.37
Antoine Makoumbou,Cagliari,0.01,0.04,0.04,8.28,0.42,89.33,2.46,18.18,0.0,4.53,1.12
Ismael Konate,Empoli,0.13,0.01,1.32,4.63,1.32,46.88,2.65,38.46,0.0,1.99,3.31
Marco Sportiello,AC Milan,0.0,0.0,0.0,1.44,0.0,82.69,0.0,0.0,0.0,7.92,0.0
Tyronne Ebuehi,Empoli,0.0,0.07,0.0,13.38,1.22,64.29,6.08,60.0,0.0,7.3,0.0
Cyril Ngonge,SSC Napoli,0.26,0.09,2.27,10.21,2.65,86.84,3.79,40.0,0.0,3.03,3.03
Cher Ndour,Fiorentina,0.03,0.03,0.0,10.84,0.44,82.87,1.32,51.72,0.0,4.42,1.33
Franco Carboni,Venezia,0.01,0.06,0.0,4.74,0.79,71.62,1.97,40.0,0.0,5.13,1.18
Dario D'Ambrosio,Monza,0.05,0.03,0.33,4.36,0.16,88.26,3.53,41.03,0.0,3.78,1.48
Francesco Camarda,AC Milan,0.24,0.09,0.42,3.36,0.84,86.05,2.1,46.15,0.0,2.52,3.36
Morten Thorsby,Genoa,0.13,0.06,0.33,6.48,0.43,67.63,2.5599999999999996,50.95,0.0,2.41,2.51
Bjarki Bjarkason,Venezia,0.0,0.08,0.0,11.58,0.53,89.47,2.63,0.0,0.0,4.74,1.05
Pepe Reina,Como,0.0,0.0,0.0,0.52,0.0,73.68,0.0,100.0,0.0,7.22,0.09
Patric,Lazio,0.16,0.01,0.15,4.62,0.0,89.2,1.79,53.33,0.0,4.32,0.75
Simone Verdi,Como,0.08,0.4,1.44,6.48,1.44,59.09,1.44,0.0,0.0,3.6,0.72
Rémi Oudin,Lecce,0.04,0.32,0.29,7.01,0.88,77.19,1.46,50.0,0.0,5.26,0.58
Reda Belahyane,Lazio,0.01,0.03,0.1,7.35,1.75,84.92,2.68,31.82,0.0,5.94,1.7
Noah Okafor,SSC Napoli,0.27,0.17,1.34,6.91,2.69,80.0,1.3399999999999999,36.36,0.0,2.11,1.54
Gianluca Lapadula,Cagliari,0.41,0.07,0.88,5.59,0.59,63.33,0.59,57.89,0.0,1.47,2.65
Mohamed Kaba,Lecce,0.07,0.01,0.0,6.77,0.4,80.7,3.3899999999999997,42.86,0.0,3.78,1.19
Alessandro Marcandalli,Venezia,0.06,0.01,0.22,3.13,0.0,73.29,2.46,53.85,0.0,4.24,2.01
Emil Bohinen,Genoa,0.05,0.02,0.0,7.64,0.0,80.23,2.7300000000000004,75.0,0.0,4.91,1.64
Gaby Jean,Lecce,0.0,0.01,0.06,2.66,0.13,84.53,1.49,61.76,0.0,3.57,0.97
Nadir Zortea,Cagliari,0.1,0.07,0.33,3.99,1.25,73.2,1.62,36.17,0.0,3.17,1.09
Alan Matturro,Genoa,0.02,0.03,0.3,1.9,0.3,79.81,2.5,48.48,0.0,2.59,1.0
Jesper Karlsson,Lecce,0.1542,0.06,0.79,7.2,0.9,77.06,0.45,23.08,0.0,2.25,1.13
Mattia Felici,Cagliari,0.06,0.07,0.59,8.68,1.85,72.84,2.34,41.18,0.0,4.97,1.76
Pedro Pereira,Monza,0.04,0.05,0.2,5.45,0.47,83.14,2.4699999999999998,40.3,0.0,2.94,1.61
Nicola Sansone,Lecce,0.28,0.08,1.27,6.34,0.0,88.89,0.0,0.0,0.0,1.27,0.0
Adrien Tameze,Torino,0.05,0.1,0.41,7.78,0.55,87.93,2.0500000000000003,57.89,0.0,3.41,1.09
Iker Bravo,Udinese,0.12,0.06,0.52,7.85,1.44,84.7,1.44,29.27,0.0,3.92,1.57
Mattia De Sciglio,Empoli,0.07,0.03,0.35,2.77,0.12,77.65,2.9899999999999998,75.0,0.0,3.11,0.92
Sergiu Perciun,Torino,0.03,0.32,0.61,6.69,1.22,65.96,1.83,0.0,0.0,6.08,1.82
Filippo Terracciano,AC Milan,0.03,0.01,0.16,4.91,0.0,89.69,2.45,66.67,0.0,3.44,1.8
Danilo Veiga,Lecce,0.15,0.05,0.0,6.0,1.44,70.09,2.88,31.25,0.0,4.56,1.44
Jean Daniel Akpa-Akpro,Monza,0.03,0.02,0.19,5.1,1.11,80.62,3.9899999999999998,40.74,0.0,5.01,2.23
Federico Barba,Como,0.04,0.01,0.21,4.94,0.0,89.29,1.23,38.46,0.0,3.91,0.62
Saba Goglichidze,Empoli,0.01,0.01,0.0,2.51,0.14,78.38,3.4299999999999997,37.5,0.0,3.82,0.92
Kevin Zeroli,Monza,0.16,0.01,0.22,4.0,0.0,77.67,2.0,55.56,0.0,3.56,1.11
N'Dri Konan,Lecce,0.15,0.03,0.58,6.9,2.01,79.63,1.15,25.0,0.0,2.01,2.01
Christian Gytkjær,Venezia,0.20639999999999997,0.03,0.7,3.4,0.12,56.13,0.7,29.63,0.0,1.76,1.29
Francesco Zampano,Venezia,0.06,0.04,0.22,5.24,0.44,76.96,2.02,37.93,0.0,4.21,1.31
Woyo Coulibaly,Parma,0.01,0.07,0.0,7.71,0.66,88.37,1.7400000000000002,50.0,0.0,4.98,1.0
Walid Cheddira,SSC Napoli,0.0,0.0,0.0,16.36,0.0,66.67,0.0,0.0,0.0,0.0,0.0
Filip Marchwiński,Lecce,0.0,0.0,0.0,6.43,0.0,80.0,0.0,0.0,0.0,6.43,0.0
Mitchel Bakker,Atalanta,0.0,0.04,0.0,8.57,0.0,87.5,4.29,50.0,0.0,8.57,4.29
Luka Topalović,Inter,0.0,0.0,0.0,9.0,0.0,62.5,9.0,0.0,0.0,0.0,0.0
Ben Godfrey,Atalanta,0.0,0.0,0.0,8.18,0.0,77.78,0.0,0.0,0.0,8.18,4.09
Nunzio Lella,Venezia,0.0,0.0,0.0,0.0,0.0,100.0,0.0,0.0,0.0,0.0,11.25
Gastón Pereiro,Genoa,0.0,0.06,0.0,21.72,0.0,78.57,3.1,50.0,0.0,0.0,0.0
Jacopo Bacci,Empoli,0.0,0.03,0.0,3.1,0.0,60.0,6.2,100.0,0.0,0.0,0.0
Vanja Vlahović,Atalanta,0.25,0.14,1.58,4.74,0.0,66.67,1.58,0.0,0.0,0.0,0.0
Lucas Gourna-Douath,AS Roma,0.06,0.03,0.0,10.35,0.8,92.86,3.58,0.0,0.0,3.19,3.58
Viktor Kovalenko,Empoli,0.12,0.01,1.15,6.92,1.15,72.22,2.31,50.0,0.0,3.46,2.31
Tommaso Gabellini,Torino,0.5,0.0,0.0,10.0,0.0,50.0,0.0,0.0,0.0,10.0,0.0
Vasilije Adžić,Juventus,0.05,0.05,1.8,12.6,0.0,75.0,3.6,40.0,0.0,5.4,1.8
Nicolas Haas,Empoli,0.0,0.01,0.0,5.57,0.0,82.35,4.64,37.5,0.0,5.88,3.4
Ola Solbakken,Empoli,0.09,0.04,0.35,6.6,0.82,73.02,1.06,31.03,0.0,2.24,0.94
Lameck Banda,Lecce,0.18,0.12,0.59,4.88,1.48,84.96,1.48,13.33,0.0,4.43,1.48
Giovanni Simeone,SSC Napoli,0.53,0.06,0.61,6.14,1.23,71.82,0.61,20.45,0.0,5.11,1.43
Mirko Marić,Venezia,0.17,0.05,0.19,6.62,0.57,73.29,1.7000000000000002,35.85,0.0,2.84,0.95
Domen Črnigoj,Venezia,0.07,0.01,0.0,2.54,0.0,54.35,5.08,28.57,0.0,5.07,1.27
Alexis Sánchez,Udinese,0.16,0.06,0.0,11.48,0.82,80.52,1.44,14.29,0.0,3.49,0.82
Gaetano Castrovilli,Monza,0.05,0.08,0.0,7.94,0.71,82.15,2.61,14.29,0.0,4.15,1.42
Issa Doumbia,Venezia,0.1,0.02,0.48,5.91,1.05,78.6,2.19,46.15,0.0,4.29,1.72
Loum Tchaouna,Lazio,0.34,0.1,1.1,8.68,0.69,76.3,1.6500000000000001,15.63,0.0,2.48,1.38
Flavius Daniliuc,Hellas Verona,0.01,0.01,0.18,4.39,0.36,84.05,2.96,52.78,0.0,3.94,1.08
James Abankwah,Udinese,0.06,0.0,0.0,4.04,0.0,78.26,5.05,50.0,0.0,7.08,4.04
Mathis Lambourde,Hellas Verona,0.13,0.1,0.87,2.6,0.87,57.14,2.6,33.33,0.0,2.6,3.46
Giovanni Fabbian,Bologna,0.21,0.05,0.44,4.4,0.18,75.38,1.06,34.55,0.0,2.73,1.85
Faride Alidou,Hellas Verona,0.01,0.03,0.0,7.94,2.65,88.24,1.32,100.0,0.0,0.0,1.32
Dani Silva,Hellas Verona,0.01,0.02,0.21,5.93,0.21,85.46,2.12,63.64,0.0,7.62,0.85
Mateusz Wieteska,Cagliari,0.1,0.08,0.0,1.98,0.0,86.32,3.95,22.22,0.0,5.44,1.98
Mario Balotelli,Genoa,0.07,0.0,0.0,1.34,0.0,36.36,0.0,50.0,0.0,1.34,2.69
Silvère Ganvoula,Monza,0.09,0.01,0.28,2.49,0.55,61.67,0.28,57.14,0.0,1.66,1.11
Dailon Rocha Livramento,Hellas Verona,0.17,0.08,0.38,5.29,0.57,59.63,1.7,38.37,0.0,1.98,1.98
Oliver Provstgaard,Lazio,0.0,0.0,0.0,8.18,0.0,88.24,2.73,0.0,0.0,2.73,5.45
Wylan Cyprien,Parma,0.69,0.55,0.0,24.23,0.0,70.0,3.46,0.0,0.0,20.77,0.0
Valentin Gendrey,Lecce,0.09,0.03,0.0,3.5,0.0,84.21,2.0,20.0,0.0,1.5,0.5
Joel Schingtienne,Venezia,0.0,0.01,0.0,3.93,0.4,86.22,3.29,22.22,0.0,3.93,0.56
Daniel Oyegoke,Hellas Verona,0.02,0.01,0.0,6.55,1.64,81.48,2.46,0.0,0.0,4.09,1.64
Jean Onana,Genoa,0.01,0.02,0.0,6.04,0.6,81.2,4.83,37.5,0.0,3.93,3.62
Andrea Petagna,Monza,0.05,0.02,0.0,2.7,0.54,65.22,0.81,29.17,0.0,1.89,1.62
Yann Karamoh,Torino,0.1,0.09,0.51,6.12,1.02,72.73,0.69,35.71,0.0,3.57,1.02
Tajon Buchanan,Inter,0.0,0.06,0.0,5.74,2.87,87.5,2.87,100.0,0.0,5.74,1.91
Kingstone Mutandwa,Cagliari,0.25,0.01,0.0,3.54,0.71,73.08,0.0,42.86,0.0,4.25,4.96
Richie Sagrado,Venezia,0.03,0.01,0.0,4.41,0.0,81.48,3.15,100.0,0.0,3.78,1.26
Alessio Iovine,Como,0.0,0.05,0.0,4.35,0.23,76.65,1.8399999999999999,30.0,0.0,3.66,1.15
Brooke Norton-Cuffy,Genoa,0.03,0.02,0.25,3.62,0.87,79.91,1.87,42.86,0.0,3.25,0.87
Adrian Benedyczak,Parma,0.11,0.01,0.0,4.23,0.0,68.63,0.0,42.86,0.0,1.27,1.69
Antonio Candela,Venezia,0.03,0.05,0.0,5.07,0.53,77.95,3.4699999999999998,51.85,0.0,3.38,1.25
Marcus Pedersen,Torino,0.04,0.02,0.2,4.58,0.46,77.93,1.7,24.0,0.0,2.81,1.05
Samuele Vignato,Monza,0.05,0.05,0.19,9.25,0.77,82.24,1.16,26.32,0.0,2.31,0.58
Emmanuel Ekong,Empoli,0.05,0.04,0.48,6.7,3.35,67.44,2.3899999999999997,22.22,0.0,4.79,1.44
Davide Faraoni,Hellas Verona,0.07,0.04,0.0,4.79,0.0,73.53,4.1,10.0,0.0,3.08,2.4
Roberto Gagliardini,Monza,0.0,0.01,0.0,9.2,0.51,86.99,2.55,45.45,0.0,3.07,3.07
Antonio Raimondo,Venezia,0.25,0.12,0.78,5.43,0.0,66.67,1.55,14.29,0.0,3.1,1.55
Matteo Prati,Cagliari,0.02,0.07,0.0,5.6,0.47,72.54,2.64,12.5,0.0,3.73,1.24
Anass Salah-Eddine,AS Roma,0.19,0.04,0.59,11.18,0.0,86.42,1.18,0.0,0.0,3.53,1.18
Francesco Caputo,Empoli,0.0,0.0,0.0,0.0,0.0,100.0,0.0,0.0,0.0,9.0,0.0
Bob Murphy Omoregbe,AC Milan,0.0,0.2,0.0,10.0,0.0,100.0,0.0,0.0,0.0,0.0,10.0
Federico Accornero,Genoa,0.0,0.0,0.0,9.0,0.0,80.0,0.0,0.0,0.0,9.0,0.0
Junior Ajayi,Hellas Verona,0.0,0.0,0.0,0.0,0.0,100.0,0.0,0.0,0.0,8.18,8.18
Andy Pelmard,Lecce,0.0,0.01,0.0,2.01,0.67,80.77,4.03,0.0,0.0,2.69,1.34
Mattia Valoti,Monza,0.0,0.0,0.0,1.88,0.0,63.16,5.63,0.0,0.0,5.63,3.75
Emil Audero,Como,0.0,0.0,0.0,0.25,0.0,80.27,0.0,66.67,0.0,6.13,0.0
Mathias Løvik,Parma,0.09,0.01,0.0,5.14,1.71,80.95,2.57,50.0,0.0,1.71,1.71
Nicholas Pierini,Venezia,0.03,0.11,0.0,4.39,0.0,82.35,0.0,25.0,0.0,2.2,1.1
Paweł Dawidowicz,Hellas Verona,0.01,0.01,0.0,3.55,0.1,83.42,3.16,52.38,0.0,2.62,1.75
Souleymane Isaak Touré,Udinese,0.05,0.03,0.24,6.24,0.61,92.55,1.96,53.85,0.0,2.81,1.83
Mario Hermoso,AS Roma,0.02,0.02,0.0,9.18,0.71,90.67,2.12,37.5,0.0,3.88,2.47
Szymon Żurkowski,Empoli,0.09,0.02,0.0,2.57,1.71,81.82,6.0,0.0,0.0,8.57,1.71
Ali Dembélé,Torino,0.08,0.02,0.45,5.15,0.45,78.36,2.23,29.41,0.0,3.36,2.01
Marco Sala,Lecce,0.0,0.07,0.0,7.99,0.27,78.62,2.93,20.0,0.0,3.2,1.6
David Ankeye,Genoa,0.0,0.04,0.0,1.88,1.88,85.71,0.0,0.0,0.0,0.0,5.63
Ben Lhassine Kone,Como,0.03,0.07,0.0,8.49,1.7,95.83,5.1,0.0,0.0,11.89,1.7
Filippo Melegoni,Genoa,0.04,0.25,0.0,2.07,1.03,58.33,1.03,100.0,0.0,2.07,0.0
Saad El Haddad,Venezia,0.0,0.03,0.0,5.45,0.0,76.92,0.0,0.0,0.0,2.73,2.73
Yordan Osorio,Parma,0.01,0.06,0.0,2.09,0.0,88.03,4.71,66.67,0.0,3.14,2.62
Damián Pizarro,Udinese,0.0,0.0,0.0,0.0,0.0,66.67,0.0,0.0,0.0,0.0,0.0
Davide Bartesaghi,AC Milan,0.01,0.15,0.73,10.24,0.0,95.08,5.130000000000001,100.0,0.0,1.46,0.73
Kevin Bonifazi,Lecce,0.0,0.0,0.0,2.69,1.34,88.1,4.03,50.0,0.0,9.4,0.0
Rareș Burnete,Lecce,0.21,0.0,0.0,0.0,2.57,63.64,0.0,0.0,0.0,7.71,5.14
Petar Stojanović,Empoli,0.0,0.0,0.0,0.0,0.0,33.33,0.0,0.0,0.0,10.0,0.0
Diego Pugno,Juventus,0.0,0.0,0.0,9.0,0.0,100.0,0.0,0.0,0.0,9.0,0.0
Ali Jasim,Como,0.0,0.0,0.0,20.0,0.0,87.5,10.0,100.0,0.0,10.0,10.0
Samuel Dahl,AS Roma,0.0,0.11,0.0,24.15,0.0,88.46,4.39,0.0,0.0,2.2,4.39
Stefan Leković,Monza,0.03,0.01,0.0,5.44,0.49,86.02,3.96,53.85,0.0,4.45,1.24
Jonas Rouhi,Juventus,0.0,0.01,0.0,6.92,0.87,78.83,3.0300000000000002,0.0,0.0,6.49,1.73
Alberto Cerri,Como,1.06,0.06,1.05,6.28,0.0,65.22,0.0,50.0,0.0,3.14,3.14
Jacopo Seghetti,Empoli,0.0,0.0,0.0,0.0,0.0,56.25,0.0,0.0,0.0,5.0,0.0
Maat Daniel Caprini,Fiorentina,0.0,0.0,0.0,12.0,0.0,83.33,0.0,0.0,0.0,12.0,0.0
Thomas Campaniello,Empoli,2.06,0.0,0.0,9.64,0.0,64.29,0.0,25.0,0.0,0.0,0.0
Arijon Ibrahimović,Lazio,0.65,0.0,0.0,8.18,0.0,75.0,0.0,0.0,0.0,0.0,0.0
Matthias Braunöder,Como,0.03,0.01,0.0,6.77,0.32,87.67,3.88,20.0,0.0,2.58,3.23
Saba Sazonov,Empoli,0.0,0.0,0.0,0.0,0.0,0.0,0.0,0.0,0.0,0.0,0.0
Mateusz Kowalski,Parma,0.68,0.02,0.0,6.32,0.0,66.67,0.0,0.0,0.0,0.0,1.58
Dele Alli,Como,0.0,0.0,0.0,0.0,0.0,100.0,0.0,0.0,0.0,0.0,9.0
Sebastian Otoa,Genoa,0.0,0.01,0.0,0.5,0.0,87.3,2.0,66.67,0.0,2.5,2.5
Alessandro Florenzi,AC Milan,0.0,0.0,0.0,22.5,0.0,100.0,0.0,0.0,0.0,0.0,0.0
Aaron Ciammaglichella,Torino,0.0,0.0,0.0,0.0,0.0,0.0,0.0,0.0,0.0,0.0,0.0
Oliver Abildgaard,Como,0.0,0.0,0.0,0.0,0.0,100.0,0.0,0.0,0.0,0.0,0.0
Yllan Okou,Hellas Verona,0.0,0.0,0.0,0.0,0.0,0.0,0.0,0.0,0.0,0.0,0.0
Lorenzo Tosto,Empoli,0.0,0.0,0.0,0.0,0.0,100.0,0.0,0.0,0.0,0.0,0.0
Nicola Pintus,Cagliari,0.0,0.0,0.0,0.0,0.0,100.0,0.0,0.0,0.0,0.0,0.0
